layer= 0
nparam= 660
hop_ls= [(1, 5), (1, 8), (1, 9), (1, 13), (5, 8), (5, 9), (5, 13), (8, 9), (8, 13), (9, 13)]

layer= 1
nparam= 144
hop_ls= [(9, 14), (1, 6), (2, 5), (2, 8), (2, 14), (13, 14), (6, 8), (6, 14), (5, 6), (8, 14), (1, 2), (1, 14), (2, 13), (6, 13), (5, 14), (2, 9), (2, 6), (6, 9)]

layer= 2
nparam= 152
hop_ls= [(6, 12), (4, 9), (4, 6), (4, 12), (12, 13), (0, 2), (5, 10), (0, 5), (8, 12), (0, 8), (0, 14), (10, 12), (1, 12), (4, 5), (4, 8), (4, 14), (5, 12), (0, 1), (9, 10), (2, 4), (0, 4), (0, 10), (0, 13), (2, 10), (10, 14), (6, 10), (12, 14), (4, 10), (4, 13), (9, 12), (0, 9), (8, 10), (1, 4), (0, 6), (0, 12), (2, 12), (1, 10), (10, 13)]

layer= 3
nparam= 48
hop_ls= [(6, 15), (3, 4), (3, 10), (5, 7), (4, 15), (3, 13), (9, 11), (11, 14), (1, 3), (2, 11), (8, 15), (0, 11), (10, 15), (1, 15), (6, 11), (7, 10), (7, 13), (3, 9), (12, 15), (3, 6), (3, 12), (4, 11), (14, 15), (8, 11), (0, 7), (5, 15), (10, 11), (2, 7), (1, 11), (11, 13), (7, 9), (6, 7), (7, 12), (4, 7), (3, 5), (3, 8), (3, 14), (5, 11), (0, 3), (9, 15), (2, 3), (11, 12), (1, 7), (0, 15), (2, 15), (13, 15), (7, 8), (7, 14)]

step= 0

nparam= 1004
ntotal configs= 4900
	dense amplitude time= 0.15504908561706543
	total non-zero amplitudes= 4900
	nsamples per process= 50
	sample time= 6.199902534484863
	self.n= 0.7891506777794606
	collect g,h time= 8.634287595748901
E=-11.343194114052825,dE=0,std=0
L=-11.343194114052825,dL=0,std=0
	gnorm= 0.8302016126650071
	symmetric= True
	solver time=0.255263090133667,exit status=0
	SR solver time= 0.25539159774780273
	symmetric= False
	niter= 40
	niter= 173
	solver time=0.47173500061035156,exit status=0
	RGN solver time= 0.4717891216278076
	xnorm=1.843714992658144,dnorm=3.1105476340976046
	dense amplitude time= 0.03384256362915039
	total non-zero amplitudes= 4900
	nsamples per process= 50
	sample time= 0.37191081047058105
	self.n= 0.8055265310939854
	RGN updated loss=-11.812812699613081,dloss=-0.4696185855602568
step= 1

nparam= 1004
	dense amplitude time= 0.06413388252258301
	total non-zero amplitudes= 4900
	nsamples per process= 50
	sample time= 1.6360235214233398
	self.n= 0.805526531093985
	collect g,h time= 3.2819461822509766
E=-11.812812699613081,dE=-0.4696185855602568,std=0
L=-11.812812699613081,dL=-0.4696185855602568,std=0
	gnorm= 0.2981964837248927
	symmetric= True
	solver time=0.03752756118774414,exit status=0
	SR solver time= 0.03758382797241211
	symmetric= False
	niter= 40
	niter= 182
	solver time=0.1307826042175293,exit status=0
	RGN solver time= 0.1308283805847168
	xnorm=3.0617723814091766,dnorm=1.5922015317624303
	dense amplitude time= 0.029382944107055664
	total non-zero amplitudes= 4900
	nsamples per process= 50
	sample time= 0.3704543113708496
	self.n= 0.8868363617918469
	RGN updated loss=-11.933148031807798,dloss=-0.12033533219471693
step= 2

nparam= 1004
	dense amplitude time= 0.06881237030029297
	total non-zero amplitudes= 4900
	nsamples per process= 50
	sample time= 1.609102487564087
	self.n= 0.8868363617918477
	collect g,h time= 3.210646390914917
E=-11.933148031807796,dE=-0.12033533219471515,std=0
L=-11.933148031807796,dL=-0.12033533219471515,std=0
	gnorm= 0.1372425822562307
	symmetric= True
	solver time=0.04133248329162598,exit status=0
	SR solver time= 0.04142642021179199
	symmetric= False
	niter= 42
	niter= 209
	solver time=0.1199958324432373,exit status=0
	RGN solver time= 0.12003660202026367
	xnorm=2.8415156546942413,dnorm=1.2267325663459636
	dense amplitude time= 0.031859397888183594
	total non-zero amplitudes= 4900
	nsamples per process= 50
	sample time= 0.37648916244506836
	self.n= 0.8604430996322678
	RGN updated loss=-11.95307101718564,dloss=-0.01992298537784265
step= 3

nparam= 1004
	dense amplitude time= 0.06096816062927246
	total non-zero amplitudes= 4900
	nsamples per process= 50
	sample time= 1.5958778858184814
	self.n= 0.8604430996322672
	collect g,h time= 3.1781578063964844
E=-11.953071017185641,dE=-0.019922985377844427,std=0
L=-11.953071017185641,dL=-0.019922985377844427,std=0
	gnorm= 0.1021400407739303
	symmetric= True
	solver time=0.028159141540527344,exit status=0
	SR solver time= 0.028211593627929688
	symmetric= False
	niter= 43
	niter= 211
	solver time=0.10992026329040527,exit status=0
	RGN solver time= 0.1099705696105957
	xnorm=3.0795585435150103,dnorm=0.8743874161642793
	dense amplitude time= 0.02624988555908203
	total non-zero amplitudes= 4900
	nsamples per process= 50
	sample time= 0.3683035373687744
	self.n= 0.8266014983807195
	RGN updated loss=-11.965179452625689,dloss=-0.012108435440048027
step= 4

nparam= 1004
	dense amplitude time= 0.05414414405822754
	total non-zero amplitudes= 4900
	nsamples per process= 50
	sample time= 1.5602891445159912
	self.n= 0.8266014983807191
	collect g,h time= 3.2366578578948975
E=-11.965179452625689,dE=-0.012108435440048027,std=0
L=-11.965179452625689,dL=-0.012108435440048027,std=0
	gnorm= 0.06462437550079678
	symmetric= True
	solver time=0.03090214729309082,exit status=0
	SR solver time= 0.030998706817626953
	symmetric= False
	niter= 42
	niter= 219
	solver time=0.0978548526763916,exit status=0
	RGN solver time= 0.09789609909057617
	xnorm=3.1655469948713777,dnorm=0.6788722685628635
	dense amplitude time= 0.034020185470581055
	total non-zero amplitudes= 4900
	nsamples per process= 50
	sample time= 0.3650200366973877
	self.n= 0.7754027812876795
	RGN updated loss=-11.971154420855324,dloss=-0.00597496822963528
step= 5

nparam= 1004
	dense amplitude time= 0.03159904479980469
	total non-zero amplitudes= 4900
	nsamples per process= 50
	sample time= 1.5764498710632324
	self.n= 0.7754027812876791
	collect g,h time= 3.172780752182007
E=-11.971154420855324,dE=-0.00597496822963528,std=0
L=-11.971154420855324,dL=-0.00597496822963528,std=0
	gnorm= 0.03544318576749712
	symmetric= True
	solver time=0.01653146743774414,exit status=0
	SR solver time= 0.01657843589782715
	symmetric= False
	niter= 42
	niter= 243
	solver time=0.12695765495300293,exit status=0
	RGN solver time= 0.12700152397155762
	xnorm=3.2758249324358766,dnorm=0.5490220238373822
	dense amplitude time= 0.051466941833496094
	total non-zero amplitudes= 4900
	nsamples per process= 50
	sample time= 0.3694467544555664
	self.n= 0.7273495014411351
	RGN updated loss=-11.97424765515117,dloss=-0.003093234295846514
step= 6

nparam= 1004
	dense amplitude time= 0.05612611770629883
	total non-zero amplitudes= 4900
	nsamples per process= 50
	sample time= 1.5957584381103516
	self.n= 0.7273495014411352
	collect g,h time= 3.1514501571655273
E=-11.97424765515117,dE=-0.003093234295846514,std=0
L=-11.97424765515117,dL=-0.003093234295846514,std=0
	gnorm= 0.026718335200816012
	symmetric= True
	solver time=0.043871164321899414,exit status=0
	SR solver time= 0.04392504692077637
	symmetric= False
	niter= 44
	solver time=0.09307026863098145,exit status=0
	RGN solver time= 0.09312772750854492
	xnorm=3.3385388533516496,dnorm=0.43650331994224006
	niter= 250
	dense amplitude time= 0.04975771903991699
	total non-zero amplitudes= 4900
	nsamples per process= 50
	sample time= 0.3666408061981201
	self.n= 0.676083213853991
	RGN updated loss=-11.975926759886331,dloss=-0.0016791047351603083
step= 7

nparam= 1004
	dense amplitude time= 0.05222487449645996
	total non-zero amplitudes= 4900
	nsamples per process= 50
	sample time= 1.5810396671295166
	self.n= 0.6760832138539898
	collect g,h time= 3.1869657039642334
E=-11.975926759886331,dE=-0.0016791047351603083,std=0
L=-11.975926759886331,dL=-0.0016791047351603083,std=0
	gnorm= 0.022401336466281944
	symmetric= True
	solver time=0.06387209892272949,exit status=0
	SR solver time= 0.06392788887023926
	symmetric= False
	niter= 43
	niter= 250
	solver time=0.1578655242919922,exit status=0
	RGN solver time= 0.1579115390777588
	xnorm=3.4166407463822477,dnorm=0.37282907499102697
	dense amplitude time= 0.07524800300598145
	total non-zero amplitudes= 4900
	nsamples per process= 50
	sample time= 0.3574986457824707
	self.n= 0.6409418465835173
	RGN updated loss=-11.976727723487432,dloss=-0.0008009636011010457
step= 8

nparam= 1004
	dense amplitude time= 0.044806718826293945
	total non-zero amplitudes= 4900
	nsamples per process= 50
	sample time= 1.5499837398529053
	self.n= 0.6409418465835175
	collect g,h time= 3.160268783569336
E=-11.976727723487432,dE=-0.0008009636011010457,std=0
L=-11.976727723487432,dL=-0.0008009636011010457,std=0
	gnorm= 0.015376003612927633
	symmetric= True
	solver time=0.0640256404876709,exit status=0
	SR solver time= 0.06408309936523438
	symmetric= False
	niter= 44
	niter= 272
	solver time=0.2400360107421875,exit status=0
	RGN solver time= 0.24007916450500488
	xnorm=3.470985454239083,dnorm=0.3084774004603548
	dense amplitude time= 0.07374858856201172
	total non-zero amplitudes= 4900
	nsamples per process= 50
	sample time= 0.351914644241333
	self.n= 0.6211670463136894
	RGN updated loss=-11.977260668774758,dloss=-0.0005329452873255036
step= 9

nparam= 1004
	dense amplitude time= 0.030597686767578125
	total non-zero amplitudes= 4900
	nsamples per process= 50
	sample time= 1.5685806274414062
	self.n= 0.6211670463136887
	collect g,h time= 3.119807004928589
E=-11.977260668774758,dE=-0.0005329452873255036,std=0
L=-11.977260668774758,dL=-0.0005329452873255036,std=0
	gnorm= 0.011717548389030592
	symmetric= True
	solver time=0.017484188079833984,exit status=0
	SR solver time= 0.0175325870513916
	niter= 43
	symmetric= False
	niter= 279
	solver time=0.13831543922424316,exit status=0
	RGN solver time= 0.13836264610290527
	xnorm=3.5096147456658073,dnorm=0.2718133318821119
	dense amplitude time= 0.021553754806518555
	total non-zero amplitudes= 4900
	nsamples per process= 50
	sample time= 0.3663825988769531
	self.n= 0.5890668017412604
	RGN updated loss=-11.97762119627083,dloss=-0.00036052749607229373
step= 10

nparam= 1004
	dense amplitude time= 0.06333470344543457
	total non-zero amplitudes= 4900
	nsamples per process= 50
	sample time= 1.6100962162017822
	self.n= 0.5890668017412608
	collect g,h time= 3.2299063205718994
E=-11.977621196270826,dE=-0.000360527496068741,std=0
L=-11.977621196270826,dL=-0.000360527496068741,std=0
	gnorm= 0.008983942944773917
	symmetric= True
	solver time=0.036421775817871094,exit status=0
	SR solver time= 0.03648018836975098
	symmetric= False
	niter= 44
	niter= 281
	solver time=0.2218630313873291,exit status=0
	RGN solver time= 0.2219078540802002
	xnorm=3.5427933167132375,dnorm=0.23293457094441175
	dense amplitude time= 0.030428409576416016
	total non-zero amplitudes= 4900
	nsamples per process= 50
	sample time= 0.36795544624328613
	self.n= 0.5737923033466845
	RGN updated loss=-11.977870791481594,dloss=-0.00024959521076795
step= 11

nparam= 1004
	dense amplitude time= 0.15071320533752441
	total non-zero amplitudes= 4900
	nsamples per process= 50
	sample time= 1.6083579063415527
	self.n= 0.5737923033466841
	collect g,h time= 3.3753387928009033
E=-11.97787079148159,dE=-0.0002495952107643973,std=0
L=-11.97787079148159,dL=-0.0002495952107643973,std=0
	gnorm= 0.006338732707026271
	symmetric= True
	solver time=0.027666568756103516,exit status=0
	SR solver time= 0.027722835540771484
	symmetric= False
	niter= 43
	niter= 290
	solver time=0.1391127109527588,exit status=0
	RGN solver time= 0.13915681838989258
	xnorm=3.5694501007600103,dnorm=0.20970147638119407
	dense amplitude time= 0.03606462478637695
	total non-zero amplitudes= 4900
	nsamples per process= 50
	sample time= 0.37038397789001465
	self.n= 0.5523698021672298
	RGN updated loss=-11.978045592579019,dloss=-0.00017480109742784578
step= 12

nparam= 1004
	dense amplitude time= 0.13601255416870117
	total non-zero amplitudes= 4900
	nsamples per process= 50
	sample time= 1.6058180332183838
	self.n= 0.5523698021672296
	collect g,h time= 3.2012383937835693
E=-11.978045592579017,dE=-0.00017480109742606942,std=0
L=-11.978045592579017,dL=-0.00017480109742606942,std=0
	gnorm= 0.004995191661730272
	symmetric= True
	niter= 42
	solver time=0.06745266914367676,exit status=0
	SR solver time= 0.06751179695129395
	symmetric= False
	niter= 299
	solver time=0.13428997993469238,exit status=0
	RGN solver time= 0.13433384895324707
	xnorm=3.59412509803181,dnorm=0.1871232845140657
	dense amplitude time= 0.07827138900756836
	total non-zero amplitudes= 4900
	nsamples per process= 50
	sample time= 0.3637425899505615
	self.n= 0.540765383342066
	RGN updated loss=-11.978172736679644,dloss=-0.00012714410062741877
step= 13

nparam= 1004
	dense amplitude time= 0.06668472290039062
	total non-zero amplitudes= 4900
	nsamples per process= 50
	sample time= 1.5898513793945312
	self.n= 0.5407653833420661
	collect g,h time= 3.2673370838165283
E=-11.978172736679644,dE=-0.00012714410062741877,std=0
L=-11.978172736679644,dL=-0.00012714410062741877,std=0
	gnorm= 0.004037469120811862
	symmetric= True
	solver time=0.008752822875976562,exit status=0
	SR solver time= 0.008800983428955078
	symmetric= False
	niter= 42
	niter= 304
	solver time=0.10072922706604004,exit status=0
	RGN solver time= 0.10077190399169922
	xnorm=3.616782320219385,dnorm=0.17091339715561377
	dense amplitude time= 0.020569801330566406
	total non-zero amplitudes= 4900
	nsamples per process= 50
	sample time= 0.36686086654663086
	self.n= 0.5281529521923239
	RGN updated loss=-11.978269405455071,dloss=-9.666877542713337e-05
step= 14

nparam= 1004
	dense amplitude time= 0.06172442436218262
	total non-zero amplitudes= 4900
	nsamples per process= 50
	sample time= 1.5879130363464355
	self.n= 0.5281529521923234
	collect g,h time= 3.1938788890838623
E=-11.97826940545507,dE=-9.666877542535701e-05,std=0
L=-11.97826940545507,dL=-9.666877542535701e-05,std=0
	gnorm= 0.0033438908547637836
	symmetric= True
	solver time=0.008810997009277344,exit status=0
	SR solver time= 0.00886225700378418
	symmetric= False
	niter= 42
	niter= 308
	solver time=0.11811041831970215,exit status=0
	RGN solver time= 0.1181490421295166
	xnorm=3.638285968261965,dnorm=0.15669949757918475
	dense amplitude time= 0.07460498809814453
	total non-zero amplitudes= 4900
	nsamples per process= 50
	sample time= 0.36298680305480957
	self.n= 0.5187683949161741
	RGN updated loss=-11.978344965051472,dloss=-7.555959640193066e-05
step= 15

nparam= 1004
	dense amplitude time= 0.06121945381164551
	total non-zero amplitudes= 4900
	nsamples per process= 50
	sample time= 1.6196444034576416
	self.n= 0.5187683949161743
	collect g,h time= 3.186011791229248
E=-11.97834496505147,dE=-7.55595964001543e-05,std=0
L=-11.97834496505147,dL=-7.55595964001543e-05,std=0
	gnorm= 0.002799620241721824
	symmetric= True
	solver time=0.018474578857421875,exit status=0
	SR solver time= 0.018524169921875
	symmetric= False
	niter= 42
	niter= 310
	solver time=0.10035943984985352,exit status=0
	RGN solver time= 0.10040163993835449
	xnorm=3.6586183050779693,dnorm=0.14396356014639047
	dense amplitude time= 0.07269454002380371
	total non-zero amplitudes= 4900
	nsamples per process= 50
	sample time= 0.3723740577697754
	self.n= 0.5104927947819523
	RGN updated loss=-11.978404935841764,dloss=-5.997079029462782e-05
step= 16

nparam= 1004
	dense amplitude time= 0.06416583061218262
	total non-zero amplitudes= 4900
	nsamples per process= 50
	sample time= 1.5981438159942627
	self.n= 0.5104927947819525
	collect g,h time= 3.2577993869781494
E=-11.978404935841764,dE=-5.997079029462782e-05,std=0
L=-11.978404935841764,dL=-5.997079029462782e-05,std=0
	gnorm= 0.0023371689108465693
	symmetric= True
	solver time=0.019672870635986328,exit status=0
	SR solver time= 0.0198209285736084
	symmetric= False
	niter= 42
	niter= 311
	solver time=0.09204411506652832,exit status=0
	RGN solver time= 0.09208917617797852
	xnorm=3.678360009463208,dnorm=0.13229474545582043
	dense amplitude time= 0.07553410530090332
	total non-zero amplitudes= 4900
	nsamples per process= 50
	sample time= 0.3718559741973877
	self.n= 0.5035703483076733
	RGN updated loss=-11.978453077974441,dloss=-4.814213267678724e-05
step= 17

nparam= 1004
	dense amplitude time= 0.04349660873413086
	total non-zero amplitudes= 4900
	nsamples per process= 50
	sample time= 1.5853550434112549
	self.n= 0.5035703483076728
	collect g,h time= 3.2565858364105225
E=-11.978453077974445,dE=-4.8142132680339955e-05,std=0
L=-11.978453077974445,dL=-4.8142132680339955e-05,std=0
	gnorm= 0.0019371255606659371
	symmetric= True
	solver time=0.021413326263427734,exit status=0
	SR solver time= 0.021502971649169922
	symmetric= False
	niter= 41
	niter= 312
	solver time=0.09466290473937988,exit status=0
	RGN solver time= 0.09470677375793457
	xnorm=3.697751196644841,dnorm=0.12169035891020807
	dense amplitude time= 0.028426408767700195
	total non-zero amplitudes= 4900
	nsamples per process= 50
	sample time= 0.35114216804504395
	self.n= 0.4978035870498638
	RGN updated loss=-11.978492204880007,dloss=-3.9126905562625325e-05
step= 18

nparam= 1004
	dense amplitude time= 0.07166576385498047
	total non-zero amplitudes= 4900
	nsamples per process= 50
	sample time= 1.5655436515808105
	self.n= 0.49780358704986355
	collect g,h time= 3.1985580921173096
E=-11.978492204880007,dE=-3.9126905562625325e-05,std=0
L=-11.978492204880007,dL=-3.9126905562625325e-05,std=0
	gnorm= 0.0016109173163832225
	symmetric= True
	solver time=0.029358863830566406,exit status=0
	SR solver time= 0.02940678596496582
	symmetric= False
	niter= 41
	niter= 312
	solver time=0.11309075355529785,exit status=0
	RGN solver time= 0.11313176155090332
	xnorm=3.7167885925466955,dnorm=0.11253843237520535
	dense amplitude time= 0.057885169982910156
	total non-zero amplitudes= 4900
	nsamples per process= 50
	sample time= 0.36068296432495117
	self.n= 0.49278457998428415
	RGN updated loss=-11.97852459827161,dloss=-3.2393391602880683e-05
step= 19

nparam= 1004
	dense amplitude time= 0.08185529708862305
	total non-zero amplitudes= 4900
	nsamples per process= 50
	sample time= 1.5681073665618896
	self.n= 0.49278457998428343
	collect g,h time= 3.250925302505493
E=-11.978524598271612,dE=-3.239339160465704e-05,std=0
L=-11.978524598271612,dL=-3.239339160465704e-05,std=0
	gnorm= 0.0013400435922005477
	symmetric= True
	solver time=0.008122444152832031,exit status=0
	SR solver time= 0.008166790008544922
	symmetric= False
	niter= 41
	niter= 312
	solver time=0.10264134407043457,exit status=0
	RGN solver time= 0.10269594192504883
	xnorm=3.7352647873843137,dnorm=0.10474919154391825
	dense amplitude time= 0.029877424240112305
	total non-zero amplitudes= 4900
	nsamples per process= 50
	sample time= 0.35784149169921875
	self.n= 0.488474026259599
	RGN updated loss=-11.97855191911249,dloss=-2.7320840878530817e-05
step= 20

nparam= 1004
	dense amplitude time= 0.04021501541137695
	total non-zero amplitudes= 4900
	nsamples per process= 50
	sample time= 1.554006576538086
	self.n= 0.4884740262595987
	collect g,h time= 3.165919303894043
E=-11.97855191911249,dE=-2.7320840878530817e-05,std=0
L=-11.97855191911249,dL=-2.7320840878530817e-05,std=0
	gnorm= 0.0010793726601504153
	symmetric= True
	solver time=0.017762422561645508,exit status=0
	SR solver time= 0.017812013626098633
	symmetric= False
	niter= 40
	niter= 317
	solver time=0.09287595748901367,exit status=0
	RGN solver time= 0.09292149543762207
	xnorm=3.753115406945361,dnorm=0.09820479693459748
	dense amplitude time= 0.021082401275634766
	total non-zero amplitudes= 4900
	nsamples per process= 50
	sample time= 0.35895347595214844
	self.n= 0.48456750497558776
	RGN updated loss=-11.978575433971223,dloss=-2.3514858732198718e-05
step= 21

nparam= 1004
	dense amplitude time= 0.07803797721862793
	total non-zero amplitudes= 4900
	nsamples per process= 50
	sample time= 1.5518686771392822
	self.n= 0.48456750497558854
	collect g,h time= 3.1790566444396973
E=-11.978575433971224,dE=-2.3514858733975075e-05,std=0
L=-11.978575433971224,dL=-2.3514858733975075e-05,std=0
	gnorm= 0.0009424325319760811
	symmetric= True
	solver time=0.007946252822875977,exit status=0
	SR solver time= 0.007992267608642578
	symmetric= False
	niter= 40
	niter= 321
	solver time=0.09608888626098633,exit status=0
	RGN solver time= 0.0961301326751709
	xnorm=3.7703469599847406,dnorm=0.09279469116094187
	dense amplitude time= 0.0299069881439209
	total non-zero amplitudes= 4900
	nsamples per process= 50
	sample time= 0.36068081855773926
	self.n= 0.48108171931546684
	RGN updated loss=-11.978596157827598,dloss=-2.072385637319485e-05
step= 22

nparam= 1004
	dense amplitude time= 0.058190107345581055
	total non-zero amplitudes= 4900
	nsamples per process= 50
	sample time= 1.5616965293884277
	self.n= 0.4810817193154666
	collect g,h time= 3.225506544113159
E=-11.9785961578276,dE=-2.0723856374971206e-05,std=0
L=-11.9785961578276,dL=-2.0723856374971206e-05,std=0
	gnorm= 0.0007885354382092879
	symmetric= True
	solver time=0.02944779396057129,exit status=0
	SR solver time= 0.029498815536499023
	symmetric= False
	niter= 39
	niter= 331
	solver time=0.16120338439941406,exit status=0
	RGN solver time= 0.16125178337097168
	xnorm=3.7869520418137457,dnorm=0.08833408871552216
	dense amplitude time= 0.07590293884277344
	total non-zero amplitudes= 4900
	nsamples per process= 50
	sample time= 0.3652801513671875
	self.n= 0.4777904345962509
	RGN updated loss=-11.978614728439322,dloss=-1.857061172216845e-05
step= 23

nparam= 1004
	dense amplitude time= 0.04250192642211914
	total non-zero amplitudes= 4900
	nsamples per process= 50
	sample time= 1.606224536895752
	self.n= 0.47779043459625054
	collect g,h time= 3.1305348873138428
E=-11.978614728439322,dE=-1.857061172216845e-05,std=0
L=-11.978614728439322,dL=-1.857061172216845e-05,std=0
	gnorm= 0.0006885725069267242
	symmetric= True
	solver time=0.040882110595703125,exit status=0
	SR solver time= 0.040938615798950195
	symmetric= False
	niter= 39
	niter= 338
	solver time=0.15729546546936035,exit status=0
	RGN solver time= 0.15733623504638672
	xnorm=3.802990019108501,dnorm=0.08462364094685271
	dense amplitude time= 0.028296470642089844
	total non-zero amplitudes= 4900
	nsamples per process= 50
	sample time= 0.36412549018859863
	self.n= 0.47462732963136817
	RGN updated loss=-11.978631624919682,dloss=-1.689648036062863e-05
step= 24

nparam= 1004
	dense amplitude time= 0.0809636116027832
	total non-zero amplitudes= 4900
	nsamples per process= 50
	sample time= 1.5759284496307373
	self.n= 0.4746273296313688
	collect g,h time= 3.1564652919769287
E=-11.97863162491968,dE=-1.6896480358852273e-05,std=0
L=-11.97863162491968,dL=-1.6896480358852273e-05,std=0
	gnorm= 0.0006012762757324302
	symmetric= True
	solver time=0.03355669975280762,exit status=0
	SR solver time= 0.03364896774291992
	symmetric= False
	niter= 38
	niter= 343
	solver time=0.12058424949645996,exit status=0
	RGN solver time= 0.12063097953796387
	xnorm=3.8185450628616056,dnorm=0.08147152607199189
	dense amplitude time= 0.07370328903198242
	total non-zero amplitudes= 4900
	nsamples per process= 50
	sample time= 0.3662855625152588
	self.n= 0.47151638301399545
	RGN updated loss=-11.97864723144225,dloss=-1.560652257026618e-05
step= 25

nparam= 1004
	dense amplitude time= 0.03621506690979004
	total non-zero amplitudes= 4900
	nsamples per process= 50
	sample time= 1.5834200382232666
	self.n= 0.47151638301399573
	collect g,h time= 3.255505323410034
E=-11.97864723144225,dE=-1.560652257026618e-05,std=0
L=-11.97864723144225,dL=-1.560652257026618e-05,std=0
	gnorm= 0.00053636782649594
	symmetric= True
	solver time=0.01557469367980957,exit status=0
	SR solver time= 0.015626192092895508
	symmetric= False
	niter= 38
	niter= 343
	solver time=0.1495676040649414,exit status=0
	RGN solver time= 0.14961457252502441
	xnorm=3.833695449050522,dnorm=0.07873601136039203
	dense amplitude time= 0.07492947578430176
	total non-zero amplitudes= 4900
	nsamples per process= 50
	sample time= 0.37060117721557617
	self.n= 0.46843453989186795
	RGN updated loss=-11.97866174990138,dloss=-1.4518459130030692e-05
step= 26

nparam= 1004
	dense amplitude time= 0.032303571701049805
	total non-zero amplitudes= 4900
	nsamples per process= 50
	sample time= 1.5654280185699463
	self.n= 0.46843453989186706
	collect g,h time= 3.143714427947998
E=-11.978661749901379,dE=-1.4518459128254335e-05,std=0
L=-11.978661749901379,dL=-1.4518459128254335e-05,std=0
	gnorm= 0.000471504405397946
	symmetric= True
	solver time=0.008061885833740234,exit status=0
	SR solver time= 0.00810551643371582
	symmetric= False
	niter= 38
	niter= 343
	solver time=0.14761137962341309,exit status=0
	RGN solver time= 0.14765357971191406
	xnorm=3.8486345501884145,dnorm=0.07646560994949834
	dense amplitude time= 0.027217626571655273
	total non-zero amplitudes= 4900
	nsamples per process= 50
	sample time= 0.3633463382720947
	self.n= 0.46530897849871083
	RGN updated loss=-11.97867540764925,dloss=-1.365774787132068e-05
step= 27

nparam= 1004
	dense amplitude time= 0.058541059494018555
	total non-zero amplitudes= 4900
	nsamples per process= 50
	sample time= 1.564466953277588
	self.n= 0.46530897849871045
	collect g,h time= 3.1568667888641357
E=-11.978675407649247,dE=-1.3657747867767966e-05,std=0
L=-11.978675407649247,dL=-1.3657747867767966e-05,std=0
	gnorm= 0.00043210853310121747
	symmetric= True
	solver time=0.008524417877197266,exit status=0
	SR solver time= 0.008571863174438477
	symmetric= False
	niter= 37
	niter= 343
	solver time=0.15833353996276855,exit status=0
	RGN solver time= 0.15837693214416504
	xnorm=3.8631900910858996,dnorm=0.07430649784623333
	dense amplitude time= 0.0309298038482666
	total non-zero amplitudes= 4900
	nsamples per process= 50
	sample time= 0.36444616317749023
	self.n= 0.46217388745517884
	RGN updated loss=-11.978688279122341,dloss=-1.2871473094477892e-05
step= 28

nparam= 1004
	dense amplitude time= 0.039901018142700195
	total non-zero amplitudes= 4900
	nsamples per process= 50
	sample time= 1.5702803134918213
	self.n= 0.4621738874551786
	collect g,h time= 3.239130973815918
E=-11.978688279122341,dE=-1.2871473094477892e-05,std=0
L=-11.978688279122341,dL=-1.2871473094477892e-05,std=0
	gnorm= 0.00040845857104708966
	symmetric= True
	solver time=0.02975320816040039,exit status=0
	SR solver time= 0.029802799224853516
	symmetric= False
	niter= 37
	niter= 347
	solver time=0.4786539077758789,exit status=0
	RGN solver time= 0.4787023067474365
	xnorm=3.877547598235585,dnorm=0.07231866841297704
	dense amplitude time= 0.0377955436706543
	total non-zero amplitudes= 4900
	nsamples per process= 50
	sample time= 0.3588447570800781
	self.n= 0.4589863165982817
	RGN updated loss=-11.97870044609765,dloss=-1.2166975308147698e-05
step= 29

nparam= 1004
	dense amplitude time= 0.04559659957885742
	total non-zero amplitudes= 4900
	nsamples per process= 50
	sample time= 1.5651342868804932
	self.n= 0.4589863165982816
	collect g,h time= 3.156092643737793
E=-11.978700446097651,dE=-1.2166975309924055e-05,std=0
L=-11.978700446097651,dL=-1.2166975309924055e-05,std=0
	gnorm= 0.0005451106819384573
	symmetric= True
	solver time=0.04127907752990723,exit status=0
	SR solver time= 0.041335105895996094
	symmetric= False
	niter= 42
	niter= 343
	solver time=0.20844554901123047,exit status=0
	RGN solver time= 0.20848894119262695
	xnorm=3.891775900316961,dnorm=0.07058019569837604
	dense amplitude time= 0.06417131423950195
	total non-zero amplitudes= 4900
	nsamples per process= 50
	sample time= 0.35930395126342773
	self.n= 0.45576520173658297
	RGN updated loss=-11.978711930582612,dloss=-1.148448496124388e-05
step= 30

nparam= 1004
	dense amplitude time= 0.04261183738708496
	total non-zero amplitudes= 4900
	nsamples per process= 50
	sample time= 1.5464603900909424
	self.n= 0.4557652017365832
	collect g,h time= 3.1648967266082764
E=-11.978711930582614,dE=-1.1484484963020236e-05,std=0
L=-11.978711930582614,dL=-1.1484484963020236e-05,std=0
	gnorm= 0.0003975332284936131
	symmetric= True
	solver time=0.019295692443847656,exit status=0
	SR solver time= 0.01934671401977539
	symmetric= False
	niter= 38
	niter= 346
	solver time=0.12313079833984375,exit status=0
	RGN solver time= 0.12317323684692383
	xnorm=3.9059242100300446,dnorm=0.06849714012127746
	dense amplitude time= 0.02837347984313965
	total non-zero amplitudes= 4900
	nsamples per process= 50
	sample time= 0.3625309467315674
	self.n= 0.4525816973912282
	RGN updated loss=-11.978722874343408,dloss=-1.0943760793580282e-05
step= 31

nparam= 1004
	dense amplitude time= 0.0659637451171875
	total non-zero amplitudes= 4900
	nsamples per process= 50
	sample time= 1.5722005367279053
	self.n= 0.4525816973912278
	collect g,h time= 3.2421610355377197
E=-11.978722874343406,dE=-1.0943760791803925e-05,std=0
L=-11.978722874343406,dL=-1.0943760791803925e-05,std=0
	gnorm= 0.00032716768033028994
	symmetric= True
	solver time=0.029233217239379883,exit status=0
	SR solver time= 0.029283523559570312
	symmetric= False
	niter= 37
	niter= 359
	solver time=0.16261601448059082,exit status=0
	RGN solver time= 0.16266322135925293
	xnorm=3.919875842361336,dnorm=0.06667256467085578
	dense amplitude time= 0.07485818862915039
	total non-zero amplitudes= 4900
	nsamples per process= 50
	sample time= 0.35881948471069336
	self.n= 0.4493859579647136
	RGN updated loss=-11.978733189435728,dloss=-1.0315092321633301e-05
step= 32

nparam= 1004
	dense amplitude time= 0.06823348999023438
	total non-zero amplitudes= 4900
	nsamples per process= 50
	sample time= 1.5672459602355957
	self.n= 0.4493859579647131
	collect g,h time= 3.2146034240722656
E=-11.978733189435726,dE=-1.0315092319856944e-05,std=0
L=-11.978733189435726,dL=-1.0315092319856944e-05,std=0
	gnorm= 0.0003274014168949735
	symmetric= True
	solver time=0.026691675186157227,exit status=0
	SR solver time= 0.02674245834350586
	symmetric= False
	niter= 37
	niter= 359
	solver time=0.1431410312652588,exit status=0
	RGN solver time= 0.1431875228881836
	xnorm=3.9336936563084226,dnorm=0.06516167696029578
	dense amplitude time= 0.02149033546447754
	total non-zero amplitudes= 4900
	nsamples per process= 50
	sample time= 0.35968804359436035
	self.n= 0.44616528246007986
	RGN updated loss=-11.978742975690098,dloss=-9.786254372201597e-06
step= 33

nparam= 1004
	dense amplitude time= 0.09383988380432129
	total non-zero amplitudes= 4900
	nsamples per process= 50
	sample time= 1.5606770515441895
	self.n= 0.4461652824600797
	collect g,h time= 3.198867082595825
E=-11.978742975690094,dE=-9.786254368648883e-06,std=0
L=-11.978742975690094,dL=-9.786254368648883e-06,std=0
	gnorm= 0.00030372364439346843
	symmetric= True
	solver time=0.02802276611328125,exit status=0
	SR solver time= 0.02811717987060547
	symmetric= False
	niter= 37
	niter= 363
	solver time=0.18365001678466797,exit status=0
	RGN solver time= 0.18369317054748535
	xnorm=3.9474497405309705,dnorm=0.06320195688205618
	dense amplitude time= 0.08041739463806152
	total non-zero amplitudes= 4900
	nsamples per process= 50
	sample time= 0.357158899307251
	self.n= 0.44288117339420063
	RGN updated loss=-11.97875220786543,dloss=-9.232175335327497e-06
step= 34

nparam= 1004
	dense amplitude time= 0.05252790451049805
	total non-zero amplitudes= 4900
	nsamples per process= 50
	sample time= 1.5513732433319092
	self.n= 0.44288117339420086
	collect g,h time= 3.280259847640991
E=-11.978752207865428,dE=-9.23217533355114e-06,std=0
L=-11.978752207865428,dL=-9.23217533355114e-06,std=0
	gnorm= 0.0002993259148649101
	symmetric= True
	solver time=0.028467416763305664,exit status=0
	SR solver time= 0.028517723083496094
	symmetric= False
	niter= 37
	niter= 365
	solver time=0.11343693733215332,exit status=0
	RGN solver time= 0.11348247528076172
	xnorm=3.961018374453941,dnorm=0.06159651863414121
	dense amplitude time= 0.03758835792541504
	total non-zero amplitudes= 4900
	nsamples per process= 50
	sample time= 0.3566131591796875
	self.n= 0.43970583257565565
	RGN updated loss=-11.978760902344604,dloss=-8.694479175730407e-06
step= 35

nparam= 1004
	dense amplitude time= 0.045539140701293945
	total non-zero amplitudes= 4900
	nsamples per process= 50
	sample time= 1.564836025238037
	self.n= 0.4397058325756548
	collect g,h time= 3.195739269256592
E=-11.978760902344598,dE=-8.694479170401337e-06,std=0
L=-11.978760902344598,dL=-8.694479170401337e-06,std=0
	gnorm= 0.0002791035966103382
	symmetric= True
	solver time=0.01916670799255371,exit status=0
	SR solver time= 0.01921534538269043
	symmetric= False
	niter= 36
	niter= 367
	solver time=0.13352298736572266,exit status=0
	RGN solver time= 0.13356518745422363
	xnorm=3.974528471216381,dnorm=0.05968954623256972
	dense amplitude time= 0.029754638671875
	total non-zero amplitudes= 4900
	nsamples per process= 50
	sample time= 0.36110568046569824
	self.n= 0.4364295329735318
	RGN updated loss=-11.978769109361457,dloss=-8.207016858108318e-06
step= 36

nparam= 1004
	dense amplitude time= 0.21872282028198242
	total non-zero amplitudes= 4900
	nsamples per process= 50
	sample time= 1.5736167430877686
	self.n= 0.43642953297353126
	collect g,h time= 3.165597677230835
E=-11.97876910936146,dE=-8.207016861661032e-06,std=0
L=-11.97876910936146,dL=-8.207016861661032e-06,std=0
	gnorm= 0.00026695511918858173
	symmetric= True
	solver time=0.024417400360107422,exit status=0
	SR solver time= 0.024469614028930664
	symmetric= False
	niter= 36
	niter= 367
	solver time=0.12984490394592285,exit status=0
	RGN solver time= 0.12988758087158203
	xnorm=3.9877877380104145,dnorm=0.05801776584011532
	dense amplitude time= 0.035027503967285156
	total non-zero amplitudes= 4900
	nsamples per process= 50
	sample time= 0.36502575874328613
	self.n= 0.43317073052591615
	RGN updated loss=-11.978776829819898,dloss=-7.7204584378876e-06
step= 37

nparam= 1004
	dense amplitude time= 0.0633552074432373
	total non-zero amplitudes= 4900
	nsamples per process= 50
	sample time= 1.5773441791534424
	self.n= 0.43317073052591554
	collect g,h time= 3.2365949153900146
E=-11.9787768298199,dE=-7.720458439663958e-06,std=0
L=-11.9787768298199,dL=-7.720458439663958e-06,std=0
	gnorm= 0.0002592802542726528
	symmetric= True
	solver time=0.031169414520263672,exit status=0
	SR solver time= 0.031220197677612305
	symmetric= False
	niter= 35
	solver time=0.7230329513549805,exit status=0
	RGN solver time= 0.7230901718139648
	xnorm=4.000933251364952,dnorm=0.05635081976851829
	niter= 367
	dense amplitude time= 0.04217052459716797
	total non-zero amplitudes= 4900
	nsamples per process= 50
	sample time= 0.3696558475494385
	self.n= 0.42996326426025167
	RGN updated loss=-11.978784095445132,dloss=-7.265625232122375e-06
step= 38

nparam= 1004
	dense amplitude time= 0.04954075813293457
	total non-zero amplitudes= 4900
	nsamples per process= 50
	sample time= 1.5797662734985352
	self.n= 0.429963264260251
	collect g,h time= 3.191023826599121
E=-11.978784095445132,dE=-7.265625232122375e-06,std=0
L=-11.978784095445132,dL=-7.265625232122375e-06,std=0
	gnorm= 0.0002504537366508585
	symmetric= True
	solver time=0.025225400924682617,exit status=0
	SR solver time= 0.025274038314819336
	symmetric= False
	niter= 36
	niter= 368
	solver time=0.15869617462158203,exit status=0
	RGN solver time= 0.15874171257019043
	xnorm=4.013886774886624,dnorm=0.05477905929971339
	dense amplitude time= 0.0749814510345459
	total non-zero amplitudes= 4900
	nsamples per process= 50
	sample time= 0.36550331115722656
	self.n= 0.4267841897973935
	RGN updated loss=-11.978790936856992,dloss=-6.841411860136759e-06
step= 39

nparam= 1004
	dense amplitude time= 0.05669856071472168
	total non-zero amplitudes= 4900
	nsamples per process= 50
	sample time= 1.567537784576416
	self.n= 0.42678418979739385
	collect g,h time= 3.1783394813537598
E=-11.978790936856992,dE=-6.841411860136759e-06,std=0
L=-11.978790936856992,dL=-6.841411860136759e-06,std=0
	gnorm= 0.00025263592686364765
	symmetric= True
	solver time=0.01840496063232422,exit status=0
	SR solver time= 0.018453359603881836
	symmetric= False
	niter= 36
	niter= 368
	solver time=0.14781808853149414,exit status=0
	RGN solver time= 0.14786028861999512
	xnorm=4.02671474743353,dnorm=0.053196346366386635
	dense amplitude time= 0.05806136131286621
	total non-zero amplitudes= 4900
	nsamples per process= 50
	sample time= 0.37520623207092285
	self.n= 0.4236949809293864
	RGN updated loss=-11.978797392365692,dloss=-6.455508700042856e-06
step= 40

nparam= 1004
	dense amplitude time= 0.02200913429260254
	total non-zero amplitudes= 4900
	nsamples per process= 50
	sample time= 1.5815575122833252
	self.n= 0.4236949809293863
	collect g,h time= 3.1741552352905273
E=-11.978797392365694,dE=-6.4555087018192125e-06,std=0
L=-11.978797392365694,dL=-6.4555087018192125e-06,std=0
	gnorm= 0.00025543558274750155
	symmetric= True
	solver time=0.014495611190795898,exit status=0
	SR solver time= 0.01454305648803711
	symmetric= False
	niter= 37
	niter= 372
	solver time=0.18456435203552246,exit status=0
	RGN solver time= 0.18461275100708008
	xnorm=4.039315957399692,dnorm=0.05180559126311137
	dense amplitude time= 0.047867774963378906
	total non-zero amplitudes= 4900
	nsamples per process= 50
	sample time= 0.358386754989624
	self.n= 0.4206316469323369
	RGN updated loss=-11.978803482232042,dloss=-6.089866348091277e-06
step= 41

nparam= 1004
	dense amplitude time= 0.0879659652709961
	total non-zero amplitudes= 4900
	nsamples per process= 50
	sample time= 1.5662152767181396
	self.n= 0.42063164693233673
	collect g,h time= 3.2167980670928955
E=-11.978803482232044,dE=-6.089866349867634e-06,std=0
L=-11.978803482232044,dL=-6.089866349867634e-06,std=0
	gnorm= 0.00023602314316471777
	symmetric= True
	solver time=0.007816791534423828,exit status=0
	SR solver time= 0.007862567901611328
	symmetric= False
	niter= 36
	niter= 372
	solver time=0.12539362907409668,exit status=0
	RGN solver time= 0.12543797492980957
	xnorm=4.051796517240842,dnorm=0.05036295783748507
	dense amplitude time= 0.060708045959472656
	total non-zero amplitudes= 4900
	nsamples per process= 50
	sample time= 0.3749079704284668
	self.n= 0.4177059252284597
	RGN updated loss=-11.978809243936274,dloss=-5.761704230167197e-06
step= 42

nparam= 1004
	dense amplitude time= 0.09114694595336914
	total non-zero amplitudes= 4900
	nsamples per process= 50
	sample time= 1.584280252456665
	self.n= 0.4177059252284594
	collect g,h time= 3.1677310466766357
E=-11.97880924393627,dE=-5.7617042266144836e-06,std=0
L=-11.97880924393627,dL=-5.7617042266144836e-06,std=0
	gnorm= 0.00028989363144831274
	symmetric= True
	solver time=0.025754451751708984,exit status=0
	SR solver time= 0.025807619094848633
	symmetric= False
	niter= 38
	niter= 362
	solver time=0.12351655960083008,exit status=0
	RGN solver time= 0.12356257438659668
	xnorm=4.064084062582294,dnorm=0.049035233547537894
	dense amplitude time= 0.030984878540039062
	total non-zero amplitudes= 4900
	nsamples per process= 50
	sample time= 0.37540626525878906
	self.n= 0.4147811418137024
	RGN updated loss=-11.978814680295525,dloss=-5.43635925431829e-06
step= 43

nparam= 1004
	dense amplitude time= 0.0815732479095459
	total non-zero amplitudes= 4900
	nsamples per process= 50
	sample time= 1.6116828918457031
	self.n= 0.4147811418137023
	collect g,h time= 3.176558256149292
E=-11.978814680295525,dE=-5.43635925431829e-06,std=0
L=-11.978814680295525,dL=-5.43635925431829e-06,std=0
	gnorm= 0.00022507259253234943
	symmetric= True
	solver time=0.03873610496520996,exit status=0
	SR solver time= 0.03879141807556152
	symmetric= False
	niter= 37
	niter= 374
	solver time=0.15033483505249023,exit status=0
	RGN solver time= 0.15038561820983887
	xnorm=4.076237064397085,dnorm=0.047909079356249024
	dense amplitude time= 0.050287485122680664
	total non-zero amplitudes= 4900
	nsamples per process= 50
	sample time= 0.36624717712402344
	self.n= 0.4119988269912165
	RGN updated loss=-11.978819886989276,dloss=-5.2066937517025735e-06
step= 44

nparam= 1004
	dense amplitude time= 0.04809737205505371
	total non-zero amplitudes= 4900
	nsamples per process= 50
	sample time= 1.5919520854949951
	self.n= 0.41199882699121637
	collect g,h time= 3.1847753524780273
E=-11.978819886989275,dE=-5.206693749926217e-06,std=0
L=-11.978819886989275,dL=-5.206693749926217e-06,std=0
	gnorm= 0.0002520209010812945
	symmetric= True
	solver time=0.007987499237060547,exit status=0
	SR solver time= 0.008032083511352539
	symmetric= False
	niter= 39
	niter= 368
	solver time=0.11882376670837402,exit status=0
	RGN solver time= 0.11886358261108398
	xnorm=4.088300191724618,dnorm=0.046863923921351434
	dense amplitude time= 0.02804398536682129
	total non-zero amplitudes= 4900
	nsamples per process= 50
	sample time= 0.37456321716308594
	self.n= 0.40922483794994613
	RGN updated loss=-11.978824812504914,dloss=-4.925515639797595e-06
step= 45

nparam= 1004
	dense amplitude time= 0.08741426467895508
	total non-zero amplitudes= 4900
	nsamples per process= 50
	sample time= 1.601252794265747
	self.n= 0.40922483794994613
	collect g,h time= 3.215921401977539
E=-11.978824812504914,dE=-4.925515639797595e-06,std=0
L=-11.978824812504914,dL=-4.925515639797595e-06,std=0
	gnorm= 0.0002261390015658322
	symmetric= True
	solver time=0.02651381492614746,exit status=0
	SR solver time= 0.026602506637573242
	symmetric= False
	niter= 39
	niter= 373
	solver time=0.17630243301391602,exit status=0
	RGN solver time= 0.17634844779968262
	xnorm=4.100266496111044,dnorm=0.04588278615315043
	dense amplitude time= 0.029354095458984375
	total non-zero amplitudes= 4900
	nsamples per process= 50
	sample time= 0.3632199764251709
	self.n= 0.4066116376469716
	RGN updated loss=-11.978829583267109,dloss=-4.770762194183931e-06
step= 46

nparam= 1004
	dense amplitude time= 0.047179222106933594
	total non-zero amplitudes= 4900
	nsamples per process= 50
	sample time= 1.5655767917633057
	self.n= 0.4066116376469714
	collect g,h time= 3.193279981613159
E=-11.978829583267109,dE=-4.770762194183931e-06,std=0
L=-11.978829583267109,dL=-4.770762194183931e-06,std=0
	gnorm= 0.00021585332729395873
	symmetric= True
	solver time=0.010635852813720703,exit status=0
	SR solver time= 0.010681390762329102
	symmetric= False
	niter= 37
	niter= 374
	solver time=0.10938525199890137,exit status=0
	RGN solver time= 0.10942602157592773
	xnorm=4.112152405669729,dnorm=0.04491103429327992
	dense amplitude time= 0.05007743835449219
	total non-zero amplitudes= 4900
	nsamples per process= 50
	sample time= 0.37215185165405273
	self.n= 0.4040416440899044
	RGN updated loss=-11.97883414583394,dloss=-4.562566831012305e-06
step= 47

nparam= 1004
	dense amplitude time= 0.04701948165893555
	total non-zero amplitudes= 4900
	nsamples per process= 50
	sample time= 1.5701956748962402
	self.n= 0.4040416440899043
	collect g,h time= 3.139948844909668
E=-11.978834145833938,dE=-4.562566829235948e-06,std=0
L=-11.978834145833938,dL=-4.562566829235948e-06,std=0
	gnorm= 0.00024201248489736415
	symmetric= True
	solver time=0.00714111328125,exit status=0
	SR solver time= 0.007184505462646484
	symmetric= False
	niter= 39
	niter= 370
	solver time=0.17164158821105957,exit status=0
	RGN solver time= 0.1716904640197754
	xnorm=4.123933334999096,dnorm=0.04415328743896495
	dense amplitude time= 0.07413601875305176
	total non-zero amplitudes= 4900
	nsamples per process= 50
	sample time= 0.3717515468597412
	self.n= 0.4015016029712718
	RGN updated loss=-11.978838511778324,dloss=-4.3659443864640934e-06
step= 48

nparam= 1004
	dense amplitude time= 0.06370806694030762
	total non-zero amplitudes= 4900
	nsamples per process= 50
	sample time= 1.5978789329528809
	self.n= 0.4015016029712716
	collect g,h time= 3.1946663856506348
E=-11.978838511778324,dE=-4.3659443864640934e-06,std=0
L=-11.978838511778324,dL=-4.3659443864640934e-06,std=0
	gnorm= 0.0002556124231032623
	symmetric= True
	solver time=0.029814958572387695,exit status=0
	SR solver time= 0.02986311912536621
	symmetric= False
	niter= 40
	niter= 369
	solver time=0.12419652938842773,exit status=0
	RGN solver time= 0.12423872947692871
	xnorm=4.135671060930747,dnorm=0.043335796993063835
	dense amplitude time= 0.0414581298828125
	total non-zero amplitudes= 4900
	nsamples per process= 50
	sample time= 0.363234281539917
	self.n= 0.3991149945386487
	RGN updated loss=-11.97884277145372,dloss=-4.259675396411922e-06
step= 49

nparam= 1004
	dense amplitude time= 0.06364107131958008
	total non-zero amplitudes= 4900
	nsamples per process= 50
	sample time= 1.5485038757324219
	self.n= 0.3991149945386485
	collect g,h time= 3.2207846641540527
E=-11.978842771453722,dE=-4.2596753981882785e-06,std=0
L=-11.978842771453722,dL=-4.2596753981882785e-06,std=0
	gnorm= 0.00022077468572197575
	symmetric= True
	solver time=0.030692577362060547,exit status=0
	SR solver time= 0.030749082565307617
	symmetric= False
	niter= 38
	niter= 374
	solver time=0.11456751823425293,exit status=0
	RGN solver time= 0.11461067199707031
	xnorm=4.147306570637932,dnorm=0.04271496245121548
	dense amplitude time= 0.06066560745239258
	total non-zero amplitudes= 4900
	nsamples per process= 50
	sample time= 0.36540770530700684
	self.n= 0.3967702589627757
	RGN updated loss=-11.978846918671989,dloss=-4.147218266581376e-06
step= 50

nparam= 1004
	dense amplitude time= 0.0330808162689209
	total non-zero amplitudes= 4900
	nsamples per process= 50
	sample time= 1.5984044075012207
	self.n= 0.3967702589627752
	collect g,h time= 3.163647413253784
E=-11.978846918671989,dE=-4.147218266581376e-06,std=0
L=-11.978846918671989,dL=-4.147218266581376e-06,std=0
	gnorm= 0.00023661049978219783
	symmetric= True
	solver time=0.01877593994140625,exit status=0
	SR solver time= 0.018829345703125
	symmetric= False
	niter= 40
	niter= 374
	solver time=0.17028427124023438,exit status=0
	RGN solver time= 0.17033004760742188
	xnorm=4.158964756471709,dnorm=0.04220191661759526
	dense amplitude time= 0.04264044761657715
	total non-zero amplitudes= 4900
	nsamples per process= 50
	sample time= 0.3631918430328369
	self.n= 0.3944432758064743
	RGN updated loss=-11.978850919347533,dloss=-4.000675543736065e-06
step= 51

nparam= 1004
	dense amplitude time= 0.060276031494140625
	total non-zero amplitudes= 4900
	nsamples per process= 50
	sample time= 1.5548677444458008
	self.n= 0.39444327580647376
	collect g,h time= 3.20595121383667
E=-11.978850919347531,dE=-4.0006755419597084e-06,std=0
L=-11.978850919347531,dL=-4.0006755419597084e-06,std=0
	gnorm= 0.00019306354231853087
	symmetric= True
	solver time=0.01585221290588379,exit status=0
	SR solver time= 0.01590251922607422
	symmetric= False
	niter= 39
	niter= 374
	solver time=0.1518998146057129,exit status=0
	RGN solver time= 0.15194439888000488
	xnorm=4.1706107569445985,dnorm=0.04166436996028411
	dense amplitude time= 0.05323600769042969
	total non-zero amplitudes= 4900
	nsamples per process= 50
	sample time= 0.3719778060913086
	self.n= 0.39224708594772423
	RGN updated loss=-11.97885488893342,dloss=-3.969585888441429e-06
step= 52

nparam= 1004
	dense amplitude time= 0.057621002197265625
	total non-zero amplitudes= 4900
	nsamples per process= 50
	sample time= 1.5945978164672852
	self.n= 0.3922470859477247
	collect g,h time= 3.218132257461548
E=-11.978854888933418,dE=-3.969585886665072e-06,std=0
L=-11.978854888933418,dL=-3.969585886665072e-06,std=0
	gnorm= 0.0002026871097219793
	symmetric= True
	solver time=0.018681764602661133,exit status=0
	SR solver time= 0.018732070922851562
	niter= 38
	symmetric= False
	niter= 374
	solver time=0.11818432807922363,exit status=0
	RGN solver time= 0.11829447746276855
	xnorm=4.1821886737683505,dnorm=0.041135317102597664
	dense amplitude time= 0.031152963638305664
	total non-zero amplitudes= 4900
	nsamples per process= 50
	sample time= 0.3580455780029297
	self.n= 0.39008416714755567
	RGN updated loss=-11.978858741216511,dloss=-3.8522830934084595e-06
step= 53

nparam= 1004
	dense amplitude time= 0.08215594291687012
	total non-zero amplitudes= 4900
	nsamples per process= 50
	sample time= 1.55950927734375
	self.n= 0.3900841671475557
	collect g,h time= 3.24946665763855
E=-11.97885874121651,dE=-3.852283091632103e-06,std=0
L=-11.97885874121651,dL=-3.852283091632103e-06,std=0
	gnorm= 0.00023689102218504428
	symmetric= True
	solver time=0.06267356872558594,exit status=0
	SR solver time= 0.06273102760314941
	symmetric= False
	niter= 41
	niter= 373
	solver time=0.4236154556274414,exit status=0
	RGN solver time= 0.423661470413208
	xnorm=4.193773013102251,dnorm=0.04085331768047899
	dense amplitude time= 0.03481864929199219
	total non-zero amplitudes= 4900
	nsamples per process= 50
	sample time= 0.3629775047302246
	self.n= 0.3880170603822614
	RGN updated loss=-11.978862552746849,dloss=-3.8115303393482236e-06
step= 54

nparam= 1004
	dense amplitude time= 0.08455204963684082
	total non-zero amplitudes= 4900
	nsamples per process= 50
	sample time= 1.5509002208709717
	self.n= 0.38801706038226114
	collect g,h time= 3.2789697647094727
E=-11.978862552746849,dE=-3.8115303393482236e-06,std=0
L=-11.978862552746849,dL=-3.8115303393482236e-06,std=0
	gnorm= 0.00024385607586283831
	symmetric= True
	solver time=0.05214333534240723,exit status=0
	SR solver time= 0.05219912528991699
	symmetric= False
	niter= 42
	niter= 374
	solver time=0.16797256469726562,exit status=0
	RGN solver time= 0.1680164337158203
	xnorm=4.205303847871917,dnorm=0.040669449061418825
	dense amplitude time= 0.0528407096862793
	total non-zero amplitudes= 4900
	nsamples per process= 50
	sample time= 0.3806638717651367
	self.n= 0.38590912712099457
	RGN updated loss=-11.978866295350832,dloss=-3.7426039831700564e-06
step= 55

nparam= 1004
	dense amplitude time= 0.12618708610534668
	total non-zero amplitudes= 4900
	nsamples per process= 50
	sample time= 1.5684685707092285
	self.n= 0.38590912712099457
	collect g,h time= 3.250770330429077
E=-11.97886629535083,dE=-3.7426039813936995e-06,std=0
L=-11.97886629535083,dL=-3.7426039813936995e-06,std=0
	gnorm= 0.00023285405968924953
	symmetric= True
	solver time=0.009104490280151367,exit status=0
	SR solver time= 0.009153127670288086
	symmetric= False
	niter= 41
	niter= 374
	solver time=0.12159943580627441,exit status=0
	RGN solver time= 0.12164473533630371
	xnorm=4.2168901402391565,dnorm=0.04031050049531154
	dense amplitude time= 0.034852027893066406
	total non-zero amplitudes= 4900
	nsamples per process= 50
	sample time= 0.3582174777984619
	self.n= 0.3839552755053492
	RGN updated loss=-11.978870056141865,dloss=-3.760791035034572e-06
step= 56

nparam= 1004
	dense amplitude time= 0.06854748725891113
	total non-zero amplitudes= 4900
	nsamples per process= 50
	sample time= 1.622436285018921
	self.n= 0.383955275505349
	collect g,h time= 3.207576274871826
E=-11.978870056141865,dE=-3.760791035034572e-06,std=0
L=-11.978870056141865,dL=-3.760791035034572e-06,std=0
	gnorm= 0.0002508537286825115
	symmetric= True
	solver time=0.019785404205322266,exit status=0
	SR solver time= 0.0198361873626709
	symmetric= False
	niter= 41
	niter= 374
	solver time=0.16814422607421875,exit status=0
	RGN solver time= 0.16819214820861816
	xnorm=4.228348814433877,dnorm=0.04007364003516521
	dense amplitude time= 0.03540444374084473
	total non-zero amplitudes= 4900
	nsamples per process= 50
	sample time= 0.36195802688598633
	self.n= 0.3820231645866151
	RGN updated loss=-11.978873742213587,dloss=-3.6860717216313788e-06
step= 57

nparam= 1004
	dense amplitude time= 0.08796048164367676
	total non-zero amplitudes= 4900
	nsamples per process= 50
	sample time= 1.6132006645202637
	self.n= 0.38202316458661434
	collect g,h time= 3.209105968475342
E=-11.978873742213587,dE=-3.6860717216313788e-06,std=0
L=-11.978873742213587,dL=-3.6860717216313788e-06,std=0
	gnorm= 0.00020827725415959898
	symmetric= True
	solver time=0.02817845344543457,exit status=0
	SR solver time= 0.028243064880371094
	symmetric= False
	niter= 40
	niter= 374
	solver time=0.14549779891967773,exit status=0
	RGN solver time= 0.14554071426391602
	xnorm=4.239813006109597,dnorm=0.03998569220677587
	dense amplitude time= 0.036000967025756836
	total non-zero amplitudes= 4900
	nsamples per process= 50
	sample time= 0.3687400817871094
	self.n= 0.3800991502996055
	RGN updated loss=-11.978877447099665,dloss=-3.704886077926517e-06
step= 58

nparam= 1004
	dense amplitude time= 0.09195804595947266
	total non-zero amplitudes= 4900
	nsamples per process= 50
	sample time= 1.5608084201812744
	self.n= 0.38009915029960517
	collect g,h time= 3.208204984664917
E=-11.978877447099665,dE=-3.704886077926517e-06,std=0
L=-11.978877447099665,dL=-3.704886077926517e-06,std=0
	gnorm= 0.00020225112032899793
	symmetric= True
	solver time=0.00829172134399414,exit status=0
	SR solver time= 0.008339405059814453
	symmetric= False
	niter= 40
	niter= 374
	solver time=0.1058359146118164,exit status=0
	RGN solver time= 0.1058802604675293
	xnorm=4.2512235090964685,dnorm=0.03982137064335915
	dense amplitude time= 0.02120065689086914
	total non-zero amplitudes= 4900
	nsamples per process= 50
	sample time= 0.37717437744140625
	self.n= 0.3781975382849535
	RGN updated loss=-11.978881083173063,dloss=-3.6360733979279303e-06
step= 59

nparam= 1004
	dense amplitude time= 0.08980607986450195
	total non-zero amplitudes= 4900
	nsamples per process= 50
	sample time= 1.5945284366607666
	self.n= 0.3781975382849531
	collect g,h time= 3.2023441791534424
E=-11.97888108317306,dE=-3.6360733961515734e-06,std=0
L=-11.97888108317306,dL=-3.6360733961515734e-06,std=0
	gnorm= 0.0002612848610243898
	symmetric= True
	solver time=0.008903026580810547,exit status=0
	SR solver time= 0.008946895599365234
	symmetric= False
	niter= 41
	niter= 374
	solver time=0.11253762245178223,exit status=0
	RGN solver time= 0.1125798225402832
	xnorm=4.26260899624081,dnorm=0.03962425384136743
	dense amplitude time= 0.028750896453857422
	total non-zero amplitudes= 4900
	nsamples per process= 50
	sample time= 0.36508774757385254
	self.n= 0.3763657974211773
	RGN updated loss=-11.978884750917603,dloss=-3.667744541857587e-06
step= 60

nparam= 1004
	dense amplitude time= 0.1011199951171875
	total non-zero amplitudes= 4900
	nsamples per process= 50
	sample time= 1.5742945671081543
	self.n= 0.37636579742117726
	collect g,h time= 3.2173423767089844
E=-11.978884750917604,dE=-3.667744543633944e-06,std=0
L=-11.978884750917604,dL=-3.667744543633944e-06,std=0
	gnorm= 0.00020200698330303436
	symmetric= True
	solver time=0.052568912506103516,exit status=0
	SR solver time= 0.052661895751953125
	symmetric= False
	niter= 41
	niter= 374
	solver time=0.15645885467529297,exit status=0
	RGN solver time= 0.15650391578674316
	xnorm=4.2738972114013185,dnorm=0.039519248337928366
	dense amplitude time= 0.07453680038452148
	total non-zero amplitudes= 4900
	nsamples per process= 50
	sample time= 0.35541462898254395
	self.n= 0.3745632525850241
	RGN updated loss=-11.978888347581137,dloss=-3.5966635323347873e-06
step= 61

nparam= 1004
	dense amplitude time= 0.10914158821105957
	total non-zero amplitudes= 4900
	nsamples per process= 50
	sample time= 1.5540058612823486
	self.n= 0.3745632525850241
	collect g,h time= 3.2055201530456543
E=-11.978888347581137,dE=-3.5966635323347873e-06,std=0
L=-11.978888347581137,dL=-3.5966635323347873e-06,std=0
	gnorm= 0.0001999725196906294
	symmetric= True
	solver time=0.019500017166137695,exit status=0
	SR solver time= 0.019552230834960938
	symmetric= False
	niter= 40
	niter= 377
	solver time=0.1660308837890625,exit status=0
	RGN solver time= 0.16607928276062012
	xnorm=4.285116592327966,dnorm=0.03936582938445806
	dense amplitude time= 0.031193256378173828
	total non-zero amplitudes= 4900
	nsamples per process= 50
	sample time= 0.37247300148010254
	self.n= 0.37286758658228397
	RGN updated loss=-11.9788919862967,dloss=-3.638715563525352e-06
step= 62

nparam= 1004
	dense amplitude time= 0.07610058784484863
	total non-zero amplitudes= 4900
	nsamples per process= 50
	sample time= 1.6021254062652588
	self.n= 0.3728675865822836
	collect g,h time= 3.228133201599121
E=-11.978891986296697,dE=-3.6387155599726384e-06,std=0
L=-11.978891986296697,dL=-3.6387155599726384e-06,std=0
	gnorm= 0.00025968115609399596
	symmetric= True
	solver time=0.01977396011352539,exit status=0
	SR solver time= 0.019823551177978516
	symmetric= False
	niter= 40
	niter= 374
	solver time=0.16821956634521484,exit status=0
	RGN solver time= 0.16826343536376953
	xnorm=4.296216630073427,dnorm=0.03916530822894
	dense amplitude time= 0.060331106185913086
	total non-zero amplitudes= 4900
	nsamples per process= 50
	sample time= 0.36974239349365234
	self.n= 0.37117092974947496
	RGN updated loss=-11.978895560277666,dloss=-3.5739809689516733e-06
step= 63

nparam= 1004
	dense amplitude time= 0.09992170333862305
	total non-zero amplitudes= 4900
	nsamples per process= 50
	sample time= 1.576951026916504
	self.n= 0.3711709297494744
	collect g,h time= 3.1892027854919434
E=-11.978895560277664,dE=-3.5739809671753164e-06,std=0
L=-11.978895560277664,dL=-3.5739809671753164e-06,std=0
	gnorm= 0.0002033041893180211
	symmetric= True
	solver time=0.017829418182373047,exit status=0
	SR solver time= 0.01787853240966797
	symmetric= False
	niter= 39
	niter= 374
	solver time=0.12413978576660156,exit status=0
	RGN solver time= 0.12418603897094727
	xnorm=4.307220159312366,dnorm=0.03900281757083886
	dense amplitude time= 0.043243408203125
	total non-zero amplitudes= 4900
	nsamples per process= 50
	sample time= 0.3704109191894531
	self.n= 0.36953741857113154
	RGN updated loss=-11.978899115761116,dloss=-3.5554834525441947e-06
step= 64

nparam= 1004
	dense amplitude time= 0.10447001457214355
	total non-zero amplitudes= 4900
	nsamples per process= 50
	sample time= 1.5969264507293701
	self.n= 0.369537418571131
	collect g,h time= 3.1412174701690674
E=-11.978899115761116,dE=-3.5554834525441947e-06,std=0
L=-11.978899115761116,dL=-3.5554834525441947e-06,std=0
	gnorm= 0.0002611769182798558
	symmetric= True
	solver time=0.008432149887084961,exit status=0
	SR solver time= 0.008475780487060547
	symmetric= False
	niter= 41
	niter= 374
	solver time=0.16815781593322754,exit status=0
	RGN solver time= 0.1681995391845703
	xnorm=4.3181211779020945,dnorm=0.03881092402512633
	dense amplitude time= 0.04924893379211426
	total non-zero amplitudes= 4900
	nsamples per process= 50
	sample time= 0.3750021457672119
	self.n= 0.36787179282518956
	RGN updated loss=-11.978902621587224,dloss=-3.5058261076414965e-06
step= 65

nparam= 1004
	dense amplitude time= 0.10523843765258789
	total non-zero amplitudes= 4900
	nsamples per process= 50
	sample time= 1.6003296375274658
	self.n= 0.36787179282518934
	collect g,h time= 3.2630996704101562
E=-11.97890262158722,dE=-3.505826104088783e-06,std=0
L=-11.97890262158722,dL=-3.505826104088783e-06,std=0
	gnorm= 0.0002151436583695216
	symmetric= True
	solver time=0.017995834350585938,exit status=0
	SR solver time= 0.01804327964782715
	symmetric= False
	niter= 39
	niter= 374
	solver time=0.13569426536560059,exit status=0
	RGN solver time= 0.13573861122131348
	xnorm=4.328870459782836,dnorm=0.038586800702555726
	dense amplitude time= 0.07448601722717285
	total non-zero amplitudes= 4900
	nsamples per process= 50
	sample time= 0.3756096363067627
	self.n= 0.3663737728481417
	RGN updated loss=-11.978906110571975,dloss=-3.488984754440594e-06
step= 66

nparam= 1004
	dense amplitude time= 0.08664870262145996
	total non-zero amplitudes= 4900
	nsamples per process= 50
	sample time= 1.591545820236206
	self.n= 0.36637377284814143
	collect g,h time= 3.1925196647644043
E=-11.978906110571975,dE=-3.488984754440594e-06,std=0
L=-11.978906110571975,dL=-3.488984754440594e-06,std=0
	gnorm= 0.00018873863519759245
	symmetric= True
	solver time=0.030289411544799805,exit status=0
	SR solver time= 0.030342817306518555
	symmetric= False
	niter= 39
	niter= 379
	solver time=0.17104864120483398,exit status=0
	RGN solver time= 0.171095609664917
	xnorm=4.339442392004199,dnorm=0.03835582379785937
	dense amplitude time= 0.07744836807250977
	total non-zero amplitudes= 4900
	nsamples per process= 50
	sample time= 0.36603546142578125
	self.n= 0.3648399686462422
	RGN updated loss=-11.978909532794743,dloss=-3.4222227682789708e-06
step= 67

nparam= 1004
	dense amplitude time= 0.08939671516418457
	total non-zero amplitudes= 4900
	nsamples per process= 50
	sample time= 1.6071348190307617
	self.n= 0.3648399686462417
	collect g,h time= 3.219775438308716
E=-11.978909532794745,dE=-3.4222227700553276e-06,std=0
L=-11.978909532794745,dL=-3.4222227700553276e-06,std=0
	gnorm= 0.00018985601149385108
	symmetric= True
	solver time=0.020514965057373047,exit status=0
	SR solver time= 0.020566463470458984
	symmetric= False
	niter= 38
	niter= 385
	solver time=0.12964677810668945,exit status=0
	RGN solver time= 0.12969470024108887
	xnorm=4.349855178172612,dnorm=0.03805809593500593
	dense amplitude time= 0.030956506729125977
	total non-zero amplitudes= 4900
	nsamples per process= 50
	sample time= 0.37895750999450684
	self.n= 0.3633664114202286
	RGN updated loss=-11.978912904507133,dloss=-3.371712388400283e-06
step= 68

nparam= 1004
	dense amplitude time= 0.08069443702697754
	total non-zero amplitudes= 4900
	nsamples per process= 50
	sample time= 1.6026737689971924
	self.n= 0.36336641142022874
	collect g,h time= 3.1938350200653076
E=-11.978912904507133,dE=-3.371712388400283e-06,std=0
L=-11.978912904507133,dL=-3.371712388400283e-06,std=0
	gnorm= 0.00018478538674723325
	symmetric= True
	solver time=0.019333839416503906,exit status=0
	SR solver time= 0.019382953643798828
	symmetric= False
	niter= 38
	niter= 382
	solver time=0.13561558723449707,exit status=0
	RGN solver time= 0.13565826416015625
	xnorm=4.3600809538824725,dnorm=0.037715790319528535
	dense amplitude time= 0.06370854377746582
	total non-zero amplitudes= 4900
	nsamples per process= 50
	sample time= 0.37479090690612793
	self.n= 0.3619171205345528
	RGN updated loss=-11.978916202797592,dloss=-3.298290458531028e-06
step= 69

nparam= 1004
	dense amplitude time= 0.061432838439941406
	total non-zero amplitudes= 4900
	nsamples per process= 50
	sample time= 1.6044373512268066
	self.n= 0.3619171205345525
	collect g,h time= 3.2831015586853027
E=-11.978916202797594,dE=-3.298290460307385e-06,std=0
L=-11.978916202797594,dL=-3.298290460307385e-06,std=0
	gnorm= 0.00018770025338903437
	symmetric= True
	solver time=0.007765531539916992,exit status=0
	SR solver time= 0.007811307907104492
	symmetric= False
	niter= 40
	niter= 390
	solver time=0.13446807861328125,exit status=0
	RGN solver time= 0.13451004028320312
	xnorm=4.370154484340835,dnorm=0.03740707811328606
	dense amplitude time= 0.06187796592712402
	total non-zero amplitudes= 4900
	nsamples per process= 50
	sample time= 0.36687660217285156
	self.n= 0.36055355489404795
	RGN updated loss=-11.978919435100831,dloss=-3.2323032375103367e-06
step= 70

nparam= 1004
	dense amplitude time= 0.10355305671691895
	total non-zero amplitudes= 4900
	nsamples per process= 50
	sample time= 1.581453561782837
	self.n= 0.3605535548940474
	collect g,h time= 3.250243902206421
E=-11.978919435100835,dE=-3.2323032410630503e-06,std=0
L=-11.978919435100835,dL=-3.2323032410630503e-06,std=0
	gnorm= 0.00018890766798194763
	symmetric= True
	solver time=0.018239498138427734,exit status=0
	SR solver time= 0.018289804458618164
	symmetric= False
	niter= 39
	niter= 384
	solver time=0.10956311225891113,exit status=0
	RGN solver time= 0.10961222648620605
	xnorm=4.380166370271949,dnorm=0.03696370647877818
	dense amplitude time= 0.04115128517150879
	total non-zero amplitudes= 4900
	nsamples per process= 50
	sample time= 0.3785371780395508
	self.n= 0.35916258325286543
	RGN updated loss=-11.978922595473097,dloss=-3.160372262556166e-06
step= 71

nparam= 1004
	dense amplitude time= 0.09370207786560059
	total non-zero amplitudes= 4900
	nsamples per process= 50
	sample time= 1.6222271919250488
	self.n= 0.359162583252865
	collect g,h time= 3.1631672382354736
E=-11.978922595473097,dE=-3.160372262556166e-06,std=0
L=-11.978922595473097,dL=-3.160372262556166e-06,std=0
	gnorm= 0.00019138508043559362
	symmetric= True
	solver time=0.018845558166503906,exit status=0
	SR solver time= 0.018894433975219727
	symmetric= False
	niter= 41
	niter= 387
	solver time=0.13417267799377441,exit status=0
	RGN solver time= 0.13421416282653809
	xnorm=4.389842772362142,dnorm=0.03653733293382627
	dense amplitude time= 0.029351234436035156
	total non-zero amplitudes= 4900
	nsamples per process= 50
	sample time= 0.3700847625732422
	self.n= 0.35789038515825317
	RGN updated loss=-11.97892565661976,dloss=-3.061146662375336e-06
step= 72

nparam= 1004
	dense amplitude time= 0.07998776435852051
	total non-zero amplitudes= 4900
	nsamples per process= 50
	sample time= 1.5822420120239258
	self.n= 0.357890385158253
	collect g,h time= 3.2305166721343994
E=-11.978925656619758,dE=-3.061146660598979e-06,std=0
L=-11.978925656619758,dL=-3.061146660598979e-06,std=0
	gnorm= 0.00017785910702383366
	symmetric= True
	solver time=0.06225752830505371,exit status=0
	SR solver time= 0.0623166561126709
	symmetric= False
	niter= 40
	niter= 390
	solver time=0.17230725288391113,exit status=0
	RGN solver time= 0.17235112190246582
	xnorm=4.399307393179332,dnorm=0.036094076805153745
	dense amplitude time= 0.05351758003234863
	total non-zero amplitudes= 4900
	nsamples per process= 50
	sample time= 0.37508082389831543
	self.n= 0.35658591576678356
	RGN updated loss=-11.978928661470059,dloss=-3.0048503010249306e-06
step= 73

nparam= 1004
	dense amplitude time= 0.10183238983154297
	total non-zero amplitudes= 4900
	nsamples per process= 50
	sample time= 1.5802936553955078
	self.n= 0.35658591576678345
	collect g,h time= 3.1651601791381836
E=-11.978928661470059,dE=-3.0048503010249306e-06,std=0
L=-11.978928661470059,dL=-3.0048503010249306e-06,std=0
	gnorm= 0.00017291972885642476
	symmetric= True
	solver time=0.029287099838256836,exit status=0
	SR solver time= 0.029341697692871094
	symmetric= False
	niter= 38
	niter= 398
	solver time=0.18877100944519043,exit status=0
	RGN solver time= 0.18881511688232422
	xnorm=4.408609204874831,dnorm=0.03566333827800443
	dense amplitude time= 0.03965449333190918
	total non-zero amplitudes= 4900
	nsamples per process= 50
	sample time= 0.38010454177856445
	self.n= 0.3554273188238293
	RGN updated loss=-11.97893157683043,dloss=-2.9153603708920173e-06
step= 74

nparam= 1004
	dense amplitude time= 0.0897831916809082
	total non-zero amplitudes= 4900
	nsamples per process= 50
	sample time= 1.6397216320037842
	self.n= 0.3554273188238294
	collect g,h time= 3.1859066486358643
E=-11.978931576830425,dE=-2.9153603655629468e-06,std=0
L=-11.978931576830425,dL=-2.9153603655629468e-06,std=0
	gnorm= 0.00016162807958360946
	symmetric= True
	solver time=0.03181195259094238,exit status=0
	SR solver time= 0.031868934631347656
	symmetric= False
	niter= 38
	niter= 394
	solver time=0.13263177871704102,exit status=0
	RGN solver time= 0.13267731666564941
	xnorm=4.417648601735557,dnorm=0.03512231339719333
	dense amplitude time= 0.02737140655517578
	total non-zero amplitudes= 4900
	nsamples per process= 50
	sample time= 0.3661308288574219
	self.n= 0.3541972886609151
	RGN updated loss=-11.97893440369985,dloss=-2.8268694247657322e-06
step= 75

nparam= 1004
	dense amplitude time= 0.1009519100189209
	total non-zero amplitudes= 4900
	nsamples per process= 50
	sample time= 1.566286563873291
	self.n= 0.35419728866091466
	collect g,h time= 3.1493005752563477
E=-11.978934403699848,dE=-2.8268694229893754e-06,std=0
L=-11.978934403699848,dL=-2.8268694229893754e-06,std=0
	gnorm= 0.00015576786810596639
	symmetric= True
	solver time=0.02457737922668457,exit status=0
	SR solver time= 0.02462911605834961
	symmetric= False
	niter= 38
	niter= 401
	solver time=0.15005207061767578,exit status=0
	RGN solver time= 0.15009546279907227
	xnorm=4.426581129154361,dnorm=0.03459583789301554
	dense amplitude time= 0.02927541732788086
	total non-zero amplitudes= 4900
	nsamples per process= 50
	sample time= 0.3729832172393799
	self.n= 0.35301621330354316
	RGN updated loss=-11.978937137976475,dloss=-2.734276627336385e-06
step= 76

nparam= 1004
	dense amplitude time= 0.13206958770751953
	total non-zero amplitudes= 4900
	nsamples per process= 50
	sample time= 1.5894112586975098
	self.n= 0.35301621330354305
	collect g,h time= 3.247269630432129
E=-11.978937137976477,dE=-2.734276629112742e-06,std=0
L=-11.978937137976477,dL=-2.734276629112742e-06,std=0
	gnorm= 0.00015465187279933013
	symmetric= True
	solver time=0.00886845588684082,exit status=0
	SR solver time= 0.008914709091186523
	symmetric= False
	niter= 38
	niter= 393
	solver time=0.12665963172912598,exit status=0
	RGN solver time= 0.12670469284057617
	xnorm=4.435345130158286,dnorm=0.03404684201025896
	dense amplitude time= 0.030061721801757812
	total non-zero amplitudes= 4900
	nsamples per process= 50
	sample time= 0.37456512451171875
	self.n= 0.3518729652419722
	RGN updated loss=-11.978939779670657,dloss=-2.641694180738341e-06
step= 77

nparam= 1004
	dense amplitude time= 0.0905160903930664
	total non-zero amplitudes= 4900
	nsamples per process= 50
	sample time= 1.6154136657714844
	self.n= 0.35187296524197176
	collect g,h time= 3.2996597290039062
E=-11.978939779670657,dE=-2.641694180738341e-06,std=0
L=-11.978939779670657,dL=-2.641694180738341e-06,std=0
	gnorm= 0.00014535971880211312
	symmetric= True
	solver time=0.014018774032592773,exit status=0
	SR solver time= 0.014066696166992188
	symmetric= False
	niter= 38
	niter= 402
	solver time=0.16277861595153809,exit status=0
	RGN solver time= 0.16282224655151367
	xnorm=4.443944332473057,dnorm=0.03354091456880984
	dense amplitude time= 0.0303804874420166
	total non-zero amplitudes= 4900
	nsamples per process= 50
	sample time= 0.3705284595489502
	self.n= 0.35076241078996095
	RGN updated loss=-11.978942340657026,dloss=-2.5609863687492407e-06
step= 78

nparam= 1004
	dense amplitude time= 0.17160415649414062
	total non-zero amplitudes= 4900
	nsamples per process= 50
	sample time= 1.5601649284362793
	self.n= 0.3507624107899606
	collect g,h time= 3.3885691165924072
E=-11.978942340657024,dE=-2.560986366972884e-06,std=0
L=-11.978942340657024,dL=-2.560986366972884e-06,std=0
	gnorm= 0.00014696789691128539
	symmetric= True
	solver time=0.030811786651611328,exit status=0
	SR solver time= 0.030866384506225586
	symmetric= False
	niter= 38
	niter= 399
	solver time=0.15165305137634277,exit status=0
	RGN solver time= 0.1517014503479004
	xnorm=4.452388224244171,dnorm=0.03300570992132252
	dense amplitude time= 0.07523751258850098
	total non-zero amplitudes= 4900
	nsamples per process= 50
	sample time= 0.35941433906555176
	self.n= 0.34969871614148385
	RGN updated loss=-11.978944810178877,dloss=-2.469521852788148e-06
step= 79

nparam= 1004
	dense amplitude time= 0.1329941749572754
	total non-zero amplitudes= 4900
	nsamples per process= 50
	sample time= 1.5922634601593018
	self.n= 0.34969871614148373
	collect g,h time= 3.247163772583008
E=-11.978944810178875,dE=-2.469521851011791e-06,std=0
L=-11.978944810178875,dL=-2.469521851011791e-06,std=0
	gnorm= 0.00013519419197957714
	symmetric= True
	solver time=0.06294035911560059,exit status=0
	SR solver time= 0.06299877166748047
	symmetric= False
	niter= 37
	niter= 404
	solver time=0.1763777732849121,exit status=0
	RGN solver time= 0.17642450332641602
	xnorm=4.460667005934113,dnorm=0.032449802213343
	dense amplitude time= 0.06219220161437988
	total non-zero amplitudes= 4900
	nsamples per process= 50
	sample time= 0.3742532730102539
	self.n= 0.34863657166668327
	RGN updated loss=-11.978947195510104,dloss=-2.3853312285382344e-06
step= 80

nparam= 1004
	dense amplitude time= 0.08311247825622559
	total non-zero amplitudes= 4900
	nsamples per process= 50
	sample time= 1.5925781726837158
	self.n= 0.34863657166668294
	collect g,h time= 3.274604320526123
E=-11.978947195510102,dE=-2.3853312267618776e-06,std=0
L=-11.978947195510102,dL=-2.3853312267618776e-06,std=0
	gnorm= 0.00013052939302788524
	symmetric= True
	solver time=0.008099794387817383,exit status=0
	SR solver time= 0.008183717727661133
	symmetric= False
	niter= 37
	niter= 401
	solver time=0.11655306816101074,exit status=0
	RGN solver time= 0.11659979820251465
	xnorm=4.468804111270887,dnorm=0.031889565412805604
	dense amplitude time= 0.03206777572631836
	total non-zero amplitudes= 4900
	nsamples per process= 50
	sample time= 0.3673441410064697
	self.n= 0.34760422636084
	RGN updated loss=-11.9789494928995,dloss=-2.297389398719929e-06
step= 81

nparam= 1004
	dense amplitude time= 0.07082581520080566
	total non-zero amplitudes= 4900
	nsamples per process= 50
	sample time= 1.5744187831878662
	self.n= 0.3476042263608401
	collect g,h time= 3.1668474674224854
E=-11.978949492899499,dE=-2.297389396943572e-06,std=0
L=-11.978949492899499,dL=-2.297389396943572e-06,std=0
	gnorm= 0.00012671461420594505
	symmetric= True
	solver time=0.015436649322509766,exit status=0
	SR solver time= 0.015488147735595703
	symmetric= False
	niter= 37
	niter= 405
	solver time=0.15901875495910645,exit status=0
	RGN solver time= 0.15906238555908203
	xnorm=4.476806034031466,dnorm=0.03133634178117614
	dense amplitude time= 0.02167224884033203
	total non-zero amplitudes= 4900
	nsamples per process= 50
	sample time= 0.36034250259399414
	self.n= 0.3466048225265604
	RGN updated loss=-11.978951707452785,dloss=-2.2145532856399086e-06
step= 82

nparam= 1004
	dense amplitude time= 0.07480001449584961
	total non-zero amplitudes= 4900
	nsamples per process= 50
	sample time= 1.5933775901794434
	self.n= 0.3466048225265601
	collect g,h time= 3.187124490737915
E=-11.978951707452785,dE=-2.2145532856399086e-06,std=0
L=-11.978951707452785,dL=-2.2145532856399086e-06,std=0
	gnorm= 0.00012251384997701722
	symmetric= True
	solver time=0.020491600036621094,exit status=0
	SR solver time= 0.020542621612548828
	symmetric= False
	niter= 37
	niter= 404
	solver time=0.1291344165802002,exit status=0
	RGN solver time= 0.1291813850402832
	xnorm=4.484675408217627,dnorm=0.030782630078505187
	dense amplitude time= 0.05400228500366211
	total non-zero amplitudes= 4900
	nsamples per process= 50
	sample time= 0.3813920021057129
	self.n= 0.34561812768257005
	RGN updated loss=-11.97895384022661,dloss=-2.1327738259913076e-06
step= 83

nparam= 1004
	dense amplitude time= 0.05150127410888672
	total non-zero amplitudes= 4900
	nsamples per process= 50
	sample time= 1.5924768447875977
	self.n= 0.34561812768256994
	collect g,h time= 3.2533762454986572
E=-11.978953840226609,dE=-2.1327738242149508e-06,std=0
L=-11.978953840226609,dL=-2.1327738242149508e-06,std=0
	gnorm= 0.00011901152117076792
	symmetric= True
	solver time=0.015542984008789062,exit status=0
	SR solver time= 0.015590667724609375
	symmetric= False
	niter= 37
	niter= 405
	solver time=0.13564848899841309,exit status=0
	RGN solver time= 0.13568925857543945
	xnorm=4.492412196134203,dnorm=0.030246629940253254
	dense amplitude time= 0.02768254280090332
	total non-zero amplitudes= 4900
	nsamples per process= 50
	sample time= 0.3647191524505615
	self.n= 0.3446555409630503
	RGN updated loss=-11.978955894570609,dloss=-2.0543439998021995e-06
step= 84

nparam= 1004
	dense amplitude time= 0.05994725227355957
	total non-zero amplitudes= 4900
	nsamples per process= 50
	sample time= 1.5702400207519531
	self.n= 0.34465554096305034
	collect g,h time= 3.246753454208374
E=-11.978955894570609,dE=-2.0543439998021995e-06,std=0
L=-11.978955894570609,dL=-2.0543439998021995e-06,std=0
	gnorm= 0.0001305730971121781
	symmetric= True
	solver time=0.007549285888671875,exit status=0
	SR solver time= 0.007592916488647461
	symmetric= False
	niter= 40
	niter= 402
	solver time=0.12122988700866699,exit status=0
	RGN solver time= 0.1212770938873291
	xnorm=4.500028871234477,dnorm=0.029775481281594005
	dense amplitude time= 0.052349090576171875
	total non-zero amplitudes= 4900
	nsamples per process= 50
	sample time= 0.3596370220184326
	self.n= 0.3437002492420614
	RGN updated loss=-11.978957870980881,dloss=-1.9764102727748423e-06
step= 85

nparam= 1004
	dense amplitude time= 0.08706879615783691
	total non-zero amplitudes= 4900
	nsamples per process= 50
	sample time= 1.600550651550293
	self.n= 0.3437002492420614
	collect g,h time= 3.1796092987060547
E=-11.978957870980878,dE=-1.9764102692221286e-06,std=0
L=-11.978957870980878,dL=-1.9764102692221286e-06,std=0
	gnorm= 0.00011681771243980556
	symmetric= True
	solver time=0.007901668548583984,exit status=0
	SR solver time= 0.007949113845825195
	symmetric= False
	niter= 39
	niter= 405
	solver time=0.12977886199951172,exit status=0
	RGN solver time= 0.12982535362243652
	xnorm=4.507582049744042,dnorm=0.029196483288615193
	dense amplitude time= 0.04577207565307617
	total non-zero amplitudes= 4900
	nsamples per process= 50
	sample time= 0.3756382465362549
	self.n= 0.34277257759695123
	RGN updated loss=-11.97895978481541,dloss=-1.9138345326297213e-06
step= 86

nparam= 1004
	dense amplitude time= 0.06328606605529785
	total non-zero amplitudes= 4900
	nsamples per process= 50
	sample time= 1.599219560623169
	self.n= 0.3427725775969509
	collect g,h time= 3.1805355548858643
E=-11.97895978481541,dE=-1.9138345326297213e-06,std=0
L=-11.97895978481541,dL=-1.9138345326297213e-06,std=0
	gnorm= 0.00010681159150652312
	symmetric= True
	solver time=0.01937389373779297,exit status=0
	SR solver time= 0.0194242000579834
	symmetric= False
	niter= 37
	niter= 405
	solver time=0.12462282180786133,exit status=0
	RGN solver time= 0.12466549873352051
	xnorm=4.514953782492974,dnorm=0.028677546135778473
	dense amplitude time= 0.03150057792663574
	total non-zero amplitudes= 4900
	nsamples per process= 50
	sample time= 0.3616464138031006
	self.n= 0.3418612320262209
	RGN updated loss=-11.978961620917861,dloss=-1.8361024505253454e-06
step= 87

nparam= 1004
	dense amplitude time= 0.05117654800415039
	total non-zero amplitudes= 4900
	nsamples per process= 50
	sample time= 1.5574250221252441
	self.n= 0.3418612320262209
	collect g,h time= 3.2532460689544678
E=-11.978961620917865,dE=-1.836102454078059e-06,std=0
L=-11.978961620917865,dL=-1.836102454078059e-06,std=0
	gnorm= 0.00010553439846100453
	symmetric= True
	solver time=0.007319211959838867,exit status=0
	SR solver time= 0.007363080978393555
	symmetric= False
	niter= 37
	niter= 405
	solver time=0.13354969024658203,exit status=0
	RGN solver time= 0.13359332084655762
	xnorm=4.522254637971447,dnorm=0.028172963728418217
	dense amplitude time= 0.06076955795288086
	total non-zero amplitudes= 4900
	nsamples per process= 50
	sample time= 0.3634986877441406
	self.n= 0.34096357800175997
	RGN updated loss=-11.978963390610687,dloss=-1.7696928225063857e-06
step= 88

nparam= 1004
	dense amplitude time= 0.05983424186706543
	total non-zero amplitudes= 4900
	nsamples per process= 50
	sample time= 1.5716841220855713
	self.n= 0.34096357800176
	collect g,h time= 3.1984763145446777
E=-11.978963390610684,dE=-1.769692818953672e-06,std=0
L=-11.978963390610684,dL=-1.769692818953672e-06,std=0
	gnorm= 0.0001032381698973942
	symmetric= True
	solver time=0.01519918441772461,exit status=0
	SR solver time= 0.015248537063598633
	symmetric= False
	niter= 37
	niter= 405
	solver time=0.12590575218200684,exit status=0
	RGN solver time= 0.12595534324645996
	xnorm=4.529464105688695,dnorm=0.027691068405559096
	dense amplitude time= 0.050376176834106445
	total non-zero amplitudes= 4900
	nsamples per process= 50
	sample time= 0.36818623542785645
	self.n= 0.34007750692864824
	RGN updated loss=-11.978965099168178,dloss=-1.7085574945951976e-06
step= 89

nparam= 1004
	dense amplitude time= 0.062432289123535156
	total non-zero amplitudes= 4900
	nsamples per process= 50
	sample time= 1.566983699798584
	self.n= 0.340077506928648
	collect g,h time= 3.175799608230591
E=-11.978965099168178,dE=-1.7085574945951976e-06,std=0
L=-11.978965099168178,dL=-1.7085574945951976e-06,std=0
	gnorm= 0.00010903194318539077
	symmetric= True
	solver time=0.018795251846313477,exit status=0
	SR solver time= 0.018840551376342773
	symmetric= False
	niter= 37
	niter= 404
	solver time=0.16655945777893066,exit status=0
	RGN solver time= 0.16660284996032715
	xnorm=4.536589560696568,dnorm=0.0272432939109907
	dense amplitude time= 0.04195213317871094
	total non-zero amplitudes= 4900
	nsamples per process= 50
	sample time= 0.3620307445526123
	self.n= 0.33920639654724016
	RGN updated loss=-11.978966748107727,dloss=-1.6489395484597935e-06
step= 90

nparam= 1004
	dense amplitude time= 0.057221412658691406
	total non-zero amplitudes= 4900
	nsamples per process= 50
	sample time= 1.546830415725708
	self.n= 0.33920639654723933
	collect g,h time= 3.2121691703796387
E=-11.978966748107727,dE=-1.6489395484597935e-06,std=0
L=-11.978966748107727,dL=-1.6489395484597935e-06,std=0
	gnorm= 0.00010533569711344731
	symmetric= True
	solver time=0.019242286682128906,exit status=0
	SR solver time= 0.019296646118164062
	symmetric= False
	niter= 37
	niter= 405
	solver time=0.19898271560668945,exit status=0
	RGN solver time= 0.19902825355529785
	xnorm=4.5436503557554975,dnorm=0.02680535886727933
	dense amplitude time= 0.02138352394104004
	total non-zero amplitudes= 4900
	nsamples per process= 50
	sample time= 0.37246012687683105
	self.n= 0.3383579107767939
	RGN updated loss=-11.978968344386551,dloss=-1.5962788246781656e-06
step= 91

nparam= 1004
	dense amplitude time= 0.06535530090332031
	total non-zero amplitudes= 4900
	nsamples per process= 50
	sample time= 1.588383674621582
	self.n= 0.33835791077679356
	collect g,h time= 3.2606148719787598
E=-11.97896834438655,dE=-1.5962788229018088e-06,std=0
L=-11.97896834438655,dL=-1.5962788229018088e-06,std=0
	gnorm= 9.945771955919235e-05
	symmetric= True
	solver time=0.007124900817871094,exit status=0
	SR solver time= 0.007169961929321289
	symmetric= False
	niter= 37
	niter= 405
	solver time=0.12430763244628906,exit status=0
	RGN solver time= 0.12435126304626465
	xnorm=4.550616145055649,dnorm=0.026372494215113312
	dense amplitude time= 0.04735541343688965
	total non-zero amplitudes= 4900
	nsamples per process= 50
	sample time= 0.37152957916259766
	self.n= 0.3375083620285634
	RGN updated loss=-11.978969883824961,dloss=-1.5394384114131299e-06
step= 92

nparam= 1004
	dense amplitude time= 0.06930994987487793
	total non-zero amplitudes= 4900
	nsamples per process= 50
	sample time= 1.5827255249023438
	self.n= 0.33750836202856316
	collect g,h time= 3.1199636459350586
E=-11.978969883824963,dE=-1.5394384131894867e-06,std=0
L=-11.978969883824963,dL=-1.5394384131894867e-06,std=0
	gnorm= 0.00010814448340279731
	symmetric= True
	solver time=0.007527828216552734,exit status=0
	SR solver time= 0.007573366165161133
	symmetric= False
	niter= 38
	niter= 405
	solver time=0.1595144271850586,exit status=0
	RGN solver time= 0.1595592498779297
	xnorm=4.557553595543536,dnorm=0.025995910401817635
	dense amplitude time= 0.03395700454711914
	total non-zero amplitudes= 4900
	nsamples per process= 50
	sample time= 0.3572251796722412
	self.n= 0.33670521829240807
	RGN updated loss=-11.978971376912506,dloss=-1.4930875433805113e-06
step= 93

nparam= 1004
	dense amplitude time= 0.04844379425048828
	total non-zero amplitudes= 4900
	nsamples per process= 50
	sample time= 1.5498876571655273
	self.n= 0.33670521829240807
	collect g,h time= 3.205026388168335
E=-11.978971376912504,dE=-1.4930875416041545e-06,std=0
L=-11.978971376912504,dL=-1.4930875416041545e-06,std=0
	gnorm= 0.000123059344795052
	symmetric= True
	solver time=0.007665157318115234,exit status=0
	SR solver time= 0.007708072662353516
	symmetric= False
	niter= 41
	niter= 399
	solver time=0.12121391296386719,exit status=0
	RGN solver time= 0.12125730514526367
	xnorm=4.564372971073956,dnorm=0.02559541261156729
	dense amplitude time= 0.030469894409179688
	total non-zero amplitudes= 4900
	nsamples per process= 50
	sample time= 0.36896538734436035
	self.n= 0.3358526484287784
	RGN updated loss=-11.978972821784284,dloss=-1.4448717795545463e-06
step= 94

nparam= 1004
	dense amplitude time= 0.05775189399719238
	total non-zero amplitudes= 4900
	nsamples per process= 50
	sample time= 1.5934357643127441
	self.n= 0.33585264842877816
	collect g,h time= 3.2407028675079346
E=-11.978972821784284,dE=-1.4448717795545463e-06,std=0
L=-11.978972821784284,dL=-1.4448717795545463e-06,std=0
	gnorm= 0.0002073394009112896
	symmetric= True
	solver time=0.008050918579101562,exit status=0
	SR solver time= 0.008096933364868164
	symmetric= False
	niter= 42
	niter= 374
	solver time=0.1199033260345459,exit status=0
	RGN solver time= 0.11995911598205566
	xnorm=4.571210193869597,dnorm=0.025223009501089185
	dense amplitude time= 0.036134958267211914
	total non-zero amplitudes= 4900
	nsamples per process= 50
	sample time= 0.365797758102417
	self.n= 0.3350326204452946
	RGN updated loss=-11.97897422312635,dloss=-1.4013420663872012e-06
step= 95

nparam= 1004
	dense amplitude time= 0.05402064323425293
	total non-zero amplitudes= 4900
	nsamples per process= 50
	sample time= 1.5542371273040771
	self.n= 0.3350326204452941
	collect g,h time= 3.1250193119049072
E=-11.978974223126347,dE=-1.4013420628344875e-06,std=0
L=-11.978974223126347,dL=-1.4013420628344875e-06,std=0
	gnorm= 0.00012411988312337912
	symmetric= True
	solver time=0.008054018020629883,exit status=0
	SR solver time= 0.008098602294921875
	symmetric= False
	niter= 38
	niter= 391
	solver time=0.1118919849395752,exit status=0
	RGN solver time= 0.1119382381439209
	xnorm=4.577957917760821,dnorm=0.02483331629606232
	dense amplitude time= 0.05254030227661133
	total non-zero amplitudes= 4900
	nsamples per process= 50
	sample time= 0.3641209602355957
	self.n= 0.3342255702721501
	RGN updated loss=-11.978975587254329,dloss=-1.3641279821285934e-06
step= 96

nparam= 1004
	dense amplitude time= 0.07198977470397949
	total non-zero amplitudes= 4900
	nsamples per process= 50
	sample time= 1.597106695175171
	self.n= 0.33422557027215
	collect g,h time= 3.1601855754852295
E=-11.978975587254327,dE=-1.3641279803522366e-06,std=0
L=-11.978975587254327,dL=-1.3641279803522366e-06,std=0
	gnorm= 8.803505478609305e-05
	symmetric= True
	solver time=0.007852792739868164,exit status=0
	SR solver time= 0.007895946502685547
	symmetric= False
	niter= 36
	niter= 405
	solver time=0.11607980728149414,exit status=0
	RGN solver time= 0.11612486839294434
	xnorm=4.584676569716439,dnorm=0.024482676754961737
	dense amplitude time= 0.020220279693603516
	total non-zero amplitudes= 4900
	nsamples per process= 50
	sample time= 0.36635732650756836
	self.n= 0.33342764009962095
	RGN updated loss=-11.978976907285357,dloss=-1.3200310302607932e-06
step= 97

nparam= 1004
	dense amplitude time= 0.05138707160949707
	total non-zero amplitudes= 4900
	nsamples per process= 50
	sample time= 1.557462215423584
	self.n= 0.33342764009962056
	collect g,h time= 3.213979482650757
E=-11.978976907285357,dE=-1.3200310302607932e-06,std=0
L=-11.978976907285357,dL=-1.3200310302607932e-06,std=0
	gnorm= 0.00010214655756618225
	symmetric= True
	solver time=0.01825404167175293,exit status=0
	SR solver time= 0.018304824829101562
	symmetric= False
	niter= 37
	niter= 405
	solver time=0.15021586418151855,exit status=0
	RGN solver time= 0.15025949478149414
	xnorm=4.591358145066933,dnorm=0.024138405007712284
	dense amplitude time= 0.029294729232788086
	total non-zero amplitudes= 4900
	nsamples per process= 50
	sample time= 0.37438011169433594
	self.n= 0.33262657901075143
	RGN updated loss=-11.978978190234193,dloss=-1.2829488351684404e-06
step= 98

nparam= 1004
	dense amplitude time= 0.05595707893371582
	total non-zero amplitudes= 4900
	nsamples per process= 50
	sample time= 1.5798728466033936
	self.n= 0.3326265790107513
	collect g,h time= 3.1642258167266846
E=-11.978978190234193,dE=-1.2829488351684404e-06,std=0
L=-11.978978190234193,dL=-1.2829488351684404e-06,std=0
	gnorm= 0.0001196320520278607
	symmetric= True
	solver time=0.0077931880950927734,exit status=0
	SR solver time= 0.007837057113647461
	symmetric= False
	niter= 43
	niter= 405
	solver time=0.11490392684936523,exit status=0
	RGN solver time= 0.11494874954223633
	xnorm=4.597999579744694,dnorm=0.023863170382084388
	dense amplitude time= 0.020112037658691406
	total non-zero amplitudes= 4900
	nsamples per process= 50
	sample time= 0.3664822578430176
	self.n= 0.33185674575724255
	RGN updated loss=-11.97897940882384,dloss=-1.2185896469674162e-06
step= 99

nparam= 1004
	dense amplitude time= 0.07290077209472656
	total non-zero amplitudes= 4900
	nsamples per process= 50
	sample time= 1.5790362358093262
	self.n= 0.3318567457572422
	collect g,h time= 3.1875455379486084
E=-11.978979408823834,dE=-1.2185896416383457e-06,std=0
L=-11.978979408823834,dL=-1.2185896416383457e-06,std=0
	gnorm= 0.00011234648635097777
	symmetric= True
	solver time=0.020483970642089844,exit status=0
	SR solver time= 0.02053523063659668
	symmetric= False
	niter= 41
	niter= 398
	solver time=0.13820362091064453,exit status=0
	RGN solver time= 0.13824987411499023
	xnorm=4.604572601194144,dnorm=0.023562785162580004
	dense amplitude time= 0.0552823543548584
	total non-zero amplitudes= 4900
	nsamples per process= 50
	sample time= 0.36057496070861816
	self.n= 0.33108570293329653
	RGN updated loss=-11.978980645066256,dloss=-1.2362424222089885e-06
layer= 0
nparam= 660
hop_ls= [(1, 5), (1, 8), (1, 9), (1, 13), (5, 8), (5, 9), (5, 13), (8, 9), (8, 13), (9, 13)]

layer= 1
nparam= 144
hop_ls= [(9, 14), (1, 6), (2, 5), (2, 8), (2, 14), (13, 14), (6, 8), (6, 14), (5, 6), (8, 14), (1, 2), (1, 14), (2, 13), (6, 13), (5, 14), (2, 9), (2, 6), (6, 9)]

layer= 2
nparam= 152
hop_ls= [(6, 12), (4, 9), (4, 6), (4, 12), (12, 13), (0, 2), (5, 10), (0, 5), (8, 12), (0, 8), (0, 14), (10, 12), (1, 12), (4, 5), (4, 8), (4, 14), (5, 12), (0, 1), (9, 10), (2, 4), (0, 4), (0, 10), (0, 13), (2, 10), (10, 14), (6, 10), (12, 14), (4, 10), (4, 13), (9, 12), (0, 9), (8, 10), (1, 4), (0, 6), (0, 12), (2, 12), (1, 10), (10, 13)]

layer= 3
nparam= 48
hop_ls= [(6, 15), (3, 4), (3, 10), (5, 7), (4, 15), (3, 13), (9, 11), (11, 14), (1, 3), (2, 11), (8, 15), (0, 11), (10, 15), (1, 15), (6, 11), (7, 10), (7, 13), (3, 9), (12, 15), (3, 6), (3, 12), (4, 11), (14, 15), (8, 11), (0, 7), (5, 15), (10, 11), (2, 7), (1, 11), (11, 13), (7, 9), (6, 7), (7, 12), (4, 7), (3, 5), (3, 8), (3, 14), (5, 11), (0, 3), (9, 15), (2, 3), (11, 12), (1, 7), (0, 15), (2, 15), (13, 15), (7, 8), (7, 14)]

step= 100

nparam= 1004
ntotal configs= 4900
        dense amplitude time= 0.05792832374572754
        total non-zero amplitudes= 4900
        nsamples per process= 159
        sample time= 16.10602116584778
        self.n= 0.33108570293329653
        collect g,h time= 18.59470248222351
E=-11.978980645066258,dE=0,std=0
L=-11.978980645066258,dL=0,std=0
        gnorm= 8.389388616431301e-05
        symmetric= True
        solver time=0.008537530899047852,exit status=0
        SR solver time= 0.008631467819213867
        symmetric= False
        niter= 36
        niter= 376
        solver time=0.11966991424560547,exit status=0
        RGN solver time= 0.1197047233581543
        xnorm=4.6111504580617595,dnorm=0.023397233485537326
        dense amplitude time= 0.046433448791503906
        total non-zero amplitudes= 4900
        nsamples per process= 159
        sample time= 0.5768520832061768
        self.n= 0.330310304437592
        RGN updated loss=-11.978981842518468,dloss=-1.1974522102775609e-06
step= 101

nparam= 1004
        dense amplitude time= 0.06252813339233398
        total non-zero amplitudes= 4900
        nsamples per process= 159
        sample time= 2.8125216960906982
        self.n= 0.33031030443759146
        collect g,h time= 4.979651212692261
E=-11.978981842518472,dE=-1.1974522138302746e-06,std=0
L=-11.978981842518472,dL=-1.1974522138302746e-06,std=0
        gnorm= 0.00010685638430899395
        symmetric= True
        solver time=0.008936166763305664,exit status=0
        SR solver time= 0.008971691131591797
        symmetric= False
        niter= 42
        niter= 374
        solver time=0.10205626487731934,exit status=0
        RGN solver time= 0.10209178924560547
        xnorm=4.61772965280629,dnorm=0.023166589414898554
        dense amplitude time= 0.0458219051361084
        total non-zero amplitudes= 4900
        nsamples per process= 159
        sample time= 0.5764560699462891
        self.n= 0.3295401989014022
        RGN updated loss=-11.978982975292638,dloss=-1.1327741660238644e-06
step= 102

nparam= 1004
        dense amplitude time= 0.04358053207397461
        total non-zero amplitudes= 4900
        nsamples per process= 159
        sample time= 2.7036044597625732
        self.n= 0.3295401989014018
        collect g,h time= 5.0138349533081055
E=-11.97898297529264,dE=-1.1327741678002212e-06,std=0
L=-11.97898297529264,dL=-1.1327741678002212e-06,std=0
        gnorm= 0.00011783484240566544
        symmetric= True
        solver time=0.006414175033569336,exit status=0
        SR solver time= 0.006478309631347656
        symmetric= False
        niter= 42
        niter= 371
        solver time=0.09995436668395996,exit status=0
        RGN solver time= 0.09998154640197754
        xnorm=4.624273090991859,dnorm=0.022989717538989783
        dense amplitude time= 0.04625821113586426
        total non-zero amplitudes= 4900
        nsamples per process= 159
        sample time= 0.5752723217010498
        self.n= 0.3287553645456731
        RGN updated loss=-11.97898414007196,dloss=-1.1647793201063905e-06
step= 103

nparam= 1004
        dense amplitude time= 0.04341316223144531
        total non-zero amplitudes= 4900
        nsamples per process= 159
        sample time= 2.6853370666503906
        self.n= 0.328755364545673
        collect g,h time= 5.1123268604278564
E=-11.97898414007196,dE=-1.1647793201063905e-06,std=0
L=-11.97898414007196,dL=-1.1647793201063905e-06,std=0
        gnorm= 0.00010131873140334157
        symmetric= True
        solver time=0.006168842315673828,exit status=0
        SR solver time= 0.006204366683959961
        symmetric= False
        niter= 40
        niter= 374
        solver time=0.10255002975463867,exit status=0
        RGN solver time= 0.1025857925415039
        xnorm=4.630764786979941,dnorm=0.022623190591121674
        dense amplitude time= 0.04615354537963867
        total non-zero amplitudes= 4900
        nsamples per process= 159
        sample time= 0.5740447044372559
        self.n= 0.32801302967430845
        RGN updated loss=-11.978985249052359,dloss=-1.1089803990671498e-06
step= 104

nparam= 1004
        dense amplitude time= 0.044025421142578125
        total non-zero amplitudes= 4900
        nsamples per process= 159
        sample time= 2.6926088333129883
        self.n= 0.32801302967430856
        collect g,h time= 4.985870599746704
E=-11.978985249052359,dE=-1.1089803990671498e-06,std=0
L=-11.978985249052359,dL=-1.1089803990671498e-06,std=0
        gnorm= 0.000134019653659192
        symmetric= True
        solver time=0.006224870681762695,exit status=0
        SR solver time= 0.006262302398681641
        symmetric= False
        niter= 43
        niter= 364
        solver time=0.09790778160095215,exit status=0
        RGN solver time= 0.0979461669921875
        xnorm=4.637299990358544,dnorm=0.022409909766808046
        dense amplitude time= 0.044741153717041016
        total non-zero amplitudes= 4900
        nsamples per process= 159
        sample time= 0.5740675926208496
        self.n= 0.3272654970523561
        RGN updated loss=-11.978986326313786,dloss=-1.0772614267295921e-06
step= 105

nparam= 1004
        dense amplitude time= 0.04683732986450195
        total non-zero amplitudes= 4900
        nsamples per process= 159
        sample time= 2.732494354248047
        self.n= 0.32726549705235575
        collect g,h time= 5.121347904205322
E=-11.97898632631379,dE=-1.0772614302823058e-06,std=0
L=-11.97898632631379,dL=-1.0772614302823058e-06,std=0
        gnorm= 0.0001219642619407412
        symmetric= True
        solver time=0.005705595016479492,exit status=0
        SR solver time= 0.005766391754150391
        symmetric= False
        niter= 41
        niter= 367
        solver time=0.09808111190795898,exit status=0
        RGN solver time= 0.09811115264892578
        xnorm=4.643859754713947,dnorm=0.022166283748805124
        dense amplitude time= 0.044374704360961914
        total non-zero amplitudes= 4900
        nsamples per process= 159
        sample time= 0.5721712112426758
        self.n= 0.32653441323192184
        RGN updated loss=-11.978987400720321,dloss=-1.0744065317425111e-06
step= 106

nparam= 1004
        dense amplitude time= 0.04357099533081055
        total non-zero amplitudes= 4900
        nsamples per process= 159
        sample time= 2.679927110671997
        self.n= 0.32653441323192156
        collect g,h time= 5.146433591842651
E=-11.97898740072032,dE=-1.0744065299661543e-06,std=0
L=-11.97898740072032,dL=-1.0744065299661543e-06,std=0
        gnorm= 8.429811762517593e-05
        symmetric= True
        solver time=0.005441904067993164,exit status=0
        SR solver time= 0.005478620529174805
        symmetric= False
        niter= 37
        niter= 374
        solver time=0.0994715690612793,exit status=0
        RGN solver time= 0.09949874877929688
        xnorm=4.650299671827756,dnorm=0.02191900887939346
        dense amplitude time= 0.046114206314086914
        total non-zero amplitudes= 4900
        nsamples per process= 159
        sample time= 0.574519157409668
        self.n= 0.32578403515998083
        RGN updated loss=-11.97898844630852,dloss=-1.0455882009097195e-06
step= 107

nparam= 1004
        dense amplitude time= 0.044121742248535156
        total non-zero amplitudes= 4900
        nsamples per process= 159
        sample time= 2.7513427734375
        self.n= 0.32578403515998056
        collect g,h time= 4.967998504638672
E=-11.978988446308518,dE=-1.0455881991333627e-06,std=0
L=-11.978988446308518,dL=-1.0455881991333627e-06,std=0
        gnorm= 0.00014239778401702792
        symmetric= True
        solver time=0.005977153778076172,exit status=0
        SR solver time= 0.006012439727783203
        symmetric= False
        niter= 43
        niter= 361
        solver time=0.0979151725769043,exit status=0
        RGN solver time= 0.0979459285736084
        xnorm=4.656760312535403,dnorm=0.021733438577185717
        dense amplitude time= 0.043688297271728516
        total non-zero amplitudes= 4900
        nsamples per process= 159
        sample time= 0.5752248764038086
        self.n= 0.325054074792417
        RGN updated loss=-11.978989448387779,dloss=-1.0020792604592543e-06
step= 108

nparam= 1004
        dense amplitude time= 0.053916215896606445
        total non-zero amplitudes= 4900
        nsamples per process= 159
        sample time= 2.7239391803741455
        self.n= 0.32505407479241677
        collect g,h time= 5.018410921096802
E=-11.978989448387779,dE=-1.0020792604592543e-06,std=0
L=-11.978989448387779,dL=-1.0020792604592543e-06,std=0
        gnorm= 0.00013314192833495153
        symmetric= True
        solver time=0.00641632080078125,exit status=0
        SR solver time= 0.006479740142822266
        symmetric= False
        niter= 44
        niter= 365
        solver time=0.09947824478149414,exit status=0
        RGN solver time= 0.09951114654541016
        xnorm=4.663254122644477,dnorm=0.021553599009640885
        dense amplitude time= 0.04629397392272949
        total non-zero amplitudes= 4900
        nsamples per process= 159
        sample time= 0.5754983425140381
        self.n= 0.3243166836421135
        RGN updated loss=-11.978990464304252,dloss=-1.0159164727241432e-06
step= 109

nparam= 1004
        dense amplitude time= 0.04360675811767578
        total non-zero amplitudes= 4900
        nsamples per process= 159
        sample time= 2.6882190704345703
        self.n= 0.32431668364211325
        collect g,h time= 4.965247392654419
E=-11.97899046430425,dE=-1.0159164709477864e-06,std=0
L=-11.97899046430425,dL=-1.0159164709477864e-06,std=0
        gnorm= 0.00014416868179762898
        symmetric= True
        solver time=0.005831480026245117,exit status=0
        SR solver time= 0.005869150161743164
        symmetric= False
        niter= 43
        niter= 359
        solver time=0.10497903823852539,exit status=0
        RGN solver time= 0.10501480102539062
        xnorm=4.6696891456961005,dnorm=0.021351061531165515
        dense amplitude time= 0.04628777503967285
        total non-zero amplitudes= 4900
        nsamples per process= 159
        sample time= 0.6583609580993652
        self.n= 0.323607772703854
        RGN updated loss=-11.97899143522903,dloss=-9.70924780574478e-07
step= 110

nparam= 1004
        dense amplitude time= 0.043961286544799805
        total non-zero amplitudes= 4900
        nsamples per process= 159
        sample time= 2.6694042682647705
        self.n= 0.32360777270385366
        collect g,h time= 5.078932285308838
E=-11.978991435229032,dE=-9.70924782350835e-07,std=0
L=-11.978991435229032,dL=-9.70924782350835e-07,std=0
        gnorm= 0.00011492720239605865
        symmetric= True
        solver time=0.0059320926666259766,exit status=0
        SR solver time= 0.005967378616333008
        symmetric= False
        niter= 41
        niter= 369
        solver time=0.10042262077331543,exit status=0
        RGN solver time= 0.10046148300170898
        xnorm=4.67613529716445,dnorm=0.021158569815218575
        dense amplitude time= 0.04222369194030762
        total non-zero amplitudes= 4900
        nsamples per process= 159
        sample time= 0.5780463218688965
        self.n= 0.3228957335601394
        RGN updated loss=-11.978992418837239,dloss=-9.836082064396123e-07
step= 111

nparam= 1004
        dense amplitude time= 0.09008264541625977
        total non-zero amplitudes= 4900
        nsamples per process= 159
        sample time= 2.7185163497924805
        self.n= 0.3228957335601392
        collect g,h time= 5.052736043930054
E=-11.978992418837239,dE=-9.836082064396123e-07,std=0
L=-11.978992418837239,dL=-9.836082064396123e-07,std=0
        gnorm= 0.00013399974612974245
        symmetric= True
        solver time=0.00586390495300293,exit status=0
        SR solver time= 0.0059015750885009766
        symmetric= False
        niter= 43
        niter= 359
        solver time=0.0968015193939209,exit status=0
        RGN solver time= 0.0968468189239502
        xnorm=4.682501990890988,dnorm=0.020949410667416856
        dense amplitude time= 0.04369831085205078
        total non-zero amplitudes= 4900
        nsamples per process= 159
        sample time= 0.5760440826416016
        self.n= 0.32216052102723325
        RGN updated loss=-11.978993352204053,dloss=-9.333668149480445e-07
step= 112

nparam= 1004
        dense amplitude time= 0.05433058738708496
        total non-zero amplitudes= 4900
        nsamples per process= 159
        sample time= 2.6911654472351074
        self.n= 0.3221605210272334
        collect g,h time= 5.184133291244507
E=-11.978993352204052,dE=-9.333668131716877e-07,std=0
L=-11.978993352204052,dL=-9.333668131716877e-07,std=0
        gnorm= 0.00011506615186581875
        symmetric= True
        solver time=0.0060307979583740234,exit status=0
        SR solver time= 0.006097555160522461
        symmetric= False
        niter= 41
        niter= 373
        solver time=0.10174322128295898,exit status=0
        RGN solver time= 0.10177969932556152
        xnorm=4.688934248339468,dnorm=0.020844237077780558
        dense amplitude time= 0.046208858489990234
        total non-zero amplitudes= 4900
        nsamples per process= 159
        sample time= 0.5749399662017822
        self.n= 0.3214424983728441
        RGN updated loss=-11.978994294930418,dloss=-9.42726366304214e-07
step= 113

nparam= 1004
        dense amplitude time= 0.04344582557678223
        total non-zero amplitudes= 4900
        nsamples per process= 159
        sample time= 2.751765727996826
        self.n= 0.3214424983728442
        collect g,h time= 5.023317337036133
E=-11.978994294930418,dE=-9.42726366304214e-07,std=0
L=-11.978994294930418,dL=-9.42726366304214e-07,std=0
        gnorm= 9.167954467791494e-05
        symmetric= True
        solver time=0.005106449127197266,exit status=0
        SR solver time= 0.005146026611328125
        symmetric= False
        niter= 38
        niter= 374
        solver time=0.10107898712158203,exit status=0
        RGN solver time= 0.10111522674560547
        xnorm=4.695189571355377,dnorm=0.020634034709554643
        dense amplitude time= 0.0438840389251709
        total non-zero amplitudes= 4900
        nsamples per process= 159
        sample time= 0.5738687515258789
        self.n= 0.3207542239069934
        RGN updated loss=-11.978995220495227,dloss=-9.255648087957979e-07
step= 114

nparam= 1004
        dense amplitude time= 0.054112911224365234
        total non-zero amplitudes= 4900
        nsamples per process= 159
        sample time= 2.672295093536377
        self.n= 0.32075422390699354
        collect g,h time= 4.968360662460327
E=-11.978995220495227,dE=-9.255648087957979e-07,std=0
L=-11.978995220495227,dL=-9.255648087957979e-07,std=0
        gnorm= 7.475062532768407e-05
        symmetric= True
        solver time=0.005065441131591797,exit status=0
        SR solver time= 0.005098819732666016
        symmetric= False
        niter= 36
        niter= 378
        solver time=0.10309982299804688,exit status=0
        RGN solver time= 0.10314202308654785
        xnorm=4.701532363728523,dnorm=0.020478150376661744
        dense amplitude time= 0.04369091987609863
        total non-zero amplitudes= 4900
        nsamples per process= 159
        sample time= 0.5745503902435303
        self.n= 0.32004255852469765
        RGN updated loss=-11.978996131034467,dloss=-9.105392404507029e-07
step= 115

nparam= 1004
        dense amplitude time= 0.045369625091552734
        total non-zero amplitudes= 4900
        nsamples per process= 159
        sample time= 2.7589964866638184
        self.n= 0.320042558524698
        collect g,h time= 4.9486846923828125
E=-11.978996131034465,dE=-9.10539238674346e-07,std=0
L=-11.978996131034465,dL=-9.10539238674346e-07,std=0
        gnorm= 9.252640813768237e-05
        symmetric= True
        solver time=0.005251646041870117,exit status=0
        SR solver time= 0.005286455154418945
        symmetric= False
        niter= 39
        niter= 374
        solver time=0.10176301002502441,exit status=0
        RGN solver time= 0.10178923606872559
        xnorm=4.707871806635561,dnorm=0.020347680696759577
        dense amplitude time= 0.04376578330993652
        total non-zero amplitudes= 4900
        nsamples per process= 159
        sample time= 0.5746431350708008
        self.n= 0.31934111771678886
        RGN updated loss=-11.97899701639773,dloss=-8.853632653682553e-07
step= 116

nparam= 1004
        dense amplitude time= 0.043009042739868164
        total non-zero amplitudes= 4900
        nsamples per process= 159
        sample time= 2.7275524139404297
        self.n= 0.3193411177167885
        collect g,h time= 5.000340938568115
E=-11.97899701639773,dE=-8.853632653682553e-07,std=0
L=-11.97899701639773,dL=-8.853632653682553e-07,std=0
        gnorm= 0.00011186059700977222
        symmetric= True
        solver time=0.005708932876586914,exit status=0
        SR solver time= 0.005746126174926758
        symmetric= False
        niter= 42
        niter= 374
        solver time=0.10079360008239746,exit status=0
        RGN solver time= 0.1008291244506836
        xnorm=4.714142471960913,dnorm=0.020288758671970546
        dense amplitude time= 0.04382038116455078
        total non-zero amplitudes= 4900
        nsamples per process= 159
        sample time= 0.5752990245819092
        self.n= 0.3186730705332199
        RGN updated loss=-11.978997906943079,dloss=-8.905453476870662e-07
step= 117

nparam= 1004
        dense amplitude time= 0.043609619140625
        total non-zero amplitudes= 4900
        nsamples per process= 159
        sample time= 2.687143564224243
        self.n= 0.31867307053321986
        collect g,h time= 5.007716178894043
E=-11.978997906943077,dE=-8.905453459107093e-07,std=0
L=-11.978997906943077,dL=-8.905453459107093e-07,std=0
        gnorm= 0.0001049557793465814
        symmetric= True
        solver time=0.0057523250579833984,exit status=0
        SR solver time= 0.0058362483978271484
        symmetric= False
        niter= 41
        niter= 372
        solver time=0.10597991943359375,exit status=0
        RGN solver time= 0.10600876808166504
        xnorm=4.720471258554047,dnorm=0.020174880219449146
        dense amplitude time= 0.046198129653930664
        total non-zero amplitudes= 4900
        nsamples per process= 159
        sample time= 0.5766386985778809
        self.n= 0.317990813365702
        RGN updated loss=-11.978998783065164,dloss=-8.761220868791497e-07
step= 118

nparam= 1004
        dense amplitude time= 0.05458235740661621
        total non-zero amplitudes= 4900
        nsamples per process= 159
        sample time= 2.752826690673828
        self.n= 0.3179908133657018
        collect g,h time= 4.972823858261108
E=-11.978998783065164,dE=-8.761220868791497e-07,std=0
L=-11.978998783065164,dL=-8.761220868791497e-07,std=0
        gnorm= 7.891425130399274e-05
        symmetric= True
        solver time=0.005150794982910156,exit status=0
        SR solver time= 0.005186557769775391
        symmetric= False
        niter= 38
        niter= 377
        solver time=0.10167837142944336,exit status=0
        RGN solver time= 0.10170507431030273
        xnorm=4.726753691734023,dnorm=0.02006622374757831
        dense amplitude time= 0.043678998947143555
        total non-zero amplitudes= 4900
        nsamples per process= 159
        sample time= 0.5754544734954834
        self.n= 0.317311428347268
        RGN updated loss=-11.978999663732282,dloss=-8.806671178973602e-07
step= 119

nparam= 1004
        dense amplitude time= 0.04358506202697754
        total non-zero amplitudes= 4900
        nsamples per process= 159
        sample time= 2.7142653465270996
        self.n= 0.3173114283472679
        collect g,h time= 5.185155630111694
E=-11.978999663732278,dE=-8.806671143446465e-07,std=0
L=-11.978999663732278,dL=-8.806671143446465e-07,std=0
        gnorm= 0.00011365111630485346
        symmetric= True
        solver time=0.0057828426361083984,exit status=0
        SR solver time= 0.0058209896087646484
        symmetric= False
        niter= 42
        niter= 374
        solver time=0.10125470161437988,exit status=0
        RGN solver time= 0.1012868881225586
        xnorm=4.733074054522504,dnorm=0.01994369609380009
        dense amplitude time= 0.043699026107788086
        total non-zero amplitudes= 4900
        nsamples per process= 159
        sample time= 0.5762124061584473
        self.n= 0.31661583461905807
        RGN updated loss=-11.979000516619498,dloss=-8.528872204038862e-07
step= 120

nparam= 1004
        dense amplitude time= 0.054650306701660156
        total non-zero amplitudes= 4900
        nsamples per process= 159
        sample time= 2.7420051097869873
        self.n= 0.31661583461905807
        collect g,h time= 5.12750768661499
E=-11.979000516619497,dE=-8.528872186275294e-07,std=0
L=-11.979000516619497,dL=-8.528872186275294e-07,std=0
        gnorm= 8.297179704192996e-05
        symmetric= True
        solver time=0.005340099334716797,exit status=0
        SR solver time= 0.00537562370300293
        symmetric= False
        niter= 40
        niter= 374
        solver time=0.10839557647705078,exit status=0
        RGN solver time= 0.1084294319152832
        xnorm=4.739384127414609,dnorm=0.01985159579820306
        dense amplitude time= 0.04606771469116211
        total non-zero amplitudes= 4900
        nsamples per process= 159
        sample time= 0.5750124454498291
        self.n= 0.3159227495212011
        RGN updated loss=-11.979001378720765,dloss=-8.621012685949836e-07
step= 121

nparam= 1004
        dense amplitude time= 0.07188248634338379
        total non-zero amplitudes= 4900
        nsamples per process= 159
        sample time= 2.7113749980926514
        self.n= 0.3159227495212008
        collect g,h time= 5.026955842971802
E=-11.979001378720767,dE=-8.621012703713404e-07,std=0
L=-11.979001378720767,dL=-8.621012703713404e-07,std=0
        gnorm= 9.101010617760741e-05
        symmetric= True
        solver time=0.005367279052734375,exit status=0
        SR solver time= 0.005402088165283203
        symmetric= False
        niter= 39
        niter= 374
        solver time=0.10098481178283691,exit status=0
        RGN solver time= 0.1010141372680664
        xnorm=4.7456986500324705,dnorm=0.019739032384177523
        dense amplitude time= 0.043837785720825195
        total non-zero amplitudes= 4900
        nsamples per process= 159
        sample time= 0.5741806030273438
        self.n= 0.3152432254286132
        RGN updated loss=-11.979002206694963,dloss=-8.279741958716613e-07
step= 122

nparam= 1004
        dense amplitude time= 0.05403447151184082
        total non-zero amplitudes= 4900
        nsamples per process= 159
        sample time= 2.678218126296997
        self.n= 0.31524322542861316
        collect g,h time= 4.955805778503418
E=-11.979002206694963,dE=-8.279741958716613e-07,std=0
L=-11.979002206694963,dL=-8.279741958716613e-07,std=0
        gnorm= 0.00011516841025961496
        symmetric= True
        solver time=0.00610041618347168,exit status=0
        SR solver time= 0.006134748458862305
        symmetric= False
        niter= 41
        niter= 374
        solver time=0.10214829444885254,exit status=0
        RGN solver time= 0.10217976570129395
        xnorm=4.751925975944617,dnorm=0.019937134113140985
        dense amplitude time= 0.044713735580444336
        total non-zero amplitudes= 4900
        nsamples per process= 159
        sample time= 0.5765194892883301
        self.n= 0.31463141120377947
        RGN updated loss=-11.979003040976215,dloss=-8.342812520822918e-07
step= 123

nparam= 1004
        dense amplitude time= 0.04414200782775879
        total non-zero amplitudes= 4900
        nsamples per process= 159
        sample time= 2.7125437259674072
        self.n= 0.3146314112037791
        collect g,h time= 5.150327205657959
E=-11.979003040976215,dE=-8.342812520822918e-07,std=0
L=-11.979003040976215,dL=-8.342812520822918e-07,std=0
        gnorm= 0.00010493329059856121
        symmetric= True
        solver time=0.005463361740112305,exit status=0
        SR solver time= 0.005543231964111328
        symmetric= False
        niter= 41
        niter= 374
        solver time=0.09976863861083984,exit status=0
        RGN solver time= 0.09979557991027832
        xnorm=4.758205223477479,dnorm=0.019649223251620468
        dense amplitude time= 0.043659210205078125
        total non-zero amplitudes= 4900
        nsamples per process= 159
        sample time= 0.5758390426635742
        self.n= 0.3139392986146694
        RGN updated loss=-11.97900387291423,dloss=-8.319380153665179e-07
step= 124

nparam= 1004
        dense amplitude time= 0.04357266426086426
        total non-zero amplitudes= 4900
        nsamples per process= 159
        sample time= 2.705045223236084
        self.n= 0.3139392986146692
        collect g,h time= 4.94487452507019
E=-11.97900387291423,dE=-8.319380153665179e-07,std=0
L=-11.97900387291423,dL=-8.319380153665179e-07,std=0
        gnorm= 7.060790811548629e-05
        symmetric= True
        solver time=0.0052394866943359375,exit status=0
        SR solver time= 0.005276679992675781
        symmetric= False
        niter= 38
        niter= 390
        solver time=0.10594820976257324,exit status=0
        RGN solver time= 0.10597777366638184
        xnorm=4.764403047256179,dnorm=0.019545683103060048
        dense amplitude time= 0.04576468467712402
        total non-zero amplitudes= 4900
        nsamples per process= 159
        sample time= 0.5747151374816895
        self.n= 0.3132478263087803
        RGN updated loss=-11.979004708753182,dloss=-8.358389518292597e-07
step= 125

nparam= 1004
        dense amplitude time= 0.05429387092590332
        total non-zero amplitudes= 4900
        nsamples per process= 159
        sample time= 2.749924898147583
        self.n= 0.31324782630878023
        collect g,h time= 4.9817893505096436
E=-11.979004708753182,dE=-8.358389518292597e-07,std=0
L=-11.979004708753182,dL=-8.358389518292597e-07,std=0
        gnorm= 7.590767295437348e-05
        symmetric= True
        solver time=0.005164623260498047,exit status=0
        SR solver time= 0.005199432373046875
        symmetric= False
        niter= 38
        niter= 381
        solver time=0.10517311096191406,exit status=0
        RGN solver time= 0.10520100593566895
        xnorm=4.770624616126201,dnorm=0.019440365565667236
        dense amplitude time= 0.04603743553161621
        total non-zero amplitudes= 4900
        nsamples per process= 159
        sample time= 0.5746665000915527
        self.n= 0.3126368605796435
        RGN updated loss=-11.979005520951095,dloss=-8.121979124808831e-07
step= 126

nparam= 1004
        dense amplitude time= 0.0435633659362793
        total non-zero amplitudes= 4900
        nsamples per process= 159
        sample time= 2.739018678665161
        self.n= 0.3126368605796434
        collect g,h time= 5.049466609954834
E=-11.979005520951096,dE=-8.1219791425724e-07,std=0
L=-11.979005520951096,dL=-8.1219791425724e-07,std=0
        gnorm= 6.53569267407519e-05
        symmetric= True
        solver time=0.005555152893066406,exit status=0
        SR solver time= 0.0055921077728271484
        symmetric= False
        niter= 37
        niter= 399
        solver time=0.10936117172241211,exit status=0
        RGN solver time= 0.10938858985900879
        xnorm=4.776769204496581,dnorm=0.019401632322350378
        dense amplitude time= 0.04482769966125488
        total non-zero amplitudes= 4900
        nsamples per process= 159
        sample time= 0.5747494697570801
        self.n= 0.31191743390913906
        RGN updated loss=-11.979006341352164,dloss=-8.20401067969101e-07
step= 127

nparam= 1004
        dense amplitude time= 0.05477452278137207
        total non-zero amplitudes= 4900
        nsamples per process= 159
        sample time= 2.673386573791504
        self.n= 0.3119174339091388
        collect g,h time= 4.954960823059082
E=-11.979006341352164,dE=-8.20401067969101e-07,std=0
L=-11.979006341352164,dL=-8.20401067969101e-07,std=0
        gnorm= 7.466142003847573e-05
        symmetric= True
        solver time=0.0052793025970458984,exit status=0
        SR solver time= 0.00531458854675293
        symmetric= False
        niter= 38
        niter= 384
        solver time=0.10409688949584961,exit status=0
        RGN solver time= 0.1041264533996582
        xnorm=4.782953976572371,dnorm=0.01930020397093123
        dense amplitude time= 0.04378700256347656
        total non-zero amplitudes= 4900
        nsamples per process= 159
        sample time= 0.5747439861297607
        self.n= 0.3113112151685343
        RGN updated loss=-11.979007145211277,dloss=-8.038591126080519e-07
step= 128

nparam= 1004
        dense amplitude time= 0.0544583797454834
        total non-zero amplitudes= 4900
        nsamples per process= 159
        sample time= 2.7790486812591553
        self.n= 0.31131121516853394
        collect g,h time= 5.086878776550293
E=-11.979007145211277,dE=-8.038591126080519e-07,std=0
L=-11.979007145211277,dL=-8.038591126080519e-07,std=0
        gnorm= 6.258686180171337e-05
        symmetric= True
        solver time=0.005348682403564453,exit status=0
        SR solver time= 0.005385875701904297
        symmetric= False
        niter= 36
        niter= 403
        solver time=0.1094048023223877,exit status=0
        RGN solver time= 0.10943293571472168
        xnorm=4.7890585070174305,dnorm=0.019289806705438027
        dense amplitude time= 0.04628729820251465
        total non-zero amplitudes= 4900
        nsamples per process= 159
        sample time= 0.575270414352417
        self.n= 0.3105949397546114
        RGN updated loss=-11.979007957590921,dloss=-8.123796444436948e-07
step= 129

nparam= 1004
        dense amplitude time= 0.04386496543884277
        total non-zero amplitudes= 4900
        nsamples per process= 159
        sample time= 2.70505952835083
        self.n= 0.3105949397546114
        collect g,h time= 4.952960252761841
E=-11.979007957590921,dE=-8.123796444436948e-07,std=0
L=-11.979007957590921,dL=-8.123796444436948e-07,std=0
        gnorm= 7.103278438053449e-05
        symmetric= True
        solver time=0.005116939544677734,exit status=0
        SR solver time= 0.00515294075012207
        symmetric= False
        niter= 37
        niter= 394
        solver time=0.10733985900878906,exit status=0
        RGN solver time= 0.10736870765686035
        xnorm=4.795190462458662,dnorm=0.019212670634550778
        dense amplitude time= 0.043761253356933594
        total non-zero amplitudes= 4900
        nsamples per process= 159
        sample time= 0.5749156475067139
        self.n= 0.30989033025909596
        RGN updated loss=-11.979008760995194,dloss=-8.034042728866098e-07
step= 130

nparam= 1004
        dense amplitude time= 0.05273556709289551
        total non-zero amplitudes= 4900
        nsamples per process= 159
        sample time= 2.7890725135803223
        self.n= 0.30989033025909574
        collect g,h time= 4.961241245269775
E=-11.979008760995194,dE=-8.034042728866098e-07,std=0
L=-11.979008760995194,dL=-8.034042728866098e-07,std=0
        gnorm= 7.426186363083693e-05
        symmetric= True
        solver time=0.00554203987121582,exit status=0
        SR solver time= 0.005579471588134766
        symmetric= False
        niter= 37
        niter= 386
        solver time=0.10595107078552246,exit status=0
        RGN solver time= 0.10598015785217285
        xnorm=4.801290659102787,dnorm=0.01915428023765592
        dense amplitude time= 0.04224514961242676
        total non-zero amplitudes= 4900
        nsamples per process= 159
        sample time= 0.5772099494934082
        self.n= 0.309277299571148
        RGN updated loss=-11.979009560633187,dloss=-7.996379931540787e-07
step= 131

nparam= 1004
        dense amplitude time= 0.05769920349121094
        total non-zero amplitudes= 4900
        nsamples per process= 159
        sample time= 2.748809814453125
        self.n= 0.3092772995711476
        collect g,h time= 5.04171085357666
E=-11.979009560633186,dE=-7.996379913777218e-07,std=0
L=-11.979009560633186,dL=-7.996379913777218e-07,std=0
        gnorm= 7.187791620759162e-05
        symmetric= True
        solver time=0.005188703536987305,exit status=0
        SR solver time= 0.005222320556640625
        symmetric= False
        niter= 37
        niter= 391
        solver time=0.10556626319885254,exit status=0
        RGN solver time= 0.10559296607971191
        xnorm=4.807310713870227,dnorm=0.019082530066641675
        dense amplitude time= 0.04374241828918457
        total non-zero amplitudes= 4900
        nsamples per process= 159
        sample time= 0.577282190322876
        self.n= 0.3086542274175733
        RGN updated loss=-11.97901034898987,dloss=-7.883566848221335e-07
step= 132

nparam= 1004
        dense amplitude time= 0.053186893463134766
        total non-zero amplitudes= 4900
        nsamples per process= 159
        sample time= 2.7164313793182373
        self.n= 0.3086542274175731
        collect g,h time= 5.087449312210083
E=-11.979010348989869,dE=-7.883566830457767e-07,std=0
L=-11.979010348989869,dL=-7.883566830457767e-07,std=0
        gnorm= 6.047322761236794e-05
        symmetric= True
        solver time=0.005175352096557617,exit status=0
        SR solver time= 0.005211353302001953
        symmetric= False
        niter= 37
        niter= 405
        solver time=0.10912013053894043,exit status=0
        RGN solver time= 0.10915040969848633
        xnorm=4.813301714465997,dnorm=0.019145600070084697
        dense amplitude time= 0.043570756912231445
        total non-zero amplitudes= 4900
        nsamples per process= 159
        sample time= 0.57767653465271
        self.n= 0.30792580317105356
        RGN updated loss=-11.979011152883801,dloss=-8.038939327548178e-07
step= 133

nparam= 1004
        dense amplitude time= 0.053626060485839844
        total non-zero amplitudes= 4900
        nsamples per process= 159
        sample time= 2.6964175701141357
        self.n= 0.30792580317105334
        collect g,h time= 5.097109794616699
E=-11.979011152883803,dE=-8.038939345311746e-07,std=0
L=-11.979011152883803,dL=-8.038939345311746e-07,std=0
        gnorm= 6.913318201634613e-05
        symmetric= True
        solver time=0.005250453948974609,exit status=0
        SR solver time= 0.005284786224365234
        symmetric= False
        niter= 37
        niter= 401
        solver time=0.10889339447021484,exit status=0
        RGN solver time= 0.10892200469970703
        xnorm=4.819286836853091,dnorm=0.019059526381183675
        dense amplitude time= 0.043889522552490234
        total non-zero amplitudes= 4900
        nsamples per process= 159
        sample time= 0.576610803604126
        self.n= 0.3072274671373442
        RGN updated loss=-11.979011943363025,dloss=-7.904792216351098e-07
step= 134

nparam= 1004
        dense amplitude time= 0.043609619140625
        total non-zero amplitudes= 4900
        nsamples per process= 159
        sample time= 2.7615067958831787
        self.n= 0.30722746713734433
        collect g,h time= 5.110188007354736
E=-11.979011943363023,dE=-7.904792198587529e-07,std=0
L=-11.979011943363023,dL=-7.904792198587529e-07,std=0
        gnorm= 6.147246239209791e-05
        symmetric= True
        solver time=0.00487065315246582,exit status=0
        SR solver time= 0.004906415939331055
        symmetric= False
        niter= 37
        niter= 405
        solver time=0.10865330696105957,exit status=0
        RGN solver time= 0.10868310928344727
        xnorm=4.82524538760492,dnorm=0.01906469416216269
        dense amplitude time= 0.043711185455322266
        total non-zero amplitudes= 4900
        nsamples per process= 159
        sample time= 0.5773510932922363
        self.n= 0.3065168512505533
        RGN updated loss=-11.97901273983448,dloss=-7.96471457675807e-07
step= 135

nparam= 1004
        dense amplitude time= 0.053316593170166016
        total non-zero amplitudes= 4900
        nsamples per process= 159
        sample time= 2.7922685146331787
        self.n= 0.3065168512505535
        collect g,h time= 5.054797172546387
E=-11.979012739834477,dE=-7.964714541230933e-07,std=0
L=-11.979012739834477,dL=-7.964714541230933e-07,std=0
        gnorm= 0.00021611412853239794
        symmetric= True
        solver time=0.0060024261474609375,exit status=0
        SR solver time= 0.006067991256713867
        symmetric= False
        niter= 43
        niter= 343
        solver time=0.0942230224609375,exit status=0
        RGN solver time= 0.0942530632019043
        xnorm=4.831154982631454,dnorm=0.0190258717013633
        dense amplitude time= 0.04365253448486328
        total non-zero amplitudes= 4900
        nsamples per process= 159
        sample time= 0.5765550136566162
        self.n= 0.3057893737651981
        RGN updated loss=-11.979013523236334,dloss=-7.834018571628576e-07
step= 136

nparam= 1004
        dense amplitude time= 0.044957637786865234
        total non-zero amplitudes= 4900
        nsamples per process= 159
        sample time= 2.6998531818389893
        self.n= 0.3057893737651979
        collect g,h time= 4.991613388061523
E=-11.979013523236333,dE=-7.834018553865008e-07,std=0
L=-11.979013523236333,dL=-7.834018553865008e-07,std=0
        gnorm= 0.00011772133192345791
        symmetric= True
        solver time=0.005574703216552734,exit status=0
        SR solver time= 0.005613803863525391
        symmetric= False
        niter= 39
        niter= 374
        solver time=0.10124659538269043,exit status=0
        RGN solver time= 0.101287841796875
        xnorm=4.837038523598147,dnorm=0.01899306003711748
        dense amplitude time= 0.046082258224487305
        total non-zero amplitudes= 4900
        nsamples per process= 159
        sample time= 0.5744690895080566
        self.n= 0.3050756389344713
        RGN updated loss=-11.979014319238548,dloss=-7.96002215253111e-07
step= 137

nparam= 1004
        dense amplitude time= 0.05392932891845703
        total non-zero amplitudes= 4900
        nsamples per process= 159
        sample time= 2.736821413040161
        self.n= 0.30507563893447087
        collect g,h time= 5.114750623703003
E=-11.979014319238548,dE=-7.96002215253111e-07,std=0
L=-11.979014319238548,dL=-7.96002215253111e-07,std=0
        gnorm= 0.0002060652136920294
        symmetric= True
        solver time=0.00592494010925293,exit status=0
        SR solver time= 0.005961179733276367
        symmetric= False
        niter= 43
        niter= 343
        solver time=0.09370851516723633,exit status=0
        RGN solver time= 0.09373688697814941
        xnorm=4.842891721338233,dnorm=0.01894384978419298
        dense amplitude time= 0.04366183280944824
        total non-zero amplitudes= 4900
        nsamples per process= 159
        sample time= 0.5751888751983643
        self.n= 0.30434947265144136
        RGN updated loss=-11.979015096844309,dloss=-7.776057611152964e-07
step= 138

nparam= 1004
        dense amplitude time= 0.05389571189880371
        total non-zero amplitudes= 4900
        nsamples per process= 159
        sample time= 2.789454698562622
        self.n= 0.3043494726514412
        collect g,h time= 4.939532041549683
E=-11.97901509684431,dE=-7.776057628916533e-07,std=0
L=-11.97901509684431,dL=-7.776057628916533e-07,std=0
        gnorm= 0.00012124584784211511
        symmetric= True
        solver time=0.00550389289855957,exit status=0
        SR solver time= 0.0055391788482666016
        symmetric= False
        niter= 40
        niter= 374
        solver time=0.10161375999450684,exit status=0
        RGN solver time= 0.10164451599121094
        xnorm=4.848690291057878,dnorm=0.01896404976492676
        dense amplitude time= 0.04360246658325195
        total non-zero amplitudes= 4900
        nsamples per process= 159
        sample time= 0.5767769813537598
        self.n= 0.3036226272934
        RGN updated loss=-11.979015892503838,dloss=-7.956595275970813e-07
step= 139

nparam= 1004
        dense amplitude time= 0.04349946975708008
        total non-zero amplitudes= 4900
        nsamples per process= 159
        sample time= 2.6718528270721436
        self.n= 0.3036226272934
        collect g,h time= 5.019948720932007
E=-11.979015892503838,dE=-7.956595275970813e-07,std=0
L=-11.979015892503838,dL=-7.956595275970813e-07,std=0
        gnorm= 4.8635971200654814e-05
        symmetric= True
        solver time=0.0051038265228271484,exit status=0
        SR solver time= 0.00513911247253418
        symmetric= False
        niter= 36
        niter= 408
        solver time=0.11417794227600098,exit status=0
        RGN solver time= 0.11420822143554688
        xnorm=4.854462319025195,dnorm=0.018948582451572413
        dense amplitude time= 0.043817758560180664
        total non-zero amplitudes= 4900
        nsamples per process= 159
        sample time= 0.5757746696472168
        self.n= 0.30289641366756814
        RGN updated loss=-11.97901667929022,dloss=-7.8678638182339e-07
step= 140

nparam= 1004
        dense amplitude time= 0.04375410079956055
        total non-zero amplitudes= 4900
        nsamples per process= 159
        sample time= 2.7023754119873047
        self.n= 0.30289641366756775
        collect g,h time= 5.004004001617432
E=-11.979016679290222,dE=-7.867863835997468e-07,std=0
L=-11.979016679290222,dL=-7.867863835997468e-07,std=0
        gnorm= 6.687994021794783e-05
        symmetric= True
        solver time=0.004960536956787109,exit status=0
        SR solver time= 0.004995584487915039
        symmetric= False
        niter= 37
        niter= 405
        solver time=0.10764956474304199,exit status=0
        RGN solver time= 0.10767912864685059
        xnorm=4.860180801668888,dnorm=0.01893379970526242
        dense amplitude time= 0.04361581802368164
        total non-zero amplitudes= 4900
        nsamples per process= 159
        sample time= 0.5805306434631348
        self.n= 0.3021719688446992
        RGN updated loss=-11.979017463169455,dloss=-7.838792335235212e-07
step= 141

nparam= 1004
        dense amplitude time= 0.06502270698547363
        total non-zero amplitudes= 4900
        nsamples per process= 159
        sample time= 2.75654673576355
        self.n= 0.3021719688446992
        collect g,h time= 5.128066301345825
E=-11.97901746316946,dE=-7.838792388525917e-07,std=0
L=-11.97901746316946,dL=-7.838792388525917e-07,std=0
        gnorm= 5.8693093145698134e-05
        symmetric= True
        solver time=0.005006074905395508,exit status=0
        SR solver time= 0.005040407180786133
        symmetric= False
        niter= 36
        niter= 405
        solver time=0.10983395576477051,exit status=0
        RGN solver time= 0.10986495018005371
        xnorm=4.865852553361974,dnorm=0.01892132844773
        dense amplitude time= 0.04373002052307129
        total non-zero amplitudes= 4900
        nsamples per process= 159
        sample time= 0.5752980709075928
        self.n= 0.30144819644029963
        RGN updated loss=-11.979018248213418,dloss=-7.85043956952336e-07
step= 142

nparam= 1004
        dense amplitude time= 0.05377316474914551
        total non-zero amplitudes= 4900
        nsamples per process= 159
        sample time= 2.690300464630127
        self.n= 0.3014481964402995
        collect g,h time= 4.959230422973633
E=-11.979018248213412,dE=-7.850439516232655e-07,std=0
L=-11.979018248213412,dL=-7.850439516232655e-07,std=0
        gnorm= 4.721527104223075e-05
        symmetric= True
        solver time=0.0046541690826416016,exit status=0
        SR solver time= 0.00468897819519043
        symmetric= False
        niter= 35
        niter= 405
        solver time=0.10775494575500488,exit status=0
        RGN solver time= 0.10778546333312988
        xnorm=4.871480125031298,dnorm=0.018905943113479692
        dense amplitude time= 0.04362130165100098
        total non-zero amplitudes= 4900
        nsamples per process= 159
        sample time= 0.5779666900634766
        self.n= 0.30072091767958686
        RGN updated loss=-11.97901903182499,dloss=-7.836115774040309e-07
step= 143

nparam= 1004
        dense amplitude time= 0.05242514610290527
        total non-zero amplitudes= 4900
        nsamples per process= 159
        sample time= 2.693211078643799
        self.n= 0.3007209176795872
        collect g,h time= 5.101691722869873
E=-11.979019031824992,dE=-7.836115791803877e-07,std=0
L=-11.979019031824992,dL=-7.836115791803877e-07,std=0
        gnorm= 5.166260236146217e-05
        symmetric= True
        solver time=0.00501704216003418,exit status=0
        SR solver time= 0.005053997039794922
        symmetric= False
        niter= 36
        niter= 405
        solver time=0.10980868339538574,exit status=0
        RGN solver time= 0.10983848571777344
        xnorm=4.877061361137238,dnorm=0.01890432794368038
        dense amplitude time= 0.04374194145202637
        total non-zero amplitudes= 4900
        nsamples per process= 159
        sample time= 0.5767359733581543
        self.n= 0.2999980167484172
        RGN updated loss=-11.979019815978642,dloss=-7.841536504571422e-07
step= 144

nparam= 1004
        dense amplitude time= 0.043494224548339844
        total non-zero amplitudes= 4900
        nsamples per process= 159
        sample time= 2.797229290008545
        self.n= 0.2999980167484174
        collect g,h time= 4.994275331497192
E=-11.97901981597864,dE=-7.841536486807854e-07,std=0
L=-11.97901981597864,dL=-7.841536486807854e-07,std=0
        gnorm= 4.711345260784333e-05
        symmetric= True
        solver time=0.005051136016845703,exit status=0
        SR solver time= 0.005086183547973633
        symmetric= False
        niter= 35
        niter= 408
        solver time=0.1101837158203125,exit status=0
        RGN solver time= 0.11021208763122559
        xnorm=4.882601631056818,dnorm=0.01889681406673514
        dense amplitude time= 0.046340227127075195
        total non-zero amplitudes= 4900
        nsamples per process= 159
        sample time= 0.5768477916717529
        self.n= 0.2992662745146174
        RGN updated loss=-11.979020598624395,dloss=-7.826457544268806e-07
step= 145

nparam= 1004
        dense amplitude time= 0.05532217025756836
        total non-zero amplitudes= 4900
        nsamples per process= 159
        sample time= 2.7315480709075928
        self.n= 0.2992662745146177
        collect g,h time= 5.075913429260254
E=-11.979020598624395,dE=-7.826457544268806e-07,std=0
L=-11.979020598624395,dL=-7.826457544268806e-07,std=0
        gnorm= 4.7734957328247485e-05
        symmetric= True
        solver time=0.005083799362182617,exit status=0
        SR solver time= 0.005120038986206055
        symmetric= False
        niter= 35
        niter= 413
        solver time=0.11182761192321777,exit status=0
        RGN solver time= 0.11185956001281738
        xnorm=4.888088402872315,dnorm=0.01887890181353099
        dense amplitude time= 0.046205759048461914
        total non-zero amplitudes= 4900
        nsamples per process= 159
        sample time= 0.5756192207336426
        self.n= 0.29851948309819853
        RGN updated loss=-11.979021378561171,dloss=-7.799367764960152e-07
step= 146

nparam= 1004
        dense amplitude time= 0.04449105262756348
        total non-zero amplitudes= 4900
        nsamples per process= 159
        sample time= 2.7393271923065186
        self.n= 0.2985194830981981
        collect g,h time= 5.0620129108428955
E=-11.979021378561173,dE=-7.799367782723721e-07,std=0
L=-11.979021378561173,dL=-7.799367782723721e-07,std=0
        gnorm= 5.604499701817658e-05
        symmetric= True
        solver time=0.004861116409301758,exit status=0
        SR solver time= 0.004896402359008789
        symmetric= False
        niter= 36
        niter= 405
        solver time=0.10859966278076172,exit status=0
        RGN solver time= 0.10863065719604492
        xnorm=4.893513014175457,dnorm=0.01887988287172919
        dense amplitude time= 0.04375886917114258
        total non-zero amplitudes= 4900
        nsamples per process= 159
        sample time= 0.5761001110076904
        self.n= 0.2977868492042718
        RGN updated loss=-11.979022161592184,dloss=-7.830310106982097e-07
step= 147

nparam= 1004
        dense amplitude time= 0.05366396903991699
        total non-zero amplitudes= 4900
        nsamples per process= 159
        sample time= 2.6848628520965576
        self.n= 0.29778684920427123
        collect g,h time= 5.035756826400757
E=-11.97902216159218,dE=-7.83031007145496e-07,std=0
L=-11.97902216159218,dL=-7.83031007145496e-07,std=0
        gnorm= 4.8223650427362315e-05
        symmetric= True
        solver time=0.0051021575927734375,exit status=0
        SR solver time= 0.005171537399291992
        symmetric= False
        niter= 36
        niter= 409
        solver time=0.11034297943115234,exit status=0
        RGN solver time= 0.11037683486938477
        xnorm=4.898914251351028,dnorm=0.018850125543890702
        dense amplitude time= 0.046209096908569336
        total non-zero amplitudes= 4900
        nsamples per process= 159
        sample time= 0.5756924152374268
        self.n= 0.2970516693391164
        RGN updated loss=-11.979022939264292,dloss=-7.776721115959617e-07
step= 148

nparam= 1004
        dense amplitude time= 0.049884796142578125
        total non-zero amplitudes= 4900
        nsamples per process= 159
        sample time= 2.7362866401672363
        self.n= 0.297051669339116
        collect g,h time= 5.044612884521484
E=-11.979022939264292,dE=-7.776721115959617e-07,std=0
L=-11.979022939264292,dL=-7.776721115959617e-07,std=0
        gnorm= 6.391946740684922e-05
        symmetric= True
        solver time=0.005628108978271484,exit status=0
        SR solver time= 0.005666255950927734
        symmetric= False
        niter= 41
        niter= 405
        solver time=0.1097102165222168,exit status=0
        RGN solver time= 0.10974431037902832
        xnorm=4.904244214341407,dnorm=0.018874422409873397
        dense amplitude time= 0.043663740158081055
        total non-zero amplitudes= 4900
        nsamples per process= 159
        sample time= 0.577866792678833
        self.n= 0.29630730452801857
        RGN updated loss=-11.979023714943393,dloss=-7.75679101394644e-07
step= 149

nparam= 1004
        dense amplitude time= 0.04359722137451172
        total non-zero amplitudes= 4900
        nsamples per process= 159
        sample time= 2.713362693786621
        self.n= 0.29630730452801873
        collect g,h time= 5.015722751617432
E=-11.979023714943391,dE=-7.756790996182872e-07,std=0
L=-11.979023714943391,dL=-7.756790996182872e-07,std=0
        gnorm= 6.000406840883688e-05
        symmetric= True
        solver time=0.0053904056549072266,exit status=0
        SR solver time= 0.005425930023193359
        symmetric= False
        niter= 40
        niter= 405
        solver time=0.10757684707641602,exit status=0
        RGN solver time= 0.10761547088623047
        xnorm=4.9095150210963645,dnorm=0.018822787129935535
        dense amplitude time= 0.0436856746673584
        total non-zero amplitudes= 4900
        nsamples per process= 159
        sample time= 0.5762660503387451
        self.n= 0.29555802399344333
        RGN updated loss=-11.97902449676644,dloss=-7.81823048967567e-07
layer= 0
nparam= 660
hop_ls= [(1, 5), (1, 8), (1, 9), (1, 13), (5, 8), (5, 9), (5, 13), (8, 9), (8, 13), (9, 13)]

layer= 1
nparam= 144
hop_ls= [(9, 14), (1, 6), (2, 5), (2, 8), (2, 14), (13, 14), (6, 8), (6, 14), (5, 6), (8, 14), (1, 2), (1, 14), (2, 13), (6, 13), (5, 14), (2, 9), (2, 6), (6, 9)]

layer= 2
nparam= 152
hop_ls= [(6, 12), (4, 9), (4, 6), (4, 12), (12, 13), (0, 2), (5, 10), (0, 5), (8, 12), (0, 8), (0, 14), (10, 12), (1, 12), (4, 5), (4, 8), (4, 14), (5, 12), (0, 1), (9, 10), (2, 4), (0, 4), (0, 10), (0, 13), (2, 10), (10, 14), (6, 10), (12, 14), (4, 10), (4, 13), (9, 12), (0, 9), (8, 10), (1, 4), (0, 6), (0, 12), (2, 12), (1, 10), (10, 13)]

layer= 3
nparam= 48
hop_ls= [(6, 15), (3, 4), (3, 10), (5, 7), (4, 15), (3, 13), (9, 11), (11, 14), (1, 3), (2, 11), (8, 15), (0, 11), (10, 15), (1, 15), (6, 11), (7, 10), (7, 13), (3, 9), (12, 15), (3, 6), (3, 12), (4, 11), (14, 15), (8, 11), (0, 7), (5, 15), (10, 11), (2, 7), (1, 11), (11, 13), (7, 9), (6, 7), (7, 12), (4, 7), (3, 5), (3, 8), (3, 14), (5, 11), (0, 3), (9, 15), (2, 3), (11, 12), (1, 7), (0, 15), (2, 15), (13, 15), (7, 8), (7, 14)]

step= 150

nparam= 1004
ntotal configs= 4900
	dense amplitude time= 0.12807464599609375
	total non-zero amplitudes= 4900
	nsamples per process= 50
	sample time= 5.712382555007935
	self.n= 0.29555802399344355
	collect g,h time= 8.382628679275513
E=-11.97902449676644,dE=0,std=0
L=-11.97902449676644,dL=0,std=0
	gnorm= 0.00019360269966138942
	symmetric= True
	solver time=0.18591642379760742,exit status=0
	SR solver time= 0.1860361099243164
	symmetric= False
	niter= 46
	niter= 343
	solver time=0.22887754440307617,exit status=0
	RGN solver time= 0.22892498970031738
	xnorm=4.9147316860672445,dnorm=0.01893680709371664
	dense amplitude time= 0.018174171447753906
	total non-zero amplitudes= 4900
	nsamples per process= 50
	sample time= 0.3455839157104492
	self.n= 0.294786994494502
	RGN updated loss=-11.979025267433386,dloss=-7.706669453710902e-07
step= 151

nparam= 1004
	dense amplitude time= 0.15308356285095215
	total non-zero amplitudes= 4900
	nsamples per process= 50
	sample time= 1.5397346019744873
	self.n= 0.29478699449450185
	collect g,h time= 3.2606723308563232
E=-11.979025267433387,dE=-7.70666947147447e-07,std=0
L=-11.979025267433387,dL=-7.70666947147447e-07,std=0
	gnorm= 0.0001154633359194355
	symmetric= True
	solver time=0.01859140396118164,exit status=0
	SR solver time= 0.018677234649658203
	symmetric= False
	niter= 42
	niter= 371
	solver time=0.15927553176879883,exit status=0
	RGN solver time= 0.1593163013458252
	xnorm=4.9199169107440985,dnorm=0.018881511131914958
	dense amplitude time= 0.018929719924926758
	total non-zero amplitudes= 4900
	nsamples per process= 50
	sample time= 0.3521153926849365
	self.n= 0.29402643320218125
	RGN updated loss=-11.979026061228675,dloss=-7.937952872794085e-07
step= 152

nparam= 1004
	dense amplitude time= 0.027936697006225586
	total non-zero amplitudes= 4900
	nsamples per process= 50
	sample time= 1.536008596420288
	self.n= 0.2940264332021814
	collect g,h time= 3.3059959411621094
E=-11.97902606122867,dE=-7.93795281950338e-07,std=0
L=-11.97902606122867,dL=-7.93795281950338e-07,std=0
	gnorm= 0.00020866891480371289
	symmetric= True
	niter= 45
	solver time=0.04849529266357422,exit status=0
	SR solver time= 0.04855465888977051
	symmetric= False
	niter= 343
	solver time=0.32694172859191895,exit status=0
	RGN solver time= 0.32698655128479004
	xnorm=4.925017499847613,dnorm=0.018933731731519188
	dense amplitude time= 0.017729997634887695
	total non-zero amplitudes= 4900
	nsamples per process= 50
	sample time= 0.44851064682006836
	self.n= 0.29325590676704183
	RGN updated loss=-11.979026826693836,dloss=-7.65465166807644e-07
step= 153

nparam= 1004
	dense amplitude time= 0.1759321689605713
	total non-zero amplitudes= 4900
	nsamples per process= 50
	sample time= 1.5189285278320312
	self.n= 0.29325590676704183
	collect g,h time= 3.324352979660034
E=-11.979026826693834,dE=-7.654651650312871e-07,std=0
L=-11.979026826693834,dL=-7.654651650312871e-07,std=0
	gnorm= 0.000135722247878068
	symmetric= True
	niter= 43
	solver time=0.0087432861328125,exit status=0
	SR solver time= 0.008841991424560547
	symmetric= False
	niter= 368
	solver time=0.2127387523651123,exit status=0
	RGN solver time= 0.2127845287322998
	xnorm=4.930104767202399,dnorm=0.01893902626086963
	dense amplitude time= 0.017842531204223633
	total non-zero amplitudes= 4900
	nsamples per process= 50
	sample time= 0.347210168838501
	self.n= 0.2925644999700919
	RGN updated loss=-11.97902761562326,dloss=-7.889294248997203e-07
step= 154

nparam= 1004
	dense amplitude time= 0.031230926513671875
	total non-zero amplitudes= 4900
	nsamples per process= 50
	sample time= 1.524634599685669
	self.n= 0.2925644999700918
	collect g,h time= 3.320755958557129
E=-11.979027615623261,dE=-7.889294266760771e-07,std=0
L=-11.979027615623261,dL=-7.889294266760771e-07,std=0
	gnorm= 5.5256944354834465e-05
	symmetric= True
	solver time=0.007996559143066406,exit status=0
	SR solver time= 0.00803995132446289
	symmetric= False
	niter= 38
	niter= 405
	solver time=0.126251220703125,exit status=0
	RGN solver time= 0.1262984275817871
	xnorm=4.935076782827407,dnorm=0.01884242836173397
	dense amplitude time= 0.017348051071166992
	total non-zero amplitudes= 4900
	nsamples per process= 50
	sample time= 0.3507711887359619
	self.n= 0.29175215552105666
	RGN updated loss=-11.979028394332564,dloss=-7.787093032618486e-07
step= 155

nparam= 1004
	dense amplitude time= 0.10587024688720703
	total non-zero amplitudes= 4900
	nsamples per process= 50
	sample time= 1.5462641716003418
	self.n= 0.2917521555210568
	collect g,h time= 3.3304824829101562
E=-11.979028394332564,dE=-7.787093032618486e-07,std=0
L=-11.979028394332564,dL=-7.787093032618486e-07,std=0
	gnorm= 4.331167747746576e-05
	symmetric= True
	solver time=0.00654911994934082,exit status=0
	SR solver time= 0.006622791290283203
	symmetric= False
	niter= 34
	niter= 408
	solver time=0.1495823860168457,exit status=0
	RGN solver time= 0.14962363243103027
	xnorm=4.94001226429551,dnorm=0.01881754796274311
	dense amplitude time= 0.027925968170166016
	total non-zero amplitudes= 4900
	nsamples per process= 50
	sample time= 0.35907602310180664
	self.n= 0.29097781110714105
	RGN updated loss=-11.979029167537158,dloss=-7.732045936847953e-07
step= 156

nparam= 1004
	dense amplitude time= 0.055811166763305664
	total non-zero amplitudes= 4900
	nsamples per process= 50
	sample time= 1.5231709480285645
	self.n= 0.2909778111071408
	collect g,h time= 3.3409340381622314
E=-11.979029167537158,dE=-7.732045936847953e-07,std=0
L=-11.979029167537158,dL=-7.732045936847953e-07,std=0
	gnorm= 4.2941218276980625e-05
	symmetric= True
	solver time=0.00638270378112793,exit status=0
	SR solver time= 0.0064258575439453125
	symmetric= False
	niter= 34
	niter= 409
	solver time=0.12369155883789062,exit status=0
	RGN solver time= 0.1237328052520752
	xnorm=4.944886717585862,dnorm=0.018800738073279404
	dense amplitude time= 0.019489526748657227
	total non-zero amplitudes= 4900
	nsamples per process= 50
	sample time= 0.4385402202606201
	self.n= 0.29020526227007404
	RGN updated loss=-11.979029939520798,dloss=-7.719836396802293e-07
step= 157

nparam= 1004
	dense amplitude time= 0.14673662185668945
	total non-zero amplitudes= 4900
	nsamples per process= 50
	sample time= 1.5421786308288574
	self.n= 0.29020526227007404
	collect g,h time= 3.317458152770996
E=-11.979029939520798,dE=-7.719836396802293e-07,std=0
L=-11.979029939520798,dL=-7.719836396802293e-07,std=0
	gnorm= 7.23964713011501e-05
	symmetric= True
	solver time=0.006347179412841797,exit status=0
	SR solver time= 0.0063893795013427734
	symmetric= False
	niter= 40
	niter= 392
	solver time=0.14709949493408203,exit status=0
	RGN solver time= 0.1471419334411621
	xnorm=4.94970037118223,dnorm=0.01878969672825164
	dense amplitude time= 0.018631458282470703
	total non-zero amplitudes= 4900
	nsamples per process= 50
	sample time= 0.3594789505004883
	self.n= 0.2894419461875385
	RGN updated loss=-11.979030700418015,dloss=-7.608972172334916e-07
step= 158

nparam= 1004
	dense amplitude time= 0.04628467559814453
	total non-zero amplitudes= 4900
	nsamples per process= 50
	sample time= 1.4962306022644043
	self.n= 0.2894419461875385
	collect g,h time= 3.3385379314422607
E=-11.979030700418011,dE=-7.608972136807779e-07,std=0
L=-11.979030700418011,dL=-7.608972136807779e-07,std=0
	gnorm= 6.420279186338208e-05
	symmetric= True
	solver time=0.013522863388061523,exit status=0
	SR solver time= 0.013597488403320312
	symmetric= False
	niter= 40
	niter= 401
	solver time=0.23165035247802734,exit status=0
	RGN solver time= 0.2316901683807373
	xnorm=4.954443434288403,dnorm=0.01877958696916176
	dense amplitude time= 0.0195462703704834
	total non-zero amplitudes= 4900
	nsamples per process= 50
	sample time= 0.3601522445678711
	self.n= 0.2886669214472374
	RGN updated loss=-11.979031476182591,dloss=-7.75764579685756e-07
step= 159

nparam= 1004
	dense amplitude time= 0.09630274772644043
	total non-zero amplitudes= 4900
	nsamples per process= 50
	sample time= 1.5290327072143555
	self.n= 0.28866692144723705
	collect g,h time= 3.2489967346191406
E=-11.979031476182593,dE=-7.757645814621128e-07,std=0
L=-11.979031476182593,dL=-7.757645814621128e-07,std=0
	gnorm= 7.012156379948685e-05
	symmetric= True
	solver time=0.006232738494873047,exit status=0
	SR solver time= 0.006273746490478516
	symmetric= False
	niter= 40
	niter= 394
	solver time=0.13582086563110352,exit status=0
	RGN solver time= 0.13586139678955078
	xnorm=4.959149405903144,dnorm=0.018749476927942762
	dense amplitude time= 0.01766657829284668
	total non-zero amplitudes= 4900
	nsamples per process= 50
	sample time= 0.34831881523132324
	self.n= 0.2879041901725609
	RGN updated loss=-11.979032233346992,dloss=-7.571643987347443e-07
step= 160

nparam= 1004
	dense amplitude time= 0.03655409812927246
	total non-zero amplitudes= 4900
	nsamples per process= 50
	sample time= 1.5252211093902588
	self.n= 0.2879041901725606
	collect g,h time= 3.1473865509033203
E=-11.979032233346993,dE=-7.571644005111011e-07,std=0
L=-11.979032233346993,dL=-7.571644005111011e-07,std=0
	gnorm= 6.417075063672349e-05
	symmetric= True
	solver time=0.006893157958984375,exit status=0
	SR solver time= 0.0069353580474853516
	symmetric= False
	niter= 40
	niter= 402
	solver time=0.1488053798675537,exit status=0
	RGN solver time= 0.14884614944458008
	xnorm=4.963775213109319,dnorm=0.018745858194960566
	dense amplitude time= 0.01882195472717285
	total non-zero amplitudes= 4900
	nsamples per process= 50
	sample time= 0.3594229221343994
	self.n= 0.28712898842240886
	RGN updated loss=-11.97903300437345,dloss=-7.710264569027458e-07
step= 161

nparam= 1004
	dense amplitude time= 0.16611003875732422
	total non-zero amplitudes= 4900
	nsamples per process= 50
	sample time= 1.506519079208374
	self.n= 0.28712898842240886
	collect g,h time= 3.1820638179779053
E=-11.979033004373449,dE=-7.71026455126389e-07,std=0
L=-11.979033004373449,dL=-7.71026455126389e-07,std=0
	gnorm= 6.99548708766692e-05
	symmetric= True
	solver time=0.01331472396850586,exit status=0
	SR solver time= 0.01335763931274414
	symmetric= False
	niter= 40
	niter= 396
	solver time=0.27536535263061523,exit status=0
	RGN solver time= 0.2754063606262207
	xnorm=4.968364859605312,dnorm=0.018718219684214454
	dense amplitude time= 0.022073030471801758
	total non-zero amplitudes= 4900
	nsamples per process= 50
	sample time= 0.34490108489990234
	self.n= 0.2863705678415882
	RGN updated loss=-11.979033759071298,dloss=-7.546978491035361e-07
step= 162

nparam= 1004
	dense amplitude time= 0.055995941162109375
	total non-zero amplitudes= 4900
	nsamples per process= 50
	sample time= 1.5331296920776367
	self.n= 0.2863705678415883
	collect g,h time= 3.2836272716522217
E=-11.979033759071301,dE=-7.546978526562498e-07,std=0
L=-11.979033759071301,dL=-7.546978526562498e-07,std=0
	gnorm= 6.509167769947823e-05
	symmetric= True
	solver time=0.007592678070068359,exit status=0
	SR solver time= 0.007666110992431641
	symmetric= False
	niter= 40
	niter= 402
	solver time=0.1089634895324707,exit status=0
	RGN solver time= 0.10900712013244629
	xnorm=4.972867128365544,dnorm=0.01871707287513803
	dense amplitude time= 0.024285316467285156
	total non-zero amplitudes= 4900
	nsamples per process= 50
	sample time= 0.3476123809814453
	self.n= 0.28559903770466144
	RGN updated loss=-11.979034528484393,dloss=-7.694130914615016e-07
step= 163

nparam= 1004
	dense amplitude time= 0.03388190269470215
	total non-zero amplitudes= 4900
	nsamples per process= 50
	sample time= 1.5149083137512207
	self.n= 0.28559903770466133
	collect g,h time= 3.304476022720337
E=-11.979034528484394,dE=-7.694130932378584e-07,std=0
L=-11.979034528484394,dL=-7.694130932378584e-07,std=0
	gnorm= 4.1549768556685177e-05
	symmetric= True
	solver time=0.006550788879394531,exit status=0
	SR solver time= 0.006592750549316406
	symmetric= False
	niter= 34
	niter= 416
	solver time=0.11049270629882812,exit status=0
	RGN solver time= 0.11053800582885742
	xnorm=4.977336397049635,dnorm=0.01870100758245962
	dense amplitude time= 0.020011186599731445
	total non-zero amplitudes= 4900
	nsamples per process= 50
	sample time= 0.35640931129455566
	self.n= 0.284832691599331
	RGN updated loss=-11.979035288920125,dloss=-7.604357303847564e-07
step= 164

nparam= 1004
	dense amplitude time= 0.08005690574645996
	total non-zero amplitudes= 4900
	nsamples per process= 50
	sample time= 1.5066609382629395
	self.n= 0.2848326915993308
	collect g,h time= 3.341038703918457
E=-11.979035288920125,dE=-7.604357303847564e-07,std=0
L=-11.979035288920125,dL=-7.604357303847564e-07,std=0
	gnorm= 4.1119749785817394e-05
	symmetric= True
	solver time=0.006762981414794922,exit status=0
	SR solver time= 0.0068128108978271484
	symmetric= False
	niter= 34
	niter= 416
	solver time=0.22185039520263672,exit status=0
	RGN solver time= 0.22191119194030762
	xnorm=4.981743391052967,dnorm=0.018683124112070244
	dense amplitude time= 0.0199587345123291
	total non-zero amplitudes= 4900
	nsamples per process= 50
	sample time= 0.3550429344177246
	self.n= 0.2840682699878752
	RGN updated loss=-11.979036047518047,dloss=-7.58597922256854e-07
step= 165

nparam= 1004
	dense amplitude time= 0.09264421463012695
	total non-zero amplitudes= 4900
	nsamples per process= 50
	sample time= 1.5222527980804443
	self.n= 0.2840682699878751
	collect g,h time= 3.3823177814483643
E=-11.979036047518047,dE=-7.58597922256854e-07,std=0
L=-11.979036047518047,dL=-7.58597922256854e-07,std=0
	gnorm= 4.0677883604041786e-05
	symmetric= True
	solver time=0.029711008071899414,exit status=0
	SR solver time= 0.029767990112304688
	symmetric= False
	niter= 34
	niter= 416
	solver time=0.31121206283569336,exit status=0
	RGN solver time= 0.3112664222717285
	xnorm=4.9860909953065145,dnorm=0.018674479047195304
	dense amplitude time= 0.025159358978271484
	total non-zero amplitudes= 4900
	nsamples per process= 50
	sample time= 0.35425329208374023
	self.n= 0.28330832172945786
	RGN updated loss=-11.979036804638113,dloss=-7.571200661971034e-07
step= 166

nparam= 1004
	dense amplitude time= 0.1144099235534668
	total non-zero amplitudes= 4900
	nsamples per process= 50
	sample time= 1.5043749809265137
	self.n= 0.28330832172945797
	collect g,h time= 3.4427692890167236
E=-11.979036804638115,dE=-7.571200679734602e-07,std=0
L=-11.979036804638115,dL=-7.571200679734602e-07,std=0
	gnorm= 4.0497822238875526e-05
	symmetric= True
	solver time=0.017561674118041992,exit status=0
	SR solver time= 0.01764822006225586
	symmetric= False
	niter= 34
	niter= 423
	solver time=0.1262187957763672,exit status=0
	RGN solver time= 0.1262674331665039
	xnorm=4.990383171104107,dnorm=0.018665382372778212
	dense amplitude time= 0.01849222183227539
	total non-zero amplitudes= 4900
	nsamples per process= 50
	sample time= 0.3554866313934326
	self.n= 0.28255168851558077
	RGN updated loss=-11.979037561616433,dloss=-7.569783182503897e-07
step= 167

nparam= 1004
	dense amplitude time= 0.14557695388793945
	total non-zero amplitudes= 4900
	nsamples per process= 50
	sample time= 1.5179216861724854
	self.n= 0.28255168851558055
	collect g,h time= 3.3715250492095947
E=-11.979037561616433,dE=-7.569783182503897e-07,std=0
L=-11.979037561616433,dL=-7.569783182503897e-07,std=0
	gnorm= 4.6669129995694076e-05
	symmetric= True
	solver time=0.017607450485229492,exit status=0
	SR solver time= 0.017665863037109375
	symmetric= False
	niter= 36
	niter= 411
	solver time=0.11071610450744629,exit status=0
	RGN solver time= 0.11077022552490234
	xnorm=4.994622690006618,dnorm=0.01863818058254567
	dense amplitude time= 0.02014017105102539
	total non-zero amplitudes= 4900
	nsamples per process= 50
	sample time= 0.3538060188293457
	self.n= 0.28180352287512
	RGN updated loss=-11.979038309865285,dloss=-7.482488513232965e-07
step= 168

nparam= 1004
	dense amplitude time= 0.05863070487976074
	total non-zero amplitudes= 4900
	nsamples per process= 50
	sample time= 1.4978599548339844
	self.n= 0.28180352287512
	collect g,h time= 3.3864452838897705
E=-11.979038309865281,dE=-7.482488477705829e-07,std=0
L=-11.979038309865281,dL=-7.482488477705829e-07,std=0
	gnorm= 7.43291057540457e-05
	symmetric= True
	solver time=0.007827043533325195,exit status=0
	SR solver time= 0.00787353515625
	symmetric= False
	niter= 39
	niter= 405
	solver time=0.1422889232635498,exit status=0
	RGN solver time= 0.14234495162963867
	xnorm=4.998801996867838,dnorm=0.01884864529679085
	dense amplitude time= 0.0327458381652832
	total non-zero amplitudes= 4900
	nsamples per process= 50
	sample time= 0.34743690490722656
	self.n= 0.28111873633824813
	RGN updated loss=-11.979039057655031,dloss=-7.477897501217967e-07
step= 169

nparam= 1004
	dense amplitude time= 0.15168070793151855
	total non-zero amplitudes= 4900
	nsamples per process= 50
	sample time= 1.5355923175811768
	self.n= 0.2811187363382479
	collect g,h time= 3.356318235397339
E=-11.979039057655028,dE=-7.47789746569083e-07,std=0
L=-11.979039057655028,dL=-7.47789746569083e-07,std=0
	gnorm= 7.424712832324218e-05
	symmetric= True
	solver time=0.01861095428466797,exit status=0
	SR solver time= 0.018667221069335938
	symmetric= False
	niter= 42
	niter= 405
	solver time=0.16074347496032715,exit status=0
	RGN solver time= 0.16079020500183105
	xnorm=5.002969708786188,dnorm=0.018725319872743215
	dense amplitude time= 0.01947760581970215
	total non-zero amplitudes= 4900
	nsamples per process= 50
	sample time= 0.3531835079193115
	self.n= 0.28037603286164126
	RGN updated loss=-11.979039815553516,dloss=-7.578984888567675e-07
step= 170

nparam= 1004
	dense amplitude time= 0.05705523490905762
	total non-zero amplitudes= 4900
	nsamples per process= 50
	sample time= 1.4884862899780273
	self.n= 0.28037603286164126
	collect g,h time= 3.3996987342834473
E=-11.979039815553515,dE=-7.578984870804106e-07,std=0
L=-11.979039815553515,dL=-7.578984870804106e-07,std=0
	gnorm= 4.797030146776923e-05
	symmetric= True
	solver time=0.0074312686920166016,exit status=0
	SR solver time= 0.007477283477783203
	symmetric= False
	niter= 38
	niter= 410
	solver time=0.11027836799621582,exit status=0
	RGN solver time= 0.11033940315246582
	xnorm=5.007095116153327,dnorm=0.018629755553734115
	dense amplitude time= 0.019225597381591797
	total non-zero amplitudes= 4900
	nsamples per process= 50
	sample time= 0.3539867401123047
	self.n= 0.2796444126767329
	RGN updated loss=-11.979040570714957,dloss=-7.551614427114828e-07
step= 171

nparam= 1004
	dense amplitude time= 0.059250593185424805
	total non-zero amplitudes= 4900
	nsamples per process= 50
	sample time= 1.510160207748413
	self.n= 0.2796444126767327
	collect g,h time= 3.415750503540039
E=-11.979040570714957,dE=-7.551614427114828e-07,std=0
L=-11.979040570714957,dL=-7.551614427114828e-07,std=0
	gnorm= 5.341348636977215e-05
	symmetric= True
	solver time=0.006490468978881836,exit status=0
	SR solver time= 0.006540536880493164
	symmetric= False
	niter= 40
	niter= 405
	solver time=0.10519075393676758,exit status=0
	RGN solver time= 0.10525035858154297
	xnorm=5.011144908546202,dnorm=0.018636966821310677
	dense amplitude time= 0.019650936126708984
	total non-zero amplitudes= 4900
	nsamples per process= 50
	sample time= 0.3512446880340576
	self.n= 0.2789281855936657
	RGN updated loss=-11.979041313859598,dloss=-7.431446409356113e-07
step= 172

nparam= 1004
	dense amplitude time= 0.10115957260131836
	total non-zero amplitudes= 4900
	nsamples per process= 50
	sample time= 1.486314296722412
	self.n= 0.2789281855936656
	collect g,h time= 3.4954442977905273
E=-11.979041313859598,dE=-7.431446409356113e-07,std=0
L=-11.979041313859598,dL=-7.431446409356113e-07,std=0
	gnorm= 4.7588733405331785e-05
	symmetric= True
	solver time=0.007969856262207031,exit status=0
	SR solver time= 0.008041858673095703
	symmetric= False
	niter= 39
	niter= 410
	solver time=0.13104987144470215,exit status=0
	RGN solver time= 0.13109350204467773
	xnorm=5.01516316276957,dnorm=0.018614095763793644
	dense amplitude time= 0.03705787658691406
	total non-zero amplitudes= 4900
	nsamples per process= 50
	sample time= 0.34751129150390625
	self.n= 0.2782124551234196
	RGN updated loss=-11.979042066165626,dloss=-7.523060272518478e-07
step= 173

nparam= 1004
	dense amplitude time= 0.0859677791595459
	total non-zero amplitudes= 4900
	nsamples per process= 50
	sample time= 1.4824552536010742
	self.n= 0.2782124551234196
	collect g,h time= 3.4768338203430176
E=-11.979042066165626,dE=-7.523060272518478e-07,std=0
L=-11.979042066165626,dL=-7.523060272518478e-07,std=0
	gnorm= 3.885273379537279e-05
	symmetric= True
	solver time=0.017588376998901367,exit status=0
	SR solver time= 0.017644643783569336
	symmetric= False
	niter= 33
	niter= 421
	solver time=0.12740707397460938,exit status=0
	RGN solver time= 0.12745332717895508
	xnorm=5.019140469500268,dnorm=0.0186031105162865
	dense amplitude time= 0.029507875442504883
	total non-zero amplitudes= 4900
	nsamples per process= 50
	sample time= 0.3460075855255127
	self.n= 0.2775038938162772
	RGN updated loss=-11.979042815371596,dloss=-7.492059701519338e-07
step= 174

nparam= 1004
	dense amplitude time= 0.0889582633972168
	total non-zero amplitudes= 4900
	nsamples per process= 50
	sample time= 1.4864819049835205
	self.n= 0.2775038938162772
	collect g,h time= 3.467006206512451
E=-11.979042815371596,dE=-7.492059701519338e-07,std=0
L=-11.979042815371596,dL=-7.492059701519338e-07,std=0
	gnorm= 4.382961332037133e-05
	symmetric= True
	solver time=0.005755901336669922,exit status=0
	SR solver time= 0.0058019161224365234
	symmetric= False
	niter= 36
	niter= 426
	solver time=0.20973849296569824,exit status=0
	RGN solver time= 0.20978212356567383
	xnorm=5.023085553975228,dnorm=0.018685204033317963
	dense amplitude time= 0.017296552658081055
	total non-zero amplitudes= 4900
	nsamples per process= 50
	sample time= 0.35521507263183594
	self.n= 0.2767978274959537
	RGN updated loss=-11.979043571083686,dloss=-7.557120902390579e-07
step= 175

nparam= 1004
	dense amplitude time= 0.0636591911315918
	total non-zero amplitudes= 4900
	nsamples per process= 50
	sample time= 1.4931271076202393
	self.n= 0.27679782749595394
	collect g,h time= 3.258000612258911
E=-11.979043571083682,dE=-7.557120866863443e-07,std=0
L=-11.979043571083682,dL=-7.557120866863443e-07,std=0
	gnorm= 3.8076799814470065e-05
	symmetric= True
	solver time=0.006386995315551758,exit status=0
	SR solver time= 0.0064373016357421875
	symmetric= False
	niter= 33
	niter= 431
	solver time=0.1316843032836914,exit status=0
	RGN solver time= 0.13173508644104004
	xnorm=5.027013460269185,dnorm=0.018670217205459996
	dense amplitude time= 0.018709182739257812
	total non-zero amplitudes= 4900
	nsamples per process= 50
	sample time= 0.35474562644958496
	self.n= 0.27608201963694934
	RGN updated loss=-11.979044321456989,dloss=-7.503733066016594e-07
step= 176

nparam= 1004
	dense amplitude time= 0.03590035438537598
	total non-zero amplitudes= 4900
	nsamples per process= 50
	sample time= 1.5069160461425781
	self.n= 0.27608201963694934
	collect g,h time= 3.3762989044189453
E=-11.979044321456994,dE=-7.503733119307299e-07,std=0
L=-11.979044321456994,dL=-7.503733119307299e-07,std=0
	gnorm= 6.0854199192662585e-05
	symmetric= True
	solver time=0.018851041793823242,exit status=0
	SR solver time= 0.0189054012298584
	symmetric= False
	niter= 42
	niter= 405
	solver time=0.1710681915283203,exit status=0
	RGN solver time= 0.17111515998840332
	xnorm=5.030922145785328,dnorm=0.0187021542607706
	dense amplitude time= 0.020500659942626953
	total non-zero amplitudes= 4900
	nsamples per process= 50
	sample time= 0.3518352508544922
	self.n= 0.27538353733052034
	RGN updated loss=-11.979045070053589,dloss=-7.485965944908912e-07
step= 177

nparam= 1004
	dense amplitude time= 0.05872464179992676
	total non-zero amplitudes= 4900
	nsamples per process= 50
	sample time= 1.5012614727020264
	self.n= 0.27538353733052034
	collect g,h time= 3.428422451019287
E=-11.979045070053592,dE=-7.485965980436049e-07,std=0
L=-11.979045070053592,dL=-7.485965980436049e-07,std=0
	gnorm= 5.279271085272127e-05
	symmetric= True
	niter= 40
	solver time=0.018408775329589844,exit status=0
	SR solver time= 0.018463611602783203
	symmetric= False
	niter= 405
	solver time=0.13347601890563965,exit status=0
	RGN solver time= 0.13352179527282715
	xnorm=5.034798048397738,dnorm=0.018683121449812268
	dense amplitude time= 0.018904924392700195
	total non-zero amplitudes= 4900
	nsamples per process= 50
	sample time= 0.3506639003753662
	self.n= 0.2746881001788893
	RGN updated loss=-11.97904582691186,dloss=-7.568582667261126e-07
step= 178

nparam= 1004
	dense amplitude time= 0.032106637954711914
	total non-zero amplitudes= 4900
	nsamples per process= 50
	sample time= 1.4939630031585693
	self.n= 0.27468810017888934
	collect g,h time= 3.3561830520629883
E=-11.979045826911861,dE=-7.568582685024694e-07,std=0
L=-11.979045826911861,dL=-7.568582685024694e-07,std=0
	gnorm= 5.825646952971947e-05
	symmetric= True
	solver time=0.018719911575317383,exit status=0
	SR solver time= 0.018788576126098633
	symmetric= False
	niter= 41
	niter= 405
	solver time=0.13054633140563965,exit status=0
	RGN solver time= 0.1305980682373047
	xnorm=5.03867032268869,dnorm=0.018711782512809607
	dense amplitude time= 0.021483182907104492
	total non-zero amplitudes= 4900
	nsamples per process= 50
	sample time= 0.35680484771728516
	self.n= 0.27400532731677885
	RGN updated loss=-11.9790465741955,dloss=-7.47283639412899e-07
step= 179

nparam= 1004
	dense amplitude time= 0.0979001522064209
	total non-zero amplitudes= 4900
	nsamples per process= 50
	sample time= 1.5077531337738037
	self.n= 0.2740053273167784
	collect g,h time= 3.396423578262329
E=-11.979046574195504,dE=-7.472836429656127e-07,std=0
L=-11.979046574195504,dL=-7.472836429656127e-07,std=0
	gnorm= 5.142895353327586e-05
	niter= 40
	symmetric= True
	solver time=0.006685018539428711,exit status=0
	SR solver time= 0.006733417510986328
	symmetric= False
	niter= 407
	solver time=0.1064913272857666,exit status=0
	RGN solver time= 0.10653543472290039
	xnorm=5.042516894138419,dnorm=0.01869956733390871
	dense amplitude time= 0.019480466842651367
	total non-zero amplitudes= 4900
	nsamples per process= 50
	sample time= 0.3556821346282959
	self.n= 0.27332676034913034
	RGN updated loss=-11.979047331207545,dloss=-7.570120406086289e-07
step= 180

nparam= 1004
	dense amplitude time= 0.07617402076721191
	total non-zero amplitudes= 4900
	nsamples per process= 50
	sample time= 1.5073816776275635
	self.n= 0.2733267603491305
	collect g,h time= 3.4914002418518066
E=-11.979047331207548,dE=-7.570120441613426e-07,std=0
L=-11.979047331207548,dL=-7.570120441613426e-07,std=0
	gnorm= 5.419889487159388e-05
	symmetric= True
	solver time=0.018639326095581055,exit status=0
	SR solver time= 0.01872992515563965
	symmetric= False
	niter= 39
	niter= 408
	solver time=0.12834715843200684,exit status=0
	RGN solver time= 0.12839293479919434
	xnorm=5.0463627048514,dnorm=0.018713346061613362
	dense amplitude time= 0.018037080764770508
	total non-zero amplitudes= 4900
	nsamples per process= 50
	sample time= 0.35179829597473145
	self.n= 0.2726587430658729
	RGN updated loss=-11.979048079663459,dloss=-7.484559105819244e-07
step= 181

nparam= 1004
	dense amplitude time= 0.042041778564453125
	total non-zero amplitudes= 4900
	nsamples per process= 50
	sample time= 1.4995884895324707
	self.n= 0.2726587430658727
	collect g,h time= 3.335283041000366
E=-11.979048079663453,dE=-7.484559052528539e-07,std=0
L=-11.979048079663453,dL=-7.484559052528539e-07,std=0
	gnorm= 4.917516204770299e-05
	symmetric= True
	solver time=0.006857633590698242,exit status=0
	SR solver time= 0.0069141387939453125
	symmetric= False
	niter= 39
	niter= 411
	solver time=0.13033580780029297,exit status=0
	RGN solver time= 0.13038396835327148
	xnorm=5.050195886071348,dnorm=0.018711634971067325
	dense amplitude time= 0.029051542282104492
	total non-zero amplitudes= 4900
	nsamples per process= 50
	sample time= 0.35735535621643066
	self.n= 0.27200042969673566
	RGN updated loss=-11.979048835447827,dloss=-7.557843737515668e-07
step= 182

nparam= 1004
	dense amplitude time= 0.07378792762756348
	total non-zero amplitudes= 4900
	nsamples per process= 50
	sample time= 1.5012950897216797
	self.n= 0.2720004296967356
	collect g,h time= 3.5412094593048096
E=-11.979048835447829,dE=-7.557843755279237e-07,std=0
L=-11.979048835447829,dL=-7.557843755279237e-07,std=0
	gnorm= 5.4238545751948724e-05
	symmetric= True
	solver time=0.022765398025512695,exit status=0
	SR solver time= 0.02281641960144043
	symmetric= False
	niter= 39
	niter= 405
	solver time=0.11963391304016113,exit status=0
	RGN solver time= 0.11967897415161133
	xnorm=5.054027442066619,dnorm=0.018726946736483445
	dense amplitude time= 0.017505407333374023
	total non-zero amplitudes= 4900
	nsamples per process= 50
	sample time= 0.3608670234680176
	self.n= 0.27135049007161927
	RGN updated loss=-11.979049584374804,dloss=-7.489269755467376e-07
step= 183

nparam= 1004
	dense amplitude time= 0.060357093811035156
	total non-zero amplitudes= 4900
	nsamples per process= 50
	sample time= 1.5246388912200928
	self.n= 0.2713504900716194
	collect g,h time= 3.516740083694458
E=-11.979049584374803,dE=-7.489269737703808e-07,std=0
L=-11.979049584374803,dL=-7.489269737703808e-07,std=0
	gnorm= 4.876173723467122e-05
	symmetric= True
	solver time=0.006247520446777344,exit status=0
	SR solver time= 0.006295442581176758
	symmetric= False
	niter= 39
	niter= 415
	solver time=0.14742588996887207,exit status=0
	RGN solver time= 0.1474747657775879
	xnorm=5.057855520407051,dnorm=0.018723848692954247
	dense amplitude time= 0.01897597312927246
	total non-zero amplitudes= 4900
	nsamples per process= 50
	sample time= 0.35166096687316895
	self.n= 0.2707105384142946
	RGN updated loss=-11.979050340460866,dloss=-7.560860630917432e-07
step= 184

nparam= 1004
	dense amplitude time= 0.033019304275512695
	total non-zero amplitudes= 4900
	nsamples per process= 50
	sample time= 1.51361083984375
	self.n= 0.2707105384142945
	collect g,h time= 3.357848644256592
E=-11.979050340460862,dE=-7.560860595390295e-07,std=0
L=-11.979050340460862,dL=-7.560860595390295e-07,std=0
	gnorm= 5.33572654541294e-05
	symmetric= True
	solver time=0.028459548950195312,exit status=0
	SR solver time= 0.028510570526123047
	symmetric= False
	niter= 39
	niter= 410
	solver time=0.1285538673400879,exit status=0
	RGN solver time= 0.12859773635864258
	xnorm=5.061690007988846,dnorm=0.018730014343750316
	dense amplitude time= 0.0187530517578125
	total non-zero amplitudes= 4900
	nsamples per process= 50
	sample time= 0.3559880256652832
	self.n= 0.27008001267885745
	RGN updated loss=-11.979051087977242,dloss=-7.47516379462354e-07
step= 185

nparam= 1004
	dense amplitude time= 0.04682135581970215
	total non-zero amplitudes= 4900
	nsamples per process= 50
	sample time= 1.5010943412780762
	self.n= 0.2700800126788573
	collect g,h time= 3.384138822555542
E=-11.979051087977242,dE=-7.47516379462354e-07,std=0
L=-11.979051087977242,dL=-7.47516379462354e-07,std=0
	gnorm= 9.87289588144854e-05
	symmetric= True
	solver time=0.0068187713623046875,exit status=0
	SR solver time= 0.006863594055175781
	symmetric= False
	niter= 41
	niter= 387
	solver time=0.10168933868408203,exit status=0
	RGN solver time= 0.10173416137695312
	xnorm=5.065524334822911,dnorm=0.018737650979185814
	dense amplitude time= 0.018631935119628906
	total non-zero amplitudes= 4900
	nsamples per process= 50
	sample time= 0.3573436737060547
	self.n= 0.26947016332205653
	RGN updated loss=-11.979051841589605,dloss=-7.536123636242564e-07
step= 186

nparam= 1004
	dense amplitude time= 0.042504310607910156
	total non-zero amplitudes= 4900
	nsamples per process= 50
	sample time= 1.5032362937927246
	self.n= 0.26947016332205653
	collect g,h time= 3.4196765422821045
E=-11.979051841589605,dE=-7.536123636242564e-07,std=0
L=-11.979051841589605,dL=-7.536123636242564e-07,std=0
	gnorm= 7.420785946206287e-05
	symmetric= True
	niter= 40
	solver time=0.018375396728515625,exit status=0
	SR solver time= 0.018431663513183594
	symmetric= False
	niter= 405
	solver time=0.11745333671569824,exit status=0
	RGN solver time= 0.11749863624572754
	xnorm=5.069373745697442,dnorm=0.018736579882186407
	dense amplitude time= 0.018131256103515625
	total non-zero amplitudes= 4900
	nsamples per process= 50
	sample time= 0.3520958423614502
	self.n= 0.26885912275624146
	RGN updated loss=-11.979052593434522,dloss=-7.518449169907626e-07
step= 187

nparam= 1004
	dense amplitude time= 0.061925649642944336
	total non-zero amplitudes= 4900
	nsamples per process= 50
	sample time= 1.5054664611816406
	self.n= 0.26885912275624174
	collect g,h time= 3.2885239124298096
E=-11.979052593434517,dE=-7.518449116616921e-07,std=0
L=-11.979052593434517,dL=-7.518449116616921e-07,std=0
	gnorm= 9.105509089271274e-05
	symmetric= True
	solver time=0.006287813186645508,exit status=0
	SR solver time= 0.006341695785522461
	symmetric= False
	niter= 41
	niter= 395
	solver time=0.10481977462768555,exit status=0
	RGN solver time= 0.10486745834350586
	xnorm=5.073225500441295,dnorm=0.018727367637404495
	dense amplitude time= 0.020671367645263672
	total non-zero amplitudes= 4900
	nsamples per process= 50
	sample time= 0.35178470611572266
	self.n= 0.2682674842482893
	RGN updated loss=-11.979053344304818,dloss=-7.508703010472573e-07
step= 188

nparam= 1004
	dense amplitude time= 0.10444283485412598
	total non-zero amplitudes= 4900
	nsamples per process= 50
	sample time= 1.5009615421295166
	self.n= 0.26826748424828895
	collect g,h time= 3.2408769130706787
E=-11.979053344304818,dE=-7.508703010472573e-07,std=0
L=-11.979053344304818,dL=-7.508703010472573e-07,std=0
	gnorm= 7.205227522024208e-05
	symmetric= True
	solver time=0.0065000057220458984,exit status=0
	SR solver time= 0.006538867950439453
	symmetric= False
	niter= 40
	niter= 405
	solver time=0.12036275863647461,exit status=0
	RGN solver time= 0.12040448188781738
	xnorm=5.0771036915337895,dnorm=0.01872071574109153
	dense amplitude time= 0.02432703971862793
	total non-zero amplitudes= 4900
	nsamples per process= 50
	sample time= 0.35900020599365234
	self.n= 0.2676767522959319
	RGN updated loss=-11.979054093281858,dloss=-7.489770403878993e-07
step= 189

nparam= 1004
	dense amplitude time= 0.15163326263427734
	total non-zero amplitudes= 4900
	nsamples per process= 50
	sample time= 1.4970588684082031
	self.n= 0.2676767522959319
	collect g,h time= 3.3435988426208496
E=-11.979054093281858,dE=-7.489770403878993e-07,std=0
L=-11.979054093281858,dL=-7.489770403878993e-07,std=0
	gnorm= 4.7881150705650126e-05
	symmetric= True
	niter= 39
	solver time=0.025192975997924805,exit status=0
	SR solver time= 0.025249719619750977
	symmetric= False
	niter= 418
	solver time=0.13094401359558105,exit status=0
	RGN solver time= 0.13098645210266113
	xnorm=5.0809896423929715,dnorm=0.018695993729344846
	dense amplitude time= 0.02207159996032715
	total non-zero amplitudes= 4900
	nsamples per process= 50
	sample time= 0.355334997177124
	self.n= 0.26709720255535274
	RGN updated loss=-11.979054844272726,dloss=-7.509908677150179e-07
step= 190

nparam= 1004
	dense amplitude time= 0.12001156806945801
	total non-zero amplitudes= 4900
	nsamples per process= 50
	sample time= 1.5004725456237793
	self.n= 0.26709720255535274
	collect g,h time= 3.3688831329345703
E=-11.979054844272726,dE=-7.509908677150179e-07,std=0
L=-11.979054844272726,dL=-7.509908677150179e-07,std=0
	gnorm= 5.374344555804974e-05
	symmetric= True
	solver time=0.007898092269897461,exit status=0
	SR solver time= 0.007987260818481445
	symmetric= False
	niter= 39
	niter= 411
	solver time=0.5185329914093018,exit status=0
	RGN solver time= 0.518580436706543
	xnorm=5.084901214939754,dnorm=0.01869574175912744
	dense amplitude time= 0.021651744842529297
	total non-zero amplitudes= 4900
	nsamples per process= 50
	sample time= 0.3444859981536865
	self.n= 0.2665210519132065
	RGN updated loss=-11.979055588666931,dloss=-7.443942049434327e-07
step= 191

nparam= 1004
	dense amplitude time= 0.07823872566223145
	total non-zero amplitudes= 4900
	nsamples per process= 50
	sample time= 1.5150678157806396
	self.n= 0.2665210519132061
	collect g,h time= 3.3885276317596436
E=-11.979055588666933,dE=-7.443942067197895e-07,std=0
L=-11.979055588666933,dL=-7.443942067197895e-07,std=0
	gnorm= 4.739804088685598e-05
	symmetric= True
	solver time=0.006113529205322266,exit status=0
	SR solver time= 0.0061528682708740234
	symmetric= False
	niter= 38
	niter= 425
	solver time=0.11823272705078125,exit status=0
	RGN solver time= 0.11828470230102539
	xnorm=5.088837852711441,dnorm=0.018673750745761063
	dense amplitude time= 0.021337032318115234
	total non-zero amplitudes= 4900
	nsamples per process= 50
	sample time= 0.3436441421508789
	self.n= 0.26595778712503126
	RGN updated loss=-11.97905633725743,dloss=-7.485904980342184e-07
step= 192

nparam= 1004
	dense amplitude time= 0.08730363845825195
	total non-zero amplitudes= 4900
	nsamples per process= 50
	sample time= 1.5517327785491943
	self.n= 0.26595778712503143
	collect g,h time= 3.309140205383301
E=-11.97905633725743,dE=-7.485904980342184e-07,std=0
L=-11.97905633725743,dL=-7.485904980342184e-07,std=0
	gnorm= 5.383382795177817e-05
	symmetric= True
	solver time=0.01667308807373047,exit status=0
	SR solver time= 0.016719579696655273
	symmetric= False
	niter= 39
	niter= 414
	solver time=0.14517951011657715,exit status=0
	RGN solver time= 0.14522194862365723
	xnorm=5.0928000120069195,dnorm=0.018639414094821904
	dense amplitude time= 0.042901039123535156
	total non-zero amplitudes= 4900
	nsamples per process= 50
	sample time= 0.36159205436706543
	self.n= 0.26541537708315555
	RGN updated loss=-11.979057077413106,dloss=-7.401556754160765e-07
step= 193

nparam= 1004
	dense amplitude time= 0.019454240798950195
	total non-zero amplitudes= 4900
	nsamples per process= 50
	sample time= 1.5184202194213867
	self.n= 0.26541537708315555
	collect g,h time= 3.3468189239501953
E=-11.979057077413106,dE=-7.401556754160765e-07,std=0
L=-11.979057077413106,dL=-7.401556754160765e-07,std=0
	gnorm= 4.899903474418266e-05
	symmetric= True
	solver time=0.0065920352935791016,exit status=0
	SR solver time= 0.0066339969635009766
	symmetric= False
	niter= 39
	niter= 423
	solver time=0.12279057502746582,exit status=0
	RGN solver time= 0.12284564971923828
	xnorm=5.096774589606643,dnorm=0.018608261992599528
	dense amplitude time= 0.019804954528808594
	total non-zero amplitudes= 4900
	nsamples per process= 50
	sample time= 0.35927867889404297
	self.n= 0.26486560342603693
	RGN updated loss=-11.979057821125377,dloss=-7.437122704345711e-07
step= 194

nparam= 1004
	dense amplitude time= 0.06297111511230469
	total non-zero amplitudes= 4900
	nsamples per process= 50
	sample time= 1.562781810760498
	self.n= 0.2648656034260365
	collect g,h time= 3.3692753314971924
E=-11.97905782112538,dE=-7.437122739872848e-07,std=0
L=-11.97905782112538,dL=-7.437122739872848e-07,std=0
	gnorm= 8.517063999664474e-05
	symmetric= True
	niter= 44
	solver time=0.02877068519592285,exit status=0
	SR solver time= 0.028826236724853516
	symmetric= False
	niter= 402
	solver time=0.11995887756347656,exit status=0
	RGN solver time= 0.12000441551208496
	xnorm=5.100773502070655,dnorm=0.01855540867365947
	dense amplitude time= 0.018354415893554688
	total non-zero amplitudes= 4900
	nsamples per process= 50
	sample time= 0.34166431427001953
	self.n= 0.2643148440634718
	RGN updated loss=-11.979058543994045,dloss=-7.228686644822346e-07
step= 195

nparam= 1004
	dense amplitude time= 0.028546810150146484
	total non-zero amplitudes= 4900
	nsamples per process= 50
	sample time= 1.5266609191894531
	self.n= 0.264314844063472
	collect g,h time= 3.376540184020996
E=-11.979058543994043,dE=-7.228686627058778e-07,std=0
L=-11.979058543994043,dL=-7.228686627058778e-07,std=0
	gnorm= 7.683651593267567e-05
	symmetric= True
	solver time=0.019239425659179688,exit status=0
	SR solver time= 0.01928853988647461
	symmetric= False
	niter= 43
	niter= 405
	solver time=0.11559772491455078,exit status=0
	RGN solver time= 0.11565375328063965
	xnorm=5.10481923984066,dnorm=0.018574649069045056
	dense amplitude time= 0.01918482780456543
	total non-zero amplitudes= 4900
	nsamples per process= 50
	sample time= 0.35592198371887207
	self.n= 0.2638038212906938
	RGN updated loss=-11.979059281480973,dloss=-7.374869301912668e-07
step= 196

nparam= 1004
	dense amplitude time= 0.08772706985473633
	total non-zero amplitudes= 4900
	nsamples per process= 50
	sample time= 1.493574857711792
	self.n= 0.26380382129069363
	collect g,h time= 3.2613608837127686
E=-11.979059281480971,dE=-7.374869284149099e-07,std=0
L=-11.979059281480971,dL=-7.374869284149099e-07,std=0
	gnorm= 7.938035212743157e-05
	symmetric= True
	solver time=0.007508993148803711,exit status=0
	SR solver time= 0.00755763053894043
	symmetric= False
	niter= 43
	niter= 405
	solver time=0.10902667045593262,exit status=0
	RGN solver time= 0.10907411575317383
	xnorm=5.108836700929582,dnorm=0.01850298287439666
	dense amplitude time= 0.019191980361938477
	total non-zero amplitudes= 4900
	nsamples per process= 50
	sample time= 0.3435189723968506
	self.n= 0.2633008619628369
	RGN updated loss=-11.979060014643736,dloss=-7.3316276427704e-07
step= 197

nparam= 1004
	dense amplitude time= 0.11332464218139648
	total non-zero amplitudes= 4900
	nsamples per process= 50
	sample time= 1.497436285018921
	self.n= 0.26330086196283675
	collect g,h time= 3.304408550262451
E=-11.979060014643736,dE=-7.3316276427704e-07,std=0
L=-11.979060014643736,dL=-7.3316276427704e-07,std=0
	gnorm= 8.011434079463215e-05
	symmetric= True
	solver time=0.0073244571685791016,exit status=0
	SR solver time= 0.007367849349975586
	symmetric= False
	niter= 42
	niter= 405
	solver time=0.12385702133178711,exit status=0
	RGN solver time= 0.12390351295471191
	xnorm=5.112933703875202,dnorm=0.01843314128470002
	dense amplitude time= 0.02469801902770996
	total non-zero amplitudes= 4900
	nsamples per process= 50
	sample time= 0.35213208198547363
	self.n= 0.2628089111600237
	RGN updated loss=-11.979060737721568,dloss=-7.230778322764309e-07
step= 198

nparam= 1004
	dense amplitude time= 0.14035439491271973
	total non-zero amplitudes= 4900
	nsamples per process= 50
	sample time= 1.4773170948028564
	self.n= 0.2628089111600234
	collect g,h time= 3.2933008670806885
E=-11.979060737721568,dE=-7.230778322764309e-07,std=0
L=-11.979060737721568,dL=-7.230778322764309e-07,std=0
	gnorm= 8.105182201545942e-05
	symmetric= True
	solver time=0.007234096527099609,exit status=0
	SR solver time= 0.00728154182434082
	symmetric= False
	niter= 42
	niter= 405
	solver time=0.10280966758728027,exit status=0
	RGN solver time= 0.10285305976867676
	xnorm=5.117047703967834,dnorm=0.01843656303614479
	dense amplitude time= 0.019718647003173828
	total non-zero amplitudes= 4900
	nsamples per process= 50
	sample time= 0.35099196434020996
	self.n= 0.2623330585391835
	RGN updated loss=-11.979061452578506,dloss=-7.148569380888148e-07
step= 199

nparam= 1004
	dense amplitude time= 0.0489652156829834
	total non-zero amplitudes= 4900
	nsamples per process= 50
	sample time= 1.4836313724517822
	self.n= 0.2623330585391835
	collect g,h time= 3.286806583404541
E=-11.979061452578502,dE=-7.148569345361011e-07,std=0
L=-11.979061452578502,dL=-7.148569345361011e-07,std=0
	gnorm= 7.023941278794826e-05
	symmetric= True
	niter= 41
	solver time=0.006910085678100586,exit status=0
	SR solver time= 0.006975650787353516
	symmetric= False
	niter= 405
	solver time=0.15967345237731934,exit status=0
	RGN solver time= 0.1597154140472412
	xnorm=5.121174400241724,dnorm=0.018372607642644638
	dense amplitude time= 0.03091120719909668
	total non-zero amplitudes= 4900
	nsamples per process= 50
	sample time= 0.34996819496154785
	self.n= 0.26187559358501233
	RGN updated loss=-11.979062179696365,dloss=-7.271178628087682e-07
step= 200

nparam= 1004
	dense amplitude time= 0.1436004638671875
	total non-zero amplitudes= 4900
	nsamples per process= 50
	sample time= 1.5112760066986084
	self.n= 0.2618755935850119
	collect g,h time= 3.330580234527588
E=-11.97906217969636,dE=-7.271178574796977e-07,std=0
L=-11.97906217969636,dL=-7.271178574796977e-07,std=0
	gnorm= 7.902786166177409e-05
	symmetric= True
	solver time=0.019251585006713867,exit status=0
	SR solver time= 0.019304990768432617
	symmetric= False
	niter= 44
	niter= 405
	solver time=0.125030517578125,exit status=0
	RGN solver time= 0.125077486038208
	xnorm=5.125344486676977,dnorm=0.01825690489128686
	dense amplitude time= 0.01965022087097168
	total non-zero amplitudes= 4900
	nsamples per process= 50
	sample time= 0.34221816062927246
	self.n= 0.26141479287706115
	RGN updated loss=-11.979062882326934,dloss=-7.026305741675287e-07
step= 201

nparam= 1004
	dense amplitude time= 0.0639336109161377
	total non-zero amplitudes= 4900
	nsamples per process= 50
	sample time= 1.4793944358825684
	self.n= 0.26141479287706093
	collect g,h time= 3.3004565238952637
E=-11.97906288232693,dE=-7.02630570614815e-07,std=0
L=-11.97906288232693,dL=-7.02630570614815e-07,std=0
	gnorm= 7.329121030053171e-05
	symmetric= True
	solver time=0.009328365325927734,exit status=0
	SR solver time= 0.009377241134643555
	symmetric= False
	niter= 43
	niter= 405
	solver time=0.13762640953063965,exit status=0
	RGN solver time= 0.13767313957214355
	xnorm=5.129576727190287,dnorm=0.018222602502929397
	dense amplitude time= 0.018697261810302734
	total non-zero amplitudes= 4900
	nsamples per process= 50
	sample time= 0.35279178619384766
	self.n= 0.26095883688973365
	RGN updated loss=-11.979063598001797,dloss=-7.156748669245871e-07
step= 202

nparam= 1004
	dense amplitude time= 0.13189911842346191
	total non-zero amplitudes= 4900
	nsamples per process= 50
	sample time= 1.47365403175354
	self.n= 0.26095883688973365
	collect g,h time= 3.188270092010498
E=-11.979063598001796,dE=-7.156748651482303e-07,std=0
L=-11.979063598001796,dL=-7.156748651482303e-07,std=0
	gnorm= 7.604396861562054e-05
	symmetric= True
	solver time=0.00669550895690918,exit status=0
	SR solver time= 0.006734609603881836
	symmetric= False
	niter= 43
	niter= 405
	solver time=0.1235818862915039,exit status=0
	RGN solver time= 0.12362027168273926
	xnorm=5.133801707363916,dnorm=0.01816173355214866
	dense amplitude time= 0.018711090087890625
	total non-zero amplitudes= 4900
	nsamples per process= 50
	sample time= 0.35558104515075684
	self.n= 0.2605244732978408
	RGN updated loss=-11.979064290436032,dloss=-6.924342361713798e-07
step= 203

nparam= 1004
	dense amplitude time= 0.1534888744354248
	total non-zero amplitudes= 4900
	nsamples per process= 50
	sample time= 1.5017070770263672
	self.n= 0.2605244732978408
	collect g,h time= 3.157773971557617
E=-11.979064290436035,dE=-6.924342397240935e-07,std=0
L=-11.979064290436035,dL=-6.924342397240935e-07,std=0
	gnorm= 5.3876529630025984e-05
	symmetric= True
	solver time=0.006423234939575195,exit status=0
	SR solver time= 0.006464481353759766
	symmetric= False
	niter= 41
	niter= 424
	solver time=0.11543655395507812,exit status=0
	RGN solver time= 0.1154780387878418
	xnorm=5.138057170509422,dnorm=0.018037822465504026
	dense amplitude time= 0.03875231742858887
	total non-zero amplitudes= 4900
	nsamples per process= 50
	sample time= 0.3460397720336914
	self.n= 0.2601017152658722
	RGN updated loss=-11.979064984425492,dloss=-6.939894561241999e-07
step= 204

nparam= 1004
	dense amplitude time= 0.1555192470550537
	total non-zero amplitudes= 4900
	nsamples per process= 50
	sample time= 1.5001220703125
	self.n= 0.2601017152658721
	collect g,h time= 3.2966341972351074
E=-11.97906498442549,dE=-6.939894543478431e-07,std=0
L=-11.97906498442549,dL=-6.939894543478431e-07,std=0
	gnorm= 7.63125060092498e-05
	symmetric= True
	solver time=0.006863594055175781,exit status=0
	SR solver time= 0.006938934326171875
	symmetric= False
	niter= 42
	niter= 405
	solver time=0.10483241081237793,exit status=0
	RGN solver time= 0.10487604141235352
	xnorm=5.142378828377453,dnorm=0.01797196050769093
	dense amplitude time= 0.01894855499267578
	total non-zero amplitudes= 4900
	nsamples per process= 50
	sample time= 0.35273146629333496
	self.n= 0.2597108145465647
	RGN updated loss=-11.979065677962744,dloss=-6.935372542926643e-07
step= 205

nparam= 1004
	dense amplitude time= 0.0630495548248291
	total non-zero amplitudes= 4900
	nsamples per process= 50
	sample time= 1.4826877117156982
	self.n= 0.2597108145465646
	niter= 43
	collect g,h time= 3.241863489151001
E=-11.979065677962742,dE=-6.935372525163075e-07,std=0
L=-11.979065677962742,dL=-6.935372525163075e-07,std=0
	gnorm= 7.674535747337387e-05
	symmetric= True
	solver time=0.006567955017089844,exit status=0
	SR solver time= 0.0066263675689697266
	symmetric= False
	niter= 405
	solver time=0.10626053810119629,exit status=0
	RGN solver time= 0.10630583763122559
	xnorm=5.146690835450597,dnorm=0.01790002092393788
	dense amplitude time= 0.018391847610473633
	total non-zero amplitudes= 4900
	nsamples per process= 50
	sample time= 0.3569447994232178
	self.n= 0.25933282061436463
	RGN updated loss=-11.979066353837009,dloss=-6.758742667756223e-07
step= 206

nparam= 1004
	dense amplitude time= 0.0991966724395752
	total non-zero amplitudes= 4900
	nsamples per process= 50
	sample time= 1.4937846660614014
	self.n= 0.25933282061436447
	collect g,h time= 3.2874412536621094
E=-11.979066353837007,dE=-6.758742649992655e-07,std=0
L=-11.979066353837007,dL=-6.758742649992655e-07,std=0
	gnorm= 6.891408172841632e-05
	symmetric= True
	solver time=0.007271766662597656,exit status=0
	SR solver time= 0.007311344146728516
	symmetric= False
	niter= 40
	niter= 405
	solver time=0.10468673706054688,exit status=0
	RGN solver time= 0.10473203659057617
	xnorm=5.1510311076986195,dnorm=0.017799856951429213
	dense amplitude time= 0.019664764404296875
	total non-zero amplitudes= 4900
	nsamples per process= 50
	sample time= 0.34890103340148926
	self.n= 0.25896958381873436
	RGN updated loss=-11.979067032597522,dloss=-6.787605144609188e-07
step= 207

nparam= 1004
	dense amplitude time= 0.06951403617858887
	total non-zero amplitudes= 4900
	nsamples per process= 50
	sample time= 1.4948890209197998
	self.n= 0.2589695838187346
	collect g,h time= 3.2448816299438477
E=-11.97906703259752,dE=-6.787605126845619e-07,std=0
L=-11.97906703259752,dL=-6.787605126845619e-07,std=0
	gnorm= 8.32333094453273e-05
	symmetric= True
	solver time=0.008372306823730469,exit status=0
	SR solver time= 0.00841975212097168
	symmetric= False
	niter= 44
	niter= 403
	solver time=0.1167135238647461,exit status=0
	RGN solver time= 0.11676192283630371
	xnorm=5.155419323316426,dnorm=0.01774169492810416
	dense amplitude time= 0.030377864837646484
	total non-zero amplitudes= 4900
	nsamples per process= 50
	sample time= 0.3517739772796631
	self.n= 0.25860737354120145
	RGN updated loss=-11.979067691300274,dloss=-6.587027545634783e-07
step= 208

nparam= 1004
	dense amplitude time= 0.10349535942077637
	total non-zero amplitudes= 4900
	nsamples per process= 50
	sample time= 1.4912550449371338
	self.n= 0.25860737354120145
	collect g,h time= 3.2442140579223633
E=-11.979067691300271,dE=-6.587027510107646e-07,std=0
L=-11.979067691300271,dL=-6.587027510107646e-07,std=0
	gnorm= 7.227913714906099e-05
	symmetric= True
	solver time=0.025922298431396484,exit status=0
	SR solver time= 0.0259854793548584
	symmetric= False
	niter= 41
	niter= 405
	solver time=0.26524972915649414,exit status=0
	RGN solver time= 0.26529479026794434
	xnorm=5.159828296698931,dnorm=0.017620374605807784
	dense amplitude time= 0.019216537475585938
	total non-zero amplitudes= 4900
	nsamples per process= 50
	sample time= 0.351717472076416
	self.n= 0.25827386508634353
	RGN updated loss=-11.979068358144348,dloss=-6.668440768464734e-07
step= 209

nparam= 1004
	dense amplitude time= 0.16707873344421387
	total non-zero amplitudes= 4900
	nsamples per process= 50
	sample time= 1.5043530464172363
	self.n= 0.2582738650863432
	collect g,h time= 3.266564130783081
E=-11.97906835814435,dE=-6.668440786228302e-07,std=0
L=-11.97906835814435,dL=-6.668440786228302e-07,std=0
	gnorm= 5.527304940302659e-05
	symmetric= True
	solver time=0.006525993347167969,exit status=0
	SR solver time= 0.0065708160400390625
	symmetric= False
	niter= 36
	niter= 414
	solver time=0.10534334182739258,exit status=0
	RGN solver time= 0.10539412498474121
	xnorm=5.164276583721516,dnorm=0.017529675043720987
	dense amplitude time= 0.01867508888244629
	total non-zero amplitudes= 4900
	nsamples per process= 50
	sample time= 0.35694265365600586
	self.n= 0.2579869443037074
	RGN updated loss=-11.979069013760453,dloss=-6.556161036286312e-07
step= 210

nparam= 1004
	dense amplitude time= 0.08801817893981934
	total non-zero amplitudes= 4900
	nsamples per process= 50
	sample time= 1.4868738651275635
	self.n= 0.25798694430370717
	collect g,h time= 3.2784509658813477
E=-11.979069013760459,dE=-6.556161089577017e-07,std=0
L=-11.979069013760459,dL=-6.556161089577017e-07,std=0
	gnorm= 8.215032043353636e-05
	symmetric= True
	solver time=0.007014751434326172,exit status=0
	SR solver time= 0.007058858871459961
	symmetric= False
	niter= 43
	niter= 403
	solver time=0.10522723197937012,exit status=0
	RGN solver time= 0.10528039932250977
	xnorm=5.168734823316056,dnorm=0.01742741990072392
	dense amplitude time= 0.02532649040222168
	total non-zero amplitudes= 4900
	nsamples per process= 50
	sample time= 0.35218334197998047
	self.n= 0.2577067938293195
	RGN updated loss=-11.979069650268908,dloss=-6.36508449503026e-07
step= 211

nparam= 1004
	dense amplitude time= 0.16877532005310059
	total non-zero amplitudes= 4900
	nsamples per process= 50
	sample time= 1.498274803161621
	self.n= 	niter= 40
0.25770679382931966
	collect g,h time= 3.253720760345459
E=-11.97906965026891,dE=-6.365084512793828e-07,std=0
L=-11.97906965026891,dL=-6.365084512793828e-07,std=0
	gnorm= 6.131532749460318e-05
	symmetric= True
	solver time=0.006662130355834961,exit status=0
	SR solver time= 0.006700038909912109
	symmetric= False
	niter= 405
	solver time=0.10300183296203613,exit status=0
	RGN solver time= 0.10304951667785645
	xnorm=5.173213220984069,dnorm=0.017321323684633922
	dense amplitude time= 0.018855810165405273
	total non-zero amplitudes= 4900
	nsamples per process= 50
	sample time= 0.3566899299621582
	self.n= 0.25744159968797353
	RGN updated loss=-11.979070293252803,dloss=-6.429838936838905e-07
step= 212

nparam= 1004
	dense amplitude time= 0.06318283081054688
	total non-zero amplitudes= 4900
	nsamples per process= 50
	sample time= 1.4985039234161377
	self.n= 0.2574415996879735
	collect g,h time= 3.327507972717285
E=-11.979070293252803,dE=-6.429838936838905e-07,std=0
L=-11.979070293252803,dL=-6.429838936838905e-07,std=0
	gnorm= 8.824776024332883e-05
	symmetric= True
	solver time=0.006914377212524414,exit status=0
	SR solver time= 0.006956577301025391
	symmetric= False
	niter= 43
	niter= 401
	solver time=0.1178898811340332,exit status=0
	RGN solver time= 0.11794209480285645
	xnorm=5.177741400062898,dnorm=0.01720149746433132
	dense amplitude time= 0.0188901424407959
	total non-zero amplitudes= 4900
	nsamples per process= 50
	sample time= 0.34449267387390137
	self.n= 0.2572103960540252
	RGN updated loss=-11.979070913081543,dloss=-6.198287394454383e-07
step= 213

nparam= 1004
	dense amplitude time= 0.10893797874450684
	total non-zero amplitudes= 4900
	nsamples per process= 50
	sample time= 1.4808242321014404
	self.n= 0.257210396054025
	collect g,h time= 3.2552523612976074
E=-11.979070913081546,dE=-6.198287429981519e-07,std=0
L=-11.979070913081546,dL=-6.198287429981519e-07,std=0
	gnorm= 8.502244031941738e-05
	symmetric= True
	solver time=0.018393516540527344,exit status=0
	SR solver time= 0.018446683883666992
	symmetric= False
	niter= 42
	niter= 405
	solver time=0.11964082717895508,exit status=0
	RGN solver time= 0.11968374252319336
	xnorm=5.182317289547684,dnorm=0.01710867336125159
	dense amplitude time= 0.019577741622924805
	total non-zero amplitudes= 4900
	nsamples per process= 50
	sample time= 0.346834659576416
	self.n= 0.2569501810205782
	RGN updated loss=-11.979071535080259,dloss=-6.219987120914539e-07
step= 214

nparam= 1004
	dense amplitude time= 0.04099392890930176
	total non-zero amplitudes= 4900
	nsamples per process= 50
	sample time= 1.473984718322754
	self.n= 0.256950181020578
	collect g,h time= 3.369158983230591
E=-11.979071535080257,dE=-6.21998710315097e-07,std=0
L=-11.979071535080257,dL=-6.21998710315097e-07,std=0
	gnorm= 8.038930255189939e-05
	symmetric= True
	solver time=0.005807161331176758,exit status=0
	SR solver time= 0.005846261978149414
	symmetric= False
	niter= 43
	niter= 404
	solver time=0.15651321411132812,exit status=0
	RGN solver time= 0.1565542221069336
	xnorm=5.186904285792256,dnorm=0.01696740530815303
	dense amplitude time= 0.029114961624145508
	total non-zero amplitudes= 4900
	nsamples per process= 50
	sample time= 0.351560115814209
	self.n= 0.2567572434807373
	RGN updated loss=-11.979072138173873,dloss=-6.030936159362454e-07
step= 215

nparam= 1004
	dense amplitude time= 0.1659526824951172
	total non-zero amplitudes= 4900
	nsamples per process= 50
	sample time= 1.485166072845459
	self.n= 0.25675724348073714
	collect g,h time= 3.1914265155792236
E=-11.979072138173875,dE=-6.030936177126023e-07,std=0
L=-11.979072138173875,dL=-6.030936177126023e-07,std=0
	gnorm= 0.00017910984418532445
	symmetric= True
	solver time=0.006583690643310547,exit status=0
	SR solver time= 0.00662994384765625
	symmetric= False
	niter= 46
	niter= 367
	solver time=0.09396553039550781,exit status=0
	RGN solver time= 0.09401726722717285
	xnorm=5.191495951608733,dnorm=0.016826085824237613
	dense amplitude time= 0.024893522262573242
	total non-zero amplitudes= 4900
	nsamples per process= 50
	sample time= 0.34531569480895996
	self.n= 0.25655005894275684
	RGN updated loss=-11.979072735099937,dloss=-5.969260623572836e-07
step= 216

nparam= 1004
	dense amplitude time= 0.052236318588256836
	total non-zero amplitudes= 4900
	nsamples per process= 50
	sample time= 1.4725570678710938
	self.n= 0.2565500589427567
	collect g,h time= 3.2951321601867676
E=-11.979072735099939,dE=-5.969260641336405e-07,std=0
L=-11.979072735099939,dL=-5.969260641336405e-07,std=0
	gnorm= 0.00011026235739392924
	symmetric= True
	solver time=0.0069732666015625,exit status=0
	SR solver time= 0.00701451301574707
	symmetric= False
	niter= 43
	niter= 380
	solver time=0.0946967601776123,exit status=0
	RGN solver time= 0.09473800659179688
	xnorm=5.196111561704516,dnorm=0.016729634007702145
	dense amplitude time= 0.018119335174560547
	total non-zero amplitudes= 4900
	nsamples per process= 50
	sample time= 0.3507516384124756
	self.n= 0.2563538726147792
	RGN updated loss=-11.97907333083566,dloss=-5.957357220864878e-07
step= 217

nparam= 1004
	dense amplitude time= 0.11941385269165039
	total non-zero amplitudes= 4900
	nsamples per process= 50
	sample time= 1.4781675338745117
	self.n= 0.25635387261477915
	collect g,h time= 3.1627447605133057
E=-11.97907333083566,dE=-5.957357220864878e-07,std=0
L=-11.97907333083566,dL=-5.957357220864878e-07,std=0
	gnorm= 0.00016087350202987174
	symmetric= True
	niter= 45
	solver time=0.0065762996673583984,exit status=0
	SR solver time= 0.006618022918701172
	symmetric= False
	niter= 368
	solver time=0.09137558937072754,exit status=0
	RGN solver time= 0.0914149284362793
	xnorm=5.200736194371362,dnorm=0.016571011987031682
	dense amplitude time= 0.023092031478881836
	total non-zero amplitudes= 4900
	nsamples per process= 50
	sample time= 0.3512227535247803
	self.n= 0.25620094612287114
	RGN updated loss=-11.979073904489612,dloss=-5.736539510081684e-07
step= 218

nparam= 1004
	dense amplitude time= 0.0764627456665039
	total non-zero amplitudes= 4900
	nsamples per process= 50
	sample time= 1.481825828552246
	self.n= 0.25620094612287103
	collect g,h time= 3.2197463512420654
E=-11.97907390448961,dE=-5.736539492318116e-07,std=0
L=-11.97907390448961,dL=-5.736539492318116e-07,std=0
	gnorm= 0.0001223192126459734
	symmetric= True
	solver time=0.014075517654418945,exit status=0
	SR solver time= 0.014124155044555664
	symmetric= False
	niter= 42
	niter= 374
	solver time=0.11153817176818848,exit status=0
	RGN solver time= 0.11158609390258789
	xnorm=5.205365032521591,dnorm=0.016469477831352313
	dense amplitude time= 0.03060746192932129
	total non-zero amplitudes= 4900
	nsamples per process= 50
	sample time= 0.346660852432251
	self.n= 0.25606947172149724
	RGN updated loss=-11.979074487074564,dloss=-5.825849545004758e-07
step= 219

nparam= 1004
	dense amplitude time= 0.10634326934814453
	total non-zero amplitudes= 4900
	nsamples per process= 50
	sample time= 1.4635822772979736
	self.n= 0.25606947172149713
	collect g,h time= 3.219961643218994
E=-11.979074487074563,dE=-5.825849527241189e-07,std=0
L=-11.979074487074563,dL=-5.825849527241189e-07,std=0
	gnorm= 0.0001572689223374197
	symmetric= True
	solver time=0.02579498291015625,exit status=0
	SR solver time= 0.025852680206298828
	symmetric= False
	niter= 44
	niter= 374
	solver time=0.10877275466918945,exit status=0
	RGN solver time= 0.10881948471069336
	xnorm=5.209980946763058,dnorm=0.0163824572092204
	dense amplitude time= 0.038149118423461914
	total non-zero amplitudes= 4900
	nsamples per process= 50
	sample time= 0.3455049991607666
	self.n= 0.25587193222997195
	RGN updated loss=-11.979075036878644,dloss=-5.498040813733951e-07
step= 220

nparam= 1004
	dense amplitude time= 0.06350898742675781
	total non-zero amplitudes= 4900
	nsamples per process= 50
	sample time= 1.4673831462860107
	self.n= 0.25587193222997195
	collect g,h time= 3.2274839878082275
E=-11.979075036878646,dE=-5.498040831497519e-07,std=0
L=-11.979075036878646,dL=-5.498040831497519e-07,std=0
	gnorm= 0.00011192393910699438
	symmetric= True
	solver time=0.024956226348876953,exit status=0
	SR solver time= 0.02500629425048828
	symmetric= False
	niter= 42
	niter= 374
	solver time=0.09207034111022949,exit status=0
	RGN solver time= 0.09211540222167969
	xnorm=5.214679796831911,dnorm=0.016239176861928235
	dense amplitude time= 0.018730640411376953
	total non-zero amplitudes= 4900
	nsamples per process= 50
	sample time= 0.33776402473449707
	self.n= 0.2557985667582052
	RGN updated loss=-11.979075603835561,dloss=-5.669569151933729e-07
step= 221

nparam= 1004
	dense amplitude time= 0.03604483604431152
	total non-zero amplitudes= 4900
	nsamples per process= 50
	sample time= 1.4477734565734863
	self.n= 0.2557985667582049
	collect g,h time= 3.2542953491210938
E=-11.97907560383556,dE=-5.66956913417016e-07,std=0
L=-11.97907560383556,dL=-5.66956913417016e-07,std=0
	gnorm= 0.0001475028345462155
	symmetric= True
	solver time=0.017987966537475586,exit status=0
	SR solver time= 0.01803302764892578
	symmetric= False
	niter= 44
	niter= 374
	solver time=0.11100101470947266,exit status=0
	RGN solver time= 0.11104202270507812
	xnorm=5.2192844411544925,dnorm=0.016078768028396553
	dense amplitude time= 0.019644498825073242
	total non-zero amplitudes= 4900
	nsamples per process= 50
	sample time= 0.34749770164489746
	self.n= 0.25564546643718145
	RGN updated loss=-11.97907613181695,dloss=-5.279813901637453e-07
step= 222

nparam= 1004
	dense amplitude time= 0.0778203010559082
	total non-zero amplitudes= 4900
	nsamples per process= 50
	sample time= 1.485644817352295
	self.n= 0.2556454664371812
	collect g,h time= 3.221209764480591
E=-11.979076131816951,dE=-5.279813919401022e-07,std=0
L=-11.979076131816951,dL=-5.279813919401022e-07,std=0
	gnorm= 0.00011165945769537347
	symmetric= True
	solver time=0.006272792816162109,exit status=0
	SR solver time= 0.006327390670776367
	symmetric= False
	niter= 42
	niter= 374
	solver time=0.10103106498718262,exit status=0
	RGN solver time= 0.10108208656311035
	xnorm=5.223985540662858,dnorm=0.015978819308611447
	dense amplitude time= 0.01923823356628418
	total non-zero amplitudes= 4900
	nsamples per process= 50
	sample time= 0.35467028617858887
	self.n= 0.25561291353129567
	RGN updated loss=-11.97907667938916,dloss=-5.475722080205969e-07
step= 223

nparam= 1004
	dense amplitude time= 0.031216144561767578
	total non-zero amplitudes= 4900
	nsamples per process= 50
	sample time= 1.4980533123016357
	self.n= 0.25561291353129567
	collect g,h time= 3.1991591453552246
E=-11.979076679389157,dE=-5.475722062442401e-07,std=0
L=-11.979076679389157,dL=-5.475722062442401e-07,std=0
	gnorm= 0.0001483659289747958
	symmetric= True
	solver time=0.006432533264160156,exit status=0
	SR solver time= 0.0064907073974609375
	symmetric= False
	niter= 44
	niter= 374
	solver time=0.10777163505554199,exit status=0
	RGN solver time= 0.1078195571899414
	xnorm=5.2285991882145915,dnorm=0.01582969292647987
	dense amplitude time= 0.03200244903564453
	total non-zero amplitudes= 4900
	nsamples per process= 50
	sample time= 0.35079097747802734
	self.n= 0.2554628482830903
	RGN updated loss=-11.979077187380486,dloss=-5.079913290018112e-07
step= 224

nparam= 1004
	dense amplitude time= 0.12401509284973145
	total non-zero amplitudes= 4900
	nsamples per process= 50
	sample time= 1.5166895389556885
	self.n= 0.2554628482830899
	collect g,h time= 3.2899322509765625
E=-11.979077187380486,dE=-5.079913290018112e-07,std=0
L=-11.979077187380486,dL=-5.079913290018112e-07,std=0
	gnorm= 0.00011182625354267138
	symmetric= True
	solver time=0.017905235290527344,exit status=0
	SR solver time= 0.017950773239135742
	symmetric= False
	niter= 42
	niter= 374
	solver time=0.11251664161682129,exit status=0
	RGN solver time= 0.1125650405883789
	xnorm=5.23332174215521,dnorm=0.015720422636637275
	dense amplitude time= 0.02868509292602539
	total non-zero amplitudes= 4900
	nsamples per process= 50
	sample time= 0.34661293029785156
	self.n= 0.2554554120925844
	RGN updated loss=-11.97907771923302,dloss=-5.318525335695767e-07
step= 225

nparam= 1004
	dense amplitude time= 0.06586647033691406
	total non-zero amplitudes= 4900
	nsamples per process= 50
	sample time= 1.4857454299926758
	self.n= 0.2554554120925845
	collect g,h time= 3.315427780151367
E=-11.97907771923302,dE=-5.318525335695767e-07,std=0
L=-11.97907771923302,dL=-5.318525335695767e-07,std=0
	gnorm= 5.778645866473772e-05
	symmetric= True
	solver time=0.006516695022583008,exit status=0
	SR solver time= 0.006556034088134766
	symmetric= False
	niter= 39
	niter= 405
	solver time=0.11386442184448242,exit status=0
	RGN solver time= 0.1139066219329834
	xnorm=5.237937403436146,dnorm=0.01552396372019798
	dense amplitude time= 0.02825784683227539
	total non-zero amplitudes= 4900
	nsamples per process= 50
	sample time= 0.3569958209991455
	self.n= 0.2554061126093602
	RGN updated loss=-11.97907822207638,dloss=-5.028433598397442e-07
step= 226

nparam= 1004
	dense amplitude time= 0.035696983337402344
	total non-zero amplitudes= 4900
	nsamples per process= 50
	sample time= 1.4903779029846191
	self.n= 0.25540611260936
	collect g,h time= 3.2972755432128906
E=-11.979078222076378,dE=-5.028433580633873e-07,std=0
L=-11.979078222076378,dL=-5.028433580633873e-07,std=0
	gnorm= 8.336698287938494e-05
	symmetric= True
	solver time=0.0193178653717041,exit status=0
	SR solver time= 0.019367456436157227
	symmetric= False
	niter= 43
	niter= 401
	solver time=0.10938024520874023,exit status=0
	RGN solver time= 0.10942339897155762
	xnorm=5.2426220677803945,dnorm=0.015388653487417478
	dense amplitude time= 0.01689910888671875
	total non-zero amplitudes= 4900
	nsamples per process= 50
	sample time= 0.35574769973754883
	self.n= 0.2553658527294449
	RGN updated loss=-11.979078710979039,dloss=-4.889026605781055e-07
step= 227

nparam= 1004
	dense amplitude time= 0.026427030563354492
	total non-zero amplitudes= 4900
	nsamples per process= 50
	sample time= 1.5154693126678467
	self.n= 0.2553658527294452
	collect g,h time= 3.3228306770324707
E=-11.97907871097904,dE=-4.889026623544623e-07,std=0
L=-11.97907871097904,dL=-4.889026623544623e-07,std=0
	gnorm= 9.784663369636707e-05
	symmetric= True
	solver time=0.007122993469238281,exit status=0
	SR solver time= 0.007172822952270508
	symmetric= False
	niter= 42
	niter= 381
	solver time=0.11485910415649414,exit status=0
	RGN solver time= 0.11490774154663086
	xnorm=5.247306376906974,dnorm=0.015295791017517053
	dense amplitude time= 0.01860809326171875
	total non-zero amplitudes= 4900
	nsamples per process= 50
	sample time= 0.34768033027648926
	self.n= 0.25541187271466703
	RGN updated loss=-11.979079212969252,dloss=-5.01990211176917e-07
step= 228

nparam= 1004
	dense amplitude time= 0.04542207717895508
	total non-zero amplitudes= 4900
	nsamples per process= 50
	sample time= 1.485743761062622
	self.n= 0.25541187271466725
	collect g,h time= 3.3502895832061768
E=-11.979079212969252,dE=-5.01990211176917e-07,std=0
L=-11.979079212969252,dL=-5.01990211176917e-07,std=0
	gnorm= 9.431142767129638e-05
	symmetric= True
	solver time=0.007096052169799805,exit status=0
	SR solver time= 0.007147073745727539
	symmetric= False
	niter= 44
	niter= 390
	solver time=0.1166543960571289,exit status=0
	RGN solver time= 0.11669778823852539
	xnorm=5.251937768580043,dnorm=0.015120110242251263
	dense amplitude time= 0.0277862548828125
	total non-zero amplitudes= 4900
	nsamples per process= 50
	sample time= 0.3569357395172119
	self.n= 0.25540172804910877
	RGN updated loss=-11.97907968092066,dloss=-4.679514091776582e-07
step= 229

nparam= 1004
	dense amplitude time= 0.04019880294799805
	total non-zero amplitudes= 4900
	nsamples per process= 50
	sample time= 1.4855372905731201
	self.n= 0.25540172804910877
	collect g,h time= 3.346120595932007
E=-11.979079680920659,dE=-4.6795140740130137e-07,std=0
L=-11.979079680920659,dL=-4.6795140740130137e-07,std=0
	gnorm= 7.901487280337726e-05
	symmetric= True
	solver time=0.006650209426879883,exit status=0
	SR solver time= 0.0067005157470703125
	symmetric= False
	niter= 43
	niter= 400
	solver time=0.11519122123718262,exit status=0
	RGN solver time= 0.11525177955627441
	xnorm=5.256629820631647,dnorm=0.015028260214558548
	dense amplitude time= 0.026940107345581055
	total non-zero amplitudes= 4900
	nsamples per process= 50
	sample time= 0.3521435260772705
	self.n= 0.2554945103298106
	RGN updated loss=-11.979080163861367,dloss=-4.829407078688064e-07
step= 230

nparam= 1004
	dense amplitude time= 0.07022333145141602
	total non-zero amplitudes= 4900
	nsamples per process= 50
	sample time= 1.5236611366271973
	self.n= 0.25549451032981074
	collect g,h time= 3.258439779281616
E=-11.979080163861363,dE=-4.829407043160927e-07,std=0
L=-11.979080163861363,dL=-4.829407043160927e-07,std=0
	gnorm= 7.30636327546915e-05
	symmetric= True
	solver time=0.006499290466308594,exit status=0
	SR solver time= 0.006535053253173828
	symmetric= False
	niter= 43
	niter= 400
	solver time=0.11990237236022949,exit status=0
	RGN solver time= 0.11995482444763184
	xnorm=5.261267102042809,dnorm=0.014864833645848558
	dense amplitude time= 0.017697572708129883
	total non-zero amplitudes= 4900
	nsamples per process= 50
	sample time= 0.34624576568603516
	self.n= 0.2555449442763134
	RGN updated loss=-11.979080621551663,dloss=-4.576902998820742e-07
step= 231

nparam= 1004
	dense amplitude time= 0.09549689292907715
	total non-zero amplitudes= 4900
	nsamples per process= 50
	sample time= 1.491149663925171
	self.n= 0.2555449442763137
	collect g,h time= 3.306440830230713
E=-11.97908062155166,dE=-4.5769029632936054e-07,std=0
L=-11.97908062155166,dL=-4.5769029632936054e-07,std=0
	gnorm= 5.6061647227545495e-05
	symmetric= True
	solver time=0.006846904754638672,exit status=0
	SR solver time= 0.006896257400512695
	symmetric= False
	niter= 41
	niter= 405
	solver time=0.1216728687286377,exit status=0
	RGN solver time= 0.12172603607177734
	xnorm=5.265950348831281,dnorm=0.014729661294071286
	dense amplitude time= 0.029227733612060547
	total non-zero amplitudes= 4900
	nsamples per process= 50
	sample time= 0.35436224937438965
	self.n= 0.25564085020998345
	RGN updated loss=-11.979081080677222,dloss=-4.5912556245752967e-07
step= 232

nparam= 1004
	dense amplitude time= 0.04651904106140137
	total non-zero amplitudes= 4900
	nsamples per process= 50
	sample time= 1.475374698638916
	self.n= 0.2556408502099832
	collect g,h time= 3.379007577896118
E=-11.97908108067722,dE=-4.5912556068117283e-07,std=0
L=-11.97908108067722,dL=-4.5912556068117283e-07,std=0
	gnorm= 6.952568557655485e-05
	symmetric= True
	solver time=0.01404881477355957,exit status=0
	SR solver time= 0.01410531997680664
	symmetric= False
	niter= 43
	niter= 398
	solver time=0.11102128028869629,exit status=0
	RGN solver time= 0.111083984375
	xnorm=5.270610846245869,dnorm=0.01456017566031387
	dense amplitude time= 0.029715299606323242
	total non-zero amplitudes= 4900
	nsamples per process= 50
	sample time= 0.3504300117492676
	self.n= 0.25571904003682716
	RGN updated loss=-11.979081519956994,dloss=-4.3927977344537794e-07
step= 233

nparam= 1004
	dense amplitude time= 0.03910017013549805
	total non-zero amplitudes= 4900
	nsamples per process= 50
	sample time= 1.4933431148529053
	self.n= 0.25571904003682705
	collect g,h time= 3.4012086391448975
E=-11.979081519956994,dE=-4.3927977344537794e-07,std=0
L=-11.979081519956994,dL=-4.3927977344537794e-07,std=0
	gnorm= 5.5992877995864043e-05
	symmetric= True
	solver time=0.005964756011962891,exit status=0
	SR solver time= 0.006005764007568359
	symmetric= False
	niter= 42
	niter= 405
	solver time=0.11807918548583984,exit status=0
	RGN solver time= 0.11813473701477051
	xnorm=5.275274180773344,dnorm=0.014442747478908733
	dense amplitude time= 0.023062944412231445
	total non-zero amplitudes= 4900
	nsamples per process= 50
	sample time= 0.3440971374511719
	self.n= 0.25585342820970464
	RGN updated loss=-11.979081963173527,dloss=-4.4321653369649994e-07
step= 234

nparam= 1004
	dense amplitude time= 0.06577491760253906
	total non-zero amplitudes= 4900
	nsamples per process= 50
	sample time= 1.4830994606018066
	self.n= 0.2558534282097045
	collect g,h time= 3.446094274520874
E=-11.97908196317353,dE=-4.432165354728568e-07,std=0
L=-11.97908196317353,dL=-4.432165354728568e-07,std=0
	gnorm= 3.409294741807317e-05
	symmetric= True
	solver time=0.0062389373779296875,exit status=0
	SR solver time= 0.006281614303588867
	symmetric= False
	niter= 36
	niter= 435
	solver time=0.12023115158081055,exit status=0
	RGN solver time= 0.12027573585510254
	xnorm=5.279898984302033,dnorm=0.014296171766977691
	dense amplitude time= 0.018420934677124023
	total non-zero amplitudes= 4900
	nsamples per process= 50
	sample time= 0.33964037895202637
	self.n= 0.25596880679249345
	RGN updated loss=-11.979082388949893,dloss=-4.257763634996081e-07
step= 235

nparam= 1004
	dense amplitude time= 0.051499128341674805
	total non-zero amplitudes= 4900
	nsamples per process= 50
	sample time= 1.5261433124542236
	self.n= 0.25596880679249356
	collect g,h time= 3.393622398376465
E=-11.979082388949893,dE=-4.257763634996081e-07,std=0
L=-11.979082388949893,dL=-4.257763634996081e-07,std=0
	gnorm= 3.2396403781649094e-05
	symmetric= True
	solver time=0.0066454410552978516,exit status=0
	SR solver time= 0.006717205047607422
	symmetric= False
	niter= 36
	niter= 433
	solver time=0.12037205696105957,exit status=0
	RGN solver time= 0.12042951583862305
	xnorm=5.284557496346012,dnorm=0.014160394619180457
	dense amplitude time= 0.019898653030395508
	total non-zero amplitudes= 4900
	nsamples per process= 50
	sample time= 0.3535902500152588
	self.n= 0.25613707551311543
	RGN updated loss=-11.979082810943291,dloss=-4.2199339844728456e-07
step= 236

nparam= 1004
	dense amplitude time= 0.07432842254638672
	total non-zero amplitudes= 4900
	nsamples per process= 50
	sample time= 1.5065841674804688
	self.n= 0.2561370755131155
	collect g,h time= 3.4042484760284424
E=-11.979082810943291,dE=-4.2199339844728456e-07,std=0
L=-11.979082810943291,dL=-4.2199339844728456e-07,std=0
	gnorm= 3.301560406498732e-05
	symmetric= True
	solver time=0.016936540603637695,exit status=0
	SR solver time= 0.016985177993774414
	symmetric= False
	niter= 37
	niter= 432
	solver time=0.11337828636169434,exit status=0
	RGN solver time= 0.11342573165893555
	xnorm=5.289160168277173,dnorm=0.014024866879706204
	dense amplitude time= 0.017748594284057617
	total non-zero amplitudes= 4900
	nsamples per process= 50
	sample time= 0.36033153533935547
	self.n= 0.2562842282229067
	RGN updated loss=-11.979083220254804,dloss=-4.0931151268353005e-07
step= 237

nparam= 1004
	dense amplitude time= 0.055792808532714844
	total non-zero amplitudes= 4900
	nsamples per process= 50
	sample time= 1.5235602855682373
	self.n= 0.25628422822290653
	collect g,h time= 3.4789795875549316
E=-11.979083220254802,dE=-4.093115109071732e-07,std=0
L=-11.979083220254802,dL=-4.093115109071732e-07,std=0
	gnorm= 3.155027831068384e-05
	symmetric= True
	solver time=0.015297651290893555,exit status=0
	SR solver time= 0.015346527099609375
	symmetric= False
	niter= 36
	niter= 431
	solver time=0.20305609703063965,exit status=0
	RGN solver time= 0.20310497283935547
	xnorm=5.2937944437145985,dnorm=0.013896271419952715
	dense amplitude time= 0.026730775833129883
	total non-zero amplitudes= 4900
	nsamples per process= 50
	sample time= 0.34810805320739746
	self.n= 0.25647939835935823
	RGN updated loss=-11.97908362623625,dloss=-4.0598144757098e-07
step= 238

nparam= 1004
	dense amplitude time= 0.028103113174438477
	total non-zero amplitudes= 4900
	nsamples per process= 50
	sample time= 1.5246758460998535
	self.n= 0.256479398359358
	collect g,h time= 3.3914194107055664
E=-11.97908362623625,dE=-4.0598144757098e-07,std=0
L=-11.97908362623625,dL=-4.0598144757098e-07,std=0
	gnorm= 3.2260868041468396e-05
	symmetric= True
	solver time=0.0066394805908203125,exit status=0
	SR solver time= 0.006682872772216797
	symmetric= False
	niter= 37
	niter= 433
	solver time=0.12483859062194824,exit status=0
	RGN solver time= 0.12488555908203125
	xnorm=5.2983747133938115,dnorm=0.013762332323429535
	dense amplitude time= 0.022449731826782227
	total non-zero amplitudes= 4900
	nsamples per process= 50
	sample time= 0.3503091335296631
	self.n= 0.25665765976858484
	RGN updated loss=-11.979084019804018,dloss=-3.93567768597336e-07
step= 239

nparam= 1004
	dense amplitude time= 0.056765079498291016
	total non-zero amplitudes= 4900
	nsamples per process= 50
	sample time= 1.5364727973937988
	self.n= 0.2566576597685843
	collect g,h time= 3.605832815170288
E=-11.979084019804018,dE=-3.93567768597336e-07,std=0
L=-11.979084019804018,dL=-3.93567768597336e-07,std=0
	gnorm= 3.075519489306477e-05
	symmetric= True
	solver time=0.006201028823852539,exit status=0
	SR solver time= 0.0062444210052490234
	symmetric= False
	niter= 37
	niter= 431
	solver time=0.11624956130981445,exit status=0
	RGN solver time= 0.11629676818847656
	xnorm=5.302981504612074,dnorm=0.013638444198487299
	dense amplitude time= 0.024395227432250977
	total non-zero amplitudes= 4900
	nsamples per process= 50
	sample time= 0.3585512638092041
	self.n= 0.2568842695742177
	RGN updated loss=-11.979084411125527,dloss=-3.913215085304955e-07
step= 240

nparam= 1004
	dense amplitude time= 0.061145782470703125
	total non-zero amplitudes= 4900
	nsamples per process= 50
	sample time= 1.5070421695709229
	self.n= 0.25688426957421767
	collect g,h time= 3.3977060317993164
E=-11.97908441112553,dE=-3.913215120832092e-07,std=0
L=-11.97908441112553,dL=-3.913215120832092e-07,std=0
	gnorm= 3.856817234589637e-05
	symmetric= True
	solver time=0.01804184913635254,exit status=0
	SR solver time= 0.01809215545654297
	symmetric= False
	niter= 38
	niter= 412
	solver time=0.11966085433959961,exit status=0
	RGN solver time= 0.11971163749694824
	xnorm=5.307532688162905,dnorm=0.013514340248440318
	dense amplitude time= 0.029383182525634766
	total non-zero amplitudes= 4900
	nsamples per process= 50
	sample time= 0.3588089942932129
	self.n= 0.2570931656888156
	RGN updated loss=-11.979084790390104,dloss=-3.7926457352455145e-07
step= 241

nparam= 1004
	dense amplitude time= 0.044007062911987305
	total non-zero amplitudes= 4900
	nsamples per process= 50
	sample time= 1.5113141536712646
	self.n= 0.2570931656888159
	collect g,h time= 3.4080357551574707
E=-11.979084790390102,dE=-3.792645717481946e-07,std=0
L=-11.979084790390102,dL=-3.792645717481946e-07,std=0
	gnorm= 3.052241952060713e-05
	symmetric= True
	solver time=0.007070779800415039,exit status=0
	SR solver time= 0.007134437561035156
	symmetric= False
	niter= 37
	niter= 430
	solver time=0.14130854606628418,exit status=0
	RGN solver time= 0.14136219024658203
	xnorm=5.312114092059381,dnorm=0.013403591836011074
	dense amplitude time= 0.035372257232666016
	total non-zero amplitudes= 4900
	nsamples per process= 50
	sample time= 0.3454551696777344
	self.n= 0.2573521192129608
	RGN updated loss=-11.979085167490434,dloss=-3.7710033140569976e-07
step= 242

nparam= 1004
	dense amplitude time= 0.10530900955200195
	total non-zero amplitudes= 4900
	nsamples per process= 50
	sample time= 1.5452995300292969
	self.n= 0.25735211921296064
	collect g,h time= 3.438469171524048
E=-11.979085167490434,dE=-3.7710033140569976e-07,std=0
L=-11.979085167490434,dL=-3.7710033140569976e-07,std=0
	gnorm= 3.1161882084738e-05
	symmetric= True
	solver time=0.006455659866333008,exit status=0
	SR solver time= 0.006499528884887695
	symmetric= False
	niter= 37
	niter= 428
	solver time=0.11295366287231445,exit status=0
	RGN solver time= 0.11299920082092285
	xnorm=5.316632347799016,dnorm=0.013273385177952887
	dense amplitude time= 0.018142223358154297
	total non-zero amplitudes= 4900
	nsamples per process= 50
	sample time= 0.3508572578430176
	self.n= 0.25759602383691915
	RGN updated loss=-11.979085532833732,dloss=-3.6534329872495164e-07
step= 243

nparam= 1004
	dense amplitude time= 0.03650522232055664
	total non-zero amplitudes= 4900
	nsamples per process= 50
	sample time= 1.5269882678985596
	self.n= 0.25759602383691904
	collect g,h time= 3.412506103515625
E=-11.979085532833732,dE=-3.6534329872495164e-07,std=0
L=-11.979085532833732,dL=-3.6534329872495164e-07,std=0
	gnorm= 2.8662565620015375e-05
	symmetric= True
	solver time=0.00634312629699707,exit status=0
	SR solver time= 0.006388425827026367
	symmetric= False
	niter= 35
	niter= 427
	solver time=0.11239957809448242,exit status=0
	RGN solver time= 0.11245393753051758
	xnorm=5.321174610909299,dnorm=0.013152447178049975
	dense amplitude time= 0.018450498580932617
	total non-zero amplitudes= 4900
	nsamples per process= 50
	sample time= 0.3428773880004883
	self.n= 0.25788610232035375
	RGN updated loss=-11.979085895534384,dloss=-3.6270065173482635e-07
step= 244

nparam= 1004
	dense amplitude time= 0.06212353706359863
	total non-zero amplitudes= 4900
	nsamples per process= 50
	sample time= 1.5397248268127441
	self.n= 0.2578861023203538
	collect g,h time= 3.3991920948028564
E=-11.979085895534384,dE=-3.6270065173482635e-07,std=0
L=-11.979085895534384,dL=-3.6270065173482635e-07,std=0
	gnorm= 2.8392658737271926e-05
	symmetric= True
	solver time=0.0167844295501709,exit status=0
	SR solver time= 0.016872406005859375
	symmetric= False
	niter= 36
	niter= 428
	solver time=0.13989996910095215,exit status=0
	RGN solver time= 0.13994264602661133
	xnorm=5.325668523210126,dnorm=0.013029989171149347
	dense amplitude time= 0.021187543869018555
	total non-zero amplitudes= 4900
	nsamples per process= 50
	sample time= 0.3534829616546631
	self.n= 0.2581573218228088
	RGN updated loss=-11.979086246424796,dloss=-3.5089041183766767e-07
step= 245

nparam= 1004
	dense amplitude time= 0.10983610153198242
	total non-zero amplitudes= 4900
	nsamples per process= 50
	sample time= 1.4877877235412598
	self.n= 0.25815732182280865
	collect g,h time= 3.5108420848846436
E=-11.979086246424794,dE=-3.5089041006131083e-07,std=0
L=-11.979086246424794,dL=-3.5089041006131083e-07,std=0
	gnorm= 2.8565763636764915e-05
	symmetric= True
	solver time=0.006255626678466797,exit status=0
	SR solver time= 0.0063018798828125
	symmetric= False
	niter= 37
	niter= 436
	solver time=0.11505556106567383,exit status=0
	RGN solver time= 0.11510396003723145
	xnorm=5.330176094101008,dnorm=0.01295862029508814
	dense amplitude time= 0.03903031349182129
	total non-zero amplitudes= 4900
	nsamples per process= 50
	sample time= 0.35251903533935547
	self.n= 0.25848451702934766
	RGN updated loss=-11.979086596142041,dloss=-3.4971724716115205e-07
step= 246

nparam= 1004
	dense amplitude time= 0.08660745620727539
	total non-zero amplitudes= 4900
	nsamples per process= 50
	sample time= 1.5291523933410645
	self.n= 0.2584845170293474
	collect g,h time= 3.416572093963623
E=-11.97908659614204,dE=-3.497172453847952e-07,std=0
L=-11.97908659614204,dL=-3.497172453847952e-07,std=0
	gnorm= 2.7446783469256947e-05
	symmetric= True
	solver time=0.005948305130004883,exit status=0
	SR solver time= 0.0059947967529296875
	symmetric= False
	niter= 35
	niter= 432
	solver time=0.12159109115600586,exit status=0
	RGN solver time= 0.12163591384887695
	xnorm=5.334668026971486,dnorm=0.012804482098895934
	dense amplitude time= 0.018641233444213867
	total non-zero amplitudes= 4900
	nsamples per process= 50
	sample time= 0.3555312156677246
	self.n= 0.2587904494835103
	RGN updated loss=-11.979086936383416,dloss=-3.4024137640642493e-07
step= 247

nparam= 1004
	dense amplitude time= 0.07116889953613281
	total non-zero amplitudes= 4900
	nsamples per process= 50
	sample time= 1.5243587493896484
	self.n= 0.2587904494835105
	collect g,h time= 3.4390668869018555
E=-11.979086936383418,dE=-3.4024137818278177e-07,std=0
L=-11.979086936383418,dL=-3.4024137818278177e-07,std=0
	gnorm= 2.619323259613707e-05
	symmetric= True
	solver time=0.005687236785888672,exit status=0
	SR solver time= 0.005731344223022461
	symmetric= False
	niter= 34
	niter= 432
	solver time=0.11316323280334473,exit status=0
	RGN solver time= 0.11321854591369629
	xnorm=5.3391133085425215,dnorm=0.012687636863860784
	dense amplitude time= 0.018819332122802734
	total non-zero amplitudes= 4900
	nsamples per process= 50
	sample time= 0.35801029205322266
	self.n= 0.2591342403783299
	RGN updated loss=-11.979087274396395,dloss=-3.380129776076046e-07
step= 248

nparam= 1004
	dense amplitude time= 0.09049391746520996
	total non-zero amplitudes= 4900
	nsamples per process= 50
	sample time= 1.5150480270385742
	self.n= 0.25913424037833
	collect g,h time= 3.339674472808838
E=-11.979087274396393,dE=-3.380129758312478e-07,std=0
L=-11.979087274396393,dL=-3.380129758312478e-07,std=0
	gnorm= 3.680921502475675e-05
	symmetric= True
	solver time=0.016650915145874023,exit status=0
	SR solver time= 0.01673126220703125
	symmetric= False
	niter= 40
	niter= 411
	solver time=0.12216782569885254,exit status=0
	RGN solver time= 0.12221312522888184
	xnorm=5.343540628113886,dnorm=0.012580254726473984
	dense amplitude time= 0.019118309020996094
	total non-zero amplitudes= 4900
	nsamples per process= 50
	sample time= 0.35036492347717285
	self.n= 0.25945687396193506
	RGN updated loss=-11.979087596698974,dloss=-3.2230258106835663e-07
step= 249

nparam= 1004
	dense amplitude time= 0.15924596786499023
	total non-zero amplitudes= 4900
	nsamples per process= 50
	sample time= 1.5466291904449463
	self.n= 0.25945687396193534
	collect g,h time= 3.2697458267211914
E=-11.979087596698974,dE=-3.2230258106835663e-07,std=0
L=-11.979087596698974,dL=-3.2230258106835663e-07,std=0
	gnorm= 3.764464561627197e-05
	symmetric= True
	solver time=0.010030508041381836,exit status=0
	SR solver time= 0.010069847106933594
	symmetric= False
	niter= 40
	niter= 407
	solver time=0.18177247047424316,exit status=0
	RGN solver time= 0.18181872367858887
	xnorm=5.347978095578047,dnorm=0.012475660763875147
	dense amplitude time= 0.018208026885986328
	total non-zero amplitudes= 4900
	nsamples per process= 50
	sample time= 0.34966111183166504
	self.n= 0.25983017701471256
	RGN updated loss=-11.979087925724503,dloss=-3.290255286003685e-07
step= 250

nparam= 1004
	dense amplitude time= 0.17057204246520996
	total non-zero amplitudes= 4900
	nsamples per process= 50
	sample time= 1.5677790641784668
	self.n= 0.2598301770147122
	collect g,h time= 3.2865242958068848
E=-11.979087925724505,dE=-3.2902553037672533e-07,std=0
L=-11.979087925724505,dL=-3.2902553037672533e-07,std=0
	gnorm= 5.2152383817199904e-05
	symmetric= True
	solver time=0.008469581604003906,exit status=0
	SR solver time= 0.00851297378540039
	symmetric= False
	niter= 42
	niter= 405
	solver time=0.10650014877319336,exit status=0
	RGN solver time= 0.10654759407043457
	xnorm=5.352359275557776,dnorm=0.012394006074520158
	dense amplitude time= 0.01888751983642578
	total non-zero amplitudes= 4900
	nsamples per process= 50
	sample time= 0.35961437225341797
	self.n= 0.26016351732908105
	RGN updated loss=-11.979088233893968,dloss=-3.0816946328116046e-07
step= 251

nparam= 1004
	dense amplitude time= 0.140364408493042
	total non-zero amplitudes= 4900
	nsamples per process= 50
	sample time= 1.5281147956848145
	self.n= 0.26016351732908116
	collect g,h time= 3.2808103561401367
E=-11.979088233893966,dE=-3.081694615048036e-07,std=0
L=-11.979088233893966,dL=-3.081694615048036e-07,std=0
	gnorm= 4.780932318363193e-05
	symmetric= True
	solver time=0.0182650089263916,exit status=0
	SR solver time= 0.0183103084564209
	symmetric= False
	niter= 41
	niter= 405
	solver time=0.11105012893676758,exit status=0
	RGN solver time= 0.11110043525695801
	xnorm=5.3567056970668006,dnorm=0.012296602663485055
	dense amplitude time= 0.019170284271240234
	total non-zero amplitudes= 4900
	nsamples per process= 50
	sample time= 0.35361814498901367
	self.n= 0.26058011378520496
	RGN updated loss=-11.979088552542061,dloss=-3.1864809457715637e-07
step= 252

nparam= 1004
	dense amplitude time= 0.13529157638549805
	total non-zero amplitudes= 4900
	nsamples per process= 50
	sample time= 1.55637788772583
	self.n= 0.26058011378520474
	collect g,h time= 3.3235785961151123
E=-11.979088552542061,dE=-3.1864809457715637e-07,std=0
L=-11.979088552542061,dL=-3.1864809457715637e-07,std=0
	gnorm= 4.035622229619139e-05
	symmetric= True
	solver time=0.007743358612060547,exit status=0
	SR solver time= 0.007783174514770508
	symmetric= False
	niter= 41
	niter= 405
	solver time=0.10528039932250977,exit status=0
	RGN solver time= 0.10532212257385254
	xnorm=5.361063733388494,dnorm=0.012183627943715601
	dense amplitude time= 0.018996000289916992
	total non-zero amplitudes= 4900
	nsamples per process= 50
	sample time= 0.35338568687438965
	self.n= 0.26096405865111383
	RGN updated loss=-11.979088857288193,dloss=-3.047461323291145e-07
step= 253

nparam= 1004
	dense amplitude time= 0.044324636459350586
	total non-zero amplitudes= 4900
	nsamples per process= 50
	sample time= 1.555436372756958
	self.n= 0.2609640586511134
	collect g,h time= 3.2839548587799072
E=-11.979088857288192,dE=-3.047461305527577e-07,std=0
L=-11.979088857288192,dL=-3.047461305527577e-07,std=0
	gnorm= 3.339238015903158e-05
	symmetric= True
	solver time=0.028107404708862305,exit status=0
	SR solver time= 0.028152942657470703
	symmetric= False
	niter= 40
	niter= 411
	solver time=0.10406041145324707,exit status=0
	RGN solver time= 0.10410499572753906
	xnorm=5.365403494103672,dnorm=0.012082435524640046
	dense amplitude time= 0.019696712493896484
	total non-zero amplitudes= 4900
	nsamples per process= 50
	sample time= 0.36060190200805664
	self.n= 0.26139384332209864
	RGN updated loss=-11.979089165837093,dloss=-3.0854890198384055e-07
step= 254

nparam= 1004
	dense amplitude time= 0.15386199951171875
	total non-zero amplitudes= 4900
	nsamples per process= 50
	sample time= 1.5239830017089844
	self.n= 0.2613938433220986
	collect g,h time= 3.334996461868286
E=-11.979089165837092,dE=-3.085489002074837e-07,std=0
L=-11.979089165837092,dL=-3.085489002074837e-07,std=0
	gnorm= 6.856924318297251e-05
	symmetric= True
	solver time=0.016707658767700195,exit status=0
	SR solver time= 0.016757488250732422
	symmetric= False
	niter= 44
	niter= 393
	solver time=0.11757326126098633,exit status=0
	RGN solver time= 0.11761307716369629
	xnorm=5.369692458136651,dnorm=0.012024405797257364
	dense amplitude time= 0.017656803131103516
	total non-zero amplitudes= 4900
	nsamples per process= 50
	sample time= 0.3683464527130127
	self.n= 0.2617725822989876
	RGN updated loss=-11.97908944641737,dloss=-2.8058027901067817e-07
step= 255

nparam= 1004
	dense amplitude time= 0.12124490737915039
	total non-zero amplitudes= 4900
	nsamples per process= 50
	sample time= 1.5481951236724854
	self.n= 0.26177258229898737
	collect g,h time= 3.3104400634765625
E=-11.97908944641737,dE=-2.8058027901067817e-07,std=0
L=-11.97908944641737,dL=-2.8058027901067817e-07,std=0
	gnorm= 6.190687499978442e-05
	symmetric= True
	solver time=0.006936788558959961,exit status=0
	SR solver time= 0.006978273391723633
	symmetric= False
	niter= 43
	niter= 399
	solver time=0.12760114669799805,exit status=0
	RGN solver time= 0.12764620780944824
	xnorm=5.373957441579323,dnorm=0.011922147667761068
	dense amplitude time= 0.023429393768310547
	total non-zero amplitudes= 4900
	nsamples per process= 50
	sample time= 0.35579562187194824
	self.n= 0.2622474964989199
	RGN updated loss=-11.979089754673025,dloss=-3.08255653891365e-07
step= 256

nparam= 1004
	dense amplitude time= 0.11152243614196777
	total non-zero amplitudes= 4900
	nsamples per process= 50
	sample time= 1.5688550472259521
	self.n= 0.2622474964989199
	collect g,h time= 3.2727718353271484
E=-11.979089754673032,dE=-3.0825566099679236e-07,std=0
L=-11.979089754673032,dL=-3.0825566099679236e-07,std=0
	gnorm= 6.911256637480353e-05
	symmetric= True
	solver time=0.0073392391204833984,exit status=0
	SR solver time= 0.007381916046142578
	symmetric= False
	niter= 44
	niter= 385
	solver time=0.10460925102233887,exit status=0
	RGN solver time= 0.10465240478515625
	xnorm=5.378208543236571,dnorm=0.01180868654301175
	dense amplitude time= 0.019651174545288086
	total non-zero amplitudes= 4900
	nsamples per process= 50
	sample time= 0.35755419731140137
	self.n= 0.2626765036693384
	RGN updated loss=-11.979090027178152,dloss=-2.725051206908802e-07
step= 257

nparam= 1004
	dense amplitude time= 0.0829920768737793
	total non-zero amplitudes= 4900
	nsamples per process= 50
	sample time= 1.582641363143921
	self.n= 0.26267650366933837
	collect g,h time= 3.3261313438415527
E=-11.979090027178152,dE=-2.725051206908802e-07,std=0
L=-11.979090027178152,dL=-2.725051206908802e-07,std=0
	gnorm= 6.547639518034062e-05
	symmetric= True
	solver time=0.016494035720825195,exit status=0
	SR solver time= 0.016544818878173828
	symmetric= False
	niter= 44
	niter= 396
	solver time=0.11762261390686035,exit status=0
	RGN solver time= 0.11766791343688965
	xnorm=5.382426156798188,dnorm=0.011756841008527474
	dense amplitude time= 0.02640557289123535
	total non-zero amplitudes= 4900
	nsamples per process= 50
	sample time= 0.3658881187438965
	self.n= 0.2631383205959641
	RGN updated loss=-11.979090324239108,dloss=-2.9706095538983845e-07
step= 258

nparam= 1004
	dense amplitude time= 0.09860062599182129
	total non-zero amplitudes= 4900
	nsamples per process= 50
	sample time= 1.5096635818481445
	self.n= 0.263138320595964
	collect g,h time= 3.1888389587402344
E=-11.979090324239106,dE=-2.970609536134816e-07,std=0
L=-11.979090324239106,dL=-2.970609536134816e-07,std=0
	gnorm= 7.237995732739363e-05
	symmetric= True
	solver time=0.01622295379638672,exit status=0
	SR solver time= 0.016269445419311523
	symmetric= False
	niter= 44
	niter= 377
	solver time=0.11371493339538574,exit status=0
	RGN solver time= 0.11376428604125977
	xnorm=5.386655783366853,dnorm=0.011652020529443603
	dense amplitude time= 0.020343303680419922
	total non-zero amplitudes= 4900
	nsamples per process= 50
	sample time= 0.34781694412231445
	self.n= 0.2635878684429355
	RGN updated loss=-11.979090591380666,dloss=-2.6714156042828563e-07
step= 259

nparam= 1004
	dense amplitude time= 0.0688776969909668
	total non-zero amplitudes= 4900
	nsamples per process= 50
	sample time= 1.5310237407684326
	self.n= 0.26358786844293514
	collect g,h time= 3.2779314517974854
E=-11.979090591380663,dE=-2.6714155687557195e-07,std=0
L=-11.979090591380663,dL=-2.6714155687557195e-07,std=0
	gnorm= 6.104730882870665e-05
	symmetric= True
	solver time=0.008340597152709961,exit status=0
	SR solver time= 0.00837850570678711
	symmetric= False
	niter= 44
	niter= 399
	solver time=0.11461615562438965,exit status=0
	RGN solver time= 0.11466789245605469
	xnorm=5.390828907897503,dnorm=0.011581682695775865
	dense amplitude time= 0.03990340232849121
	total non-zero amplitudes= 4900
	nsamples per process= 50
	sample time= 0.3505232334136963
	self.n= 0.26407466167149163
	RGN updated loss=-11.979090877774937,dloss=-2.863942736297531e-07
step= 260

nparam= 1004
	dense amplitude time= 0.15134549140930176
	total non-zero amplitudes= 4900
	nsamples per process= 50
	sample time= 1.503162145614624
	self.n= 0.2640746616714915
	collect g,h time= 3.295668125152588
E=-11.979090877774935,dE=-2.863942718533963e-07,std=0
L=-11.979090877774935,dL=-2.863942718533963e-07,std=0
	gnorm= 6.985777112002652e-05
	symmetric= True
	solver time=0.007675647735595703,exit status=0
	SR solver time= 0.007719516754150391
	symmetric= False
	niter= 45
	niter= 381
	solver time=0.10197305679321289,exit status=0
	RGN solver time= 0.10201644897460938
	xnorm=5.395009924547472,dnorm=0.011472638614880562
	dense amplitude time= 0.02054309844970703
	total non-zero amplitudes= 4900
	nsamples per process= 50
	sample time= 0.3520951271057129
	self.n= 0.2645490857714402
	RGN updated loss=-11.979091137596798,dloss=-2.5982186357964565e-07
step= 261

nparam= 1004
	dense amplitude time= 0.07716727256774902
	total non-zero amplitudes= 4900
	nsamples per process= 50
	sample time= 1.5016896724700928
	self.n= 0.2645490857714401
	collect g,h time= 3.3349227905273438
E=-11.979091137596793,dE=-2.5982185825057513e-07,std=0
L=-11.979091137596793,dL=-2.5982185825057513e-07,std=0
	gnorm= 6.152965827269655e-05
	symmetric= True
	solver time=0.006902217864990234,exit status=0
	SR solver time= 0.0069427490234375
	symmetric= False
	niter= 44
	niter= 397
	solver time=0.1022336483001709,exit status=0
	RGN solver time= 0.10227775573730469
	xnorm=5.3991376501047075,dnorm=0.011409720194616207
	dense amplitude time= 0.01976752281188965
	total non-zero amplitudes= 4900
	nsamples per process= 50
	sample time= 0.3535444736480713
	self.n= 0.26506171656081423
	RGN updated loss=-11.979091416542682,dloss=-2.789458886098828e-07
step= 262

nparam= 1004
	dense amplitude time= 0.10591769218444824
	total non-zero amplitudes= 4900
	nsamples per process= 50
	sample time= 1.509502649307251
	self.n= 0.26506171656081423
	collect g,h time= 3.348862886428833
E=-11.97909141654268,dE=-2.7894588683352595e-07,std=0
L=-11.97909141654268,dL=-2.7894588683352595e-07,std=0
	gnorm= 5.722732612634641e-05
	symmetric= True
	solver time=0.006966590881347656,exit status=0
	SR solver time= 0.007006645202636719
	symmetric= False
	niter= 45
	niter= 390
	solver time=0.11153841018676758,exit status=0
	RGN solver time= 0.11158156394958496
	xnorm=5.403276546960832,dnorm=0.011305966285668493
	dense amplitude time= 0.018973827362060547
	total non-zero amplitudes= 4900
	nsamples per process= 50
	sample time= 0.34956979751586914
	self.n= 0.2655578759378894
	RGN updated loss=-11.979091671892716,dloss=-2.5535003622678687e-07
step= 263

nparam= 1004
	dense amplitude time= 0.07438468933105469
	total non-zero amplitudes= 4900
	nsamples per process= 50
	sample time= 1.5175025463104248
	self.n= 0.2655578759378894
	collect g,h time= 3.351214647293091
E=-11.979091671892714,dE=-2.5535003445043003e-07,std=0
L=-11.979091671892714,dL=-2.5535003445043003e-07,std=0
	gnorm= 4.37355181520139e-05
	symmetric= True
	solver time=0.007563591003417969,exit status=0
	SR solver time= 0.007608652114868164
	symmetric= False
	niter= 44
	solver time=0.1054995059967041,exit status=0
	RGN solver time= 0.10554671287536621
	xnorm=5.407356438429413,dnorm=0.011243820955333465
	niter= 405
	dense amplitude time= 0.019415855407714844
	total non-zero amplitudes= 4900
	nsamples per process= 50
	sample time= 0.3529362678527832
	self.n= 0.26610294971119736
	RGN updated loss=-11.979091940316067,dloss=-2.6842335287824426e-07
step= 264

nparam= 1004
	dense amplitude time= 0.09389972686767578
	total non-zero amplitudes= 4900
	nsamples per process= 50
	sample time= 1.503098487854004
	self.n= 0.2661029497111975
	collect g,h time= 3.311401844024658
E=-11.97909194031607,dE=-2.6842335643095794e-07,std=0
L=-11.97909194031607,dL=-2.6842335643095794e-07,std=0
	gnorm= 3.242810656378087e-05
	symmetric= True
	solver time=0.007981300354003906,exit status=0
	SR solver time= 0.008020401000976562
	symmetric= False
	niter= 40
	niter= 410
	solver time=0.13377952575683594,exit status=0
	RGN solver time= 0.1338207721710205
	xnorm=5.411465071434086,dnorm=0.011173626340090477
	dense amplitude time= 0.029120922088623047
	total non-zero amplitudes= 4900
	nsamples per process= 50
	sample time= 0.35714077949523926
	self.n= 0.2665932289168963
	RGN updated loss=-11.979092195750006,dloss=-2.554339353366686e-07
step= 265

nparam= 1004
	dense amplitude time= 0.12087035179138184
	total non-zero amplitudes= 4900
	nsamples per process= 50
	sample time= 1.4944617748260498
	self.n= 0.266593228916896
	collect g,h time= 3.317429542541504
E=-11.979092195750006,dE=-2.554339353366686e-07,std=0
L=-11.979092195750006,dL=-2.554339353366686e-07,std=0
	gnorm= 3.101449691118061e-05
	symmetric= True
	solver time=0.006499767303466797,exit status=0
	SR solver time= 0.006542682647705078
	symmetric= False
	niter= 40
	niter= 411
	solver time=0.11040449142456055,exit status=0
	RGN solver time= 0.11045432090759277
	xnorm=5.415512468680539,dnorm=0.011089483693280897
	dense amplitude time= 0.019116640090942383
	total non-zero amplitudes= 4900
	nsamples per process= 50
	sample time= 0.3499763011932373
	self.n= 0.2671599454537611
	RGN updated loss=-11.979092450306526,dloss=-2.545565198630584e-07
step= 266

nparam= 1004
	dense amplitude time= 0.09842967987060547
	total non-zero amplitudes= 4900
	nsamples per process= 50
	sample time= 1.5357155799865723
	self.n= 0.26715994545376087
	collect g,h time= 3.338467836380005
E=-11.979092450306524,dE=-2.5455651808670154e-07,std=0
L=-11.979092450306524,dL=-2.5455651808670154e-07,std=0
	gnorm= 3.09074108789679e-05
	symmetric= True
	solver time=0.008055925369262695,exit status=0
	SR solver time= 0.008098363876342773
	symmetric= False
	niter= 40
	niter= 409
	solver time=0.10323762893676758,exit status=0
	RGN solver time= 0.10328078269958496
	xnorm=5.419580933425567,dnorm=0.011038095151539681
	dense amplitude time= 0.019016265869140625
	total non-zero amplitudes= 4900
	nsamples per process= 50
	sample time= 0.34862780570983887
	self.n= 0.2676873829427714
	RGN updated loss=-11.979092702813682,dloss=-2.525071582937244e-07
step= 267

nparam= 1004
	dense amplitude time= 0.08904075622558594
	total non-zero amplitudes= 4900
	nsamples per process= 50
	sample time= 1.4672794342041016
	self.n= 0.26768738294277156
	collect g,h time= 3.319852590560913
E=-11.979092702813684,dE=-2.5250716007008123e-07,std=0
L=-11.979092702813684,dL=-2.5250716007008123e-07,std=0
	gnorm= 3.305841415127698e-05
	symmetric= True
	solver time=0.006185054779052734,exit status=0
	SR solver time= 0.006227254867553711
	symmetric= False
	niter= 39
	niter= 408
	solver time=0.10458874702453613,exit status=0
	RGN solver time= 0.10463690757751465
	xnorm=5.423588384771448,dnorm=0.010954630248148254
	dense amplitude time= 0.018911361694335938
	total non-zero amplitudes= 4900
	nsamples per process= 50
	sample time= 0.34830498695373535
	self.n= 0.26824942795133255
	RGN updated loss=-11.979092953871602,dloss=-2.510579175662997e-07
step= 268

nparam= 1004
	dense amplitude time= 0.05629587173461914
	total non-zero amplitudes= 4900
	nsamples per process= 50
	sample time= 1.4815988540649414
	self.n= 0.26824942795133233
	collect g,h time= 3.3297812938690186
E=-11.979092953871604,dE=-2.5105791934265653e-07,std=0
L=-11.979092953871604,dL=-2.5105791934265653e-07,std=0
	gnorm= 2.183203617125648e-05
	symmetric= True
	solver time=0.005725860595703125,exit status=0
	SR solver time= 0.005767107009887695
	symmetric= False
	niter= 34
	niter= 432
	solver time=0.10856294631958008,exit status=0
	RGN solver time= 0.10861492156982422
	xnorm=5.427622446588088,dnorm=0.010877697875995075
	dense amplitude time= 0.0212249755859375
	total non-zero amplitudes= 4900
	nsamples per process= 50
	sample time= 0.35111069679260254
	self.n= 0.2688221669602322
	RGN updated loss=-11.979093200291668,dloss=-2.464200647978032e-07
step= 269

nparam= 1004
	dense amplitude time= 0.13590741157531738
	total non-zero amplitudes= 4900
	nsamples per process= 50
	sample time= 1.479447603225708
	self.n= 0.26882216696023187
	collect g,h time= 3.3403971195220947
E=-11.979093200291665,dE=-2.4642006124508953e-07,std=0
L=-11.979093200291665,dL=-2.4642006124508953e-07,std=0
	gnorm= 1.5207357279303683e-05
	symmetric= True
	solver time=0.0046844482421875,exit status=0
	SR solver time= 0.004724740982055664
	symmetric= False
	niter= 31
	niter= 436
	solver time=0.1075890064239502,exit status=0
	RGN solver time= 0.10762929916381836
	xnorm=5.431623871144507,dnorm=0.010809284692112555
	dense amplitude time= 0.01911473274230957
	total non-zero amplitudes= 4900
	nsamples per process= 50
	sample time= 0.3448903560638428
	self.n= 0.269393130396144
	RGN updated loss=-11.979093443144167,dloss=-2.4285250255218216e-07
step= 270

nparam= 1004
	dense amplitude time= 0.1542673110961914
	total non-zero amplitudes= 4900
	nsamples per process= 50
	sample time= 1.4705803394317627
	self.n= 0.26939313039614377
	collect g,h time= 3.423229932785034
E=-11.979093443144167,dE=-2.4285250255218216e-07,std=0
L=-11.979093443144167,dL=-2.4285250255218216e-07,std=0
	gnorm= 2.2995500465008867e-05
	symmetric= True
	solver time=0.005613088607788086,exit status=0
	SR solver time= 0.005652666091918945
	symmetric= False
	niter= 35
	niter= 416
	solver time=0.10664153099060059,exit status=0
	RGN solver time= 0.10668611526489258
	xnorm=5.435611242209776,dnorm=0.010745636880394384
	dense amplitude time= 0.019280672073364258
	total non-zero amplitudes= 4900
	nsamples per process= 50
	sample time= 0.34509801864624023
	self.n= 0.2699476502189928
	RGN updated loss=-11.97909368183273,dloss=-2.386885622485124e-07
step= 271

nparam= 1004
	dense amplitude time= 0.06910347938537598
	total non-zero amplitudes= 4900
	nsamples per process= 50
	sample time= 1.4668850898742676
	self.n= 0.26994765021899275
	collect g,h time= 3.2701635360717773
E=-11.97909368183273,dE=-2.386885622485124e-07,std=0
L=-11.97909368183273,dL=-2.386885622485124e-07,std=0
	gnorm= 2.1351913719586446e-05
	symmetric= True
	solver time=0.005918741226196289,exit status=0
	SR solver time= 0.005986690521240234
	symmetric= False
	niter= 34
	niter= 430
	solver time=0.12168717384338379,exit status=0
	RGN solver time= 0.12172532081604004
	xnorm=5.43958459882437,dnorm=0.01068964040156186
	dense amplitude time= 0.038411617279052734
	total non-zero amplitudes= 4900
	nsamples per process= 50
	sample time= 0.3455781936645508
	self.n= 0.2705357036967272
	RGN updated loss=-11.979093919860096,dloss=-2.3802736670575086e-07
step= 272

nparam= 1004
	dense amplitude time= 0.03390359878540039
	total non-zero amplitudes= 4900
	nsamples per process= 50
	sample time= 1.469747543334961
	self.n= 0.27053570369672675
	collect g,h time= 3.2080812454223633
E=-11.979093919860096,dE=-2.3802736670575086e-07,std=0
L=-11.979093919860096,dL=-2.3802736670575086e-07,std=0
	gnorm= 2.193643472560337e-05
	symmetric= True
	solver time=0.011377096176147461,exit status=0
	SR solver time= 0.011418581008911133
	symmetric= False
	niter= 34
	niter= 419
	solver time=0.11763262748718262,exit status=0
	RGN solver time= 0.11767005920410156
	xnorm=5.443524727546339,dnorm=0.010625794288309655
	dense amplitude time= 0.02100205421447754
	total non-zero amplitudes= 4900
	nsamples per process= 50
	sample time= 0.34383130073547363
	self.n= 0.2711036283133448
	RGN updated loss=-11.979094153135815,dloss=-2.3327571874176556e-07
step= 273

nparam= 1004
	dense amplitude time= 0.17147040367126465
	total non-zero amplitudes= 4900
	nsamples per process= 50
	sample time= 1.4766030311584473
	self.n= 0.27110362831334467
	collect g,h time= 3.3491578102111816
E=-11.979094153135813,dE=-2.3327571696540872e-07,std=0
L=-11.979094153135813,dL=-2.3327571696540872e-07,std=0
	gnorm= 2.1078309148548924e-05
	symmetric= True
	solver time=0.005486249923706055,exit status=0
	SR solver time= 0.005527973175048828
	symmetric= False
	niter= 34
	niter= 425
	solver time=0.10866332054138184,exit status=0
	RGN solver time= 0.10871601104736328
	xnorm=5.447455387911983,dnorm=0.010574057188283716
	dense amplitude time= 0.02047586441040039
	total non-zero amplitudes= 4900
	nsamples per process= 50
	sample time= 0.3452444076538086
	self.n= 0.27170425361402617
	RGN updated loss=-11.979094385777774,dloss=-2.3264196080674537e-07
step= 274

nparam= 1004
	dense amplitude time= 0.17705988883972168
	total non-zero amplitudes= 4900
	nsamples per process= 50
	sample time= 1.4700446128845215
	self.n= 0.2717042536140264
	collect g,h time= 3.2969980239868164
E=-11.97909438577777,dE=-2.326419572540317e-07,std=0
L=-11.97909438577777,dL=-2.326419572540317e-07,std=0
	gnorm= 1.4910737296748432e-05
	symmetric= True
	niter= 31
	solver time=0.0046961307525634766,exit status=0
	SR solver time= 0.0047342777252197266
	symmetric= False
	niter= 436
	solver time=0.11117219924926758,exit status=0
	RGN solver time= 0.11121773719787598
	xnorm=5.451354625533374,dnorm=0.010517684462757774
	dense amplitude time= 0.02397632598876953
	total non-zero amplitudes= 4900
	nsamples per process= 50
	sample time= 0.344912052154541
	self.n= 0.2723036071685344
	RGN updated loss=-11.979094617226021,dloss=-2.3144825078702524e-07
step= 275

nparam= 1004
	dense amplitude time= 0.18359065055847168
	total non-zero amplitudes= 4900
	nsamples per process= 50
	sample time= 1.4673616886138916
	self.n= 0.2723036071685344
	collect g,h time= 3.292534589767456
E=-11.979094617226021,dE=-2.3144825078702524e-07,std=0
L=-11.979094617226021,dL=-2.3144825078702524e-07,std=0
	gnorm= 2.743560727151962e-05
	symmetric= True
	solver time=0.014785051345825195,exit status=0
	SR solver time= 0.014828681945800781
	symmetric= False
	niter= 38
	niter= 426
	solver time=0.1037137508392334,exit status=0
	RGN solver time= 0.10375690460205078
	xnorm=5.455243097996216,dnorm=0.010487745428068936
	dense amplitude time= 0.028603553771972656
	total non-zero amplitudes= 4900
	nsamples per process= 50
	sample time= 0.3457658290863037
	self.n= 0.2729028634738101
	RGN updated loss=-11.979094835705508,dloss=-2.1847948694642128e-07
step= 276

nparam= 1004
	dense amplitude time= 0.13914012908935547
	total non-zero amplitudes= 4900
	nsamples per process= 50
	sample time= 1.4691133499145508
	self.n= 0.2729028634738103
	collect g,h time= 3.3033597469329834
E=-11.979094835705512,dE=-2.1847949049913495e-07,std=0
L=-11.979094835705512,dL=-2.1847949049913495e-07,std=0
	gnorm= 2.5816323289938322e-05
	symmetric= True
	solver time=0.01707315444946289,exit status=0
	SR solver time= 0.01711297035217285
	symmetric= False
	niter= 39
	niter= 419
	solver time=0.11980438232421875,exit status=0
	RGN solver time= 0.11984777450561523
	xnorm=5.459203240568031,dnorm=0.010443668903514572
	dense amplitude time= 0.03124547004699707
	total non-zero amplitudes= 4900
	nsamples per process= 50
	sample time= 0.34644198417663574
	self.n= 0.2734959761307876
	RGN updated loss=-11.97909506475074,dloss=-2.2904522900546453e-07
step= 277

nparam= 1004
	dense amplitude time= 0.1302809715270996
	total non-zero amplitudes= 4900
	nsamples per process= 50
	sample time= 1.4679923057556152
	self.n= 0.27349597613078713
	collect g,h time= 3.311746120452881
E=-11.97909506475074,dE=-2.2904522900546453e-07,std=0
L=-11.97909506475074,dL=-2.2904522900546453e-07,std=0
	gnorm= 2.1679354785710864e-05
	symmetric= True
	solver time=0.015514135360717773,exit status=0
	SR solver time= 0.015573740005493164
	symmetric= False
	niter= 35
	niter= 413
	solver time=0.1302509307861328,exit status=0
	RGN solver time= 0.1302964687347412
	xnorm=5.463035448907368,dnorm=0.010367397571772703
	dense amplitude time= 0.019252777099609375
	total non-zero amplitudes= 4900
	nsamples per process= 50
	sample time= 0.3468320369720459
	self.n= 0.2740810564499163
	RGN updated loss=-11.979095285560247,dloss=-2.2080950579095315e-07
step= 278

nparam= 1004
	dense amplitude time= 0.14245820045471191
	total non-zero amplitudes= 4900
	nsamples per process= 50
	sample time= 1.4777259826660156
	self.n= 0.2740810564499161
	collect g,h time= 3.401129961013794
E=-11.979095285560245,dE=-2.2080950401459631e-07,std=0
L=-11.979095285560245,dL=-2.2080950401459631e-07,std=0
	gnorm= 3.6244071671099333e-05
	symmetric= True
	solver time=0.007215738296508789,exit status=0
	SR solver time= 0.0072553157806396484
	symmetric= False
	niter= 41
	niter= 405
	solver time=0.09958267211914062,exit status=0
	RGN solver time= 0.09963083267211914
	xnorm=5.466867195366303,dnorm=0.010324591071301032
	dense amplitude time= 0.01789999008178711
	total non-zero amplitudes= 4900
	nsamples per process= 50
	sample time= 0.34397387504577637
	self.n= 0.2747384683107687
	RGN updated loss=-11.97909550654901,dloss=-2.209887650650444e-07
step= 279

nparam= 1004
	dense amplitude time= 0.023649215698242188
	total non-zero amplitudes= 4900
	nsamples per process= 50
	sample time= 1.4724538326263428
	self.n= 0.2747384683107683
	collect g,h time= 3.3899786472320557
E=-11.97909550654901,dE=-2.209887650650444e-07,std=0
L=-11.97909550654901,dL=-2.209887650650444e-07,std=0
	gnorm= 4.002733380244621e-05
	symmetric= True
	solver time=0.0143280029296875,exit status=0
	SR solver time= 0.014376640319824219
	symmetric= False
	niter= 41
	niter= 405
	solver time=0.11983823776245117,exit status=0
	RGN solver time= 0.11988186836242676
	xnorm=5.4706304685938605,dnorm=0.010330560620967552
	dense amplitude time= 0.01862812042236328
	total non-zero amplitudes= 4900
	nsamples per process= 50
	sample time= 0.34323883056640625
	self.n= 0.27534401237018713
	RGN updated loss=-11.97909571548014,dloss=-2.089311301745056e-07
step= 280

nparam= 1004
	dense amplitude time= 0.04462933540344238
	total non-zero amplitudes= 4900
	nsamples per process= 50
	sample time= 1.4601919651031494
	self.n= 0.27534401237018724
	collect g,h time= 3.3352155685424805
E=-11.979095715480138,dE=-2.0893112839814876e-07,std=0
L=-11.979095715480138,dL=-2.0893112839814876e-07,std=0
	gnorm= 3.931225171910276e-05
	symmetric= True
	solver time=0.006466865539550781,exit status=0
	SR solver time= 0.006508588790893555
	symmetric= False
	niter= 41
	niter= 405
	solver time=0.10705947875976562,exit status=0
	RGN solver time= 0.10710549354553223
	xnorm=5.47452282381815,dnorm=0.010259690686387697
	dense amplitude time= 0.01795029640197754
	total non-zero amplitudes= 4900
	nsamples per process= 50
	sample time= 0.3395686149597168
	self.n= 0.27598176705287825
	RGN updated loss=-11.979095939733666,dloss=-2.2425352774746443e-07
step= 281

nparam= 1004
	dense amplitude time= 0.0802309513092041
	total non-zero amplitudes= 4900
	nsamples per process= 50
	sample time= 1.448335886001587
	self.n= 0.2759817670528779
	collect g,h time= 3.507560968399048
E=-11.979095939733664,dE=-2.242535259711076e-07,std=0
L=-11.979095939733664,dL=-2.242535259711076e-07,std=0
	gnorm= 4.103913928580876e-05
	symmetric= True
	solver time=0.008161783218383789,exit status=0
	SR solver time= 0.008206844329833984
	symmetric= False
	niter= 41
	niter= 405
	solver time=0.34465909004211426,exit status=0
	RGN solver time= 0.3447108268737793
	xnorm=5.478223267796009,dnorm=0.010223594316337318
	dense amplitude time= 0.03353738784790039
	total non-zero amplitudes= 4900
	nsamples per process= 50
	sample time= 0.3336787223815918
	self.n= 0.2765904059520987
	RGN updated loss=-11.979096143856534,dloss=-2.041228697180486e-07
step= 282

nparam= 1004
	dense amplitude time= 0.036135196685791016
	total non-zero amplitudes= 4900
	nsamples per process= 50
	sample time= 1.474351406097412
	self.n= 0.2765904059520987
	collect g,h time= 3.5860061645507812
E=-11.979096143856532,dE=-2.0412286794169177e-07,std=0
L=-11.979096143856532,dL=-2.0412286794169177e-07,std=0
	gnorm= 3.9455910354027914e-05
	symmetric= True
	solver time=0.006374359130859375,exit status=0
	SR solver time= 0.006418466567993164
	symmetric= False
	niter= 41
	niter= 405
	solver time=0.12396001815795898,exit status=0
	RGN solver time= 0.12401390075683594
	xnorm=5.482076837718198,dnorm=0.0101805277903683
	dense amplitude time= 0.0191042423248291
	total non-zero amplitudes= 4900
	nsamples per process= 50
	sample time= 0.3446485996246338
	self.n= 0.27723201865647445
	RGN updated loss=-11.979096364342361,dloss=-2.2048582870581868e-07
step= 283

nparam= 1004
	dense amplitude time= 0.05048990249633789
	total non-zero amplitudes= 4900
	nsamples per process= 50
	sample time= 1.4835939407348633
	self.n= 0.2772320186564743
	collect g,h time= 3.445850133895874
E=-11.979096364342357,dE=-2.20485825153105e-07,std=0
L=-11.979096364342357,dL=-2.20485825153105e-07,std=0
	gnorm= 4.009684117813757e-05
	symmetric= True
	solver time=0.005864143371582031,exit status=0
	SR solver time= 0.005902528762817383
	symmetric= False
	niter= 41
	niter= 405
	solver time=0.10338711738586426,exit status=0
	RGN solver time= 0.10343289375305176
	xnorm=5.48573970234665,dnorm=0.010126167770508981
	dense amplitude time= 0.01873779296875
	total non-zero amplitudes= 4900
	nsamples per process= 50
	sample time= 0.3530895709991455
	self.n= 0.2778438587419052
	RGN updated loss=-11.979096564696965,dloss=-2.0035460757128476e-07
step= 284

nparam= 1004
	dense amplitude time= 0.029413700103759766
	total non-zero amplitudes= 4900
	nsamples per process= 50
	sample time= 1.4773032665252686
	self.n= 0.2778438587419051
	collect g,h time= 3.572618246078491
E=-11.979096564696965,dE=-2.0035460757128476e-07,std=0
L=-11.979096564696965,dL=-2.0035460757128476e-07,std=0
	gnorm= 3.9799553167227786e-05
	symmetric= True
	solver time=0.017401695251464844,exit status=0
	SR solver time= 0.017459869384765625
	symmetric= False
	niter= 40
	niter= 405
	solver time=0.11560559272766113,exit status=0
	RGN solver time= 0.11565303802490234
	xnorm=5.489551684122167,dnorm=0.010096311360155152
	dense amplitude time= 0.02626943588256836
	total non-zero amplitudes= 4900
	nsamples per process= 50
	sample time= 0.3487520217895508
	self.n= 0.2784902389702095
	RGN updated loss=-11.97909678299249,dloss=-2.1829552565577615e-07
step= 285

nparam= 1004
	dense amplitude time= 0.057390689849853516
	total non-zero amplitudes= 4900
	nsamples per process= 50
	sample time= 1.477381944656372
	self.n= 0.2784902389702094
	collect g,h time= 3.514246940612793
E=-11.97909678299249,dE=-2.1829552565577615e-07,std=0
L=-11.97909678299249,dL=-2.1829552565577615e-07,std=0
	gnorm= 3.1680169410617704e-05
	symmetric= True
	solver time=0.005720615386962891,exit status=0
	SR solver time= 0.005789279937744141
	symmetric= False
	niter= 40
	niter= 405
	solver time=0.12114143371582031,exit status=0
	RGN solver time= 0.12119889259338379
	xnorm=5.493175015851674,dnorm=0.010018940183378339
	dense amplitude time= 0.019862651824951172
	total non-zero amplitudes= 4900
	nsamples per process= 50
	sample time= 0.35033559799194336
	self.n= 0.2791101249632985
	RGN updated loss=-11.979096989989005,dloss=-2.069965141515695e-07
step= 286

nparam= 1004
	dense amplitude time= 0.1037588119506836
	total non-zero amplitudes= 4900
	nsamples per process= 50
	sample time= 1.4752578735351562
	self.n= 0.2791101249632988
	collect g,h time= 3.3406989574432373
E=-11.979096989989005,dE=-2.069965141515695e-07,std=0
L=-11.979096989989005,dL=-2.069965141515695e-07,std=0
	gnorm= 3.621786105378877e-05
	symmetric= True
	solver time=0.01849985122680664,exit status=0
	SR solver time= 0.018546342849731445
	symmetric= False
	niter= 40
	niter= 400
	solver time=0.12432193756103516,exit status=0
	RGN solver time= 0.12437152862548828
	xnorm=5.4968610070117405,dnorm=0.009964109792010288
	dense amplitude time= 0.0301668643951416
	total non-zero amplitudes= 4900
	nsamples per process= 50
	sample time= 0.3490316867828369
	self.n= 0.2797525654565853
	RGN updated loss=-11.979097195665792,dloss=-2.0567678760130548e-07
step= 287

nparam= 1004
	dense amplitude time= 0.02762317657470703
	total non-zero amplitudes= 4900
	nsamples per process= 50
	sample time= 1.4825477600097656
	self.n= 0.2797525654565851
	collect g,h time= 3.3701059818267822
E=-11.979097195665789,dE=-2.056767840485918e-07,std=0
L=-11.979097195665789,dL=-2.056767840485918e-07,std=0
	gnorm= 3.463416818552997e-05
	symmetric= True
	solver time=0.006482839584350586,exit status=0
	SR solver time= 0.006526947021484375
	symmetric= False
	niter= 40
	niter= 402
	solver time=0.1178596019744873,exit status=0
	RGN solver time= 0.11790156364440918
	xnorm=5.500499909892595,dnorm=0.00994055987337654
	dense amplitude time= 0.02741384506225586
	total non-zero amplitudes= 4900
	nsamples per process= 50
	sample time= 0.34744834899902344
	self.n= 0.2803796540335176
	RGN updated loss=-11.979097399876164,dloss=-2.042103748323143e-07
step= 288

nparam= 1004
	dense amplitude time= 0.05308365821838379
	total non-zero amplitudes= 4900
	nsamples per process= 50
	sample time= 1.5211985111236572
	self.n= 0.28037965403351744
	collect g,h time= 3.3139328956604004
E=-11.979097399876164,dE=-2.042103748323143e-07,std=0
L=-11.979097399876164,dL=-2.042103748323143e-07,std=0
	gnorm= 1.644795813325069e-05
	symmetric= True
	solver time=0.03740048408508301,exit status=0
	SR solver time= 0.03745579719543457
	symmetric= False
	niter= 35
	niter= 436
	solver time=0.18163490295410156,exit status=0
	RGN solver time= 0.18167781829833984
	xnorm=5.504162433106829,dnorm=0.009886073317363922
	dense amplitude time= 0.05880331993103027
	total non-zero amplitudes= 4900
	nsamples per process= 50
	sample time= 0.35611629486083984
	self.n= 0.28100615175594656
	RGN updated loss=-11.9790976044834,dloss=-2.0460723604287523e-07
step= 289

nparam= 1004
	dense amplitude time= 0.07083415985107422
	total non-zero amplitudes= 4900
	nsamples per process= 50
	sample time= 1.528834342956543
	self.n= 0.28100615175594645
	collect g,h time= 3.4674580097198486
E=-11.979097604483403,dE=-2.046072395955889e-07,std=0
L=-11.979097604483403,dL=-2.046072395955889e-07,std=0
	gnorm= 1.6470450223912486e-05
	symmetric= True
	solver time=0.006173849105834961,exit status=0
	SR solver time= 0.006227731704711914
	symmetric= False
	niter= 36
	niter= 436
	solver time=0.1187584400177002,exit status=0
	RGN solver time= 0.11880922317504883
	xnorm=5.507784578223105,dnorm=0.00985091155783644
	dense amplitude time= 0.017878055572509766
	total non-zero amplitudes= 4900
	nsamples per process= 50
	sample time= 0.44808220863342285
	self.n= 0.28164385755004406
	RGN updated loss=-11.979097803785221,dloss=-1.993018177159911e-07
step= 290

nparam= 1004
	dense amplitude time= 0.03901958465576172
	total non-zero amplitudes= 4900
	nsamples per process= 50
	sample time= 1.511361837387085
	self.n= 0.28164385755004406
	collect g,h time= 3.5290467739105225
E=-11.979097803785223,dE=-1.9930181949234793e-07,std=0
L=-11.979097803785223,dL=-1.9930181949234793e-07,std=0
	gnorm= 2.2355961584026294e-05
	symmetric= True
	solver time=0.026615619659423828,exit status=0
	SR solver time= 0.02666497230529785
	symmetric= False
	niter= 38
	niter= 410
	solver time=0.12484359741210938,exit status=0
	RGN solver time= 0.12488603591918945
	xnorm=5.5114263860633965,dnorm=0.009807652531642992
	dense amplitude time= 0.029464006423950195
	total non-zero amplitudes= 4900
	nsamples per process= 50
	sample time= 0.3620486259460449
	self.n= 0.2822576524283299
	RGN updated loss=-11.979098003942523,dloss=-2.0015730051170522e-07
step= 291

nparam= 1004
	dense amplitude time= 0.05912446975708008
	total non-zero amplitudes= 4900
	nsamples per process= 50
	sample time= 1.5207624435424805
	self.n= 0.28225765242833
	collect g,h time= 3.451227903366089
E=-11.979098003942525,dE=-2.0015730228806206e-07,std=0
L=-11.979098003942525,dL=-2.0015730228806206e-07,std=0
	gnorm= 2.1331044688990372e-05
	symmetric= True
	solver time=0.01785445213317871,exit status=0
	SR solver time= 0.017905473709106445
	symmetric= False
	niter= 38
	niter= 410
	solver time=0.1105961799621582,exit status=0
	RGN solver time= 0.1106412410736084
	xnorm=5.515023332881216,dnorm=0.009777699540013063
	dense amplitude time= 0.043329477310180664
	total non-zero amplitudes= 4900
	nsamples per process= 50
	sample time= 0.3519473075866699
	self.n= 0.28290792891950617
	RGN updated loss=-11.979098200216702,dloss=-1.962741773553489e-07
step= 292

nparam= 1004
	dense amplitude time= 0.1062014102935791
	total non-zero amplitudes= 4900
	nsamples per process= 50
	sample time= 1.5358352661132812
	self.n= 0.2829079289195059
	collect g,h time= 3.470033645629883
E=-11.9790982002167,dE=-1.9627417557899207e-07,std=0
L=-11.9790982002167,dL=-1.9627417557899207e-07,std=0
	gnorm= 1.6100132077442755e-05
	symmetric= True
	solver time=0.005838632583618164,exit status=0
	SR solver time= 0.00587916374206543
	symmetric= False
	niter= 36
	niter= 436
	solver time=0.14058637619018555,exit status=0
	RGN solver time= 0.14063262939453125
	xnorm=5.518625609667075,dnorm=0.009728679141412084
	dense amplitude time= 0.022313833236694336
	total non-zero amplitudes= 4900
	nsamples per process= 50
	sample time= 0.3543205261230469
	self.n= 0.2835486938469842
	RGN updated loss=-11.979098398916944,dloss=-1.9870024381418716e-07
step= 293

nparam= 1004
	dense amplitude time= 0.046277523040771484
	total non-zero amplitudes= 4900
	nsamples per process= 50
	sample time= 1.5074076652526855
	self.n= 0.28354869384698417
	collect g,h time= 3.4590084552764893
E=-11.979098398916943,dE=-1.9870024203783032e-07,std=0
L=-11.979098398916943,dL=-1.9870024203783032e-07,std=0
	gnorm= 1.818787724322305e-05
	symmetric= True
	solver time=0.0060770511627197266,exit status=0
	SR solver time= 0.006125926971435547
	symmetric= False
	niter= 38
	niter= 421
	solver time=0.11221957206726074,exit status=0
	RGN solver time= 0.11226749420166016
	xnorm=5.522182128612587,dnorm=0.009701575241381643
	dense amplitude time= 0.018500804901123047
	total non-zero amplitudes= 4900
	nsamples per process= 50
	sample time= 0.36234498023986816
	self.n= 0.28419405994642544
	RGN updated loss=-11.979098592891056,dloss=-1.9397411321619984e-07
step= 294

nparam= 1004
	dense amplitude time= 0.028681516647338867
	total non-zero amplitudes= 4900
	nsamples per process= 50
	sample time= 1.5210938453674316
	self.n= 0.28419405994642577
	collect g,h time= 3.543355703353882
E=-11.979098592891058,dE=-1.9397411499255668e-07,std=0
L=-11.979098592891058,dL=-1.9397411499255668e-07,std=0
	gnorm= 2.24724263555775e-05
	symmetric= True
	solver time=0.007277965545654297,exit status=0
	SR solver time= 0.007352113723754883
	symmetric= False
	niter= 38
	niter= 408
	solver time=0.11340165138244629,exit status=0
	RGN solver time= 0.11345267295837402
	xnorm=5.525761364090329,dnorm=0.009665273243729728
	dense amplitude time= 0.01868891716003418
	total non-zero amplitudes= 4900
	nsamples per process= 50
	sample time= 0.35541701316833496
	self.n= 0.2848145409552919
	RGN updated loss=-11.979098788298478,dloss=-1.9540742002277511e-07
step= 295

nparam= 1004
	dense amplitude time= 0.03066086769104004
	total non-zero amplitudes= 4900
	nsamples per process= 50
	sample time= 1.5358717441558838
	self.n= 0.2848145409552917
	collect g,h time= 3.468799352645874
E=-11.979098788298478,dE=-1.9540742002277511e-07,std=0
L=-11.979098788298478,dL=-1.9540742002277511e-07,std=0
	gnorm= 6.827095056164876e-05
	symmetric= True
	solver time=0.007857799530029297,exit status=0
	SR solver time= 0.007898569107055664
	symmetric= False
	niter= 44
	niter= 366
	solver time=0.09810042381286621,exit status=0
	RGN solver time= 0.09814333915710449
	xnorm=5.529293011044679,dnorm=0.009637324474443818
	dense amplitude time= 0.01778244972229004
	total non-zero amplitudes= 4900
	nsamples per process= 50
	sample time= 0.3504638671875
	self.n= 0.2854780815303274
	RGN updated loss=-11.97909897547185,dloss=-1.8717337191276329e-07
step= 296

nparam= 1004
	dense amplitude time= 0.06820273399353027
	total non-zero amplitudes= 4900
	nsamples per process= 50
	sample time= 1.5596189498901367
	self.n= 0.2854780815303271
	collect g,h time= 3.4578211307525635
E=-11.979098975471848,dE=-1.8717337013640645e-07,std=0
L=-11.979098975471848,dL=-1.8717337013640645e-07,std=0
	gnorm= 4.821768907677133e-05
	symmetric= True
	solver time=0.0063626766204833984,exit status=0
	SR solver time= 0.006407022476196289
	symmetric= False
	niter= 42
	niter= 374
	solver time=0.10387492179870605,exit status=0
	RGN solver time= 0.10392403602600098
	xnorm=5.5328196851735605,dnorm=0.009596787339552135
	dense amplitude time= 0.01802659034729004
	total non-zero amplitudes= 4900
	nsamples per process= 50
	sample time= 0.36548757553100586
	self.n= 0.28612315749637535
	RGN updated loss=-11.97909917115625,dloss=-1.9568440201567228e-07
step= 297

nparam= 1004
	dense amplitude time= 0.0950613021850586
	total non-zero amplitudes= 4900
	nsamples per process= 50
	sample time= 1.5090587139129639
	self.n= 0.2861231574963755
	collect g,h time= 3.670424699783325
E=-11.97909917115625,dE=-1.9568440201567228e-07,std=0
L=-11.97909917115625,dL=-1.9568440201567228e-07,std=0
	gnorm= 1.6336106453768168e-05
	symmetric= True
	solver time=0.006527900695800781,exit status=0
	SR solver time= 0.006582498550415039
	symmetric= False
	niter= 36
	niter= 432
	solver time=0.18979096412658691,exit status=0
	RGN solver time= 0.18983817100524902
	xnorm=5.536318253678933,dnorm=0.009565520526485844
	dense amplitude time= 0.019320011138916016
	total non-zero amplitudes= 4900
	nsamples per process= 50
	sample time= 0.36594104766845703
	self.n= 0.28677250075544664
	RGN updated loss=-11.979099358966886,dloss=-1.8781063637618445e-07
step= 298

nparam= 1004
	dense amplitude time= 0.08793830871582031
	total non-zero amplitudes= 4900
	nsamples per process= 50
	sample time= 1.544823408126831
	self.n= 0.28677250075544647
	collect g,h time= 3.4108550548553467
E=-11.979099358966888,dE=-1.878106381525413e-07,std=0
L=-11.979099358966888,dL=-1.878106381525413e-07,std=0
	gnorm= 6.58305949283432e-05
	symmetric= True
	solver time=0.0073277950286865234,exit status=0
	SR solver time= 0.007398128509521484
	symmetric= False
	niter= 43
	niter= 368
	solver time=0.11891627311706543,exit status=0
	RGN solver time= 0.11896634101867676
	xnorm=5.53983708172712,dnorm=0.00952424849006109
	dense amplitude time= 0.02386760711669922
	total non-zero amplitudes= 4900
	nsamples per process= 50
	sample time= 0.34935688972473145
	self.n= 0.2874236820831344
	RGN updated loss=-11.979099546258288,dloss=-1.872914001666004e-07
step= 299

nparam= 1004
	dense amplitude time= 0.017165660858154297
	total non-zero amplitudes= 4900
	nsamples per process= 50
	sample time= 1.5402281284332275
	self.n= 0.2874236820831344
	collect g,h time= 3.252281427383423
E=-11.979099546258288,dE=-1.872914001666004e-07,std=0
L=-11.979099546258288,dL=-1.872914001666004e-07,std=0
	gnorm= 4.774631499272482e-05
	symmetric= True
	solver time=0.006584644317626953,exit status=0
	SR solver time= 0.006627321243286133
	symmetric= False
	niter= 42
	niter= 374
	solver time=0.09765791893005371,exit status=0
	RGN solver time= 0.09770393371582031
	xnorm=5.543294092901773,dnorm=0.009503028935212382
	dense amplitude time= 0.023696184158325195
	total non-zero amplitudes= 4900
	nsamples per process= 50
	sample time= 0.360090970993042
	self.n= 0.2880699974759179
	RGN updated loss=-11.979099733993182,dloss=-1.8773489429690926e-07
step= 300

nparam= 1004
	dense amplitude time= 0.05310368537902832
	total non-zero amplitudes= 4900
	nsamples per process= 50
	sample time= 1.5178091526031494
	self.n= 0.28806999747591755
	collect g,h time= 3.22241473197937
E=-11.979099733993182,dE=-1.8773489429690926e-07,std=0
L=-11.979099733993182,dL=-1.8773489429690926e-07,std=0
	gnorm= 6.293798669075075e-05
	symmetric= True
	solver time=0.007745265960693359,exit status=0
	SR solver time= 0.007788896560668945
	symmetric= False
	niter= 43
	niter= 369
	solver time=0.09476852416992188,exit status=0
	RGN solver time= 0.09481358528137207
	xnorm=5.546788441959158,dnorm=0.009457803577898851
	dense amplitude time= 0.019107341766357422
	total non-zero amplitudes= 4900
	nsamples per process= 50
	sample time= 0.36424922943115234
	self.n= 0.28871827786567394
	RGN updated loss=-11.979099918622019,dloss=-1.8462883666359176e-07
step= 301

nparam= 1004
	dense amplitude time= 0.09811544418334961
	total non-zero amplitudes= 4900
	nsamples per process= 50
	sample time= 1.5375802516937256
	self.n= 0.2887182778656736
	collect g,h time= 3.3173062801361084
E=-11.979099918622019,dE=-1.8462883666359176e-07,std=0
L=-11.979099918622019,dL=-1.8462883666359176e-07,std=0
	gnorm= 4.812758679505263e-05
	symmetric= True
	solver time=0.0064122676849365234,exit status=0
	SR solver time= 0.006456136703491211
	symmetric= False
	niter= 42
	niter= 374
	solver time=0.16353392601013184,exit status=0
	RGN solver time= 0.16357851028442383
	xnorm=5.550219766600884,dnorm=0.009439489154437361
	dense amplitude time= 0.018787145614624023
	total non-zero amplitudes= 4900
	nsamples per process= 50
	sample time= 0.35224366188049316
	self.n= 0.28936267076518774
	RGN updated loss=-11.979100103769698,dloss=-1.8514767852195746e-07
step= 302

nparam= 1004
	dense amplitude time= 0.12812566757202148
	total non-zero amplitudes= 4900
	nsamples per process= 50
	sample time= 1.5786488056182861
	self.n= 0.2893626707651877
	collect g,h time= 3.3752710819244385
E=-11.9791001037697,dE=-1.851476802983143e-07,std=0
L=-11.9791001037697,dL=-1.851476802983143e-07,std=0
	gnorm= 6.799131117514513e-05
	symmetric= True
	solver time=0.006231069564819336,exit status=0
	SR solver time= 0.0062868595123291016
	symmetric= False
	niter= 44
	niter= 363
	solver time=0.10981273651123047,exit status=0
	RGN solver time= 0.10985946655273438
	xnorm=5.553687133009482,dnorm=0.009394986762025154
	dense amplitude time= 0.028546571731567383
	total non-zero amplitudes= 4900
	nsamples per process= 50
	sample time= 0.3675405979156494
	self.n= 0.2900066941049368
	RGN updated loss=-11.979100285892596,dloss=-1.8212289631946987e-07
step= 303

nparam= 1004
	dense amplitude time= 0.10809755325317383
	total non-zero amplitudes= 4900
	nsamples per process= 50
	sample time= 1.5234026908874512
	self.n= 0.29000669410493685
	collect g,h time= 3.3463995456695557
E=-11.979100285892596,dE=-1.8212289631946987e-07,std=0
L=-11.979100285892596,dL=-1.8212289631946987e-07,std=0
	gnorm= 4.920538427871236e-05
	symmetric= True
	solver time=0.006662130355834961,exit status=0
	SR solver time= 0.006708383560180664
	symmetric= False
	niter= 42
	niter= 374
	solver time=0.10705256462097168,exit status=0
	RGN solver time= 0.10710716247558594
	xnorm=5.5570945631452275,dnorm=0.00938056474672152
	dense amplitude time= 0.026350975036621094
	total non-zero amplitudes= 4900
	nsamples per process= 50
	sample time= 0.3569033145904541
	self.n= 0.2906488790941486
	RGN updated loss=-11.979100468629115,dloss=-1.8273651924971546e-07
step= 304

nparam= 1004
	dense amplitude time= 0.0388340950012207
	total non-zero amplitudes= 4900
	nsamples per process= 50
	sample time= 1.520782232284546
	self.n= 0.29064887909414805
	collect g,h time= 3.37558650970459
E=-11.979100468629113,dE=-1.8273651747335862e-07,std=0
L=-11.979100468629113,dL=-1.8273651747335862e-07,std=0
	gnorm= 6.70643964092972e-05
	symmetric= True
	solver time=0.01641845703125,exit status=0
	SR solver time= 0.01647329330444336
	symmetric= False
	niter= 44
	niter= 362
	solver time=0.09768223762512207,exit status=0
	RGN solver time= 0.09773111343383789
	xnorm=5.560533346328291,dnorm=0.009331532177986978
	dense amplitude time= 0.022145509719848633
	total non-zero amplitudes= 4900
	nsamples per process= 50
	sample time= 0.34598779678344727
	self.n= 0.2912943054613293
	RGN updated loss=-11.979100648747975,dloss=-1.8011886204760685e-07
step= 305

nparam= 1004
	dense amplitude time= 0.16514110565185547
	total non-zero amplitudes= 4900
	nsamples per process= 50
	sample time= 1.52223539352417
	self.n= 0.2912943054613292
	collect g,h time= 3.291836738586426
E=-11.97910064874797,dE=-1.8011885671853634e-07,std=0
L=-11.97910064874797,dL=-1.8011885671853634e-07,std=0
	gnorm= 5.295331673647206e-05
	symmetric= True
	solver time=0.006322383880615234,exit status=0
	SR solver time= 0.0063762664794921875
	symmetric= False
	niter= 43
	niter= 374
	solver time=0.11443114280700684,exit status=0
	RGN solver time= 0.11447668075561523
	xnorm=5.56390646782638,dnorm=0.009321476310523937
	dense amplitude time= 0.036989688873291016
	total non-zero amplitudes= 4900
	nsamples per process= 50
	sample time= 0.3543360233306885
	self.n= 0.2919338461685886
	RGN updated loss=-11.979100829113541,dloss=-1.8036557136724696e-07
step= 306

nparam= 1004
	dense amplitude time= 0.10808992385864258
	total non-zero amplitudes= 4900
	nsamples per process= 50
	sample time= 1.4846303462982178
	self.n= 0.29193384616858836
	collect g,h time= 3.3747363090515137
E=-11.979100829113543,dE=-1.803655731436038e-07,std=0
L=-11.979100829113543,dL=-1.803655731436038e-07,std=0
	gnorm= 6.766370468541536e-05
	symmetric= True
	solver time=0.030144929885864258,exit status=0
	SR solver time= 0.030205249786376953
	symmetric= False
	niter= 44
	niter= 361
	solver time=0.09607481956481934,exit status=0
	RGN solver time= 0.0961298942565918
	xnorm=5.5673192622555225,dnorm=0.009273861584909032
	dense amplitude time= 0.01821112632751465
	total non-zero amplitudes= 4900
	nsamples per process= 50
	sample time= 0.35587024688720703
	self.n= 0.2925765762459204
	RGN updated loss=-11.979101007293814,dloss=-1.7818027053806418e-07
step= 307

nparam= 1004
	dense amplitude time= 0.1434311866760254
	total non-zero amplitudes= 4900
	nsamples per process= 50
	sample time= 1.482914924621582
	self.n= 0.2925765762459201
	collect g,h time= 3.3313090801239014
E=-11.979101007293817,dE=-1.7818027409077786e-07,std=0
L=-11.979101007293817,dL=-1.7818027409077786e-07,std=0
	gnorm= 5.198631943882648e-05
	symmetric= True
	solver time=0.0065653324127197266,exit status=0
	SR solver time= 0.006602764129638672
	symmetric= False
	niter= 43
	niter= 374
	solver time=0.09659790992736816,exit status=0
	RGN solver time= 0.09665155410766602
	xnorm=5.570665430390321,dnorm=0.009262370262525244
	dense amplitude time= 0.019825220108032227
	total non-zero amplitudes= 4900
	nsamples per process= 50
	sample time= 0.3616902828216553
	self.n= 0.2932134210765215
	RGN updated loss=-11.979101185294734,dloss=-1.7800091711706045e-07
step= 308

nparam= 1004
	dense amplitude time= 0.03770709037780762
	total non-zero amplitudes= 4900
	nsamples per process= 50
	sample time= 1.5267393589019775
	self.n= 0.29321342107652126
	collect g,h time= 3.32962703704834
E=-11.979101185294734,dE=-1.7800091711706045e-07,std=0
L=-11.979101185294734,dL=-1.7800091711706045e-07,std=0
	gnorm= 6.599209313129975e-05
	symmetric= True
	solver time=0.006542205810546875,exit status=0
	SR solver time= 0.00658726692199707
	symmetric= False
	niter= 44
	niter= 362
	solver time=0.10047602653503418,exit status=0
	RGN solver time= 0.10052299499511719
	xnorm=5.574052725592184,dnorm=0.009217604910160394
	dense amplitude time= 0.019289493560791016
	total non-zero amplitudes= 4900
	nsamples per process= 50
	sample time= 0.349576473236084
	self.n= 0.29385311157414007
	RGN updated loss=-11.979101361438367,dloss=-1.761436330127708e-07
step= 309

nparam= 1004
	dense amplitude time= 0.15456771850585938
	total non-zero amplitudes= 4900
	nsamples per process= 50
	sample time= 1.5240223407745361
	self.n= 0.29385311157413985
	collect g,h time= 3.3482749462127686
E=-11.979101361438369,dE=-1.7614363478912765e-07,std=0
L=-11.979101361438369,dL=-1.7614363478912765e-07,std=0
	gnorm= 5.230449252930434e-05
	symmetric= True
	solver time=0.006075859069824219,exit status=0
	SR solver time= 0.006114482879638672
	symmetric= False
	niter= 43
	niter= 374
	solver time=0.09546732902526855,exit status=0
	RGN solver time= 0.09551477432250977
	xnorm=5.577371781947562,dnorm=0.009206953422499253
	dense amplitude time= 0.02866077423095703
	total non-zero amplitudes= 4900
	nsamples per process= 50
	sample time= 0.34596776962280273
	self.n= 0.2944865459130013
	RGN updated loss=-11.979101537188027,dloss=-1.757496583820739e-07
step= 310

nparam= 1004
	dense amplitude time= 0.055628299713134766
	total non-zero amplitudes= 4900
	nsamples per process= 50
	sample time= 1.4646975994110107
	self.n= 0.29448654591300133
	collect g,h time= 3.365065097808838
E=-11.979101537188027,dE=-1.757496583820739e-07,std=0
L=-11.979101537188027,dL=-1.757496583820739e-07,std=0
	gnorm= 6.65205901329943e-05
	symmetric= True
	solver time=0.018545866012573242,exit status=0
	SR solver time= 0.01859140396118164
	symmetric= False
	niter= 44
	solver time=0.10755419731140137,exit status=0
	RGN solver time= 0.10760331153869629
	xnorm=5.580733122614151,dnorm=0.009163327334762496
	niter= 360
	dense amplitude time= 0.01861882209777832
	total non-zero amplitudes= 4900
	nsamples per process= 50
	sample time= 0.3477044105529785
	self.n= 0.2951229407155439
	RGN updated loss=-11.979101711476487,dloss=-1.7428845922040637e-07
step= 311

nparam= 1004
	dense amplitude time= 0.14960932731628418
	total non-zero amplitudes= 4900
	nsamples per process= 50
	sample time= 1.4931626319885254
	self.n= 0.29512294071554407
	collect g,h time= 3.333291530609131
E=-11.979101711476487,dE=-1.7428845922040637e-07,std=0
L=-11.979101711476487,dL=-1.7428845922040637e-07,std=0
	gnorm= 5.257148829096455e-05
	symmetric= True
	solver time=0.006179332733154297,exit status=0
	SR solver time= 0.006236076354980469
	symmetric= False
	niter= 43
	niter= 373
	solver time=0.09790802001953125,exit status=0
	RGN solver time= 0.09794902801513672
	xnorm=5.584026220259001,dnorm=0.009153510480551784
	dense amplitude time= 0.01842474937438965
	total non-zero amplitudes= 4900
	nsamples per process= 50
	sample time= 0.345170259475708
	self.n= 0.29575259790953823
	RGN updated loss=-11.9791018857738,dloss=-1.7429731258289394e-07
step= 312

nparam= 1004
	dense amplitude time= 0.04645705223083496
	total non-zero amplitudes= 4900
	nsamples per process= 50
	sample time= 1.5322489738464355
	self.n= 0.2957525979095379
	collect g,h time= 3.3057565689086914
E=-11.979101885773801,dE=-1.7429731435925078e-07,std=0
L=-11.979101885773801,dL=-1.7429731435925078e-07,std=0
	gnorm= 9.021651252293526e-05
	symmetric= True
	solver time=0.01775813102722168,exit status=0
	SR solver time= 0.017804384231567383
	symmetric= False
	niter= 46
	niter= 343
	solver time=0.10401368141174316,exit status=0
	RGN solver time= 0.10405635833740234
	xnorm=5.587362456446608,dnorm=0.009112303577320182
	dense amplitude time= 0.01897740364074707
	total non-zero amplitudes= 4900
	nsamples per process= 50
	sample time= 0.35762476921081543
	self.n= 0.2963839698441023
	RGN updated loss=-11.979102054935773,dloss=-1.6916197154159818e-07
step= 313

nparam= 1004
	dense amplitude time= 0.10747003555297852
	total non-zero amplitudes= 4900
	nsamples per process= 50
	sample time= 1.4893836975097656
	self.n= 0.2963839698441022
	collect g,h time= 3.414989471435547
E=-11.979102054935773,dE=-1.6916197154159818e-07,std=0
L=-11.979102054935773,dL=-1.6916197154159818e-07,std=0
	gnorm= 7.116785382340735e-05
	symmetric= True
	solver time=0.007440805435180664,exit status=0
	SR solver time= 0.00748443603515625
	symmetric= False
	niter= 45
	niter= 348
	solver time=0.08814835548400879,exit status=0
	RGN solver time= 0.08819246292114258
	xnorm=5.5906334197323275,dnorm=0.009104081678428768
	dense amplitude time= 0.029051780700683594
	total non-zero amplitudes= 4900
	nsamples per process= 50
	sample time= 0.36196184158325195
	self.n= 0.29700960731365145
	RGN updated loss=-11.97910222918868,dloss=-1.742529072146226e-07
step= 314

nparam= 1004
	dense amplitude time= 0.05996108055114746
	total non-zero amplitudes= 4900
	nsamples per process= 50
	sample time= 1.5204746723175049
	self.n= 0.29700960731365145
	collect g,h time= 3.3880302906036377
E=-11.979102229188682,dE=-1.7425290899097945e-07,std=0
L=-11.979102229188682,dL=-1.7425290899097945e-07,std=0
	gnorm= 6.74646710882568e-05
	symmetric= True
	solver time=0.007940530776977539,exit status=0
	SR solver time= 0.007992029190063477
	symmetric= False
	niter= 44
	niter= 357
	solver time=0.09433126449584961,exit status=0
	RGN solver time= 0.0943748950958252
	xnorm=5.593940660517919,dnorm=0.009065060079039308
	dense amplitude time= 0.018817424774169922
	total non-zero amplitudes= 4900
	nsamples per process= 50
	sample time= 0.35506200790405273
	self.n= 0.29764008449444523
	RGN updated loss=-11.979102400761008,dloss=-1.7157232612419193e-07
step= 315

nparam= 1004
	dense amplitude time= 0.12128615379333496
	total non-zero amplitudes= 4900
	nsamples per process= 50
	sample time= 1.5361645221710205
	self.n= 0.2976400844944454
	collect g,h time= 3.2521321773529053
E=-11.979102400761004,dE=-1.7157232257147825e-07,std=0
L=-11.979102400761004,dL=-1.7157232257147825e-07,std=0
	gnorm= 6.87783815777445e-05
	symmetric= True
	solver time=0.007313966751098633,exit status=0
	SR solver time= 0.007356405258178711
	symmetric= False
	niter= 45
	niter= 358
	solver time=0.09348130226135254,exit status=0
	RGN solver time= 0.09352326393127441
	xnorm=5.597182236214877,dnorm=0.009057844804282362
	dense amplitude time= 0.029052257537841797
	total non-zero amplitudes= 4900
	nsamples per process= 50
	sample time= 0.34778523445129395
	self.n= 0.29826132381431564
	RGN updated loss=-11.979102568108262,dloss=-1.6734725782896476e-07
step= 316

nparam= 1004
	dense amplitude time= 0.07535839080810547
	total non-zero amplitudes= 4900
	nsamples per process= 50
	sample time= 1.5194182395935059
	self.n= 0.2982613238143158
	collect g,h time= 3.209890604019165
E=-11.97910256810826,dE=-1.6734725605260792e-07,std=0
L=-11.97910256810826,dL=-1.6734725605260792e-07,std=0
	gnorm= 4.292162467410852e-05
	symmetric= True
	solver time=0.017914295196533203,exit status=0
	SR solver time= 0.01796126365661621
	symmetric= False
	niter= 42
	niter= 374
	solver time=0.14290261268615723,exit status=0
	RGN solver time= 0.1429431438446045
	xnorm=5.600472857827134,dnorm=0.009022441499884928
	dense amplitude time= 0.019480466842651367
	total non-zero amplitudes= 4900
	nsamples per process= 50
	sample time= 0.3628652095794678
	self.n= 0.2988783491301036
	RGN updated loss=-11.97910274344253,dloss=-1.7533426976967803e-07
step= 317

nparam= 1004
	dense amplitude time= 0.1397264003753662
	total non-zero amplitudes= 4900
	nsamples per process= 50
	sample time= 1.5048372745513916
	self.n= 0.29887834913010375
	collect g,h time= 3.2750041484832764
E=-11.979102743442528,dE=-1.753342679933212e-07,std=0
L=-11.979102743442528,dL=-1.753342679933212e-07,std=0
	gnorm= 5.0980092958981e-05
	symmetric= True
	solver time=0.006265878677368164,exit status=0
	SR solver time= 0.0063130855560302734
	symmetric= False
	niter= 43
	niter= 372
	solver time=0.10490918159484863,exit status=0
	RGN solver time= 0.10495257377624512
	xnorm=5.6036980257124815,dnorm=0.009001474830035619
	dense amplitude time= 0.02828502655029297
	total non-zero amplitudes= 4900
	nsamples per process= 50
	sample time= 0.35918641090393066
	self.n= 0.29949483174754177
	RGN updated loss=-11.979102905499543,dloss=-1.6205701491855962e-07
step= 318

nparam= 1004
	dense amplitude time= 0.142242431640625
	total non-zero amplitudes= 4900
	nsamples per process= 50
	sample time= 1.538703203201294
	self.n= 0.29949483174754193
	collect g,h time= 3.2929816246032715
E=-11.979102905499543,dE=-1.6205701491855962e-07,std=0
L=-11.979102905499543,dL=-1.6205701491855962e-07,std=0
	gnorm= 4.2093638903612326e-05
	symmetric= True
	solver time=0.01771688461303711,exit status=0
	SR solver time= 0.01775979995727539
	symmetric= False
	niter= 42
	solver time=0.09936714172363281,exit status=0
	RGN solver time= 0.09940981864929199
	xnorm=5.6069571650662375,dnorm=0.00897436031489934
	niter= 374
	dense amplitude time= 0.017759084701538086
	total non-zero amplitudes= 4900
	nsamples per process= 50
	sample time= 0.3503541946411133
	self.n= 0.30010930985230294
	RGN updated loss=-11.979103078970187,dloss=-1.7347064407147172e-07
step= 319

nparam= 1004
	dense amplitude time= 0.15856671333312988
	total non-zero amplitudes= 4900
	nsamples per process= 50
	sample time= 1.512150764465332
	self.n= 0.30010930985230316
	collect g,h time= 3.3232181072235107
E=-11.979103078970189,dE=-1.7347064584782856e-07,std=0
L=-11.979103078970189,dL=-1.7347064584782856e-07,std=0
	gnorm= 5.128204087210258e-05
	symmetric= True
	solver time=0.016584396362304688,exit status=0
	SR solver time= 0.01664590835571289
	symmetric= False
	niter= 43
	niter= 371
	solver time=0.11219501495361328,exit status=0
	RGN solver time= 0.11224961280822754
	xnorm=5.610154336598595,dnorm=0.008954058854611873
	dense amplitude time= 0.019481182098388672
	total non-zero amplitudes= 4900
	nsamples per process= 50
	sample time= 0.35637569427490234
	self.n= 0.3007216465954081
	RGN updated loss=-11.979103239343722,dloss=-1.6037353312015057e-07
step= 320

nparam= 1004
	dense amplitude time= 0.04647493362426758
	total non-zero amplitudes= 4900
	nsamples per process= 50
	sample time= 1.4892504215240479
	self.n= 0.3007216465954078
	collect g,h time= 3.294329881668091
E=-11.979103239343724,dE=-1.603735348965074e-07,std=0
L=-11.979103239343724,dL=-1.603735348965074e-07,std=0
	gnorm= 4.216604422281767e-05
	symmetric= True
	solver time=0.01861715316772461,exit status=0
	SR solver time= 0.018666744232177734
	symmetric= False
	niter= 42
	niter= 374
	solver time=0.11330342292785645,exit status=0
	RGN solver time= 0.11334896087646484
	xnorm=5.613388753245089,dnorm=0.008928883948027481
	dense amplitude time= 0.028696298599243164
	total non-zero amplitudes= 4900
	nsamples per process= 50
	sample time= 0.3624277114868164
	self.n= 0.3013317857067567
	RGN updated loss=-11.979103410033186,dloss=-1.706894625641553e-07
step= 321

nparam= 1004
	dense amplitude time= 0.1781015396118164
	total non-zero amplitudes= 4900
	nsamples per process= 50
	sample time= 1.5066099166870117
	self.n= 0.30133178570675656
	collect g,h time= 3.330688953399658
E=-11.979103410033185,dE=-1.7068946078779845e-07,std=0
L=-11.979103410033185,dL=-1.7068946078779845e-07,std=0
	gnorm= 5.2819659015557325e-05
	symmetric= True
	solver time=0.015810489654541016,exit status=0
	SR solver time= 0.015852689743041992
	symmetric= False
	niter= 43
	niter= 370
	solver time=0.1125190258026123,exit status=0
	RGN solver time= 0.11256051063537598
	xnorm=5.616562538113446,dnorm=0.008924726779132303
	dense amplitude time= 0.03955721855163574
	total non-zero amplitudes= 4900
	nsamples per process= 50
	sample time= 0.36124134063720703
	self.n= 0.30194622714503344
	RGN updated loss=-11.979103569952082,dloss=-1.59918897679745e-07
step= 322

nparam= 1004
	dense amplitude time= 0.16767263412475586
	total non-zero amplitudes= 4900
	nsamples per process= 50
	sample time= 1.527449369430542
	self.n= 0.30194622714503316
	collect g,h time= 3.32666015625
E=-11.979103569952082,dE=-1.59918897679745e-07,std=0
L=-11.979103569952082,dL=-1.59918897679745e-07,std=0
	gnorm= 4.3664831792349226e-05
	symmetric= True
	solver time=0.006273508071899414,exit status=0
	SR solver time= 0.0063321590423583984
	symmetric= False
	niter= 41
	niter= 374
	solver time=0.11003470420837402,exit status=0
	RGN solver time= 0.11008119583129883
	xnorm=5.619774468220616,dnorm=0.00889927123437232
	dense amplitude time= 0.023514747619628906
	total non-zero amplitudes= 4900
	nsamples per process= 50
	sample time= 0.35014867782592773
	self.n= 0.30255467833210264
	RGN updated loss=-11.97910373974417,dloss=-1.697920879450976e-07
step= 323

nparam= 1004
	dense amplitude time= 0.1376640796661377
	total non-zero amplitudes= 4900
	nsamples per process= 50
	sample time= 1.508995771408081
	self.n= 0.3025546783321025
	collect g,h time= 3.327179431915283
E=-11.979103739744167,dE=-1.697920843923839e-07,std=0
L=-11.979103739744167,dL=-1.697920843923839e-07,std=0
	gnorm= 5.2802484241800684e-05
	symmetric= True
	solver time=0.006265163421630859,exit status=0
	SR solver time= 0.00630497932434082
	symmetric= False
	niter= 43
	niter= 367
	solver time=0.09511256217956543,exit status=0
	RGN solver time= 0.09516048431396484
	xnorm=5.6229314687177325,dnorm=0.008877673631302771
	dense amplitude time= 0.020406723022460938
	total non-zero amplitudes= 4900
	nsamples per process= 50
	sample time= 0.35316014289855957
	self.n= 0.30316038926549804
	RGN updated loss=-11.979103897936055,dloss=-1.5819188803334328e-07
step= 324

nparam= 1004
	dense amplitude time= 0.12547993659973145
	total non-zero amplitudes= 4900
	nsamples per process= 50
	sample time= 1.4948012828826904
	self.n= 0.3031603892654985
	collect g,h time= 3.2997777462005615
E=-11.979103897936055,dE=-1.5819188803334328e-07,std=0
L=-11.979103897936055,dL=-1.5819188803334328e-07,std=0
	gnorm= 4.383378250957877e-05
	symmetric= True
	solver time=0.017314434051513672,exit status=0
	SR solver time= 0.01736760139465332
	symmetric= False
	niter= 41
	niter= 374
	solver time=0.11460232734680176,exit status=0
	RGN solver time= 0.11465835571289062
	xnorm=5.626122583588031,dnorm=0.008854669177657499
	dense amplitude time= 0.019316673278808594
	total non-zero amplitudes= 4900
	nsamples per process= 50
	sample time= 0.356203556060791
	self.n= 0.3037622558966552
	RGN updated loss=-11.979104065785883,dloss=-1.6784982825868155e-07
step= 325

nparam= 1004
	dense amplitude time= 0.1833820343017578
	total non-zero amplitudes= 4900
	nsamples per process= 50
	sample time= 1.5007727146148682
	self.n= 0.3037622558966552
	collect g,h time= 3.351459264755249
E=-11.979104065785883,dE=-1.6784982825868155e-07,std=0
L=-11.979104065785883,dL=-1.6784982825868155e-07,std=0
	gnorm= 5.304298557815681e-05
	symmetric= True
	niter= 43
	solver time=0.017972707748413086,exit status=0
	SR solver time= 0.018062829971313477
	symmetric= False
	niter= 366
	solver time=0.11622166633605957,exit status=0
	RGN solver time= 0.11626577377319336
	xnorm=5.629256499563884,dnorm=0.008839426903374855
	dense amplitude time= 0.02785491943359375
	total non-zero amplitudes= 4900
	nsamples per process= 50
	sample time= 0.3536407947540283
	self.n= 0.3043613240612089
	RGN updated loss=-11.979104222777126,dloss=-1.5699124311652213e-07
step= 326

nparam= 1004
	dense amplitude time= 0.13288545608520508
	total non-zero amplitudes= 4900
	nsamples per process= 50
	sample time= 1.507606029510498
	self.n= 0.3043613240612086
	collect g,h time= 3.2749431133270264
E=-11.979104222777128,dE=-1.5699124489287897e-07,std=0
L=-11.979104222777128,dL=-1.5699124489287897e-07,std=0
	gnorm= 4.400691867190389e-05
	symmetric= True
	solver time=0.006269693374633789,exit status=0
	SR solver time= 0.006310939788818359
	symmetric= False
	niter= 41
	niter= 374
	solver time=0.09457969665527344,exit status=0
	RGN solver time= 0.0946204662322998
	xnorm=5.632419015573751,dnorm=0.008818648074514072
	dense amplitude time= 0.024261474609375
	total non-zero amplitudes= 4900
	nsamples per process= 50
	sample time= 0.34941959381103516
	self.n= 0.30495800949819973
	RGN updated loss=-11.979104389477174,dloss=-1.6670004576724295e-07
step= 327

nparam= 1004
	dense amplitude time= 0.10451078414916992
	total non-zero amplitudes= 4900
	nsamples per process= 50
	sample time= 1.4963741302490234
	self.n= 0.3049580094981994
	collect g,h time= 3.2049508094787598
E=-11.979104389477172,dE=-1.6670004399088612e-07,std=0
L=-11.979104389477172,dL=-1.6670004399088612e-07,std=0
	gnorm= 5.319023948463217e-05
	symmetric= True
	solver time=0.006841421127319336,exit status=0
	SR solver time= 0.006879568099975586
	symmetric= False
	niter= 43
	niter= 365
	solver time=0.11951088905334473,exit status=0
	RGN solver time= 0.1195528507232666
	xnorm=5.635528074242821,dnorm=0.008798143310365991
	dense amplitude time= 0.018996000289916992
	total non-zero amplitudes= 4900
	nsamples per process= 50
	sample time= 0.35900115966796875
	self.n= 0.3055515871169474
	RGN updated loss=-11.97910454506118,dloss=-1.5558400789927873e-07
step= 328

nparam= 1004
	dense amplitude time= 0.07006311416625977
	total non-zero amplitudes= 4900
	nsamples per process= 50
	sample time= 1.5586776733398438
	self.n= 0.3055515871169475
	collect g,h time= 3.161836862564087
	niter= 42
E=-11.979104545061176,dE=-1.5558400434656505e-07,std=0
L=-11.979104545061176,dL=-1.5558400434656505e-07,std=0
	gnorm= 4.414419002537576e-05
	symmetric= True
	solver time=0.0065174102783203125,exit status=0
	SR solver time= 0.006552934646606445
	symmetric= False
	niter= 373
	solver time=0.09686088562011719,exit status=0
	RGN solver time= 0.09690165519714355
	xnorm=5.638675514490543,dnorm=0.008777994853721788
	dense amplitude time= 0.018224239349365234
	total non-zero amplitudes= 4900
	nsamples per process= 50
	sample time= 0.355182409286499
	self.n= 0.3061424216540488
	RGN updated loss=-11.979104709204321,dloss=-1.6414314529811236e-07
step= 329

nparam= 1004
	dense amplitude time= 0.03257274627685547
	total non-zero amplitudes= 4900
	nsamples per process= 50
	sample time= 1.5508723258972168
	self.n= 0.3061424216540486
	collect g,h time= 3.184077262878418
E=-11.979104709204321,dE=-1.6414314529811236e-07,std=0
L=-11.979104709204321,dL=-1.6414314529811236e-07,std=0
	gnorm= 5.351346617228047e-05
	symmetric= True
	solver time=0.007097721099853516,exit status=0
	SR solver time= 0.007152557373046875
	symmetric= False
	niter= 43
	niter= 364
	solver time=0.09241867065429688,exit status=0
	RGN solver time= 0.09246587753295898
	xnorm=5.641767258937275,dnorm=0.00875587435904413
	dense amplitude time= 0.017721176147460938
	total non-zero amplitudes= 4900
	nsamples per process= 50
	sample time= 0.365736722946167
	self.n= 0.3067226990265104
	RGN updated loss=-11.979104864244425,dloss=-1.5504010342226593e-07
step= 330

nparam= 1004
	dense amplitude time= 0.1504828929901123
	total non-zero amplitudes= 4900
	nsamples per process= 50
	sample time= 1.5008220672607422
	self.n= 0.3067226990265103
	collect g,h time= 3.255138397216797
E=-11.979104864244421,dE=-1.5504009986955225e-07,std=0
L=-11.979104864244421,dL=-1.5504009986955225e-07,std=0
	gnorm= 4.446648045809378e-05
	symmetric= True
	solver time=0.0063626766204833984,exit status=0
	SR solver time= 0.006402015686035156
	symmetric= False
	niter= 41
	niter= 373
	solver time=0.11827802658081055,exit status=0
	RGN solver time= 0.11832690238952637
	xnorm=5.644894872495395,dnorm=0.008739510694850685
	dense amplitude time= 0.019975662231445312
	total non-zero amplitudes= 4900
	nsamples per process= 50
	sample time= 0.3621337413787842
	self.n= 0.3073089525051657
	RGN updated loss=-11.979105026801554,dloss=-1.625571321994812e-07
step= 331

nparam= 1004
	dense amplitude time= 0.1579437255859375
	total non-zero amplitudes= 4900
	nsamples per process= 50
	sample time= 1.549889326095581
	self.n= 0.3073089525051652
	collect g,h time= 3.27372145652771
E=-11.979105026801552,dE=-1.6255713042312436e-07,std=0
L=-11.979105026801552,dL=-1.6255713042312436e-07,std=0
	gnorm= 5.4628575824391945e-05
	symmetric= True
	solver time=0.007094144821166992,exit status=0
	SR solver time= 0.0071353912353515625
	symmetric= False
	niter= 43
	niter= 361
	solver time=0.0979764461517334,exit status=0
	RGN solver time= 0.09802484512329102
	xnorm=5.647967480669707,dnorm=0.008715154174367974
	dense amplitude time= 0.018656492233276367
	total non-zero amplitudes= 4900
	nsamples per process= 50
	sample time= 0.3512885570526123
	self.n= 0.30788189321493686
	RGN updated loss=-11.979105179739985,dloss=-1.5293843347308211e-07
step= 332

nparam= 1004
	dense amplitude time= 0.10628843307495117
	total non-zero amplitudes= 4900
	nsamples per process= 50
	sample time= 1.5642156600952148
	self.n= 0.3078818932149363
	collect g,h time= 3.31599497795105
E=-11.979105179739987,dE=-1.5293843524943895e-07,std=0
L=-11.979105179739987,dL=-1.5293843524943895e-07,std=0
	gnorm= 4.4399727100574356e-05
	symmetric= True
	solver time=0.028573274612426758,exit status=0
	SR solver time= 0.02862548828125
	symmetric= False
	niter= 42
	niter= 372
	solver time=0.10634803771972656,exit status=0
	RGN solver time= 0.10640072822570801
	xnorm=5.65107896931262,dnorm=0.00868943467203317
	dense amplitude time= 0.018965482711791992
	total non-zero amplitudes= 4900
	nsamples per process= 50
	sample time= 0.36222171783447266
	self.n= 0.3084549665918714
	RGN updated loss=-11.979105341202263,dloss=-1.614622764378737e-07
step= 333

nparam= 1004
	dense amplitude time= 0.0771493911743164
	total non-zero amplitudes= 4900
	nsamples per process= 50
	sample time= 1.4782946109771729
	self.n= 0.3084549665918716
	collect g,h time= 3.3125665187835693
E=-11.979105341202262,dE=-1.6146227466151686e-07,std=0
L=-11.979105341202262,dL=-1.6146227466151686e-07,std=0
	gnorm= 5.4005060805620395e-05
	symmetric= True
	solver time=0.01264643669128418,exit status=0
	SR solver time= 0.012691259384155273
	symmetric= False
	niter= 43
	niter= 362
	solver time=0.09344220161437988,exit status=0
	RGN solver time= 0.0934906005859375
	xnorm=5.654132063400384,dnorm=0.008668193924348406
	dense amplitude time= 0.021692276000976562
	total non-zero amplitudes= 4900
	nsamples per process= 50
	sample time= 0.3515207767486572
	self.n= 0.3090234039807612
	RGN updated loss=-11.979105492700866,dloss=-1.5149860388419256e-07
step= 334

nparam= 1004
	dense amplitude time= 0.08650398254394531
	total non-zero amplitudes= 4900
	nsamples per process= 50
	sample time= 1.515634298324585
	self.n= 0.309023403980761
	collect g,h time= 3.326512336730957
E=-11.979105492700867,dE=-1.514986056605494e-07,std=0
L=-11.979105492700867,dL=-1.514986056605494e-07,std=0
	gnorm= 4.511880976231845e-05
	symmetric= True
	solver time=0.00734257698059082,exit status=0
	SR solver time= 0.007399320602416992
	symmetric= False
	niter= 42
	niter= 374
	solver time=0.09850621223449707,exit status=0
	RGN solver time= 0.09855198860168457
	xnorm=5.657231110265447,dnorm=0.008660661436124855
	dense amplitude time= 0.04272150993347168
	total non-zero amplitudes= 4900
	nsamples per process= 50
	sample time= 0.3431813716888428
	self.n= 0.3095960439255509
	RGN updated loss=-11.979105653923893,dloss=-1.6122302604060224e-07
step= 335

nparam= 1004
	dense amplitude time= 0.0989370346069336
	total non-zero amplitudes= 4900
	nsamples per process= 50
	sample time= 1.507664680480957
	self.n= 0.30959604392555073
	collect g,h time= 3.3673617839813232
E=-11.979105653923892,dE=-1.612230242642454e-07,std=0
L=-11.979105653923892,dL=-1.612230242642454e-07,std=0
	gnorm= 6.011435503266048e-05
	symmetric= True
	solver time=0.00716090202331543,exit status=0
	SR solver time= 0.007200956344604492
	symmetric= False
	niter= 45
	niter= 365
	solver time=0.12193059921264648,exit status=0
	RGN solver time= 0.12197732925415039
	xnorm=5.660257006824092,dnorm=0.008667766626578772
	dense amplitude time= 0.018791675567626953
	total non-zero amplitudes= 4900
	nsamples per process= 50
	sample time= 0.3519108295440674
	self.n= 0.3101684230923064
	RGN updated loss=-11.979105798063307,dloss=-1.4413941507029904e-07
step= 336

nparam= 1004
	dense amplitude time= 0.06363892555236816
	total non-zero amplitudes= 4900
	nsamples per process= 50
	sample time= 1.4833076000213623
	self.n= 0.310168423092306
	collect g,h time= 3.3677937984466553
E=-11.979105798063305,dE=-1.441394132939422e-07,std=0
L=-11.979105798063305,dL=-1.441394132939422e-07,std=0
	gnorm= 5.0711993727415774e-05
	symmetric= True
	solver time=0.03414034843444824,exit status=0
	SR solver time= 0.03418993949890137
	symmetric= False
	niter= 45
	niter= 372
	solver time=0.10069680213928223,exit status=0
	RGN solver time= 0.10074090957641602
	xnorm=5.663332292216842,dnorm=0.008635317993205965
	dense amplitude time= 0.03915810585021973
	total non-zero amplitudes= 4900
	nsamples per process= 50
	sample time= 0.3564119338989258
	self.n= 0.3107198478405157
	RGN updated loss=-11.979105961652984,dloss=-1.6358967869223306e-07
step= 337

nparam= 1004
	dense amplitude time= 0.0503079891204834
	total non-zero amplitudes= 4900
	nsamples per process= 50
	sample time= 1.4879305362701416
	self.n= 0.3107198478405159
	collect g,h time= 3.277996063232422
E=-11.979105961652982,dE=-1.6358967691587623e-07,std=0
L=-11.979105961652982,dL=-1.6358967691587623e-07,std=0
	gnorm= 5.463503102490508e-05
	symmetric= True
	solver time=0.007517337799072266,exit status=0
	SR solver time= 0.0075566768646240234
	symmetric= False
	niter= 44
	niter= 360
	solver time=0.10518693923950195,exit status=0
	RGN solver time= 0.1052255630493164
	xnorm=5.666356277850674,dnorm=0.008602462159208634
	dense amplitude time= 0.017447948455810547
	total non-zero amplitudes= 4900
	nsamples per process= 50
	sample time= 0.35243821144104004
	self.n= 0.31127593597594777
	RGN updated loss=-11.979106110448122,dloss=-1.4879513976495673e-07
step= 338

nparam= 1004
	dense amplitude time= 0.05925154685974121
	total non-zero amplitudes= 4900
	nsamples per process= 50
	sample time= 1.5051307678222656
	self.n= 0.3112759359759477
	collect g,h time= 3.3647046089172363
E=-11.979106110448123,dE=-1.4879514154131357e-07,std=0
L=-11.979106110448123,dL=-1.4879514154131357e-07,std=0
	gnorm= 5.535354773782393e-05
	symmetric= True
	solver time=0.008599519729614258,exit status=0
	SR solver time= 0.008643150329589844
	symmetric= False
	niter= 45
	niter= 368
	solver time=0.09698796272277832,exit status=0
	RGN solver time= 0.09703969955444336
	xnorm=5.6694132539180835,dnorm=0.008598888556502404
	dense amplitude time= 0.02855539321899414
	total non-zero amplitudes= 4900
	nsamples per process= 50
	sample time= 0.34529948234558105
	self.n= 0.31183400473104106
	RGN updated loss=-11.979106262933538,dloss=-1.5248541451740039e-07
step= 339

nparam= 1004
	dense amplitude time= 0.026946067810058594
	total non-zero amplitudes= 4900
	nsamples per process= 50
	sample time= 1.4902746677398682
	self.n= 0.3118340047310413
	collect g,h time= 3.431450128555298
E=-11.979106262933538,dE=-1.5248541451740039e-07,std=0
L=-11.979106262933538,dL=-1.5248541451740039e-07,std=0
	gnorm= 7.023114717875856e-05
	symmetric= True
	solver time=0.007933616638183594,exit status=0
	SR solver time= 0.007989883422851562
	symmetric= False
	niter= 46
	niter= 350
	solver time=0.09585046768188477,exit status=0
	RGN solver time= 0.0959012508392334
	xnorm=5.672438791036057,dnorm=0.008630376775172212
	dense amplitude time= 0.017760038375854492
	total non-zero amplitudes= 4900
	nsamples per process= 50
	sample time= 0.35156989097595215
	self.n= 0.31235598481596183
	RGN updated loss=-11.97910641332702,dloss=-1.5039348255641016e-07
step= 340

nparam= 1004
	dense amplitude time= 0.0360417366027832
	total non-zero amplitudes= 4900
	nsamples per process= 50
	sample time= 1.4895603656768799
	self.n= 0.31235598481596166
	collect g,h time= 3.3878562450408936
E=-11.97910641332702,dE=-1.5039348255641016e-07,std=0
L=-11.97910641332702,dL=-1.5039348255641016e-07,std=0
	gnorm= 5.3492352173554894e-05
	symmetric= True
	solver time=0.00692439079284668,exit status=0
	SR solver time= 0.006966829299926758
	symmetric= False
	niter= 43
	niter= 360
	solver time=0.10481929779052734,exit status=0
	RGN solver time= 0.10487008094787598
	xnorm=5.675505657391167,dnorm=0.008556939085330437
	dense amplitude time= 0.029629945755004883
	total non-zero amplitudes= 4900
	nsamples per process= 50
	sample time= 0.35094404220581055
	self.n= 0.312915389945734
	RGN updated loss=-11.97910657158549,dloss=-1.5825846944039768e-07
step= 341

nparam= 1004
	dense amplitude time= 0.062429189682006836
	total non-zero amplitudes= 4900
	nsamples per process= 50
	sample time= 1.4990720748901367
	self.n= 0.3129153899457334
	niter= 45
	collect g,h time= 3.4044017791748047
E=-11.97910657158549,dE=-1.5825846944039768e-07,std=0
L=-11.97910657158549,dL=-1.5825846944039768e-07,std=0
	gnorm= 5.977488345898431e-05
	symmetric= True
	solver time=0.007712602615356445,exit status=0
	SR solver time= 0.00774836540222168
	symmetric= False
	niter= 363
	solver time=0.11544036865234375,exit status=0
	RGN solver time= 0.11547970771789551
	xnorm=5.678478916837193,dnorm=0.008549157873618075
	dense amplitude time= 0.02062249183654785
	total non-zero amplitudes= 4900
	nsamples per process= 50
	sample time= 0.34888219833374023
	self.n= 0.3134688703326155
	RGN updated loss=-11.979106713622429,dloss=-1.4203693865511013e-07
step= 342

nparam= 1004
	dense amplitude time= 0.0420992374420166
	total non-zero amplitudes= 4900
	nsamples per process= 50
	sample time= 1.4867892265319824
	self.n= 0.3134688703326154
	collect g,h time= 3.2826693058013916
E=-11.979106713622427,dE=-1.420369368787533e-07,std=0
L=-11.979106713622427,dL=-1.420369368787533e-07,std=0
	gnorm= 5.825438767084417e-05
	symmetric= True
	solver time=0.0063152313232421875,exit status=0
	SR solver time= 0.006385326385498047
	symmetric= False
	niter= 45
	niter= 366
	solver time=0.10891389846801758,exit status=0
	RGN solver time= 0.10896444320678711
	xnorm=5.681496860116318,dnorm=0.008570884846987986
	dense amplitude time= 0.027723073959350586
	total non-zero amplitudes= 4900
	nsamples per process= 50
	sample time= 0.3499748706817627
	self.n= 0.3139879427086367
	RGN updated loss=-11.979106872610425,dloss=-1.5898799787805729e-07
step= 343

nparam= 1004
	dense amplitude time= 0.09427785873413086
	total non-zero amplitudes= 4900
	nsamples per process= 50
	sample time= 1.4959816932678223
	self.n= 0.3139879427086366
	collect g,h time= 3.591752290725708
E=-11.979106872610423,dE=-1.5898799610170045e-07,std=0
L=-11.979106872610423,dL=-1.5898799610170045e-07,std=0
	gnorm= 3.846942753518528e-05
	symmetric= True
	niter= 44
	solver time=0.023422718048095703,exit status=0
	SR solver time= 0.02347874641418457
	symmetric= False
	niter= 374
	solver time=0.12878823280334473,exit status=0
	RGN solver time= 0.12883520126342773
	xnorm=5.6844719110977655,dnorm=0.008511620491319684
	dense amplitude time= 0.017916440963745117
	total non-zero amplitudes= 4900
	nsamples per process= 50
	sample time= 0.3520619869232178
	self.n= 0.3145449731747148
	RGN updated loss=-11.979107016206818,dloss=-1.4359639521899226e-07
step= 344

nparam= 1004
	dense amplitude time= 0.08558917045593262
	total non-zero amplitudes= 4900
	nsamples per process= 50
	sample time= 1.478301763534546
	self.n= 0.3145449731747145
	collect g,h time= 3.343564510345459
E=-11.979107016206816,dE=-1.4359639344263542e-07,std=0
L=-11.979107016206816,dL=-1.4359639344263542e-07,std=0
	gnorm= 2.8944017867413494e-05
	symmetric= True
	solver time=0.007031440734863281,exit status=0
	SR solver time= 0.0070743560791015625
	symmetric= False
	niter= 43
	niter= 393
	solver time=0.12458133697509766,exit status=0
	RGN solver time= 0.12462568283081055
	xnorm=5.687457931886409,dnorm=0.00849881858981448
	dense amplitude time= 0.028322458267211914
	total non-zero amplitudes= 4900
	nsamples per process= 50
	sample time= 0.3463103771209717
	self.n= 0.3150770442234413
	RGN updated loss=-11.979107172949307,dloss=-1.5674249098651671e-07
step= 345

nparam= 1004
	dense amplitude time= 0.030214309692382812
	total non-zero amplitudes= 4900
	nsamples per process= 50
	sample time= 1.4980418682098389
	self.n= 0.31507704422344085
	collect g,h time= 3.3793413639068604
E=-11.979107172949307,dE=-1.5674249098651671e-07,std=0
L=-11.979107172949307,dL=-1.5674249098651671e-07,std=0
	gnorm= 3.0470607004362896e-05
	symmetric= True
	solver time=0.0187530517578125,exit status=0
	SR solver time= 0.018798828125
	symmetric= False
	niter= 43
	niter= 384
	solver time=0.10096502304077148,exit status=0
	RGN solver time= 0.10101532936096191
	xnorm=5.690401431753211,dnorm=0.008464123731780326
	dense amplitude time= 0.02819371223449707
	total non-zero amplitudes= 4900
	nsamples per process= 50
	sample time= 0.34107422828674316
	self.n= 0.31561364319872137
	RGN updated loss=-11.979107313973458,dloss=-1.4102415057948292e-07
step= 346

nparam= 1004
	dense amplitude time= 0.029372215270996094
	total non-zero amplitudes= 4900
	nsamples per process= 50
	sample time= 1.4928159713745117
	self.n= 0.315613643198721
	collect g,h time= 3.202587842941284
E=-11.979107313973458,dE=-1.4102415057948292e-07,std=0
L=-11.979107313973458,dL=-1.4102415057948292e-07,std=0
	gnorm= 2.879245427144958e-05
	symmetric= True
	solver time=0.008669853210449219,exit status=0
	SR solver time= 0.008711576461791992
	symmetric= False
	niter= 43
	niter= 393
	solver time=0.10732388496398926,exit status=0
	RGN solver time= 0.10736513137817383
	xnorm=5.693382291707072,dnorm=0.008462133387649761
	dense amplitude time= 0.016974687576293945
	total non-zero amplitudes= 4900
	nsamples per process= 50
	sample time= 0.35039544105529785
	self.n= 0.3161331214938494
	RGN updated loss=-11.979107469083532,dloss=-1.551100741181699e-07
step= 347

nparam= 1004
	dense amplitude time= 0.07108116149902344
	total non-zero amplitudes= 4900
	nsamples per process= 50
	sample time= 1.4975361824035645
	self.n= 0.3161331214938492
	collect g,h time= 3.4489004611968994
E=-11.979107469083537,dE=-1.5511007944724042e-07,std=0
L=-11.979107469083537,dL=-1.5511007944724042e-07,std=0
	gnorm= 3.055329904123664e-05
	symmetric= True
	solver time=0.01654052734375,exit status=0
	SR solver time= 0.016594409942626953
	symmetric= False
	niter= 43
	niter= 384
	solver time=0.10930061340332031,exit status=0
	RGN solver time= 0.10934948921203613
	xnorm=5.696312230591892,dnorm=0.008427269790662205
	dense amplitude time= 0.017840147018432617
	total non-zero amplitudes= 4900
	nsamples per process= 50
	sample time= 0.3504667282104492
	self.n= 0.31665879848516065
	RGN updated loss=-11.979107608371297,dloss=-1.3928775999261234e-07
step= 348

nparam= 1004
	dense amplitude time= 0.04108762741088867
	total non-zero amplitudes= 4900
	nsamples per process= 50
	sample time= 1.5072133541107178
	self.n= 0.31665879848516054
	collect g,h time= 3.5040206909179688
E=-11.979107608371297,dE=-1.3928775999261234e-07,std=0
L=-11.979107608371297,dL=-1.3928775999261234e-07,std=0
	gnorm= 3.172426378980599e-05
	symmetric= True
	solver time=0.017848968505859375,exit status=0
	SR solver time= 0.017894506454467773
	symmetric= False
	niter= 43
	niter= 393
	solver time=0.11133360862731934,exit status=0
	RGN solver time= 0.11138129234313965
	xnorm=5.6992770269497335,dnorm=0.008515271060748885
	dense amplitude time= 0.018923282623291016
	total non-zero amplitudes= 4900
	nsamples per process= 50
	sample time= 0.34920310974121094
	self.n= 0.31717069227833006
	RGN updated loss=-11.97910776240915,dloss=-1.5403785269541004e-07
step= 349

nparam= 1004
	dense amplitude time= 0.027349233627319336
	total non-zero amplitudes= 4900
	nsamples per process= 50
	sample time= 1.4911015033721924
	self.n= 0.31717069227833006
	collect g,h time= 3.4578604698181152
E=-11.97910776240915,dE=-1.5403785269541004e-07,std=0
L=-11.97910776240915,dL=-1.5403785269541004e-07,std=0
	gnorm= 3.2485676539905056e-05
	symmetric= True
	solver time=0.010320425033569336,exit status=0
	SR solver time= 0.01036691665649414
	symmetric= False
	niter= 43
	niter= 380
	solver time=0.10022568702697754,exit status=0
	RGN solver time= 0.10027313232421875
	xnorm=5.702164684689454,dnorm=0.008394488202437777
	dense amplitude time= 0.026520729064941406
	total non-zero amplitudes= 4900
	nsamples per process= 50
	sample time= 0.34491682052612305
	self.n= 0.3176928690834851
	RGN updated loss=-11.979107901447001,dloss=-1.3903785145430447e-07
step= 350

nparam= 1004
	dense amplitude time= 0.040938615798950195
	total non-zero amplitudes= 4900
	nsamples per process= 50
	sample time= 1.4618706703186035
	self.n= 0.31769286908348504
	collect g,h time= 3.4347498416900635
E=-11.979107901447005,dE=-1.3903785500701815e-07,std=0
L=-11.979107901447005,dL=-1.3903785500701815e-07,std=0
	gnorm= 2.961241730737081e-05
	symmetric= True
	solver time=0.00654292106628418,exit status=0
	SR solver time= 0.006587982177734375
	symmetric= False
	niter= 43
	niter= 389
	solver time=0.11196708679199219,exit status=0
	RGN solver time= 0.11201834678649902
	xnorm=5.705105132897937,dnorm=0.008390519360145758
	dense amplitude time= 0.019189834594726562
	total non-zero amplitudes= 4900
	nsamples per process= 50
	sample time= 0.34575748443603516
	self.n= 0.31819552339325313
	RGN updated loss=-11.979108053486918,dloss=-1.52039913103863e-07
step= 351

nparam= 1004
	dense amplitude time= 0.0817575454711914
	total non-zero amplitudes= 4900
	nsamples per process= 50
	sample time= 1.4692199230194092
	self.n= 0.3181955233932532
	collect g,h time= 3.474567413330078
E=-11.979108053486916,dE=-1.5203991132750616e-07,std=0
L=-11.979108053486916,dL=-1.5203991132750616e-07,std=0
	gnorm= 0.00015000513175723147
	symmetric= True
	niter= 44
	solver time=0.019203901290893555,exit status=0
	SR solver time= 0.019263505935668945
	symmetric= False
	niter= 330
	solver time=0.12224483489990234,exit status=0
	RGN solver time= 0.12229561805725098
	xnorm=5.707979375320243,dnorm=0.008509514088789692
	dense amplitude time= 0.019663095474243164
	total non-zero amplitudes= 4900
	nsamples per process= 50
	sample time= 0.34831738471984863
	self.n= 0.31868516156666477
	RGN updated loss=-11.97910817429162,dloss=-1.208047031298065e-07
step= 352

nparam= 1004
	dense amplitude time= 0.027924537658691406
	total non-zero amplitudes= 4900
	nsamples per process= 50
	sample time= 1.4505248069763184
	self.n= 0.3186851615666646
	collect g,h time= 3.4699015617370605
E=-11.979108174291621,dE=-1.2080470490616335e-07,std=0
L=-11.979108174291621,dL=-1.2080470490616335e-07,std=0
	gnorm= 0.0001034291170179665
	symmetric= True
	solver time=0.019052982330322266,exit status=0
	SR solver time= 0.019140243530273438
	symmetric= False
	niter= 45
	niter= 342
	solver time=0.08638739585876465,exit status=0
	RGN solver time= 0.08643937110900879
	xnorm=5.710926383007453,dnorm=0.008429801060869038
	dense amplitude time= 0.017750024795532227
	total non-zero amplitudes= 4900
	nsamples per process= 50
	sample time= 0.34590625762939453
	self.n= 0.3192150988960759
	RGN updated loss=-11.979108343426963,dloss=-1.6913534217621873e-07
step= 353

nparam= 1004
	dense amplitude time= 0.05733346939086914
	total non-zero amplitudes= 4900
	nsamples per process= 50
	sample time= 1.4723882675170898
	self.n= 0.3192150988960756
	collect g,h time= 3.4338362216949463
E=-11.979108343426958,dE=-1.691353368471482e-07,std=0
L=-11.979108343426958,dL=-1.691353368471482e-07,std=0
	gnorm= 3.222595940285487e-05
	symmetric= True
	solver time=0.006391286849975586,exit status=0
	SR solver time= 0.006438493728637695
	symmetric= False
	niter= 43
	niter= 377
	solver time=0.09539365768432617,exit status=0
	RGN solver time= 0.09544563293457031
	xnorm=5.713776695276838,dnorm=0.008325067275862661
	dense amplitude time= 0.018346786499023438
	total non-zero amplitudes= 4900
	nsamples per process= 50
	sample time= 0.34223079681396484
	self.n= 0.3197149600498102
	RGN updated loss=-11.979108479652087,dloss=-1.3622512895494765e-07
step= 354

nparam= 1004
	dense amplitude time= 0.04265999794006348
	total non-zero amplitudes= 4900
	nsamples per process= 50
	sample time= 1.4728436470031738
	self.n= 0.3197149600498097
	collect g,h time= 3.272592067718506
E=-11.979108479652083,dE=-1.3622512540223397e-07,std=0
L=-11.979108479652083,dL=-1.3622512540223397e-07,std=0
	gnorm= 2.9624095611718415e-05
	symmetric= True
	solver time=0.006525754928588867,exit status=0
	SR solver time= 0.006580352783203125
	symmetric= False
	niter= 43
	niter= 386
	solver time=0.09705090522766113,exit status=0
	RGN solver time= 0.09710073471069336
	xnorm=5.716705750257055,dnorm=0.008310503352070314
	dense amplitude time= 0.01852703094482422
	total non-zero amplitudes= 4900
	nsamples per process= 50
	sample time= 0.34222960472106934
	self.n= 0.3201951812136654
	RGN updated loss=-11.97910862928179,dloss=-1.4962970595888692e-07
step= 355

nparam= 1004
	dense amplitude time= 0.040843963623046875
	total non-zero amplitudes= 4900
	nsamples per process= 50
	sample time= 1.4561140537261963
	self.n= 0.3201951812136654
	collect g,h time= 3.4418983459472656
E=-11.97910862928179,dE=-1.4962970595888692e-07,std=0
L=-11.97910862928179,dL=-1.4962970595888692e-07,std=0
	gnorm= 3.1773293540627625e-05
	symmetric= True
	solver time=0.012077569961547852,exit status=0
	SR solver time= 0.012131214141845703
	symmetric= False
	niter= 44
	niter= 377
	solver time=0.1035315990447998,exit status=0
	RGN solver time= 0.10358548164367676
	xnorm=5.719553971764598,dnorm=0.00827969091984664
	dense amplitude time= 0.018877744674682617
	total non-zero amplitudes= 4900
	nsamples per process= 50
	sample time= 0.3438403606414795
	self.n= 0.32068156691517213
	RGN updated loss=-11.979108764065309,dloss=-1.3478351945650502e-07
step= 356

nparam= 1004
	dense amplitude time= 0.07951235771179199
	total non-zero amplitudes= 4900
	nsamples per process= 50
	sample time= 1.4606060981750488
	self.n= 0.32068156691517213
	collect g,h time= 3.560924768447876
E=-11.97910876406531,dE=-1.3478352123286186e-07,std=0
L=-11.97910876406531,dL=-1.3478352123286186e-07,std=0
	gnorm= 2.9676742062597142e-05
	symmetric= True
	solver time=0.006249904632568359,exit status=0
	SR solver time= 0.0062961578369140625
	symmetric= False
	niter= 43
	niter= 385
	solver time=0.10304832458496094,exit status=0
	RGN solver time= 0.10309076309204102
	xnorm=5.722466142425039,dnorm=0.008268786874965591
	dense amplitude time= 0.019539356231689453
	total non-zero amplitudes= 4900
	nsamples per process= 50
	sample time= 0.341350793838501
	self.n= 0.3211524641563923
	RGN updated loss=-11.979108913439335,dloss=-1.49374024260851e-07
step= 357

nparam= 1004
	dense amplitude time= 0.08301258087158203
	total non-zero amplitudes= 4900
	nsamples per process= 50
	sample time= 1.4700229167938232
	self.n= 0.3211524641563923
	collect g,h time= 3.340752124786377
E=-11.979108913439333,dE=-1.4937402248449416e-07,std=0
L=-11.979108913439333,dL=-1.4937402248449416e-07,std=0
	gnorm= 1.697645966036446e-05
	symmetric= True
	solver time=0.006108283996582031,exit status=0
	SR solver time= 0.006153106689453125
	symmetric= False
	niter= 38
	niter= 405
	solver time=0.10760927200317383,exit status=0
	RGN solver time= 0.10767436027526855
	xnorm=5.725295744773331,dnorm=0.008232603974106197
	dense amplitude time= 0.01928424835205078
	total non-zero amplitudes= 4900
	nsamples per process= 50
	sample time= 0.346729040145874
	self.n= 0.32162095667205115
	RGN updated loss=-11.979109050887093,dloss=-1.3744775984037005e-07
step= 358

nparam= 1004
	dense amplitude time= 0.16709327697753906
	total non-zero amplitudes= 4900
	nsamples per process= 50
	sample time= 1.483853816986084
	self.n= 0.32162095667205093
	collect g,h time= 3.2940988540649414
E=-11.979109050887093,dE=-1.3744775984037005e-07,std=0
L=-11.979109050887093,dL=-1.3744775984037005e-07,std=0
	gnorm= 1.57290082225918e-05
	symmetric= True
	solver time=0.006234645843505859,exit status=0
	SR solver time= 0.0062792301177978516
	symmetric= False
	niter= 37
	niter= 405
	solver time=0.10509562492370605,exit status=0
	RGN solver time= 0.10514140129089355
	xnorm=5.728190762661031,dnorm=0.008197945235742621
	dense amplitude time= 0.019353151321411133
	total non-zero amplitudes= 4900
	nsamples per process= 50
	sample time= 0.3463747501373291
	self.n= 0.3220867213556
	RGN updated loss=-11.97910919328497,dloss=-1.4239787660130787e-07
step= 359

nparam= 1004
	dense amplitude time= 0.0455319881439209
	total non-zero amplitudes= 4900
	nsamples per process= 50
	sample time= 1.4757614135742188
	self.n= 0.3220867213555999
	collect g,h time= 3.2711548805236816
E=-11.979109193284968,dE=-1.4239787482495103e-07,std=0
L=-11.979109193284968,dL=-1.4239787482495103e-07,std=0
	gnorm= 1.508422971746115e-05
	symmetric= True
	solver time=0.005732536315917969,exit status=0
	SR solver time= 0.005773305892944336
	symmetric= False
	niter= 37
	niter= 405
	solver time=0.10330390930175781,exit status=0
	RGN solver time= 0.10334634780883789
	xnorm=5.731001420007,dnorm=0.008175035972137512
	dense amplitude time= 0.02859210968017578
	total non-zero amplitudes= 4900
	nsamples per process= 50
	sample time= 0.3573262691497803
	self.n= 0.32254464877280487
	RGN updated loss=-11.979109330205251,dloss=-1.3692028311140803e-07
step= 360

nparam= 1004
	dense amplitude time= 0.0440523624420166
	total non-zero amplitudes= 4900
	nsamples per process= 50
	sample time= 1.4696235656738281
	self.n= 0.3225446487728043
	collect g,h time= 3.300145387649536
E=-11.979109330205247,dE=-1.3692027955869435e-07,std=0
L=-11.979109330205247,dL=-1.3692027955869435e-07,std=0
	gnorm= 1.4750578186869e-05
	symmetric= True
	solver time=0.00626063346862793,exit status=0
	SR solver time= 0.00630497932434082
	symmetric= False
	niter= 37
	niter= 405
	solver time=0.11873722076416016,exit status=0
	RGN solver time= 0.11879587173461914
	xnorm=5.73385453267356,dnorm=0.008150637515766319
	dense amplitude time= 0.017580032348632812
	total non-zero amplitudes= 4900
	nsamples per process= 50
	sample time= 0.35618042945861816
	self.n= 0.32300116363932696
	RGN updated loss=-11.97910947145549,dloss=-1.4125024350164495e-07
step= 361

nparam= 1004
	dense amplitude time= 0.04760932922363281
	total non-zero amplitudes= 4900
	nsamples per process= 50
	sample time= 1.5273866653442383
	self.n= 0.32300116363932674
	collect g,h time= 3.263227939605713
E=-11.97910947145549,dE=-1.4125024350164495e-07,std=0
L=-11.97910947145549,dL=-1.4125024350164495e-07,std=0
	gnorm= 4.353397394058494e-05
	symmetric= True
	solver time=0.019669055938720703,exit status=0
	SR solver time= 0.019722461700439453
	symmetric= False
	niter= 44
	niter= 370
	solver time=0.09729671478271484,exit status=0
	RGN solver time= 0.09734940528869629
	xnorm=5.7366547158204435,dnorm=0.008132070711184353
	dense amplitude time= 0.018753767013549805
	total non-zero amplitudes= 4900
	nsamples per process= 50
	sample time= 0.34122467041015625
	self.n= 0.3234533075551709
	RGN updated loss=-11.979109601029672,dloss=-1.2957418071835036e-07
step= 362

nparam= 1004
	dense amplitude time= 0.12130498886108398
	total non-zero amplitudes= 4900
	nsamples per process= 50
	sample time= 1.4782543182373047
	self.n= 0.32345330755517065
	collect g,h time= 3.2804949283599854
E=-11.979109601029673,dE=-1.295741824947072e-07,std=0
L=-11.979109601029673,dL=-1.295741824947072e-07,std=0
	gnorm= 4.0401960371937074e-05
	symmetric= True
	solver time=0.017878293991088867,exit status=0
	SR solver time= 0.017931222915649414
	symmetric= False
	niter= 43
	niter= 374
	solver time=0.11200976371765137,exit status=0
	RGN solver time= 0.11205673217773438
	xnorm=5.739500827787205,dnorm=0.008147956721996816
	dense amplitude time= 0.02363133430480957
	total non-zero amplitudes= 4900
	nsamples per process= 50
	sample time= 0.35245585441589355
	self.n= 0.3238910348598217
	RGN updated loss=-11.979109745195899,dloss=-1.441662256240761e-07
step= 363

nparam= 1004
	dense amplitude time= 0.16025018692016602
	total non-zero amplitudes= 4900
	nsamples per process= 50
	sample time= 1.4791145324707031
	self.n= 0.3238910348598214
	collect g,h time= 3.319106101989746
E=-11.979109745195899,dE=-1.441662256240761e-07,std=0
L=-11.979109745195899,dL=-1.441662256240761e-07,std=0
	gnorm= 4.6388972371617575e-05
	symmetric= True
	solver time=0.006677389144897461,exit status=0
	SR solver time= 0.006718635559082031
	symmetric= False
	niter= 44
	niter= 363
	solver time=0.1055147647857666,exit status=0
	RGN solver time= 0.1055610179901123
	xnorm=5.742279280767028,dnorm=0.008083601880975637
	dense amplitude time= 0.018463134765625
	total non-zero amplitudes= 4900
	nsamples per process= 50
	sample time= 0.3556807041168213
	self.n= 0.32433900115796566
	RGN updated loss=-11.979109873812849,dloss=-1.2861694997923223e-07
step= 364

nparam= 1004
	dense amplitude time= 0.10585737228393555
	total non-zero amplitudes= 4900
	nsamples per process= 50
	sample time= 1.5106613636016846
	self.n= 0.3243390011579661
	collect g,h time= 3.325979709625244
E=-11.97910987381285,dE=-1.2861695175558907e-07,std=0
L=-11.97910987381285,dL=-1.2861695175558907e-07,std=0
	gnorm= 3.993303790681265e-05
	symmetric= True
	solver time=0.007020235061645508,exit status=0
	SR solver time= 0.007057666778564453
	symmetric= False
	niter= 43
	niter= 374
	solver time=0.09769606590270996,exit status=0
	RGN solver time= 0.09774136543273926
	xnorm=5.745095744023617,dnorm=0.008098056661138197
	dense amplitude time= 0.0516667366027832
	total non-zero amplitudes= 4900
	nsamples per process= 50
	sample time= 0.3484623432159424
	self.n= 0.3247706796994084
	RGN updated loss=-11.979110015769365,dloss=-1.419565140992063e-07
step= 365

nparam= 1004
	dense amplitude time= 0.1661376953125
	total non-zero amplitudes= 4900
	nsamples per process= 50
	sample time= 1.512082815170288
	self.n= 0.3247706796994084
	collect g,h time= 3.2747433185577393
E=-11.979110015769363,dE=-1.4195651232284945e-07,std=0
L=-11.979110015769363,dL=-1.4195651232284945e-07,std=0
	gnorm= 4.6520578801453294e-05
	symmetric= True
	solver time=0.007297992706298828,exit status=0
	SR solver time= 0.007348060607910156
	symmetric= False
	niter= 44
	niter= 363
	solver time=0.09481453895568848,exit status=0
	RGN solver time= 0.09485793113708496
	xnorm=5.747849197687909,dnorm=0.008034908007445642
	dense amplitude time= 0.02030491828918457
	total non-zero amplitudes= 4900
	nsamples per process= 50
	sample time= 0.3540687561035156
	self.n= 0.3252097066117148
	RGN updated loss=-11.979110142726087,dloss=-1.269567242445646e-07
step= 366

nparam= 1004
	dense amplitude time= 0.04809141159057617
	total non-zero amplitudes= 4900
	nsamples per process= 50
	sample time= 1.4898574352264404
	self.n= 0.32520970661171456
	collect g,h time= 3.305164098739624
E=-11.979110142726087,dE=-1.269567242445646e-07,std=0
L=-11.979110142726087,dL=-1.269567242445646e-07,std=0
	gnorm= 3.8806969968162316e-05
	symmetric= True
	solver time=0.006655454635620117,exit status=0
	SR solver time= 0.0066988468170166016
	symmetric= False
	niter= 43
	niter= 371
	solver time=0.09804701805114746,exit status=0
	RGN solver time= 0.09809446334838867
	xnorm=5.750644686740094,dnorm=0.008037336179923879
	dense amplitude time= 0.02013254165649414
	total non-zero amplitudes= 4900
	nsamples per process= 50
	sample time= 0.35810351371765137
	self.n= 0.325641548080951
	RGN updated loss=-11.979110283132561,dloss=-1.4040647400292983e-07
step= 367

nparam= 1004
	dense amplitude time= 0.13813185691833496
	total non-zero amplitudes= 4900
	nsamples per process= 50
	sample time= 1.5078954696655273
	self.n= 0.32564154808095086
	collect g,h time= 3.234701633453369
E=-11.979110283132563,dE=-1.4040647577928667e-07,std=0
L=-11.979110283132563,dL=-1.4040647577928667e-07,std=0
	gnorm= 4.626776190974932e-05
	symmetric= True
	solver time=0.008492231369018555,exit status=0
	SR solver time= 0.008542776107788086
	symmetric= False
	niter= 44
	niter= 362
	solver time=0.10592365264892578,exit status=0
	RGN solver time= 0.10596299171447754
	xnorm=5.753372790382523,dnorm=0.007982422320425496
	dense amplitude time= 0.021437883377075195
	total non-zero amplitudes= 4900
	nsamples per process= 50
	sample time= 0.3522603511810303
	self.n= 0.3260657017585447
	RGN updated loss=-11.979110408479015,dloss=-1.2534645144057777e-07
step= 368

nparam= 1004
	dense amplitude time= 0.029326677322387695
	total non-zero amplitudes= 4900
	nsamples per process= 50
	sample time= 1.515479564666748
	self.n= 0.32606570175854493
	collect g,h time= 3.4116532802581787
E=-11.979110408479016,dE=-1.253464532169346e-07,std=0
L=-11.979110408479016,dL=-1.253464532169346e-07,std=0
	gnorm= 3.911086128848819e-05
	symmetric= True
	solver time=0.006536960601806641,exit status=0
	SR solver time= 0.006579875946044922
	symmetric= False
	niter= 43
	solver time=0.10459160804748535,exit status=0
	RGN solver time= 0.10463643074035645
	xnorm=5.756155902772069,dnorm=0.007988085646816766
	niter= 370
	dense amplitude time= 0.01844167709350586
	total non-zero amplitudes= 4900
	nsamples per process= 50
	sample time= 0.35931849479675293
	self.n= 0.3264853832821035
	RGN updated loss=-11.979110546894393,dloss=-1.3841537693792816e-07
step= 369

nparam= 1004
	dense amplitude time= 0.16746068000793457
	total non-zero amplitudes= 4900
	nsamples per process= 50
	sample time= 1.5111348628997803
	self.n= 0.32648538328210297
	collect g,h time= 3.31982159614563
E=-11.97911054689439,dE=-1.3841537338521448e-07,std=0
L=-11.97911054689439,dL=-1.3841537338521448e-07,std=0
	gnorm= 4.663366265667485e-05
	symmetric= True
	solver time=0.0072231292724609375,exit status=0
	SR solver time= 0.007267951965332031
	symmetric= False
	niter= 44
	niter= 360
	solver time=0.108123779296875,exit status=0
	RGN solver time= 0.10817480087280273
	xnorm=5.7588659505012805,dnorm=0.00793103301697798
	dense amplitude time= 0.019262313842773438
	total non-zero amplitudes= 4900
	nsamples per process= 50
	sample time= 0.3603980541229248
	self.n= 0.32689821545058384
	RGN updated loss=-11.979110670810604,dloss=-1.2391621417862098e-07
step= 370

nparam= 1004
	dense amplitude time= 0.1629774570465088
	total non-zero amplitudes= 4900
	nsamples per process= 50
	sample time= 1.522994041442871
	self.n= 0.32689821545058373
	collect g,h time= 3.403592109680176
E=-11.979110670810602,dE=-1.2391621240226414e-07,std=0
L=-11.979110670810602,dL=-1.2391621240226414e-07,std=0
	gnorm= 3.94045647277533e-05
	symmetric= True
	solver time=0.006423473358154297,exit status=0
	SR solver time= 0.006467342376708984
	symmetric= False
	niter= 43
	niter= 370
	solver time=0.10377883911132812,exit status=0
	RGN solver time= 0.1038200855255127
	xnorm=5.761628798385688,dnorm=0.007937419555749699
	dense amplitude time= 0.024280309677124023
	total non-zero amplitudes= 4900
	nsamples per process= 50
	sample time= 0.35636115074157715
	self.n= 0.3273075461187892
	RGN updated loss=-11.979110807109292,dloss=-1.3629868966802405e-07
step= 371

nparam= 1004
	dense amplitude time= 0.17921090126037598
	total non-zero amplitudes= 4900
	nsamples per process= 50
	sample time= 1.5142450332641602
	self.n= 0.32730754611878893
	collect g,h time= 3.3198790550231934
E=-11.979110807109294,dE=-1.362986914443809e-07,std=0
L=-11.979110807109294,dL=-1.362986914443809e-07,std=0
	gnorm= 4.7005694940013976e-05
	symmetric= True
	solver time=0.018322467803955078,exit status=0
	SR solver time= 0.018384933471679688
	symmetric= False
	niter= 44
	niter= 360
	solver time=0.11102724075317383,exit status=0
	RGN solver time= 0.11106991767883301
	xnorm=5.7643168177941595,dnorm=0.007878341604538562
	dense amplitude time= 0.019050121307373047
	total non-zero amplitudes= 4900
	nsamples per process= 50
	sample time= 0.34979701042175293
	self.n= 0.3277100848778117
	RGN updated loss=-11.979110929575375,dloss=-1.224660817200629e-07
step= 372

nparam= 1004
	dense amplitude time= 0.12837958335876465
	total non-zero amplitudes= 4900
	nsamples per process= 50
	sample time= 1.4938509464263916
	self.n= 0.3277100848778118
	collect g,h time= 3.3361093997955322
E=-11.979110929575379,dE=-1.2246608527277658e-07,std=0
L=-11.979110929575379,dL=-1.2246608527277658e-07,std=0
	gnorm= 3.970436415317726e-05
	symmetric= True
	niter= 43
	solver time=0.0066640377044677734,exit status=0
	SR solver time= 0.006731510162353516
	symmetric= False
	niter= 369
	solver time=0.10048651695251465,exit status=0
	RGN solver time= 0.10054516792297363
	xnorm=5.767057436019612,dnorm=0.00788475491514755
	dense amplitude time= 0.023736238479614258
	total non-zero amplitudes= 4900
	nsamples per process= 50
	sample time= 0.3571360111236572
	self.n= 0.32810959102777815
	RGN updated loss=-11.979111063623197,dloss=-1.340478181788285e-07
step= 373

nparam= 1004
	dense amplitude time= 0.16264963150024414
	total non-zero amplitudes= 4900
	nsamples per process= 50
	sample time= 1.4777295589447021
	self.n= 0.3281095910277776
	collect g,h time= 3.353118419647217
E=-11.979111063623193,dE=-1.3404781462611481e-07,std=0
L=-11.979111063623193,dL=-1.3404781462611481e-07,std=0
	gnorm= 4.737649360608343e-05
	symmetric= True
	solver time=0.007091999053955078,exit status=0
	SR solver time= 0.00713348388671875
	symmetric= False
	niter= 44
	niter= 358
	solver time=0.1080467700958252,exit status=0
	RGN solver time= 0.1080923080444336
	xnorm=5.7697223189342,dnorm=0.007824577226893751
	dense amplitude time= 0.018262863159179688
	total non-zero amplitudes= 4900
	nsamples per process= 50
	sample time= 0.36408209800720215
	self.n= 0.32850226114357817
	RGN updated loss=-11.979111184644434,dloss=-1.210212410285294e-07
step= 374

nparam= 1004
	dense amplitude time= 0.14989089965820312
	total non-zero amplitudes= 4900
	nsamples per process= 50
	sample time= 1.5407822132110596
	self.n= 0.3285022611435776
	collect g,h time= 3.3441288471221924
E=-11.979111184644433,dE=-1.2102123925217256e-07,std=0
L=-11.979111184644433,dL=-1.2102123925217256e-07,std=0
	gnorm= 3.998298971518702e-05
	symmetric= True
	solver time=0.006871938705444336,exit status=0
	SR solver time= 0.006916999816894531
	symmetric= False
	niter= 43
	niter= 369
	solver time=0.0972440242767334,exit status=0
	RGN solver time= 0.09729909896850586
	xnorm=5.772440289874807,dnorm=0.007831176606021558
	dense amplitude time= 0.019255638122558594
	total non-zero amplitudes= 4900
	nsamples per process= 50
	sample time= 0.34806346893310547
	self.n= 0.32889248114342395
	RGN updated loss=-11.97911131797886,dloss=-1.3333442794305483e-07
step= 375

nparam= 1004
	dense amplitude time= 0.09862732887268066
	total non-zero amplitudes= 4900
	nsamples per process= 50
	sample time= 1.5597918033599854
	self.n= 0.3288924811434236
	collect g,h time= 3.3224802017211914
E=-11.979111317978864,dE=-1.333344314957685e-07,std=0
L=-11.979111317978864,dL=-1.333344314957685e-07,std=0
	gnorm= 1.560657814154206e-05
	symmetric= True
	solver time=0.006308317184448242,exit status=0
	SR solver time= 0.0063588619232177734
	symmetric= False
	niter= 38
	solver time=0.1145930290222168,exit status=0
	RGN solver time= 0.11464238166809082
	xnorm=5.775081427037021,dnorm=0.00777743089797914
	niter= 405
	dense amplitude time= 0.028229475021362305
	total non-zero amplitudes= 4900
	nsamples per process= 50
	sample time= 0.35017871856689453
	self.n= 0.3292714568469117
	RGN updated loss=-11.979111440688753,dloss=-1.2270988847262743e-07
step= 376

nparam= 1004
	dense amplitude time= 0.15596938133239746
	total non-zero amplitudes= 4900
	nsamples per process= 50
	sample time= 1.551774263381958
	self.n= 0.3292714568469116
	collect g,h time= 3.3702328205108643
E=-11.979111440688753,dE=-1.2270988847262743e-07,std=0
L=-11.979111440688753,dL=-1.2270988847262743e-07,std=0
	gnorm= 4.412762863238981e-05
	symmetric= True
	solver time=0.018371105194091797,exit status=0
	SR solver time= 0.018418550491333008
	symmetric= False
	niter= 43
	niter= 374
	solver time=0.09998011589050293,exit status=0
	RGN solver time= 0.10003185272216797
	xnorm=5.777765997502499,dnorm=0.007937039925547631
	dense amplitude time= 0.020109891891479492
	total non-zero amplitudes= 4900
	nsamples per process= 50
	sample time= 0.36575770378112793
	self.n= 0.3296564646787564
	RGN updated loss=-11.979111562155195,dloss=-1.2146644223776093e-07
step= 377

nparam= 1004
	dense amplitude time= 0.11716628074645996
	total non-zero amplitudes= 4900
	nsamples per process= 50
	sample time= 1.526268482208252
	self.n= 0.32965646467875576
	collect g,h time= 3.3597209453582764
E=-11.979111562155197,dE=-1.2146644401411777e-07,std=0
L=-11.979111562155197,dL=-1.2146644401411777e-07,std=0
	gnorm= 3.3297989307650276e-05
	symmetric= True
	solver time=0.0066678524017333984,exit status=0
	SR solver time= 0.006716489791870117
	symmetric= False
	niter= 42
	solver time=0.10097312927246094,exit status=0
	RGN solver time= 0.10102224349975586
	xnorm=5.780426931902033,dnorm=0.007772852284384738
	niter= 374
	dense amplitude time= 0.02013874053955078
	total non-zero amplitudes= 4900
	nsamples per process= 50
	sample time= 0.36261439323425293
	self.n= 0.3300332853955552
	RGN updated loss=-11.979111690454678,dloss=-1.2829948126125146e-07
step= 378

nparam= 1004
	dense amplitude time= 0.15668463706970215
	total non-zero amplitudes= 4900
	nsamples per process= 50
	sample time= 1.5575718879699707
	self.n= 0.3300332853955553
	collect g,h time= 3.4409127235412598
E=-11.979111690454678,dE=-1.2829948126125146e-07,std=0
L=-11.979111690454678,dL=-1.2829948126125146e-07,std=0
	gnorm= 1.4375703432894221e-05
	symmetric= True
	solver time=0.006313800811767578,exit status=0
	SR solver time= 0.0063626766204833984
	symmetric= False
	niter= 37
	niter= 405
	solver time=0.10414838790893555,exit status=0
	RGN solver time= 0.10420846939086914
	xnorm=5.783064552867438,dnorm=0.007693559074350933
	dense amplitude time= 0.018904924392700195
	total non-zero amplitudes= 4900
	nsamples per process= 50
	sample time= 0.3557116985321045
	self.n= 0.33040565509497255
	RGN updated loss=-11.97911181482091,dloss=-1.2436623286760096e-07
step= 379

nparam= 1004
	dense amplitude time= 0.10752296447753906
	total non-zero amplitudes= 4900
	nsamples per process= 50
	sample time= 1.5492117404937744
	self.n= 0.3304056550949727
	collect g,h time= 3.3683836460113525
E=-11.979111814820913,dE=-1.243662346439578e-07,std=0
L=-11.979111814820913,dL=-1.243662346439578e-07,std=0
	gnorm= 1.4526453985372474e-05
	symmetric= True
	solver time=0.013621330261230469,exit status=0
	SR solver time= 0.013697147369384766
	symmetric= False
	niter= 37
	niter= 405
	solver time=0.11458683013916016,exit status=0
	RGN solver time= 0.11463546752929688
	xnorm=5.785653571601402,dnorm=0.007658957097051458
	dense amplitude time= 0.019641399383544922
	total non-zero amplitudes= 4900
	nsamples per process= 50
	sample time= 0.3644835948944092
	self.n= 0.33076754262499075
	RGN updated loss=-11.979111934979814,dloss=-1.201589014954152e-07
step= 380

nparam= 1004
	dense amplitude time= 0.1556715965270996
	total non-zero amplitudes= 4900
	nsamples per process= 50
	sample time= 1.5024068355560303
	self.n= 0.3307675426249904
	collect g,h time= 3.430917978286743
E=-11.97911193497981,dE=-1.2015889794270151e-07,std=0
L=-11.97911193497981,dL=-1.2015889794270151e-07,std=0
	gnorm= 1.4062795167865796e-05
	symmetric= True
	solver time=0.006026029586791992,exit status=0
	SR solver time= 0.006074190139770508
	symmetric= False
	niter= 37
	niter= 405
	solver time=0.18593978881835938,exit status=0
	RGN solver time= 0.18599271774291992
	xnorm=5.788285596288313,dnorm=0.007626774472326097
	dense amplitude time= 0.02074408531188965
	total non-zero amplitudes= 4900
	nsamples per process= 50
	sample time= 0.3632504940032959
	self.n= 0.3311300773711432
	RGN updated loss=-11.979112056592005,dloss=-1.2161219409279056e-07
step= 381

nparam= 1004
	dense amplitude time= 0.17397522926330566
	total non-zero amplitudes= 4900
	nsamples per process= 50
	sample time= 1.5440685749053955
	self.n= 0.33113007737114364
	collect g,h time= 3.370068311691284
E=-11.979112056592008,dE=-1.2161219764550424e-07,std=0
L=-11.979112056592008,dL=-1.2161219764550424e-07,std=0
	gnorm= 3.6652100825617916e-05
	symmetric= True
	solver time=0.00711369514465332,exit status=0
	SR solver time= 0.007161855697631836
	symmetric= False
	niter= 42
	niter= 365
	solver time=0.09500694274902344,exit status=0
	RGN solver time= 0.09505343437194824
	xnorm=5.790859820442704,dnorm=0.007603031118195115
	dense amplitude time= 0.020489215850830078
	total non-zero amplitudes= 4900
	nsamples per process= 50
	sample time= 0.3423497676849365
	self.n= 0.3314800530805971
	RGN updated loss=-11.97911217407285,dloss=-1.1748084105533962e-07
step= 382

nparam= 1004
	dense amplitude time= 0.1617887020111084
	total non-zero amplitudes= 4900
	nsamples per process= 50
	sample time= 1.5416812896728516
	self.n= 0.3314800530805971
	collect g,h time= 3.3807034492492676
E=-11.979112174072851,dE=-1.1748084283169646e-07,std=0
L=-11.979112174072851,dL=-1.1748084283169646e-07,std=0
	gnorm= 3.094029592938336e-05
	symmetric= True
	solver time=0.006337165832519531,exit status=0
	SR solver time= 0.0063784122467041016
	symmetric= False
	niter= 41
	niter= 374
	solver time=0.09597039222717285,exit status=0
	RGN solver time= 0.09601140022277832
	xnorm=5.793475405674001,dnorm=0.0075677586335786235
	dense amplitude time= 0.020048141479492188
	total non-zero amplitudes= 4900
	nsamples per process= 50
	sample time= 0.36377859115600586
	self.n= 0.3318347005016832
	RGN updated loss=-11.979112295226297,dloss=-1.2115344638630177e-07
step= 383

nparam= 1004
	dense amplitude time= 0.12169933319091797
	total non-zero amplitudes= 4900
	nsamples per process= 50
	sample time= 1.527280330657959
	self.n= 0.3318347005016832
	collect g,h time= 3.2949342727661133
E=-11.979112295226301,dE=-1.2115344993901545e-07,std=0
L=-11.979112295226301,dL=-1.2115344993901545e-07,std=0
	gnorm= 3.387532361124821e-05
	symmetric= True
	solver time=0.010482549667358398,exit status=0
	SR solver time= 0.010523796081542969
	symmetric= False
	niter= 42
	niter= 369
	solver time=0.21501421928405762,exit status=0
	RGN solver time= 0.21506357192993164
	xnorm=5.796028079572098,dnorm=0.007535642249820034
	dense amplitude time= 0.028140544891357422
	total non-zero amplitudes= 4900
	nsamples per process= 50
	sample time= 0.35584187507629395
	self.n= 0.33216596482190297
	RGN updated loss=-11.979112409898782,dloss=-1.1467248128838037e-07
step= 384

nparam= 1004
	dense amplitude time= 0.19517993927001953
	total non-zero amplitudes= 4900
	nsamples per process= 50
	sample time= 1.5476570129394531
	self.n= 0.33216596482190275
	collect g,h time= 3.335773468017578
E=-11.979112409898782,dE=-1.1467248128838037e-07,std=0
L=-11.979112409898782,dL=-1.1467248128838037e-07,std=0
	gnorm= 3.00542755535234e-05
	symmetric= True
	solver time=0.006933927536010742,exit status=0
	SR solver time= 0.0069789886474609375
	symmetric= False
	niter= 41
	niter= 374
	solver time=0.11312007904052734,exit status=0
	RGN solver time= 0.11316323280334473
	xnorm=5.798625297992704,dnorm=0.007504954641568431
	dense amplitude time= 0.01728081703186035
	total non-zero amplitudes= 4900
	nsamples per process= 50
	sample time= 0.3570280075073242
	self.n= 0.3325158069933324
	RGN updated loss=-11.979112528932239,dloss=-1.1903345686903322e-07
step= 385

nparam= 1004
	dense amplitude time= 0.16121459007263184
	total non-zero amplitudes= 4900
	nsamples per process= 50
	sample time= 1.5473203659057617
	self.n= 0.3325158069933326
	collect g,h time= 3.357342004776001
E=-11.97911252893224,dE=-1.1903345864539006e-07,std=0
L=-11.97911252893224,dL=-1.1903345864539006e-07,std=0
	gnorm= 3.603116024381992e-05
	symmetric= True
	solver time=0.0064737796783447266,exit status=0
	SR solver time= 0.006516933441162109
	symmetric= False
	niter= 42
	niter= 367
	solver time=0.09391546249389648,exit status=0
	RGN solver time= 0.09396576881408691
	xnorm=5.801151694121771,dnorm=0.007491327957757238
	dense amplitude time= 0.019796371459960938
	total non-zero amplitudes= 4900
	nsamples per process= 50
	sample time= 0.3572976589202881
	self.n= 0.3328359963070674
	RGN updated loss=-11.979112642030536,dloss=-1.1309829517358594e-07
step= 386

nparam= 1004
	dense amplitude time= 0.1516873836517334
	total non-zero amplitudes= 4900
	nsamples per process= 50
	sample time= 1.5175645351409912
	self.n= 0.3328359963070673
	collect g,h time= 3.4166805744171143
E=-11.979112642030536,dE=-1.1309829517358594e-07,std=0
L=-11.979112642030536,dL=-1.1309829517358594e-07,std=0
	gnorm= 3.3123021967528865e-05
	symmetric= True
	solver time=0.018432140350341797,exit status=0
	SR solver time= 0.018479585647583008
	symmetric= False
	niter= 43
	niter= 374
	solver time=0.10579514503479004,exit status=0
	RGN solver time= 0.10583853721618652
	xnorm=5.80372210946875,dnorm=0.007454312268436719
	dense amplitude time= 0.039670467376708984
	total non-zero amplitudes= 4900
	nsamples per process= 50
	sample time= 0.3487203121185303
	self.n= 0.33317342805161504
	RGN updated loss=-11.979112759033816,dloss=-1.1700327995356474e-07
step= 387

nparam= 1004
	dense amplitude time= 0.10899734497070312
	total non-zero amplitudes= 4900
	nsamples per process= 50
	sample time= 1.5348577499389648
	self.n= 0.3331734280516151
	collect g,h time= 3.4212491512298584
E=-11.979112759033816,dE=-1.1700327995356474e-07,std=0
L=-11.979112759033816,dL=-1.1700327995356474e-07,std=0
	gnorm= 3.2529390238586115e-05
	symmetric= True
	solver time=0.0066680908203125,exit status=0
	SR solver time= 0.006711483001708984
	symmetric= False
	niter= 43
	niter= 364
	solver time=0.11033248901367188,exit status=0
	RGN solver time= 0.11037850379943848
	xnorm=5.806225928078361,dnorm=0.007402980557738029
	dense amplitude time= 0.019036531448364258
	total non-zero amplitudes= 4900
	nsamples per process= 50
	sample time= 0.3552098274230957
	self.n= 0.33350138407237423
	RGN updated loss=-11.979112871957145,dloss=-1.1292332935397553e-07
step= 388

nparam= 1004
	dense amplitude time= 0.09724569320678711
	total non-zero amplitudes= 4900
	nsamples per process= 50
	sample time= 1.5550000667572021
	self.n= 0.33350138407237406
	collect g,h time= 3.405270576477051
E=-11.979112871957149,dE=-1.1292333290668921e-07,std=0
L=-11.979112871957149,dL=-1.1292333290668921e-07,std=0
	gnorm= 2.9587622541233516e-05
	symmetric= True
	solver time=0.0068323612213134766,exit status=0
	SR solver time= 0.006876230239868164
	symmetric= False
	niter= 40
	niter= 367
	solver time=0.10723614692687988,exit status=0
	RGN solver time= 0.1072838306427002
	xnorm=5.808731711460692,dnorm=0.007369096632599746
	dense amplitude time= 0.021593332290649414
	total non-zero amplitudes= 4900
	nsamples per process= 50
	sample time= 0.35791540145874023
	self.n= 0.33382879979464375
	RGN updated loss=-11.979112986921097,dloss=-1.14963947694946e-07
step= 389

nparam= 1004
	dense amplitude time= 0.07706260681152344
	total non-zero amplitudes= 4900
	nsamples per process= 50
	sample time= 1.5049593448638916
	self.n= 0.3338287997946439
	collect g,h time= 3.4551398754119873
E=-11.979112986921102,dE=-1.1496395302401652e-07,std=0
L=-11.979112986921102,dL=-1.1496395302401652e-07,std=0
	gnorm= 4.0368055908645095e-05
	symmetric= True
	solver time=0.018639564514160156,exit status=0
	SR solver time= 0.018697261810302734
	symmetric= False
	niter= 44
	niter= 347
	solver time=0.1203465461730957,exit status=0
	RGN solver time= 0.12038898468017578
	xnorm=5.811217475300499,dnorm=0.007338103230156268
	dense amplitude time= 0.020144224166870117
	total non-zero amplitudes= 4900
	nsamples per process= 50
	sample time= 0.35744762420654297
	self.n= 0.33413215628013426
	RGN updated loss=-11.979113095519315,dloss=-1.0859821308883966e-07
step= 390

nparam= 1004
	dense amplitude time= 0.09836530685424805
	total non-zero amplitudes= 4900
	nsamples per process= 50
	sample time= 1.548341989517212
	self.n= 0.3341321562801338
	collect g,h time= 3.4156954288482666
E=-11.979113095519311,dE=-1.0859820953612598e-07,std=0
L=-11.979113095519311,dL=-1.0859820953612598e-07,std=0
	gnorm= 3.511954772503937e-05
	symmetric= True
	solver time=0.006846904754638672,exit status=0
	SR solver time= 0.006891012191772461
	symmetric= False
	niter= 42
	niter= 347
	solver time=0.09292364120483398,exit status=0
	RGN solver time= 0.0929715633392334
	xnorm=5.813698676350982,dnorm=0.007292768791309576
	dense amplitude time= 0.018365144729614258
	total non-zero amplitudes= 4900
	nsamples per process= 50
	sample time= 0.35449695587158203
	self.n= 0.3344486369364167
	RGN updated loss=-11.9791132081777,dloss=-1.1265838928409266e-07
step= 391

nparam= 1004
	dense amplitude time= 0.051027536392211914
	total non-zero amplitudes= 4900
	nsamples per process= 50
	sample time= 1.5297327041625977
	self.n= 0.3344486369364168
	collect g,h time= 3.3848390579223633
E=-11.979113208177699,dE=-1.1265838750773582e-07,std=0
L=-11.979113208177699,dL=-1.1265838750773582e-07,std=0
	gnorm= 3.2111767393286873e-05
	symmetric= True
	niter= 40
	solver time=0.03602147102355957,exit status=0
	SR solver time= 0.03608512878417969
	symmetric= False
	niter= 353
	solver time=0.10771536827087402,exit status=0
	RGN solver time= 0.10776281356811523
	xnorm=5.8161610620706234,dnorm=0.007253189026760272
	dense amplitude time= 0.018227100372314453
	total non-zero amplitudes= 4900
	nsamples per process= 50
	sample time= 0.3677363395690918
	self.n= 0.33475624833012596
	RGN updated loss=-11.97911331665744,dloss=-1.084797407457927e-07
step= 392

nparam= 1004
	dense amplitude time= 0.10043692588806152
	total non-zero amplitudes= 4900
	nsamples per process= 50
	sample time= 1.542715311050415
	self.n= 0.3347562483301258
	collect g,h time= 3.4473326206207275
E=-11.979113316657438,dE=-1.0847973896943586e-07,std=0
L=-11.979113316657438,dL=-1.0847973896943586e-07,std=0
	gnorm= 3.135414769924675e-05
	symmetric= True
	solver time=0.00668644905090332,exit status=0
	SR solver time= 0.0067327022552490234
	symmetric= False
	niter= 43
	niter= 361
	solver time=0.10529327392578125,exit status=0
	RGN solver time= 0.10533761978149414
	xnorm=5.818612672058493,dnorm=0.007217295914892553
	dense amplitude time= 0.018671274185180664
	total non-zero amplitudes= 4900
	nsamples per process= 50
	sample time= 0.36452484130859375
	self.n= 0.33505672058460256
	RGN updated loss=-11.979113424456841,dloss=-1.0779940318172976e-07
step= 393

nparam= 1004
	dense amplitude time= 0.1052699089050293
	total non-zero amplitudes= 4900
	nsamples per process= 50
	sample time= 1.5428016185760498
	self.n= 0.3350567205846028
	collect g,h time= 3.3909752368927
E=-11.979113424456838,dE=-1.0779939962901608e-07,std=0
L=-11.979113424456838,dL=-1.0779939962901608e-07,std=0
	gnorm= 3.2595358125582224e-05
	symmetric= True
	solver time=0.015961647033691406,exit status=0
	SR solver time= 0.016013383865356445
	symmetric= False
	niter= 43
	niter= 352
	solver time=0.1069037914276123,exit status=0
	RGN solver time= 0.10695242881774902
	xnorm=5.821053711646807,dnorm=0.007186222695068916
	dense amplitude time= 0.019666671752929688
	total non-zero amplitudes= 4900
	nsamples per process= 50
	sample time= 0.3556666374206543
	self.n= 0.33535787564746
	RGN updated loss=-11.97911353186863,dloss=-1.0741179323758843e-07
step= 394

nparam= 1004
	dense amplitude time= 0.03650975227355957
	total non-zero amplitudes= 4900
	nsamples per process= 50
	sample time= 1.5531013011932373
	self.n= 0.3353578756474599
	collect g,h time= 3.4819557666778564
E=-11.979113531868627,dE=-1.0741178968487475e-07,std=0
L=-11.979113531868627,dL=-1.0741178968487475e-07,std=0
	gnorm= 3.0870578701195824e-05
	symmetric= True
	solver time=0.016469717025756836,exit status=0
	SR solver time= 0.01653122901916504
	symmetric= False
	niter= 43
	niter= 357
	solver time=0.09361624717712402,exit status=0
	RGN solver time= 0.09369087219238281
	xnorm=5.823476852780818,dnorm=0.007144645269294114
	dense amplitude time= 0.01859569549560547
	total non-zero amplitudes= 4900
	nsamples per process= 50
	sample time= 0.3560822010040283
	self.n= 0.33565012612469847
	RGN updated loss=-11.97911363610621,dloss=-1.0423758212141365e-07
step= 395

nparam= 1004
	dense amplitude time= 0.041219472885131836
	total non-zero amplitudes= 4900
	nsamples per process= 50
	sample time= 1.5504918098449707
	self.n= 0.3356501261246987
	collect g,h time= 3.476207971572876
E=-11.979113636106204,dE=-1.0423757679234313e-07,std=0
L=-11.979113636106204,dL=-1.0423757679234313e-07,std=0
	gnorm= 4.778478925849942e-05
	symmetric= True
	solver time=0.01833939552307129,exit status=0
	SR solver time= 0.01838970184326172
	symmetric= False
	niter= 46
	niter= 351
	solver time=0.10314702987670898,exit status=0
	RGN solver time= 0.10321044921875
	xnorm=5.825890709102289,dnorm=0.007183811599672871
	dense amplitude time= 0.019154787063598633
	total non-zero amplitudes= 4900
	nsamples per process= 50
	sample time= 0.35437870025634766
	self.n= 0.33593863030987636
	RGN updated loss=-11.979113738026522,dloss=-1.0192031751898867e-07
step= 396

nparam= 1004
	dense amplitude time= 0.07198357582092285
	total non-zero amplitudes= 4900
	nsamples per process= 50
	sample time= 1.5175588130950928
	self.n= 0.3359386303098758
	collect g,h time= 3.5362067222595215
E=-11.979113738026522,dE=-1.0192031751898867e-07,std=0
L=-11.979113738026522,dL=-1.0192031751898867e-07,std=0
	gnorm= 5.13845741296844e-05
	symmetric= True
	solver time=0.006747245788574219,exit status=0
	SR solver time= 0.006788730621337891
	symmetric= False
	niter= 46
	niter= 346
	solver time=0.0962822437286377,exit status=0
	RGN solver time= 0.09633040428161621
	xnorm=5.8283164884181895,dnorm=0.007130389733493372
	dense amplitude time= 0.018382787704467773
	total non-zero amplitudes= 4900
	nsamples per process= 50
	sample time= 0.35212039947509766
	self.n= 0.336224323597475
	RGN updated loss=-11.979113844093957,dloss=-1.0606743572338928e-07
step= 397

nparam= 1004
	dense amplitude time= 0.06186676025390625
	total non-zero amplitudes= 4900
	nsamples per process= 50
	sample time= 1.5300674438476562
	self.n= 0.3362243235974751
	collect g,h time= 3.4363019466400146
E=-11.97911384409396,dE=-1.0606743927610296e-07,std=0
L=-11.97911384409396,dL=-1.0606743927610296e-07,std=0
	gnorm= 5.448817274949123e-05
	symmetric= True
	solver time=0.027080297470092773,exit status=0
	SR solver time= 0.027132511138916016
	symmetric= False
	niter= 46
	niter= 343
	solver time=0.08980727195739746,exit status=0
	RGN solver time= 0.08985424041748047
	xnorm=5.8306982720787275,dnorm=0.007115827294486519
	dense amplitude time= 0.039374351501464844
	total non-zero amplitudes= 4900
	nsamples per process= 50
	sample time= 0.35317492485046387
	self.n= 0.3365008023863749
	RGN updated loss=-11.979113943952768,dloss=-9.985880744523001e-08
step= 398

nparam= 1004
	dense amplitude time= 0.038939476013183594
	total non-zero amplitudes= 4900
	nsamples per process= 50
	sample time= 1.4890644550323486
	self.n= 0.3365008023863749
	collect g,h time= 3.389374017715454
E=-11.979113943952768,dE=-9.985880744523001e-08,std=0
L=-11.979113943952768,dL=-9.985880744523001e-08,std=0
	gnorm= 3.7437008832352155e-05
	symmetric= True
	solver time=0.007264137268066406,exit status=0
	SR solver time= 0.007306575775146484
	symmetric= False
	niter= 45
	niter= 354
	solver time=0.09087944030761719,exit status=0
	RGN solver time= 0.0909268856048584
	xnorm=5.833093055073947,dnorm=0.00702273857503995
	dense amplitude time= 0.027938365936279297
	total non-zero amplitudes= 4900
	nsamples per process= 50
	sample time= 0.35459303855895996
	self.n= 0.33678151285242175
	RGN updated loss=-11.979114048973166,dloss=-1.0502039771154159e-07
step= 399

nparam= 1004
	dense amplitude time= 0.023871898651123047
	total non-zero amplitudes= 4900
	nsamples per process= 50
	sample time= 1.4922735691070557
	self.n= 0.33678151285242186
	collect g,h time= 3.4099459648132324
E=-11.979114048973166,dE=-1.0502039771154159e-07,std=0
L=-11.979114048973166,dL=-1.0502039771154159e-07,std=0
	gnorm= 3.419154525161643e-05
	symmetric= True
	solver time=0.006458282470703125,exit status=0
	SR solver time= 0.0065004825592041016
	symmetric= False
	niter= 43
	niter= 364
	solver time=0.0971531867980957,exit status=0
	RGN solver time= 0.0971994400024414
	xnorm=5.835443908174527,dnorm=0.007039071565450526
	dense amplitude time= 0.03978872299194336
	total non-zero amplitudes= 4900
	nsamples per process= 50
	sample time= 0.365384578704834
	self.n= 0.3370627115060064
	RGN updated loss=-11.979114150510835,dloss=-1.0153766893949978e-07
step= 400

nparam= 1004
	dense amplitude time= 0.03768038749694824
	total non-zero amplitudes= 4900
	nsamples per process= 50
	sample time= 1.52048659324646
	self.n= 0.33706271150600603
	collect g,h time= 3.437406063079834
E=-11.979114150510835,dE=-1.0153766893949978e-07,std=0
L=-11.979114150510835,dL=-1.0153766893949978e-07,std=0
	gnorm= 4.649770217236873e-05
	symmetric= True
	solver time=0.007500410079956055,exit status=0
	SR solver time= 0.007549285888671875
	symmetric= False
	niter= 45
	niter= 346
	solver time=0.09319925308227539,exit status=0
	RGN solver time= 0.0932469367980957
	xnorm=5.837797256655302,dnorm=0.006959999560976402
	dense amplitude time= 0.017976760864257812
	total non-zero amplitudes= 4900
	nsamples per process= 50
	sample time= 0.3553009033203125
	self.n= 0.33732526815849506
	RGN updated loss=-11.979114247866733,dloss=-9.735589756587615e-08
step= 401

nparam= 1004
	dense amplitude time= 0.03326225280761719
	total non-zero amplitudes= 4900
	nsamples per process= 50
	sample time= 1.5297458171844482
	self.n= 0.33732526815849506
	collect g,h time= 3.2753148078918457
E=-11.97911424786673,dE=-9.735589578951931e-08,std=0
L=-11.97911424786673,dL=-9.735589578951931e-08,std=0
	gnorm= 4.590146191359589e-05
	symmetric= True
	solver time=0.007046699523925781,exit status=0
	SR solver time= 0.007086515426635742
	symmetric= False
	niter= 45
	niter= 343
	solver time=0.08670210838317871,exit status=0
	RGN solver time= 0.0867466926574707
	xnorm=5.840121610326029,dnorm=0.006956173785568366
	dense amplitude time= 0.017736196517944336
	total non-zero amplitudes= 4900
	nsamples per process= 50
	sample time= 0.3539860248565674
	self.n= 0.33759753786221675
	RGN updated loss=-11.979114346972338,dloss=-9.910560727632856e-08
step= 402

nparam= 1004
	dense amplitude time= 0.022047042846679688
	total non-zero amplitudes= 4900
	nsamples per process= 50
	sample time= 1.4904794692993164
	self.n= 0.33759753786221686
	collect g,h time= 3.198007345199585
E=-11.979114346972336,dE=-9.910560549997172e-08,std=0
L=-11.979114346972336,dL=-9.910560549997172e-08,std=0
	gnorm= 3.206425897354583e-05
	symmetric= True
	solver time=0.006836652755737305,exit status=0
	SR solver time= 0.0068738460540771484
	symmetric= False
	niter= 44
	niter= 361
	solver time=0.14208555221557617,exit status=0
	RGN solver time= 0.14212274551391602
	xnorm=5.842443263691763,dnorm=0.006863214071465226
	dense amplitude time= 0.016991853713989258
	total non-zero amplitudes= 4900
	nsamples per process= 50
	sample time= 0.35750818252563477
	self.n= 0.3378548060059644
	RGN updated loss=-11.97911444510643,dloss=-9.813409462822165e-08
step= 403

nparam= 1004
	dense amplitude time= 0.029063701629638672
	total non-zero amplitudes= 4900
	nsamples per process= 50
	sample time= 1.4834535121917725
	self.n= 0.3378548060059644
	collect g,h time= 3.446521043777466
E=-11.979114445106429,dE=-9.813409285186481e-08,std=0
L=-11.979114445106429,dL=-9.813409285186481e-08,std=0
	gnorm= 3.222779570084288e-05
	symmetric= True
	niter= 43
	solver time=0.01373600959777832,exit status=0
	SR solver time= 0.013785839080810547
	symmetric= False
	niter= 350
	solver time=0.09517288208007812,exit status=0
	RGN solver time= 0.09522080421447754
	xnorm=5.84473680102502,dnorm=0.006821074224472553
	dense amplitude time= 0.029608488082885742
	total non-zero amplitudes= 4900
	nsamples per process= 50
	sample time= 0.34914731979370117
	self.n= 0.33811442257012647
	RGN updated loss=-11.979114541704877,dloss=-9.659844835141485e-08
step= 404

nparam= 1004
	dense amplitude time= 0.0664970874786377
	total non-zero amplitudes= 4900
	nsamples per process= 50
	sample time= 1.485670804977417
	self.n= 0.3381144225701267
	collect g,h time= 3.3307318687438965
E=-11.979114541704876,dE=-9.6598446575058e-08,std=0
L=-11.979114541704876,dL=-9.6598446575058e-08,std=0
	gnorm= 4.65515125977634e-05
	symmetric= True
	solver time=0.007395505905151367,exit status=0
	SR solver time= 0.007440090179443359
	symmetric= False
	niter= 44
	niter= 351
	solver time=0.08668851852416992,exit status=0
	RGN solver time= 0.0867302417755127
	xnorm=5.847018557497544,dnorm=0.006866064031225638
	dense amplitude time= 0.017592906951904297
	total non-zero amplitudes= 4900
	nsamples per process= 50
	sample time= 0.35291361808776855
	self.n= 0.3383777203784877
	RGN updated loss=-11.97911463426747,dloss=-9.25625940340069e-08
step= 405

nparam= 1004
	dense amplitude time= 0.032449960708618164
	total non-zero amplitudes= 4900
	nsamples per process= 50
	sample time= 1.4811482429504395
	self.n= 0.3383777203784876
	collect g,h time= 3.39207124710083
E=-11.97911463426747,dE=-9.25625940340069e-08,std=0
L=-11.97911463426747,dL=-9.25625940340069e-08,std=0
	gnorm= 4.556698169522655e-05
	symmetric= True
	solver time=0.00608062744140625,exit status=0
	SR solver time= 0.006125211715698242
	symmetric= False
	niter= 44
	niter= 343
	solver time=0.08919453620910645,exit status=0
	RGN solver time= 0.08923983573913574
	xnorm=5.849283623443406,dnorm=0.006772425541466683
	dense amplitude time= 0.019787311553955078
	total non-zero amplitudes= 4900
	nsamples per process= 50
	sample time= 0.351743221282959
	self.n= 0.338636276053074
	RGN updated loss=-11.979114731905609,dloss=-9.763813935137478e-08
step= 406

nparam= 1004
	dense amplitude time= 0.03326129913330078
	total non-zero amplitudes= 4900
	nsamples per process= 50
	sample time= 1.4738683700561523
	self.n= 0.33863627605307345
	collect g,h time= 3.3180058002471924
E=-11.979114731905609,dE=-9.763813935137478e-08,std=0
L=-11.979114731905609,dL=-9.763813935137478e-08,std=0
	gnorm= 3.247607372190848e-05
	symmetric= True
	solver time=0.018365144729614258,exit status=0
	SR solver time= 0.018445968627929688
	symmetric= False
	niter= 44
	niter= 363
	solver time=0.10119509696960449,exit status=0
	RGN solver time= 0.10124015808105469
	xnorm=5.851526629300243,dnorm=0.006764415638587054
	dense amplitude time= 0.018688678741455078
	total non-zero amplitudes= 4900
	nsamples per process= 50
	sample time= 0.3488185405731201
	self.n= 0.33888855124075595
	RGN updated loss=-11.979114824212006,dloss=-9.230639719248757e-08
step= 407

nparam= 1004
	dense amplitude time= 0.04776906967163086
	total non-zero amplitudes= 4900
	nsamples per process= 50
	sample time= 1.483464002609253
	self.n= 0.3388885512407561
	collect g,h time= 3.3473541736602783
E=-11.979114824212006,dE=-9.230639719248757e-08,std=0
L=-11.979114824212006,dL=-9.230639719248757e-08,std=0
	gnorm= 3.787779829986786e-05
	symmetric= True
	solver time=0.0068225860595703125,exit status=0
	SR solver time= 0.006865978240966797
	symmetric= False
	niter= 44
	niter= 360
	solver time=0.1408555507659912,exit status=0
	RGN solver time= 0.14089751243591309
	xnorm=5.85376595410928,dnorm=0.006727709971815124
	dense amplitude time= 0.022753000259399414
	total non-zero amplitudes= 4900
	nsamples per process= 50
	sample time= 0.35027527809143066
	self.n= 0.33913277950371346
	RGN updated loss=-11.979114914959247,dloss=-9.07472408329113e-08
step= 408

nparam= 1004
	dense amplitude time= 0.033826351165771484
	total non-zero amplitudes= 4900
	nsamples per process= 50
	sample time= 1.4717481136322021
	self.n= 0.33913277950371346
	collect g,h time= 3.3285887241363525
E=-11.97911491495925,dE=-9.074724438562498e-08,std=0
L=-11.97911491495925,dL=-9.074724438562498e-08,std=0
	gnorm= 3.3804180375681734e-05
	symmetric= True
	solver time=0.007056236267089844,exit status=0
	SR solver time= 0.0070934295654296875
	symmetric= False
	niter= 44
	niter= 353
	solver time=0.11009597778320312,exit status=0
	RGN solver time= 0.1101369857788086
	xnorm=5.855983616750898,dnorm=0.006654308541296692
	dense amplitude time= 0.027422189712524414
	total non-zero amplitudes= 4900
	nsamples per process= 50
	sample time= 0.3481414318084717
	self.n= 0.33937153700746325
	RGN updated loss=-11.979115008184104,dloss=-9.322485361451527e-08
step= 409

nparam= 1004
	dense amplitude time= 0.17123126983642578
	total non-zero amplitudes= 4900
	nsamples per process= 50
	sample time= 1.4893808364868164
	self.n= 0.3393715370074635
	collect g,h time= 3.2107205390930176
E=-11.979115008184106,dE=-9.322485539087211e-08,std=0
L=-11.979115008184106,dL=-9.322485539087211e-08,std=0
	gnorm= 3.2868908266544336e-05
	symmetric= True
	solver time=0.023818016052246094,exit status=0
	SR solver time= 0.02387380599975586
	symmetric= False
	niter= 44
	niter= 357
	solver time=0.08837747573852539,exit status=0
	RGN solver time= 0.0884246826171875
	xnorm=5.858197059621483,dnorm=0.0066608726385236315
	dense amplitude time= 0.017008543014526367
	total non-zero amplitudes= 4900
	nsamples per process= 50
	sample time= 0.34900975227355957
	self.n= 0.33961426099446895
	RGN updated loss=-11.97911509727818,dloss=-8.909407434032346e-08
step= 410

nparam= 1004
	dense amplitude time= 0.10175681114196777
	total non-zero amplitudes= 4900
	nsamples per process= 50
	sample time= 1.4793965816497803
	self.n= 0.339614260994469
	collect g,h time= 3.3173677921295166
E=-11.979115097278179,dE=-8.909407256396662e-08,std=0
L=-11.979115097278179,dL=-8.909407256396662e-08,std=0
	gnorm= 4.513216520748945e-05
	symmetric= True
	solver time=0.009356260299682617,exit status=0
	SR solver time= 0.009395599365234375
	symmetric= False
	niter= 45
	niter= 343
	solver time=0.09904122352600098,exit status=0
	RGN solver time= 0.09908580780029297
	xnorm=5.860390407849944,dnorm=0.006611980071188107
	dense amplitude time= 0.029665231704711914
	total non-zero amplitudes= 4900
	nsamples per process= 50
	sample time= 0.3518836498260498
	self.n= 0.33984018198953436
	RGN updated loss=-11.979115184202604,dloss=-8.692442499125264e-08
step= 411

nparam= 1004
	dense amplitude time= 0.04546761512756348
	total non-zero amplitudes= 4900
	nsamples per process= 50
	sample time= 1.4765727519989014
	self.n= 0.33984018198953453
	collect g,h time= 3.4225263595581055
E=-11.979115184202604,dE=-8.692442499125264e-08,std=0
L=-11.979115184202604,dL=-8.692442499125264e-08,std=0
	gnorm= 4.4555433535252846e-05
	symmetric= True
	solver time=0.0070078372955322266,exit status=0
	SR solver time= 0.0070722103118896484
	symmetric= False
	niter= 45
	niter= 343
	solver time=0.0876615047454834,exit status=0
	RGN solver time= 0.08771133422851562
	xnorm=5.862571450969179,dnorm=0.006545915505190962
	dense amplitude time= 0.018759489059448242
	total non-zero amplitudes= 4900
	nsamples per process= 50
	sample time= 0.3569481372833252
	self.n= 0.34007117573676837
	RGN updated loss=-11.979115274334974,dloss=-9.013237090016446e-08
step= 412

nparam= 1004
	dense amplitude time= 0.028918981552124023
	total non-zero amplitudes= 4900
	nsamples per process= 50
	sample time= 1.4877958297729492
	self.n= 0.3400711757367679
	collect g,h time= 3.2976701259613037
E=-11.979115274334971,dE=-9.013236734745078e-08,std=0
L=-11.979115274334971,dL=-9.013236734745078e-08,std=0
	gnorm= 3.0388219558895466e-05
	symmetric= True
	solver time=0.01612234115600586,exit status=0
	SR solver time= 0.016173601150512695
	symmetric= False
	niter= 44
	niter= 348
	solver time=0.09633922576904297,exit status=0
	RGN solver time= 0.09638404846191406
	xnorm=5.864737316166443,dnorm=0.00649153028814872
	dense amplitude time= 0.028918743133544922
	total non-zero amplitudes= 4900
	nsamples per process= 50
	sample time= 0.3519020080566406
	self.n= 0.34029113190442384
	RGN updated loss=-11.97911536101643,dloss=-8.668145845547315e-08
step= 413

nparam= 1004
	dense amplitude time= 0.0918416976928711
	total non-zero amplitudes= 4900
	nsamples per process= 50
	sample time= 1.4856758117675781
	self.n= 0.3402911319044234
	collect g,h time= 3.3476178646087646
E=-11.97911536101643,dE=-8.668145845547315e-08,std=0
L=-11.97911536101643,dL=-8.668145845547315e-08,std=0
	gnorm= 0.00012548102450282315
	symmetric= True
	solver time=0.006838321685791016,exit status=0
	SR solver time= 0.006887674331665039
	symmetric= False
	niter= 47
	niter= 310
	solver time=0.09266138076782227,exit status=0
	RGN solver time= 0.09270524978637695
	xnorm=5.866895057209007,dnorm=0.006525260856844571
	dense amplitude time= 0.029179811477661133
	total non-zero amplitudes= 4900
	nsamples per process= 50
	sample time= 0.35086965560913086
	self.n= 0.34050588255450887
	RGN updated loss=-11.979115440046153,dloss=-7.902972321005564e-08
step= 414

nparam= 1004
	dense amplitude time= 0.062126874923706055
	total non-zero amplitudes= 4900
	nsamples per process= 50
	sample time= 1.4969861507415771
	self.n= 0.3405058825545083
	collect g,h time= 3.332819938659668
E=-11.979115440046156,dE=-7.902972676276931e-08,std=0
L=-11.979115440046156,dL=-7.902972676276931e-08,std=0
	gnorm= 8.963568106655192e-05
	symmetric= True
	solver time=0.007460594177246094,exit status=0
	SR solver time= 0.007511138916015625
	niter= 47
	symmetric= False
	solver time=0.08116412162780762,exit status=0
	RGN solver time= 0.08122777938842773
	xnorm=5.869027450749922,dnorm=0.006435478881228102
	niter= 312
	dense amplitude time= 0.01989126205444336
	total non-zero amplitudes= 4900
	nsamples per process= 50
	sample time= 0.3524901866912842
	self.n= 0.34071853081426845
	RGN updated loss=-11.979115532248434,dloss=-9.220227781270296e-08
step= 415

nparam= 1004
	dense amplitude time= 0.09690999984741211
	total non-zero amplitudes= 4900
	nsamples per process= 50
	sample time= 1.4801225662231445
	self.n= 0.3407185308142684
	collect g,h time= 3.322991371154785
E=-11.97911553224843,dE=-9.220227425998928e-08,std=0
L=-11.97911553224843,dL=-9.220227425998928e-08,std=0
	gnorm= 0.00011574038316374796
	symmetric= True
	solver time=0.007142782211303711,exit status=0
	SR solver time= 0.007197856903076172
	symmetric= False
	niter= 47
	niter= 304
	solver time=0.07903814315795898,exit status=0
	RGN solver time= 0.07908344268798828
	xnorm=5.871159759537576,dnorm=0.006424729869154925
	dense amplitude time= 0.01772308349609375
	total non-zero amplitudes= 4900
	nsamples per process= 50
	sample time= 0.3524010181427002
	self.n= 0.3409314843733162
	RGN updated loss=-11.979115611262761,dloss=-7.901433107804223e-08
step= 416

nparam= 1004
	dense amplitude time= 0.13107967376708984
	total non-zero amplitudes= 4900
	nsamples per process= 50
	sample time= 1.4980909824371338
	self.n= 0.3409314843733158
	collect g,h time= 3.3366994857788086
E=-11.979115611262761,dE=-7.901433107804223e-08,std=0
L=-11.979115611262761,dL=-7.901433107804223e-08,std=0
	gnorm= 8.942352934192643e-05
	symmetric= True
	solver time=0.01928877830505371,exit status=0
	SR solver time= 0.01934027671813965
	symmetric= False
	niter= 46
	niter= 312
	solver time=0.0989534854888916,exit status=0
	RGN solver time= 0.09899687767028809
	xnorm=5.873261764102876,dnorm=0.006376616670283494
	dense amplitude time= 0.039721012115478516
	total non-zero amplitudes= 4900
	nsamples per process= 50
	sample time= 0.3510472774505615
	self.n= 0.34113315710250647
	RGN updated loss=-11.979115696754814,dloss=-8.549205254837489e-08
step= 417

nparam= 1004
	dense amplitude time= 0.03238511085510254
	total non-zero amplitudes= 4900
	nsamples per process= 50
	sample time= 1.514193058013916
	self.n= 0.3411331571025064
	collect g,h time= 3.2664735317230225
E=-11.979115696754816,dE=-8.549205432473173e-08,std=0
L=-11.979115696754816,dL=-8.549205432473173e-08,std=0
	gnorm= 0.00011718984520033171
	symmetric= True
	solver time=0.008386850357055664,exit status=0
	SR solver time= 0.008437633514404297
	symmetric= False
	niter= 47
	niter= 308
	solver time=0.07720279693603516,exit status=0
	RGN solver time= 0.07724237442016602
	xnorm=5.8753644057364385,dnorm=0.006364966653394317
	dense amplitude time= 0.026973485946655273
	total non-zero amplitudes= 4900
	nsamples per process= 50
	sample time= 0.35540103912353516
	self.n= 0.3413379674908001
	RGN updated loss=-11.979115775530113,dloss=-7.877529739630518e-08
step= 418

nparam= 1004
	dense amplitude time= 0.09463882446289062
	total non-zero amplitudes= 4900
	nsamples per process= 50
	sample time= 1.4935073852539062
	self.n= 0.3413379674908002
	collect g,h time= 3.2755393981933594
E=-11.979115775530115,dE=-7.877529917266202e-08,std=0
L=-11.979115775530115,dL=-7.877529917266202e-08,std=0
	gnorm= 8.441126749871951e-05
	symmetric= True
	solver time=0.011142969131469727,exit status=0
	SR solver time= 0.011183738708496094
	symmetric= False
	niter= 47
	niter= 312
	solver time=0.08671879768371582,exit status=0
	RGN solver time= 0.08675932884216309
	xnorm=5.877441969066112,dnorm=0.006282290749331295
	dense amplitude time= 0.018696308135986328
	total non-zero amplitudes= 4900
	nsamples per process= 50
	sample time= 0.3567042350769043
	self.n= 0.34153432917884863
	RGN updated loss=-11.979115862072012,dloss=-8.654189720402883e-08
step= 419

nparam= 1004
	dense amplitude time= 0.03264260292053223
	total non-zero amplitudes= 4900
	nsamples per process= 50
	sample time= 1.5113823413848877
	self.n= 0.34153432917884796
	collect g,h time= 3.3245034217834473
E=-11.97911586207201,dE=-8.654189542767199e-08,std=0
L=-11.97911586207201,dL=-8.654189542767199e-08,std=0
	gnorm= 5.497665788388182e-05
	symmetric= True
	solver time=0.031022310256958008,exit status=0
	SR solver time= 0.031079769134521484
	symmetric= False
	niter= 46
	niter= 342
	solver time=0.08849501609802246,exit status=0
	RGN solver time= 0.08854126930236816
	xnorm=5.879519637452075,dnorm=0.006294340849520398
	dense amplitude time= 0.018484830856323242
	total non-zero amplitudes= 4900
	nsamples per process= 50
	sample time= 0.35446929931640625
	self.n= 0.3417253605288137
	RGN updated loss=-11.979115937774692,dloss=-7.570268145684622e-08
step= 420

nparam= 1004
	dense amplitude time= 0.1638500690460205
	total non-zero amplitudes= 4900
	nsamples per process= 50
	sample time= 1.5097339153289795
	self.n= 0.34172536052881364
	collect g,h time= 3.3109307289123535
E=-11.979115937774697,dE=-7.570268678591674e-08,std=0
L=-11.979115937774697,dL=-7.570268678591674e-08,std=0
	gnorm= 0.00011529009064068494
	symmetric= True
	solver time=0.012032508850097656,exit status=0
	SR solver time= 0.012080192565917969
	symmetric= False
	niter= 47
	niter= 310
	solver time=0.10769295692443848,exit status=0
	RGN solver time= 0.10773134231567383
	xnorm=5.881593275331649,dnorm=0.006267463012294547
	dense amplitude time= 0.04653668403625488
	total non-zero amplitudes= 4900
	nsamples per process= 50
	sample time= 0.3555459976196289
	self.n= 0.34191140236240913
	RGN updated loss=-11.9791160155709,dloss=-7.779620325720771e-08
step= 421

nparam= 1004
	dense amplitude time= 0.08800935745239258
	total non-zero amplitudes= 4900
	nsamples per process= 50
	sample time= 1.4972968101501465
	self.n= 0.3419114023624092
	collect g,h time= 3.3295247554779053
E=-11.979116015570899,dE=-7.779620148085087e-08,std=0
L=-11.979116015570899,dL=-7.779620148085087e-08,std=0
	gnorm= 8.425746308953135e-05
	symmetric= True
	solver time=0.007315635681152344,exit status=0
	SR solver time= 0.0073604583740234375
	symmetric= False
	niter= 47
	niter= 312
	solver time=0.08069658279418945,exit status=0
	RGN solver time= 0.08073997497558594
	xnorm=5.883632620426205,dnorm=0.006182741267979911
	dense amplitude time= 0.01917266845703125
	total non-zero amplitudes= 4900
	nsamples per process= 50
	sample time= 0.3522613048553467
	self.n= 0.34209904952804066
	RGN updated loss=-11.979116099444465,dloss=-8.387356587036265e-08
step= 422

nparam= 1004
	dense amplitude time= 0.10845637321472168
	total non-zero amplitudes= 4900
	nsamples per process= 50
	sample time= 1.5137724876403809
	self.n= 0.34209904952804027
	collect g,h time= 3.3408846855163574
E=-11.979116099444463,dE=-8.387356409400581e-08,std=0
L=-11.979116099444463,dL=-8.387356409400581e-08,std=0
	gnorm= 5.4804057670668025e-05
	symmetric= True
	solver time=0.007395744323730469,exit status=0
	SR solver time= 0.007439136505126953
	symmetric= False
	niter= 46
	niter= 339
	solver time=0.09173941612243652,exit status=0
	RGN solver time= 0.09179067611694336
	xnorm=5.885661685815211,dnorm=0.006186014680226399
	dense amplitude time= 0.02285027503967285
	total non-zero amplitudes= 4900
	nsamples per process= 50
	sample time= 0.3568096160888672
	self.n= 0.34227332880463324
	RGN updated loss=-11.979116172435319,dloss=-7.299085602596733e-08
step= 423

nparam= 1004
	dense amplitude time= 0.07944917678833008
	total non-zero amplitudes= 4900
	nsamples per process= 50
	sample time= 1.493307113647461
	self.n= 0.34227332880463324
	collect g,h time= 3.2991511821746826
E=-11.979116172435322,dE=-7.299085957868101e-08,std=0
L=-11.979116172435322,dL=-7.299085957868101e-08,std=0
	gnorm= 0.00011487822876361231
	symmetric= True
	solver time=0.007489681243896484,exit status=0
	SR solver time= 0.007530927658081055
	symmetric= False
	niter= 47
	niter= 311
	solver time=0.07690262794494629,exit status=0
	RGN solver time= 0.07694315910339355
	xnorm=5.887697483904528,dnorm=0.006164575879633135
	dense amplitude time= 0.01789402961730957
	total non-zero amplitudes= 4900
	nsamples per process= 50
	sample time= 0.35739779472351074
	self.n= 0.34245932587902894
	RGN updated loss=-11.979116248999375,dloss=-7.656405287548296e-08
step= 424

nparam= 1004
	dense amplitude time= 0.1251835823059082
	total non-zero amplitudes= 4900
	nsamples per process= 50
	sample time= 1.488558053970337
	self.n= 0.34245932587902905
	collect g,h time= 3.3277480602264404
E=-11.979116248999377,dE=-7.65640546518398e-08,std=0
L=-11.979116248999377,dL=-7.65640546518398e-08,std=0
	gnorm= 8.640288631705771e-05
	symmetric= True
	solver time=0.007560253143310547,exit status=0
	SR solver time= 0.007603645324707031
	symmetric= False
	niter= 46
	niter= 312
	solver time=0.09417343139648438,exit status=0
	RGN solver time= 0.0942220687866211
	xnorm=5.889685668038205,dnorm=0.006097962019206559
	dense amplitude time= 0.018832921981811523
	total non-zero amplitudes= 4900
	nsamples per process= 50
	sample time= 0.3578650951385498
	self.n= 0.3426342671290895
	RGN updated loss=-11.979116325084403,dloss=-7.608502627931557e-08
step= 425

nparam= 1004
	dense amplitude time= 0.07442164421081543
	total non-zero amplitudes= 4900
	nsamples per process= 50
	sample time= 1.4847683906555176
	self.n= 0.3426342671290894
	collect g,h time= 3.2944021224975586
E=-11.979116325084403,dE=-7.608502627931557e-08,std=0
L=-11.979116325084403,dL=-7.608502627931557e-08,std=0
	gnorm= 6.429735716769575e-05
	symmetric= True
	solver time=0.008208751678466797,exit status=0
	SR solver time= 0.008248567581176758
	symmetric= False
	niter= 47
	solver time=0.09279441833496094,exit status=0
	RGN solver time= 0.09283900260925293
	xnorm=5.891671273781533,dnorm=0.006075849753042162
	niter= 325
	dense amplitude time= 0.018484830856323242
	total non-zero amplitudes= 4900
	nsamples per process= 50
	sample time= 0.3402903079986572
	self.n= 0.34280942495652666
	RGN updated loss=-11.979116401510593,dloss=-7.64261898211771e-08
step= 426

nparam= 1004
	dense amplitude time= 0.16066384315490723
	total non-zero amplitudes= 4900
	nsamples per process= 50
	sample time= 1.5207734107971191
	self.n= 0.34280942495652666
	collect g,h time= 3.3352577686309814
E=-11.979116401510593,dE=-7.64261898211771e-08,std=0
L=-11.979116401510593,dL=-7.64261898211771e-08,std=0
	gnorm= 4.680370115664439e-05
	symmetric= True
	niter= 46
	solver time=0.019114971160888672,exit status=0
	SR solver time= 0.01917719841003418
	symmetric= False
	niter= 330
	solver time=0.09604287147521973,exit status=0
	RGN solver time= 0.09609270095825195
	xnorm=5.893660167715999,dnorm=0.006002002772473079
	dense amplitude time= 0.019824981689453125
	total non-zero amplitudes= 4900
	nsamples per process= 50
	sample time= 0.3510618209838867
	self.n= 0.342984805507562
	RGN updated loss=-11.979116476284274,dloss=-7.477368058061984e-08
step= 427

nparam= 1004
	dense amplitude time= 0.05930447578430176
	total non-zero amplitudes= 4900
	nsamples per process= 50
	sample time= 1.5397286415100098
	self.n= 0.3429848055075617
	collect g,h time= 3.3947176933288574
E=-11.97911647628427,dE=-7.477367702790616e-08,std=0
L=-11.97911647628427,dL=-7.477367702790616e-08,std=0
	gnorm= 8.055791214300302e-05
	symmetric= True
	niter= 46
	solver time=0.027423620223999023,exit status=0
	SR solver time= 0.027484893798828125
	symmetric= False
	niter= 312
	solver time=0.10745573043823242,exit status=0
	RGN solver time= 0.10750269889831543
	xnorm=5.89561530025061,dnorm=0.0060279934408047605
	dense amplitude time= 0.01852703094482422
	total non-zero amplitudes= 4900
	nsamples per process= 50
	sample time= 0.36530113220214844
	self.n= 0.34314453758940944
	RGN updated loss=-11.979116544011651,dloss=-6.772738103677511e-08
step= 428

nparam= 1004
	dense amplitude time= 0.16353845596313477
	total non-zero amplitudes= 4900
	nsamples per process= 50
	sample time= 1.5388400554656982
	self.n= 0.3431445375894093
	collect g,h time= 3.415125608444214
E=-11.979116544011651,dE=-6.772738103677511e-08,std=0
L=-11.979116544011651,dL=-6.772738103677511e-08,std=0
	gnorm= 5.344319152166523e-05
	symmetric= True
	solver time=0.007275581359863281,exit status=0
	SR solver time= 0.007325887680053711
	symmetric= False
	niter= 46
	niter= 335
	solver time=0.10400819778442383,exit status=0
	RGN solver time= 0.10407042503356934
	xnorm=5.897597195839891,dnorm=0.005975834355102769
	dense amplitude time= 0.022775888442993164
	total non-zero amplitudes= 4900
	nsamples per process= 50
	sample time= 0.3577899932861328
	self.n= 0.34332196045376906
	RGN updated loss=-11.979116619834839,dloss=-7.58231877284743e-08
step= 429

nparam= 1004
	dense amplitude time= 0.16642212867736816
	total non-zero amplitudes= 4900
	nsamples per process= 50
	sample time= 1.5057313442230225
	self.n= 0.34332196045376895
	collect g,h time= 3.389305353164673
E=-11.979116619834844,dE=-7.582319305754481e-08,std=0
L=-11.979116619834844,dL=-7.582319305754481e-08,std=0
	gnorm= 7.073334287350071e-05
	symmetric= True
	solver time=0.0077555179595947266,exit status=0
	SR solver time= 0.007798910140991211
	symmetric= False
	niter= 47
	niter= 312
	solver time=0.07814502716064453,exit status=0
	RGN solver time= 0.07819986343383789
	xnorm=5.899529643630379,dnorm=0.005943548937049015
	dense amplitude time= 0.018649816513061523
	total non-zero amplitudes= 4900
	nsamples per process= 50
	sample time= 0.3497040271759033
	self.n= 0.34347936951991864
	RGN updated loss=-11.979116687488874,dloss=-6.765402993380576e-08
step= 430

nparam= 1004
	dense amplitude time= 0.15687894821166992
	total non-zero amplitudes= 4900
	nsamples per process= 50
	sample time= 1.5075898170471191
	self.n= 0.3434793695199185
	collect g,h time= 3.2986347675323486
E=-11.979116687488872,dE=-6.765402815744892e-08,std=0
L=-11.979116687488872,dL=-6.765402815744892e-08,std=0
	gnorm= 7.079362071417977e-05
	symmetric= True
	solver time=0.007577657699584961,exit status=0
	SR solver time= 0.007622718811035156
	symmetric= False
	niter= 46
	niter= 325
	solver time=0.10177826881408691,exit status=0
	RGN solver time= 0.10183024406433105
	xnorm=5.901490023913805,dnorm=0.005908189785672913
	dense amplitude time= 0.018613100051879883
	total non-zero amplitudes= 4900
	nsamples per process= 50
	sample time= 0.3652927875518799
	self.n= 0.34364875200262374
	RGN updated loss=-11.979116759129669,dloss=-7.164079640631371e-08
step= 431

nparam= 1004
	dense amplitude time= 0.07448458671569824
	total non-zero amplitudes= 4900
	nsamples per process= 50
	sample time= 1.5328292846679688
	self.n= 0.34364875200262335
	collect g,h time= 3.294090747833252
E=-11.979116759129667,dE=-7.164079462995687e-08,std=0
L=-11.979116759129667,dL=-7.164079462995687e-08,std=0
	gnorm= 6.74884652103525e-05
	symmetric= True
	solver time=0.006695747375488281,exit status=0
	SR solver time= 0.006735324859619141
	symmetric= False
	niter= 47
	niter= 320
	solver time=0.09612154960632324,exit status=0
	RGN solver time= 0.09617233276367188
	xnorm=5.903380316611911,dnorm=0.005881203873838494
	dense amplitude time= 0.028977394104003906
	total non-zero amplitudes= 4900
	nsamples per process= 50
	sample time= 0.33841681480407715
	self.n= 0.3438006799478526
	RGN updated loss=-11.979116829230133,dloss=-7.010046587652141e-08
step= 432

nparam= 1004
	dense amplitude time= 0.1570429801940918
	total non-zero amplitudes= 4900
	nsamples per process= 50
	sample time= 1.520860195159912
	self.n= 0.34380067994785257
	collect g,h time= 3.288825273513794
E=-11.979116829230135,dE=-7.010046765287825e-08,std=0
L=-11.979116829230135,dL=-7.010046765287825e-08,std=0
	gnorm= 6.693498406798936e-05
	symmetric= True
	solver time=0.00829005241394043,exit status=0
	SR solver time= 0.00834035873413086
	symmetric= False
	niter= 47
	niter= 323
	solver time=0.08544731140136719,exit status=0
	RGN solver time= 0.0854942798614502
	xnorm=5.90529785510418,dnorm=0.005835270163590951
	dense amplitude time= 0.018994808197021484
	total non-zero amplitudes= 4900
	nsamples per process= 50
	sample time= 0.3601570129394531
	self.n= 0.3439635963630984
	RGN updated loss=-11.979116897643847,dloss=-6.841371202881419e-08
step= 433

nparam= 1004
	dense amplitude time= 0.14901995658874512
	total non-zero amplitudes= 4900
	nsamples per process= 50
	sample time= 1.5350701808929443
	self.n= 0.34396359636309826
	collect g,h time= 3.3553338050842285
E=-11.979116897643841,dE=-6.841370669974367e-08,std=0
L=-11.979116897643841,dL=-6.841370669974367e-08,std=0
	gnorm= 6.27566933137089e-05
	symmetric= True
	solver time=0.013337373733520508,exit status=0
	SR solver time= 0.01342463493347168
	symmetric= False
	niter= 46
	niter= 322
	solver time=0.09385395050048828,exit status=0
	RGN solver time= 0.0939021110534668
	xnorm=5.907155435493055,dnorm=0.005805509803575773
	dense amplitude time= 0.017892122268676758
	total non-zero amplitudes= 4900
	nsamples per process= 50
	sample time= 0.3534660339355469
	self.n= 0.34411781164149924
	RGN updated loss=-11.979116967520476,dloss=-6.987663425661594e-08
step= 434

nparam= 1004
	dense amplitude time= 0.14799785614013672
	total non-zero amplitudes= 4900
	nsamples per process= 50
	sample time= 1.5688302516937256
	self.n= 0.3441178116414987
	collect g,h time= 3.3320868015289307
E=-11.979116967520472,dE=-6.987663070390226e-08,std=0
L=-11.979116967520472,dL=-6.987663070390226e-08,std=0
	gnorm= 0.0001446050039631569
	symmetric= True
	solver time=0.0075817108154296875,exit status=0
	SR solver time= 0.007627010345458984
	symmetric= False
	niter= 47
	niter= 293
	solver time=0.07888150215148926,exit status=0
	RGN solver time= 0.07892823219299316
	xnorm=5.909022001343192,dnorm=0.005763990961998155
	dense amplitude time= 0.02225470542907715
	total non-zero amplitudes= 4900
	nsamples per process= 50
	sample time= 0.3426225185394287
	self.n= 0.344266875117053
	RGN updated loss=-11.979117028610213,dloss=-6.108974126561861e-08
step= 435

nparam= 1004
	dense amplitude time= 0.041501522064208984
	total non-zero amplitudes= 4900
	nsamples per process= 50
	sample time= 1.5319266319274902
	self.n= 0.34426687511705323
	collect g,h time= 3.361694812774658
E=-11.979117028610212,dE=-6.108973948926177e-08,std=0
L=-11.979117028610212,dL=-6.108973948926177e-08,std=0
	gnorm= 0.0001105910599080311
	symmetric= True
	solver time=0.0072324275970458984,exit status=0
	SR solver time= 0.007272481918334961
	symmetric= False
	niter= 47
	niter= 304
	solver time=0.08108878135681152,exit status=0
	RGN solver time= 0.08113718032836914
	xnorm=5.910845000070681,dnorm=0.005748878597916303
	dense amplitude time= 0.018732547760009766
	total non-zero amplitudes= 4900
	nsamples per process= 50
	sample time= 0.35044002532958984
	self.n= 0.34441342293962307
	RGN updated loss=-11.979117099799812,dloss=-7.118959999274921e-08
step= 436

nparam= 1004
	dense amplitude time= 0.17165541648864746
	total non-zero amplitudes= 4900
	nsamples per process= 50
	sample time= 1.5025792121887207
	self.n= 0.34441342293962285
	collect g,h time= 3.341257095336914
E=-11.979117099799813,dE=-7.118960176910605e-08,std=0
L=-11.979117099799813,dL=-7.118960176910605e-08,std=0
	gnorm= 5.6801097904488065e-05
	symmetric= True
	solver time=0.01604175567626953,exit status=0
	SR solver time= 0.016091346740722656
	symmetric= False
	niter= 46
	niter= 332
	solver time=0.0936589241027832,exit status=0
	RGN solver time= 0.09370803833007812
	xnorm=5.91268614375041,dnorm=0.0056926846773742885
	dense amplitude time= 0.04343986511230469
	total non-zero amplitudes= 4900
	nsamples per process= 50
	sample time= 0.3620483875274658
	self.n= 0.34457048662467393
	RGN updated loss=-11.979117164632363,dloss=-6.483254999523069e-08
step= 437

nparam= 1004
	dense amplitude time= 0.04732799530029297
	total non-zero amplitudes= 4900
	nsamples per process= 50
	sample time= 1.5342237949371338
	self.n= 0.34457048662467393
	collect g,h time= 3.3601107597351074
E=-11.97911716463236,dE=-6.483254644251701e-08,std=0
L=-11.97911716463236,dL=-6.483254644251701e-08,std=0
	gnorm= 0.00013460604734825586
	symmetric= True
	solver time=0.008412361145019531,exit status=0
	SR solver time= 0.008455514907836914
	symmetric= False
	niter= 47
	niter= 297
	solver time=0.10461068153381348,exit status=0
	RGN solver time= 0.10465836524963379
	xnorm=5.91448822914113,dnorm=0.005683381324488843
	dense amplitude time= 0.019624710083007812
	total non-zero amplitudes= 4900
	nsamples per process= 50
	sample time= 0.34912753105163574
	self.n= 0.3447083264876247
	RGN updated loss=-11.979117226051926,dloss=-6.141956632177425e-08
step= 438

nparam= 1004
	dense amplitude time= 0.15620684623718262
	total non-zero amplitudes= 4900
	nsamples per process= 50
	sample time= 1.530116319656372
	self.n= 0.34470832648762484
	collect g,h time= 3.2857553958892822
E=-11.979117226051926,dE=-6.141956632177425e-08,std=0
L=-11.979117226051926,dL=-6.141956632177425e-08,std=0
	gnorm= 9.586801750584825e-05
	symmetric= True
	niter= 47
	solver time=0.00733494758605957,exit status=0
	SR solver time= 0.00739598274230957
	symmetric= False
	niter= 311
	solver time=0.08309292793273926,exit status=0
	RGN solver time= 0.08314347267150879
	xnorm=5.916296284405779,dnorm=0.005637731093565608
	dense amplitude time= 0.02125239372253418
	total non-zero amplitudes= 4900
	nsamples per process= 50
	sample time= 0.34823179244995117
	self.n= 0.3448566238297656
	RGN updated loss=-11.979117293559927,dloss=-6.750800096710918e-08
step= 439

nparam= 1004
	dense amplitude time= 0.14547157287597656
	total non-zero amplitudes= 4900
	nsamples per process= 50
	sample time= 1.4855172634124756
	self.n= 0.3448566238297657
	collect g,h time= 3.517953395843506
E=-11.979117293559925,dE=-6.750799919075234e-08,std=0
L=-11.979117293559925,dL=-6.750799919075234e-08,std=0
	gnorm= 0.00013063911444885422
	symmetric= True
	solver time=0.008071422576904297,exit status=0
	SR solver time= 0.008114814758300781
	symmetric= False
	niter= 47
	niter= 297
	solver time=0.08542871475219727,exit status=0
	RGN solver time= 0.0854790210723877
	xnorm=5.918073789676829,dnorm=0.005602722971322689
	dense amplitude time= 0.018807649612426758
	total non-zero amplitudes= 4900
	nsamples per process= 50
	sample time= 0.34201908111572266
	self.n= 0.34499678184643157
	RGN updated loss=-11.979117353115958,dloss=-5.95560329941236e-08
step= 440

nparam= 1004
	dense amplitude time= 0.16525578498840332
	total non-zero amplitudes= 4900
	nsamples per process= 50
	sample time= 1.4941730499267578
	self.n= 0.34499678184643157
	collect g,h time= 3.2801425457000732
E=-11.979117353115962,dE=-5.9556036546837277e-08,std=0
L=-11.979117353115962,dL=-5.9556036546837277e-08,std=0
	gnorm= 9.56705256391725e-05
	symmetric= True
	solver time=0.018805503845214844,exit status=0
	SR solver time= 0.018860340118408203
	symmetric= False
	niter= 47
	niter= 309
	solver time=0.09467935562133789,exit status=0
	RGN solver time= 0.09473299980163574
	xnorm=5.919850329714515,dnorm=0.0055689076708122015
	dense amplitude time= 0.019276142120361328
	total non-zero amplitudes= 4900
	nsamples per process= 50
	sample time= 0.3503537178039551
	self.n= 0.3451387780725529
	RGN updated loss=-11.97911741841281,dloss=-6.529684881684261e-08
step= 441

nparam= 1004
	dense amplitude time= 0.08936929702758789
	total non-zero amplitudes= 4900
	nsamples per process= 50
	sample time= 1.4961328506469727
	self.n= 0.3451387780725532
	collect g,h time= 3.222776412963867
E=-11.97911741841281,dE=-6.529684881684261e-08,std=0
L=-11.97911741841281,dL=-6.529684881684261e-08,std=0
	gnorm= 0.0001313622161534536
	symmetric= True
	solver time=0.01857161521911621,exit status=0
	SR solver time= 0.018636226654052734
	symmetric= False
	niter= 47
	niter= 297
	solver time=0.07727575302124023,exit status=0
	RGN solver time= 0.07732653617858887
	xnorm=5.921601845995865,dnorm=0.005557936540381343
	dense amplitude time= 0.018568038940429688
	total non-zero amplitudes= 4900
	nsamples per process= 50
	sample time= 0.35304880142211914
	self.n= 0.3452730083015243
	RGN updated loss=-11.979117477167613,dloss=-5.8754801912641597e-08
step= 442

nparam= 1004
	dense amplitude time= 0.1683177947998047
	total non-zero amplitudes= 4900
	nsamples per process= 50
	sample time= 1.4944920539855957
	self.n= 0.3452730083015243
	collect g,h time= 3.2277262210845947
E=-11.97911747716761,dE=-5.875480013628476e-08,std=0
L=-11.97911747716761,dL=-5.875480013628476e-08,std=0
	gnorm= 9.611986486068763e-05
	symmetric= True
	solver time=0.006885528564453125,exit status=0
	SR solver time= 0.006930112838745117
	symmetric= False
	niter= 47
	niter= 309
	solver time=0.08095288276672363,exit status=0
	RGN solver time= 0.08100438117980957
	xnorm=5.92335711341618,dnorm=0.005513489233748626
	dense amplitude time= 0.020363330841064453
	total non-zero amplitudes= 4900
	nsamples per process= 50
	sample time= 0.36044955253601074
	self.n= 0.34540944655082356
	RGN updated loss=-11.97911754119566,dloss=-6.402804864080736e-08
step= 443

nparam= 1004
	dense amplitude time= 0.1559910774230957
	total non-zero amplitudes= 4900
	nsamples per process= 50
	sample time= 1.516596794128418
	self.n= 0.3454094465508235
	collect g,h time= 5.315097808837891
E=-11.979117541195661,dE=-6.40280504171642e-08,std=0
L=-11.979117541195661,dL=-6.40280504171642e-08,std=0
	gnorm= 0.00013636132234391595
	symmetric= True
	solver time=0.017913341522216797,exit status=0
	SR solver time= 0.0179595947265625
	symmetric= False
	niter= 46
	niter= 295
	solver time=0.09025192260742188,exit status=0
	RGN solver time= 0.09029722213745117
	xnorm=5.925085993831701,dnorm=0.005497024740027419
	dense amplitude time= 0.01814866065979004
	total non-zero amplitudes= 4900
	nsamples per process= 50
	sample time= 0.3555784225463867
	self.n= 0.3455383324213026
	RGN updated loss=-11.979117597183748,dloss=-5.598808705542524e-08
step= 444

nparam= 1004
	dense amplitude time= 0.09531164169311523
	total non-zero amplitudes= 4900
	nsamples per process= 50
	sample time= 1.4783947467803955
	self.n= 0.3455383324213025
	collect g,h time= 3.3490445613861084
E=-11.979117597183743,dE=-5.598808172635472e-08,std=0
L=-11.979117597183743,dL=-5.598808172635472e-08,std=0
	gnorm= 0.00012916709262613774
	symmetric= True
	solver time=0.017530441284179688,exit status=0
	SR solver time= 0.01758265495300293
	symmetric= False
	niter= 45
	niter= 303
	solver time=0.07669448852539062,exit status=0
	RGN solver time= 0.07674622535705566
	xnorm=5.926820692915628,dnorm=0.005511387334229573
	dense amplitude time= 0.01879262924194336
	total non-zero amplitudes= 4900
	nsamples per process= 50
	sample time= 0.35193967819213867
	self.n= 0.3456677844902525
	RGN updated loss=-11.979117655636216,dloss=-5.845247308400303e-08
step= 445

nparam= 1004
	dense amplitude time= 0.0928802490234375
	total non-zero amplitudes= 4900
	nsamples per process= 50
	sample time= 1.4779632091522217
	self.n= 0.3456677844902523
	collect g,h time= 3.34972882270813
E=-11.979117655636214,dE=-5.845247130764619e-08,std=0
L=-11.979117655636214,dL=-5.845247130764619e-08,std=0
	gnorm= 0.0001455910543304595
	symmetric= True
	solver time=0.007681846618652344,exit status=0
	SR solver time= 0.007733821868896484
	niter= 46
	symmetric= False
	niter= 298
	solver time=0.07599496841430664,exit status=0
	RGN solver time= 0.07604479789733887
	xnorm=5.9285587773747235,dnorm=0.005464974299553338
	dense amplitude time= 0.021444082260131836
	total non-zero amplitudes= 4900
	nsamples per process= 50
	sample time= 0.35242295265197754
	self.n= 0.34579617124566564
	RGN updated loss=-11.979117714212554,dloss=-5.857634022277125e-08
step= 446

nparam= 1004
	dense amplitude time= 0.0370175838470459
	total non-zero amplitudes= 4900
	nsamples per process= 50
	sample time= 1.4855668544769287
	self.n= 0.34579617124566564
	collect g,h time= 3.3675968647003174
E=-11.979117714212554,dE=-5.857634022277125e-08,std=0
L=-11.979117714212554,dL=-5.857634022277125e-08,std=0
	gnorm= 9.223871856939003e-05
	symmetric= True
	solver time=0.019072532653808594,exit status=0
	SR solver time= 0.01912522315979004
	symmetric= False
	niter= 46
	niter= 311
	solver time=0.09347319602966309,exit status=0
	RGN solver time= 0.09353470802307129
	xnorm=5.930247449758134,dnorm=0.005411810664495036
	dense amplitude time= 0.018494844436645508
	total non-zero amplitudes= 4900
	nsamples per process= 50
	sample time= 0.35142040252685547
	self.n= 0.3459338471666058
	RGN updated loss=-11.979117781653766,dloss=-6.744121172630457e-08
step= 447

nparam= 1004
	dense amplitude time= 0.15532660484313965
	total non-zero amplitudes= 4900
	nsamples per process= 50
	sample time= 1.4899475574493408
	self.n= 0.34593384716660547
	collect g,h time= 3.3769145011901855
E=-11.979117781653768,dE=-6.744121350266141e-08,std=0
L=-11.979117781653768,dL=-6.744121350266141e-08,std=0
	gnorm= 0.00013605645341470098
	symmetric= True
	solver time=0.007246494293212891,exit status=0
	SR solver time= 0.007284402847290039
	symmetric= False
	niter= 47
	niter= 284
	solver time=0.0964818000793457,exit status=0
	RGN solver time= 0.09652376174926758
	xnorm=5.931925957073532,dnorm=0.005337869537127483
	dense amplitude time= 0.05097460746765137
	total non-zero amplitudes= 4900
	nsamples per process= 50
	sample time= 0.3500075340270996
	self.n= 0.3460507813725556
	RGN updated loss=-11.979117829906,dloss=-4.825223243187793e-08
step= 448

nparam= 1004
	dense amplitude time= 0.07740998268127441
	total non-zero amplitudes= 4900
	nsamples per process= 50
	sample time= 1.496002435684204
	self.n= 0.34605078137255535
	collect g,h time= 3.36318039894104
E=-11.979117829906,dE=-4.825223243187793e-08,std=0
L=-11.979117829906,dL=-4.825223243187793e-08,std=0
	gnorm= 0.00010912958559255992
	symmetric= True
	solver time=0.007407426834106445,exit status=0
	SR solver time= 0.007457733154296875
	symmetric= False
	niter= 47
	niter= 302
	solver time=0.09001493453979492,exit status=0
	RGN solver time= 0.09006142616271973
	xnorm=5.933609070139498,dnorm=0.005345492588248983
	dense amplitude time= 0.020315170288085938
	total non-zero amplitudes= 4900
	nsamples per process= 50
	sample time= 0.353316068649292
	self.n= 0.34617629420484103
	RGN updated loss=-11.979117893190162,dloss=-6.328416191081487e-08
step= 449

nparam= 1004
	dense amplitude time= 0.11006307601928711
	total non-zero amplitudes= 4900
	nsamples per process= 50
	sample time= 1.4896008968353271
	self.n= 0.3461762942048408
	collect g,h time= 3.347914218902588
E=-11.97911789319016,dE=-6.328416013445803e-08,std=0
L=-11.97911789319016,dL=-6.328416013445803e-08,std=0
	gnorm= 0.0001372013706891057
	symmetric= True
	solver time=0.007610321044921875,exit status=0
	SR solver time= 0.007653236389160156
	symmetric= False
	niter= 47
	niter= 286
	solver time=0.07449507713317871,exit status=0
	RGN solver time= 0.07454752922058105
	xnorm=5.935261503432351,dnorm=0.005291698407388278
	dense amplitude time= 0.019724369049072266
	total non-zero amplitudes= 4900
	nsamples per process= 50
	sample time= 0.3520834445953369
	self.n= 0.3462914972817415
	RGN updated loss=-11.979117946393682,dloss=-5.320352158832975e-08
step= 450

nparam= 1004
	dense amplitude time= 0.08320999145507812
	total non-zero amplitudes= 4900
	nsamples per process= 50
	sample time= 1.5101702213287354
	self.n= 0.34629149728174147
	collect g,h time= 3.362305164337158
E=-11.979117946393684,dE=-5.320352336468659e-08,std=0
L=-11.979117946393684,dL=-5.320352336468659e-08,std=0
	gnorm= 0.00012794090305467273
	symmetric= True
	solver time=0.00676274299621582,exit status=0
	SR solver time= 0.006829261779785156
	symmetric= False
	niter= 44
	niter= 311
	solver time=0.09714078903198242,exit status=0
	RGN solver time= 0.09718918800354004
	xnorm=5.93691422681762,dnorm=0.005388006637826904
	dense amplitude time= 0.018712759017944336
	total non-zero amplitudes= 4900
	nsamples per process= 50
	sample time= 0.35038089752197266
	self.n= 0.3463961447910117
	RGN updated loss=-11.979117993778532,dloss=-4.738484804533982e-08
step= 451

nparam= 1004
	dense amplitude time= 0.1205148696899414
	total non-zero amplitudes= 4900
	nsamples per process= 50
	sample time= 1.4936411380767822
	self.n= 0.3463961447910111
	collect g,h time= 3.3668220043182373
E=-11.97911799377853,dE=-4.738484626898298e-08,std=0
L=-11.97911799377853,dL=-4.738484626898298e-08,std=0
	gnorm= 0.00014487462864869202
	symmetric= True
	solver time=0.0062258243560791016,exit status=0
	SR solver time= 0.006261587142944336
	symmetric= False
	niter= 46
	niter= 298
	solver time=0.0755150318145752,exit status=0
	RGN solver time= 0.07556390762329102
	xnorm=5.938576476681495,dnorm=0.005292152777824262
	dense amplitude time= 0.019237518310546875
	total non-zero amplitudes= 4900
	nsamples per process= 50
	sample time= 0.36056971549987793
	self.n= 0.346526552079481
	RGN updated loss=-11.979118055443266,dloss=-6.16647355400346e-08
step= 452

nparam= 1004
	dense amplitude time= 0.06857085227966309
	total non-zero amplitudes= 4900
	nsamples per process= 50
	sample time= 1.5172290802001953
	self.n= 0.34652655207948035
	collect g,h time= 3.416625499725342
E=-11.97911805544327,dE=-6.166473909274828e-08,std=0
L=-11.97911805544327,dL=-6.166473909274828e-08,std=0
	gnorm= 0.00010083337451238149
	symmetric= True
	solver time=0.008116483688354492,exit status=0
	SR solver time= 0.00815582275390625
	symmetric= False
	niter= 47
	niter= 307
	solver time=0.08548927307128906,exit status=0
	RGN solver time= 0.08553791046142578
	xnorm=5.940193870405126,dnorm=0.005237222487564416
	dense amplitude time= 0.020125627517700195
	total non-zero amplitudes= 4900
	nsamples per process= 50
	sample time= 0.3534128665924072
	self.n= 0.3466385179899113
	RGN updated loss=-11.979118114305306,dloss=-5.886203702232251e-08
step= 453

nparam= 1004
	dense amplitude time= 0.03178548812866211
	total non-zero amplitudes= 4900
	nsamples per process= 50
	sample time= 1.505671501159668
	self.n= 0.3466385179899112
	collect g,h time= 3.3709828853607178
E=-11.979118114305306,dE=-5.886203702232251e-08,std=0
L=-11.979118114305306,dL=-5.886203702232251e-08,std=0
	gnorm= 0.00013789991497627148
	symmetric= True
	solver time=0.008450508117675781,exit status=0
	SR solver time= 0.008496999740600586
	symmetric= False
	niter= 47
	niter= 286
	solver time=0.07624435424804688,exit status=0
	RGN solver time= 0.07628679275512695
	xnorm=5.941792603477984,dnorm=0.00518605469630251
	dense amplitude time= 0.017025470733642578
	total non-zero amplitudes= 4900
	nsamples per process= 50
	sample time= 0.35565996170043945
	self.n= 0.346752351792986
	RGN updated loss=-11.979118165633546,dloss=-5.13282394365433e-08
step= 454

nparam= 1004
	dense amplitude time= 0.028662919998168945
	total non-zero amplitudes= 4900
	nsamples per process= 50
	sample time= 1.4977927207946777
	self.n= 0.3467523517929864
	collect g,h time= 3.382018566131592
E=-11.979118165633547,dE=-5.132824121290014e-08,std=0
L=-11.979118165633547,dL=-5.132824121290014e-08,std=0
	gnorm= 0.0001425259364980335
	symmetric= True
	solver time=0.008156538009643555,exit status=0
	SR solver time= 0.008200645446777344
	symmetric= False
	niter= 45
	niter= 301
	solver time=0.08220434188842773,exit status=0
	RGN solver time= 0.08225607872009277
	xnorm=5.943400990778785,dnorm=0.005239509042975471
	dense amplitude time= 0.018041133880615234
	total non-zero amplitudes= 4900
	nsamples per process= 50
	sample time= 0.3612191677093506
	self.n= 0.3468642675667645
	RGN updated loss=-11.979118212695285,dloss=-4.7061737618037114e-08
step= 455

nparam= 1004
	dense amplitude time= 0.028786420822143555
	total non-zero amplitudes= 4900
	nsamples per process= 50
	sample time= 1.5188491344451904
	self.n= 0.34686426756676436
	collect g,h time= 3.3640313148498535
E=-11.979118212695285,dE=-4.7061737618037114e-08,std=0
L=-11.979118212695285,dL=-4.7061737618037114e-08,std=0
	gnorm= 0.00016042206273039693
	symmetric= True
	solver time=0.00718379020690918,exit status=0
	SR solver time= 0.007225513458251953
	symmetric= False
	niter= 46
	niter= 286
	solver time=0.07461738586425781,exit status=0
	RGN solver time= 0.07467103004455566
	xnorm=5.945021287078651,dnorm=0.005179767213448701
	dense amplitude time= 0.01814436912536621
	total non-zero amplitudes= 4900
	nsamples per process= 50
	sample time= 0.35161590576171875
	self.n= 0.3469682484024801
	RGN updated loss=-11.979118270669257,dloss=-5.797397228946011e-08
step= 456

nparam= 1004
	dense amplitude time= 0.02393817901611328
	total non-zero amplitudes= 4900
	nsamples per process= 50
	sample time= 1.5125882625579834
	self.n= 0.3469682484024801
	collect g,h time= 3.5094962120056152
E=-11.979118270669257,dE=-5.797397228946011e-08,std=0
L=-11.979118270669257,dL=-5.797397228946011e-08,std=0
	gnorm= 0.00012895501633069983
	symmetric= True
	solver time=0.006427288055419922,exit status=0
	SR solver time= 0.006478071212768555
	symmetric= False
	niter= 47
	niter= 284
	solver time=0.07462430000305176,exit status=0
	RGN solver time= 0.07466816902160645
	xnorm=5.946592390982695,dnorm=0.005120601739425557
	dense amplitude time= 0.018427610397338867
	total non-zero amplitudes= 4900
	nsamples per process= 50
	sample time= 0.35756397247314453
	self.n= 0.3470893042558675
	RGN updated loss=-11.979118326698337,dloss=-5.602908004220808e-08
step= 457

nparam= 1004
	dense amplitude time= 0.046465396881103516
	total non-zero amplitudes= 4900
	nsamples per process= 50
	sample time= 1.5022482872009277
	self.n= 0.34708930425586715
	collect g,h time= 3.43355131149292
E=-11.97911832669834,dE=-5.602908181856492e-08,std=0
L=-11.97911832669834,dL=-5.602908181856492e-08,std=0
	gnorm= 7.082307755462537e-05
	symmetric= True
	solver time=0.006656646728515625,exit status=0
	SR solver time= 0.006705045700073242
	symmetric= False
	niter= 47
	niter= 312
	solver time=0.08182597160339355,exit status=0
	RGN solver time= 0.08187055587768555
	xnorm=5.948150887613324,dnorm=0.005077223545827229
	dense amplitude time= 0.03902101516723633
	total non-zero amplitudes= 4900
	nsamples per process= 50
	sample time= 0.35727596282958984
	self.n= 0.34719348299756125
	RGN updated loss=-11.979118380621147,dloss=-5.392280755245338e-08
step= 458

nparam= 1004
	dense amplitude time= 0.061723947525024414
	total non-zero amplitudes= 4900
	nsamples per process= 50
	sample time= 1.5103681087493896
	self.n= 0.34719348299756136
	niter= 45
	collect g,h time= 3.3032610416412354
E=-11.979118380621147,dE=-5.392280755245338e-08,std=0
L=-11.979118380621147,dL=-5.392280755245338e-08,std=0
	gnorm= 0.00010218921775777062
	symmetric= True
	solver time=0.007285356521606445,exit status=0
	SR solver time= 0.007323265075683594
	symmetric= False
	niter= 312
	solver time=0.08031272888183594,exit status=0
	RGN solver time= 0.08035922050476074
	xnorm=5.949724489039979,dnorm=0.005121309745667043
	dense amplitude time= 0.0175325870513916
	total non-zero amplitudes= 4900
	nsamples per process= 50
	sample time= 0.3502962589263916
	self.n= 0.347300268512448
	RGN updated loss=-11.979118421492565,dloss=-4.0871418249821545e-08
step= 459

nparam= 1004
	dense amplitude time= 0.029643535614013672
	total non-zero amplitudes= 4900
	nsamples per process= 50
	sample time= 1.5119173526763916
	self.n= 0.3473002685124477
	collect g,h time= 3.2041585445404053
E=-11.979118421492569,dE=-4.0871421802535224e-08,std=0
L=-11.979118421492569,dL=-4.0871421802535224e-08,std=0
	gnorm= 6.977526971838286e-05
	symmetric= True
	solver time=0.009583711624145508,exit status=0
	SR solver time= 0.009653329849243164
	symmetric= False
	niter= 46
	niter= 314
	solver time=0.15193891525268555,exit status=0
	RGN solver time= 0.15199041366577148
	xnorm=5.951300125153159,dnorm=0.005061374008834343
	dense amplitude time= 0.03746938705444336
	total non-zero amplitudes= 4900
	nsamples per process= 50
	sample time= 0.35406994819641113
	self.n= 0.34740687379770396
	RGN updated loss=-11.979118481994812,dloss=-6.050224321541009e-08
step= 460

nparam= 1004
	dense amplitude time= 0.07136082649230957
	total non-zero amplitudes= 4900
	nsamples per process= 50
	sample time= 1.4937753677368164
	self.n= 0.3474068737977039
	collect g,h time= 3.4666950702667236
E=-11.979118481994812,dE=-6.050224321541009e-08,std=0
L=-11.979118481994812,dL=-6.050224321541009e-08,std=0
	gnorm= 5.9876967397448e-05
	symmetric= True
	solver time=0.008411169052124023,exit status=0
	SR solver time= 0.008482217788696289
	symmetric= False
	niter= 47
	niter= 312
	solver time=0.09840703010559082,exit status=0
	RGN solver time= 0.09845733642578125
	xnorm=5.952841310884802,dnorm=0.0050008044502484654
	dense amplitude time= 0.03705930709838867
	total non-zero amplitudes= 4900
	nsamples per process= 50
	sample time= 0.35565829277038574
	self.n= 0.34751208823091423
	RGN updated loss=-11.979118531321777,dloss=-4.932696562320871e-08
step= 461

nparam= 1004
	dense amplitude time= 0.04858970642089844
	total non-zero amplitudes= 4900
	nsamples per process= 50
	sample time= 1.4932136535644531
	self.n= 0.34751208823091373
	collect g,h time= 3.39768123626709
E=-11.97911853132178,dE=-4.9326967399565547e-08,std=0
L=-11.97911853132178,dL=-4.9326967399565547e-08,std=0
	gnorm= 0.00010241450952182103
	symmetric= True
	solver time=0.018631935119628906,exit status=0
	SR solver time= 0.018677234649658203
	symmetric= False
	niter= 45
	niter= 310
	solver time=0.10390806198120117,exit status=0
	RGN solver time= 0.10395121574401855
	xnorm=5.954356631289577,dnorm=0.0050413732240283966
	dense amplitude time= 0.017212867736816406
	total non-zero amplitudes= 4900
	nsamples per process= 50
	sample time= 0.35178518295288086
	self.n= 0.34760729951615643
	RGN updated loss=-11.979118572927286,dloss=-4.1605506595487896e-08
step= 462

nparam= 1004
	dense amplitude time= 0.03087782859802246
	total non-zero amplitudes= 4900
	nsamples per process= 50
	sample time= 1.5236594676971436
	self.n= 0.34760729951615654
	collect g,h time= 3.3511455059051514
E=-11.979118572927284,dE=-4.1605504819131056e-08,std=0
L=-11.979118572927284,dL=-4.1605504819131056e-08,std=0
	gnorm= 8.281306496512361e-05
	symmetric= True
	solver time=0.0070514678955078125,exit status=0
	SR solver time= 0.007093191146850586
	symmetric= False
	niter= 46
	niter= 312
	solver time=0.10178160667419434,exit status=0
	RGN solver time= 0.10182404518127441
	xnorm=5.955917510031877,dnorm=0.004980702460356415
	dense amplitude time= 0.0286867618560791
	total non-zero amplitudes= 4900
	nsamples per process= 50
	sample time= 0.3464088439941406
	self.n= 0.3477034393759604
	RGN updated loss=-11.979118629427367,dloss=-5.6500082834531895e-08
step= 463

nparam= 1004
	dense amplitude time= 0.032273054122924805
	total non-zero amplitudes= 4900
	nsamples per process= 50
	sample time= 1.5093142986297607
	self.n= 0.34770343937596065
	collect g,h time= 3.2786593437194824
E=-11.979118629427367,dE=-5.6500082834531895e-08,std=0
L=-11.979118629427367,dL=-5.6500082834531895e-08,std=0
	gnorm= 7.616254629501674e-05
	symmetric= True
	solver time=0.027428150177001953,exit status=0
	SR solver time= 0.02748417854309082
	symmetric= False
	niter= 47
	niter= 310
	solver time=0.09900403022766113,exit status=0
	RGN solver time= 0.09904289245605469
	xnorm=5.957416195582001,dnorm=0.004929476420008031
	dense amplitude time= 0.028918981552124023
	total non-zero amplitudes= 4900
	nsamples per process= 50
	sample time= 0.35239529609680176
	self.n= 0.3478056238801422
	RGN updated loss=-11.97911867919771,dloss=-4.977034251396617e-08
step= 464

nparam= 1004
	dense amplitude time= 0.06875443458557129
	total non-zero amplitudes= 4900
	nsamples per process= 50
	sample time= 1.5378456115722656
	self.n= 0.3478056238801417
	collect g,h time= 3.333862066268921
E=-11.979118679197711,dE=-4.977034429032301e-08,std=0
L=-11.979118679197711,dL=-4.977034429032301e-08,std=0
	gnorm= 5.761022607540531e-05
	symmetric= True
	solver time=0.018055438995361328,exit status=0
	SR solver time= 0.018103361129760742
	symmetric= False
	niter= 47
	niter= 312
	solver time=0.0931098461151123,exit status=0
	RGN solver time= 0.0931556224822998
	xnorm=5.9589134656271945,dnorm=0.004895769743690626
	dense amplitude time= 0.01801323890686035
	total non-zero amplitudes= 4900
	nsamples per process= 50
	sample time= 0.36355018615722656
	self.n= 0.3478955695554815
	RGN updated loss=-11.97911872737884,dloss=-4.8181128420310415e-08
step= 465

nparam= 1004
	dense amplitude time= 0.033609628677368164
	total non-zero amplitudes= 4900
	nsamples per process= 50
	sample time= 1.5342495441436768
	self.n= 0.34789556955548157
	collect g,h time= 3.307910680770874
E=-11.979118727378838,dE=-4.8181126643953576e-08,std=0
L=-11.979118727378838,dL=-4.8181126643953576e-08,std=0
	gnorm= 0.00010175372754584068
	symmetric= True
	solver time=0.01288747787475586,exit status=0
	SR solver time= 0.012930870056152344
	symmetric= False
	niter= 45
	niter= 309
	solver time=0.08116483688354492,exit status=0
	RGN solver time= 0.08120846748352051
	xnorm=5.960396956297407,dnorm=0.0049461000465069755
	dense amplitude time= 0.018967151641845703
	total non-zero amplitudes= 4900
	nsamples per process= 50
	sample time= 0.35512423515319824
	self.n= 0.34798454893575925
	RGN updated loss=-11.979118767060248,dloss=-3.9681410157754726e-08
step= 466

nparam= 1004
	dense amplitude time= 0.03207898139953613
	total non-zero amplitudes= 4900
	nsamples per process= 50
	sample time= 1.494563102722168
	self.n= 0.3479845489357588
	collect g,h time= 3.349580764770508
E=-11.979118767060246,dE=-3.968140838139789e-08,std=0
L=-11.979118767060246,dL=-3.968140838139789e-08,std=0
	gnorm= 8.089036162059175e-05
	symmetric= True
	solver time=0.0066988468170166016,exit status=0
	SR solver time= 0.006737709045410156
	symmetric= False
	niter= 45
	niter= 312
	solver time=0.08391594886779785,exit status=0
	RGN solver time= 0.08395624160766602
	xnorm=5.96191391984653,dnorm=0.004939627872627753
	dense amplitude time= 0.03058767318725586
	total non-zero amplitudes= 4900
	nsamples per process= 50
	sample time= 0.3475074768066406
	self.n= 0.34812816599394836
	RGN updated loss=-11.979118818307667,dloss=-5.1247420529421106e-08
step= 467

nparam= 1004
	dense amplitude time= 0.03815722465515137
	total non-zero amplitudes= 4900
	nsamples per process= 50
	sample time= 1.4810993671417236
	self.n= 0.34812816599394825
	collect g,h time= 3.375892162322998
E=-11.979118818307665,dE=-5.1247418753064267e-08,std=0
L=-11.979118818307665,dL=-5.1247418753064267e-08,std=0
	gnorm= 7.415345055621803e-05
	symmetric= True
	solver time=0.01855921745300293,exit status=0
	SR solver time= 0.018624067306518555
	symmetric= False
	niter= 46
	niter= 312
	solver time=0.10645937919616699,exit status=0
	RGN solver time= 0.10651850700378418
	xnorm=5.963371495027329,dnorm=0.004841349435376663
	dense amplitude time= 0.02938556671142578
	total non-zero amplitudes= 4900
	nsamples per process= 50
	sample time= 0.35745692253112793
	self.n= 0.3482095406133983
	RGN updated loss=-11.979118869495467,dloss=-5.1187802441177155e-08
step= 468

nparam= 1004
	dense amplitude time= 0.06450390815734863
	total non-zero amplitudes= 4900
	nsamples per process= 50
	sample time= 1.525503396987915
	self.n= 0.34820954061339826
	collect g,h time= 3.3345892429351807
E=-11.979118869495467,dE=-5.1187802441177155e-08,std=0
L=-11.979118869495467,dL=-5.1187802441177155e-08,std=0
	gnorm= 8.692462350543464e-05
	symmetric= True
	solver time=0.024566173553466797,exit status=0
	SR solver time= 0.024608612060546875
	symmetric= False
	niter= 45
	niter= 312
	solver time=0.10229372978210449,exit status=0
	RGN solver time= 0.10234546661376953
	xnorm=5.964815035083489,dnorm=0.004863730251863056
	dense amplitude time= 0.034536123275756836
	total non-zero amplitudes= 4900
	nsamples per process= 50
	sample time= 0.3491330146789551
	self.n= 0.34827783424925796
	RGN updated loss=-11.979118905254005,dloss=-3.575853746440316e-08
step= 469

nparam= 1004
	dense amplitude time= 0.11251568794250488
	total non-zero amplitudes= 4900
	nsamples per process= 50
	sample time= 1.4866650104522705
	self.n= 0.34827783424925773
	collect g,h time= 3.2457072734832764
E=-11.979118905254005,dE=-3.575853746440316e-08,std=0
L=-11.979118905254005,dL=-3.575853746440316e-08,std=0
	gnorm= 6.880559075220539e-05
	symmetric= True
	solver time=0.012943506240844727,exit status=0
	SR solver time= 0.012993097305297852
	symmetric= False
	niter= 46
	niter= 312
	solver time=0.08543229103088379,exit status=0
	RGN solver time= 0.08548092842102051
	xnorm=5.966291149509708,dnorm=0.004821089620868111
	dense amplitude time= 0.02887272834777832
	total non-zero amplitudes= 4900
	nsamples per process= 50
	sample time= 0.3546454906463623
	self.n= 0.3483645232120469
	RGN updated loss=-11.979118961139331,dloss=-5.5885326588622775e-08
step= 470

nparam= 1004
	dense amplitude time= 0.08106422424316406
	total non-zero amplitudes= 4900
	nsamples per process= 50
	sample time= 1.497694969177246
	self.n= 0.3483645232120468
	collect g,h time= 3.189162492752075
E=-11.979118961139333,dE=-5.5885328364979614e-08,std=0
L=-11.979118961139333,dL=-5.5885328364979614e-08,std=0
	gnorm= 5.333166638042211e-05
	symmetric= True
	solver time=0.007883310317993164,exit status=0
	SR solver time= 0.007927894592285156
	symmetric= False
	niter= 46
	niter= 318
	solver time=0.08413290977478027,exit status=0
	RGN solver time= 0.08418703079223633
	xnorm=5.967725043923365,dnorm=0.004756442307483102
	dense amplitude time= 0.03252816200256348
	total non-zero amplitudes= 4900
	nsamples per process= 50
	sample time= 0.34470033645629883
	self.n= 0.3484437462342227
	RGN updated loss=-11.979119005889814,dloss=-4.475048065444298e-08
step= 471

nparam= 1004
	dense amplitude time= 0.033896446228027344
	total non-zero amplitudes= 4900
	nsamples per process= 50
	sample time= 1.5446743965148926
	self.n= 0.3484437462342229
	collect g,h time= 3.3240511417388916
E=-11.979119005889814,dE=-4.475048065444298e-08,std=0
L=-11.979119005889814,dL=-4.475048065444298e-08,std=0
	gnorm= 0.00010208548097931059
	symmetric= True
	solver time=0.019221782684326172,exit status=0
	SR solver time= 0.019280433654785156
	symmetric= False
	niter= 45
	niter= 307
	solver time=0.09901952743530273,exit status=0
	RGN solver time= 0.09906458854675293
	xnorm=5.969144549806361,dnorm=0.004800985442016469
	dense amplitude time= 0.019305706024169922
	total non-zero amplitudes= 4900
	nsamples per process= 50
	sample time= 0.36110854148864746
	self.n= 0.34852219204749907
	RGN updated loss=-11.979119042282242,dloss=-3.63924286261863e-08
step= 472

nparam= 1004
	dense amplitude time= 0.14282488822937012
	total non-zero amplitudes= 4900
	nsamples per process= 50
	sample time= 1.5254344940185547
	self.n= 0.3485221920474992
	collect g,h time= 3.3173511028289795
E=-11.979119042282244,dE=-3.639243040254314e-08,std=0
L=-11.979119042282244,dL=-3.639243040254314e-08,std=0
	gnorm= 8.067312513366552e-05
	symmetric= True
	solver time=0.007044553756713867,exit status=0
	SR solver time= 0.007101297378540039
	symmetric= False
	niter= 45
	niter= 312
	solver time=0.11271023750305176,exit status=0
	RGN solver time= 0.11275863647460938
	xnorm=5.970600486351876,dnorm=0.004804904564974355
	dense amplitude time= 0.04022717475891113
	total non-zero amplitudes= 4900
	nsamples per process= 50
	sample time= 0.3725752830505371
	self.n= 0.3486557380406594
	RGN updated loss=-11.979119091124916,dloss=-4.88426721290125e-08
step= 473

nparam= 1004
	dense amplitude time= 0.09085726737976074
	total non-zero amplitudes= 4900
	nsamples per process= 50
	sample time= 1.5380780696868896
	self.n= 0.3486557380406592
	collect g,h time= 3.4570508003234863
E=-11.979119091124913,dE=-4.884266857629882e-08,std=0
L=-11.979119091124913,dL=-4.884266857629882e-08,std=0
	gnorm= 7.393575593294038e-05
	symmetric= True
	niter= 46
	solver time=0.019921541213989258,exit status=0
	SR solver time= 0.019977569580078125
	symmetric= False
	niter= 312
	solver time=0.08650851249694824,exit status=0
	RGN solver time= 0.08655476570129395
	xnorm=5.971999105039068,dnorm=0.004704779171615895
	dense amplitude time= 0.031722307205200195
	total non-zero amplitudes= 4900
	nsamples per process= 50
	sample time= 0.35311079025268555
	self.n= 0.3487280436062459
	RGN updated loss=-11.979119138948862,dloss=-4.782394924518485e-08
step= 474

nparam= 1004
	dense amplitude time= 0.10058307647705078
	total non-zero amplitudes= 4900
	nsamples per process= 50
	sample time= 1.582559585571289
	self.n= 0.34872804360624554
	collect g,h time= 3.29097580909729
E=-11.979119138948858,dE=-4.782394569247117e-08,std=0
L=-11.979119138948858,dL=-4.782394569247117e-08,std=0
	gnorm= 8.981591936814783e-05
	symmetric= True
	solver time=0.0064907073974609375,exit status=0
	SR solver time= 0.006535053253173828
	symmetric= False
	niter= 45
	niter= 312
	solver time=0.08333778381347656,exit status=0
	RGN solver time= 0.08338189125061035
	xnorm=5.9733837724469,dnorm=0.00472498784424796
	dense amplitude time= 0.022171974182128906
	total non-zero amplitudes= 4900
	nsamples per process= 50
	sample time= 0.3592860698699951
	self.n= 0.3487883450481019
	RGN updated loss=-11.9791191741244,dloss=-3.517554070242568e-08
step= 475

nparam= 1004
	dense amplitude time= 0.0260770320892334
	total non-zero amplitudes= 4900
	nsamples per process= 50
	sample time= 1.5637178421020508
	self.n= 0.3487883450481021
	collect g,h time= 3.2350878715515137
E=-11.979119174124401,dE=-3.517554247878252e-08,std=0
L=-11.979119174124401,dL=-3.517554247878252e-08,std=0
	gnorm= 8.087806632015132e-05
	symmetric= True
	solver time=0.009435415267944336,exit status=0
	SR solver time= 0.009479045867919922
	symmetric= False
	niter= 46
	niter= 312
	solver time=0.11464524269104004,exit status=0
	RGN solver time= 0.11468911170959473
	xnorm=5.97479571817948,dnorm=0.004700071926633455
	dense amplitude time= 0.0313417911529541
	total non-zero amplitudes= 4900
	nsamples per process= 50
	sample time= 0.36301469802856445
	self.n= 0.34886403266740057
	RGN updated loss=-11.97911922522081,dloss=-5.109640888179001e-08
step= 476

nparam= 1004
	dense amplitude time= 0.11676454544067383
	total non-zero amplitudes= 4900
	nsamples per process= 50
	sample time= 1.5349020957946777
	self.n= 0.34886403266740074
	collect g,h time= 3.239082098007202
E=-11.979119225220813,dE=-5.109641243450369e-08,std=0
L=-11.979119225220813,dL=-5.109641243450369e-08,std=0
	gnorm= 6.436195789249653e-05
	symmetric= True
	niter= 45
	solver time=0.008377790451049805,exit status=0
	SR solver time= 0.008432149887084961
	symmetric= False
	niter= 315
	solver time=0.09655308723449707,exit status=0
	RGN solver time= 0.09660720825195312
	xnorm=5.976180073253594,dnorm=0.004676886789559731
	dense amplitude time= 0.018488645553588867
	total non-zero amplitudes= 4900
	nsamples per process= 50
	sample time= 0.35549306869506836
	self.n= 0.34899144757903977
	RGN updated loss=-11.979119266288905,dloss=-4.106809115000942e-08
step= 477

nparam= 1004
	dense amplitude time= 0.12182807922363281
	total non-zero amplitudes= 4900
	nsamples per process= 50
	sample time= 1.5926928520202637
	self.n= 0.34899144757903955
	collect g,h time= 3.3392443656921387
E=-11.979119266288905,dE=-4.106809115000942e-08,std=0
L=-11.979119266288905,dL=-4.106809115000942e-08,std=0
	gnorm= 0.00010633308124839512
	symmetric= True
	solver time=0.019186019897460938,exit status=0
	SR solver time= 0.019237756729125977
	symmetric= False
	niter= 45
	niter= 305
	solver time=0.08367657661437988,exit status=0
	RGN solver time= 0.08371973037719727
	xnorm=5.9775397741946055,dnorm=0.004683412472852972
	dense amplitude time= 0.017637014389038086
	total non-zero amplitudes= 4900
	nsamples per process= 50
	sample time= 0.3620269298553467
	self.n= 0.3490461406229011
	RGN updated loss=-11.979119301087145,dloss=-3.4798240733380226e-08
step= 478

nparam= 1004
	dense amplitude time= 0.1691453456878662
	total non-zero amplitudes= 4900
	nsamples per process= 50
	sample time= 1.5107901096343994
	self.n= 0.3490461406229013
	collect g,h time= 3.3552024364471436
E=-11.979119301087144,dE=-3.4798238957023386e-08,std=0
L=-11.979119301087144,dL=-3.4798238957023386e-08,std=0
	gnorm= 8.261237077824136e-05
	symmetric= True
	solver time=0.0066339969635009766,exit status=0
	SR solver time= 0.006674051284790039
	symmetric= False
	niter= 46
	niter= 311
	solver time=0.08449387550354004,exit status=0
	RGN solver time= 0.08454322814941406
	xnorm=5.9789289979396605,dnorm=0.004618416089530414
	dense amplitude time= 0.028115510940551758
	total non-zero amplitudes= 4900
	nsamples per process= 50
	sample time= 0.36172962188720703
	self.n= 0.34910937649696894
	RGN updated loss=-11.979119350937804,dloss=-4.985066048845965e-08
step= 479

nparam= 1004
	dense amplitude time= 0.09679579734802246
	total non-zero amplitudes= 4900
	nsamples per process= 50
	sample time= 1.5574276447296143
	self.n= 0.3491093764969681
	collect g,h time= 3.3740382194519043
E=-11.979119350937804,dE=-4.985066048845965e-08,std=0
L=-11.979119350937804,dL=-4.985066048845965e-08,std=0
	gnorm= 8.58249071560639e-05
	symmetric= True
	solver time=0.008063077926635742,exit status=0
	SR solver time= 0.008106708526611328
	symmetric= False
	niter= 47
	niter= 298
	solver time=0.07868051528930664,exit status=0
	RGN solver time= 0.0787343978881836
	xnorm=5.980269163755244,dnorm=0.004564820466618138
	dense amplitude time= 0.018799304962158203
	total non-zero amplitudes= 4900
	nsamples per process= 50
	sample time= 0.35648155212402344
	self.n= 0.34917798155749585
	RGN updated loss=-11.979119393184533,dloss=-4.224672878194724e-08
step= 480

nparam= 1004
	dense amplitude time= 0.1360151767730713
	total non-zero amplitudes= 4900
	nsamples per process= 50
	sample time= 1.5652275085449219
	self.n= 0.34917798155749546
	collect g,h time= 3.455542802810669
E=-11.979119393184536,dE=-4.224673233466092e-08,std=0
L=-11.979119393184536,dL=-4.224673233466092e-08,std=0
	gnorm= 0.00010170919940478504
	symmetric= True
	solver time=0.006582975387573242,exit status=0
	SR solver time= 0.006620168685913086
	symmetric= False
	niter= 45
	niter= 309
	solver time=0.08077597618103027,exit status=0
	RGN solver time= 0.08082079887390137
	xnorm=5.98162327410871,dnorm=0.004653692493987492
	dense amplitude time= 0.01998734474182129
	total non-zero amplitudes= 4900
	nsamples per process= 50
	sample time= 0.3573415279388428
	self.n= 0.34929650349210983
	RGN updated loss=-11.979119423784978,dloss=-3.0600441291994684e-08
step= 481

nparam= 1004
	dense amplitude time= 0.061783552169799805
	total non-zero amplitudes= 4900
	nsamples per process= 50
	sample time= 1.498908519744873
	self.n= 0.34929650349210983
	collect g,h time= 3.407437562942505
E=-11.97911942378498,dE=-3.0600443068351524e-08,std=0
L=-11.97911942378498,dL=-3.0600443068351524e-08,std=0
	gnorm= 0.00010374919294885935
	symmetric= True
	solver time=0.013053417205810547,exit status=0
	SR solver time= 0.01309967041015625
	symmetric= False
	niter= 46
	niter= 303
	solver time=0.12319159507751465,exit status=0
	RGN solver time= 0.12323737144470215
	xnorm=5.982976773908393,dnorm=0.004575511317740785
	dense amplitude time= 0.019629716873168945
	total non-zero amplitudes= 4900
	nsamples per process= 50
	sample time= 0.3539924621582031
	self.n= 0.3493507471895725
	RGN updated loss=-11.979119473349165,dloss=-4.9564185644612735e-08
step= 482

nparam= 1004
	dense amplitude time= 0.059783220291137695
	total non-zero amplitudes= 4900
	nsamples per process= 50
	sample time= 1.5177991390228271
	self.n= 0.3493507471895725
	collect g,h time= 3.3564047813415527
E=-11.979119473349167,dE=-4.9564187420969574e-08,std=0
L=-11.979119473349167,dL=-4.9564187420969574e-08,std=0
	gnorm= 7.541393643487268e-05
	symmetric= True
	solver time=0.0066623687744140625,exit status=0
	SR solver time= 0.0067234039306640625
	symmetric= False
	niter= 46
	niter= 304
	solver time=0.07866239547729492,exit status=0
	RGN solver time= 0.07870769500732422
	xnorm=5.984299200650728,dnorm=0.0044900604905614185
	dense amplitude time= 0.01830148696899414
	total non-zero amplitudes= 4900
	nsamples per process= 50
	sample time= 0.3504006862640381
	self.n= 0.3494093845076831
	RGN updated loss=-11.979119516686438,dloss=-4.333727154914868e-08
step= 483

nparam= 1004
	dense amplitude time= 0.11862301826477051
	total non-zero amplitudes= 4900
	nsamples per process= 50
	sample time= 1.504702091217041
	self.n= 0.349409384507683
	collect g,h time= 3.348681926727295
E=-11.979119516686437,dE=-4.333726977279184e-08,std=0
L=-11.979119516686437,dL=-4.333726977279184e-08,std=0
	gnorm= 0.00013392766050554476
	symmetric= True
	solver time=0.00698089599609375,exit status=0
	SR solver time= 0.0070209503173828125
	symmetric= False
	niter= 44
	niter= 296
	solver time=0.0948030948638916,exit status=0
	RGN solver time= 0.0948491096496582
	xnorm=5.985601412553401,dnorm=0.004601721184314643
	dense amplitude time= 0.03773999214172363
	total non-zero amplitudes= 4900
	nsamples per process= 50
	sample time= 0.35882043838500977
	self.n= 0.34952242556770224
	RGN updated loss=-11.979119543105865,dloss=-2.6419428422741476e-08
step= 484

nparam= 1004
	dense amplitude time= 0.11597919464111328
	total non-zero amplitudes= 4900
	nsamples per process= 50
	sample time= 1.4989731311798096
	self.n= 0.34952242556770236
	collect g,h time= 3.362471103668213
E=-11.979119543105865,dE=-2.6419428422741476e-08,std=0
L=-11.979119543105865,dL=-2.6419428422741476e-08,std=0
	gnorm= 9.831028177628886e-05
	symmetric= True
	solver time=0.0067901611328125,exit status=0
	SR solver time= 0.006844282150268555
	symmetric= False
	niter= 45
	niter= 307
	solver time=0.09068059921264648,exit status=0
	RGN solver time= 0.09072184562683105
	xnorm=5.9869552049063355,dnorm=0.004536952120159648
	dense amplitude time= 0.01847982406616211
	total non-zero amplitudes= 4900
	nsamples per process= 50
	sample time= 0.35527896881103516
	self.n= 0.3495584887840498
	RGN updated loss=-11.979119595268088,dloss=-5.216222298543016e-08
step= 485

nparam= 1004
	dense amplitude time= 0.19424915313720703
	total non-zero amplitudes= 4900
	nsamples per process= 50
	sample time= 1.5230457782745361
	self.n= 0.3495584887840497
	collect g,h time= 3.3897628784179688
E=-11.979119595268088,dE=-5.216222298543016e-08,std=0
L=-11.979119595268088,dL=-5.216222298543016e-08,std=0
	gnorm= 9.588738701680455e-05
	symmetric= True
	solver time=0.008395910263061523,exit status=0
	SR solver time= 0.008457660675048828
	symmetric= False
	niter= 47
	niter= 289
	solver time=0.07804751396179199,exit status=0
	RGN solver time= 0.0780954360961914
	xnorm=5.988218015648014,dnorm=0.004473579164574104
	dense amplitude time= 0.020038604736328125
	total non-zero amplitudes= 4900
	nsamples per process= 50
	sample time= 0.3499882221221924
	self.n= 0.3496077104485972
	RGN updated loss=-11.979119633731402,dloss=-3.846331431134331e-08
step= 486

nparam= 1004
	dense amplitude time= 0.21125221252441406
	total non-zero amplitudes= 4900
	nsamples per process= 50
	sample time= 1.513216495513916
	self.n= 0.34960771044859706
	collect g,h time= 3.2952778339385986
E=-11.979119633731397,dE=-3.846330898227279e-08,std=0
L=-11.979119633731397,dL=-3.846330898227279e-08,std=0
	gnorm= 9.832118635665215e-05
	symmetric= True
	solver time=0.025217056274414062,exit status=0
	SR solver time= 0.025296926498413086
	symmetric= False
	niter= 45
	niter= 306
	solver time=0.0982503890991211,exit status=0
	RGN solver time= 0.09830451011657715
	xnorm=5.98951083070181,dnorm=0.004492499091768047
	dense amplitude time= 0.0381467342376709
	total non-zero amplitudes= 4900
	nsamples per process= 50
	sample time= 0.35736966133117676
	self.n= 0.3496579621439094
	RGN updated loss=-11.979119666273764,dloss=-3.2542367023324914e-08
step= 487

nparam= 1004
	dense amplitude time= 0.1007235050201416
	total non-zero amplitudes= 4900
	nsamples per process= 50
	sample time= 1.50142240524292
	self.n= 0.349657962143909
	collect g,h time= 3.24204158782959
E=-11.979119666273759,dE=-3.2542361694254396e-08,std=0
L=-11.979119666273759,dL=-3.2542361694254396e-08,std=0
	gnorm= 0.00011536248614833089
	symmetric= True
	solver time=0.014954566955566406,exit status=0
	SR solver time= 0.015007972717285156
	symmetric= False
	niter= 45
	niter= 301
	solver time=0.07906913757324219,exit status=0
	RGN solver time= 0.07912087440490723
	xnorm=5.990802058391971,dnorm=0.004520441720816615
	dense amplitude time= 0.020416259765625
	total non-zero amplitudes= 4900
	nsamples per process= 50
	sample time= 0.3548092842102051
	self.n= 0.349769028685864
	RGN updated loss=-11.979119708031433,dloss=-4.175767465142144e-08
step= 488

nparam= 1004
	dense amplitude time= 0.1407766342163086
	total non-zero amplitudes= 4900
	nsamples per process= 50
	sample time= 1.5075435638427734
	self.n= 0.3497690286858638
	collect g,h time= 3.317270278930664
E=-11.979119708031433,dE=-4.175767465142144e-08,std=0
L=-11.979119708031433,dL=-4.175767465142144e-08,std=0
	gnorm= 8.299207990388781e-05
	symmetric= True
	solver time=0.008453369140625,exit status=0
	SR solver time= 0.008594751358032227
	symmetric= False
	niter= 46
	niter= 306
	solver time=0.08001208305358887,exit status=0
	RGN solver time= 0.08005881309509277
	xnorm=5.992082701706397,dnorm=0.0044039078854444975
	dense amplitude time= 0.017525911331176758
	total non-zero amplitudes= 4900
	nsamples per process= 50
	sample time= 0.3538954257965088
	self.n= 0.3498121805122475
	RGN updated loss=-11.97911975181499,dloss=-4.378355633605224e-08
step= 489

nparam= 1004
	dense amplitude time= 0.16100478172302246
	total non-zero amplitudes= 4900
	nsamples per process= 50
	sample time= 1.5281140804290771
	self.n= 0.3498121805122473
	collect g,h time= 3.2530388832092285
E=-11.97911975181499,dE=-4.378355633605224e-08,std=0
L=-11.97911975181499,dL=-4.378355633605224e-08,std=0
	gnorm= 0.00011782780925806497
	symmetric= True
	solver time=0.007010459899902344,exit status=0
	SR solver time= 0.007047414779663086
	symmetric= False
	niter= 44
	niter= 294
	solver time=0.08878612518310547,exit status=0
	RGN solver time= 0.08884072303771973
	xnorm=5.993318339313232,dnorm=0.004446068132704393
	dense amplitude time= 0.030183792114257812
	total non-zero amplitudes= 4900
	nsamples per process= 50
	sample time= 0.34815049171447754
	self.n= 0.34985415712799567
	RGN updated loss=-11.979119779147615,dloss=-2.7332625052167714e-08
step= 490

nparam= 1004
	dense amplitude time= 0.12010693550109863
	total non-zero amplitudes= 4900
	nsamples per process= 50
	sample time= 1.494504451751709
	self.n= 0.3498541571279957
	collect g,h time= 3.3046305179595947
E=-11.979119779147618,dE=-2.7332628604881393e-08,std=0
L=-11.979119779147618,dL=-2.7332628604881393e-08,std=0
	gnorm= 8.23467298357661e-05
	symmetric= True
	solver time=0.006743907928466797,exit status=0
	SR solver time= 0.006780147552490234
	symmetric= False
	niter= 45
	niter= 311
	solver time=0.09166789054870605,exit status=0
	RGN solver time= 0.09171938896179199
	xnorm=5.99462176140204,dnorm=0.004447776522293164
	dense amplitude time= 0.018448352813720703
	total non-zero amplitudes= 4900
	nsamples per process= 50
	sample time= 0.35141968727111816
	self.n= 0.3499707210823071
	RGN updated loss=-11.97911982335825,dloss=-4.421063160009453e-08
step= 491

nparam= 1004
	dense amplitude time= 0.1535794734954834
	total non-zero amplitudes= 4900
	nsamples per process= 50
	sample time= 1.5226261615753174
	self.n= 0.34997072108230676
	collect g,h time= 3.2498302459716797
E=-11.979119823358246,dE=-4.421062804738085e-08,std=0
L=-11.979119823358246,dL=-4.421062804738085e-08,std=0
	gnorm= 9.290783249270467e-05
	symmetric= True
	solver time=0.0069696903228759766,exit status=0
	SR solver time= 0.007016420364379883
	symmetric= False
	niter= 46
	niter= 300
	solver time=0.07928586006164551,exit status=0
	RGN solver time= 0.07932782173156738
	xnorm=5.995843331724428,dnorm=0.004361631554229146
	dense amplitude time= 0.019217491149902344
	total non-zero amplitudes= 4900
	nsamples per process= 50
	sample time= 0.3641183376312256
	self.n= 0.3500171278701579
	RGN updated loss=-11.979119862356454,dloss=-3.8998207330109835e-08
step= 492

nparam= 1004
	dense amplitude time= 0.09420514106750488
	total non-zero amplitudes= 4900
	nsamples per process= 50
	sample time= 1.4935803413391113
	self.n= 0.3500171278701576
	collect g,h time= 3.370361804962158
E=-11.979119862356455,dE=-3.8998209106466675e-08,std=0
L=-11.979119862356455,dL=-3.8998209106466675e-08,std=0
	gnorm= 9.557538355226413e-05
	symmetric= True
	solver time=0.013299703598022461,exit status=0
	SR solver time= 0.013351678848266602
	symmetric= False
	niter= 45
	niter= 305
	solver time=0.09870386123657227,exit status=0
	RGN solver time= 0.09875893592834473
	xnorm=5.997098254386743,dnorm=0.004376792021999329
	dense amplitude time= 0.01958608627319336
	total non-zero amplitudes= 4900
	nsamples per process= 50
	sample time= 0.3532896041870117
	self.n= 0.3500491312618698
	RGN updated loss=-11.979119892027388,dloss=-2.9670932377712234e-08
step= 493

nparam= 1004
	dense amplitude time= 0.14366555213928223
	total non-zero amplitudes= 4900
	nsamples per process= 50
	sample time= 1.559966802597046
	self.n= 0.35004913126187015
	collect g,h time= 3.33853816986084
E=-11.979119892027386,dE=-2.9670930601355394e-08,std=0
L=-11.979119892027386,dL=-2.9670930601355394e-08,std=0
	gnorm= 8.481256375823674e-05
	symmetric= True
	solver time=0.009062051773071289,exit status=0
	SR solver time= 0.009105920791625977
	symmetric= False
	niter= 45
	niter= 311
	solver time=0.08274316787719727,exit status=0
	RGN solver time= 0.08278751373291016
	xnorm=5.998358410489537,dnorm=0.004393515732816379
	dense amplitude time= 0.018570423126220703
	total non-zero amplitudes= 4900
	nsamples per process= 50
	sample time= 0.3469371795654297
	self.n= 0.35016169035760025
	RGN updated loss=-11.979119934288772,dloss=-4.226138550222913e-08
step= 494

nparam= 1004
	dense amplitude time= 0.030983448028564453
	total non-zero amplitudes= 4900
	nsamples per process= 50
	sample time= 1.549562931060791
	self.n= 0.35016169035760014
	collect g,h time= 3.2952401638031006
E=-11.979119934288772,dE=-4.226138550222913e-08,std=0
L=-11.979119934288772,dL=-4.226138550222913e-08,std=0
	gnorm= 8.733017648386374e-05
	symmetric= True
	niter= 44
	solver time=0.02588963508605957,exit status=0
	SR solver time= 0.025946617126464844
	symmetric= False
	niter= 311
	solver time=0.09666633605957031,exit status=0
	RGN solver time= 0.09671807289123535
	xnorm=5.999608424423276,dnorm=0.004353346012353645
	dense amplitude time= 0.01944112777709961
	total non-zero amplitudes= 4900
	nsamples per process= 50
	sample time= 0.35958313941955566
	self.n= 0.35019212267776884
	RGN updated loss=-11.979119964041107,dloss=-2.975233570623459e-08
step= 495

nparam= 1004
	dense amplitude time= 0.14510750770568848
	total non-zero amplitudes= 4900
	nsamples per process= 50
	sample time= 1.485731601715088
	self.n= 0.35019212267776845
	collect g,h time= 3.30365252494812
E=-11.97911996404111,dE=-2.9752339258948268e-08,std=0
L=-11.97911996404111,dL=-2.9752339258948268e-08,std=0
	gnorm= 7.289467691103123e-05
	symmetric= True
	solver time=0.039414167404174805,exit status=0
	SR solver time= 0.039549827575683594
	niter= 46
	symmetric= False
	niter= 312
	solver time=0.10215425491333008,exit status=0
	RGN solver time= 0.10225796699523926
	xnorm=6.000827917488838,dnorm=0.0043150627798773525
	dense amplitude time= 0.028251171112060547
	total non-zero amplitudes= 4900
	nsamples per process= 50
	sample time= 0.35531091690063477
	self.n= 0.35024123579376876
	RGN updated loss=-11.979120008872345,dloss=-4.4831233836362117e-08
step= 496

nparam= 1004
	dense amplitude time= 0.14350509643554688
	total non-zero amplitudes= 4900
	nsamples per process= 50
	sample time= 1.5168395042419434
	self.n= 0.3502412357937686
	collect g,h time= 3.237447500228882
E=-11.979120008872348,dE=-4.4831237389075795e-08,std=0
L=-11.979120008872348,dL=-4.4831237389075795e-08,std=0
	gnorm= 5.72286656146559e-05
	symmetric= True
	solver time=0.02778029441833496,exit status=0
	SR solver time= 0.0278317928314209
	symmetric= False
	niter= 45
	niter= 	solver time=0.10076785087585449,exit status=0
	RGN solver time= 0.10082888603210449
	xnorm=6.002058509265001,dnorm=0.00429601684000791
316
	dense amplitude time= 0.04045438766479492
	total non-zero amplitudes= 4900
	nsamples per process= 50
	sample time= 0.3464064598083496
	self.n= 0.35033697923174156
	RGN updated loss=-11.979120041960515,dloss=-3.3088166873085356e-08
step= 497

nparam= 1004
	dense amplitude time= 0.036028146743774414
	total non-zero amplitudes= 4900
	nsamples per process= 50
	sample time= 1.4975008964538574
	self.n= 0.35033697923174156
	collect g,h time= 3.3155369758605957
E=-11.979120041960513,dE=-3.308816509672852e-08,std=0
L=-11.979120041960513,dL=-3.308816509672852e-08,std=0
	gnorm= 0.00011643222572300638
	symmetric= True
	solver time=0.011588335037231445,exit status=0
	SR solver time= 0.011634111404418945
	symmetric= False
	niter= 44
	niter= 297
	solver time=0.11320281028747559,exit status=0
	RGN solver time= 0.11325240135192871
	xnorm=6.003252498949127,dnorm=0.004315806508523813
	dense amplitude time= 0.020381927490234375
	total non-zero amplitudes= 4900
	nsamples per process= 50
	sample time= 0.36063694953918457
	self.n= 0.3503705900900513
	RGN updated loss=-11.97912006942594,dloss=-2.7465427265838116e-08
step= 498

nparam= 1004
	dense amplitude time= 0.15687894821166992
	total non-zero amplitudes= 4900
	nsamples per process= 50
	sample time= 1.5004560947418213
	self.n= 0.3503705900900509
	collect g,h time= 3.404489517211914
E=-11.979120069425937,dE=-2.7465423713124437e-08,std=0
L=-11.979120069425937,dL=-2.7465423713124437e-08,std=0
	gnorm= 8.467698738939537e-05
	symmetric= True
	solver time=0.007393836975097656,exit status=0
	SR solver time= 0.007440328598022461
	symmetric= False
	niter= 46
	niter= 304
	solver time=0.08659124374389648,exit status=0
	RGN solver time= 0.08663558959960938
	xnorm=6.004499224580832,dnorm=0.004236894113381961
	dense amplitude time= 0.03867483139038086
	total non-zero amplitudes= 4900
	nsamples per process= 50
	sample time= 0.35282444953918457
	self.n= 0.3504187944870537
	RGN updated loss=-11.979120115145752,dloss=-4.5719815489064786e-08
step= 499

nparam= 1004
	dense amplitude time= 0.1892707347869873
	total non-zero amplitudes= 4900
	nsamples per process= 50
	sample time= 1.5090961456298828
	self.n= 0.3504187944870532
	collect g,h time= 3.218127727508545
E=-11.97912011514575,dE=-4.5719813712707946e-08,std=0
L=-11.97912011514575,dL=-4.5719813712707946e-08,std=0
	gnorm= 0.00010849748488997541
	symmetric= True
	solver time=0.006998777389526367,exit status=0
	SR solver time= 0.0070416927337646484
	symmetric= False
	niter= 45
	niter= 291
	solver time=0.08943939208984375,exit status=0
	RGN solver time= 0.08948731422424316
	xnorm=6.005681271856465,dnorm=0.0042430399669974765
	dense amplitude time= 0.019559860229492188
	total non-zero amplitudes= 4900
	nsamples per process= 50
	sample time= 0.35146427154541016
	self.n= 0.3505179075850785
	RGN updated loss=-11.979120144299468,dloss=-2.915371766221142e-08
