burn_in= 5
every= 5
layer= 0
nparam= 4950

step= 0

nparam= 9900
	log prob= -8.849298138868164
	burn in time= 17.58612608909607
	sample time= 121.19683337211609
	self.n= 500.0
	nsamples= 500.0

Mean energy: -1.03319013e+02
Block size    # of blocks        Mean                Error
     1            500       -1.03319013e+02       1.740088e-01
     2            250       -1.03319013e+02       2.139495e-01
     5            100       -1.03319013e+02       2.709239e-01
    10             50       -1.03319013e+02       2.998364e-01
    20             25       -1.03319013e+02       3.248105e-01
    50             10       -1.03319013e+02       3.418793e-01
    70              7       -1.03276585e+02       2.765081e-01
   100              5       -1.03319013e+02       4.522254e-01
   200              2       -1.03118373e+02       3.997724e-01
Stocahstic error estimate: 3.418793e-01


Mean energy: -1.03319013e+02
Block size    # of blocks        Mean                Error
     1            500       -1.03319013e+02       1.740088e-01
     2            250       -1.03319013e+02       2.139495e-01
     5            100       -1.03319013e+02       2.709239e-01
    10             50       -1.03319013e+02       2.998364e-01
    20             25       -1.03319013e+02       3.248105e-01
    50             10       -1.03319013e+02       3.418793e-01
    70              7       -1.03276585e+02       2.765081e-01
   100              5       -1.03319013e+02       4.522254e-01
   200              2       -1.03118373e+02       3.997724e-01
Stocahstic error estimate: 3.418793e-01

	collect g,h time= 0.014228105545043945
E=-103.31901335570225,dE=0,std=0.34187931180775166
L=-103.31901335570225,dL=0,std=0.34187931180775166
	gnorm= 48.08634964112542
	symmetric= True
	solver time=0.013460397720336914,exit status=0
	SR solver time= 0.01351785659790039
	xnorm=6.466758959129105,dnorm=0.18703310830792647
	niter= 12
step= 1

nparam= 9900
	log prob= -8.72226724729552
	burn in time= 21.893576622009277
	sample time= 113.57834386825562
	self.n= 500.0
	nsamples= 500.0

Mean energy: -1.05013999e+02
Block size    # of blocks        Mean                Error
     1            500       -1.05013999e+02       1.459078e-01
     2            250       -1.05013999e+02       1.777391e-01
     5            100       -1.05013999e+02       2.390561e-01
    10             50       -1.05013999e+02       2.640157e-01
    20             25       -1.05013999e+02       2.770656e-01
    50             10       -1.05013999e+02       3.416500e-01
    70              7       -1.04993477e+02       4.098364e-01
   100              5       -1.05013999e+02       3.597081e-01
   200              2       -1.04700431e+02       1.635415e-01
Stocahstic error estimate: 2.770656e-01


Mean energy: -1.05013999e+02
Block size    # of blocks        Mean                Error
     1            500       -1.05013999e+02       1.459078e-01
     2            250       -1.05013999e+02       1.777391e-01
     5            100       -1.05013999e+02       2.390561e-01
    10             50       -1.05013999e+02       2.640157e-01
    20             25       -1.05013999e+02       2.770656e-01
    50             10       -1.05013999e+02       3.416500e-01
    70              7       -1.04993477e+02       4.098364e-01
   100              5       -1.05013999e+02       3.597081e-01
   200              2       -1.04700431e+02       1.635415e-01
Stocahstic error estimate: 2.770656e-01

	collect g,h time= 0.01059722900390625
E=-105.01399889501383,dE=-1.694985539311574,std=0.27706557771142254
L=-105.01399889501383,dL=-1.694985539311574,std=0.27706557771142254
	gnorm= 15.25759812320667
	symmetric= True
	solver time=0.014822006225585938,exit status=0
	SR solver time= 0.014896392822265625
	xnorm=6.448660615652978,dnorm=0.1095751066571069
	niter= 20
step= 2

nparam= 9900
	log prob= -8.980763748955255
	burn in time= 19.27402973175049
	sample time= 97.70791029930115
	self.n= 500.0
	nsamples= 500.0

Mean energy: -1.05201128e+02
Block size    # of blocks        Mean                Error
     1            500       -1.05201128e+02       1.435261e-01
     2            250       -1.05201128e+02       1.813022e-01
     5            100       -1.05201128e+02       2.254604e-01
    10             50       -1.05201128e+02       2.731526e-01
    20             25       -1.05201128e+02       2.678693e-01
    50             10       -1.05201128e+02       2.548103e-01
    70              7       -1.05179962e+02       2.531166e-01
   100              5       -1.05201128e+02       2.622840e-01
   200              2       -1.05151786e+02       6.058517e-01
Stocahstic error estimate: 2.731526e-01


Mean energy: -1.05201128e+02
Block size    # of blocks        Mean                Error
     1            500       -1.05201128e+02       1.435261e-01
     2            250       -1.05201128e+02       1.813022e-01
     5            100       -1.05201128e+02       2.254604e-01
    10             50       -1.05201128e+02       2.731526e-01
    20             25       -1.05201128e+02       2.678693e-01
    50             10       -1.05201128e+02       2.548103e-01
    70              7       -1.05179962e+02       2.531166e-01
   100              5       -1.05201128e+02       2.622840e-01
   200              2       -1.05151786e+02       6.058517e-01
Stocahstic error estimate: 2.731526e-01

	collect g,h time= 0.009933948516845703
E=-105.201127575111,dE=-0.18712868009717454,std=0.2731525511321552
L=-105.201127575111,dL=-0.18712868009717454,std=0.2731525511321552
	gnorm= 17.28829299153819
	symmetric= True
	solver time=0.011769294738769531,exit status=0
	SR solver time= 0.011835813522338867
	xnorm=6.436710120256485,dnorm=0.10366367555188649
	niter= 20
step= 3

nparam= 9900
	log prob= -10.554262838677147
	burn in time= 19.75317668914795
	sample time= 107.40883302688599
	self.n= 500.0
	nsamples= 500.0

Mean energy: -1.05448007e+02
Block size    # of blocks        Mean                Error
     1            500       -1.05448007e+02       1.382126e-01
     2            250       -1.05448007e+02       1.707743e-01
     5            100       -1.05448007e+02       2.089660e-01
    10             50       -1.05448007e+02       2.307174e-01
    20             25       -1.05448007e+02       2.355856e-01
    50             10       -1.05448007e+02       2.378259e-01
    70              7       -1.05442025e+02       2.374258e-01
   100              5       -1.05448007e+02       1.841830e-01
   200              2       -1.05390071e+02       1.188273e-01
Stocahstic error estimate: 2.355856e-01


Mean energy: -1.05448007e+02
Block size    # of blocks        Mean                Error
     1            500       -1.05448007e+02       1.382126e-01
     2            250       -1.05448007e+02       1.707743e-01
     5            100       -1.05448007e+02       2.089660e-01
    10             50       -1.05448007e+02       2.307174e-01
    20             25       -1.05448007e+02       2.355856e-01
    50             10       -1.05448007e+02       2.378259e-01
    70              7       -1.05442025e+02       2.374258e-01
   100              5       -1.05448007e+02       1.841830e-01
   200              2       -1.05390071e+02       1.188273e-01
Stocahstic error estimate: 2.355856e-01

	collect g,h time= 0.009516000747680664
E=-105.4480073038113,dE=-0.24687972870029284,std=0.23558558852703798
L=-105.4480073038113,dL=-0.24687972870029284,std=0.23558558852703798
	gnorm= 16.540919982133147
	symmetric= True
	solver time=0.010430335998535156,exit status=0
	SR solver time= 0.010495185852050781
	xnorm=6.426401363187906,dnorm=0.10483437212396177
	niter= 19
step= 4

nparam= 9900
	log prob= -10.822339285540025
	burn in time= 22.200998783111572
	sample time= 105.39916563034058
	self.n= 500.0
	nsamples= 500.0

Mean energy: -1.05329993e+02
Block size    # of blocks        Mean                Error
     1            500       -1.05329993e+02       1.612220e-01
     2            250       -1.05329993e+02       1.991231e-01
     5            100       -1.05329993e+02       2.566701e-01
    10             50       -1.05329993e+02       3.075773e-01
    20             25       -1.05329993e+02       3.849227e-01
    50             10       -1.05329993e+02       4.254806e-01
    70              7       -1.05379190e+02       5.984129e-01
   100              5       -1.05329993e+02       4.938994e-01
   200              2       -1.05358612e+02       6.828753e-01
Stocahstic error estimate: 5.984129e-01


Mean energy: -1.05329993e+02
Block size    # of blocks        Mean                Error
     1            500       -1.05329993e+02       1.612220e-01
     2            250       -1.05329993e+02       1.991231e-01
     5            100       -1.05329993e+02       2.566701e-01
    10             50       -1.05329993e+02       3.075773e-01
    20             25       -1.05329993e+02       3.849227e-01
    50             10       -1.05329993e+02       4.254806e-01
    70              7       -1.05379190e+02       5.984129e-01
   100              5       -1.05329993e+02       4.938994e-01
   200              2       -1.05358612e+02       6.828753e-01
Stocahstic error estimate: 5.984129e-01

	collect g,h time= 0.009326696395874023
E=-105.32999329666087,dE=0.11801400715042121,std=0.5984129018468688
L=-105.32999329666087,dL=0.11801400715042121,std=0.5984129018468688
	gnorm= 78.32234799360133
	symmetric= True
	solver time=0.004357099533081055,exit status=0
	SR solver time= 0.004404306411743164
	xnorm=6.4153564988401905,dnorm=0.49853184295273134
	niter= 6
step= 5

nparam= 9900
	log prob= -12.09992332890171
	burn in time= 21.32239031791687
	sample time= 103.25598764419556
	self.n= 500.0
	nsamples= 500.0

Mean energy: -1.05963856e+02
Block size    # of blocks        Mean                Error
     1            500       -1.05963856e+02       1.285219e-01
     2            250       -1.05963856e+02       1.621062e-01
     5            100       -1.05963856e+02       2.153486e-01
    10             50       -1.05963856e+02       2.373173e-01
    20             25       -1.05963856e+02       2.673638e-01
    50             10       -1.05963856e+02       2.932394e-01
    70              7       -1.05961149e+02       2.711308e-01
   100              5       -1.05963856e+02       1.380514e-01
   200              2       -1.05894148e+02       2.491999e-01
Stocahstic error estimate: 2.932394e-01


Mean energy: -1.05963856e+02
Block size    # of blocks        Mean                Error
     1            500       -1.05963856e+02       1.285219e-01
     2            250       -1.05963856e+02       1.621062e-01
     5            100       -1.05963856e+02       2.153486e-01
    10             50       -1.05963856e+02       2.373173e-01
    20             25       -1.05963856e+02       2.673638e-01
    50             10       -1.05963856e+02       2.932394e-01
    70              7       -1.05961149e+02       2.711308e-01
   100              5       -1.05963856e+02       1.380514e-01
   200              2       -1.05894148e+02       2.491999e-01
Stocahstic error estimate: 2.932394e-01

	collect g,h time= 0.009796142578125
E=-105.96385560842958,dE=-0.6338623117687092,std=0.29323935957168695
L=-105.96385560842958,dL=-0.6338623117687092,std=0.29323935957168695
	gnorm= 13.575352880265497
	symmetric= True
	solver time=0.0110626220703125,exit status=0
	SR solver time= 0.011125326156616211
	xnorm=6.3778925710605305,dnorm=0.09894122608726297
	niter= 19
step= 6

nparam= 9900
	log prob= -14.5775860733998
	burn in time= 21.076220750808716
	sample time= 109.67670392990112
	self.n= 500.0
	nsamples= 500.0

Mean energy: -1.06414789e+02
Block size    # of blocks        Mean                Error
     1            500       -1.06414789e+02       1.240118e-01
     2            250       -1.06414789e+02       1.611342e-01
     5            100       -1.06414789e+02       2.066827e-01
    10             50       -1.06414789e+02       2.323055e-01
    20             25       -1.06414789e+02       2.390330e-01
    50             10       -1.06414789e+02       2.635066e-01
    70              7       -1.06429657e+02       3.464551e-01
   100              5       -1.06414789e+02       2.513587e-01
   200              2       -1.06573173e+02       3.274458e-01
Stocahstic error estimate: 2.390330e-01


Mean energy: -1.06414789e+02
Block size    # of blocks        Mean                Error
     1            500       -1.06414789e+02       1.240118e-01
     2            250       -1.06414789e+02       1.611342e-01
     5            100       -1.06414789e+02       2.066827e-01
    10             50       -1.06414789e+02       2.323055e-01
    20             25       -1.06414789e+02       2.390330e-01
    50             10       -1.06414789e+02       2.635066e-01
    70              7       -1.06429657e+02       3.464551e-01
   100              5       -1.06414789e+02       2.513587e-01
   200              2       -1.06573173e+02       3.274458e-01
Stocahstic error estimate: 2.390330e-01

	collect g,h time= 0.00968170166015625
E=-106.41478913625272,dE=-0.450933527823139,std=0.23903298288235933
L=-106.41478913625272,dL=-0.450933527823139,std=0.23903298288235933
	gnorm= 12.198387354815319
	symmetric= True
	solver time=0.011896133422851562,exit status=0
	SR solver time= 0.011972188949584961
	xnorm=6.368578317804889,dnorm=0.09737978509619896
	niter= 20
step= 7

nparam= 9900
	log prob= -11.587527106853216
	burn in time= 21.875093936920166
	sample time= 108.85314559936523
	self.n= 500.0
	nsamples= 500.0

Mean energy: -1.06309241e+02
Block size    # of blocks        Mean                Error
     1            500       -1.06309241e+02       1.058228e-01
     2            250       -1.06309241e+02       1.306850e-01
     5            100       -1.06309241e+02       1.677391e-01
    10             50       -1.06309241e+02       1.843912e-01
    20             25       -1.06309241e+02       1.882519e-01
    50             10       -1.06309241e+02       2.160897e-01
    70              7       -1.06307174e+02       1.683360e-01
   100              5       -1.06309241e+02       2.583276e-01
   200              2       -1.06314428e+02       1.943768e-01
Stocahstic error estimate: 1.882519e-01


Mean energy: -1.06309241e+02
Block size    # of blocks        Mean                Error
     1            500       -1.06309241e+02       1.058228e-01
     2            250       -1.06309241e+02       1.306850e-01
     5            100       -1.06309241e+02       1.677391e-01
    10             50       -1.06309241e+02       1.843912e-01
    20             25       -1.06309241e+02       1.882519e-01
    50             10       -1.06309241e+02       2.160897e-01
    70              7       -1.06307174e+02       1.683360e-01
   100              5       -1.06309241e+02       2.583276e-01
   200              2       -1.06314428e+02       1.943768e-01
Stocahstic error estimate: 1.882519e-01

	collect g,h time= 0.009720802307128906
E=-106.30924148958995,dE=0.10554764666277094,std=0.18825194794314098
L=-106.30924148958995,dL=0.10554764666277094,std=0.18825194794314098
	gnorm= 10.793481883529063
	symmetric= True
	solver time=0.011977434158325195,exit status=0
	SR solver time= 0.012052297592163086
	xnorm=6.359632561066731,dnorm=0.08814715172584348
	niter= 21
step= 8

nparam= 9900
	log prob= -11.520192430875056
	burn in time= 18.45256519317627
	sample time= 102.22699117660522
	self.n= 500.0
	nsamples= 500.0

Mean energy: -1.06593144e+02
Block size    # of blocks        Mean                Error
     1            500       -1.06593144e+02       1.227447e-01
     2            250       -1.06593144e+02       1.574330e-01
     5            100       -1.06593144e+02       2.110253e-01
    10             50       -1.06593144e+02       2.568485e-01
    20             25       -1.06593144e+02       3.027065e-01
    50             10       -1.06593144e+02       3.921225e-01
    70              7       -1.06605616e+02       3.870563e-01
   100              5       -1.06593144e+02       5.237913e-01
   200              2       -1.06694763e+02       1.147479e+00
Stocahstic error estimate: 3.921225e-01


Mean energy: -1.06593144e+02
Block size    # of blocks        Mean                Error
     1            500       -1.06593144e+02       1.227447e-01
     2            250       -1.06593144e+02       1.574330e-01
     5            100       -1.06593144e+02       2.110253e-01
    10             50       -1.06593144e+02       2.568485e-01
    20             25       -1.06593144e+02       3.027065e-01
    50             10       -1.06593144e+02       3.921225e-01
    70              7       -1.06605616e+02       3.870563e-01
   100              5       -1.06593144e+02       5.237913e-01
   200              2       -1.06694763e+02       1.147479e+00
Stocahstic error estimate: 3.921225e-01

	collect g,h time= 0.00974583625793457
E=-106.59314440543257,dE=-0.2839029158426172,std=0.3921225101017717
L=-106.59314440543257,dL=-0.2839029158426172,std=0.3921225101017717
	gnorm= 13.461016702577693
	symmetric= True
	solver time=0.010480165481567383,exit status=0
	SR solver time= 0.010541200637817383
	xnorm=6.351047324869897,dnorm=0.088716641561592
	niter= 19
step= 9

nparam= 9900
	log prob= -10.912772656440907
	burn in time= 20.218826293945312
	sample time= 105.45455503463745
	self.n= 500.0
	nsamples= 500.0

Mean energy: -1.06192874e+02
Block size    # of blocks        Mean                Error
     1            500       -1.06192874e+02       9.912722e-02
     2            250       -1.06192874e+02       1.303251e-01
     5            100       -1.06192874e+02       1.623745e-01
    10             50       -1.06192874e+02       1.799272e-01
    20             25       -1.06192874e+02       1.683993e-01
    50             10       -1.06192874e+02       1.286901e-01
    70              7       -1.06211341e+02       8.758342e-02
   100              5       -1.06192874e+02       8.416421e-02
   200              2       -1.06249011e+02       1.140282e-01
Stocahstic error estimate: 1.799272e-01


Mean energy: -1.06192874e+02
Block size    # of blocks        Mean                Error
     1            500       -1.06192874e+02       9.912722e-02
     2            250       -1.06192874e+02       1.303251e-01
     5            100       -1.06192874e+02       1.623745e-01
    10             50       -1.06192874e+02       1.799272e-01
    20             25       -1.06192874e+02       1.683993e-01
    50             10       -1.06192874e+02       1.286901e-01
    70              7       -1.06211341e+02       8.758342e-02
   100              5       -1.06192874e+02       8.416421e-02
   200              2       -1.06249011e+02       1.140282e-01
Stocahstic error estimate: 1.799272e-01

	collect g,h time= 0.009436845779418945
E=-106.19287379369945,dE=0.40027061173312006,std=0.17992718501578608
L=-106.19287379369945,dL=0.40027061173312006,std=0.17992718501578608
	gnorm= 8.915030496552946
	symmetric= True
	solver time=0.01148676872253418,exit status=0
	SR solver time= 0.011537551879882812
	xnorm=6.3436071341138245,dnorm=0.08455042703846133
	niter= 22
step= 10

nparam= 9900
	log prob= -10.572088230015552
	burn in time= 19.85286283493042
	sample time= 104.5271623134613
	self.n= 500.0
	nsamples= 500.0

Mean energy: -1.06455602e+02
Block size    # of blocks        Mean                Error
     1            500       -1.06455602e+02       1.266130e-01
     2            250       -1.06455602e+02       1.575068e-01
     5            100       -1.06455602e+02       2.149750e-01
    10             50       -1.06455602e+02       2.389508e-01
    20             25       -1.06455602e+02       2.485833e-01
    50             10       -1.06455602e+02       2.340754e-01
    70              7       -1.06442063e+02       2.278435e-01
   100              5       -1.06455602e+02       3.018002e-01
   200              2       -1.06334065e+02       2.330322e-01
Stocahstic error estimate: 2.485833e-01


Mean energy: -1.06455602e+02
Block size    # of blocks        Mean                Error
     1            500       -1.06455602e+02       1.266130e-01
     2            250       -1.06455602e+02       1.575068e-01
     5            100       -1.06455602e+02       2.149750e-01
    10             50       -1.06455602e+02       2.389508e-01
    20             25       -1.06455602e+02       2.485833e-01
    50             10       -1.06455602e+02       2.340754e-01
    70              7       -1.06442063e+02       2.278435e-01
   100              5       -1.06455602e+02       3.018002e-01
   200              2       -1.06334065e+02       2.330322e-01
Stocahstic error estimate: 2.485833e-01

	collect g,h time= 0.010201454162597656
E=-106.45560166732736,dE=-0.2627278736279095,std=0.24858325992945832
L=-106.45560166732736,dL=-0.2627278736279095,std=0.24858325992945832
	gnorm= 13.304484691007472
	symmetric= True
	solver time=0.012369632720947266,exit status=0
	SR solver time= 0.012461662292480469
	xnorm=6.33642046139638,dnorm=0.09605266639675065
	niter= 20
step= 11

nparam= 9900
	log prob= -10.560413947430575
	burn in time= 20.351804733276367
	sample time= 96.01678442955017
	self.n= 500.0
	nsamples= 500.0

Mean energy: -1.06819207e+02
Block size    # of blocks        Mean                Error
     1            500       -1.06819207e+02       1.225208e-01
     2            250       -1.06819207e+02       1.590853e-01
     5            100       -1.06819207e+02       2.121543e-01
    10             50       -1.06819207e+02       2.589224e-01
    20             25       -1.06819207e+02       2.605830e-01
    50             10       -1.06819207e+02       3.075379e-01
    70              7       -1.06810856e+02       2.593419e-01
   100              5       -1.06819207e+02       4.036910e-01
   200              2       -1.06943966e+02       4.793557e-01
Stocahstic error estimate: 2.605830e-01


Mean energy: -1.06819207e+02
Block size    # of blocks        Mean                Error
     1            500       -1.06819207e+02       1.225208e-01
     2            250       -1.06819207e+02       1.590853e-01
     5            100       -1.06819207e+02       2.121543e-01
    10             50       -1.06819207e+02       2.589224e-01
    20             25       -1.06819207e+02       2.605830e-01
    50             10       -1.06819207e+02       3.075379e-01
    70              7       -1.06810856e+02       2.593419e-01
   100              5       -1.06819207e+02       4.036910e-01
   200              2       -1.06943966e+02       4.793557e-01
Stocahstic error estimate: 2.605830e-01

	collect g,h time= 0.009832620620727539
E=-106.81920697085359,dE=-0.3636053035262279,std=0.2605829510767664
L=-106.81920697085359,dL=-0.3636053035262279,std=0.2605829510767664
	gnorm= 11.157741924594516
	symmetric= True
	solver time=0.013349056243896484,exit status=0
	SR solver time= 0.01343536376953125
	xnorm=6.325664932487603,dnorm=0.09420612530839781
	niter= 21
step= 12

nparam= 9900
	log prob= -12.73153544585108
	burn in time= 17.06713318824768
	sample time= 97.77586531639099
	self.n= 500.0
	nsamples= 500.0

Mean energy: -1.06855064e+02
Block size    # of blocks        Mean                Error
     1            500       -1.06855064e+02       1.226799e-01
     2            250       -1.06855064e+02       1.588196e-01
     5            100       -1.06855064e+02       2.265699e-01
    10             50       -1.06855064e+02       2.678204e-01
    20             25       -1.06855064e+02       3.004835e-01
    50             10       -1.06855064e+02       3.931854e-01
    70              7       -1.06819057e+02       3.918306e-01
   100              5       -1.06855064e+02       4.798467e-01
   200              2       -1.06753171e+02       8.838262e-01
Stocahstic error estimate: 3.931854e-01


Mean energy: -1.06855064e+02
Block size    # of blocks        Mean                Error
     1            500       -1.06855064e+02       1.226799e-01
     2            250       -1.06855064e+02       1.588196e-01
     5            100       -1.06855064e+02       2.265699e-01
    10             50       -1.06855064e+02       2.678204e-01
    20             25       -1.06855064e+02       3.004835e-01
    50             10       -1.06855064e+02       3.931854e-01
    70              7       -1.06819057e+02       3.918306e-01
   100              5       -1.06855064e+02       4.798467e-01
   200              2       -1.06753171e+02       8.838262e-01
Stocahstic error estimate: 3.931854e-01

	collect g,h time= 0.009927988052368164
E=-106.85506445998678,dE=-0.035857489133192644,std=0.39318543512145476
L=-106.85506445998678,dL=-0.035857489133192644,std=0.39318543512145476
	gnorm= 13.471651499443524
	symmetric= True
	solver time=0.02844381332397461,exit status=0
	SR solver time= 0.02853989601135254
	xnorm=6.317000011779977,dnorm=0.08807636114790514
	niter= 20
step= 13

nparam= 9900
	log prob= -12.082424854826712
	burn in time= 21.727962255477905
	sample time= 104.7925124168396
	self.n= 500.0
	nsamples= 500.0

Mean energy: -1.06953108e+02
Block size    # of blocks        Mean                Error
     1            500       -1.06953108e+02       1.196995e-01
     2            250       -1.06953108e+02       1.530910e-01
     5            100       -1.06953108e+02       1.943381e-01
    10             50       -1.06953108e+02       2.191912e-01
    20             25       -1.06953108e+02       2.312653e-01
    50             10       -1.06953108e+02       2.486136e-01
    70              7       -1.06926762e+02       2.116492e-01
   100              5       -1.06953108e+02       2.104829e-01
   200              2       -1.06814448e+02       3.186378e-01
Stocahstic error estimate: 2.486136e-01


Mean energy: -1.06953108e+02
Block size    # of blocks        Mean                Error
     1            500       -1.06953108e+02       1.196995e-01
     2            250       -1.06953108e+02       1.530910e-01
     5            100       -1.06953108e+02       1.943381e-01
    10             50       -1.06953108e+02       2.191912e-01
    20             25       -1.06953108e+02       2.312653e-01
    50             10       -1.06953108e+02       2.486136e-01
    70              7       -1.06926762e+02       2.116492e-01
   100              5       -1.06953108e+02       2.104829e-01
   200              2       -1.06814448e+02       3.186378e-01
Stocahstic error estimate: 2.486136e-01

	collect g,h time= 0.010082244873046875
E=-106.95310808990531,dE=-0.09804362991853566,std=0.24861361417407257
L=-106.95310808990531,dL=-0.09804362991853566,std=0.24861361417407257
	gnorm= 12.483697741537464
	symmetric= True
	solver time=0.01939105987548828,exit status=0
	SR solver time= 0.01947784423828125
	xnorm=6.309124970994481,dnorm=0.0905917200043191
	niter= 23
step= 14

nparam= 9900
	log prob= -12.142661415490323
	burn in time= 21.054712295532227
	sample time= 99.20701193809509
	self.n= 500.0
	nsamples= 500.0

Mean energy: -1.07315056e+02
Block size    # of blocks        Mean                Error
     1            500       -1.07315056e+02       1.260741e-01
     2            250       -1.07315056e+02       1.631312e-01
     5            100       -1.07315056e+02       2.207361e-01
    10             50       -1.07315056e+02       2.615459e-01
    20             25       -1.07315056e+02       2.686250e-01
    50             10       -1.07315056e+02       2.990189e-01
    70              7       -1.07342734e+02       2.284919e-01
   100              5       -1.07315056e+02       2.057041e-01
   200              2       -1.07396245e+02       3.164327e-01
Stocahstic error estimate: 2.686250e-01


Mean energy: -1.07315056e+02
Block size    # of blocks        Mean                Error
     1            500       -1.07315056e+02       1.260741e-01
     2            250       -1.07315056e+02       1.631312e-01
     5            100       -1.07315056e+02       2.207361e-01
    10             50       -1.07315056e+02       2.615459e-01
    20             25       -1.07315056e+02       2.686250e-01
    50             10       -1.07315056e+02       2.990189e-01
    70              7       -1.07342734e+02       2.284919e-01
   100              5       -1.07315056e+02       2.057041e-01
   200              2       -1.07396245e+02       3.164327e-01
Stocahstic error estimate: 2.686250e-01

	collect g,h time= 0.009871959686279297
E=-107.31505583689872,dE=-0.36194774699340826,std=0.26862499905717346
L=-107.31505583689872,dL=-0.36194774699340826,std=0.26862499905717346
	gnorm= 13.471715602370898
	symmetric= True
	solver time=0.016956090927124023,exit status=0
	SR solver time= 0.01701664924621582
	xnorm=6.301063760112906,dnorm=0.08856334356132711
	niter= 21
step= 15

nparam= 9900
	log prob= -11.234240261141338
	burn in time= 18.905630826950073
	sample time= 99.98488569259644
	self.n= 500.0
	nsamples= 500.0

Mean energy: -1.07258849e+02
Block size    # of blocks        Mean                Error
     1            500       -1.07258849e+02       1.198816e-01
     2            250       -1.07258849e+02       1.517086e-01
     5            100       -1.07258849e+02       2.099122e-01
    10             50       -1.07258849e+02       2.205941e-01
    20             25       -1.07258849e+02       2.428315e-01
    50             10       -1.07258849e+02       2.790608e-01
    70              7       -1.07288187e+02       2.676337e-01
   100              5       -1.07258849e+02       3.120491e-01
   200              2       -1.07435121e+02       1.026719e-01
Stocahstic error estimate: 2.790608e-01


Mean energy: -1.07258849e+02
Block size    # of blocks        Mean                Error
     1            500       -1.07258849e+02       1.198816e-01
     2            250       -1.07258849e+02       1.517086e-01
     5            100       -1.07258849e+02       2.099122e-01
    10             50       -1.07258849e+02       2.205941e-01
    20             25       -1.07258849e+02       2.428315e-01
    50             10       -1.07258849e+02       2.790608e-01
    70              7       -1.07288187e+02       2.676337e-01
   100              5       -1.07258849e+02       3.120491e-01
   200              2       -1.07435121e+02       1.026719e-01
Stocahstic error estimate: 2.790608e-01

	collect g,h time= 0.009801864624023438
E=-107.2588493851147,dE=0.05620645178402128,std=0.27906078327568334
L=-107.2588493851147,dL=0.05620645178402128,std=0.27906078327568334
	gnorm= 12.541469761058057
	symmetric= True
	solver time=0.031562089920043945,exit status=0
	SR solver time= 0.03162717819213867
	xnorm=6.292804584101083,dnorm=0.0855038836117017
	niter= 20
step= 16

nparam= 9900
	log prob= -11.773212127299757
	burn in time= 21.135932445526123
	sample time= 103.14392828941345
	self.n= 500.0
	nsamples= 500.0

Mean energy: -1.07095311e+02
Block size    # of blocks        Mean                Error
     1            500       -1.07095311e+02       1.221238e-01
     2            250       -1.07095311e+02       1.584139e-01
     5            100       -1.07095311e+02       2.047743e-01
    10             50       -1.07095311e+02       2.356981e-01
    20             25       -1.07095311e+02       2.377349e-01
    50             10       -1.07095311e+02       2.235934e-01
    70              7       -1.07121426e+02       2.200842e-01
   100              5       -1.07095311e+02       2.516736e-01
   200              2       -1.07138263e+02       6.375405e-01
Stocahstic error estimate: 2.377349e-01


Mean energy: -1.07095311e+02
Block size    # of blocks        Mean                Error
     1            500       -1.07095311e+02       1.221238e-01
     2            250       -1.07095311e+02       1.584139e-01
     5            100       -1.07095311e+02       2.047743e-01
    10             50       -1.07095311e+02       2.356981e-01
    20             25       -1.07095311e+02       2.377349e-01
    50             10       -1.07095311e+02       2.235934e-01
    70              7       -1.07121426e+02       2.200842e-01
   100              5       -1.07095311e+02       2.516736e-01
   200              2       -1.07138263e+02       6.375405e-01
Stocahstic error estimate: 2.377349e-01

	collect g,h time= 0.009651660919189453
E=-107.09531113538813,dE=0.16353824972657094,std=0.23773493544515542
L=-107.09531113538813,dL=0.16353824972657094,std=0.23773493544515542
	gnorm= 12.862638199882522
	symmetric= True
	solver time=0.011268377304077148,exit status=0
	SR solver time= 0.011333465576171875
	xnorm=6.285100968367953,dnorm=0.08778254181968576
	niter= 21
step= 17

nparam= 9900
	log prob= -10.432058787516056
	burn in time= 17.933409690856934
	sample time= 97.29515242576599
	self.n= 500.0
	nsamples= 500.0

Mean energy: -1.06981413e+02
Block size    # of blocks        Mean                Error
     1            500       -1.06981413e+02       1.212836e-01
     2            250       -1.06981413e+02       1.573125e-01
     5            100       -1.06981413e+02       2.125191e-01
    10             50       -1.06981413e+02       2.580009e-01
    20             25       -1.06981413e+02       2.748542e-01
    50             10       -1.06981413e+02       3.589267e-01
    70              7       -1.06975132e+02       3.988676e-01
   100              5       -1.06981413e+02       4.049530e-01
   200              2       -1.07033626e+02       1.041622e+00
Stocahstic error estimate: 4.049530e-01


Mean energy: -1.06981413e+02
Block size    # of blocks        Mean                Error
     1            500       -1.06981413e+02       1.212836e-01
     2            250       -1.06981413e+02       1.573125e-01
     5            100       -1.06981413e+02       2.125191e-01
    10             50       -1.06981413e+02       2.580009e-01
    20             25       -1.06981413e+02       2.748542e-01
    50             10       -1.06981413e+02       3.589267e-01
    70              7       -1.06975132e+02       3.988676e-01
   100              5       -1.06981413e+02       4.049530e-01
   200              2       -1.07033626e+02       1.041622e+00
Stocahstic error estimate: 4.049530e-01

	collect g,h time= 0.009546756744384766
E=-106.98141326889687,dE=0.1138978664912571,std=0.4049529994015004
L=-106.98141326889687,dL=0.1138978664912571,std=0.4049529994015004
	gnorm= 12.4694692622409
	symmetric= True
	solver time=0.019054412841796875,exit status=0
	SR solver time= 0.01911616325378418
	xnorm=6.277040640660032,dnorm=0.08766608318255693
	niter= 23
step= 18

nparam= 9900
	log prob= -9.758416962958691
	burn in time= 18.449980974197388
	sample time= 93.74726796150208
	self.n= 500.0
	nsamples= 500.0

Mean energy: -1.07719544e+02
Block size    # of blocks        Mean                Error
     1            500       -1.07719544e+02       1.122180e-01
     2            250       -1.07719544e+02       1.419668e-01
     5            100       -1.07719544e+02       1.854851e-01
    10             50       -1.07719544e+02       2.108357e-01
    20             25       -1.07719544e+02       2.444983e-01
    50             10       -1.07719544e+02       1.703452e-01
    70              7       -1.07738945e+02       2.465101e-01
   100              5       -1.07719544e+02       1.887554e-01
   200              2       -1.07786042e+02       3.650083e-01
Stocahstic error estimate: 2.444983e-01


Mean energy: -1.07719544e+02
Block size    # of blocks        Mean                Error
     1            500       -1.07719544e+02       1.122180e-01
     2            250       -1.07719544e+02       1.419668e-01
     5            100       -1.07719544e+02       1.854851e-01
    10             50       -1.07719544e+02       2.108357e-01
    20             25       -1.07719544e+02       2.444983e-01
    50             10       -1.07719544e+02       1.703452e-01
    70              7       -1.07738945e+02       2.465101e-01
   100              5       -1.07719544e+02       1.887554e-01
   200              2       -1.07786042e+02       3.650083e-01
Stocahstic error estimate: 2.444983e-01

	collect g,h time= 0.009750843048095703
E=-107.71954357961175,dE=-0.7381303107148796,std=0.2444982506641931
L=-107.71954357961175,dL=-0.7381303107148796,std=0.2444982506641931
	gnorm= 12.857833840042103
	symmetric= True
	solver time=0.030618667602539062,exit status=0
	SR solver time= 0.03067803382873535
	xnorm=6.269048577506017,dnorm=0.08685989466764651
	niter= 17
step= 19

nparam= 9900
	log prob= -9.12713212478019
	burn in time= 21.466723680496216
	sample time= 102.05356740951538
	self.n= 500.0
	nsamples= 500.0

Mean energy: -1.07985358e+02
Block size    # of blocks        Mean                Error
     1            500       -1.07985358e+02       1.115218e-01
     2            250       -1.07985358e+02       1.434901e-01
     5            100       -1.07985358e+02       1.840078e-01
    10             50       -1.07985358e+02       2.271757e-01
    20             25       -1.07985358e+02       2.434804e-01
    50             10       -1.07985358e+02       2.129689e-01
    70              7       -1.08004399e+02       1.983701e-01
   100              5       -1.07985358e+02       2.434416e-01
   200              2       -1.07869503e+02       5.162638e-02
Stocahstic error estimate: 2.434804e-01


Mean energy: -1.07985358e+02
Block size    # of blocks        Mean                Error
     1            500       -1.07985358e+02       1.115218e-01
     2            250       -1.07985358e+02       1.434901e-01
     5            100       -1.07985358e+02       1.840078e-01
    10             50       -1.07985358e+02       2.271757e-01
    20             25       -1.07985358e+02       2.434804e-01
    50             10       -1.07985358e+02       2.129689e-01
    70              7       -1.08004399e+02       1.983701e-01
   100              5       -1.07985358e+02       2.434416e-01
   200              2       -1.07869503e+02       5.162638e-02
Stocahstic error estimate: 2.434804e-01

	collect g,h time= 0.009447813034057617
E=-107.98535812440397,dE=-0.2658145447922209,std=0.24348041338533233
L=-107.98535812440397,dL=-0.2658145447922209,std=0.24348041338533233
	gnorm= 10.20600747677231
	symmetric= True
	solver time=0.011464834213256836,exit status=0
	SR solver time= 0.011518001556396484
	xnorm=6.261082094495285,dnorm=0.08903041175680787
	niter= 21
burn_in= 5
every= 5
layer= 0
nparam= 4950

step= 20

nparam= 9900
	log prob= -9.530854331800327
	burn in time= 15.449633836746216
	sample time= 88.84162592887878
	self.n= 500.0
	nsamples= 500.0

Mean energy: -1.06438150e+02
Block size    # of blocks        Mean                Error
     1            500       -1.06438150e+02       1.527106e-01
     2            250       -1.06438150e+02       1.878225e-01
     5            100       -1.06438150e+02       2.282506e-01
    10             50       -1.06438150e+02       2.857553e-01
    20             25       -1.06438150e+02       3.160090e-01
    50             10       -1.06438150e+02       4.475360e-01
    70              7       -1.06423558e+02       5.333103e-01
   100              5       -1.06438150e+02       4.630375e-01
   200              2       -1.06678400e+02       1.606306e-01
Stocahstic error estimate: 5.333103e-01


Mean energy: -1.06438150e+02
Block size    # of blocks        Mean                Error
     1            500       -1.06438150e+02       1.527106e-01
     2            250       -1.06438150e+02       1.878225e-01
     5            100       -1.06438150e+02       2.282506e-01
    10             50       -1.06438150e+02       2.857553e-01
    20             25       -1.06438150e+02       3.160090e-01
    50             10       -1.06438150e+02       4.475360e-01
    70              7       -1.06423558e+02       5.333103e-01
   100              5       -1.06438150e+02       4.630375e-01
   200              2       -1.06678400e+02       1.606306e-01
Stocahstic error estimate: 5.333103e-01

	collect g,h time= 0.11272430419921875
E=-106.43815036423327,dE=0,std=0.5333103371642293
L=-106.43815036423327,dL=0,std=0.5333103371642293
	gnorm= 36.626305843740795
	symmetric= True
	solver time=0.03218388557434082,exit status=0
	SR solver time= 0.03241133689880371
	xnorm=6.2528734761471485,dnorm=0.11694168267838116
	niter= 15
step= 21

nparam= 9900
	log prob= -11.706263468043204
	burn in time= 18.24136519432068
	sample time= 82.91663074493408
	self.n= 500.0
	nsamples= 500.0

Mean energy: -1.07299016e+02
Block size    # of blocks        Mean                Error
     1            500       -1.07299016e+02       1.463234e-01
     2            250       -1.07299016e+02       1.880711e-01
     5            100       -1.07299016e+02       2.587830e-01
    10             50       -1.07299016e+02       3.057780e-01
    20             25       -1.07299016e+02       3.540776e-01
    50             10       -1.07299016e+02       3.986902e-01
    70              7       -1.07273701e+02       6.126795e-01
   100              5       -1.07299016e+02       5.561651e-01
   200              2       -1.07754296e+02       6.101997e-01
Stocahstic error estimate: 6.126795e-01


Mean energy: -1.07299016e+02
Block size    # of blocks        Mean                Error
     1            500       -1.07299016e+02       1.463234e-01
     2            250       -1.07299016e+02       1.880711e-01
     5            100       -1.07299016e+02       2.587830e-01
    10             50       -1.07299016e+02       3.057780e-01
    20             25       -1.07299016e+02       3.540776e-01
    50             10       -1.07299016e+02       3.986902e-01
    70              7       -1.07273701e+02       6.126795e-01
   100              5       -1.07299016e+02       5.561651e-01
   200              2       -1.07754296e+02       6.101997e-01
Stocahstic error estimate: 6.126795e-01

	collect g,h time= 0.008232831954956055
E=-107.29901571337857,dE=-0.8608653491452998,std=0.6126795394154085
L=-107.29901571337857,dL=-0.8608653491452998,std=0.6126795394154085
	gnorm= 16.503105293857498
	symmetric= True
	solver time=0.01385045051574707,exit status=0
	SR solver time= 0.013904094696044922
	xnorm=6.243211311243501,dnorm=0.10257147912511201
	niter= 22
step= 22

nparam= 9900
	log prob= -10.51849674909974
	burn in time= 19.588467597961426
	sample time= 83.3311698436737
	self.n= 500.0
	nsamples= 500.0

Mean energy: -1.07785503e+02
Block size    # of blocks        Mean                Error
     1            500       -1.07785503e+02       1.111066e-01
     2            250       -1.07785503e+02       1.429003e-01
     5            100       -1.07785503e+02       1.886115e-01
    10             50       -1.07785503e+02       2.199590e-01
    20             25       -1.07785503e+02       1.759852e-01
    50             10       -1.07785503e+02       2.134064e-01
    70              7       -1.07810539e+02       2.588724e-01
   100              5       -1.07785503e+02       2.676450e-01
   200              2       -1.07983663e+02       2.872587e-01
Stocahstic error estimate: 2.199590e-01


Mean energy: -1.07785503e+02
Block size    # of blocks        Mean                Error
     1            500       -1.07785503e+02       1.111066e-01
     2            250       -1.07785503e+02       1.429003e-01
     5            100       -1.07785503e+02       1.886115e-01
    10             50       -1.07785503e+02       2.199590e-01
    20             25       -1.07785503e+02       1.759852e-01
    50             10       -1.07785503e+02       2.134064e-01
    70              7       -1.07810539e+02       2.588724e-01
   100              5       -1.07785503e+02       2.676450e-01
   200              2       -1.07983663e+02       2.872587e-01
Stocahstic error estimate: 2.199590e-01

	collect g,h time= 0.009787797927856445
E=-107.78550309679663,dE=-0.48648738341806563,std=0.21995900847347197
L=-107.78550309679663,dL=-0.48648738341806563,std=0.21995900847347197
	gnorm= 11.769165734166707
	symmetric= True
	solver time=0.015763521194458008,exit status=0
	SR solver time= 0.01584768295288086
	xnorm=6.23173343455983,dnorm=0.0848397364716122
	niter= 18
step= 23

nparam= 9900
	log prob= -11.413727372013298
	burn in time= 19.533658266067505
	sample time= 81.03168272972107
	self.n= 500.0
	nsamples= 500.0

Mean energy: -1.07769654e+02
Block size    # of blocks        Mean                Error
     1            500       -1.07769654e+02       1.202619e-01
     2            250       -1.07769654e+02       1.595767e-01
     5            100       -1.07769654e+02       2.171923e-01
    10             50       -1.07769654e+02       2.469257e-01
    20             25       -1.07769654e+02       2.678601e-01
    50             10       -1.07769654e+02       2.516209e-01
    70              7       -1.07778858e+02       1.623015e-01
   100              5       -1.07769654e+02       2.232909e-01
   200              2       -1.07882519e+02       3.243398e-01
Stocahstic error estimate: 2.678601e-01


Mean energy: -1.07769654e+02
Block size    # of blocks        Mean                Error
     1            500       -1.07769654e+02       1.202619e-01
     2            250       -1.07769654e+02       1.595767e-01
     5            100       -1.07769654e+02       2.171923e-01
    10             50       -1.07769654e+02       2.469257e-01
    20             25       -1.07769654e+02       2.678601e-01
    50             10       -1.07769654e+02       2.516209e-01
    70              7       -1.07778858e+02       1.623015e-01
   100              5       -1.07769654e+02       2.232909e-01
   200              2       -1.07882519e+02       3.243398e-01
Stocahstic error estimate: 2.678601e-01

	collect g,h time= 0.011712789535522461
E=-107.76965381754673,dE=0.01584927924990609,std=0.2678600667359214
L=-107.76965381754673,dL=0.01584927924990609,std=0.2678600667359214
	gnorm= 12.771555712159735
	symmetric= True
	solver time=0.0240325927734375,exit status=0
	SR solver time= 0.024261474609375
	xnorm=6.224903362584701,dnorm=0.08383542609230492
	niter= 22
step= 24

nparam= 9900
	log prob= -11.047588756052804
	burn in time= 15.860339403152466
	sample time= 73.36731910705566
	self.n= 500.0
	nsamples= 500.0

Mean energy: -1.08107268e+02
Block size    # of blocks        Mean                Error
     1            500       -1.08107268e+02       1.007151e-01
     2            250       -1.08107268e+02       1.279492e-01
     5            100       -1.08107268e+02       1.687919e-01
    10             50       -1.08107268e+02       1.862951e-01
    20             25       -1.08107268e+02       1.945673e-01
    50             10       -1.08107268e+02       1.803235e-01
    70              7       -1.08108061e+02       1.762207e-01
   100              5       -1.08107268e+02       1.224651e-01
   200              2       -1.08021242e+02       4.445925e-02
Stocahstic error estimate: 1.945673e-01


Mean energy: -1.08107268e+02
Block size    # of blocks        Mean                Error
     1            500       -1.08107268e+02       1.007151e-01
     2            250       -1.08107268e+02       1.279492e-01
     5            100       -1.08107268e+02       1.687919e-01
    10             50       -1.08107268e+02       1.862951e-01
    20             25       -1.08107268e+02       1.945673e-01
    50             10       -1.08107268e+02       1.803235e-01
    70              7       -1.08108061e+02       1.762207e-01
   100              5       -1.08107268e+02       1.224651e-01
   200              2       -1.08021242e+02       4.445925e-02
Stocahstic error estimate: 1.945673e-01

	collect g,h time= 0.008231401443481445
E=-108.10726840979652,dE=-0.3376145922497926,std=0.1945672869565041
L=-108.10726840979652,dL=-0.3376145922497926,std=0.1945672869565041
	gnorm= 9.258772544310768
	symmetric= True
	solver time=0.010359048843383789,exit status=0
	SR solver time= 0.010406017303466797
	xnorm=6.217568023031064,dnorm=0.07833937538329372
	niter= 25
step= 25

nparam= 9900
	log prob= -11.482056592042866
	burn in time= 19.239153146743774
	sample time= 81.55989265441895
	self.n= 500.0
	nsamples= 500.0

Mean energy: -1.08280064e+02
Block size    # of blocks        Mean                Error
     1            500       -1.08280064e+02       1.154972e-01
     2            250       -1.08280064e+02       1.524475e-01
     5            100       -1.08280064e+02       2.170392e-01
    10             50       -1.08280064e+02       2.466454e-01
    20             25       -1.08280064e+02       2.785128e-01
    50             10       -1.08280064e+02       2.910462e-01
    70              7       -1.08315414e+02       3.539351e-01
   100              5       -1.08280064e+02       2.996781e-01
   200              2       -1.08260042e+02       6.260001e-01
Stocahstic error estimate: 2.910462e-01


Mean energy: -1.08280064e+02
Block size    # of blocks        Mean                Error
     1            500       -1.08280064e+02       1.154972e-01
     2            250       -1.08280064e+02       1.524475e-01
     5            100       -1.08280064e+02       2.170392e-01
    10             50       -1.08280064e+02       2.466454e-01
    20             25       -1.08280064e+02       2.785128e-01
    50             10       -1.08280064e+02       2.910462e-01
    70              7       -1.08315414e+02       3.539351e-01
   100              5       -1.08280064e+02       2.996781e-01
   200              2       -1.08260042e+02       6.260001e-01
Stocahstic error estimate: 2.910462e-01

	collect g,h time= 0.008190631866455078
E=-108.2800643569153,dE=-0.17279594711878588,std=0.29104623616302644
L=-108.2800643569153,dL=-0.17279594711878588,std=0.29104623616302644
	gnorm= 11.163591862119118
	symmetric= True
	solver time=0.010681629180908203,exit status=0
	SR solver time= 0.010732173919677734
	xnorm=6.2107176404515645,dnorm=0.0863956343237753
	niter= 22
step= 26

nparam= 9900
	log prob= -12.22623686670319
	burn in time= 21.652315855026245
	sample time= 77.48579859733582
	self.n= 500.0
	nsamples= 500.0

Mean energy: -1.08567404e+02
Block size    # of blocks        Mean                Error
     1            500       -1.08567404e+02       1.322407e-01
     2            250       -1.08567404e+02       1.735630e-01
     5            100       -1.08567404e+02       2.348868e-01
    10             50       -1.08567404e+02       2.472023e-01
    20             25       -1.08567404e+02       2.739830e-01
    50             10       -1.08567404e+02       2.396182e-01
    70              7       -1.08607646e+02       3.265117e-01
   100              5       -1.08567404e+02       2.073475e-01
   200              2       -1.08683248e+02       1.508592e-01
Stocahstic error estimate: 2.739830e-01


Mean energy: -1.08567404e+02
Block size    # of blocks        Mean                Error
     1            500       -1.08567404e+02       1.322407e-01
     2            250       -1.08567404e+02       1.735630e-01
     5            100       -1.08567404e+02       2.348868e-01
    10             50       -1.08567404e+02       2.472023e-01
    20             25       -1.08567404e+02       2.739830e-01
    50             10       -1.08567404e+02       2.396182e-01
    70              7       -1.08607646e+02       3.265117e-01
   100              5       -1.08567404e+02       2.073475e-01
   200              2       -1.08683248e+02       1.508592e-01
Stocahstic error estimate: 2.739830e-01

	collect g,h time= 0.00935673713684082
E=-108.56740446020721,dE=-0.2873401032919105,std=0.27398300324670133
L=-108.56740446020721,dL=-0.2873401032919105,std=0.27398300324670133
	gnorm= 14.625677174796513
	symmetric= True
	solver time=0.0177309513092041,exit status=0
	SR solver time= 0.018004417419433594
	xnorm=6.202541546985532,dnorm=0.08654726279824938
	niter= 20
step= 27

nparam= 9900
	log prob= -11.722933354684443
	burn in time= 19.51835870742798
	sample time= 80.51305675506592
	self.n= 500.0
	nsamples= 500.0

Mean energy: -1.08589942e+02
Block size    # of blocks        Mean                Error
     1            500       -1.08589942e+02       1.302848e-01
     2            250       -1.08589942e+02       1.673840e-01
     5            100       -1.08589942e+02       2.103545e-01
    10             50       -1.08589942e+02       2.026435e-01
    20             25       -1.08589942e+02       1.832067e-01
    50             10       -1.08589942e+02       1.350886e-01
    70              7       -1.08580614e+02       1.103253e-01
   100              5       -1.08589942e+02       1.613221e-01
   200              2       -1.08688307e+02       2.637489e-01
Stocahstic error estimate: 2.103545e-01


Mean energy: -1.08589942e+02
Block size    # of blocks        Mean                Error
     1            500       -1.08589942e+02       1.302848e-01
     2            250       -1.08589942e+02       1.673840e-01
     5            100       -1.08589942e+02       2.103545e-01
    10             50       -1.08589942e+02       2.026435e-01
    20             25       -1.08589942e+02       1.832067e-01
    50             10       -1.08589942e+02       1.350886e-01
    70              7       -1.08580614e+02       1.103253e-01
   100              5       -1.08589942e+02       1.613221e-01
   200              2       -1.08688307e+02       2.637489e-01
Stocahstic error estimate: 2.103545e-01

	collect g,h time= 0.011591672897338867
E=-108.58994234258711,dE=-0.022537882379893404,std=0.21035446244015613
L=-108.58994234258711,dL=-0.022537882379893404,std=0.21035446244015613
	gnorm= 12.28597176768119
	symmetric= True
	solver time=0.01584649085998535,exit status=0
	SR solver time= 0.015980005264282227
	xnorm=6.194223075040258,dnorm=0.09403849056346551
	niter= 20
step= 28

nparam= 9900
	log prob= -10.894590652460224
	burn in time= 15.835765361785889
	sample time= 90.69991207122803
	self.n= 500.0
	nsamples= 500.0

Mean energy: -1.08682900e+02
Block size    # of blocks        Mean                Error
     1            500       -1.08682900e+02       1.166657e-01
     2            250       -1.08682900e+02       1.518243e-01
     5            100       -1.08682900e+02       2.151107e-01
    10             50       -1.08682900e+02       2.190840e-01
    20             25       -1.08682900e+02       2.505416e-01
    50             10       -1.08682900e+02       1.883052e-01
    70              7       -1.08681544e+02       2.335334e-01
   100              5       -1.08682900e+02       2.524618e-01
   200              2       -1.08700448e+02       1.447471e-01
Stocahstic error estimate: 2.190840e-01


Mean energy: -1.08682900e+02
Block size    # of blocks        Mean                Error
     1            500       -1.08682900e+02       1.166657e-01
     2            250       -1.08682900e+02       1.518243e-01
     5            100       -1.08682900e+02       2.151107e-01
    10             50       -1.08682900e+02       2.190840e-01
    20             25       -1.08682900e+02       2.505416e-01
    50             10       -1.08682900e+02       1.883052e-01
    70              7       -1.08681544e+02       2.335334e-01
   100              5       -1.08682900e+02       2.524618e-01
   200              2       -1.08700448e+02       1.447471e-01
Stocahstic error estimate: 2.190840e-01

	collect g,h time= 0.008928537368774414
E=-108.68290007180666,dE=-0.09295772921954892,std=0.21908396172547837
L=-108.68290007180666,dL=-0.09295772921954892,std=0.21908396172547837
	gnorm= 12.400181488773196
	symmetric= True
	solver time=0.010312795639038086,exit status=0
	SR solver time= 0.01036381721496582
	xnorm=6.183806130780591,dnorm=0.08651957326829941
	niter= 20
step= 29

nparam= 9900
	log prob= -11.420601933824443
	burn in time= 20.287017583847046
	sample time= 92.65957474708557
	self.n= 500.0
	nsamples= 500.0

Mean energy: -1.08779822e+02
Block size    # of blocks        Mean                Error
     1            500       -1.08779822e+02       1.184347e-01
     2            250       -1.08779822e+02       1.569327e-01
     5            100       -1.08779822e+02       1.999742e-01
    10             50       -1.08779822e+02       2.157277e-01
    20             25       -1.08779822e+02       2.108407e-01
    50             10       -1.08779822e+02       1.987439e-01
    70              7       -1.08766995e+02       2.600961e-01
   100              5       -1.08779822e+02       1.464683e-01
   200              2       -1.08808468e+02       1.381747e-01
Stocahstic error estimate: 2.157277e-01


Mean energy: -1.08779822e+02
Block size    # of blocks        Mean                Error
     1            500       -1.08779822e+02       1.184347e-01
     2            250       -1.08779822e+02       1.569327e-01
     5            100       -1.08779822e+02       1.999742e-01
    10             50       -1.08779822e+02       2.157277e-01
    20             25       -1.08779822e+02       2.108407e-01
    50             10       -1.08779822e+02       1.987439e-01
    70              7       -1.08766995e+02       2.600961e-01
   100              5       -1.08779822e+02       1.464683e-01
   200              2       -1.08808468e+02       1.381747e-01
Stocahstic error estimate: 2.157277e-01

	collect g,h time= 0.009485960006713867
E=-108.77982188106081,dE=-0.09692180925415528,std=0.2157276981999405
L=-108.77982188106081,dL=-0.09692180925415528,std=0.2157276981999405
	gnorm= 12.303886065531856
	symmetric= True
	solver time=0.011287212371826172,exit status=0
	SR solver time= 0.011354923248291016
	xnorm=6.176127031209728,dnorm=0.08618663440444628
	niter= 21
step= 30

nparam= 9900
	log prob= -12.340603347312282
	burn in time= 20.86038327217102
	sample time= 84.20036292076111
	self.n= 500.0
	nsamples= 500.0

Mean energy: -1.08839625e+02
Block size    # of blocks        Mean                Error
     1            500       -1.08839625e+02       1.226243e-01
     2            250       -1.08839625e+02       1.610380e-01
     5            100       -1.08839625e+02       2.053158e-01
    10             50       -1.08839625e+02       2.442015e-01
    20             25       -1.08839625e+02       2.769550e-01
    50             10       -1.08839625e+02       2.951896e-01
    70              7       -1.08816764e+02       4.462195e-01
   100              5       -1.08839625e+02       4.078770e-01
   200              2       -1.08999805e+02       1.833912e-02
Stocahstic error estimate: 4.462195e-01


Mean energy: -1.08839625e+02
Block size    # of blocks        Mean                Error
     1            500       -1.08839625e+02       1.226243e-01
     2            250       -1.08839625e+02       1.610380e-01
     5            100       -1.08839625e+02       2.053158e-01
    10             50       -1.08839625e+02       2.442015e-01
    20             25       -1.08839625e+02       2.769550e-01
    50             10       -1.08839625e+02       2.951896e-01
    70              7       -1.08816764e+02       4.462195e-01
   100              5       -1.08839625e+02       4.078770e-01
   200              2       -1.08999805e+02       1.833912e-02
Stocahstic error estimate: 4.462195e-01

	collect g,h time= 0.009935617446899414
E=-108.8396247293117,dE=-0.059802848250882334,std=0.4462194671107852
L=-108.8396247293117,dL=-0.059802848250882334,std=0.4462194671107852
	gnorm= 12.86895521578943
	symmetric= True
	solver time=0.013547658920288086,exit status=0
	SR solver time= 0.01364588737487793
	xnorm=6.168310044684587,dnorm=0.08483851580111736
	niter= 20
step= 31

nparam= 9900
	log prob= -12.5733257805703
	burn in time= 16.090994358062744
	sample time= 77.3752110004425
	self.n= 500.0
	nsamples= 500.0

Mean energy: -1.08696280e+02
Block size    # of blocks        Mean                Error
     1            500       -1.08696280e+02       1.105019e-01
     2            250       -1.08696280e+02       1.407298e-01
     5            100       -1.08696280e+02       1.839323e-01
    10             50       -1.08696280e+02       2.200256e-01
    20             25       -1.08696280e+02       2.563779e-01
    50             10       -1.08696280e+02       1.686484e-01
    70              7       -1.08696940e+02       1.133314e-01
   100              5       -1.08696280e+02       1.702297e-01
   200              2       -1.08730813e+02       1.707282e-01
Stocahstic error estimate: 2.563779e-01


Mean energy: -1.08696280e+02
Block size    # of blocks        Mean                Error
     1            500       -1.08696280e+02       1.105019e-01
     2            250       -1.08696280e+02       1.407298e-01
     5            100       -1.08696280e+02       1.839323e-01
    10             50       -1.08696280e+02       2.200256e-01
    20             25       -1.08696280e+02       2.563779e-01
    50             10       -1.08696280e+02       1.686484e-01
    70              7       -1.08696940e+02       1.133314e-01
   100              5       -1.08696280e+02       1.702297e-01
   200              2       -1.08730813e+02       1.707282e-01
Stocahstic error estimate: 2.563779e-01

	collect g,h time= 0.009097576141357422
E=-108.6962795291885,dE=0.14334520012319274,std=0.2563779272874728
L=-108.6962795291885,dL=0.14334520012319274,std=0.2563779272874728
	gnorm= 12.852143846865207
	symmetric= True
	solver time=0.013312339782714844,exit status=0
	SR solver time= 0.013416290283203125
	xnorm=6.161479330687036,dnorm=0.07302227193033778
	niter= 21
step= 32

nparam= 9900
	log prob= -13.33652404124102
	burn in time= 20.03140664100647
	sample time= 79.50321841239929
	self.n= 500.0
	nsamples= 500.0

Mean energy: -1.08987415e+02
Block size    # of blocks        Mean                Error
     1            500       -1.08987415e+02       1.029645e-01
     2            250       -1.08987415e+02       1.347511e-01
     5            100       -1.08987415e+02       1.940322e-01
    10             50       -1.08987415e+02       2.382364e-01
    20             25       -1.08987415e+02       2.632412e-01
    50             10       -1.08987415e+02       2.277301e-01
    70              7       -1.09003687e+02       2.540092e-01
   100              5       -1.08987415e+02       2.467631e-01
   200              2       -1.08787153e+02       1.695738e-01
Stocahstic error estimate: 2.632412e-01


Mean energy: -1.08987415e+02
Block size    # of blocks        Mean                Error
     1            500       -1.08987415e+02       1.029645e-01
     2            250       -1.08987415e+02       1.347511e-01
     5            100       -1.08987415e+02       1.940322e-01
    10             50       -1.08987415e+02       2.382364e-01
    20             25       -1.08987415e+02       2.632412e-01
    50             10       -1.08987415e+02       2.277301e-01
    70              7       -1.09003687e+02       2.540092e-01
   100              5       -1.08987415e+02       2.467631e-01
   200              2       -1.08787153e+02       1.695738e-01
Stocahstic error estimate: 2.632412e-01

	collect g,h time= 0.013321638107299805
E=-108.98741454718032,dE=-0.2911350179918202,std=0.26324121554264673
L=-108.98741454718032,dL=-0.2911350179918202,std=0.26324121554264673
	gnorm= 11.15340309067288
	symmetric= True
	solver time=0.02371072769165039,exit status=0
	SR solver time= 0.024007558822631836
	xnorm=6.155828093935448,dnorm=0.07346818141075172
	niter= 21
step= 33

nparam= 9900
	log prob= -17.340289262057325
	burn in time= 20.988258838653564
	sample time= 78.08948636054993
	self.n= 500.0
	nsamples= 500.0

Mean energy: -1.08713369e+02
Block size    # of blocks        Mean                Error
     1            500       -1.08713369e+02       1.107912e-01
     2            250       -1.08713369e+02       1.447112e-01
     5            100       -1.08713369e+02       1.881551e-01
    10             50       -1.08713369e+02       2.323890e-01
    20             25       -1.08713369e+02       2.466882e-01
    50             10       -1.08713369e+02       3.209854e-01
    70              7       -1.08676807e+02       2.855901e-01
   100              5       -1.08713369e+02       2.469921e-01
   200              2       -1.08613272e+02       3.409337e-01
Stocahstic error estimate: 3.209854e-01


Mean energy: -1.08713369e+02
Block size    # of blocks        Mean                Error
     1            500       -1.08713369e+02       1.107912e-01
     2            250       -1.08713369e+02       1.447112e-01
     5            100       -1.08713369e+02       1.881551e-01
    10             50       -1.08713369e+02       2.323890e-01
    20             25       -1.08713369e+02       2.466882e-01
    50             10       -1.08713369e+02       3.209854e-01
    70              7       -1.08676807e+02       2.855901e-01
   100              5       -1.08713369e+02       2.469921e-01
   200              2       -1.08613272e+02       3.409337e-01
Stocahstic error estimate: 3.209854e-01

	collect g,h time= 0.008224010467529297
E=-108.71336895104122,dE=0.2740455961391035,std=0.3209854008344276
L=-108.71336895104122,dL=0.2740455961391035,std=0.3209854008344276
	gnorm= 11.61434499932961
	symmetric= True
	solver time=0.012011528015136719,exit status=0
	SR solver time= 0.012072324752807617
	xnorm=6.150486241081132,dnorm=0.08150144321185619
	niter= 22
step= 34

nparam= 9900
	log prob= -15.68334998331936
	burn in time= 20.177581310272217
	sample time= 80.01885485649109
	self.n= 500.0
	nsamples= 500.0

Mean energy: -1.08814295e+02
Block size    # of blocks        Mean                Error
     1            500       -1.08814295e+02       1.202517e-01
     2            250       -1.08814295e+02       1.567680e-01
     5            100       -1.08814295e+02       2.042071e-01
    10             50       -1.08814295e+02       2.325049e-01
    20             25       -1.08814295e+02       2.700309e-01
    50             10       -1.08814295e+02       2.536775e-01
    70              7       -1.08789939e+02       3.741026e-01
   100              5       -1.08814295e+02       3.342720e-01
   200              2       -1.08731981e+02       1.222095e-01
Stocahstic error estimate: 2.700309e-01


Mean energy: -1.08814295e+02
Block size    # of blocks        Mean                Error
     1            500       -1.08814295e+02       1.202517e-01
     2            250       -1.08814295e+02       1.567680e-01
     5            100       -1.08814295e+02       2.042071e-01
    10             50       -1.08814295e+02       2.325049e-01
    20             25       -1.08814295e+02       2.700309e-01
    50             10       -1.08814295e+02       2.536775e-01
    70              7       -1.08789939e+02       3.741026e-01
   100              5       -1.08814295e+02       3.342720e-01
   200              2       -1.08731981e+02       1.222095e-01
Stocahstic error estimate: 2.700309e-01

	collect g,h time= 0.010881423950195312
E=-108.81429457566,dE=-0.10092562461878174,std=0.2700308929918561
L=-108.81429457566,dL=-0.10092562461878174,std=0.2700308929918561
	gnorm= 13.821456212848075
	symmetric= True
	solver time=0.015410423278808594,exit status=0
	SR solver time= 0.015509366989135742
	niter= 18
	xnorm=6.143400997863338,dnorm=0.08647393397635651
step= 35

nparam= 9900
	log prob= -13.398621900545464
	burn in time= 15.90321946144104
	sample time= 75.44417524337769
	self.n= 500.0
	nsamples= 500.0

Mean energy: -1.08985162e+02
Block size    # of blocks        Mean                Error
     1            500       -1.08985162e+02       1.038358e-01
     2            250       -1.08985162e+02       1.325354e-01
     5            100       -1.08985162e+02       1.833482e-01
    10             50       -1.08985162e+02       2.085130e-01
    20             25       -1.08985162e+02       2.311613e-01
    50             10       -1.08985162e+02       1.982039e-01
    70              7       -1.08970430e+02       2.793025e-01
   100              5       -1.08985162e+02       1.782512e-01
   200              2       -1.08940940e+02       2.666740e-01
Stocahstic error estimate: 2.311613e-01


Mean energy: -1.08985162e+02
Block size    # of blocks        Mean                Error
     1            500       -1.08985162e+02       1.038358e-01
     2            250       -1.08985162e+02       1.325354e-01
     5            100       -1.08985162e+02       1.833482e-01
    10             50       -1.08985162e+02       2.085130e-01
    20             25       -1.08985162e+02       2.311613e-01
    50             10       -1.08985162e+02       1.982039e-01
    70              7       -1.08970430e+02       2.793025e-01
   100              5       -1.08985162e+02       1.782512e-01
   200              2       -1.08940940e+02       2.666740e-01
Stocahstic error estimate: 2.311613e-01

	collect g,h time= 0.007771730422973633
E=-108.98516211880666,dE=-0.17086754314665598,std=0.23116126978744778
L=-108.98516211880666,dL=-0.17086754314665598,std=0.23116126978744778
	gnorm= 10.68096487842139
	symmetric= True
	solver time=0.009145975112915039,exit status=0
	SR solver time= 0.00919342041015625
	xnorm=6.1359796688779165,dnorm=0.07434770338405326
	niter= 21
step= 36

nparam= 9900
	log prob= -15.999322526035343
	burn in time= 19.743388652801514
	sample time= 75.1194577217102
	self.n= 500.0
	nsamples= 500.0

Mean energy: -1.09322104e+02
Block size    # of blocks        Mean                Error
     1            500       -1.09322104e+02       1.065425e-01
     2            250       -1.09322104e+02       1.351572e-01
     5            100       -1.09322104e+02       1.823223e-01
    10             50       -1.09322104e+02       2.098612e-01
    20             25       -1.09322104e+02       2.300088e-01
    50             10       -1.09322104e+02       1.619783e-01
    70              7       -1.09304204e+02       2.127749e-01
   100              5       -1.09322104e+02       1.644161e-01
   200              2       -1.09465227e+02       5.688053e-02
Stocahstic error estimate: 2.300088e-01


Mean energy: -1.09322104e+02
Block size    # of blocks        Mean                Error
     1            500       -1.09322104e+02       1.065425e-01
     2            250       -1.09322104e+02       1.351572e-01
     5            100       -1.09322104e+02       1.823223e-01
    10             50       -1.09322104e+02       2.098612e-01
    20             25       -1.09322104e+02       2.300088e-01
    50             10       -1.09322104e+02       1.619783e-01
    70              7       -1.09304204e+02       2.127749e-01
   100              5       -1.09322104e+02       1.644161e-01
   200              2       -1.09465227e+02       5.688053e-02
Stocahstic error estimate: 2.300088e-01

	collect g,h time= 0.008692264556884766
E=-109.32210436101867,dE=-0.3369422422120181,std=0.23000876182127533
L=-109.32210436101867,dL=-0.3369422422120181,std=0.23000876182127533
	gnorm= 11.780836650695322
	symmetric= True
	solver time=0.012190818786621094,exit status=0
	SR solver time= 0.012346982955932617
	xnorm=6.129973481147345,dnorm=0.06712669122749144
	niter= 20
step= 37

nparam= 9900
	log prob= -14.485550709690727
	burn in time= 21.447101831436157
	sample time= 78.76198482513428
	self.n= 500.0
	nsamples= 500.0

Mean energy: -1.09060709e+02
Block size    # of blocks        Mean                Error
     1            500       -1.09060709e+02       1.024999e-01
     2            250       -1.09060709e+02       1.349886e-01
     5            100       -1.09060709e+02       1.873096e-01
    10             50       -1.09060709e+02       2.375887e-01
    20             25       -1.09060709e+02       2.584246e-01
    50             10       -1.09060709e+02       3.069600e-01
    70              7       -1.09090911e+02       2.646351e-01
   100              5       -1.09060709e+02       3.533274e-01
   200              2       -1.09152850e+02       7.202622e-01
Stocahstic error estimate: 3.069600e-01


Mean energy: -1.09060709e+02
Block size    # of blocks        Mean                Error
     1            500       -1.09060709e+02       1.024999e-01
     2            250       -1.09060709e+02       1.349886e-01
     5            100       -1.09060709e+02       1.873096e-01
    10             50       -1.09060709e+02       2.375887e-01
    20             25       -1.09060709e+02       2.584246e-01
    50             10       -1.09060709e+02       3.069600e-01
    70              7       -1.09090911e+02       2.646351e-01
   100              5       -1.09060709e+02       3.533274e-01
   200              2       -1.09152850e+02       7.202622e-01
Stocahstic error estimate: 3.069600e-01

	collect g,h time= 0.011300802230834961
E=-109.06070878871807,dE=0.26139557230060007,std=0.306959983253415
L=-109.06070878871807,dL=0.26139557230060007,std=0.306959983253415
	gnorm= 10.23542697924151
	symmetric= True
	solver time=0.02109837532043457,exit status=0
	SR solver time= 0.021310806274414062
	xnorm=6.1256912271043555,dnorm=0.07502591938831835
	niter= 21
step= 38

nparam= 9900
	log prob= -12.627955063303034
	burn in time= 20.30562686920166
	sample time= 74.41951060295105
	self.n= 500.0
	nsamples= 500.0

Mean energy: -1.09175771e+02
Block size    # of blocks        Mean                Error
     1            500       -1.09175771e+02       1.043856e-01
     2            250       -1.09175771e+02       1.355289e-01
     5            100       -1.09175771e+02       1.897580e-01
    10             50       -1.09175771e+02       2.206837e-01
    20             25       -1.09175771e+02       2.369000e-01
    50             10       -1.09175771e+02       2.195873e-01
    70              7       -1.09142959e+02       2.729351e-01
   100              5       -1.09175771e+02       2.392088e-01
   200              2       -1.09144378e+02       4.901375e-01
Stocahstic error estimate: 2.369000e-01


Mean energy: -1.09175771e+02
Block size    # of blocks        Mean                Error
     1            500       -1.09175771e+02       1.043856e-01
     2            250       -1.09175771e+02       1.355289e-01
     5            100       -1.09175771e+02       1.897580e-01
    10             50       -1.09175771e+02       2.206837e-01
    20             25       -1.09175771e+02       2.369000e-01
    50             10       -1.09175771e+02       2.195873e-01
    70              7       -1.09142959e+02       2.729351e-01
   100              5       -1.09175771e+02       2.392088e-01
   200              2       -1.09144378e+02       4.901375e-01
Stocahstic error estimate: 2.369000e-01

	collect g,h time= 0.011644840240478516
E=-109.17577088324445,dE=-0.11506209452637961,std=0.23690002833770193
L=-109.17577088324445,dL=-0.11506209452637961,std=0.23690002833770193
	gnorm= 14.545580251192153
	symmetric= True
	solver time=0.020470857620239258,exit status=0
	SR solver time= 0.0207059383392334
	xnorm=6.119743982811296,dnorm=0.07588313392827753
	niter= 18
step= 39

nparam= 9900
	log prob= -10.857652293493615
	burn in time= 16.049786806106567
	sample time= 75.85419082641602
	self.n= 500.0
	nsamples= 500.0

Mean energy: -1.09223653e+02
Block size    # of blocks        Mean                Error
     1            500       -1.09223653e+02       9.777017e-02
     2            250       -1.09223653e+02       1.226560e-01
     5            100       -1.09223653e+02       1.550174e-01
    10             50       -1.09223653e+02       1.844523e-01
    20             25       -1.09223653e+02       1.706275e-01
    50             10       -1.09223653e+02       1.568030e-01
    70              7       -1.09219265e+02       1.237327e-01
   100              5       -1.09223653e+02       5.556273e-02
   200              2       -1.09227146e+02       1.030100e-01
Stocahstic error estimate: 1.844523e-01


Mean energy: -1.09223653e+02
Block size    # of blocks        Mean                Error
     1            500       -1.09223653e+02       9.777017e-02
     2            250       -1.09223653e+02       1.226560e-01
     5            100       -1.09223653e+02       1.550174e-01
    10             50       -1.09223653e+02       1.844523e-01
    20             25       -1.09223653e+02       1.706275e-01
    50             10       -1.09223653e+02       1.568030e-01
    70              7       -1.09219265e+02       1.237327e-01
   100              5       -1.09223653e+02       5.556273e-02
   200              2       -1.09227146e+02       1.030100e-01
Stocahstic error estimate: 1.844523e-01

	collect g,h time= 0.007973194122314453
E=-109.22365321955202,dE=-0.04788233630756622,std=0.18445228963843574
L=-109.22365321955202,dL=-0.04788233630756622,std=0.18445228963843574
	gnorm= 11.996037765114577
	symmetric= True
	solver time=0.011313438415527344,exit status=0
	SR solver time= 0.01136159896850586
	xnorm=6.114108929590355,dnorm=0.07424852520011062
	niter= 21
step= 40

nparam= 9900
	log prob= -10.991938494845073
	burn in time= 18.62878179550171
	sample time= 77.3184027671814
	self.n= 500.0
	nsamples= 500.0

Mean energy: -1.09243505e+02
Block size    # of blocks        Mean                Error
     1            500       -1.09243505e+02       1.033427e-01
     2            250       -1.09243505e+02       1.333437e-01
     5            100       -1.09243505e+02       1.748486e-01
    10             50       -1.09243505e+02       1.865906e-01
    20             25       -1.09243505e+02       2.093305e-01
    50             10       -1.09243505e+02       2.351807e-01
    70              7       -1.09248714e+02       2.249382e-01
   100              5       -1.09243505e+02       2.331693e-01
   200              2       -1.09203997e+02       1.907383e-02
Stocahstic error estimate: 2.351807e-01


Mean energy: -1.09243505e+02
Block size    # of blocks        Mean                Error
     1            500       -1.09243505e+02       1.033427e-01
     2            250       -1.09243505e+02       1.333437e-01
     5            100       -1.09243505e+02       1.748486e-01
    10             50       -1.09243505e+02       1.865906e-01
    20             25       -1.09243505e+02       2.093305e-01
    50             10       -1.09243505e+02       2.351807e-01
    70              7       -1.09248714e+02       2.249382e-01
   100              5       -1.09243505e+02       2.331693e-01
   200              2       -1.09203997e+02       1.907383e-02
Stocahstic error estimate: 2.351807e-01

	collect g,h time= 0.0077953338623046875
E=-109.24350512621771,dE=-0.01985190666569281,std=0.235180731801899
L=-109.24350512621771,dL=-0.01985190666569281,std=0.235180731801899
	gnorm= 13.248448604660735
	symmetric= True
	solver time=0.007227420806884766,exit status=0
	SR solver time= 0.007302522659301758
	xnorm=6.109247595566713,dnorm=0.078517853604048
	niter= 17
step= 41

nparam= 9900
	log prob= -11.82380260313596
	burn in time= 18.534554958343506
	sample time= 74.71725583076477
	self.n= 500.0
	nsamples= 500.0

Mean energy: -1.09489604e+02
Block size    # of blocks        Mean                Error
     1            500       -1.09489604e+02       9.190137e-02
     2            250       -1.09489604e+02       1.164917e-01
     5            100       -1.09489604e+02       1.420848e-01
    10             50       -1.09489604e+02       1.625043e-01
    20             25       -1.09489604e+02       1.850082e-01
    50             10       -1.09489604e+02       2.023167e-01
    70              7       -1.09485596e+02       2.323902e-01
   100              5       -1.09489604e+02       2.049138e-01
   200              2       -1.09478730e+02       2.434798e-01
Stocahstic error estimate: 2.323902e-01


Mean energy: -1.09489604e+02
Block size    # of blocks        Mean                Error
     1            500       -1.09489604e+02       9.190137e-02
     2            250       -1.09489604e+02       1.164917e-01
     5            100       -1.09489604e+02       1.420848e-01
    10             50       -1.09489604e+02       1.625043e-01
    20             25       -1.09489604e+02       1.850082e-01
    50             10       -1.09489604e+02       2.023167e-01
    70              7       -1.09485596e+02       2.323902e-01
   100              5       -1.09489604e+02       2.049138e-01
   200              2       -1.09478730e+02       2.434798e-01
Stocahstic error estimate: 2.323902e-01

	collect g,h time= 0.008514165878295898
E=-109.48960382258048,dE=-0.2460986963627647,std=0.2323902096058988
L=-109.48960382258048,dL=-0.2460986963627647,std=0.2323902096058988
	gnorm= 9.061205166447369
	symmetric= True
	solver time=0.013087749481201172,exit status=0
	SR solver time= 0.013191699981689453
	xnorm=6.10258139392067,dnorm=0.07090916783624515
	niter= 22
step= 42

nparam= 9900
	log prob= -12.821463366911544
	burn in time= 19.064087867736816
	sample time= 75.71141457557678
	self.n= 500.0
	nsamples= 500.0

Mean energy: -1.09428123e+02
Block size    # of blocks        Mean                Error
     1            500       -1.09428123e+02       9.390882e-02
     2            250       -1.09428123e+02       1.207450e-01
     5            100       -1.09428123e+02       1.646565e-01
    10             50       -1.09428123e+02       1.779303e-01
    20             25       -1.09428123e+02       1.718548e-01
    50             10       -1.09428123e+02       1.992660e-01
    70              7       -1.09393621e+02       1.452920e-01
   100              5       -1.09428123e+02       2.926703e-01
   200              2       -1.09453401e+02       2.405004e-01
Stocahstic error estimate: 1.779303e-01


Mean energy: -1.09428123e+02
Block size    # of blocks        Mean                Error
     1            500       -1.09428123e+02       9.390882e-02
     2            250       -1.09428123e+02       1.207450e-01
     5            100       -1.09428123e+02       1.646565e-01
    10             50       -1.09428123e+02       1.779303e-01
    20             25       -1.09428123e+02       1.718548e-01
    50             10       -1.09428123e+02       1.992660e-01
    70              7       -1.09393621e+02       1.452920e-01
   100              5       -1.09428123e+02       2.926703e-01
   200              2       -1.09453401e+02       2.405004e-01
Stocahstic error estimate: 1.779303e-01

	collect g,h time= 0.00778651237487793
E=-109.42812252397108,dE=0.061481298609393775,std=0.1779302812018744
L=-109.42812252397108,dL=0.061481298609393775,std=0.1779302812018744
	gnorm= 9.028569306565366
	symmetric= True
	solver time=0.010393142700195312,exit status=0
	SR solver time= 0.010443449020385742
	xnorm=6.097602905057416,dnorm=0.06932894860685387
	niter= 24
step= 43

nparam= 9900
	log prob= -15.942823551967763
	burn in time= 16.20372748374939
	sample time= 67.4292984008789
	self.n= 500.0
	nsamples= 500.0

Mean energy: -1.09297530e+02
Block size    # of blocks        Mean                Error
     1            500       -1.09297530e+02       1.107919e-01
     2            250       -1.09297530e+02       1.466707e-01
     5            100       -1.09297530e+02       1.988037e-01
    10             50       -1.09297530e+02       2.439964e-01
    20             25       -1.09297530e+02       2.328332e-01
    50             10       -1.09297530e+02       1.996539e-01
    70              7       -1.09332385e+02       1.615321e-01
   100              5       -1.09297530e+02       1.194002e-01
   200              2       -1.09290142e+02       1.186255e-01
Stocahstic error estimate: 2.439964e-01


Mean energy: -1.09297530e+02
Block size    # of blocks        Mean                Error
     1            500       -1.09297530e+02       1.107919e-01
     2            250       -1.09297530e+02       1.466707e-01
     5            100       -1.09297530e+02       1.988037e-01
    10             50       -1.09297530e+02       2.439964e-01
    20             25       -1.09297530e+02       2.328332e-01
    50             10       -1.09297530e+02       1.996539e-01
    70              7       -1.09332385e+02       1.615321e-01
   100              5       -1.09297530e+02       1.194002e-01
   200              2       -1.09290142e+02       1.186255e-01
Stocahstic error estimate: 2.439964e-01

	collect g,h time= 0.007753849029541016
E=-109.29752958471038,dE=0.13059293926070836,std=0.2439964036565317
L=-109.29752958471038,dL=0.13059293926070836,std=0.2439964036565317
	gnorm= 12.100450517682727
	symmetric= True
	solver time=0.007411003112792969,exit status=0
	SR solver time= 0.00745701789855957
	xnorm=6.091692747847614,dnorm=0.07810424962858742
	niter= 18
step= 44

nparam= 9900
	log prob= -12.406455477478758
	burn in time= 18.136717319488525
	sample time= 74.46369099617004
	self.n= 500.0
	nsamples= 500.0

Mean energy: -1.10114416e+02
Block size    # of blocks        Mean                Error
     1            500       -1.10114416e+02       1.012286e-01
     2            250       -1.10114416e+02       1.333706e-01
     5            100       -1.10114416e+02       1.756484e-01
    10             50       -1.10114416e+02       2.098545e-01
    20             25       -1.10114416e+02       2.432656e-01
    50             10       -1.10114416e+02       2.443003e-01
    70              7       -1.10149084e+02       1.792993e-01
   100              5       -1.10114416e+02       2.614751e-01
   200              2       -1.10310420e+02       1.502042e-01
Stocahstic error estimate: 2.443003e-01


Mean energy: -1.10114416e+02
Block size    # of blocks        Mean                Error
     1            500       -1.10114416e+02       1.012286e-01
     2            250       -1.10114416e+02       1.333706e-01
     5            100       -1.10114416e+02       1.756484e-01
    10             50       -1.10114416e+02       2.098545e-01
    20             25       -1.10114416e+02       2.432656e-01
    50             10       -1.10114416e+02       2.443003e-01
    70              7       -1.10149084e+02       1.792993e-01
   100              5       -1.10114416e+02       2.614751e-01
   200              2       -1.10310420e+02       1.502042e-01
Stocahstic error estimate: 2.443003e-01

	collect g,h time= 0.010539770126342773
E=-110.11441551418332,dE=-0.8168859294729458,std=0.24430030917755036
L=-110.11441551418332,dL=-0.8168859294729458,std=0.24430030917755036
	gnorm= 9.440340611030093
	symmetric= True
	solver time=0.016293764114379883,exit status=0
	SR solver time= 0.016372203826904297
	xnorm=6.086160881077581,dnorm=0.07551744094326734
	niter= 23
step= 45

nparam= 9900
	log prob= -11.410987561344584
	burn in time= 19.916733503341675
	sample time= 76.31598591804504
	self.n= 500.0
	nsamples= 500.0

Mean energy: -1.10118187e+02
Block size    # of blocks        Mean                Error
     1            500       -1.10118187e+02       1.051606e-01
     2            250       -1.10118187e+02       1.337269e-01
     5            100       -1.10118187e+02       1.837673e-01
    10             50       -1.10118187e+02       1.942673e-01
    20             25       -1.10118187e+02       2.140444e-01
    50             10       -1.10118187e+02       1.379610e-01
    70              7       -1.10127841e+02       1.498540e-01
   100              5       -1.10118187e+02       9.584751e-02
   200              2       -1.10148438e+02       2.081229e-01
Stocahstic error estimate: 2.140444e-01


Mean energy: -1.10118187e+02
Block size    # of blocks        Mean                Error
     1            500       -1.10118187e+02       1.051606e-01
     2            250       -1.10118187e+02       1.337269e-01
     5            100       -1.10118187e+02       1.837673e-01
    10             50       -1.10118187e+02       1.942673e-01
    20             25       -1.10118187e+02       2.140444e-01
    50             10       -1.10118187e+02       1.379610e-01
    70              7       -1.10127841e+02       1.498540e-01
   100              5       -1.10118187e+02       9.584751e-02
   200              2       -1.10148438e+02       2.081229e-01
Stocahstic error estimate: 2.140444e-01

	collect g,h time= 0.007985115051269531
E=-110.11818719415484,dE=-0.00377167997152128,std=0.21404439426616872
L=-110.11818719415484,dL=-0.00377167997152128,std=0.21404439426616872
	gnorm= 12.259325846758054
	symmetric= True
	solver time=0.009368181228637695,exit status=0
	SR solver time= 0.00941610336303711
	xnorm=6.079896418384838,dnorm=0.07153777547244433
	niter= 20
step= 46

nparam= 9900
	log prob= -12.265585942620916
	burn in time= 19.529463291168213
	sample time= 76.89629936218262
	self.n= 500.0
	nsamples= 500.0

Mean energy: -1.09769295e+02
Block size    # of blocks        Mean                Error
     1            500       -1.09769295e+02       9.072284e-02
     2            250       -1.09769295e+02       1.175448e-01
     5            100       -1.09769295e+02       1.697502e-01
    10             50       -1.09769295e+02       2.035774e-01
    20             25       -1.09769295e+02       2.210325e-01
    50             10       -1.09769295e+02       2.245370e-01
    70              7       -1.09788353e+02       2.107060e-01
   100              5       -1.09769295e+02       2.239713e-01
   200              2       -1.09909303e+02       3.978585e-01
Stocahstic error estimate: 2.245370e-01


Mean energy: -1.09769295e+02
Block size    # of blocks        Mean                Error
     1            500       -1.09769295e+02       9.072284e-02
     2            250       -1.09769295e+02       1.175448e-01
     5            100       -1.09769295e+02       1.697502e-01
    10             50       -1.09769295e+02       2.035774e-01
    20             25       -1.09769295e+02       2.210325e-01
    50             10       -1.09769295e+02       2.245370e-01
    70              7       -1.09788353e+02       2.107060e-01
   100              5       -1.09769295e+02       2.239713e-01
   200              2       -1.09909303e+02       3.978585e-01
Stocahstic error estimate: 2.245370e-01

	collect g,h time= 0.010101795196533203
E=-109.76929544188364,dE=0.34889175227120006,std=0.2245370481091296
L=-109.76929544188364,dL=0.34889175227120006,std=0.2245370481091296
	gnorm= 8.837759574034884
	symmetric= True
	solver time=0.011962413787841797,exit status=0
	SR solver time= 0.012120962142944336
	xnorm=6.074257138223258,dnorm=0.0701050537095304
	niter= 21
step= 47

nparam= 9900
	log prob= -14.712162302535063
	burn in time= 18.067651510238647
	sample time= 71.51514935493469
	self.n= 500.0
	nsamples= 500.0

Mean energy: -1.09770849e+02
Block size    # of blocks        Mean                Error
     1            500       -1.09770849e+02       9.914275e-02
     2            250       -1.09770849e+02       1.276784e-01
     5            100       -1.09770849e+02       1.723583e-01
    10             50       -1.09770849e+02       1.946311e-01
    20             25       -1.09770849e+02       2.304048e-01
    50             10       -1.09770849e+02       2.942674e-01
    70              7       -1.09804481e+02       2.856464e-01
   100              5       -1.09770849e+02       3.651833e-01
   200              2       -1.09787441e+02       9.178755e-02
Stocahstic error estimate: 2.942674e-01


Mean energy: -1.09770849e+02
Block size    # of blocks        Mean                Error
     1            500       -1.09770849e+02       9.914275e-02
     2            250       -1.09770849e+02       1.276784e-01
     5            100       -1.09770849e+02       1.723583e-01
    10             50       -1.09770849e+02       1.946311e-01
    20             25       -1.09770849e+02       2.304048e-01
    50             10       -1.09770849e+02       2.942674e-01
    70              7       -1.09804481e+02       2.856464e-01
   100              5       -1.09770849e+02       3.651833e-01
   200              2       -1.09787441e+02       9.178755e-02
Stocahstic error estimate: 2.942674e-01

	collect g,h time= 0.011177539825439453
E=-109.77084856630084,dE=-0.0015531244171995695,std=0.2942673607938247
L=-109.77084856630084,dL=-0.0015531244171995695,std=0.2942673607938247
	gnorm= 9.76134104307251
	symmetric= True
	solver time=0.02268362045288086,exit status=0
	SR solver time= 0.02290058135986328
	xnorm=6.069464704251655,dnorm=0.06802277026424247
	niter= 22
step= 48

nparam= 9900
	log prob= -19.91013109016879
	burn in time= 15.850596904754639
	sample time= 79.79740190505981
	self.n= 500.0
	nsamples= 500.0

Mean energy: -1.09884293e+02
Block size    # of blocks        Mean                Error
     1            500       -1.09884293e+02       9.967844e-02
     2            250       -1.09884293e+02       1.293887e-01
     5            100       -1.09884293e+02       1.722351e-01
    10             50       -1.09884293e+02       1.982985e-01
    20             25       -1.09884293e+02       1.614121e-01
    50             10       -1.09884293e+02       1.432822e-01
    70              7       -1.09925463e+02       1.754851e-01
   100              5       -1.09884293e+02       1.240067e-01
   200              2       -1.09885672e+02       1.042956e-01
Stocahstic error estimate: 1.982985e-01


Mean energy: -1.09884293e+02
Block size    # of blocks        Mean                Error
     1            500       -1.09884293e+02       9.967844e-02
     2            250       -1.09884293e+02       1.293887e-01
     5            100       -1.09884293e+02       1.722351e-01
    10             50       -1.09884293e+02       1.982985e-01
    20             25       -1.09884293e+02       1.614121e-01
    50             10       -1.09884293e+02       1.432822e-01
    70              7       -1.09925463e+02       1.754851e-01
   100              5       -1.09884293e+02       1.240067e-01
   200              2       -1.09885672e+02       1.042956e-01
Stocahstic error estimate: 1.982985e-01

	collect g,h time= 0.010280132293701172
E=-109.88429253753104,dE=-0.1134439712301969,std=0.19829845501038462
L=-109.88429253753104,dL=-0.1134439712301969,std=0.19829845501038462
	gnorm= 23.38882401613814
	symmetric= True
	solver time=0.008419513702392578,exit status=0
	SR solver time= 0.008576154708862305
	xnorm=6.064533642262371,dnorm=0.09922184156586208
	niter= 9
step= 49

nparam= 9900
	log prob= -16.4562527739713
	burn in time= 20.02597665786743
	sample time= 87.25266408920288
	self.n= 500.0
	nsamples= 500.0

Mean energy: -1.10155578e+02
Block size    # of blocks        Mean                Error
     1            500       -1.10155578e+02       1.002583e-01
     2            250       -1.10155578e+02       1.311219e-01
     5            100       -1.10155578e+02       1.797004e-01
    10             50       -1.10155578e+02       2.029341e-01
    20             25       -1.10155578e+02       2.359035e-01
    50             10       -1.10155578e+02       2.366586e-01
    70              7       -1.10205809e+02       9.716694e-02
   100              5       -1.10155578e+02       1.760797e-01
   200              2       -1.10203302e+02       3.765105e-01
Stocahstic error estimate: 2.366586e-01


Mean energy: -1.10155578e+02
Block size    # of blocks        Mean                Error
     1            500       -1.10155578e+02       1.002583e-01
     2            250       -1.10155578e+02       1.311219e-01
     5            100       -1.10155578e+02       1.797004e-01
    10             50       -1.10155578e+02       2.029341e-01
    20             25       -1.10155578e+02       2.359035e-01
    50             10       -1.10155578e+02       2.366586e-01
    70              7       -1.10205809e+02       9.716694e-02
   100              5       -1.10155578e+02       1.760797e-01
   200              2       -1.10203302e+02       3.765105e-01
Stocahstic error estimate: 2.366586e-01

	collect g,h time= 0.00869131088256836
E=-110.15557832067046,dE=-0.27128578313941887,std=0.23665855980211176
L=-110.15557832067046,dL=-0.27128578313941887,std=0.23665855980211176
	gnorm= 10.376002860997419
	symmetric= True
	solver time=0.011630773544311523,exit status=0
	SR solver time= 0.011688947677612305
	xnorm=6.058822827734377,dnorm=0.07214081022948785
	niter= 22
burn_in= 10
every= 5
layer= 0
nparam= 4950

step= 50

nparam= 9900
	log prob= -17.135314961618846
	burn in time= 31.273192405700684
	sample time= 99.29241919517517
	self.n= 500.0
	nsamples= 500.0

Mean energy: -1.08586150e+02
Block size    # of blocks        Mean                Error
     1            500       -1.08586150e+02       1.259107e-01
     2            250       -1.08586150e+02       1.628623e-01
     5            100       -1.08586150e+02       2.038315e-01
    10             50       -1.08586150e+02       1.992780e-01
    20             25       -1.08586150e+02       1.997997e-01
    50             10       -1.08586150e+02       1.466192e-01
    70              7       -1.08576666e+02       1.983070e-01
   100              5       -1.08586150e+02       1.199060e-01
   200              2       -1.08528605e+02       2.547083e-01
Stocahstic error estimate: 2.038315e-01


Mean energy: -1.08586150e+02
Block size    # of blocks        Mean                Error
     1            500       -1.08586150e+02       1.259107e-01
     2            250       -1.08586150e+02       1.628623e-01
     5            100       -1.08586150e+02       2.038315e-01
    10             50       -1.08586150e+02       1.992780e-01
    20             25       -1.08586150e+02       1.997997e-01
    50             10       -1.08586150e+02       1.466192e-01
    70              7       -1.08576666e+02       1.983070e-01
   100              5       -1.08586150e+02       1.199060e-01
   200              2       -1.08528605e+02       2.547083e-01
Stocahstic error estimate: 2.038315e-01

	collect g,h time= 0.08338499069213867
E=-108.58615042216985,dE=0,std=0.20383148540129173
L=-108.58615042216985,dL=0,std=0.20383148540129173
	gnorm= 16.013909706627704
	symmetric= True
	solver time=0.025981664657592773,exit status=0
	SR solver time= 0.026049137115478516
	xnorm=6.05394796425417,dnorm=0.09013203698321892
	niter= 24
step= 51

nparam= 9900
	log prob= -12.889652628834568
	burn in time= 42.04855751991272
	sample time= 95.62236595153809
	self.n= 500.0
	nsamples= 500.0

Mean energy: -1.08939892e+02
Block size    # of blocks        Mean                Error
     1            500       -1.08939892e+02       1.052289e-01
     2            250       -1.08939892e+02       1.357076e-01
     5            100       -1.08939892e+02       1.848098e-01
    10             50       -1.08939892e+02       2.124221e-01
    20             25       -1.08939892e+02       2.453415e-01
    50             10       -1.08939892e+02       2.010475e-01
    70              7       -1.08936045e+02       2.021862e-01
   100              5       -1.08939892e+02       1.987549e-01
   200              2       -1.08871733e+02       1.781009e-02
Stocahstic error estimate: 2.453415e-01


Mean energy: -1.08939892e+02
Block size    # of blocks        Mean                Error
     1            500       -1.08939892e+02       1.052289e-01
     2            250       -1.08939892e+02       1.357076e-01
     5            100       -1.08939892e+02       1.848098e-01
    10             50       -1.08939892e+02       2.124221e-01
    20             25       -1.08939892e+02       2.453415e-01
    50             10       -1.08939892e+02       2.010475e-01
    70              7       -1.08936045e+02       2.021862e-01
   100              5       -1.08939892e+02       1.987549e-01
   200              2       -1.08871733e+02       1.781009e-02
Stocahstic error estimate: 2.453415e-01

	collect g,h time= 0.008060932159423828
E=-108.93989173917339,dE=-0.3537413170035393,std=0.2453415306256384
L=-108.93989173917339,dL=-0.3537413170035393,std=0.2453415306256384
	gnorm= 11.357011379165316
	symmetric= True
	solver time=0.012906312942504883,exit status=0
	SR solver time= 0.012966394424438477
	xnorm=6.046342908240243,dnorm=0.0762594866039148
	niter= 24
step= 52

nparam= 9900
	log prob= -14.711902465326617
	burn in time= 37.67251992225647
	sample time= 93.2251410484314
	self.n= 500.0
	nsamples= 500.0

Mean energy: -1.09358368e+02
Block size    # of blocks        Mean                Error
     1            500       -1.09358368e+02       9.558913e-02
     2            250       -1.09358368e+02       1.201476e-01
     5            100       -1.09358368e+02       1.542457e-01
    10             50       -1.09358368e+02       1.758182e-01
    20             25       -1.09358368e+02       1.920042e-01
    50             10       -1.09358368e+02       1.454034e-01
    70              7       -1.09351462e+02       1.984895e-01
   100              5       -1.09358368e+02       1.723565e-01
   200              2       -1.09227614e+02       9.261258e-02
Stocahstic error estimate: 1.920042e-01


Mean energy: -1.09358368e+02
Block size    # of blocks        Mean                Error
     1            500       -1.09358368e+02       9.558913e-02
     2            250       -1.09358368e+02       1.201476e-01
     5            100       -1.09358368e+02       1.542457e-01
    10             50       -1.09358368e+02       1.758182e-01
    20             25       -1.09358368e+02       1.920042e-01
    50             10       -1.09358368e+02       1.454034e-01
    70              7       -1.09351462e+02       1.984895e-01
   100              5       -1.09358368e+02       1.723565e-01
   200              2       -1.09227614e+02       9.261258e-02
Stocahstic error estimate: 1.920042e-01

	collect g,h time= 0.009739160537719727
E=-109.3583678944567,dE=-0.41847615528331517,std=0.19200420640879778
L=-109.3583678944567,dL=-0.41847615528331517,std=0.19200420640879778
	gnorm= 11.881683307451059
	symmetric= True
	solver time=0.01771855354309082,exit status=0
	SR solver time= 0.017934799194335938
	xnorm=6.0408283293599165,dnorm=0.06594852725539782
	niter= 20
step= 53

nparam= 9900
	log prob= -16.484648353935967
	burn in time= 32.21564435958862
	sample time= 90.36345863342285
	self.n= 500.0
	nsamples= 500.0

Mean energy: -1.09794538e+02
Block size    # of blocks        Mean                Error
     1            500       -1.09794538e+02       9.411418e-02
     2            250       -1.09794538e+02       1.213289e-01
     5            100       -1.09794538e+02       1.620616e-01
    10             50       -1.09794538e+02       1.931107e-01
    20             25       -1.09794538e+02       2.064759e-01
    50             10       -1.09794538e+02       1.927936e-01
    70              7       -1.09750993e+02       1.732264e-01
   100              5       -1.09794538e+02       2.040726e-01
   200              2       -1.09702550e+02       2.335663e-01
Stocahstic error estimate: 2.064759e-01


Mean energy: -1.09794538e+02
Block size    # of blocks        Mean                Error
     1            500       -1.09794538e+02       9.411418e-02
     2            250       -1.09794538e+02       1.213289e-01
     5            100       -1.09794538e+02       1.620616e-01
    10             50       -1.09794538e+02       1.931107e-01
    20             25       -1.09794538e+02       2.064759e-01
    50             10       -1.09794538e+02       1.927936e-01
    70              7       -1.09750993e+02       1.732264e-01
   100              5       -1.09794538e+02       2.040726e-01
   200              2       -1.09702550e+02       2.335663e-01
Stocahstic error estimate: 2.064759e-01

	collect g,h time= 0.008057117462158203
E=-109.79453841683015,dE=-0.43617052237344467,std=0.20647585384365671
L=-109.79453841683015,dL=-0.43617052237344467,std=0.20647585384365671
	gnorm= 10.89741304565422
	symmetric= True
	solver time=0.010333776473999023,exit status=0
	SR solver time= 0.010384559631347656
	xnorm=6.036088095734447,dnorm=0.06872364200313157
	niter= 20
step= 54

nparam= 9900
	log prob= -13.018598139429102
	burn in time= 38.010173320770264
	sample time= 89.51165986061096
	self.n= 500.0
	nsamples= 500.0

Mean energy: -1.09656331e+02
Block size    # of blocks        Mean                Error
     1            500       -1.09656331e+02       9.675014e-02
     2            250       -1.09656331e+02       1.281655e-01
     5            100       -1.09656331e+02       1.778171e-01
    10             50       -1.09656331e+02       2.033422e-01
    20             25       -1.09656331e+02       2.363561e-01
    50             10       -1.09656331e+02       2.716094e-01
    70              7       -1.09646749e+02       3.385161e-01
   100              5       -1.09656331e+02       3.734715e-01
   200              2       -1.09390128e+02       8.744470e-02
Stocahstic error estimate: 3.734715e-01


Mean energy: -1.09656331e+02
Block size    # of blocks        Mean                Error
     1            500       -1.09656331e+02       9.675014e-02
     2            250       -1.09656331e+02       1.281655e-01
     5            100       -1.09656331e+02       1.778171e-01
    10             50       -1.09656331e+02       2.033422e-01
    20             25       -1.09656331e+02       2.363561e-01
    50             10       -1.09656331e+02       2.716094e-01
    70              7       -1.09646749e+02       3.385161e-01
   100              5       -1.09656331e+02       3.734715e-01
   200              2       -1.09390128e+02       8.744470e-02
Stocahstic error estimate: 3.734715e-01

	collect g,h time= 0.008045196533203125
E=-109.65633074009122,dE=0.1382076767389293,std=0.37347147179572393
L=-109.65633074009122,dL=0.1382076767389293,std=0.37347147179572393
	gnorm= 10.280345100601199
	symmetric= True
	solver time=0.012348651885986328,exit status=0
	SR solver time= 0.012406587600708008
	xnorm=6.031243937203695,dnorm=0.06730569256429134
	niter= 22
step= 55

nparam= 9900
	log prob= -12.558929462803846
	burn in time= 29.329519748687744
	sample time= 89.59847736358643
	self.n= 500.0
	nsamples= 500.0

Mean energy: -1.10190203e+02
Block size    # of blocks        Mean                Error
     1            500       -1.10190203e+02       1.129149e-01
     2            250       -1.10190203e+02       1.505407e-01
     5            100       -1.10190203e+02       2.025114e-01
    10             50       -1.10190203e+02       2.555761e-01
    20             25       -1.10190203e+02       2.493330e-01
    50             10       -1.10190203e+02       2.353875e-01
    70              7       -1.10223422e+02       2.264506e-01
   100              5       -1.10190203e+02       2.534988e-01
   200              2       -1.10184840e+02       8.753831e-02
Stocahstic error estimate: 2.555761e-01


Mean energy: -1.10190203e+02
Block size    # of blocks        Mean                Error
     1            500       -1.10190203e+02       1.129149e-01
     2            250       -1.10190203e+02       1.505407e-01
     5            100       -1.10190203e+02       2.025114e-01
    10             50       -1.10190203e+02       2.555761e-01
    20             25       -1.10190203e+02       2.493330e-01
    50             10       -1.10190203e+02       2.353875e-01
    70              7       -1.10223422e+02       2.264506e-01
   100              5       -1.10190203e+02       2.534988e-01
   200              2       -1.10184840e+02       8.753831e-02
Stocahstic error estimate: 2.555761e-01

	collect g,h time= 0.010856389999389648
E=-110.19020265721785,dE=-0.533871917126632,std=0.25557608261774545
L=-110.19020265721785,dL=-0.533871917126632,std=0.25557608261774545
	gnorm= 11.2118850151808
	symmetric= True
	solver time=0.023952484130859375,exit status=0
	SR solver time= 0.024222612380981445
	niter= 21
	xnorm=6.026551247920234,dnorm=0.08030221198972867
step= 56

nparam= 9900
	log prob= -12.292186295963717
	burn in time= 30.284925937652588
	sample time= 85.11214518547058
	self.n= 500.0
	nsamples= 500.0

Mean energy: -1.10294771e+02
Block size    # of blocks        Mean                Error
     1            500       -1.10294771e+02       9.998576e-02
     2            250       -1.10294771e+02       1.329772e-01
     5            100       -1.10294771e+02       1.909138e-01
    10             50       -1.10294771e+02       2.442802e-01
    20             25       -1.10294771e+02       3.092024e-01
    50             10       -1.10294771e+02       3.299728e-01
    70              7       -1.10303434e+02       1.675621e-01
   100              5       -1.10294771e+02       2.667030e-01
   200              2       -1.10429693e+02       8.517987e-02
Stocahstic error estimate: 3.299728e-01


Mean energy: -1.10294771e+02
Block size    # of blocks        Mean                Error
     1            500       -1.10294771e+02       9.998576e-02
     2            250       -1.10294771e+02       1.329772e-01
     5            100       -1.10294771e+02       1.909138e-01
    10             50       -1.10294771e+02       2.442802e-01
    20             25       -1.10294771e+02       3.092024e-01
    50             10       -1.10294771e+02       3.299728e-01
    70              7       -1.10303434e+02       1.675621e-01
   100              5       -1.10294771e+02       2.667030e-01
   200              2       -1.10429693e+02       8.517987e-02
Stocahstic error estimate: 3.299728e-01

	collect g,h time= 0.007960081100463867
E=-110.2947706502131,dE=-0.10456799299524278,std=0.32997278299496097
L=-110.2947706502131,dL=-0.10456799299524278,std=0.32997278299496097
	gnorm= 10.977715361777442
	symmetric= True
	solver time=0.0105133056640625,exit status=0
	SR solver time= 0.010571718215942383
	xnorm=6.019239414737356,dnorm=0.06549379856674278
	niter= 20
step= 57

nparam= 9900
	log prob= -12.05821251229392
	burn in time= 43.512014627456665
	sample time= 89.91566610336304
	self.n= 500.0
	nsamples= 500.0

Mean energy: -1.10102121e+02
Block size    # of blocks        Mean                Error
     1            500       -1.10102121e+02       1.086220e-01
     2            250       -1.10102121e+02       1.459611e-01
     5            100       -1.10102121e+02       2.109472e-01
    10             50       -1.10102121e+02       2.613708e-01
    20             25       -1.10102121e+02       2.977682e-01
    50             10       -1.10102121e+02       3.589671e-01
    70              7       -1.10140264e+02       2.583015e-01
   100              5       -1.10102121e+02       2.640614e-01
   200              2       -1.10266105e+02       1.221056e-02
Stocahstic error estimate: 3.589671e-01


Mean energy: -1.10102121e+02
Block size    # of blocks        Mean                Error
     1            500       -1.10102121e+02       1.086220e-01
     2            250       -1.10102121e+02       1.459611e-01
     5            100       -1.10102121e+02       2.109472e-01
    10             50       -1.10102121e+02       2.613708e-01
    20             25       -1.10102121e+02       2.977682e-01
    50             10       -1.10102121e+02       3.589671e-01
    70              7       -1.10140264e+02       2.583015e-01
   100              5       -1.10102121e+02       2.640614e-01
   200              2       -1.10266105e+02       1.221056e-02
Stocahstic error estimate: 3.589671e-01

	collect g,h time= 0.008138418197631836
E=-110.10212132822899,dE=0.19264932198410634,std=0.3589671257476727
L=-110.10212132822899,dL=0.19264932198410634,std=0.3589671257476727
	gnorm= 11.958547354328006
	symmetric= True
	solver time=0.01107335090637207,exit status=0
	SR solver time= 0.011142253875732422
	xnorm=6.015079303567288,dnorm=0.07236853069945712
	niter= 21
step= 58

nparam= 9900
	log prob= -12.410536670569059
	burn in time= 41.36988377571106
	sample time= 89.45346331596375
	self.n= 500.0
	nsamples= 500.0

Mean energy: -1.10031346e+02
Block size    # of blocks        Mean                Error
     1            500       -1.10031346e+02       1.028261e-01
     2            250       -1.10031346e+02       1.319894e-01
     5            100       -1.10031346e+02       1.842737e-01
    10             50       -1.10031346e+02       2.248306e-01
    20             25       -1.10031346e+02       2.375560e-01
    50             10       -1.10031346e+02       1.434601e-01
    70              7       -1.10091211e+02       1.695988e-01
   100              5       -1.10031346e+02       1.706520e-01
   200              2       -1.10122056e+02       3.122264e-02
Stocahstic error estimate: 2.375560e-01


Mean energy: -1.10031346e+02
Block size    # of blocks        Mean                Error
     1            500       -1.10031346e+02       1.028261e-01
     2            250       -1.10031346e+02       1.319894e-01
     5            100       -1.10031346e+02       1.842737e-01
    10             50       -1.10031346e+02       2.248306e-01
    20             25       -1.10031346e+02       2.375560e-01
    50             10       -1.10031346e+02       1.434601e-01
    70              7       -1.10091211e+02       1.695988e-01
   100              5       -1.10031346e+02       1.706520e-01
   200              2       -1.10122056e+02       3.122264e-02
Stocahstic error estimate: 2.375560e-01

	collect g,h time= 0.01105189323425293
E=-110.03134585701991,dE=0.07077547120907468,std=0.23755597796917105
L=-110.03134585701991,dL=0.07077547120907468,std=0.23755597796917105
	gnorm= 12.13756756654748
	symmetric= True
	solver time=0.02456212043762207,exit status=0
	SR solver time= 0.024765491485595703
	xnorm=6.009433663395691,dnorm=0.07170606971833274
	niter= 20
step= 59

nparam= 9900
	log prob= -12.799343598779998
	burn in time= 28.991201639175415
	sample time= 86.86347079277039
	self.n= 500.0
	nsamples= 500.0

Mean energy: -1.10399812e+02
Block size    # of blocks        Mean                Error
     1            500       -1.10399812e+02       9.292855e-02
     2            250       -1.10399812e+02       1.213121e-01
     5            100       -1.10399812e+02       1.597931e-01
    10             50       -1.10399812e+02       1.793960e-01
    20             25       -1.10399812e+02       1.844581e-01
    50             10       -1.10399812e+02       1.531454e-01
    70              7       -1.10416048e+02       2.030609e-01
   100              5       -1.10399812e+02       1.728931e-01
   200              2       -1.10468012e+02       4.754468e-03
Stocahstic error estimate: 1.844581e-01


Mean energy: -1.10399812e+02
Block size    # of blocks        Mean                Error
     1            500       -1.10399812e+02       9.292855e-02
     2            250       -1.10399812e+02       1.213121e-01
     5            100       -1.10399812e+02       1.597931e-01
    10             50       -1.10399812e+02       1.793960e-01
    20             25       -1.10399812e+02       1.844581e-01
    50             10       -1.10399812e+02       1.531454e-01
    70              7       -1.10416048e+02       2.030609e-01
   100              5       -1.10399812e+02       1.728931e-01
   200              2       -1.10468012e+02       4.754468e-03
Stocahstic error estimate: 1.844581e-01

	collect g,h time= 0.007938146591186523
E=-110.39981231331768,dE=-0.3684664562977673,std=0.18445810416292804
L=-110.39981231331768,dL=-0.3684664562977673,std=0.18445810416292804
	gnorm= 9.484454452950112
	symmetric= True
	solver time=0.011845827102661133,exit status=0
	SR solver time= 0.01190042495727539
	xnorm=6.003920642643445,dnorm=0.06772810245331996
	niter= 26
step= 60

nparam= 9900
	log prob= -14.560356558643946
	burn in time= 33.18648314476013
	sample time= 89.13179469108582
	self.n= 500.0
	nsamples= 500.0

Mean energy: -1.10084396e+02
Block size    # of blocks        Mean                Error
     1            500       -1.10084396e+02       8.672849e-02
     2            250       -1.10084396e+02       1.095280e-01
     5            100       -1.10084396e+02       1.410163e-01
    10             50       -1.10084396e+02       1.470252e-01
    20             25       -1.10084396e+02       1.819621e-01
    50             10       -1.10084396e+02       1.331251e-01
    70              7       -1.10094854e+02       1.496623e-01
   100              5       -1.10084396e+02       1.640391e-01
   200              2       -1.10177013e+02       5.458184e-02
Stocahstic error estimate: 1.470252e-01


Mean energy: -1.10084396e+02
Block size    # of blocks        Mean                Error
     1            500       -1.10084396e+02       8.672849e-02
     2            250       -1.10084396e+02       1.095280e-01
     5            100       -1.10084396e+02       1.410163e-01
    10             50       -1.10084396e+02       1.470252e-01
    20             25       -1.10084396e+02       1.819621e-01
    50             10       -1.10084396e+02       1.331251e-01
    70              7       -1.10094854e+02       1.496623e-01
   100              5       -1.10084396e+02       1.640391e-01
   200              2       -1.10177013e+02       5.458184e-02
Stocahstic error estimate: 1.470252e-01

	collect g,h time= 0.009550094604492188
E=-110.08439648464031,dE=0.3154158286773736,std=0.14702524177014334
L=-110.08439648464031,dL=0.3154158286773736,std=0.14702524177014334
	gnorm= 9.39351048855961
	symmetric= True
	solver time=0.01849055290222168,exit status=0
	SR solver time= 0.018668174743652344
	xnorm=5.998316679460081,dnorm=0.06663022644782375
	niter= 22
step= 61

nparam= 9900
	log prob= -16.608648353955246
	burn in time= 32.95515751838684
	sample time= 88.27410078048706
	self.n= 500.0
	nsamples= 500.0

Mean energy: -1.10160547e+02
Block size    # of blocks        Mean                Error
     1            500       -1.10160547e+02       8.901835e-02
     2            250       -1.10160547e+02       1.159696e-01
     5            100       -1.10160547e+02       1.581168e-01
    10             50       -1.10160547e+02       1.814157e-01
    20             25       -1.10160547e+02       1.999203e-01
    50             10       -1.10160547e+02       2.276376e-01
    70              7       -1.10184595e+02       1.961569e-01
   100              5       -1.10160547e+02       2.926323e-01
   200              2       -1.10250677e+02       1.111130e-01
Stocahstic error estimate: 2.276376e-01


Mean energy: -1.10160547e+02
Block size    # of blocks        Mean                Error
     1            500       -1.10160547e+02       8.901835e-02
     2            250       -1.10160547e+02       1.159696e-01
     5            100       -1.10160547e+02       1.581168e-01
    10             50       -1.10160547e+02       1.814157e-01
    20             25       -1.10160547e+02       1.999203e-01
    50             10       -1.10160547e+02       2.276376e-01
    70              7       -1.10184595e+02       1.961569e-01
   100              5       -1.10160547e+02       2.926323e-01
   200              2       -1.10250677e+02       1.111130e-01
Stocahstic error estimate: 2.276376e-01

	collect g,h time= 0.007960796356201172
E=-110.16054675886498,dE=-0.07615027422467335,std=0.22763762334851362
L=-110.16054675886498,dL=-0.07615027422467335,std=0.22763762334851362
	gnorm= 9.2733971762386
	symmetric= True
	solver time=0.011252641677856445,exit status=0
	SR solver time= 0.01133418083190918
	xnorm=5.993617041445063,dnorm=0.06490047545304542
	niter= 21
step= 62

nparam= 9900
	log prob= -15.53670011077115
	burn in time= 33.333324909210205
	sample time= 87.88679909706116
	self.n= 500.0
	nsamples= 500.0

Mean energy: -1.10133709e+02
Block size    # of blocks        Mean                Error
     1            500       -1.10133709e+02       8.276424e-02
     2            250       -1.10133709e+02       1.084370e-01
     5            100       -1.10133709e+02       1.481887e-01
    10             50       -1.10133709e+02       1.650411e-01
    20             25       -1.10133709e+02       1.990433e-01
    50             10       -1.10133709e+02       1.924311e-01
    70              7       -1.10140029e+02       1.623745e-01
   100              5       -1.10133709e+02       2.778165e-01
   200              2       -1.10205529e+02       9.698715e-03
Stocahstic error estimate: 1.990433e-01


Mean energy: -1.10133709e+02
Block size    # of blocks        Mean                Error
     1            500       -1.10133709e+02       8.276424e-02
     2            250       -1.10133709e+02       1.084370e-01
     5            100       -1.10133709e+02       1.481887e-01
    10             50       -1.10133709e+02       1.650411e-01
    20             25       -1.10133709e+02       1.990433e-01
    50             10       -1.10133709e+02       1.924311e-01
    70              7       -1.10140029e+02       1.623745e-01
   100              5       -1.10133709e+02       2.778165e-01
   200              2       -1.10205529e+02       9.698715e-03
Stocahstic error estimate: 1.990433e-01

	collect g,h time= 0.008168458938598633
E=-110.13370880238288,dE=0.026837956482097525,std=0.19904333055837004
L=-110.13370880238288,dL=0.026837956482097525,std=0.19904333055837004
	gnorm= 9.997917371343544
	symmetric= True
	solver time=0.011668682098388672,exit status=0
	SR solver time= 0.011747121810913086
	xnorm=5.98948724543692,dnorm=0.05956566266237117
	niter= 20
step= 63

nparam= 9900
	log prob= -12.712404006633477
	burn in time= 34.890594244003296
	sample time= 91.61115145683289
	self.n= 500.0
	nsamples= 500.0

Mean energy: -1.10392973e+02
Block size    # of blocks        Mean                Error
     1            500       -1.10392973e+02       7.934923e-02
     2            250       -1.10392973e+02       1.003575e-01
     5            100       -1.10392973e+02       1.388052e-01
    10             50       -1.10392973e+02       1.651540e-01
    20             25       -1.10392973e+02       1.978935e-01
    50             10       -1.10392973e+02       1.967468e-01
    70              7       -1.10378101e+02       1.683799e-01
   100              5       -1.10392973e+02       2.021668e-01
   200              2       -1.10451168e+02       2.772916e-01
Stocahstic error estimate: 1.978935e-01


Mean energy: -1.10392973e+02
Block size    # of blocks        Mean                Error
     1            500       -1.10392973e+02       7.934923e-02
     2            250       -1.10392973e+02       1.003575e-01
     5            100       -1.10392973e+02       1.388052e-01
    10             50       -1.10392973e+02       1.651540e-01
    20             25       -1.10392973e+02       1.978935e-01
    50             10       -1.10392973e+02       1.967468e-01
    70              7       -1.10378101e+02       1.683799e-01
   100              5       -1.10392973e+02       2.021668e-01
   200              2       -1.10451168e+02       2.772916e-01
Stocahstic error estimate: 1.978935e-01

	collect g,h time= 0.007859945297241211
E=-110.39297275552374,dE=-0.25926395314085937,std=0.19789345938640532
L=-110.39297275552374,dL=-0.25926395314085937,std=0.19789345938640532
	gnorm= 8.492050438909363
	symmetric= True
	solver time=0.01136016845703125,exit status=0
	SR solver time= 0.011486291885375977
	xnorm=5.985931170822759,dnorm=0.06322129155295034
	niter= 18
step= 64

nparam= 9900
	log prob= -12.940250178503831
	burn in time= 36.498483419418335
	sample time= 87.35395169258118
	self.n= 500.0
	nsamples= 500.0

Mean energy: -1.10763245e+02
Block size    # of blocks        Mean                Error
     1            500       -1.10763245e+02       8.974748e-02
     2            250       -1.10763245e+02       1.183101e-01
     5            100       -1.10763245e+02       1.512822e-01
    10             50       -1.10763245e+02       1.902119e-01
    20             25       -1.10763245e+02       1.877834e-01
    50             10       -1.10763245e+02       2.299373e-01
    70              7       -1.10799445e+02       1.510260e-01
   100              5       -1.10763245e+02       3.216960e-01
   200              2       -1.10879313e+02       5.449284e-01
Stocahstic error estimate: 1.902119e-01


Mean energy: -1.10763245e+02
Block size    # of blocks        Mean                Error
     1            500       -1.10763245e+02       8.974748e-02
     2            250       -1.10763245e+02       1.183101e-01
     5            100       -1.10763245e+02       1.512822e-01
    10             50       -1.10763245e+02       1.902119e-01
    20             25       -1.10763245e+02       1.877834e-01
    50             10       -1.10763245e+02       2.299373e-01
    70              7       -1.10799445e+02       1.510260e-01
   100              5       -1.10763245e+02       3.216960e-01
   200              2       -1.10879313e+02       5.449284e-01
Stocahstic error estimate: 1.902119e-01

	collect g,h time= 0.008005619049072266
E=-110.76324477023704,dE=-0.37027201471329363,std=0.19021191860334918
L=-110.76324477023704,dL=-0.37027201471329363,std=0.19021191860334918
	gnorm= 9.824796192834631
	symmetric= True
	solver time=0.010554075241088867,exit status=0
	SR solver time= 0.010605335235595703
	xnorm=5.982260210505668,dnorm=0.062107692963864126
	niter= 21
step= 65

nparam= 9900
	log prob= -12.70436153546973
	burn in time= 28.087565660476685
	sample time= 87.39288544654846
	self.n= 500.0
	nsamples= 500.0

Mean energy: -1.10454696e+02
Block size    # of blocks        Mean                Error
     1            500       -1.10454696e+02       9.320166e-02
     2            250       -1.10454696e+02       1.248373e-01
     5            100       -1.10454696e+02       1.776408e-01
    10             50       -1.10454696e+02       2.215477e-01
    20             25       -1.10454696e+02       2.778770e-01
    50             10       -1.10454696e+02       2.684988e-01
    70              7       -1.10402698e+02       2.828907e-01
   100              5       -1.10454696e+02       1.338522e-01
   200              2       -1.10462068e+02       3.304052e-01
Stocahstic error estimate: 2.778770e-01


Mean energy: -1.10454696e+02
Block size    # of blocks        Mean                Error
     1            500       -1.10454696e+02       9.320166e-02
     2            250       -1.10454696e+02       1.248373e-01
     5            100       -1.10454696e+02       1.776408e-01
    10             50       -1.10454696e+02       2.215477e-01
    20             25       -1.10454696e+02       2.778770e-01
    50             10       -1.10454696e+02       2.684988e-01
    70              7       -1.10402698e+02       2.828907e-01
   100              5       -1.10454696e+02       1.338522e-01
   200              2       -1.10462068e+02       3.304052e-01
Stocahstic error estimate: 2.778770e-01

	collect g,h time= 0.007967948913574219
E=-110.45469584196505,dE=0.3085489282719891,std=0.27787697979071874
L=-110.45469584196505,dL=0.3085489282719891,std=0.27787697979071874
	gnorm= 9.16713477813059
	symmetric= True
	solver time=0.011692047119140625,exit status=0
	SR solver time= 0.011749505996704102
	xnorm=5.978168931271334,dnorm=0.06669404842752036
	niter= 23
step= 66

nparam= 9900
	log prob= -13.790142599158571
	burn in time= 29.39094853401184
	sample time= 84.48472547531128
	self.n= 500.0
	nsamples= 500.0

Mean energy: -1.10395469e+02
Block size    # of blocks        Mean                Error
     1            500       -1.10395469e+02       9.618732e-02
     2            250       -1.10395469e+02       1.286519e-01
     5            100       -1.10395469e+02       1.753722e-01
    10             50       -1.10395469e+02       2.134941e-01
    20             25       -1.10395469e+02       2.461244e-01
    50             10       -1.10395469e+02       2.923715e-01
    70              7       -1.10360194e+02       3.653556e-01
   100              5       -1.10395469e+02       3.214455e-01
   200              2       -1.10322151e+02       3.056618e-01
Stocahstic error estimate: 3.653556e-01


Mean energy: -1.10395469e+02
Block size    # of blocks        Mean                Error
     1            500       -1.10395469e+02       9.618732e-02
     2            250       -1.10395469e+02       1.286519e-01
     5            100       -1.10395469e+02       1.753722e-01
    10             50       -1.10395469e+02       2.134941e-01
    20             25       -1.10395469e+02       2.461244e-01
    50             10       -1.10395469e+02       2.923715e-01
    70              7       -1.10360194e+02       3.653556e-01
   100              5       -1.10395469e+02       3.214455e-01
   200              2       -1.10322151e+02       3.056618e-01
Stocahstic error estimate: 3.653556e-01

	collect g,h time= 0.007930278778076172
E=-110.39546927980292,dE=0.05922656216212374,std=0.36535556611143155
L=-110.39546927980292,dL=0.05922656216212374,std=0.36535556611143155
	gnorm= 11.17482615722862
	symmetric= True
	solver time=0.011428356170654297,exit status=0
	SR solver time= 0.01147913932800293
	xnorm=5.9740889951229015,dnorm=0.06656895142831534
	niter= 21
step= 67

nparam= 9900
	log prob= -14.201238323921501
	burn in time= 29.09068202972412
	sample time= 84.989253282547
	self.n= 500.0
	nsamples= 500.0

Mean energy: -1.10386958e+02
Block size    # of blocks        Mean                Error
     1            500       -1.10386958e+02       9.085946e-02
     2            250       -1.10386958e+02       1.216209e-01
     5            100       -1.10386958e+02       1.679097e-01
    10             50       -1.10386958e+02       2.120002e-01
    20             25       -1.10386958e+02       1.926687e-01
    50             10       -1.10386958e+02       2.393500e-01
    70              7       -1.10358577e+02       2.849681e-01
   100              5       -1.10386958e+02       1.539220e-01
   200              2       -1.10380114e+02       1.216677e-01
Stocahstic error estimate: 2.120002e-01


Mean energy: -1.10386958e+02
Block size    # of blocks        Mean                Error
     1            500       -1.10386958e+02       9.085946e-02
     2            250       -1.10386958e+02       1.216209e-01
     5            100       -1.10386958e+02       1.679097e-01
    10             50       -1.10386958e+02       2.120002e-01
    20             25       -1.10386958e+02       1.926687e-01
    50             10       -1.10386958e+02       2.393500e-01
    70              7       -1.10358577e+02       2.849681e-01
   100              5       -1.10386958e+02       1.539220e-01
   200              2       -1.10380114e+02       1.216677e-01
Stocahstic error estimate: 2.120002e-01

	collect g,h time= 0.007868528366088867
E=-110.38695810689218,dE=0.00851117291074388,std=0.2120002201791796
L=-110.38695810689218,dL=0.00851117291074388,std=0.2120002201791796
	gnorm= 10.40882720515314
	symmetric= True
	solver time=0.009537696838378906,exit status=0
	SR solver time= 0.009587526321411133
	xnorm=5.970120362183583,dnorm=0.061317537799453745
	niter= 18
step= 68

nparam= 9900
	log prob= -13.938424832348517
	burn in time= 28.481895446777344
	sample time= 88.41847157478333
	self.n= 500.0
	nsamples= 500.0

Mean energy: -1.10993431e+02
Block size    # of blocks        Mean                Error
     1            500       -1.10993431e+02       9.760102e-02
     2            250       -1.10993431e+02       1.261619e-01
     5            100       -1.10993431e+02       1.600826e-01
    10             50       -1.10993431e+02       1.656087e-01
    20             25       -1.10993431e+02       1.679184e-01
    50             10       -1.10993431e+02       1.633143e-01
    70              7       -1.10971508e+02       2.551150e-01
   100              5       -1.10993431e+02       2.099540e-01
   200              2       -1.11077771e+02       3.967405e-01
Stocahstic error estimate: 1.656087e-01


Mean energy: -1.10993431e+02
Block size    # of blocks        Mean                Error
     1            500       -1.10993431e+02       9.760102e-02
     2            250       -1.10993431e+02       1.261619e-01
     5            100       -1.10993431e+02       1.600826e-01
    10             50       -1.10993431e+02       1.656087e-01
    20             25       -1.10993431e+02       1.679184e-01
    50             10       -1.10993431e+02       1.633143e-01
    70              7       -1.10971508e+02       2.551150e-01
   100              5       -1.10993431e+02       2.099540e-01
   200              2       -1.11077771e+02       3.967405e-01
Stocahstic error estimate: 1.656087e-01

	collect g,h time= 0.011049032211303711
E=-110.9934313418818,dE=-0.6064732349896218,std=0.16560874711042184
L=-110.9934313418818,dL=-0.6064732349896218,std=0.16560874711042184
	gnorm= 13.083472372519546
	symmetric= True
	solver time=0.017674922943115234,exit status=0
	SR solver time= 0.0178983211517334
	xnorm=5.966401225720865,dnorm=0.07730409603296301
	niter= 16
step= 69

nparam= 9900
	log prob= -16.33667411887896
	burn in time= 33.1622052192688
	sample time= 90.95612931251526
	self.n= 500.0
	nsamples= 500.0

Mean energy: -1.10388166e+02
Block size    # of blocks        Mean                Error
     1            500       -1.10388166e+02       9.849764e-02
     2            250       -1.10388166e+02       1.306010e-01
     5            100       -1.10388166e+02       1.829583e-01
    10             50       -1.10388166e+02       2.134869e-01
    20             25       -1.10388166e+02       2.310116e-01
    50             10       -1.10388166e+02       2.651117e-01
    70              7       -1.10343648e+02       2.800385e-01
   100              5       -1.10388166e+02       2.277356e-01
   200              2       -1.10325434e+02       5.999487e-01
Stocahstic error estimate: 2.800385e-01


Mean energy: -1.10388166e+02
Block size    # of blocks        Mean                Error
     1            500       -1.10388166e+02       9.849764e-02
     2            250       -1.10388166e+02       1.306010e-01
     5            100       -1.10388166e+02       1.829583e-01
    10             50       -1.10388166e+02       2.134869e-01
    20             25       -1.10388166e+02       2.310116e-01
    50             10       -1.10388166e+02       2.651117e-01
    70              7       -1.10343648e+02       2.800385e-01
   100              5       -1.10388166e+02       2.277356e-01
   200              2       -1.10325434e+02       5.999487e-01
Stocahstic error estimate: 2.800385e-01

	collect g,h time= 0.00818777084350586
E=-110.38816630358917,dE=0.6052650382926288,std=0.28003850814225417
L=-110.38816630358917,dL=0.6052650382926288,std=0.28003850814225417
	gnorm= 11.774356505737012
	symmetric= True
	solver time=0.01037907600402832,exit status=0
	SR solver time= 0.010460138320922852
	xnorm=5.961341927544832,dnorm=0.06866280219461453
	niter= 18
step= 70

nparam= 9900
	log prob= -18.512038587303195
	burn in time= 34.22644257545471
	sample time= 88.90875482559204
	self.n= 500.0
	nsamples= 500.0

Mean energy: -1.10454466e+02
Block size    # of blocks        Mean                Error
     1            500       -1.10454466e+02       9.721471e-02
     2            250       -1.10454466e+02       1.287806e-01
     5            100       -1.10454466e+02       1.698647e-01
    10             50       -1.10454466e+02       1.880195e-01
    20             25       -1.10454466e+02       2.054417e-01
    50             10       -1.10454466e+02       2.990029e-01
    70              7       -1.10442000e+02       2.478998e-01
   100              5       -1.10454466e+02       3.119407e-01
   200              2       -1.10388252e+02       2.627299e-01
Stocahstic error estimate: 2.990029e-01


Mean energy: -1.10454466e+02
Block size    # of blocks        Mean                Error
     1            500       -1.10454466e+02       9.721471e-02
     2            250       -1.10454466e+02       1.287806e-01
     5            100       -1.10454466e+02       1.698647e-01
    10             50       -1.10454466e+02       1.880195e-01
    20             25       -1.10454466e+02       2.054417e-01
    50             10       -1.10454466e+02       2.990029e-01
    70              7       -1.10442000e+02       2.478998e-01
   100              5       -1.10454466e+02       3.119407e-01
   200              2       -1.10388252e+02       2.627299e-01
Stocahstic error estimate: 2.990029e-01

	collect g,h time= 0.008170843124389648
E=-110.45446644815588,dE=-0.06630014456671063,std=0.29900285289999173
L=-110.45446644815588,dL=-0.06630014456671063,std=0.29900285289999173
	gnorm= 10.51298930736094
	symmetric= True
	solver time=0.012476205825805664,exit status=0
	SR solver time= 0.012531280517578125
	xnorm=5.956842648212018,dnorm=0.06675800418696527
	niter= 22
step= 71

nparam= 9900
	log prob= -15.235947455909937
	burn in time= 24.01739764213562
	sample time= 82.87540078163147
	self.n= 500.0
	nsamples= 500.0

Mean energy: -1.10937401e+02
Block size    # of blocks        Mean                Error
     1            500       -1.10937401e+02       9.285168e-02
     2            250       -1.10937401e+02       1.212514e-01
     5            100       -1.10937401e+02       1.623583e-01
    10             50       -1.10937401e+02       2.020148e-01
    20             25       -1.10937401e+02       2.328510e-01
    50             10       -1.10937401e+02       2.525613e-01
    70              7       -1.10915911e+02       2.589950e-01
   100              5       -1.10937401e+02       2.543786e-01
   200              2       -1.11024555e+02       4.848845e-01
Stocahstic error estimate: 2.589950e-01


Mean energy: -1.10937401e+02
Block size    # of blocks        Mean                Error
     1            500       -1.10937401e+02       9.285168e-02
     2            250       -1.10937401e+02       1.212514e-01
     5            100       -1.10937401e+02       1.623583e-01
    10             50       -1.10937401e+02       2.020148e-01
    20             25       -1.10937401e+02       2.328510e-01
    50             10       -1.10937401e+02       2.525613e-01
    70              7       -1.10915911e+02       2.589950e-01
   100              5       -1.10937401e+02       2.543786e-01
   200              2       -1.11024555e+02       4.848845e-01
Stocahstic error estimate: 2.589950e-01

	collect g,h time= 0.008118867874145508
E=-110.9374013418808,dE=-0.4829348937249165,std=0.25899499181822117
L=-110.9374013418808,dL=-0.4829348937249165,std=0.25899499181822117
	gnorm= 11.034382642338734
	symmetric= True
	solver time=0.010429859161376953,exit status=0
	SR solver time= 0.010482311248779297
	xnorm=5.952276064401661,dnorm=0.062394128935440475
	niter= 21
step= 72

nparam= 9900
	log prob= -15.523766513033124
	burn in time= 24.443027019500732
	sample time= 85.37229657173157
	self.n= 500.0
	nsamples= 500.0

Mean energy: -1.11032902e+02
Block size    # of blocks        Mean                Error
     1            500       -1.11032902e+02       8.253049e-02
     2            250       -1.11032902e+02       1.097265e-01
     5            100       -1.11032902e+02       1.520986e-01
    10             50       -1.11032902e+02       1.749942e-01
    20             25       -1.11032902e+02       1.982081e-01
    50             10       -1.11032902e+02       2.139571e-01
    70              7       -1.11016227e+02       2.303148e-01
   100              5       -1.11032902e+02       2.917439e-01
   200              2       -1.11174114e+02       2.283842e-01
Stocahstic error estimate: 2.917439e-01


Mean energy: -1.11032902e+02
Block size    # of blocks        Mean                Error
     1            500       -1.11032902e+02       8.253049e-02
     2            250       -1.11032902e+02       1.097265e-01
     5            100       -1.11032902e+02       1.520986e-01
    10             50       -1.11032902e+02       1.749942e-01
    20             25       -1.11032902e+02       1.982081e-01
    50             10       -1.11032902e+02       2.139571e-01
    70              7       -1.11016227e+02       2.303148e-01
   100              5       -1.11032902e+02       2.917439e-01
   200              2       -1.11174114e+02       2.283842e-01
Stocahstic error estimate: 2.917439e-01

	collect g,h time= 0.007806062698364258
E=-111.03290231633397,dE=-0.09550097445317363,std=0.2917438745923208
L=-111.03290231633397,dL=-0.09550097445317363,std=0.2917438745923208
	gnorm= 8.28305545072916
	symmetric= True
	solver time=0.009887218475341797,exit status=0
	SR solver time= 0.00993657112121582
	xnorm=5.948056298810593,dnorm=0.05961752601055231
	niter= 23
step= 73

nparam= 9900
	log prob= -15.979186695119665
	burn in time= 32.70248222351074
	sample time= 85.63301873207092
	self.n= 500.0
	nsamples= 500.0

Mean energy: -1.10555024e+02
Block size    # of blocks        Mean                Error
     1            500       -1.10555024e+02       9.006025e-02
     2            250       -1.10555024e+02       1.200528e-01
     5            100       -1.10555024e+02       1.636453e-01
    10             50       -1.10555024e+02       1.845545e-01
    20             25       -1.10555024e+02       1.840572e-01
    50             10       -1.10555024e+02       1.280312e-01
    70              7       -1.10539027e+02       1.806001e-01
   100              5       -1.10555024e+02       1.421218e-01
   200              2       -1.10640636e+02       3.690325e-03
Stocahstic error estimate: 1.845545e-01


Mean energy: -1.10555024e+02
Block size    # of blocks        Mean                Error
     1            500       -1.10555024e+02       9.006025e-02
     2            250       -1.10555024e+02       1.200528e-01
     5            100       -1.10555024e+02       1.636453e-01
    10             50       -1.10555024e+02       1.845545e-01
    20             25       -1.10555024e+02       1.840572e-01
    50             10       -1.10555024e+02       1.280312e-01
    70              7       -1.10539027e+02       1.806001e-01
   100              5       -1.10555024e+02       1.421218e-01
   200              2       -1.10640636e+02       3.690325e-03
Stocahstic error estimate: 1.845545e-01

	collect g,h time= 0.007927894592285156
E=-110.55502432734671,dE=0.4778779889872595,std=0.18455454199127155
L=-110.55502432734671,dL=0.4778779889872595,std=0.18455454199127155
	gnorm= 9.405792486481666
	symmetric= True
	solver time=0.010233640670776367,exit status=0
	SR solver time= 0.01028585433959961
	xnorm=5.943997358283571,dnorm=0.0583499034223098
	niter= 23
step= 74

nparam= 9900
	log prob= -15.115243362024259
	burn in time= 32.69906139373779
	sample time= 84.9546115398407
	self.n= 500.0
	nsamples= 500.0

Mean energy: -1.10889909e+02
Block size    # of blocks        Mean                Error
     1            500       -1.10889909e+02       9.433230e-02
     2            250       -1.10889909e+02       1.250401e-01
     5            100       -1.10889909e+02       1.681933e-01
    10             50       -1.10889909e+02       1.704039e-01
    20             25       -1.10889909e+02       2.020002e-01
    50             10       -1.10889909e+02       2.112376e-01
    70              7       -1.10870486e+02       2.002249e-01
   100              5       -1.10889909e+02       6.688730e-02
   200              2       -1.10904031e+02       8.456819e-02
Stocahstic error estimate: 1.704039e-01


Mean energy: -1.10889909e+02
Block size    # of blocks        Mean                Error
     1            500       -1.10889909e+02       9.433230e-02
     2            250       -1.10889909e+02       1.250401e-01
     5            100       -1.10889909e+02       1.681933e-01
    10             50       -1.10889909e+02       1.704039e-01
    20             25       -1.10889909e+02       2.020002e-01
    50             10       -1.10889909e+02       2.112376e-01
    70              7       -1.10870486e+02       2.002249e-01
   100              5       -1.10889909e+02       6.688730e-02
   200              2       -1.10904031e+02       8.456819e-02
Stocahstic error estimate: 1.704039e-01

	collect g,h time= 0.00807642936706543
E=-110.88990912218362,dE=-0.3348847948369098,std=0.1704039411058799
L=-110.88990912218362,dL=-0.3348847948369098,std=0.1704039411058799
	gnorm= 9.831495525335404
	symmetric= True
	solver time=0.010086774826049805,exit status=0
	SR solver time= 0.010164976119995117
	xnorm=5.940590968624277,dnorm=0.06929679523946483
	niter= 20
step= 75

nparam= 9900
	log prob= -15.857098159421014
	burn in time= 33.78056836128235
	sample time= 86.69950938224792
	self.n= 500.0
	nsamples= 500.0

Mean energy: -1.10975708e+02
Block size    # of blocks        Mean                Error
     1            500       -1.10975708e+02       9.625211e-02
     2            250       -1.10975708e+02       1.316200e-01
     5            100       -1.10975708e+02       1.750836e-01
    10             50       -1.10975708e+02       2.032616e-01
    20             25       -1.10975708e+02       2.280765e-01
    50             10       -1.10975708e+02       2.821116e-01
    70              7       -1.10962299e+02       2.611574e-01
   100              5       -1.10975708e+02       3.471142e-01
   200              2       -1.11011558e+02       5.187357e-01
Stocahstic error estimate: 2.821116e-01


Mean energy: -1.10975708e+02
Block size    # of blocks        Mean                Error
     1            500       -1.10975708e+02       9.625211e-02
     2            250       -1.10975708e+02       1.316200e-01
     5            100       -1.10975708e+02       1.750836e-01
    10             50       -1.10975708e+02       2.032616e-01
    20             25       -1.10975708e+02       2.280765e-01
    50             10       -1.10975708e+02       2.821116e-01
    70              7       -1.10962299e+02       2.611574e-01
   100              5       -1.10975708e+02       3.471142e-01
   200              2       -1.11011558e+02       5.187357e-01
Stocahstic error estimate: 2.821116e-01

	collect g,h time= 0.008218050003051758
E=-110.9757075123305,dE=-0.08579839014687707,std=0.28211156890635614
L=-110.9757075123305,dL=-0.08579839014687707,std=0.28211156890635614
	gnorm= 9.510729533431464
	symmetric= True
	solver time=0.012478351593017578,exit status=0
	SR solver time= 0.012541532516479492
	xnorm=5.936108966843963,dnorm=0.0698924267140822
	niter= 25
step= 76

nparam= 9900
	log prob= -15.078885493358996
	burn in time= 37.90987300872803
	sample time= 82.23188757896423
	self.n= 500.0
	nsamples= 500.0

Mean energy: -1.10840600e+02
Block size    # of blocks        Mean                Error
     1            500       -1.10840600e+02       7.896266e-02
     2            250       -1.10840600e+02       1.023489e-01
     5            100       -1.10840600e+02       1.378697e-01
    10             50       -1.10840600e+02       1.502082e-01
    20             25       -1.10840600e+02       1.774868e-01
    50             10       -1.10840600e+02       2.245375e-01
    70              7       -1.10865347e+02       2.310516e-01
   100              5       -1.10840600e+02       2.719624e-01
   200              2       -1.10928715e+02       3.185647e-01
Stocahstic error estimate: 2.310516e-01


Mean energy: -1.10840600e+02
Block size    # of blocks        Mean                Error
     1            500       -1.10840600e+02       7.896266e-02
     2            250       -1.10840600e+02       1.023489e-01
     5            100       -1.10840600e+02       1.378697e-01
    10             50       -1.10840600e+02       1.502082e-01
    20             25       -1.10840600e+02       1.774868e-01
    50             10       -1.10840600e+02       2.245375e-01
    70              7       -1.10865347e+02       2.310516e-01
   100              5       -1.10840600e+02       2.719624e-01
   200              2       -1.10928715e+02       3.185647e-01
Stocahstic error estimate: 2.310516e-01

	collect g,h time= 0.008182764053344727
E=-110.84059998552111,dE=0.1351075268093922,std=0.2310515896544534
L=-110.84059998552111,dL=0.1351075268093922,std=0.2310515896544534
	gnorm= 8.302328052178328
	symmetric= True
	solver time=0.012820720672607422,exit status=0
	SR solver time= 0.012905120849609375
	xnorm=5.931639970470182,dnorm=0.05874374230159946
	niter= 24
step= 77

nparam= 9900
	log prob= -15.558501099261477
	burn in time= 32.37995147705078
	sample time= 84.99134826660156
	self.n= 500.0
	nsamples= 500.0

Mean energy: -1.11003757e+02
Block size    # of blocks        Mean                Error
     1            500       -1.11003757e+02       7.564158e-02
     2            250       -1.11003757e+02       9.557870e-02
     5            100       -1.11003757e+02       1.258901e-01
    10             50       -1.11003757e+02       1.380210e-01
    20             25       -1.11003757e+02       1.666575e-01
    50             10       -1.11003757e+02       1.600144e-01
    70              7       -1.11010518e+02       1.776024e-01
   100              5       -1.11003757e+02       2.132249e-01
   200              2       -1.10965417e+02       2.441831e-01
Stocahstic error estimate: 1.666575e-01


Mean energy: -1.11003757e+02
Block size    # of blocks        Mean                Error
     1            500       -1.11003757e+02       7.564158e-02
     2            250       -1.11003757e+02       9.557870e-02
     5            100       -1.11003757e+02       1.258901e-01
    10             50       -1.11003757e+02       1.380210e-01
    20             25       -1.11003757e+02       1.666575e-01
    50             10       -1.11003757e+02       1.600144e-01
    70              7       -1.11010518e+02       1.776024e-01
   100              5       -1.11003757e+02       2.132249e-01
   200              2       -1.10965417e+02       2.441831e-01
Stocahstic error estimate: 1.666575e-01

	collect g,h time= 0.007962942123413086
E=-111.0037565188722,dE=-0.16315653335108493,std=0.1666574857980835
L=-111.0037565188722,dL=-0.16315653335108493,std=0.1666574857980835
	gnorm= 8.10822505144913
	symmetric= True
	solver time=0.009923934936523438,exit status=0
	SR solver time= 0.009983062744140625
	xnorm=5.9275678039857,dnorm=0.0546358343608405
	niter= 23
step= 78

nparam= 9900
	log prob= -15.334434391471362
	burn in time= 24.7097008228302
	sample time= 84.31350898742676
	self.n= 500.0
	nsamples= 500.0

Mean energy: -1.10830304e+02
Block size    # of blocks        Mean                Error
     1            500       -1.10830304e+02       8.943964e-02
     2            250       -1.10830304e+02       1.187651e-01
     5            100       -1.10830304e+02       1.634635e-01
    10             50       -1.10830304e+02       1.797242e-01
    20             25       -1.10830304e+02       2.096534e-01
    50             10       -1.10830304e+02       2.751408e-01
    70              7       -1.10828871e+02       2.769281e-01
   100              5       -1.10830304e+02       3.483162e-01
   200              2       -1.10668255e+02       2.611070e-01
Stocahstic error estimate: 2.769281e-01


Mean energy: -1.10830304e+02
Block size    # of blocks        Mean                Error
     1            500       -1.10830304e+02       8.943964e-02
     2            250       -1.10830304e+02       1.187651e-01
     5            100       -1.10830304e+02       1.634635e-01
    10             50       -1.10830304e+02       1.797242e-01
    20             25       -1.10830304e+02       2.096534e-01
    50             10       -1.10830304e+02       2.751408e-01
    70              7       -1.10828871e+02       2.769281e-01
   100              5       -1.10830304e+02       3.483162e-01
   200              2       -1.10668255e+02       2.611070e-01
Stocahstic error estimate: 2.769281e-01

	collect g,h time= 0.008588314056396484
E=-110.83030384769759,dE=0.1734526711746014,std=0.27692814128077525
L=-110.83030384769759,dL=0.1734526711746014,std=0.27692814128077525
	gnorm= 10.50741886862746
	symmetric= True
	solver time=0.017162084579467773,exit status=0
	SR solver time= 0.0172421932220459
	xnorm=5.924135889509394,dnorm=0.06045403998647525
	niter= 21
step= 79

nparam= 9900
	log prob= -14.950790067100314
	burn in time= 24.815154314041138
	sample time= 85.21115684509277
	self.n= 500.0
	nsamples= 500.0

Mean energy: -1.10516133e+02
Block size    # of blocks        Mean                Error
     1            500       -1.10516133e+02       8.435892e-02
     2            250       -1.10516133e+02       1.085406e-01
     5            100       -1.10516133e+02       1.555369e-01
    10             50       -1.10516133e+02       1.864289e-01
    20             25       -1.10516133e+02       2.416539e-01
    50             10       -1.10516133e+02       2.236830e-01
    70              7       -1.10514947e+02       2.184493e-01
   100              5       -1.10516133e+02       2.794700e-01
   200              2       -1.10333050e+02       1.293506e-01
Stocahstic error estimate: 2.416539e-01


Mean energy: -1.10516133e+02
Block size    # of blocks        Mean                Error
     1            500       -1.10516133e+02       8.435892e-02
     2            250       -1.10516133e+02       1.085406e-01
     5            100       -1.10516133e+02       1.555369e-01
    10             50       -1.10516133e+02       1.864289e-01
    20             25       -1.10516133e+02       2.416539e-01
    50             10       -1.10516133e+02       2.236830e-01
    70              7       -1.10514947e+02       2.184493e-01
   100              5       -1.10516133e+02       2.794700e-01
   200              2       -1.10333050e+02       1.293506e-01
Stocahstic error estimate: 2.416539e-01

	collect g,h time= 0.007855892181396484
E=-110.51613342767956,dE=0.31417042001802997,std=0.2416539311048492
L=-110.51613342767956,dL=0.31417042001802997,std=0.2416539311048492
	gnorm= 9.431459019488894
	symmetric= True
	solver time=0.009315729141235352,exit status=0
	SR solver time= 0.009384632110595703
	xnorm=5.920497995740051,dnorm=0.05665294965328981
	niter= 20
step= 80

nparam= 9900
	log prob= -15.06280109132102
	burn in time= 28.443379402160645
	sample time= 84.86707639694214
	self.n= 500.0
	nsamples= 500.0

Mean energy: -1.10801306e+02
Block size    # of blocks        Mean                Error
     1            500       -1.10801306e+02       8.762507e-02
     2            250       -1.10801306e+02       1.132519e-01
     5            100       -1.10801306e+02       1.498420e-01
    10             50       -1.10801306e+02       1.645681e-01
    20             25       -1.10801306e+02       1.798230e-01
    50             10       -1.10801306e+02       1.807440e-01
    70              7       -1.10816398e+02       2.146014e-01
   100              5       -1.10801306e+02       2.212685e-01
   200              2       -1.10640384e+02       6.685611e-02
Stocahstic error estimate: 1.807440e-01


Mean energy: -1.10801306e+02
Block size    # of blocks        Mean                Error
     1            500       -1.10801306e+02       8.762507e-02
     2            250       -1.10801306e+02       1.132519e-01
     5            100       -1.10801306e+02       1.498420e-01
    10             50       -1.10801306e+02       1.645681e-01
    20             25       -1.10801306e+02       1.798230e-01
    50             10       -1.10801306e+02       1.807440e-01
    70              7       -1.10816398e+02       2.146014e-01
   100              5       -1.10801306e+02       2.212685e-01
   200              2       -1.10640384e+02       6.685611e-02
Stocahstic error estimate: 1.807440e-01

	collect g,h time= 0.011390447616577148
E=-110.80130561126776,dE=-0.28517218358820173,std=0.18074397947748339
L=-110.80130561126776,dL=-0.28517218358820173,std=0.18074397947748339
	gnorm= 11.091310711642862
	symmetric= True
	solver time=0.008651256561279297,exit status=0
	SR solver time= 0.008707284927368164
	xnorm=5.9171065113676775,dnorm=0.06302645545713728
	niter= 17
step= 81

nparam= 9900
	log prob= -15.113462773295169
	burn in time= 27.942991733551025
	sample time= 82.88892579078674
	self.n= 500.0
	nsamples= 500.0

Mean energy: -1.10672421e+02
Block size    # of blocks        Mean                Error
     1            500       -1.10672421e+02       9.372599e-02
     2            250       -1.10672421e+02       1.221944e-01
     5            100       -1.10672421e+02       1.637398e-01
    10             50       -1.10672421e+02       1.774660e-01
    20             25       -1.10672421e+02       2.016084e-01
    50             10       -1.10672421e+02       1.399869e-01
    70              7       -1.10685215e+02       1.618039e-01
   100              5       -1.10672421e+02       1.024846e-01
   200              2       -1.10636164e+02       1.266328e-01
Stocahstic error estimate: 2.016084e-01


Mean energy: -1.10672421e+02
Block size    # of blocks        Mean                Error
     1            500       -1.10672421e+02       9.372599e-02
     2            250       -1.10672421e+02       1.221944e-01
     5            100       -1.10672421e+02       1.637398e-01
    10             50       -1.10672421e+02       1.774660e-01
    20             25       -1.10672421e+02       2.016084e-01
    50             10       -1.10672421e+02       1.399869e-01
    70              7       -1.10685215e+02       1.618039e-01
   100              5       -1.10672421e+02       1.024846e-01
   200              2       -1.10636164e+02       1.266328e-01
Stocahstic error estimate: 2.016084e-01

	collect g,h time= 0.007833480834960938
E=-110.67242088651896,dE=0.12888472474880075,std=0.20160837951460292
L=-110.67242088651896,dL=0.12888472474880075,std=0.20160837951460292
	gnorm= 9.979021099599668
	symmetric= True
	solver time=0.009569406509399414,exit status=0
	SR solver time= 0.009621143341064453
	xnorm=5.913375404843211,dnorm=0.06224734069274796
	niter= 22
step= 82

nparam= 9900
	log prob= -14.990265530640514
	burn in time= 30.194900274276733
	sample time= 83.36130690574646
	self.n= 500.0
	nsamples= 500.0

Mean energy: -1.11078669e+02
Block size    # of blocks        Mean                Error
     1            500       -1.11078669e+02       8.979977e-02
     2            250       -1.11078669e+02       1.208331e-01
     5            100       -1.11078669e+02       1.613657e-01
    10             50       -1.11078669e+02       1.708605e-01
    20             25       -1.11078669e+02       1.625190e-01
    50             10       -1.11078669e+02       1.451611e-01
    70              7       -1.11052217e+02       1.849897e-01
   100              5       -1.11078669e+02       1.971442e-01
   200              2       -1.11054981e+02       5.069487e-01
Stocahstic error estimate: 1.708605e-01


Mean energy: -1.11078669e+02
Block size    # of blocks        Mean                Error
     1            500       -1.11078669e+02       8.979977e-02
     2            250       -1.11078669e+02       1.208331e-01
     5            100       -1.11078669e+02       1.613657e-01
    10             50       -1.11078669e+02       1.708605e-01
    20             25       -1.11078669e+02       1.625190e-01
    50             10       -1.11078669e+02       1.451611e-01
    70              7       -1.11052217e+02       1.849897e-01
   100              5       -1.11078669e+02       1.971442e-01
   200              2       -1.11054981e+02       5.069487e-01
Stocahstic error estimate: 1.708605e-01

	collect g,h time= 0.007925748825073242
E=-111.07866893575684,dE=-0.40624804923787394,std=0.17086053544222654
L=-111.07866893575684,dL=-0.40624804923787394,std=0.17086053544222654
	gnorm= 10.022253964692627
	symmetric= True
	solver time=0.010828971862792969,exit status=0
	SR solver time= 0.010879039764404297
	xnorm=5.910005500650886,dnorm=0.06180110975886765
	niter= 22
step= 83

nparam= 9900
	log prob= -15.144404516947802
	burn in time= 35.28389024734497
	sample time= 86.99975085258484
	self.n= 500.0
	nsamples= 500.0

Mean energy: -1.11029226e+02
Block size    # of blocks        Mean                Error
     1            500       -1.11029226e+02       8.156619e-02
     2            250       -1.11029226e+02       1.054404e-01
     5            100       -1.11029226e+02       1.332409e-01
    10             50       -1.11029226e+02       1.515928e-01
    20             25       -1.11029226e+02       1.390224e-01
    50             10       -1.11029226e+02       1.422938e-01
    70              7       -1.11025355e+02       1.782485e-01
   100              5       -1.11029226e+02       1.620429e-01
   200              2       -1.11083077e+02       4.563010e-02
Stocahstic error estimate: 1.515928e-01


Mean energy: -1.11029226e+02
Block size    # of blocks        Mean                Error
     1            500       -1.11029226e+02       8.156619e-02
     2            250       -1.11029226e+02       1.054404e-01
     5            100       -1.11029226e+02       1.332409e-01
    10             50       -1.11029226e+02       1.515928e-01
    20             25       -1.11029226e+02       1.390224e-01
    50             10       -1.11029226e+02       1.422938e-01
    70              7       -1.11025355e+02       1.782485e-01
   100              5       -1.11029226e+02       1.620429e-01
   200              2       -1.11083077e+02       4.563010e-02
Stocahstic error estimate: 1.515928e-01

	collect g,h time= 0.011104583740234375
E=-111.0292258028748,dE=0.049443132882032614,std=0.15159283986324798
L=-111.0292258028748,dL=0.049443132882032614,std=0.15159283986324798
	gnorm= 7.85681032090445
	symmetric= True
	solver time=0.013602018356323242,exit status=0
	SR solver time= 0.013836145401000977
	xnorm=5.906272809646901,dnorm=0.05917211784717001
	niter= 21
step= 84

nparam= 9900
	log prob= -15.269500710334256
	burn in time= 35.115339040756226
	sample time= 84.1956558227539
	self.n= 500.0
	nsamples= 500.0

Mean energy: -1.10827613e+02
Block size    # of blocks        Mean                Error
     1            500       -1.10827613e+02       8.612771e-02
     2            250       -1.10827613e+02       1.131623e-01
     5            100       -1.10827613e+02       1.513096e-01
    10             50       -1.10827613e+02       1.601640e-01
    20             25       -1.10827613e+02       1.648111e-01
    50             10       -1.10827613e+02       1.859973e-01
    70              7       -1.10810603e+02       2.359291e-01
   100              5       -1.10827613e+02       2.680329e-01
   200              2       -1.10610591e+02       2.528409e-01
Stocahstic error estimate: 1.648111e-01


Mean energy: -1.10827613e+02
Block size    # of blocks        Mean                Error
     1            500       -1.10827613e+02       8.612771e-02
     2            250       -1.10827613e+02       1.131623e-01
     5            100       -1.10827613e+02       1.513096e-01
    10             50       -1.10827613e+02       1.601640e-01
    20             25       -1.10827613e+02       1.648111e-01
    50             10       -1.10827613e+02       1.859973e-01
    70              7       -1.10810603e+02       2.359291e-01
   100              5       -1.10827613e+02       2.680329e-01
   200              2       -1.10610591e+02       2.528409e-01
Stocahstic error estimate: 1.648111e-01

	collect g,h time= 0.00808095932006836
E=-110.82761303147201,dE=0.2016127714027931,std=0.16481108941217207
L=-110.82761303147201,dL=0.2016127714027931,std=0.16481108941217207
	gnorm= 10.75886653246272
	symmetric= True
	solver time=0.010057210922241211,exit status=0
	SR solver time= 0.010139703750610352
	xnorm=5.903059570668041,dnorm=0.05606450673156899
	niter= 20
step= 85

nparam= 9900
	log prob= -15.374185706238165
	burn in time= 28.28894829750061
	sample time= 85.22701525688171
	self.n= 500.0
	nsamples= 500.0

Mean energy: -1.11140641e+02
Block size    # of blocks        Mean                Error
     1            500       -1.11140641e+02       6.920759e-02
     2            250       -1.11140641e+02       9.003674e-02
     5            100       -1.11140641e+02       1.124549e-01
    10             50       -1.11140641e+02       1.279744e-01
    20             25       -1.11140641e+02       1.215551e-01
    50             10       -1.11140641e+02       1.300029e-01
    70              7       -1.11114522e+02       1.731471e-01
   100              5       -1.11140641e+02       1.521788e-01
   200              2       -1.11054418e+02       3.167159e-01
Stocahstic error estimate: 1.279744e-01


Mean energy: -1.11140641e+02
Block size    # of blocks        Mean                Error
     1            500       -1.11140641e+02       6.920759e-02
     2            250       -1.11140641e+02       9.003674e-02
     5            100       -1.11140641e+02       1.124549e-01
    10             50       -1.11140641e+02       1.279744e-01
    20             25       -1.11140641e+02       1.215551e-01
    50             10       -1.11140641e+02       1.300029e-01
    70              7       -1.11114522e+02       1.731471e-01
   100              5       -1.11140641e+02       1.521788e-01
   200              2       -1.11054418e+02       3.167159e-01
Stocahstic error estimate: 1.279744e-01

	collect g,h time= 0.008002758026123047
E=-111.14064074713818,dE=-0.3130277156661663,std=0.12797442997298797
L=-111.14064074713818,dL=-0.3130277156661663,std=0.12797442997298797
	gnorm= 6.950027940462243
	symmetric= True
	solver time=0.010721206665039062,exit status=0
	SR solver time= 0.01079559326171875
	xnorm=5.900082607851846,dnorm=0.05425687128608012
	niter= 22
step= 86

nparam= 9900
	log prob= -15.856088160139308
	burn in time= 28.442281246185303
	sample time= 82.64494705200195
	self.n= 500.0
	nsamples= 500.0

Mean energy: -1.11246749e+02
Block size    # of blocks        Mean                Error
     1            500       -1.11246749e+02       7.590292e-02
     2            250       -1.11246749e+02       1.007195e-01
     5            100       -1.11246749e+02       1.361961e-01
    10             50       -1.11246749e+02       1.679140e-01
    20             25       -1.11246749e+02       1.940915e-01
    50             10       -1.11246749e+02       2.077758e-01
    70              7       -1.11253052e+02       2.223449e-01
   100              5       -1.11246749e+02       1.610288e-01
   200              2       -1.11120832e+02       9.641685e-02
Stocahstic error estimate: 2.223449e-01


Mean energy: -1.11246749e+02
Block size    # of blocks        Mean                Error
     1            500       -1.11246749e+02       7.590292e-02
     2            250       -1.11246749e+02       1.007195e-01
     5            100       -1.11246749e+02       1.361961e-01
    10             50       -1.11246749e+02       1.679140e-01
    20             25       -1.11246749e+02       1.940915e-01
    50             10       -1.11246749e+02       2.077758e-01
    70              7       -1.11253052e+02       2.223449e-01
   100              5       -1.11246749e+02       1.610288e-01
   200              2       -1.11120832e+02       9.641685e-02
Stocahstic error estimate: 2.223449e-01

	collect g,h time= 0.010924100875854492
E=-111.24674924634355,dE=-0.10610849920537646,std=0.22234488755256188
L=-111.24674924634355,dL=-0.10610849920537646,std=0.22234488755256188
	gnorm= 7.71711869966628
	symmetric= True
	solver time=0.020627260208129883,exit status=0
	SR solver time= 0.02085113525390625
	xnorm=5.89698146435733,dnorm=0.05626444736838053
	niter= 24
step= 87

nparam= 9900
	log prob= -16.22395449121366
	burn in time= 33.41004514694214
	sample time= 82.72481036186218
	self.n= 500.0
	nsamples= 500.0

Mean energy: -1.11298880e+02
Block size    # of blocks        Mean                Error
     1            500       -1.11298880e+02       7.706717e-02
     2            250       -1.11298880e+02       9.980759e-02
     5            100       -1.11298880e+02       1.240522e-01
    10             50       -1.11298880e+02       1.460259e-01
    20             25       -1.11298880e+02       1.384620e-01
    50             10       -1.11298880e+02       2.313534e-01
    70              7       -1.11320154e+02       1.911457e-01
   100              5       -1.11298880e+02       2.021740e-01
   200              2       -1.11246295e+02       2.471878e-01
Stocahstic error estimate: 1.460259e-01


Mean energy: -1.11298880e+02
Block size    # of blocks        Mean                Error
     1            500       -1.11298880e+02       7.706717e-02
     2            250       -1.11298880e+02       9.980759e-02
     5            100       -1.11298880e+02       1.240522e-01
    10             50       -1.11298880e+02       1.460259e-01
    20             25       -1.11298880e+02       1.384620e-01
    50             10       -1.11298880e+02       2.313534e-01
    70              7       -1.11320154e+02       1.911457e-01
   100              5       -1.11298880e+02       2.021740e-01
   200              2       -1.11246295e+02       2.471878e-01
Stocahstic error estimate: 1.460259e-01

	collect g,h time= 0.00878453254699707
E=-111.29888007955778,dE=-0.052130833214221184,std=0.14602593081158785
L=-111.29888007955778,dL=-0.052130833214221184,std=0.14602593081158785
	gnorm= 9.079250778555318
	symmetric= True
	solver time=0.013055801391601562,exit status=0
	SR solver time= 0.013226985931396484
	niter= 22
	xnorm=5.893972927978113,dnorm=0.05380954388898454
step= 88

nparam= 9900
	log prob= -16.178477897923003
	burn in time= 32.51112699508667
	sample time= 84.55044436454773
	self.n= 500.0
	nsamples= 500.0

Mean energy: -1.11162550e+02
Block size    # of blocks        Mean                Error
     1            500       -1.11162550e+02       8.361119e-02
     2            250       -1.11162550e+02       1.110545e-01
     5            100       -1.11162550e+02       1.457756e-01
    10             50       -1.11162550e+02       1.560642e-01
    20             25       -1.11162550e+02       1.641421e-01
    50             10       -1.11162550e+02       2.032731e-01
    70              7       -1.11159073e+02       1.762457e-01
   100              5       -1.11162550e+02       2.684535e-01
   200              2       -1.11080885e+02       4.419553e-02
Stocahstic error estimate: 2.032731e-01


Mean energy: -1.11162550e+02
Block size    # of blocks        Mean                Error
     1            500       -1.11162550e+02       8.361119e-02
     2            250       -1.11162550e+02       1.110545e-01
     5            100       -1.11162550e+02       1.457756e-01
    10             50       -1.11162550e+02       1.560642e-01
    20             25       -1.11162550e+02       1.641421e-01
    50             10       -1.11162550e+02       2.032731e-01
    70              7       -1.11159073e+02       1.762457e-01
   100              5       -1.11162550e+02       2.684535e-01
   200              2       -1.11080885e+02       4.419553e-02
Stocahstic error estimate: 2.032731e-01

	collect g,h time= 0.009487152099609375
E=-111.16255016261094,dE=0.13632991694683483,std=0.20327305887099062
L=-111.16255016261094,dL=0.13632991694683483,std=0.20327305887099062
	gnorm= 9.477032649788041
	symmetric= True
	solver time=0.016423702239990234,exit status=0
	SR solver time= 0.01653432846069336
	xnorm=5.891954772791411,dnorm=0.06575652768311215
	niter= 15
step= 89

nparam= 9900
	log prob= -16.10932107696958
	burn in time= 29.631486654281616
	sample time= 82.39984107017517
	self.n= 500.0
	nsamples= 500.0

Mean energy: -1.11104754e+02
Block size    # of blocks        Mean                Error
     1            500       -1.11104754e+02       8.416288e-02
     2            250       -1.11104754e+02       1.108085e-01
     5            100       -1.11104754e+02       1.605086e-01
    10             50       -1.11104754e+02       1.671086e-01
    20             25       -1.11104754e+02       1.613314e-01
    50             10       -1.11104754e+02       2.049947e-01
    70              7       -1.11107572e+02       1.475890e-01
   100              5       -1.11104754e+02       1.869413e-01
   200              2       -1.11064241e+02       4.581431e-01
Stocahstic error estimate: 1.671086e-01


Mean energy: -1.11104754e+02
Block size    # of blocks        Mean                Error
     1            500       -1.11104754e+02       8.416288e-02
     2            250       -1.11104754e+02       1.108085e-01
     5            100       -1.11104754e+02       1.605086e-01
    10             50       -1.11104754e+02       1.671086e-01
    20             25       -1.11104754e+02       1.613314e-01
    50             10       -1.11104754e+02       2.049947e-01
    70              7       -1.11107572e+02       1.475890e-01
   100              5       -1.11104754e+02       1.869413e-01
   200              2       -1.11064241e+02       4.581431e-01
Stocahstic error estimate: 1.671086e-01

	collect g,h time= 0.008174419403076172
E=-111.10475351282786,dE=0.05779664978308574,std=0.16710856062342264
L=-111.10475351282786,dL=0.05779664978308574,std=0.16710856062342264
	gnorm= 9.341925868198123
	symmetric= True
	solver time=0.011222124099731445,exit status=0
	SR solver time= 0.011272430419921875
	xnorm=5.888279161992445,dnorm=0.05999083935149473
	niter= 24
step= 90

nparam= 9900
	log prob= -16.598146051803894
	burn in time= 30.94298005104065
	sample time= 87.0752124786377
	self.n= 500.0
	nsamples= 500.0

Mean energy: -1.10983056e+02
Block size    # of blocks        Mean                Error
     1            500       -1.10983056e+02       8.095763e-02
     2            250       -1.10983056e+02       1.047049e-01
     5            100       -1.10983056e+02       1.367368e-01
    10             50       -1.10983056e+02       1.440759e-01
    20             25       -1.10983056e+02       1.417845e-01
    50             10       -1.10983056e+02       1.436229e-01
    70              7       -1.10975608e+02       1.906177e-01
   100              5       -1.10983056e+02       9.512296e-02
   200              2       -1.11025364e+02       1.695593e-01
Stocahstic error estimate: 1.440759e-01


Mean energy: -1.10983056e+02
Block size    # of blocks        Mean                Error
     1            500       -1.10983056e+02       8.095763e-02
     2            250       -1.10983056e+02       1.047049e-01
     5            100       -1.10983056e+02       1.367368e-01
    10             50       -1.10983056e+02       1.440759e-01
    20             25       -1.10983056e+02       1.417845e-01
    50             10       -1.10983056e+02       1.436229e-01
    70              7       -1.10975608e+02       1.906177e-01
   100              5       -1.10983056e+02       9.512296e-02
   200              2       -1.11025364e+02       1.695593e-01
Stocahstic error estimate: 1.440759e-01

	collect g,h time= 0.008092880249023438
E=-110.98305577828368,dE=0.12169773454417054,std=0.14407590569946024
L=-110.98305577828368,dL=0.12169773454417054,std=0.14407590569946024
	gnorm= 8.048358675150466
	symmetric= True
	solver time=0.010337352752685547,exit status=0
	SR solver time= 0.010411262512207031
	xnorm=5.885687801896938,dnorm=0.0590025813816641
	niter= 23
step= 91

nparam= 9900
	log prob= -16.268613386512257
burn_in= 50
every= 10
layer= 0
nparam= 4950

step= 90

nparam= 9900
	log prob= -16.268613386512257
	burn in time= 272.90931248664856
	sample time= 1077.3866546154022
	self.n= 5000.0
	nsamples= 5000.0

Mean energy: -1.11209743e+02
Block size    # of blocks        Mean                Error
     1           5000       -1.11209743e+02       2.948231e-02
     2           2500       -1.11209743e+02       3.998088e-02
     5           1000       -1.11209743e+02       5.877553e-02
    10            500       -1.11209743e+02       7.632025e-02
    20            250       -1.11209743e+02       9.643847e-02
    50            100       -1.11209743e+02       1.129195e-01
    70             71       -1.11213813e+02       1.156932e-01
   100             50       -1.11209743e+02       1.238767e-01
   200             25       -1.11209743e+02       1.447054e-01
   500             10       -1.11209743e+02       1.346860e-01
Stocahstic error estimate: 1.156932e-01


Mean energy: -1.11209743e+02
Block size    # of blocks        Mean                Error
     1           5000       -1.11209743e+02       2.948231e-02
     2           2500       -1.11209743e+02       3.998088e-02
     5           1000       -1.11209743e+02       5.877553e-02
    10            500       -1.11209743e+02       7.632025e-02
    20            250       -1.11209743e+02       9.643847e-02
    50            100       -1.11209743e+02       1.129195e-01
    70             71       -1.11213813e+02       1.156932e-01
   100             50       -1.11209743e+02       1.238767e-01
   200             25       -1.11209743e+02       1.447054e-01
   500             10       -1.11209743e+02       1.346860e-01
Stocahstic error estimate: 1.156932e-01

	collect g,h time= 0.059667348861694336
E=-111.2097432919438,dE=0,std=0.115693222615521
L=-111.2097432919438,dL=0,std=0.115693222615521
	gnorm= 5.175555640094339
	symmetric= True
	solver time=0.055715322494506836,exit status=0
	SR solver time= 0.05579662322998047
	xnorm=5.883037978904519,dnorm=0.2091952423345534
	niter= 35
step= 91

nparam= 9900
	log prob= -16.227040795860518
	burn in time= 275.3248164653778
	sample time= 1106.168339252472
	self.n= 5000.0
	nsamples= 5000.0

Mean energy: -1.11363052e+02
Block size    # of blocks        Mean                Error
     1           5000       -1.11363052e+02       2.485159e-02
     2           2500       -1.11363052e+02       3.362727e-02
     5           1000       -1.11363052e+02       4.965206e-02
    10            500       -1.11363052e+02       6.388215e-02
    20            250       -1.11363052e+02       7.979886e-02
    50            100       -1.11363052e+02       9.891969e-02
    70             71       -1.11371015e+02       1.050055e-01
   100             50       -1.11363052e+02       1.059402e-01
   200             25       -1.11363052e+02       1.059850e-01
   500             10       -1.11363052e+02       1.113961e-01
Stocahstic error estimate: 1.059402e-01


Mean energy: -1.11363052e+02
Block size    # of blocks        Mean                Error
     1           5000       -1.11363052e+02       2.485159e-02
     2           2500       -1.11363052e+02       3.362727e-02
     5           1000       -1.11363052e+02       4.965206e-02
    10            500       -1.11363052e+02       6.388215e-02
    20            250       -1.11363052e+02       7.979886e-02
    50            100       -1.11363052e+02       9.891969e-02
    70             71       -1.11371015e+02       1.050055e-01
   100             50       -1.11363052e+02       1.059402e-01
   200             25       -1.11363052e+02       1.059850e-01
   500             10       -1.11363052e+02       1.113961e-01
Stocahstic error estimate: 1.059402e-01

	collect g,h time= 0.057810068130493164
E=-111.36305228418368,dE=-0.1533089922398858,std=0.10594023531233583
L=-111.36305228418368,dL=-0.1533089922398858,std=0.10594023531233583
	gnorm= 4.300622613032314
	symmetric= True
		niter= 37
solver time=0.05006289482116699,exit status=0
	SR solver time= 0.05029582977294922
	xnorm=5.846411089983422,dnorm=0.19091976735509186
step= 92

nparam= 9900
	log prob= -18.17130050016786
	burn in time= 270.09443068504333
	sample time= 971.584540605545
	self.n= 5000.0
	nsamples= 5000.0

Mean energy: -1.11583333e+02
Block size    # of blocks        Mean                Error
     1           5000       -1.11583333e+02       2.460965e-02
     2           2500       -1.11583333e+02       3.339874e-02
     5           1000       -1.11583333e+02       4.953179e-02
    10            500       -1.11583333e+02       6.334927e-02
    20            250       -1.11583333e+02       7.899045e-02
    50            100       -1.11583333e+02       1.042385e-01
    70             71       -1.11593915e+02       1.109498e-01
   100             50       -1.11583333e+02       1.242047e-01
   200             25       -1.11583333e+02       1.268885e-01
   500             10       -1.11583333e+02       1.263465e-01
Stocahstic error estimate: 1.268885e-01


Mean energy: -1.11583333e+02
Block size    # of blocks        Mean                Error
     1           5000       -1.11583333e+02       2.460965e-02
     2           2500       -1.11583333e+02       3.339874e-02
     5           1000       -1.11583333e+02       4.953179e-02
    10            500       -1.11583333e+02       6.334927e-02
    20            250       -1.11583333e+02       7.899045e-02
    50            100       -1.11583333e+02       1.042385e-01
    70             71       -1.11593915e+02       1.109498e-01
   100             50       -1.11583333e+02       1.242047e-01
   200             25       -1.11583333e+02       1.268885e-01
   500             10       -1.11583333e+02       1.263465e-01
Stocahstic error estimate: 1.268885e-01

	collect g,h time= 0.06183600425720215
E=-111.58333300787126,dE=-0.2202807236875799,std=0.12688849093534965
L=-111.58333300787126,dL=-0.2202807236875799,std=0.12688849093534965
	gnorm= 3.9521823804950844
	symmetric= True
	solver time=0.04559969902038574,exit status=0
	SR solver time= 0.04568052291870117
	xnorm=5.817136746495418,dnorm=0.18767682163304525
	niter= 38
step= 93

nparam= 9900
	log prob= -16.444413167907243
	burn in time= 273.43198704719543
	sample time= 854.2824656963348
	self.n= 5000.0
	nsamples= 5000.0

Mean energy: -1.11713374e+02
Block size    # of blocks        Mean                Error
     1           5000       -1.11713374e+02       2.559889e-02
     2           2500       -1.11713374e+02       3.491072e-02
     5           1000       -1.11713374e+02       5.118657e-02
    10            500       -1.11713374e+02       6.609950e-02
    20            250       -1.11713374e+02       8.166518e-02
    50            100       -1.11713374e+02       9.327389e-02
    70             71       -1.11706867e+02       1.009201e-01
   100             50       -1.11713374e+02       1.153138e-01
   200             25       -1.11713374e+02       9.500328e-02
   500             10       -1.11713374e+02       5.748253e-02
Stocahstic error estimate: 1.153138e-01


Mean energy: -1.11713374e+02
Block size    # of blocks        Mean                Error
     1           5000       -1.11713374e+02       2.559889e-02
     2           2500       -1.11713374e+02       3.491072e-02
     5           1000       -1.11713374e+02       5.118657e-02
    10            500       -1.11713374e+02       6.609950e-02
    20            250       -1.11713374e+02       8.166518e-02
    50            100       -1.11713374e+02       9.327389e-02
    70             71       -1.11706867e+02       1.009201e-01
   100             50       -1.11713374e+02       1.153138e-01
   200             25       -1.11713374e+02       9.500328e-02
   500             10       -1.11713374e+02       5.748253e-02
Stocahstic error estimate: 1.153138e-01

	collect g,h time= 0.05742454528808594
E=-111.71337396187381,dE=-0.13004095400255267,std=0.11531376667021334
L=-111.71337396187381,dL=-0.13004095400255267,std=0.11531376667021334
	gnorm= 4.309176038255363
	symmetric= True
	solver time=0.030085086822509766,exit status=0
	SR solver time= 0.030149221420288086
	xnorm=5.788622236057941,dnorm=0.1715028544820651
	niter= 32
step= 94

nparam= 9900
	log prob= -17.99120561033247
	burn in time= 273.8245508670807
	sample time= 834.2462179660797
	self.n= 5000.0
	nsamples= 5000.0

Mean energy: -1.12059950e+02
Block size    # of blocks        Mean                Error
     1           5000       -1.12059950e+02       2.423472e-02
     2           2500       -1.12059950e+02       3.312720e-02
     5           1000       -1.12059950e+02       4.965596e-02
    10            500       -1.12059950e+02       6.489457e-02
    20            250       -1.12059950e+02       8.040827e-02
    50            100       -1.12059950e+02       9.639134e-02
    70             71       -1.12065529e+02       9.614143e-02
   100             50       -1.12059950e+02       1.011250e-01
   200             25       -1.12059950e+02       1.022500e-01
   500             10       -1.12059950e+02       9.736116e-02
Stocahstic error estimate: 9.639134e-02


Mean energy: -1.12059950e+02
Block size    # of blocks        Mean                Error
     1           5000       -1.12059950e+02       2.423472e-02
     2           2500       -1.12059950e+02       3.312720e-02
     5           1000       -1.12059950e+02       4.965596e-02
    10            500       -1.12059950e+02       6.489457e-02
    20            250       -1.12059950e+02       8.040827e-02
    50            100       -1.12059950e+02       9.639134e-02
    70             71       -1.12065529e+02       9.614143e-02
   100             50       -1.12059950e+02       1.011250e-01
   200             25       -1.12059950e+02       1.022500e-01
   500             10       -1.12059950e+02       9.736116e-02
Stocahstic error estimate: 9.639134e-02

	collect g,h time= 0.05922365188598633
E=-112.05995023914892,dE=-0.34657627727510487,std=0.09639134430485055
L=-112.05995023914892,dL=-0.34657627727510487,std=0.09639134430485055
	gnorm= 4.304958943701504
	symmetric= True
	solver time=0.029438257217407227,exit status=0
	SR solver time= 0.029500484466552734
	xnorm=5.762075827760969,dnorm=0.1764358317704319
	niter= 37
step= 95

nparam= 9900
	log prob= -19.644038124241646
	burn in time= 280.7399606704712
	sample time= 809.9677953720093
	self.n= 5000.0
	nsamples= 5000.0

Mean energy: -1.12179591e+02
Block size    # of blocks        Mean                Error
     1           5000       -1.12179591e+02       2.277329e-02
     2           2500       -1.12179591e+02       3.134132e-02
     5           1000       -1.12179591e+02       4.720041e-02
    10            500       -1.12179591e+02       6.241320e-02
    20            250       -1.12179591e+02       8.095031e-02
    50            100       -1.12179591e+02       1.062607e-01
    70             71       -1.12172886e+02       1.126192e-01
   100             50       -1.12179591e+02       1.304525e-01
   200             25       -1.12179591e+02       1.463071e-01
   500             10       -1.12179591e+02       1.375705e-01
Stocahstic error estimate: 1.463071e-01


Mean energy: -1.12179591e+02
Block size    # of blocks        Mean                Error
     1           5000       -1.12179591e+02       2.277329e-02
     2           2500       -1.12179591e+02       3.134132e-02
     5           1000       -1.12179591e+02       4.720041e-02
    10            500       -1.12179591e+02       6.241320e-02
    20            250       -1.12179591e+02       8.095031e-02
    50            100       -1.12179591e+02       1.062607e-01
    70             71       -1.12172886e+02       1.126192e-01
   100             50       -1.12179591e+02       1.304525e-01
   200             25       -1.12179591e+02       1.463071e-01
   500             10       -1.12179591e+02       1.375705e-01
Stocahstic error estimate: 1.463071e-01

	collect g,h time= 0.05731534957885742
E=-112.17959104432049,dE=-0.11964080517157072,std=0.14630709372345158
L=-112.17959104432049,dL=-0.11964080517157072,std=0.14630709372345158
	gnorm= 3.479762254975037
	symmetric= True
	solver time=0.022628307342529297,exit status=0
	SR solver time= 0.022689104080200195
	xnorm=5.736477339336229,dnorm=0.1370675598934222
	niter= 27
step= 96

nparam= 9900
	log prob= -20.10617033138874
	burn in time= 279.9171552658081
	sample time= 827.4676280021667
	self.n= 5000.0
	nsamples= 5000.0

Mean energy: -1.12172037e+02
Block size    # of blocks        Mean                Error
     1           5000       -1.12172037e+02       2.570120e-02
     2           2500       -1.12172037e+02       3.538369e-02
     5           1000       -1.12172037e+02       5.361877e-02
    10            500       -1.12172037e+02       7.150668e-02
    20            250       -1.12172037e+02       9.165674e-02
    50            100       -1.12172037e+02       1.173202e-01
    70             71       -1.12176608e+02       1.225037e-01
   100             50       -1.12172037e+02       1.260990e-01
   200             25       -1.12172037e+02       1.341573e-01
   500             10       -1.12172037e+02       1.351467e-01
Stocahstic error estimate: 1.225037e-01


Mean energy: -1.12172037e+02
Block size    # of blocks        Mean                Error
     1           5000       -1.12172037e+02       2.570120e-02
     2           2500       -1.12172037e+02       3.538369e-02
     5           1000       -1.12172037e+02       5.361877e-02
    10            500       -1.12172037e+02       7.150668e-02
    20            250       -1.12172037e+02       9.165674e-02
    50            100       -1.12172037e+02       1.173202e-01
    70             71       -1.12176608e+02       1.225037e-01
   100             50       -1.12172037e+02       1.260990e-01
   200             25       -1.12172037e+02       1.341573e-01
   500             10       -1.12172037e+02       1.351467e-01
Stocahstic error estimate: 1.225037e-01

	collect g,h time= 0.057935237884521484
E=-112.17203672142053,dE=0.007554322899963495,std=0.12250373890203167
L=-112.17203672142053,dL=0.007554322899963495,std=0.12250373890203167
	gnorm= 4.804724179812873
	symmetric= True
	solver time=0.028227567672729492,exit status=0
	SR solver time= 0.028289079666137695
	xnorm=5.719381467687244,dnorm=0.16888119708666557
	niter= 37
step= 97

nparam= 9900
	log prob= -23.644480773037117
	burn in time= 280.08736777305603
	sample time= 803.7958824634552
	self.n= 5000.0
	nsamples= 5000.0

Mean energy: -1.12178569e+02
Block size    # of blocks        Mean                Error
     1           5000       -1.12178569e+02       2.282234e-02
     2           2500       -1.12178569e+02       3.153306e-02
     5           1000       -1.12178569e+02       4.780957e-02
    10            500       -1.12178569e+02       6.384357e-02
    20            250       -1.12178569e+02       8.064809e-02
    50            100       -1.12178569e+02       1.074179e-01
    70             71       -1.12168882e+02       1.079023e-01
   100             50       -1.12178569e+02       1.240400e-01
   200             25       -1.12178569e+02       1.202452e-01
   500             10       -1.12178569e+02       1.252283e-01
Stocahstic error estimate: 1.079023e-01


Mean energy: -1.12178569e+02
Block size    # of blocks        Mean                Error
     1           5000       -1.12178569e+02       2.282234e-02
     2           2500       -1.12178569e+02       3.153306e-02
     5           1000       -1.12178569e+02       4.780957e-02
    10            500       -1.12178569e+02       6.384357e-02
    20            250       -1.12178569e+02       8.064809e-02
    50            100       -1.12178569e+02       1.074179e-01
    70             71       -1.12168882e+02       1.079023e-01
   100             50       -1.12178569e+02       1.240400e-01
   200             25       -1.12178569e+02       1.202452e-01
   500             10       -1.12178569e+02       1.252283e-01
Stocahstic error estimate: 1.079023e-01

	collect g,h time= 0.058547019958496094
E=-112.1785689837002,dE=-0.00653226227967707,std=0.1079023288687766
L=-112.1785689837002,dL=-0.00653226227967707,std=0.1079023288687766
	gnorm= 4.044720207894789
	symmetric= True
	solver time=0.03261518478393555,exit status=0
	SR solver time= 0.03268623352050781
	xnorm=5.69509269281563,dnorm=0.15833172625682604
	niter= 38
step= 98

nparam= 9900
	log prob= -28.278619055265708
	burn in time= 271.3901324272156
	sample time= 799.6937818527222
	self.n= 5000.0
	nsamples= 5000.0

Mean energy: -1.12296846e+02
Block size    # of blocks        Mean                Error
     1           5000       -1.12296846e+02       2.215721e-02
     2           2500       -1.12296846e+02       3.058388e-02
     5           1000       -1.12296846e+02       4.600528e-02
    10            500       -1.12296846e+02       6.158540e-02
    20            250       -1.12296846e+02       7.930443e-02
    50            100       -1.12296846e+02       1.021943e-01
    70             71       -1.12299348e+02       1.123622e-01
   100             50       -1.12296846e+02       1.152150e-01
   200             25       -1.12296846e+02       1.139023e-01
   500             10       -1.12296846e+02       1.503055e-01
Stocahstic error estimate: 1.152150e-01


Mean energy: -1.12296846e+02
Block size    # of blocks        Mean                Error
     1           5000       -1.12296846e+02       2.215721e-02
     2           2500       -1.12296846e+02       3.058388e-02
     5           1000       -1.12296846e+02       4.600528e-02
    10            500       -1.12296846e+02       6.158540e-02
    20            250       -1.12296846e+02       7.930443e-02
    50            100       -1.12296846e+02       1.021943e-01
    70             71       -1.12299348e+02       1.123622e-01
   100             50       -1.12296846e+02       1.152150e-01
   200             25       -1.12296846e+02       1.139023e-01
   500             10       -1.12296846e+02       1.503055e-01
Stocahstic error estimate: 1.152150e-01

	collect g,h time= 0.05758023262023926
E=-112.29684588338505,dE=-0.11827689968484378,std=0.11521495733422281
L=-112.29684588338505,dL=-0.11827689968484378,std=0.11521495733422281
	gnorm= 4.080634057518295
	symmetric= True
	solver time=0.02727961540222168,exit status=0
	SR solver time= 0.027346372604370117
	xnorm=5.67528968110742,dnorm=0.14630334056384564
	niter= 35
step= 99

nparam= 9900
	log prob= -23.63517051447677
	burn in time= 284.24444031715393
	sample time= 805.952880859375
	self.n= 5000.0
	nsamples= 5000.0

Mean energy: -1.12399280e+02
Block size    # of blocks        Mean                Error
     1           5000       -1.12399280e+02       2.244708e-02
     2           2500       -1.12399280e+02       3.089629e-02
     5           1000       -1.12399280e+02       4.656424e-02
    10            500       -1.12399280e+02       6.212411e-02
    20            250       -1.12399280e+02       8.019361e-02
    50            100       -1.12399280e+02       1.017063e-01
    70             71       -1.12409051e+02       1.020617e-01
   100             50       -1.12399280e+02       1.066841e-01
   200             25       -1.12399280e+02       1.121893e-01
   500             10       -1.12399280e+02       1.526841e-01
Stocahstic error estimate: 1.020617e-01


Mean energy: -1.12399280e+02
Block size    # of blocks        Mean                Error
     1           5000       -1.12399280e+02       2.244708e-02
     2           2500       -1.12399280e+02       3.089629e-02
     5           1000       -1.12399280e+02       4.656424e-02
    10            500       -1.12399280e+02       6.212411e-02
    20            250       -1.12399280e+02       8.019361e-02
    50            100       -1.12399280e+02       1.017063e-01
    70             71       -1.12409051e+02       1.020617e-01
   100             50       -1.12399280e+02       1.066841e-01
   200             25       -1.12399280e+02       1.121893e-01
   500             10       -1.12399280e+02       1.526841e-01
Stocahstic error estimate: 1.020617e-01

	collect g,h time= 0.05564570426940918
E=-112.39927975969891,dE=-0.10243387631386724,std=0.10206165714999567
L=-112.39927975969891,dL=-0.10243387631386724,std=0.10206165714999567
	gnorm= 4.201400442323661
	symmetric= True
	solver time=0.029476404190063477,exit status=0
	SR solver time= 0.029535770416259766
	xnorm=5.6594006408529385,dnorm=0.1623142568204977
	niter= 38
step= 100

nparam= 9900
	log prob= -23.651527198213714
	burn in time= 289.2071416378021
	sample time= 796.4627830982208
	self.n= 5000.0
	nsamples= 5000.0

Mean energy: -1.12377940e+02
Block size    # of blocks        Mean                Error
     1           5000       -1.12377940e+02       2.083681e-02
     2           2500       -1.12377940e+02       2.864599e-02
     5           1000       -1.12377940e+02       4.307349e-02
    10            500       -1.12377940e+02       5.702094e-02
    20            250       -1.12377940e+02       7.192233e-02
    50            100       -1.12377940e+02       9.248742e-02
    70             71       -1.12379791e+02       1.043791e-01
   100             50       -1.12377940e+02       1.021615e-01
   200             25       -1.12377940e+02       8.297997e-02
   500             10       -1.12377940e+02       1.082912e-01
Stocahstic error estimate: 1.043791e-01


Mean energy: -1.12377940e+02
Block size    # of blocks        Mean                Error
     1           5000       -1.12377940e+02       2.083681e-02
     2           2500       -1.12377940e+02       2.864599e-02
     5           1000       -1.12377940e+02       4.307349e-02
    10            500       -1.12377940e+02       5.702094e-02
    20            250       -1.12377940e+02       7.192233e-02
    50            100       -1.12377940e+02       9.248742e-02
    70             71       -1.12379791e+02       1.043791e-01
   100             50       -1.12377940e+02       1.021615e-01
   200             25       -1.12377940e+02       8.297997e-02
   500             10       -1.12377940e+02       1.082912e-01
Stocahstic error estimate: 1.043791e-01

	collect g,h time= 0.05823945999145508
E=-112.37793951644986,dE=0.02134024324905681,std=0.10437912950889627
L=-112.37793951644986,dL=0.02134024324905681,std=0.10437912950889627
	gnorm= 3.685472732390553
	symmetric= True
	solver time=0.029160737991333008,exit status=0
	SR solver time= 0.02923893928527832
	xnorm=5.6412079990419475,dnorm=0.14315555402968738
	niter= 39
step= 101

nparam= 9900
	log prob= -22.956554943309357
	burn in time= 292.76591324806213
	sample time= 800.5141761302948
	self.n= 5000.0
	nsamples= 5000.0

Mean energy: -1.12551261e+02
Block size    # of blocks        Mean                Error
     1           5000       -1.12551261e+02       2.229567e-02
     2           2500       -1.12551261e+02       3.080472e-02
     5           1000       -1.12551261e+02       4.653728e-02
    10            500       -1.12551261e+02       6.189625e-02
    20            250       -1.12551261e+02       7.914798e-02
    50            100       -1.12551261e+02       9.740516e-02
    70             71       -1.12556542e+02       9.785656e-02
   100             50       -1.12551261e+02       1.084721e-01
   200             25       -1.12551261e+02       8.388911e-02
   500             10       -1.12551261e+02       8.710609e-02
Stocahstic error estimate: 9.785656e-02


Mean energy: -1.12551261e+02
Block size    # of blocks        Mean                Error
     1           5000       -1.12551261e+02       2.229567e-02
     2           2500       -1.12551261e+02       3.080472e-02
     5           1000       -1.12551261e+02       4.653728e-02
    10            500       -1.12551261e+02       6.189625e-02
    20            250       -1.12551261e+02       7.914798e-02
    50            100       -1.12551261e+02       9.740516e-02
    70             71       -1.12556542e+02       9.785656e-02
   100             50       -1.12551261e+02       1.084721e-01
   200             25       -1.12551261e+02       8.388911e-02
   500             10       -1.12551261e+02       8.710609e-02
Stocahstic error estimate: 9.785656e-02

	collect g,h time= 0.060715436935424805
E=-112.55126065554191,dE=-0.17332113909205304,std=0.09785656436640038
L=-112.55126065554191,dL=-0.17332113909205304,std=0.09785656436640038
	gnorm= 4.428239177292256
	symmetric= True
	solver time=0.0587620735168457,exit status=0
	SR solver time= 0.05903506278991699
	xnorm=5.626087907444639,dnorm=0.1302054125219886
	niter= 28
step= 102

nparam= 9900
	log prob= -27.794887460791614
	burn in time= 289.6451930999756
	sample time= 801.0157234668732
	self.n= 5000.0
	nsamples= 5000.0

Mean energy: -1.12473066e+02
Block size    # of blocks        Mean                Error
     1           5000       -1.12473066e+02       2.133262e-02
     2           2500       -1.12473066e+02       2.940871e-02
     5           1000       -1.12473066e+02       4.469885e-02
    10            500       -1.12473066e+02       5.997721e-02
    20            250       -1.12473066e+02       7.747335e-02
    50            100       -1.12473066e+02       1.008088e-01
    70             71       -1.12470502e+02       1.055385e-01
   100             50       -1.12473066e+02       1.105676e-01
   200             25       -1.12473066e+02       1.023455e-01
   500             10       -1.12473066e+02       1.092540e-01
Stocahstic error estimate: 1.055385e-01


Mean energy: -1.12473066e+02
Block size    # of blocks        Mean                Error
     1           5000       -1.12473066e+02       2.133262e-02
     2           2500       -1.12473066e+02       2.940871e-02
     5           1000       -1.12473066e+02       4.469885e-02
    10            500       -1.12473066e+02       5.997721e-02
    20            250       -1.12473066e+02       7.747335e-02
    50            100       -1.12473066e+02       1.008088e-01
    70             71       -1.12470502e+02       1.055385e-01
   100             50       -1.12473066e+02       1.105676e-01
   200             25       -1.12473066e+02       1.023455e-01
   500             10       -1.12473066e+02       1.092540e-01
Stocahstic error estimate: 1.055385e-01

	collect g,h time= 0.057492971420288086
E=-112.47306576077138,dE=0.0781948947705331,std=0.1055385191990387
L=-112.47306576077138,dL=0.0781948947705331,std=0.1055385191990387
	gnorm= 4.054135099127483
	symmetric= True
	solver time=0.030823230743408203,exit status=0
	SR solver time= 0.03088212013244629
	xnorm=5.612860765157395,dnorm=0.1464621369415542
	niter= 38
step= 103

nparam= 9900
	log prob= -25.019348097764734
	burn in time= 281.4973838329315
	sample time= 799.0566890239716
	self.n= 5000.0
	nsamples= 5000.0

Mean energy: -1.12604764e+02
Block size    # of blocks        Mean                Error
     1           5000       -1.12604764e+02       1.953927e-02
     2           2500       -1.12604764e+02       2.676463e-02
     5           1000       -1.12604764e+02       4.010728e-02
    10            500       -1.12604764e+02       5.272132e-02
    20            250       -1.12604764e+02       6.555450e-02
    50            100       -1.12604764e+02       8.509375e-02
    70             71       -1.12596917e+02       8.491322e-02
   100             50       -1.12604764e+02       8.489936e-02
   200             25       -1.12604764e+02       1.023180e-01
   500             10       -1.12604764e+02       1.060442e-01
Stocahstic error estimate: 8.509375e-02


Mean energy: -1.12604764e+02
Block size    # of blocks        Mean                Error
     1           5000       -1.12604764e+02       1.953927e-02
     2           2500       -1.12604764e+02       2.676463e-02
     5           1000       -1.12604764e+02       4.010728e-02
    10            500       -1.12604764e+02       5.272132e-02
    20            250       -1.12604764e+02       6.555450e-02
    50            100       -1.12604764e+02       8.509375e-02
    70             71       -1.12596917e+02       8.491322e-02
   100             50       -1.12604764e+02       8.489936e-02
   200             25       -1.12604764e+02       1.023180e-01
   500             10       -1.12604764e+02       1.060442e-01
Stocahstic error estimate: 8.509375e-02

	collect g,h time= 0.06374073028564453
E=-112.60476429344727,dE=-0.13169853267589815,std=0.08509374932887076
L=-112.60476429344727,dL=-0.13169853267589815,std=0.08509374932887076
	gnorm= 3.3493659882681563
	symmetric= True
	solver time=0.08874058723449707,exit status=0
	SR solver time= 0.0889892578125
	xnorm=5.5978471341210545,dnorm=0.13640404866712222
	niter= 39
step= 104

nparam= 9900
	log prob= -24.455366184243843
	burn in time= 292.2652223110199
	sample time= 805.8135185241699
	self.n= 5000.0
	nsamples= 5000.0

Mean energy: -1.12544004e+02
Block size    # of blocks        Mean                Error
     1           5000       -1.12544004e+02       2.131750e-02
     2           2500       -1.12544004e+02       2.932900e-02
     5           1000       -1.12544004e+02       4.413266e-02
    10            500       -1.12544004e+02       5.921732e-02
    20            250       -1.12544004e+02       7.373075e-02
    50            100       -1.12544004e+02       9.788198e-02
    70             71       -1.12545818e+02       1.030115e-01
   100             50       -1.12544004e+02       1.090720e-01
   200             25       -1.12544004e+02       1.119998e-01
   500             10       -1.12544004e+02       1.369201e-01
Stocahstic error estimate: 1.119998e-01


Mean energy: -1.12544004e+02
Block size    # of blocks        Mean                Error
     1           5000       -1.12544004e+02       2.131750e-02
     2           2500       -1.12544004e+02       2.932900e-02
     5           1000       -1.12544004e+02       4.413266e-02
    10            500       -1.12544004e+02       5.921732e-02
    20            250       -1.12544004e+02       7.373075e-02
    50            100       -1.12544004e+02       9.788198e-02
    70             71       -1.12545818e+02       1.030115e-01
   100             50       -1.12544004e+02       1.090720e-01
   200             25       -1.12544004e+02       1.119998e-01
   500             10       -1.12544004e+02       1.369201e-01
Stocahstic error estimate: 1.119998e-01

	collect g,h time= 0.061885833740234375
E=-112.54400444365339,dE=0.06075984979388238,std=0.11199977990693613
L=-112.54400444365339,dL=0.06075984979388238,std=0.11199977990693613
	gnorm= 3.775495454917933
	symmetric= True
	solver time=0.06542110443115234,exit status=0
	SR solver time= 0.06572222709655762
	xnorm=5.582890466581418,dnorm=0.14126493607597998
	niter= 37
step= 105

nparam= 9900
	log prob= -32.15505842496367
	burn in time= 281.90077018737793
	sample time= 794.5994982719421
	self.n= 5000.0
	nsamples= 5000.0

Mean energy: -1.12561813e+02
Block size    # of blocks        Mean                Error
     1           5000       -1.12561813e+02       2.106640e-02
     2           2500       -1.12561813e+02       2.901462e-02
     5           1000       -1.12561813e+02       4.370484e-02
    10            500       -1.12561813e+02       5.817383e-02
    20            250       -1.12561813e+02       7.375044e-02
    50            100       -1.12561813e+02       8.385282e-02
    70             71       -1.12555559e+02       8.442689e-02
   100             50       -1.12561813e+02       8.666937e-02
   200             25       -1.12561813e+02       7.317618e-02
   500             10       -1.12561813e+02       7.040559e-02
Stocahstic error estimate: 8.442689e-02


Mean energy: -1.12561813e+02
Block size    # of blocks        Mean                Error
     1           5000       -1.12561813e+02       2.106640e-02
     2           2500       -1.12561813e+02       2.901462e-02
     5           1000       -1.12561813e+02       4.370484e-02
    10            500       -1.12561813e+02       5.817383e-02
    20            250       -1.12561813e+02       7.375044e-02
    50            100       -1.12561813e+02       8.385282e-02
    70             71       -1.12555559e+02       8.442689e-02
   100             50       -1.12561813e+02       8.666937e-02
   200             25       -1.12561813e+02       7.317618e-02
   500             10       -1.12561813e+02       7.040559e-02
Stocahstic error estimate: 8.442689e-02

	collect g,h time= 0.06284475326538086
E=-112.5618133076475,dE=-0.017808863994105195,std=0.08442689069004315
L=-112.5618133076475,dL=-0.017808863994105195,std=0.08442689069004315
	gnorm= 4.074434716159275
	symmetric= True
	solver time=0.0488893985748291,exit status=0
	SR solver time= 0.0491788387298584
	xnorm=5.567152861245345,dnorm=0.12919905411336305
	niter= 34
step= 106

nparam= 9900
	log prob= -30.394656665252484
	burn in time= 283.959951877594
	sample time= 862.3951106071472
	self.n= 5000.0
	nsamples= 5000.0

Mean energy: -1.12830520e+02
Block size    # of blocks        Mean                Error
     1           5000       -1.12830520e+02       2.001209e-02
     2           2500       -1.12830520e+02       2.764469e-02
     5           1000       -1.12830520e+02       4.171445e-02
    10            500       -1.12830520e+02       5.581221e-02
    20            250       -1.12830520e+02       7.194247e-02
    50            100       -1.12830520e+02       9.398908e-02
    70             71       -1.12840959e+02       9.542437e-02
   100             50       -1.12830520e+02       9.861405e-02
   200             25       -1.12830520e+02       9.066468e-02
   500             10       -1.12830520e+02       1.193730e-01
Stocahstic error estimate: 9.542437e-02


Mean energy: -1.12830520e+02
Block size    # of blocks        Mean                Error
     1           5000       -1.12830520e+02       2.001209e-02
     2           2500       -1.12830520e+02       2.764469e-02
     5           1000       -1.12830520e+02       4.171445e-02
    10            500       -1.12830520e+02       5.581221e-02
    20            250       -1.12830520e+02       7.194247e-02
    50            100       -1.12830520e+02       9.398908e-02
    70             71       -1.12840959e+02       9.542437e-02
   100             50       -1.12830520e+02       9.861405e-02
   200             25       -1.12830520e+02       9.066468e-02
   500             10       -1.12830520e+02       1.193730e-01
Stocahstic error estimate: 9.542437e-02

	collect g,h time= 0.06250357627868652
E=-112.83052025974023,dE=-0.2687069520927281,std=0.09542436730634817
L=-112.83052025974023,dL=-0.2687069520927281,std=0.09542436730634817
	gnorm= 3.6537783161827084
	symmetric= True
	solver time=0.03612351417541504,exit status=0
	SR solver time= 0.03621506690979004
	xnorm=5.5542286683890305,dnorm=0.1366694813455433
	niter= 34
step= 107

nparam= 9900
	log prob= -26.174660808171666
	burn in time= 280.3639748096466
	sample time= 1078.7343318462372
	self.n= 5000.0
	nsamples= 5000.0

Mean energy: -1.12911692e+02
Block size    # of blocks        Mean                Error
     1           5000       -1.12911692e+02       1.961952e-02
     2           2500       -1.12911692e+02       2.717070e-02
     5           1000       -1.12911692e+02       4.139531e-02
    10            500       -1.12911692e+02       5.547756e-02
    20            250       -1.12911692e+02       7.127535e-02
    50            100       -1.12911692e+02       9.836092e-02
    70             71       -1.12909507e+02       1.086588e-01
   100             50       -1.12911692e+02       1.187144e-01
   200             25       -1.12911692e+02       1.382826e-01
   500             10       -1.12911692e+02       1.480022e-01

Mean energy: -1.12911692e+02
Block size    # of blocks        Mean                Error
     1           5000       -1.12911692e+02       1.961952e-02
     2           2500       -1.12911692e+02       2.717070e-02
     5           1000       -1.12911692e+02       4.139531e-02
    10            500       -1.12911692e+02       5.547756e-02
    20            250       -1.12911692e+02       7.127535e-02
    50            100       -1.12911692e+02       9.836092e-02
    70             71       -1.12909507e+02       1.086588e-01
   100             50       -1.12911692e+02       1.187144e-01
   200             25       -1.12911692e+02       1.382826e-01
   500             10       -1.12911692e+02       1.480022e-01
	collect g,h time= 0.05730938911437988
E=-112.91169205612496,dE=-0.08117179638473715,std=0.1480021712356163
L=-112.91169205612496,dL=-0.08117179638473715,std=0.1480021712356163
	gnorm= 3.7126415780358792
	symmetric= True
	solver time=0.04409289360046387,exit status=0
	SR solver time= 0.044167518615722656
	xnorm=5.5412037894451815,dnorm=0.1352964516903605
	niter= 37
step= 108

nparam= 9900
	log prob= -30.944454612784867
	burn in time= 283.78436756134033
	sample time= 1080.8401236534119
	self.n= 5000.0
	nsamples= 5000.0

Mean energy: -1.12774605e+02
Block size    # of blocks        Mean                Error
     1           5000       -1.12774605e+02       1.926484e-02
     2           2500       -1.12774605e+02       2.656173e-02
     5           1000       -1.12774605e+02       4.003100e-02
    10            500       -1.12774605e+02       5.291599e-02
    20            250       -1.12774605e+02       6.757193e-02
    50            100       -1.12774605e+02       8.776496e-02
    70             71       -1.12772206e+02       9.389315e-02
   100             50       -1.12774605e+02       1.021321e-01
   200             25       -1.12774605e+02       9.953060e-02
   500             10       -1.12774605e+02       1.064267e-01
Stocahstic error estimate: 1.021321e-01


Mean energy: -1.12774605e+02
Block size    # of blocks        Mean                Error
     1           5000       -1.12774605e+02       1.926484e-02
     2           2500       -1.12774605e+02       2.656173e-02
     5           1000       -1.12774605e+02       4.003100e-02
    10            500       -1.12774605e+02       5.291599e-02
    20            250       -1.12774605e+02       6.757193e-02
    50            100       -1.12774605e+02       8.776496e-02
    70             71       -1.12772206e+02       9.389315e-02
   100             50       -1.12774605e+02       1.021321e-01
   200             25       -1.12774605e+02       9.953060e-02
   500             10       -1.12774605e+02       1.064267e-01
Stocahstic error estimate: 1.021321e-01

	collect g,h time= 0.05687093734741211
E=-112.77460503099873,dE=0.1370870251262346,std=0.10213208650271997
L=-112.77460503099873,dL=0.1370870251262346,std=0.10213208650271997
	gnorm= 3.822752896139793
	symmetric= True
	solver time=0.026609182357788086,exit status=0
	SR solver time= 0.026681184768676758
	xnorm=5.527922592424731,dnorm=0.09319015479516173
	niter= 20
step= 109

nparam= 9900
	log prob= -27.302769565861112
	burn in time= 282.9232530593872
	sample time= 916.1359627246857
	self.n= 5000.0
	nsamples= 5000.0

Mean energy: -1.12775904e+02
Block size    # of blocks        Mean                Error
     1           5000       -1.12775904e+02       1.896214e-02
     2           2500       -1.12775904e+02       2.602619e-02
     5           1000       -1.12775904e+02       3.931554e-02
    10            500       -1.12775904e+02       5.248155e-02
    20            250       -1.12775904e+02       6.705590e-02
    50            100       -1.12775904e+02       7.942740e-02
    70             71       -1.12769557e+02       9.057132e-02
   100             50       -1.12775904e+02       8.812370e-02
   200             25       -1.12775904e+02       1.008122e-01
   500             10       -1.12775904e+02       8.839844e-02
Stocahstic error estimate: 9.057132e-02


Mean energy: -1.12775904e+02
Block size    # of blocks        Mean                Error
     1           5000       -1.12775904e+02       1.896214e-02
     2           2500       -1.12775904e+02       2.602619e-02
     5           1000       -1.12775904e+02       3.931554e-02
    10            500       -1.12775904e+02       5.248155e-02
    20            250       -1.12775904e+02       6.705590e-02
    50            100       -1.12775904e+02       7.942740e-02
    70             71       -1.12769557e+02       9.057132e-02
   100             50       -1.12775904e+02       8.812370e-02
   200             25       -1.12775904e+02       1.008122e-01
   500             10       -1.12775904e+02       8.839844e-02
Stocahstic error estimate: 9.057132e-02

	collect g,h time= 0.06213736534118652
E=-112.7759043141041,dE=-0.0012992831053679765,std=0.09057132202517913
L=-112.7759043141041,dL=-0.0012992831053679765,std=0.09057132202517913
	gnorm= 3.724132388528571
	symmetric= True
	solver time=0.04561328887939453,exit status=0
	SR solver time= 0.0457005500793457
	xnorm=5.519876486402284,dnorm=0.12524047243962183
	niter= 35
step= 110

nparam= 9900
	log prob= -33.05012470445365
	burn in time= 277.7031214237213
	sample time= 792.463650226593
	self.n= 5000.0
	nsamples= 5000.0

Mean energy: -1.12857577e+02
Block size    # of blocks        Mean                Error
     1           5000       -1.12857577e+02       1.815448e-02
     2           2500       -1.12857577e+02       2.502760e-02
     5           1000       -1.12857577e+02       3.795922e-02
    10            500       -1.12857577e+02       5.008036e-02
    20            250       -1.12857577e+02       6.344931e-02
    50            100       -1.12857577e+02       7.847451e-02
    70             71       -1.12859801e+02       8.370515e-02
   100             50       -1.12857577e+02       8.985418e-02
   200             25       -1.12857577e+02       8.897503e-02
   500             10       -1.12857577e+02       8.482981e-02
Stocahstic error estimate: 8.985418e-02


Mean energy: -1.12857577e+02
Block size    # of blocks        Mean                Error
     1           5000       -1.12857577e+02       1.815448e-02
     2           2500       -1.12857577e+02       2.502760e-02
     5           1000       -1.12857577e+02       3.795922e-02
    10            500       -1.12857577e+02       5.008036e-02
    20            250       -1.12857577e+02       6.344931e-02
    50            100       -1.12857577e+02       7.847451e-02
    70             71       -1.12859801e+02       8.370515e-02
   100             50       -1.12857577e+02       8.985418e-02
   200             25       -1.12857577e+02       8.897503e-02
   500             10       -1.12857577e+02       8.482981e-02
Stocahstic error estimate: 8.985418e-02

	collect g,h time= 0.05926156044006348
E=-112.85757657711359,dE=-0.08167226300949437,std=0.08985417912570447
L=-112.85757657711359,dL=-0.08167226300949437,std=0.08985417912570447
	gnorm= 3.546791372244701
	symmetric= True
	solver time=0.028110980987548828,exit status=0
	SR solver time= 0.028169870376586914
	xnorm=5.508640190216149,dnorm=0.13242373403170882
	niter= 38
step= 111

nparam= 9900
	log prob= -26.35003379748325
	burn in time= 282.03777527809143
	sample time= 783.6636791229248
	self.n= 5000.0
	nsamples= 5000.0

Mean energy: -1.13022766e+02
Block size    # of blocks        Mean                Error
     1           5000       -1.13022766e+02       1.825774e-02
     2           2500       -1.13022766e+02       2.529523e-02
     5           1000       -1.13022766e+02       3.842132e-02
    10            500       -1.13022766e+02       5.168574e-02
    20            250       -1.13022766e+02       6.680235e-02
    50            100       -1.13022766e+02       8.713836e-02
    70             71       -1.13029903e+02       9.094687e-02
   100             50       -1.13022766e+02       9.243423e-02
   200             25       -1.13022766e+02       9.229987e-02
   500             10       -1.13022766e+02       1.126056e-01
Stocahstic error estimate: 9.094687e-02


Mean energy: -1.13022766e+02
Block size    # of blocks        Mean                Error
     1           5000       -1.13022766e+02       1.825774e-02
     2           2500       -1.13022766e+02       2.529523e-02
     5           1000       -1.13022766e+02       3.842132e-02
    10            500       -1.13022766e+02       5.168574e-02
    20            250       -1.13022766e+02       6.680235e-02
    50            100       -1.13022766e+02       8.713836e-02
    70             71       -1.13029903e+02       9.094687e-02
   100             50       -1.13022766e+02       9.243423e-02
   200             25       -1.13022766e+02       9.229987e-02
   500             10       -1.13022766e+02       1.126056e-01
Stocahstic error estimate: 9.094687e-02

	collect g,h time= 0.05694460868835449
E=-113.02276637032065,dE=-0.1651897932070625,std=0.09094687296532097
L=-113.02276637032065,dL=-0.1651897932070625,std=0.09094687296532097
	gnorm= 3.1612683659191267
	symmetric= True
	niter= 38
	solver time=0.031549930572509766,exit status=0
	SR solver time= 0.03161430358886719
	xnorm=5.4956382576262035,dnorm=0.1280120394678512
step= 112

nparam= 9900
	log prob= -27.38268181487119
	burn in time= 288.1429977416992
	sample time= 772.4524495601654
	self.n= 5000.0
	nsamples= 5000.0

Mean energy: -1.13132858e+02
Block size    # of blocks        Mean                Error
     1           5000       -1.13132858e+02       1.686478e-02
     2           2500       -1.13132858e+02       2.333376e-02
     5           1000       -1.13132858e+02       3.536702e-02
    10            500       -1.13132858e+02       4.718359e-02
    20            250       -1.13132858e+02       6.074023e-02
    50            100       -1.13132858e+02       7.612309e-02
    70             71       -1.13139681e+02       7.733059e-02
   100             50       -1.13132858e+02       8.739160e-02
   200             25       -1.13132858e+02       8.509090e-02
   500             10       -1.13132858e+02       7.298059e-02
Stocahstic error estimate: 7.733059e-02


Mean energy: -1.13132858e+02
Block size    # of blocks        Mean                Error
     1           5000       -1.13132858e+02       1.686478e-02
     2           2500       -1.13132858e+02       2.333376e-02
     5           1000       -1.13132858e+02       3.536702e-02
    10            500       -1.13132858e+02       4.718359e-02
    20            250       -1.13132858e+02       6.074023e-02
    50            100       -1.13132858e+02       7.612309e-02
    70             71       -1.13139681e+02       7.733059e-02
   100             50       -1.13132858e+02       8.739160e-02
   200             25       -1.13132858e+02       8.509090e-02
   500             10       -1.13132858e+02       7.298059e-02
Stocahstic error estimate: 7.733059e-02

	collect g,h time= 0.05881857872009277
E=-113.13285785212852,dE=-0.11009148180787065,std=0.07733058529037556
L=-113.13285785212852,dL=-0.11009148180787065,std=0.07733058529037556
	gnorm= 3.3296511980023524
	symmetric= True
	solver time=0.03446507453918457,exit status=0
	SR solver time= 0.03454017639160156
	xnorm=5.484652159356544,dnorm=0.12037986527668648
	niter= 38
step= 113

nparam= 9900
	log prob= -26.611031855752586
	burn in time= 274.6981420516968
	sample time= 766.9942781925201
	self.n= 5000.0
	nsamples= 5000.0

Mean energy: -1.13098482e+02
Block size    # of blocks        Mean                Error
     1           5000       -1.13098482e+02       1.878771e-02
     2           2500       -1.13098482e+02       2.611967e-02
     5           1000       -1.13098482e+02       3.991278e-02
    10            500       -1.13098482e+02       5.383261e-02
    20            250       -1.13098482e+02       7.088732e-02
    50            100       -1.13098482e+02       9.550217e-02
    70             71       -1.13101122e+02       1.022033e-01
   100             50       -1.13098482e+02       1.029685e-01
   200             25       -1.13098482e+02       1.177072e-01
   500             10       -1.13098482e+02       1.429750e-01
Stocahstic error estimate: 1.029685e-01


Mean energy: -1.13098482e+02
Block size    # of blocks        Mean                Error
     1           5000       -1.13098482e+02       1.878771e-02
     2           2500       -1.13098482e+02       2.611967e-02
     5           1000       -1.13098482e+02       3.991278e-02
    10            500       -1.13098482e+02       5.383261e-02
    20            250       -1.13098482e+02       7.088732e-02
    50            100       -1.13098482e+02       9.550217e-02
    70             71       -1.13101122e+02       1.022033e-01
   100             50       -1.13098482e+02       1.029685e-01
   200             25       -1.13098482e+02       1.177072e-01
   500             10       -1.13098482e+02       1.429750e-01
Stocahstic error estimate: 1.029685e-01

	collect g,h time= 0.05983877182006836
E=-113.09848225398409,dE=0.034375598144436026,std=0.10296845124586912
L=-113.09848225398409,dL=0.034375598144436026,std=0.10296845124586912
	gnorm= 4.070055342872722
	symmetric= True
	solver time=0.03191494941711426,exit status=0
	SR solver time= 0.032018423080444336
	xnorm=5.475805109694261,dnorm=0.11793298159575985
	niter= 37
step= 114

nparam= 9900
	log prob= -26.491942401249688
	burn in time= 276.165540933609
	sample time= 774.6529030799866
	self.n= 5000.0
	nsamples= 5000.0

Mean energy: -1.13140138e+02
Block size    # of blocks        Mean                Error
     1           5000       -1.13140138e+02       1.811131e-02
     2           2500       -1.13140138e+02       2.507658e-02
     5           1000       -1.13140138e+02       3.816420e-02
    10            500       -1.13140138e+02       5.133300e-02
    20            250       -1.13140138e+02       6.668170e-02
    50            100       -1.13140138e+02       8.472362e-02
    70             71       -1.13140425e+02       8.573297e-02
   100             50       -1.13140138e+02       8.672532e-02
   200             25       -1.13140138e+02       8.515127e-02
   500             10       -1.13140138e+02       9.393631e-02
Stocahstic error estimate: 8.573297e-02


Mean energy: -1.13140138e+02
Block size    # of blocks        Mean                Error
     1           5000       -1.13140138e+02       1.811131e-02
     2           2500       -1.13140138e+02       2.507658e-02
     5           1000       -1.13140138e+02       3.816420e-02
    10            500       -1.13140138e+02       5.133300e-02
    20            250       -1.13140138e+02       6.668170e-02
    50            100       -1.13140138e+02       8.472362e-02
    70             71       -1.13140425e+02       8.573297e-02
   100             50       -1.13140138e+02       8.672532e-02
   200             25       -1.13140138e+02       8.515127e-02
   500             10       -1.13140138e+02       9.393631e-02
Stocahstic error estimate: 8.573297e-02

	collect g,h time= 0.06787633895874023
E=-113.14013822819587,dE=-0.04165597421177836,std=0.08573297250772056
L=-113.14013822819587,dL=-0.04165597421177836,std=0.08573297250772056
	gnorm= 3.2668372768294898
	symmetric= True
	solver time=0.07528543472290039,exit status=0
	SR solver time= 0.07551145553588867
	xnorm=5.467170947551087,dnorm=0.12345028014352412
	niter= 37
step= 115

nparam= 9900
	log prob= -26.953223939499097
	burn in time= 280.61420035362244
	sample time= 775.374997138977
	self.n= 5000.0
	nsamples= 5000.0

Mean energy: -1.13047178e+02
Block size    # of blocks        Mean                Error
     1           5000       -1.13047178e+02       1.699785e-02
     2           2500       -1.13047178e+02       2.341893e-02
     5           1000       -1.13047178e+02       3.564567e-02
    10            500       -1.13047178e+02       4.698724e-02
    20            250       -1.13047178e+02       5.989041e-02
    50            100       -1.13047178e+02       7.837812e-02
    70             71       -1.13043790e+02       8.380697e-02
   100             50       -1.13047178e+02       7.351796e-02
   200             25       -1.13047178e+02       7.590191e-02
   500             10       -1.13047178e+02       7.513410e-02
Stocahstic error estimate: 8.380697e-02


Mean energy: -1.13047178e+02
Block size    # of blocks        Mean                Error
     1           5000       -1.13047178e+02       1.699785e-02
     2           2500       -1.13047178e+02       2.341893e-02
     5           1000       -1.13047178e+02       3.564567e-02
    10            500       -1.13047178e+02       4.698724e-02
    20            250       -1.13047178e+02       5.989041e-02
    50            100       -1.13047178e+02       7.837812e-02
    70             71       -1.13043790e+02       8.380697e-02
   100             50       -1.13047178e+02       7.351796e-02
   200             25       -1.13047178e+02       7.590191e-02
   500             10       -1.13047178e+02       7.513410e-02
Stocahstic error estimate: 8.380697e-02

	collect g,h time= 0.059499263763427734
E=-113.04717765671927,dE=0.09296057147659553,std=0.0838069744626056
L=-113.04717765671927,dL=0.09296057147659553,std=0.0838069744626056
	gnorm= 3.144976040593636
	symmetric= True
	solver time=0.03063225746154785,exit status=0
	SR solver time= 0.030734777450561523
	xnorm=5.457294940544339,dnorm=0.12222967146627453
	niter= 39
step= 116

nparam= 9900
	log prob= -26.179364409043202
	burn in time= 273.2987861633301
	sample time= 777.3440124988556
	self.n= 5000.0
	nsamples= 5000.0

Mean energy: -1.13111661e+02
Block size    # of blocks        Mean                Error
     1           5000       -1.13111661e+02       1.639892e-02
     2           2500       -1.13111661e+02       2.260748e-02
     5           1000       -1.13111661e+02       3.398198e-02
    10            500       -1.13111661e+02       4.485810e-02
    20            250       -1.13111661e+02       5.721104e-02
    50            100       -1.13111661e+02       7.416278e-02
    70             71       -1.13108734e+02       7.865077e-02
   100             50       -1.13111661e+02       7.625737e-02
   200             25       -1.13111661e+02       8.274559e-02
   500             10       -1.13111661e+02       1.300552e-01
Stocahstic error estimate: 7.865077e-02


Mean energy: -1.13111661e+02
Block size    # of blocks        Mean                Error
     1           5000       -1.13111661e+02       1.639892e-02
     2           2500       -1.13111661e+02       2.260748e-02
     5           1000       -1.13111661e+02       3.398198e-02
    10            500       -1.13111661e+02       4.485810e-02
    20            250       -1.13111661e+02       5.721104e-02
    50            100       -1.13111661e+02       7.416278e-02
    70             71       -1.13108734e+02       7.865077e-02
   100             50       -1.13111661e+02       7.625737e-02
   200             25       -1.13111661e+02       8.274559e-02
   500             10       -1.13111661e+02       1.300552e-01
Stocahstic error estimate: 7.865077e-02

	collect g,h time= 0.05746865272521973
E=-113.11166128859884,dE=-0.06448363187956829,std=0.0786507685197146
L=-113.11166128859884,dL=-0.06448363187956829,std=0.0786507685197146
	gnorm= 3.0267269324019317
	symmetric= True
	solver time=0.024390220642089844,exit status=0
	SR solver time= 0.024485349655151367
	xnorm=5.448554436184901,dnorm=0.10766880928030871
	niter= 32
step= 117

nparam= 9900
	log prob= -26.389545709831495
	burn in time= 276.2099995613098
	sample time= 779.6371898651123
	self.n= 5000.0
	nsamples= 5000.0

Mean energy: -1.13129854e+02
Block size    # of blocks        Mean                Error
     1           5000       -1.13129854e+02       1.778410e-02
     2           2500       -1.13129854e+02       2.468991e-02
     5           1000       -1.13129854e+02       3.743803e-02
    10            500       -1.13129854e+02       5.032701e-02
    20            250       -1.13129854e+02       6.575741e-02
    50            100       -1.13129854e+02       8.712250e-02
    70             71       -1.13121477e+02       9.250798e-02
   100             50       -1.13129854e+02       1.021357e-01
   200             25       -1.13129854e+02       1.092678e-01
   500             10       -1.13129854e+02       9.962314e-02
Stocahstic error estimate: 1.092678e-01


Mean energy: -1.13129854e+02
Block size    # of blocks        Mean                Error
     1           5000       -1.13129854e+02       1.778410e-02
     2           2500       -1.13129854e+02       2.468991e-02
     5           1000       -1.13129854e+02       3.743803e-02
    10            500       -1.13129854e+02       5.032701e-02
    20            250       -1.13129854e+02       6.575741e-02
    50            100       -1.13129854e+02       8.712250e-02
    70             71       -1.13121477e+02       9.250798e-02
   100             50       -1.13129854e+02       1.021357e-01
   200             25       -1.13129854e+02       1.092678e-01
   500             10       -1.13129854e+02       9.962314e-02
Stocahstic error estimate: 1.092678e-01

	collect g,h time= 0.06018185615539551
E=-113.12985420176643,dE=-0.018192913167595748,std=0.10926777875356124
L=-113.12985420176643,dL=-0.018192913167595748,std=0.10926777875356124
	gnorm= 3.49304316651727
	symmetric= True
	solver time=0.06792879104614258,exit status=0
	SR solver time= 0.06801557540893555
	niter= 38
	xnorm=5.440244525719877,dnorm=0.12687367379101538
step= 118

nparam= 9900
	log prob= -26.496813735914984
	burn in time= 284.2769994735718
	sample time= 775.7685611248016
	self.n= 5000.0
	nsamples= 5000.0

Mean energy: -1.13226269e+02
Block size    # of blocks        Mean                Error
     1           5000       -1.13226269e+02       1.712294e-02
     2           2500       -1.13226269e+02       2.375084e-02
     5           1000       -1.13226269e+02       3.597427e-02
    10            500       -1.13226269e+02       4.842869e-02
    20            250       -1.13226269e+02       6.267367e-02
    50            100       -1.13226269e+02       8.111898e-02
    70             71       -1.13225030e+02       7.768324e-02
   100             50       -1.13226269e+02       8.954329e-02
   200             25       -1.13226269e+02       8.454120e-02
   500             10       -1.13226269e+02       8.753331e-02
Stocahstic error estimate: 8.111898e-02


Mean energy: -1.13226269e+02
Block size    # of blocks        Mean                Error
     1           5000       -1.13226269e+02       1.712294e-02
     2           2500       -1.13226269e+02       2.375084e-02
     5           1000       -1.13226269e+02       3.597427e-02
    10            500       -1.13226269e+02       4.842869e-02
    20            250       -1.13226269e+02       6.267367e-02
    50            100       -1.13226269e+02       8.111898e-02
    70             71       -1.13225030e+02       7.768324e-02
   100             50       -1.13226269e+02       8.954329e-02
   200             25       -1.13226269e+02       8.454120e-02
   500             10       -1.13226269e+02       8.753331e-02
Stocahstic error estimate: 8.111898e-02

	collect g,h time= 0.058676958084106445
E=-113.22626854435782,dE=-0.09641434259138748,std=0.08111898408427884
L=-113.22626854435782,dL=-0.09641434259138748,std=0.08111898408427884
	gnorm= 3.1823269285210043
	symmetric= True
	solver time=0.04286527633666992,exit status=0
	SR solver time= 0.04303431510925293
	xnorm=5.430739987262339,dnorm=0.11366553482859162
	niter= 37
step= 119

nparam= 9900
	log prob= -25.96766992327501
	burn in time= 275.808958530426
	sample time= 775.9869077205658
	self.n= 5000.0
	nsamples= 5000.0

Mean energy: -1.13072264e+02
Block size    # of blocks        Mean                Error
     1           5000       -1.13072264e+02       1.617228e-02
     2           2500       -1.13072264e+02       2.236713e-02
     5           1000       -1.13072264e+02       3.374709e-02
    10            500       -1.13072264e+02       4.469870e-02
    20            250       -1.13072264e+02       5.671217e-02
    50            100       -1.13072264e+02       7.268626e-02
    70             71       -1.13073308e+02       7.794585e-02
   100             50       -1.13072264e+02       8.285623e-02
   200             25       -1.13072264e+02       8.689750e-02
   500             10       -1.13072264e+02       1.049132e-01
Stocahstic error estimate: 8.689750e-02


Mean energy: -1.13072264e+02
Block size    # of blocks        Mean                Error
     1           5000       -1.13072264e+02       1.617228e-02
     2           2500       -1.13072264e+02       2.236713e-02
     5           1000       -1.13072264e+02       3.374709e-02
    10            500       -1.13072264e+02       4.469870e-02
    20            250       -1.13072264e+02       5.671217e-02
    50            100       -1.13072264e+02       7.268626e-02
    70             71       -1.13073308e+02       7.794585e-02
   100             50       -1.13072264e+02       8.285623e-02
   200             25       -1.13072264e+02       8.689750e-02
   500             10       -1.13072264e+02       1.049132e-01
Stocahstic error estimate: 8.689750e-02

	collect g,h time= 0.057177066802978516
E=-113.07226375275481,dE=0.15400479160301472,std=0.08689749606604603
L=-113.07226375275481,dL=0.15400479160301472,std=0.08689749606604603
	gnorm= 3.2239151372812764
	symmetric= True
	solver time=0.030089855194091797,exit status=0
	SR solver time= 0.030148744583129883
	xnorm=5.423659980449747,dnorm=0.11285049375630833
	niter= 40
step= 120

nparam= 9900
	log prob= -26.021292280958136
	burn in time= 273.47510385513306
	sample time= 778.464439868927
	self.n= 5000.0
	nsamples= 5000.0

Mean energy: -1.13167124e+02
Block size    # of blocks        Mean                Error
     1           5000       -1.13167124e+02       1.512309e-02
     2           2500       -1.13167124e+02       2.074350e-02
     5           1000       -1.13167124e+02       3.115365e-02
    10            500       -1.13167124e+02       4.118527e-02
    20            250       -1.13167124e+02       5.225584e-02
    50            100       -1.13167124e+02       6.564388e-02
    70             71       -1.13165585e+02       7.142678e-02
   100             50       -1.13167124e+02       7.363851e-02
   200             25       -1.13167124e+02       6.659576e-02
   500             10       -1.13167124e+02       7.957761e-02
Stocahstic error estimate: 7.363851e-02


Mean energy: -1.13167124e+02
Block size    # of blocks        Mean                Error
     1           5000       -1.13167124e+02       1.512309e-02
     2           2500       -1.13167124e+02       2.074350e-02
     5           1000       -1.13167124e+02       3.115365e-02
    10            500       -1.13167124e+02       4.118527e-02
    20            250       -1.13167124e+02       5.225584e-02
    50            100       -1.13167124e+02       6.564388e-02
    70             71       -1.13165585e+02       7.142678e-02
   100             50       -1.13167124e+02       7.363851e-02
   200             25       -1.13167124e+02       6.659576e-02
   500             10       -1.13167124e+02       7.957761e-02
Stocahstic error estimate: 7.363851e-02

	collect g,h time= 0.05810976028442383
E=-113.16712445579819,dE=-0.09486070304338057,std=0.07363850986375985
L=-113.16712445579819,dL=-0.09486070304338057,std=0.07363850986375985
	gnorm= 2.750788437639327
	symmetric= True
	solver time=0.030878305435180664,exit status=0
	SR solver time= 0.030951738357543945
	xnorm=5.416569077677253,dnorm=0.11251371250469533
	niter= 40
step= 121

nparam= 9900
	log prob= -26.50707148384774
	burn in time= 273.81684136390686
	sample time= 768.5672895908356
	self.n= 5000.0
	nsamples= 5000.0

Mean energy: -1.13216986e+02
Block size    # of blocks        Mean                Error
     1           5000       -1.13216986e+02       1.492030e-02
     2           2500       -1.13216986e+02       2.057988e-02
     5           1000       -1.13216986e+02       3.122858e-02
    10            500       -1.13216986e+02       4.151403e-02
    20            250       -1.13216986e+02       5.410288e-02
    50            100       -1.13216986e+02       6.774394e-02
    70             71       -1.13226425e+02       6.626898e-02
   100             50       -1.13216986e+02       7.224988e-02
   200             25       -1.13216986e+02       7.181226e-02
   500             10       -1.13216986e+02       6.146036e-02
Stocahstic error estimate: 6.774394e-02


Mean energy: -1.13216986e+02
Block size    # of blocks        Mean                Error
     1           5000       -1.13216986e+02       1.492030e-02
     2           2500       -1.13216986e+02       2.057988e-02
     5           1000       -1.13216986e+02       3.122858e-02
    10            500       -1.13216986e+02       4.151403e-02
    20            250       -1.13216986e+02       5.410288e-02
    50            100       -1.13216986e+02       6.774394e-02
    70             71       -1.13226425e+02       6.626898e-02
   100             50       -1.13216986e+02       7.224988e-02
   200             25       -1.13216986e+02       7.181226e-02
   500             10       -1.13216986e+02       6.146036e-02
Stocahstic error estimate: 6.774394e-02

	collect g,h time= 0.05899763107299805
E=-113.21698628268915,dE=-0.04986182689096097,std=0.06774393754666723
L=-113.21698628268915,dL=-0.04986182689096097,std=0.06774393754666723
	gnorm= 2.6128217414595882
	symmetric= True
	solver time=0.027573347091674805,exit status=0
	SR solver time= 0.027637958526611328
	xnorm=5.409480739303563,dnorm=0.11566449107523899
	niter= 39
step= 122

nparam= 9900
	log prob= -26.93711812748832
	burn in time= 282.99963903427124
	sample time= 825.3950796127319
	self.n= 5000.0
	nsamples= 5000.0

Mean energy: -1.13360413e+02
Block size    # of blocks        Mean                Error
     1           5000       -1.13360413e+02       1.664270e-02
     2           2500       -1.13360413e+02       2.311615e-02
     5           1000       -1.13360413e+02       3.504576e-02
    10            500       -1.13360413e+02       4.706926e-02
    20            250       -1.13360413e+02       6.039403e-02
    50            100       -1.13360413e+02       7.504915e-02
    70             71       -1.13364550e+02       8.050384e-02
   100             50       -1.13360413e+02       7.751130e-02
   200             25       -1.13360413e+02       8.439442e-02
   500             10       -1.13360413e+02       9.443098e-02
Stocahstic error estimate: 8.050384e-02


Mean energy: -1.13360413e+02
Block size    # of blocks        Mean                Error
     1           5000       -1.13360413e+02       1.664270e-02
     2           2500       -1.13360413e+02       2.311615e-02
     5           1000       -1.13360413e+02       3.504576e-02
    10            500       -1.13360413e+02       4.706926e-02
    20            250       -1.13360413e+02       6.039403e-02
    50            100       -1.13360413e+02       7.504915e-02
    70             71       -1.13364550e+02       8.050384e-02
   100             50       -1.13360413e+02       7.751130e-02
   200             25       -1.13360413e+02       8.439442e-02
   500             10       -1.13360413e+02       9.443098e-02
Stocahstic error estimate: 8.050384e-02

	collect g,h time= 0.06572794914245605
E=-113.36041268868479,dE=-0.1434264059956405,std=0.08050384175876775
L=-113.36041268868479,dL=-0.1434264059956405,std=0.08050384175876775
	gnorm= 2.767258330449028
	symmetric= True
	solver time=0.05120992660522461,exit status=0
	SR solver time= 0.05132746696472168
	xnorm=5.401076029244051,dnorm=0.11875918837647917
	niter= 41
step= 123

nparam= 9900
	log prob= -26.798050457380256
	burn in time= 273.5769717693329
	sample time= 1053.8446748256683
	self.n= 5000.0
	nsamples= 5000.0

Mean energy: -1.13449804e+02
Block size    # of blocks        Mean                Error
     1           5000       -1.13449804e+02       1.514800e-02
     2           2500       -1.13449804e+02       2.087241e-02
     5           1000       -1.13449804e+02       3.150120e-02
    10            500       -1.13449804e+02       4.156620e-02
    20            250       -1.13449804e+02       5.417623e-02
    50            100       -1.13449804e+02       7.030975e-02
    70             71       -1.13453210e+02       7.415508e-02
   100             50       -1.13449804e+02       8.258443e-02
   200             25       -1.13449804e+02       8.518550e-02
   500             10       -1.13449804e+02       9.564039e-02
Stocahstic error estimate: 8.518550e-02


Mean energy: -1.13449804e+02
Block size    # of blocks        Mean                Error
     1           5000       -1.13449804e+02       1.514800e-02
     2           2500       -1.13449804e+02       2.087241e-02
     5           1000       -1.13449804e+02       3.150120e-02
    10            500       -1.13449804e+02       4.156620e-02
    20            250       -1.13449804e+02       5.417623e-02
    50            100       -1.13449804e+02       7.030975e-02
    70             71       -1.13453210e+02       7.415508e-02
   100             50       -1.13449804e+02       8.258443e-02
   200             25       -1.13449804e+02       8.518550e-02
   500             10       -1.13449804e+02       9.564039e-02
Stocahstic error estimate: 8.518550e-02

	collect g,h time= 0.05694103240966797
E=-113.44980351094867,dE=-0.08939082226387995,std=0.08518550110836799
L=-113.44980351094867,dL=-0.08939082226387995,std=0.08518550110836799
	gnorm= 2.617138829152674
	symmetric= True
	solver time=0.05301499366760254,exit status=0
	SR solver time= 0.05312705039978027
	xnorm=5.393365360714528,dnorm=0.12109640759435991
	niter= 41
step= 124

nparam= 9900
	log prob= -27.470867606556553
	burn in time= 278.29141569137573
	sample time= 1068.7728011608124
	self.n= 5000.0
	nsamples= 5000.0

Mean energy: -1.13308964e+02
Block size    # of blocks        Mean                Error
     1           5000       -1.13308964e+02       1.565423e-02
     2           2500       -1.13308964e+02       2.170867e-02
     5           1000       -1.13308964e+02       3.295389e-02
    10            500       -1.13308964e+02       4.374104e-02
    20            250       -1.13308964e+02       5.710607e-02
    50            100       -1.13308964e+02       7.464049e-02
    70             71       -1.13307232e+02       7.651366e-02
   100             50       -1.13308964e+02       8.327200e-02
   200             25       -1.13308964e+02       7.834309e-02
   500             10       -1.13308964e+02       8.300699e-02
Stocahstic error estimate: 7.651366e-02


Mean energy: -1.13308964e+02
Block size    # of blocks        Mean                Error
     1           5000       -1.13308964e+02       1.565423e-02
     2           2500       -1.13308964e+02       2.170867e-02
     5           1000       -1.13308964e+02       3.295389e-02
    10            500       -1.13308964e+02       4.374104e-02
    20            250       -1.13308964e+02       5.710607e-02
    50            100       -1.13308964e+02       7.464049e-02
    70             71       -1.13307232e+02       7.651366e-02
   100             50       -1.13308964e+02       8.327200e-02
   200             25       -1.13308964e+02       7.834309e-02
   500             10       -1.13308964e+02       8.300699e-02
Stocahstic error estimate: 7.651366e-02

	collect g,h time= 0.0569307804107666
E=-113.30896357819121,dE=0.14083993275745854,std=0.07651366492236489
L=-113.30896357819121,dL=0.14083993275745854,std=0.07651366492236489
	gnorm= 3.1248564492683797
	symmetric= True
	solver time=0.04340791702270508,exit status=0
	SR solver time= 0.04348158836364746
	xnorm=5.38423652844627,dnorm=0.10658683307844452
	niter= 36
step= 125

nparam= 9900
	log prob= -27.288211140089544
	burn in time= 285.4584743976593
	sample time= 1027.1240775585175
	self.n= 5000.0
	nsamples= 5000.0

Mean energy: -1.13513757e+02
Block size    # of blocks        Mean                Error
     1           5000       -1.13513757e+02       1.463882e-02
     2           2500       -1.13513757e+02       2.018030e-02
     5           1000       -1.13513757e+02       3.061480e-02
    10            500       -1.13513757e+02       4.058078e-02
    20            250       -1.13513757e+02       5.249034e-02
    50            100       -1.13513757e+02       6.080250e-02
    70             71       -1.13513458e+02       6.707853e-02
   100             50       -1.13513757e+02       5.751896e-02
   200             25       -1.13513757e+02       7.078693e-02
   500             10       -1.13513757e+02       6.491363e-02
Stocahstic error estimate: 6.707853e-02


Mean energy: -1.13513757e+02
Block size    # of blocks        Mean                Error
     1           5000       -1.13513757e+02       1.463882e-02
     2           2500       -1.13513757e+02       2.018030e-02
     5           1000       -1.13513757e+02       3.061480e-02
    10            500       -1.13513757e+02       4.058078e-02
    20            250       -1.13513757e+02       5.249034e-02
    50            100       -1.13513757e+02       6.080250e-02
    70             71       -1.13513458e+02       6.707853e-02
   100             50       -1.13513757e+02       5.751896e-02
   200             25       -1.13513757e+02       7.078693e-02
   500             10       -1.13513757e+02       6.491363e-02
Stocahstic error estimate: 6.707853e-02

	collect g,h time= 0.05960440635681152
E=-113.51375708326991,dE=-0.20479350507869754,std=0.06707852817514882
L=-113.51375708326991,dL=-0.20479350507869754,std=0.06707852817514882
	gnorm= 2.7835808393339194
	symmetric= True
	solver time=0.05851387977600098,exit status=0
	SR solver time= 0.05862140655517578
	xnorm=5.377333391617812,dnorm=0.1087569908668887
	niter= 40
step= 126

nparam= 9900
	log prob= -27.96758714038552
	burn in time= 286.05624508857727
	sample time= 784.4336535930634
	self.n= 5000.0
	nsamples= 5000.0

Mean energy: -1.13307150e+02
Block size    # of blocks        Mean                Error
     1           5000       -1.13307150e+02       1.502927e-02
     2           2500       -1.13307150e+02       2.067649e-02
     5           1000       -1.13307150e+02       3.109247e-02
    10            500       -1.13307150e+02       4.126925e-02
    20            250       -1.13307150e+02       5.238111e-02
    50            100       -1.13307150e+02       6.636447e-02
    70             71       -1.13305268e+02       6.770405e-02
   100             50       -1.13307150e+02       6.389034e-02
   200             25       -1.13307150e+02       6.470673e-02
   500             10       -1.13307150e+02       8.849810e-02
Stocahstic error estimate: 6.770405e-02


Mean energy: -1.13307150e+02
Block size    # of blocks        Mean                Error
     1           5000       -1.13307150e+02       1.502927e-02
     2           2500       -1.13307150e+02       2.067649e-02
     5           1000       -1.13307150e+02       3.109247e-02
    10            500       -1.13307150e+02       4.126925e-02
    20            250       -1.13307150e+02       5.238111e-02
    50            100       -1.13307150e+02       6.636447e-02
    70             71       -1.13305268e+02       6.770405e-02
   100             50       -1.13307150e+02       6.389034e-02
   200             25       -1.13307150e+02       6.470673e-02
   500             10       -1.13307150e+02       8.849810e-02
Stocahstic error estimate: 6.770405e-02

	collect g,h time= 0.05786728858947754
E=-113.30715046580461,dE=0.2066066174652974,std=0.06770404897970497
L=-113.30715046580461,dL=0.2066066174652974,std=0.06770404897970497
	gnorm= 3.1972268579200995
	symmetric= True
	solver time=0.02368927001953125,exit status=0
	SR solver time= 0.02377009391784668
	xnorm=5.3711738435032625,dnorm=0.0939550551011535
	niter= 31
step= 127

nparam= 9900
	log prob= -27.60646663197575
	burn in time= 289.07068634033203
	sample time= 777.0240831375122
	self.n= 5000.0
	nsamples= 5000.0

Mean energy: -1.13404463e+02
Block size    # of blocks        Mean                Error
     1           5000       -1.13404463e+02       1.489918e-02
     2           2500       -1.13404463e+02       2.063570e-02
     5           1000       -1.13404463e+02       3.131264e-02
    10            500       -1.13404463e+02       4.242759e-02
    20            250       -1.13404463e+02       5.457225e-02
    50            100       -1.13404463e+02       7.214354e-02
    70             71       -1.13411998e+02       7.734848e-02
   100             50       -1.13404463e+02       8.175940e-02
   200             25       -1.13404463e+02       9.335751e-02
   500             10       -1.13404463e+02       1.180667e-01

Mean energy: -1.13404463e+02
Block size    # of blocks        Mean                Error
     1           5000       -1.13404463e+02       1.489918e-02
     2           2500       -1.13404463e+02       2.063570e-02
     5           1000       -1.13404463e+02       3.131264e-02
    10            500       -1.13404463e+02       4.242759e-02
    20            250       -1.13404463e+02       5.457225e-02
    50            100       -1.13404463e+02       7.214354e-02
    70             71       -1.13411998e+02       7.734848e-02
   100             50       -1.13404463e+02       8.175940e-02
   200             25       -1.13404463e+02       9.335751e-02
   500             10       -1.13404463e+02       1.180667e-01
	collect g,h time= 0.05750393867492676
E=-113.40446310948606,dE=-0.09731264368144821,std=0.11806671254841054
L=-113.40446310948606,dL=-0.09731264368144821,std=0.11806671254841054
	gnorm= 2.7782481261860106
	symmetric= True
	solver time=0.029799461364746094,exit status=0
	SR solver time= 0.02988910675048828
	xnorm=5.3664140670527605,dnorm=0.1073007532253072
	niter= 39
step= 128

nparam= 9900
	log prob= -27.81514001900507
	burn in time= 295.0274381637573
	sample time= 778.4701402187347
	self.n= 5000.0
	nsamples= 5000.0

Mean energy: -1.13430379e+02
Block size    # of blocks        Mean                Error
     1           5000       -1.13430379e+02       1.502459e-02
     2           2500       -1.13430379e+02       2.080103e-02
     5           1000       -1.13430379e+02       3.134473e-02
    10            500       -1.13430379e+02       4.211807e-02
    20            250       -1.13430379e+02       5.487047e-02
    50            100       -1.13430379e+02       7.095097e-02
    70             71       -1.13434109e+02       7.173829e-02
   100             50       -1.13430379e+02       7.373879e-02
   200             25       -1.13430379e+02       6.886410e-02
   500             10       -1.13430379e+02       5.359425e-02
Stocahstic error estimate: 7.173829e-02


Mean energy: -1.13430379e+02
Block size    # of blocks        Mean                Error
     1           5000       -1.13430379e+02       1.502459e-02
     2           2500       -1.13430379e+02       2.080103e-02
     5           1000       -1.13430379e+02       3.134473e-02
    10            500       -1.13430379e+02       4.211807e-02
    20            250       -1.13430379e+02       5.487047e-02
    50            100       -1.13430379e+02       7.095097e-02
    70             71       -1.13434109e+02       7.173829e-02
   100             50       -1.13430379e+02       7.373879e-02
   200             25       -1.13430379e+02       6.886410e-02
   500             10       -1.13430379e+02       5.359425e-02
Stocahstic error estimate: 7.173829e-02

	collect g,h time= 0.05763530731201172
E=-113.43037912667742,dE=-0.025916017191363494,std=0.07173829168973392
L=-113.43037912667742,dL=-0.025916017191363494,std=0.07173829168973392
	gnorm= 2.930168621344491
	symmetric= True
	solver time=0.018093347549438477,exit status=0
	SR solver time= 0.018152713775634766
	xnorm=5.36056961439293,dnorm=0.07496185935733388
	niter= 24
step= 129

nparam= 9900
	log prob= -28.175690359340706
	burn in time= 294.3890154361725
	sample time= 774.9517517089844
	self.n= 5000.0
	nsamples= 5000.0

Mean energy: -1.13297139e+02
Block size    # of blocks        Mean                Error
     1           5000       -1.13297139e+02       1.461806e-02
     2           2500       -1.13297139e+02       2.027173e-02
     5           1000       -1.13297139e+02       3.099335e-02
    10            500       -1.13297139e+02       4.137438e-02
    20            250       -1.13297139e+02       5.360695e-02
    50            100       -1.13297139e+02       7.107297e-02
    70             71       -1.13300918e+02       6.713025e-02
   100             50       -1.13297139e+02       6.975992e-02
   200             25       -1.13297139e+02       5.044689e-02
   500             10       -1.13297139e+02       5.574994e-02
Stocahstic error estimate: 7.107297e-02


Mean energy: -1.13297139e+02
Block size    # of blocks        Mean                Error
     1           5000       -1.13297139e+02       1.461806e-02
     2           2500       -1.13297139e+02       2.027173e-02
     5           1000       -1.13297139e+02       3.099335e-02
    10            500       -1.13297139e+02       4.137438e-02
    20            250       -1.13297139e+02       5.360695e-02
    50            100       -1.13297139e+02       7.107297e-02
    70             71       -1.13300918e+02       6.713025e-02
   100             50       -1.13297139e+02       6.975992e-02
   200             25       -1.13297139e+02       5.044689e-02
   500             10       -1.13297139e+02       5.574994e-02
Stocahstic error estimate: 7.107297e-02

	collect g,h time= 0.05765938758850098
E=-113.29713903555407,dE=0.1332400911233549,std=0.07107297267885972
L=-113.29713903555407,dL=0.1332400911233549,std=0.07107297267885972
	gnorm= 2.634773455937135
	symmetric= True
	solver time=0.02865886688232422,exit status=0
	SR solver time= 0.02872180938720703
	niter= 40
	xnorm=5.356448788621949,dnorm=0.10830993626892729
step= 130

nparam= 9900
	log prob= -27.642354751168696
	burn in time= 272.9099543094635
	sample time= 772.6918542385101
	self.n= 5000.0
	nsamples= 5000.0

Mean energy: -1.13348616e+02
Block size    # of blocks        Mean                Error
     1           5000       -1.13348616e+02       1.447166e-02
     2           2500       -1.13348616e+02       1.994779e-02
     5           1000       -1.13348616e+02       3.047273e-02
    10            500       -1.13348616e+02       4.066376e-02
    20            250       -1.13348616e+02       5.235618e-02
    50            100       -1.13348616e+02       6.378626e-02
    70             71       -1.13351379e+02       7.047785e-02
   100             50       -1.13348616e+02       7.322822e-02
   200             25       -1.13348616e+02       7.228621e-02
   500             10       -1.13348616e+02       5.949979e-02
Stocahstic error estimate: 7.322822e-02


Mean energy: -1.13348616e+02
Block size    # of blocks        Mean                Error
     1           5000       -1.13348616e+02       1.447166e-02
     2           2500       -1.13348616e+02       1.994779e-02
     5           1000       -1.13348616e+02       3.047273e-02
    10            500       -1.13348616e+02       4.066376e-02
    20            250       -1.13348616e+02       5.235618e-02
    50            100       -1.13348616e+02       6.378626e-02
    70             71       -1.13351379e+02       7.047785e-02
   100             50       -1.13348616e+02       7.322822e-02
   200             25       -1.13348616e+02       7.228621e-02
   500             10       -1.13348616e+02       5.949979e-02
Stocahstic error estimate: 7.322822e-02

	collect g,h time= 0.05650162696838379
E=-113.34861573213534,dE=-0.051476696581275405,std=0.07322822213051554
L=-113.34861573213534,dL=-0.051476696581275405,std=0.07322822213051554
	gnorm= 6.495602075056728
	symmetric= True
	solver time=0.008137702941894531,exit status=0
	SR solver time= 0.00819087028503418
	xnorm=5.350269420478214,dnorm=0.07003034079173169
	niter= 10
step= 131

nparam= 9900
	log prob= -27.45982984300413
	burn in time= 278.8026297092438
	sample time= 777.1861052513123
	self.n= 5000.0
	nsamples= 5000.0

Mean energy: -1.13395847e+02
Block size    # of blocks        Mean                Error
     1           5000       -1.13395847e+02       1.410612e-02
     2           2500       -1.13395847e+02       1.953762e-02
     5           1000       -1.13395847e+02       2.938593e-02
    10            500       -1.13395847e+02       3.902333e-02
    20            250       -1.13395847e+02       5.060255e-02
    50            100       -1.13395847e+02       6.360520e-02
    70             71       -1.13392938e+02       7.029696e-02
   100             50       -1.13395847e+02       6.850242e-02
   200             25       -1.13395847e+02       7.569519e-02
   500             10       -1.13395847e+02       8.903954e-02
Stocahstic error estimate: 7.029696e-02


Mean energy: -1.13395847e+02
Block size    # of blocks        Mean                Error
     1           5000       -1.13395847e+02       1.410612e-02
     2           2500       -1.13395847e+02       1.953762e-02
     5           1000       -1.13395847e+02       2.938593e-02
    10            500       -1.13395847e+02       3.902333e-02
    20            250       -1.13395847e+02       5.060255e-02
    50            100       -1.13395847e+02       6.360520e-02
    70             71       -1.13392938e+02       7.029696e-02
   100             50       -1.13395847e+02       6.850242e-02
   200             25       -1.13395847e+02       7.569519e-02
   500             10       -1.13395847e+02       8.903954e-02
Stocahstic error estimate: 7.029696e-02

	collect g,h time= 0.056741952896118164
E=-113.39584698327589,dE=-0.04723125114054483,std=0.07029696095659806
L=-113.39584698327589,dL=-0.04723125114054483,std=0.07029696095659806
	gnorm= 2.636247818905514
	symmetric= True
	solver time=0.030792713165283203,exit status=0
	SR solver time= 0.03085923194885254
	xnorm=5.347666266550083,dnorm=0.10793829581406478
	niter= 41
step= 132

nparam= 9900
	log prob= -27.530110312926354
	burn in time= 282.3676812648773
	sample time= 781.7402081489563
	self.n= 5000.0
	nsamples= 5000.0

Mean energy: -1.13440873e+02
Block size    # of blocks        Mean                Error
     1           5000       -1.13440873e+02       1.420055e-02
     2           2500       -1.13440873e+02       1.968667e-02
     5           1000       -1.13440873e+02       2.978035e-02
    10            500       -1.13440873e+02       3.966691e-02
    20            250       -1.13440873e+02       5.067028e-02
    50            100       -1.13440873e+02       6.355333e-02
    70             71       -1.13444769e+02       6.807550e-02
   100             50       -1.13440873e+02       6.803854e-02
   200             25       -1.13440873e+02       6.005848e-02
   500             10       -1.13440873e+02       3.931630e-02
Stocahstic error estimate: 6.807550e-02


Mean energy: -1.13440873e+02
Block size    # of blocks        Mean                Error
     1           5000       -1.13440873e+02       1.420055e-02
     2           2500       -1.13440873e+02       1.968667e-02
     5           1000       -1.13440873e+02       2.978035e-02
    10            500       -1.13440873e+02       3.966691e-02
    20            250       -1.13440873e+02       5.067028e-02
    50            100       -1.13440873e+02       6.355333e-02
    70             71       -1.13444769e+02       6.807550e-02
   100             50       -1.13440873e+02       6.803854e-02
   200             25       -1.13440873e+02       6.005848e-02
   500             10       -1.13440873e+02       3.931630e-02
Stocahstic error estimate: 6.807550e-02

	collect g,h time= 0.05783724784851074
E=-113.44087293585267,dE=-0.045025952576779105,std=0.06807549693973329
L=-113.44087293585267,dL=-0.045025952576779105,std=0.06807549693973329
	gnorm= 2.5380821484827933
	symmetric= True
	solver time=0.030829429626464844,exit status=0
	SR solver time= 0.03089451789855957
	xnorm=5.3423117372128175,dnorm=0.10992341956521025
	niter= 40
step= 133

nparam= 9900
	log prob= -27.506327641279142
	burn in time= 290.579882144928
	sample time= 781.5166580677032
	self.n= 5000.0
	nsamples= 5000.0

Mean energy: -1.13563928e+02
Block size    # of blocks        Mean                Error
     1           5000       -1.13563928e+02       1.471848e-02
     2           2500       -1.13563928e+02       2.027639e-02
     5           1000       -1.13563928e+02       3.077252e-02
    10            500       -1.13563928e+02       4.093050e-02
    20            250       -1.13563928e+02       5.267800e-02
    50            100       -1.13563928e+02       6.730511e-02
    70             71       -1.13565890e+02       6.435881e-02
   100             50       -1.13563928e+02       7.654749e-02
   200             25       -1.13563928e+02       8.125667e-02
   500             10       -1.13563928e+02       6.167576e-02
Stocahstic error estimate: 6.730511e-02


Mean energy: -1.13563928e+02
Block size    # of blocks        Mean                Error
     1           5000       -1.13563928e+02       1.471848e-02
     2           2500       -1.13563928e+02       2.027639e-02
     5           1000       -1.13563928e+02       3.077252e-02
    10            500       -1.13563928e+02       4.093050e-02
    20            250       -1.13563928e+02       5.267800e-02
    50            100       -1.13563928e+02       6.730511e-02
    70             71       -1.13565890e+02       6.435881e-02
   100             50       -1.13563928e+02       7.654749e-02
   200             25       -1.13563928e+02       8.125667e-02
   500             10       -1.13563928e+02       6.167576e-02
Stocahstic error estimate: 6.730511e-02

	collect g,h time= 0.060546159744262695
E=-113.5639282879192,dE=-0.12305535206652962,std=0.06730511381276225
L=-113.5639282879192,dL=-0.12305535206652962,std=0.06730511381276225
	gnorm= 3.031383106882307
	symmetric= True
	solver time=0.032073974609375,exit status=0
	SR solver time= 0.03221893310546875
	xnorm=5.336268038715931,dnorm=0.08898265575286558
	niter= 35
step= 134

nparam= 9900
	log prob= -27.895463601463945
	burn in time= 301.55555057525635
	sample time= 782.2741675376892
	self.n= 5000.0
	nsamples= 5000.0

Mean energy: -1.13569572e+02
Block size    # of blocks        Mean                Error
     1           5000       -1.13569572e+02       1.442388e-02
     2           2500       -1.13569572e+02       2.002146e-02
     5           1000       -1.13569572e+02       3.035108e-02
    10            500       -1.13569572e+02       4.083956e-02
    20            250       -1.13569572e+02       5.244036e-02
    50            100       -1.13569572e+02       6.458376e-02
    70             71       -1.13564003e+02       7.539765e-02
   100             50       -1.13569572e+02       7.145339e-02
   200             25       -1.13569572e+02       7.550855e-02
   500             10       -1.13569572e+02       6.465268e-02
Stocahstic error estimate: 7.539765e-02


Mean energy: -1.13569572e+02
Block size    # of blocks        Mean                Error
     1           5000       -1.13569572e+02       1.442388e-02
     2           2500       -1.13569572e+02       2.002146e-02
     5           1000       -1.13569572e+02       3.035108e-02
    10            500       -1.13569572e+02       4.083956e-02
    20            250       -1.13569572e+02       5.244036e-02
    50            100       -1.13569572e+02       6.458376e-02
    70             71       -1.13564003e+02       7.539765e-02
   100             50       -1.13569572e+02       7.145339e-02
   200             25       -1.13569572e+02       7.550855e-02
   500             10       -1.13569572e+02       6.465268e-02
Stocahstic error estimate: 7.539765e-02

	collect g,h time= 0.057556867599487305
E=-113.56957180590378,dE=-0.005643517984580626,std=0.07539765236261353
L=-113.56957180590378,dL=-0.005643517984580626,std=0.07539765236261353
	gnorm= 2.3794482981963183
	symmetric= True
	solver time=0.026919126510620117,exit status=0
	SR solver time= 0.02698040008544922
	xnorm=5.33222666457385,dnorm=0.10645515516982341
	niter= 38
step= 135

nparam= 9900
	log prob= -28.660392021573813
	burn in time= 287.03752160072327
	sample time= 775.3154385089874
	self.n= 5000.0
	nsamples= 5000.0

Mean energy: -1.13569853e+02
Block size    # of blocks        Mean                Error
     1           5000       -1.13569853e+02       1.410641e-02
     2           2500       -1.13569853e+02       1.955961e-02
     5           1000       -1.13569853e+02       2.977588e-02
    10            500       -1.13569853e+02       3.989424e-02
    20            250       -1.13569853e+02       5.128252e-02
    50            100       -1.13569853e+02       6.702828e-02
    70             71       -1.13565416e+02       6.859940e-02
   100             50       -1.13569853e+02       7.364112e-02
   200             25       -1.13569853e+02       8.501456e-02
   500             10       -1.13569853e+02       9.271182e-02
Stocahstic error estimate: 6.859940e-02


Mean energy: -1.13569853e+02
Block size    # of blocks        Mean                Error
     1           5000       -1.13569853e+02       1.410641e-02
     2           2500       -1.13569853e+02       1.955961e-02
     5           1000       -1.13569853e+02       2.977588e-02
    10            500       -1.13569853e+02       3.989424e-02
    20            250       -1.13569853e+02       5.128252e-02
    50            100       -1.13569853e+02       6.702828e-02
    70             71       -1.13565416e+02       6.859940e-02
   100             50       -1.13569853e+02       7.364112e-02
   200             25       -1.13569853e+02       8.501456e-02
   500             10       -1.13569853e+02       9.271182e-02
Stocahstic error estimate: 6.859940e-02

	collect g,h time= 0.057265281677246094
E=-113.5698525630882,dE=-0.0002807571844272161,std=0.06859940410378687
L=-113.5698525630882,dL=-0.0002807571844272161,std=0.06859940410378687
	gnorm= 2.7121426700120295
	symmetric= True
	solver time=0.02529144287109375,exit status=0
	SR solver time= 0.025347471237182617
	xnorm=5.326937091519768,dnorm=0.09516297227471493
	niter= 36
step= 136

nparam= 9900
	log prob= -29.101690929973216
	burn in time= 286.8361828327179
	sample time= 771.3981430530548
	self.n= 5000.0
	nsamples= 5000.0

Mean energy: -1.13542004e+02
Block size    # of blocks        Mean                Error
     1           5000       -1.13542004e+02       1.307455e-02
     2           2500       -1.13542004e+02       1.807732e-02
     5           1000       -1.13542004e+02       2.738092e-02
    10            500       -1.13542004e+02       3.679069e-02
    20            250       -1.13542004e+02       4.812069e-02
    50            100       -1.13542004e+02       6.093901e-02
    70             71       -1.13538920e+02       6.076773e-02
   100             50       -1.13542004e+02       6.643536e-02
   200             25       -1.13542004e+02       7.041783e-02
   500             10       -1.13542004e+02       8.126288e-02
Stocahstic error estimate: 6.093901e-02


Mean energy: -1.13542004e+02
Block size    # of blocks        Mean                Error
     1           5000       -1.13542004e+02       1.307455e-02
     2           2500       -1.13542004e+02       1.807732e-02
     5           1000       -1.13542004e+02       2.738092e-02
    10            500       -1.13542004e+02       3.679069e-02
    20            250       -1.13542004e+02       4.812069e-02
    50            100       -1.13542004e+02       6.093901e-02
    70             71       -1.13538920e+02       6.076773e-02
   100             50       -1.13542004e+02       6.643536e-02
   200             25       -1.13542004e+02       7.041783e-02
   500             10       -1.13542004e+02       8.126288e-02
Stocahstic error estimate: 6.093901e-02

	collect g,h time= 0.06675457954406738
E=-113.54200447654692,dE=0.027848086541283124,std=0.06093900570644104
L=-113.54200447654692,dL=0.027848086541283124,std=0.06093900570644104
	gnorm= 2.382963259862775
	symmetric= True
	solver time=0.04577517509460449,exit status=0
	SR solver time= 0.046019792556762695
	xnorm=5.32113364049348,dnorm=0.09846631858020691
	niter= 40
step= 137

nparam= 9900
	log prob= -28.800800979450855
	burn in time= 297.5727467536926
	sample time= 767.7501153945923
	self.n= 5000.0
	nsamples= 5000.0

Mean energy: -1.13611112e+02
Block size    # of blocks        Mean                Error
     1           5000       -1.13611112e+02       1.254855e-02
     2           2500       -1.13611112e+02       1.732749e-02
     5           1000       -1.13611112e+02       2.627031e-02
    10            500       -1.13611112e+02       3.534745e-02
    20            250       -1.13611112e+02       4.468670e-02
    50            100       -1.13611112e+02       5.377072e-02
    70             71       -1.13606633e+02       6.197118e-02
   100             50       -1.13611112e+02       5.948011e-02
   200             25       -1.13611112e+02       7.201506e-02
   500             10       -1.13611112e+02       1.051874e-01
Stocahstic error estimate: 6.197118e-02


Mean energy: -1.13611112e+02
Block size    # of blocks        Mean                Error
     1           5000       -1.13611112e+02       1.254855e-02
     2           2500       -1.13611112e+02       1.732749e-02
     5           1000       -1.13611112e+02       2.627031e-02
    10            500       -1.13611112e+02       3.534745e-02
    20            250       -1.13611112e+02       4.468670e-02
    50            100       -1.13611112e+02       5.377072e-02
    70             71       -1.13606633e+02       6.197118e-02
   100             50       -1.13611112e+02       5.948011e-02
   200             25       -1.13611112e+02       7.201506e-02
   500             10       -1.13611112e+02       1.051874e-01
Stocahstic error estimate: 6.197118e-02

	collect g,h time= 0.05649971961975098
E=-113.61111186401764,dE=-0.06910738747072287,std=0.061971184462475286
L=-113.61111186401764,dL=-0.06910738747072287,std=0.061971184462475286
	gnorm= 2.5169462998957344
	symmetric= True
	solver time=0.02468729019165039,exit status=0
	SR solver time= 0.02474379539489746
	xnorm=5.316459331613377,dnorm=0.08531348009589658
	niter= 35
step= 138

nparam= 9900
	log prob= -28.56089644571621
	burn in time= 300.44808888435364
	sample time= 773.5364835262299
	self.n= 5000.0
	nsamples= 5000.0

Mean energy: -1.13471157e+02
Block size    # of blocks        Mean                Error
     1           5000       -1.13471157e+02       1.351718e-02
     2           2500       -1.13471157e+02       1.878293e-02
     5           1000       -1.13471157e+02       2.864324e-02
    10            500       -1.13471157e+02       3.827812e-02
    20            250       -1.13471157e+02       4.975321e-02
    50            100       -1.13471157e+02       6.333132e-02
    70             71       -1.13465934e+02       6.520933e-02
   100             50       -1.13471157e+02       6.594112e-02
   200             25       -1.13471157e+02       6.993266e-02
   500             10       -1.13471157e+02       6.882532e-02
Stocahstic error estimate: 6.520933e-02


Mean energy: -1.13471157e+02
Block size    # of blocks        Mean                Error
     1           5000       -1.13471157e+02       1.351718e-02
     2           2500       -1.13471157e+02       1.878293e-02
     5           1000       -1.13471157e+02       2.864324e-02
    10            500       -1.13471157e+02       3.827812e-02
    20            250       -1.13471157e+02       4.975321e-02
    50            100       -1.13471157e+02       6.333132e-02
    70             71       -1.13465934e+02       6.520933e-02
   100             50       -1.13471157e+02       6.594112e-02
   200             25       -1.13471157e+02       6.993266e-02
   500             10       -1.13471157e+02       6.882532e-02
Stocahstic error estimate: 6.520933e-02

	collect g,h time= 0.05710864067077637
E=-113.47115722024189,dE=0.13995464377575217,std=0.06520932603930023
L=-113.47115722024189,dL=0.13995464377575217,std=0.06520932603930023
	gnorm= 2.632225754575552
	symmetric= True
	solver time=0.0179593563079834,exit status=0
	SR solver time= 0.018018722534179688
	xnorm=5.3131104412964625,dnorm=0.07456930386010197
	niter= 24
step= 139

nparam= 9900
	log prob= -28.75516153434367
	burn in time= 301.34316635131836
	sample time= 819.407693862915
	self.n= 5000.0
	nsamples= 5000.0

Mean energy: -1.13546851e+02
Block size    # of blocks        Mean                Error
     1           5000       -1.13546851e+02       1.243467e-02
     2           2500       -1.13546851e+02       1.725447e-02
     5           1000       -1.13546851e+02       2.615012e-02
    10            500       -1.13546851e+02       3.543705e-02
    20            250       -1.13546851e+02       4.525855e-02
    50            100       -1.13546851e+02       5.942718e-02
    70             71       -1.13544370e+02       6.150219e-02
   100             50       -1.13546851e+02       6.108043e-02
   200             25       -1.13546851e+02       6.729796e-02
   500             10       -1.13546851e+02       8.461840e-02
Stocahstic error estimate: 6.150219e-02


Mean energy: -1.13546851e+02
Block size    # of blocks        Mean                Error
     1           5000       -1.13546851e+02       1.243467e-02
     2           2500       -1.13546851e+02       1.725447e-02
     5           1000       -1.13546851e+02       2.615012e-02
    10            500       -1.13546851e+02       3.543705e-02
    20            250       -1.13546851e+02       4.525855e-02
    50            100       -1.13546851e+02       5.942718e-02
    70             71       -1.13544370e+02       6.150219e-02
   100             50       -1.13546851e+02       6.108043e-02
   200             25       -1.13546851e+02       6.729796e-02
   500             10       -1.13546851e+02       8.461840e-02
Stocahstic error estimate: 6.150219e-02

	collect g,h time= 0.06534314155578613
E=-113.54685117563494,dE=-0.07569395539304935,std=0.06150219369513548
L=-113.54685117563494,dL=-0.07569395539304935,std=0.06150219369513548
	gnorm= 2.1974668200474725
	symmetric= True
	solver time=0.03990530967712402,exit status=0
	SR solver time= 0.0400233268737793
	niter= 36
	xnorm=5.309861665332274,dnorm=0.08175096039314783
step= 140

nparam= 9900
	log prob= -29.065728507516837
	burn in time= 298.4754362106323
	sample time= 1074.8157143592834
	self.n= 5000.0
	nsamples= 5000.0

Mean energy: -1.13551037e+02
Block size    # of blocks        Mean                Error
     1           5000       -1.13551037e+02       1.297840e-02
     2           2500       -1.13551037e+02       1.795901e-02
     5           1000       -1.13551037e+02       2.716799e-02
    10            500       -1.13551037e+02       3.591737e-02
    20            250       -1.13551037e+02       4.605905e-02
    50            100       -1.13551037e+02       5.918478e-02
    70             71       -1.13555271e+02       6.322885e-02
   100             50       -1.13551037e+02       6.853857e-02
   200             25       -1.13551037e+02       6.559251e-02
   500             10       -1.13551037e+02       6.345217e-02
Stocahstic error estimate: 6.853857e-02


Mean energy: -1.13551037e+02
Block size    # of blocks        Mean                Error
     1           5000       -1.13551037e+02       1.297840e-02
     2           2500       -1.13551037e+02       1.795901e-02
     5           1000       -1.13551037e+02       2.716799e-02
    10            500       -1.13551037e+02       3.591737e-02
    20            250       -1.13551037e+02       4.605905e-02
    50            100       -1.13551037e+02       5.918478e-02
    70             71       -1.13555271e+02       6.322885e-02
   100             50       -1.13551037e+02       6.853857e-02
   200             25       -1.13551037e+02       6.559251e-02
   500             10       -1.13551037e+02       6.345217e-02
Stocahstic error estimate: 6.853857e-02

	collect g,h time= 0.06554555892944336
E=-113.55103654039534,dE=-0.0041853647604028765,std=0.06853857010961142
L=-113.55103654039534,dL=-0.0041853647604028765,std=0.06853857010961142
	gnorm= 2.5233579124910763
	symmetric= True
	solver time=0.07808089256286621,exit status=0
	SR solver time= 0.07838630676269531
	xnorm=5.306667741540267,dnorm=0.10349967434957723
	niter= 41
step= 141

nparam= 9900
	log prob= -29.209980870025817
	burn in time= 290.9138607978821
	sample time= 1090.1514911651611
	self.n= 5000.0
	nsamples= 5000.0

Mean energy: -1.13567096e+02
Block size    # of blocks        Mean                Error
     1           5000       -1.13567096e+02       1.293390e-02
     2           2500       -1.13567096e+02       1.797050e-02
     5           1000       -1.13567096e+02       2.743430e-02
    10            500       -1.13567096e+02       3.714192e-02
    20            250       -1.13567096e+02       4.885638e-02
    50            100       -1.13567096e+02       6.636246e-02
    70             71       -1.13570971e+02       7.102971e-02
   100             50       -1.13567096e+02       7.670063e-02
   200             25       -1.13567096e+02       8.335745e-02
   500             10       -1.13567096e+02       8.506749e-02
Stocahstic error estimate: 8.506749e-02


Mean energy: -1.13567096e+02
Block size    # of blocks        Mean                Error
     1           5000       -1.13567096e+02       1.293390e-02
     2           2500       -1.13567096e+02       1.797050e-02
     5           1000       -1.13567096e+02       2.743430e-02
    10            500       -1.13567096e+02       3.714192e-02
    20            250       -1.13567096e+02       4.885638e-02
    50            100       -1.13567096e+02       6.636246e-02
    70             71       -1.13570971e+02       7.102971e-02
   100             50       -1.13567096e+02       7.670063e-02
   200             25       -1.13567096e+02       8.335745e-02
   500             10       -1.13567096e+02       8.506749e-02
Stocahstic error estimate: 8.506749e-02

	collect g,h time= 0.0596311092376709
E=-113.56709584451174,dE=-0.016059304116396333,std=0.08506749190715154
L=-113.56709584451174,dL=-0.016059304116396333,std=0.08506749190715154
	gnorm= 2.6365609172329876
	symmetric= True
	solver time=0.06457853317260742,exit status=0
	SR solver time= 0.06472158432006836
	xnorm=5.301454796822569,dnorm=0.0939838574681734
	niter= 41
step= 142

nparam= 9900
	log prob= -29.62604747253353
	burn in time= 284.6783502101898
	sample time= 989.541009426117
	self.n= 5000.0
	nsamples= 5000.0

Mean energy: -1.13694839e+02
Block size    # of blocks        Mean                Error
     1           5000       -1.13694839e+02       1.325191e-02
     2           2500       -1.13694839e+02       1.833167e-02
     5           1000       -1.13694839e+02       2.778462e-02
    10            500       -1.13694839e+02       3.691679e-02
    20            250       -1.13694839e+02       4.624348e-02
    50            100       -1.13694839e+02       6.065348e-02
    70             71       -1.13695482e+02       5.975770e-02
   100             50       -1.13694839e+02       6.992005e-02
   200             25       -1.13694839e+02       7.064489e-02
   500             10       -1.13694839e+02       7.769165e-02
Stocahstic error estimate: 6.065348e-02


Mean energy: -1.13694839e+02
Block size    # of blocks        Mean                Error
     1           5000       -1.13694839e+02       1.325191e-02
     2           2500       -1.13694839e+02       1.833167e-02
     5           1000       -1.13694839e+02       2.778462e-02
    10            500       -1.13694839e+02       3.691679e-02
    20            250       -1.13694839e+02       4.624348e-02
    50            100       -1.13694839e+02       6.065348e-02
    70             71       -1.13695482e+02       5.975770e-02
   100             50       -1.13694839e+02       6.992005e-02
   200             25       -1.13694839e+02       7.064489e-02
   500             10       -1.13694839e+02       7.769165e-02
Stocahstic error estimate: 6.065348e-02

	collect g,h time= 0.06382989883422852
E=-113.69483917356101,dE=-0.12774332904926666,std=0.06065347874013404
L=-113.69483917356101,dL=-0.12774332904926666,std=0.06065347874013404
	gnorm= 2.4758086760995384
	symmetric= True
	solver time=0.05875134468078613,exit status=0
	SR solver time= 0.05899858474731445
	niter= 39
	xnorm=5.298293380502435,dnorm=0.09982015077070752
step= 143

nparam= 9900
	log prob= -29.809874061886475
	burn in time= 286.83112144470215
	sample time= 774.9482619762421
	self.n= 5000.0
	nsamples= 5000.0

Mean energy: -1.13679247e+02
Block size    # of blocks        Mean                Error
     1           5000       -1.13679247e+02       1.273344e-02
     2           2500       -1.13679247e+02       1.759836e-02
     5           1000       -1.13679247e+02       2.673194e-02
    10            500       -1.13679247e+02       3.592807e-02
    20            250       -1.13679247e+02       4.687670e-02
    50            100       -1.13679247e+02       6.341120e-02
    70             71       -1.13678807e+02       6.530841e-02
   100             50       -1.13679247e+02       7.378645e-02
   200             25       -1.13679247e+02       8.830858e-02
   500             10       -1.13679247e+02       7.853242e-02
Stocahstic error estimate: 6.530841e-02


Mean energy: -1.13679247e+02
Block size    # of blocks        Mean                Error
     1           5000       -1.13679247e+02       1.273344e-02
     2           2500       -1.13679247e+02       1.759836e-02
     5           1000       -1.13679247e+02       2.673194e-02
    10            500       -1.13679247e+02       3.592807e-02
    20            250       -1.13679247e+02       4.687670e-02
    50            100       -1.13679247e+02       6.341120e-02
    70             71       -1.13678807e+02       6.530841e-02
   100             50       -1.13679247e+02       7.378645e-02
   200             25       -1.13679247e+02       8.830858e-02
   500             10       -1.13679247e+02       7.853242e-02
Stocahstic error estimate: 6.530841e-02

	collect g,h time= 0.05500960350036621
E=-113.67924748008024,dE=0.01559169348077205,std=0.06530840865091421
L=-113.67924748008024,dL=0.01559169348077205,std=0.06530840865091421
	gnorm= 2.102395641624945
	symmetric= True
	solver time=0.02678537368774414,exit status=0
	SR solver time= 0.026849746704101562
	xnorm=5.294279072434229,dnorm=0.09020649892159448
	niter= 34
step= 144

nparam= 9900
	log prob= -30.096304427359158
	burn in time= 289.1817150115967
	sample time= 772.696863412857
	self.n= 5000.0
	nsamples= 5000.0

Mean energy: -1.13689344e+02
Block size    # of blocks        Mean                Error
     1           5000       -1.13689344e+02       1.308564e-02
     2           2500       -1.13689344e+02       1.816795e-02
     5           1000       -1.13689344e+02       2.740073e-02
    10            500       -1.13689344e+02       3.639723e-02
    20            250       -1.13689344e+02       4.670146e-02
    50            100       -1.13689344e+02       6.134310e-02
    70             71       -1.13689461e+02       6.377149e-02
   100             50       -1.13689344e+02       6.361076e-02
   200             25       -1.13689344e+02       5.665926e-02
   500             10       -1.13689344e+02       7.652277e-02
Stocahstic error estimate: 6.377149e-02


Mean energy: -1.13689344e+02
Block size    # of blocks        Mean                Error
     1           5000       -1.13689344e+02       1.308564e-02
     2           2500       -1.13689344e+02       1.816795e-02
     5           1000       -1.13689344e+02       2.740073e-02
    10            500       -1.13689344e+02       3.639723e-02
    20            250       -1.13689344e+02       4.670146e-02
    50            100       -1.13689344e+02       6.134310e-02
    70             71       -1.13689461e+02       6.377149e-02
   100             50       -1.13689344e+02       6.361076e-02
   200             25       -1.13689344e+02       5.665926e-02
   500             10       -1.13689344e+02       7.652277e-02
Stocahstic error estimate: 6.377149e-02

	collect g,h time= 0.0576479434967041
E=-113.68934365333342,dE=-0.010096173253188567,std=0.06377149298376204
L=-113.68934365333342,dL=-0.010096173253188567,std=0.06377149298376204
	gnorm= 2.481224427812571
	symmetric= True
	solver time=0.03568267822265625,exit status=0
	SR solver time= 0.03577589988708496
	xnorm=5.291605837164195,dnorm=0.09045296914264317
	niter= 40
step= 145

nparam= 9900
	log prob= -30.554725321129382
	burn in time= 288.02796506881714
	sample time= 771.7809987068176
	self.n= 5000.0
	nsamples= 5000.0

Mean energy: -1.13656043e+02
Block size    # of blocks        Mean                Error
     1           5000       -1.13656043e+02       1.249684e-02
     2           2500       -1.13656043e+02       1.731396e-02
     5           1000       -1.13656043e+02       2.629745e-02
    10            500       -1.13656043e+02       3.508413e-02
    20            250       -1.13656043e+02       4.542629e-02
    50            100       -1.13656043e+02       5.864141e-02
    70             71       -1.13661003e+02       5.743470e-02
   100             50       -1.13656043e+02       6.989216e-02
   200             25       -1.13656043e+02       5.888941e-02
   500             10       -1.13656043e+02       5.419723e-02
Stocahstic error estimate: 5.864141e-02


Mean energy: -1.13656043e+02
Block size    # of blocks        Mean                Error
     1           5000       -1.13656043e+02       1.249684e-02
     2           2500       -1.13656043e+02       1.731396e-02
     5           1000       -1.13656043e+02       2.629745e-02
    10            500       -1.13656043e+02       3.508413e-02
    20            250       -1.13656043e+02       4.542629e-02
    50            100       -1.13656043e+02       5.864141e-02
    70             71       -1.13661003e+02       5.743470e-02
   100             50       -1.13656043e+02       6.989216e-02
   200             25       -1.13656043e+02       5.888941e-02
   500             10       -1.13656043e+02       5.419723e-02
Stocahstic error estimate: 5.864141e-02

	collect g,h time= 0.0666358470916748
E=-113.65604327436357,dE=0.03330037896985516,std=0.05864141195397208
L=-113.65604327436357,dL=0.03330037896985516,std=0.05864141195397208
	gnorm= 2.310468955984436
	symmetric= True
	solver time=0.09298205375671387,exit status=0
	SR solver time= 0.09321284294128418
	niter= 41
	xnorm=5.288293401708356,dnorm=0.09257745618647754
step= 146

nparam= 9900
	log prob= -30.319852439778984
	burn in time= 296.80473160743713
	sample time= 774.2917790412903
	self.n= 5000.0
	nsamples= 5000.0

Mean energy: -1.13541606e+02
Block size    # of blocks        Mean                Error
     1           5000       -1.13541606e+02       1.379227e-02
     2           2500       -1.13541606e+02       1.913802e-02
     5           1000       -1.13541606e+02       2.921958e-02
    10            500       -1.13541606e+02       3.935073e-02
    20            250       -1.13541606e+02       5.156132e-02
    50            100       -1.13541606e+02       6.532355e-02
    70             71       -1.13537714e+02       6.797442e-02
   100             50       -1.13541606e+02       7.149166e-02
   200             25       -1.13541606e+02       7.067576e-02
   500             10       -1.13541606e+02       6.360287e-02
Stocahstic error estimate: 6.797442e-02


Mean energy: -1.13541606e+02
Block size    # of blocks        Mean                Error
     1           5000       -1.13541606e+02       1.379227e-02
     2           2500       -1.13541606e+02       1.913802e-02
     5           1000       -1.13541606e+02       2.921958e-02
    10            500       -1.13541606e+02       3.935073e-02
    20            250       -1.13541606e+02       5.156132e-02
    50            100       -1.13541606e+02       6.532355e-02
    70             71       -1.13537714e+02       6.797442e-02
   100             50       -1.13541606e+02       7.149166e-02
   200             25       -1.13541606e+02       7.067576e-02
   500             10       -1.13541606e+02       6.360287e-02
Stocahstic error estimate: 6.797442e-02

	collect g,h time= 0.05679154396057129
E=-113.54160598210271,dE=0.11443729226085964,std=0.06797441573345926
L=-113.54160598210271,dL=0.11443729226085964,std=0.06797441573345926
	gnorm= 2.7793547441657065
	symmetric= True
	solver time=0.020404577255249023,exit status=0
	SR solver time= 0.020468950271606445
	xnorm=5.284051745650779,dnorm=0.07420432586966329
	niter= 28
step= 147

nparam= 9900
	log prob= -31.094060338863272
	burn in time= 298.7399320602417
	sample time= 774.7152860164642
	self.n= 5000.0
	nsamples= 5000.0

Mean energy: -1.13684440e+02
Block size    # of blocks        Mean                Error
     1           5000       -1.13684440e+02       1.281464e-02
     2           2500       -1.13684440e+02       1.763682e-02
     5           1000       -1.13684440e+02       2.647978e-02
    10            500       -1.13684440e+02       3.565489e-02
    20            250       -1.13684440e+02       4.529520e-02
    50            100       -1.13684440e+02       5.780890e-02
    70             71       -1.13682425e+02       6.279296e-02
   100             50       -1.13684440e+02       5.874772e-02
   200             25       -1.13684440e+02       5.968939e-02
   500             10       -1.13684440e+02       5.613278e-02
Stocahstic error estimate: 6.279296e-02


Mean energy: -1.13684440e+02
Block size    # of blocks        Mean                Error
     1           5000       -1.13684440e+02       1.281464e-02
     2           2500       -1.13684440e+02       1.763682e-02
     5           1000       -1.13684440e+02       2.647978e-02
    10            500       -1.13684440e+02       3.565489e-02
    20            250       -1.13684440e+02       4.529520e-02
    50            100       -1.13684440e+02       5.780890e-02
    70             71       -1.13682425e+02       6.279296e-02
   100             50       -1.13684440e+02       5.874772e-02
   200             25       -1.13684440e+02       5.968939e-02
   500             10       -1.13684440e+02       5.613278e-02
Stocahstic error estimate: 6.279296e-02

	collect g,h time= 0.05611252784729004
E=-113.68443989573852,dE=-0.14283391363581188,std=0.06279295954694436
L=-113.68443989573852,dL=-0.14283391363581188,std=0.06279295954694436
	gnorm= 3.4066750865714672
	symmetric= True
	solver time=0.02427363395690918,exit status=0
	SR solver time= 0.024351835250854492
	xnorm=5.281599739238287,dnorm=0.08201387071715567
	niter= 32
step= 148

nparam= 9900
	log prob= -31.685615816035195
	burn in time= 285.4142634868622
	sample time= 768.4639010429382
	self.n= 5000.0
	nsamples= 5000.0

Mean energy: -1.13604886e+02
Block size    # of blocks        Mean                Error
     1           5000       -1.13604886e+02       1.273555e-02
     2           2500       -1.13604886e+02       1.761790e-02
     5           1000       -1.13604886e+02       2.671284e-02
    10            500       -1.13604886e+02       3.580908e-02
    20            250       -1.13604886e+02       4.656127e-02
    50            100       -1.13604886e+02       5.794465e-02
    70             71       -1.13610578e+02       6.054811e-02
   100             50       -1.13604886e+02       6.880652e-02
   200             25       -1.13604886e+02       8.084985e-02
   500             10       -1.13604886e+02       8.446667e-02
Stocahstic error estimate: 6.054811e-02


Mean energy: -1.13604886e+02
Block size    # of blocks        Mean                Error
     1           5000       -1.13604886e+02       1.273555e-02
     2           2500       -1.13604886e+02       1.761790e-02
     5           1000       -1.13604886e+02       2.671284e-02
    10            500       -1.13604886e+02       3.580908e-02
    20            250       -1.13604886e+02       4.656127e-02
    50            100       -1.13604886e+02       5.794465e-02
    70             71       -1.13610578e+02       6.054811e-02
   100             50       -1.13604886e+02       6.880652e-02
   200             25       -1.13604886e+02       8.084985e-02
   500             10       -1.13604886e+02       8.446667e-02
Stocahstic error estimate: 6.054811e-02

	collect g,h time= 0.061031341552734375
E=-113.60488562620706,dE=0.07955426953145661,std=0.060548106122242006
L=-113.60488562620706,dL=0.07955426953145661,std=0.060548106122242006
	gnorm= 2.5851459271782486
	symmetric= True
	solver time=0.08378410339355469,exit status=0
	SR solver time= 0.08400797843933105
	xnorm=5.278604937479244,dnorm=0.08960602241683097
	niter= 39
step= 149

nparam= 9900
	log prob= -31.938591647830165
	burn in time= 288.31646394729614
	sample time= 773.5893197059631
	self.n= 5000.0
	nsamples= 5000.0

Mean energy: -1.13666267e+02
Block size    # of blocks        Mean                Error
     1           5000       -1.13666267e+02       1.218301e-02
     2           2500       -1.13666267e+02       1.689168e-02
     5           1000       -1.13666267e+02       2.571398e-02
    10            500       -1.13666267e+02       3.478063e-02
    20            250       -1.13666267e+02       4.491778e-02
    50            100       -1.13666267e+02       5.637912e-02
    70             71       -1.13665794e+02       6.290916e-02
   100             50       -1.13666267e+02       6.198279e-02
   200             25       -1.13666267e+02       6.193302e-02
   500             10       -1.13666267e+02       5.564012e-02
Stocahstic error estimate: 6.290916e-02


Mean energy: -1.13666267e+02
Block size    # of blocks        Mean                Error
     1           5000       -1.13666267e+02       1.218301e-02
     2           2500       -1.13666267e+02       1.689168e-02
     5           1000       -1.13666267e+02       2.571398e-02
    10            500       -1.13666267e+02       3.478063e-02
    20            250       -1.13666267e+02       4.491778e-02
    50            100       -1.13666267e+02       5.637912e-02
    70             71       -1.13665794e+02       6.290916e-02
   100             50       -1.13666267e+02       6.198279e-02
   200             25       -1.13666267e+02       6.193302e-02
   500             10       -1.13666267e+02       5.564012e-02
Stocahstic error estimate: 6.290916e-02

	collect g,h time= 0.05829572677612305
E=-113.66626652139013,dE=-0.061380895183063444,std=0.06290915984247569
L=-113.66626652139013,dL=-0.061380895183063444,std=0.06290915984247569
	gnorm= 2.428285105146552
	symmetric= True
	solver time=0.0329899787902832,exit status=0
	SR solver time= 0.0330655574798584
	xnorm=5.274926362745048,dnorm=0.09077739992028794
	niter= 41
step= 150

nparam= 9900
	log prob= -31.869568916157903
	burn in time= 291.17907452583313
	sample time= 774.2481479644775
	self.n= 5000.0
	nsamples= 5000.0

Mean energy: -1.13755347e+02
Block size    # of blocks        Mean                Error
     1           5000       -1.13755347e+02       1.199900e-02
     2           2500       -1.13755347e+02       1.661893e-02
     5           1000       -1.13755347e+02       2.502969e-02
    10            500       -1.13755347e+02       3.371168e-02
    20            250       -1.13755347e+02       4.360153e-02
    50            100       -1.13755347e+02       5.572891e-02
    70             71       -1.13759974e+02       5.695578e-02
   100             50       -1.13755347e+02       5.636695e-02
   200             25       -1.13755347e+02       5.723626e-02
   500             10       -1.13755347e+02       5.712428e-02
Stocahstic error estimate: 5.695578e-02


Mean energy: -1.13755347e+02
Block size    # of blocks        Mean                Error
     1           5000       -1.13755347e+02       1.199900e-02
     2           2500       -1.13755347e+02       1.661893e-02
     5           1000       -1.13755347e+02       2.502969e-02
    10            500       -1.13755347e+02       3.371168e-02
    20            250       -1.13755347e+02       4.360153e-02
    50            100       -1.13755347e+02       5.572891e-02
    70             71       -1.13759974e+02       5.695578e-02
   100             50       -1.13755347e+02       5.636695e-02
   200             25       -1.13755347e+02       5.723626e-02
   500             10       -1.13755347e+02       5.712428e-02
Stocahstic error estimate: 5.695578e-02

	collect g,h time= 0.05743765830993652
E=-113.75534659211102,dE=-0.08908007072089674,std=0.05695577608188127
L=-113.75534659211102,dL=-0.08908007072089674,std=0.05695577608188127
	gnorm= 2.655123768958968
	symmetric= True
	solver time=0.03112959861755371,exit status=0
	SR solver time= 0.031221866607666016
	xnorm=5.272168426380098,dnorm=0.08456253370573381
	niter= 39
step= 151

nparam= 9900
	log prob= -31.494195214961564
	burn in time= 292.0621693134308
	sample time= 772.0248486995697
	self.n= 5000.0
	nsamples= 5000.0

Mean energy: -1.13766524e+02
Block size    # of blocks        Mean                Error
     1           5000       -1.13766524e+02       1.158201e-02
     2           2500       -1.13766524e+02       1.594868e-02
     5           1000       -1.13766524e+02       2.402285e-02
    10            500       -1.13766524e+02       3.195807e-02
    20            250       -1.13766524e+02       4.138317e-02
    50            100       -1.13766524e+02       4.793751e-02
    70             71       -1.13764648e+02       5.317131e-02
   100             50       -1.13766524e+02       5.106378e-02
   200             25       -1.13766524e+02       4.363595e-02
   500             10       -1.13766524e+02       4.560331e-02
Stocahstic error estimate: 5.317131e-02


Mean energy: -1.13766524e+02
Block size    # of blocks        Mean                Error
     1           5000       -1.13766524e+02       1.158201e-02
     2           2500       -1.13766524e+02       1.594868e-02
     5           1000       -1.13766524e+02       2.402285e-02
    10            500       -1.13766524e+02       3.195807e-02
    20            250       -1.13766524e+02       4.138317e-02
    50            100       -1.13766524e+02       4.793751e-02
    70             71       -1.13764648e+02       5.317131e-02
   100             50       -1.13766524e+02       5.106378e-02
   200             25       -1.13766524e+02       4.363595e-02
   500             10       -1.13766524e+02       4.560331e-02
Stocahstic error estimate: 5.317131e-02

	collect g,h time= 0.059380292892456055
E=-113.76652441575112,dE=-0.011177823640096562,std=0.05317131277259804
L=-113.76652441575112,dL=-0.011177823640096562,std=0.05317131277259804
	gnorm= 2.1926821919820236
	symmetric= True
	solver time=0.04185986518859863,exit status=0
	SR solver time= 0.0419619083404541
	xnorm=5.269067518300298,dnorm=0.08723384849589409
	niter= 40
step= 152

nparam= 9900
	log prob= -31.955079052793167
	burn in time= 303.6957769393921
	sample time= 764.834153175354
	self.n= 5000.0
	nsamples= 5000.0

Mean energy: -1.13929944e+02
Block size    # of blocks        Mean                Error
     1           5000       -1.13929944e+02       1.169962e-02
     2           2500       -1.13929944e+02       1.622091e-02
     5           1000       -1.13929944e+02       2.462823e-02
    10            500       -1.13929944e+02       3.307853e-02
    20            250       -1.13929944e+02       4.280204e-02
    50            100       -1.13929944e+02       5.187570e-02
    70             71       -1.13927766e+02       6.196791e-02
   100             50       -1.13929944e+02       6.074005e-02
   200             25       -1.13929944e+02       6.401465e-02
   500             10       -1.13929944e+02       7.993725e-02
Stocahstic error estimate: 6.196791e-02


Mean energy: -1.13929944e+02
Block size    # of blocks        Mean                Error
     1           5000       -1.13929944e+02       1.169962e-02
     2           2500       -1.13929944e+02       1.622091e-02
     5           1000       -1.13929944e+02       2.462823e-02
    10            500       -1.13929944e+02       3.307853e-02
    20            250       -1.13929944e+02       4.280204e-02
    50            100       -1.13929944e+02       5.187570e-02
    70             71       -1.13927766e+02       6.196791e-02
   100             50       -1.13929944e+02       6.074005e-02
   200             25       -1.13929944e+02       6.401465e-02
   500             10       -1.13929944e+02       7.993725e-02
Stocahstic error estimate: 6.196791e-02

	collect g,h time= 0.05813264846801758
E=-113.92994444692735,dE=-0.16342003117622994,std=0.06196791003958395
L=-113.92994444692735,dL=-0.16342003117622994,std=0.06196791003958395
	gnorm= 2.7608518444348973
	symmetric= True
	solver time=0.02041912078857422,exit status=0
	SR solver time= 0.02047276496887207
	xnorm=5.266460691289817,dnorm=0.07085244975412264
	niter= 27
step= 153

nparam= 9900
	log prob= -32.49000565728136
	burn in time= 297.34133195877075
	sample time= 771.873369216919
	self.n= 5000.0
	nsamples= 5000.0

Mean energy: -1.13786638e+02
Block size    # of blocks        Mean                Error
     1           5000       -1.13786638e+02       1.126207e-02
     2           2500       -1.13786638e+02       1.541140e-02
     5           1000       -1.13786638e+02       2.333376e-02
    10            500       -1.13786638e+02       3.141231e-02
    20            250       -1.13786638e+02       4.018338e-02
    50            100       -1.13786638e+02       5.108896e-02
    70             71       -1.13798214e+02       5.202771e-02
   100             50       -1.13786638e+02       5.581505e-02
   200             25       -1.13786638e+02       5.421363e-02
   500             10       -1.13786638e+02       5.582104e-02
Stocahstic error estimate: 5.202771e-02


Mean energy: -1.13786638e+02
Block size    # of blocks        Mean                Error
     1           5000       -1.13786638e+02       1.126207e-02
     2           2500       -1.13786638e+02       1.541140e-02
     5           1000       -1.13786638e+02       2.333376e-02
    10            500       -1.13786638e+02       3.141231e-02
    20            250       -1.13786638e+02       4.018338e-02
    50            100       -1.13786638e+02       5.108896e-02
    70             71       -1.13798214e+02       5.202771e-02
   100             50       -1.13786638e+02       5.581505e-02
   200             25       -1.13786638e+02       5.421363e-02
   500             10       -1.13786638e+02       5.582104e-02
Stocahstic error estimate: 5.202771e-02

	collect g,h time= 0.05772566795349121
E=-113.78663827437377,dE=0.14330617255357936,std=0.05202770876870412
L=-113.78663827437377,dL=0.14330617255357936,std=0.05202770876870412
	gnorm= 3.3280508756721408
	symmetric= True
	solver time=0.016881704330444336,exit status=0
	SR solver time= 0.01697826385498047
	xnorm=5.264493263968422,dnorm=0.055628058915420935
	niter= 21
step= 154

nparam= 9900
	log prob= -33.10882180327157
	burn in time= 290.540500164032
	sample time= 780.5849142074585
	self.n= 5000.0
	nsamples= 5000.0

Mean energy: -1.13815820e+02
Block size    # of blocks        Mean                Error
     1           5000       -1.13815820e+02       1.190472e-02
     2           2500       -1.13815820e+02       1.649369e-02
     5           1000       -1.13815820e+02       2.514993e-02
    10            500       -1.13815820e+02       3.371839e-02
    20            250       -1.13815820e+02       4.338871e-02
    50            100       -1.13815820e+02       5.424201e-02
    70             71       -1.13818681e+02       6.213662e-02
   100             50       -1.13815820e+02       6.063420e-02
   200             25       -1.13815820e+02       7.128150e-02
   500             10       -1.13815820e+02       8.328924e-02
Stocahstic error estimate: 6.213662e-02


Mean energy: -1.13815820e+02
Block size    # of blocks        Mean                Error
     1           5000       -1.13815820e+02       1.190472e-02
     2           2500       -1.13815820e+02       1.649369e-02
     5           1000       -1.13815820e+02       2.514993e-02
    10            500       -1.13815820e+02       3.371839e-02
    20            250       -1.13815820e+02       4.338871e-02
    50            100       -1.13815820e+02       5.424201e-02
    70             71       -1.13818681e+02       6.213662e-02
   100             50       -1.13815820e+02       6.063420e-02
   200             25       -1.13815820e+02       7.128150e-02
   500             10       -1.13815820e+02       8.328924e-02
Stocahstic error estimate: 6.213662e-02

	collect g,h time= 0.06263303756713867
E=-113.8158198648362,dE=-0.02918159046242863,std=0.06213661950080178
L=-113.8158198648362,dL=-0.02918159046242863,std=0.06213661950080178
	gnorm= 2.273797177889529
	symmetric= True
	solver time=0.05414843559265137,exit status=0
	SR solver time= 0.054315805435180664
	xnorm=5.262583568078025,dnorm=0.08536386220480997
	niter= 39
step= 155

nparam= 9900
	log prob= -35.12993286276104
	burn in time= 290.80402517318726
	sample time= 758.8896310329437
	self.n= 5000.0
	nsamples= 5000.0

Mean energy: -1.13845750e+02
Block size    # of blocks        Mean                Error
     1           5000       -1.13845750e+02       1.118498e-02
     2           2500       -1.13845750e+02       1.539529e-02
     5           1000       -1.13845750e+02       2.336719e-02
    10            500       -1.13845750e+02       3.126723e-02
    20            250       -1.13845750e+02       3.984658e-02
    50            100       -1.13845750e+02       5.013083e-02
    70             71       -1.13844230e+02       5.143824e-02
   100             50       -1.13845750e+02       5.060576e-02
   200             25       -1.13845750e+02       6.019719e-02
   500             10       -1.13845750e+02       5.944579e-02
Stocahstic error estimate: 5.143824e-02


Mean energy: -1.13845750e+02
Block size    # of blocks        Mean                Error
     1           5000       -1.13845750e+02       1.118498e-02
     2           2500       -1.13845750e+02       1.539529e-02
     5           1000       -1.13845750e+02       2.336719e-02
    10            500       -1.13845750e+02       3.126723e-02
    20            250       -1.13845750e+02       3.984658e-02
    50            100       -1.13845750e+02       5.013083e-02
    70             71       -1.13844230e+02       5.143824e-02
   100             50       -1.13845750e+02       5.060576e-02
   200             25       -1.13845750e+02       6.019719e-02
   500             10       -1.13845750e+02       5.944579e-02
Stocahstic error estimate: 5.143824e-02

	collect g,h time= 0.056870460510253906
E=-113.84574950426207,dE=-0.029929639425873233,std=0.0514382384903622
L=-113.84574950426207,dL=-0.029929639425873233,std=0.0514382384903622
	gnorm= 1.917757708120736
	symmetric= True
	solver time=0.024413585662841797,exit status=0
	SR solver time= 0.02446770668029785
	xnorm=5.260798803475928,dnorm=0.07766183404293342
	niter= 35
step= 156

nparam= 9900
	log prob= -37.42382839358683
	burn in time= 298.12586092948914
	sample time= 901.6544141769409
	self.n= 5000.0
	nsamples= 5000.0

Mean energy: -1.13597406e+02
Block size    # of blocks        Mean                Error
     1           5000       -1.13597406e+02       1.170108e-02
     2           2500       -1.13597406e+02       1.617966e-02
     5           1000       -1.13597406e+02       2.460300e-02
    10            500       -1.13597406e+02       3.284516e-02
    20            250       -1.13597406e+02       4.216349e-02
    50            100       -1.13597406e+02       5.596908e-02
    70             71       -1.13590193e+02       5.271397e-02
   100             50       -1.13597406e+02       6.009676e-02
   200             25       -1.13597406e+02       5.038010e-02
   500             10       -1.13597406e+02       5.166079e-02
Stocahstic error estimate: 5.596908e-02


Mean energy: -1.13597406e+02
Block size    # of blocks        Mean                Error
     1           5000       -1.13597406e+02       1.170108e-02
     2           2500       -1.13597406e+02       1.617966e-02
     5           1000       -1.13597406e+02       2.460300e-02
    10            500       -1.13597406e+02       3.284516e-02
    20            250       -1.13597406e+02       4.216349e-02
    50            100       -1.13597406e+02       5.596908e-02
    70             71       -1.13590193e+02       5.271397e-02
   100             50       -1.13597406e+02       6.009676e-02
   200             25       -1.13597406e+02       5.038010e-02
   500             10       -1.13597406e+02       5.166079e-02
Stocahstic error estimate: 5.596908e-02

	collect g,h time= 0.06694936752319336
E=-113.5974057050972,dE=0.24834379916487137,std=0.05596908366050907
L=-113.5974057050972,dL=0.24834379916487137,std=0.05596908366050907
	gnorm= 2.4036363984208733
	symmetric= True
	solver time=0.045745849609375,exit status=0
	SR solver time= 0.04590034484863281
	xnorm=5.258834647169365,dnorm=0.07743043869440012
	niter= 33
step= 157

nparam= 9900
	log prob= -36.523252736700385
	burn in time= 331.2486083507538
	sample time= 1206.0695719718933
	self.n= 5000.0
	nsamples= 5000.0

Mean energy: -1.13631723e+02
Block size    # of blocks        Mean                Error
     1           5000       -1.13631723e+02       1.168733e-02
     2           2500       -1.13631723e+02       1.621365e-02
     5           1000       -1.13631723e+02       2.485388e-02
    10            500       -1.13631723e+02       3.377375e-02
    20            250       -1.13631723e+02       4.445857e-02
    50            100       -1.13631723e+02       5.822190e-02
    70             71       -1.13629748e+02       6.035920e-02
   100             50       -1.13631723e+02       6.252522e-02
   200             25       -1.13631723e+02       6.627967e-02
   500             10       -1.13631723e+02       6.070245e-02
Stocahstic error estimate: 6.035920e-02


Mean energy: -1.13631723e+02
Block size    # of blocks        Mean                Error
     1           5000       -1.13631723e+02       1.168733e-02
     2           2500       -1.13631723e+02       1.621365e-02
     5           1000       -1.13631723e+02       2.485388e-02
    10            500       -1.13631723e+02       3.377375e-02
    20            250       -1.13631723e+02       4.445857e-02
    50            100       -1.13631723e+02       5.822190e-02
    70             71       -1.13629748e+02       6.035920e-02
   100             50       -1.13631723e+02       6.252522e-02
   200             25       -1.13631723e+02       6.627967e-02
   500             10       -1.13631723e+02       6.070245e-02
Stocahstic error estimate: 6.035920e-02

	collect g,h time= 0.06548905372619629
E=-113.63172339569489,dE=-0.034317690597688966,std=0.0603592035547687
L=-113.63172339569489,dL=-0.034317690597688966,std=0.0603592035547687
	gnorm= 2.3363790641822626
	symmetric= True
	solver time=0.09507870674133301,exit status=0
	SR solver time= 0.09525704383850098
	xnorm=5.2561354951419235,dnorm=0.08355254805971687
	niter= 40
step= 158

nparam= 9900
	log prob= -37.324772902865746
	burn in time= 475.52805256843567
	sample time= 1215.90744972229
	self.n= 5000.0
	nsamples= 5000.0

Mean energy: -1.13816659e+02
Block size    # of blocks        Mean                Error
     1           5000       -1.13816659e+02       1.151580e-02
     2           2500       -1.13816659e+02       1.596476e-02
     5           1000       -1.13816659e+02       2.433180e-02
    10            500       -1.13816659e+02       3.239740e-02
    20            250       -1.13816659e+02       4.217291e-02
    50            100       -1.13816659e+02       5.416396e-02
    70             71       -1.13814799e+02       6.052101e-02
   100             50       -1.13816659e+02       5.838021e-02
   200             25       -1.13816659e+02       6.243580e-02
   500             10       -1.13816659e+02       4.290835e-02
Stocahstic error estimate: 6.052101e-02


Mean energy: -1.13816659e+02
Block size    # of blocks        Mean                Error
     1           5000       -1.13816659e+02       1.151580e-02
     2           2500       -1.13816659e+02       1.596476e-02
     5           1000       -1.13816659e+02       2.433180e-02
    10            500       -1.13816659e+02       3.239740e-02
    20            250       -1.13816659e+02       4.217291e-02
    50            100       -1.13816659e+02       5.416396e-02
    70             71       -1.13814799e+02       6.052101e-02
   100             50       -1.13816659e+02       5.838021e-02
   200             25       -1.13816659e+02       6.243580e-02
   500             10       -1.13816659e+02       4.290835e-02
Stocahstic error estimate: 6.052101e-02

	collect g,h time= 0.06356167793273926
E=-113.81665939196847,dE=-0.18493599627358037,std=0.0605210064246953
L=-113.81665939196847,dL=-0.18493599627358037,std=0.0605210064246953
	gnorm= 2.88253280444725
	symmetric= True
	solver time=0.03484678268432617,exit status=0
	SR solver time= 0.034970998764038086
	xnorm=5.2547287274479215,dnorm=0.06005899169337312
	niter= 23
step= 159

nparam= 9900
	log prob= -36.189406683927615
	burn in time= 374.56878542900085
	sample time= 910.7686097621918
	self.n= 5000.0
	nsamples= 5000.0

Mean energy: -1.13842190e+02
Block size    # of blocks        Mean                Error
     1           5000       -1.13842190e+02       1.178760e-02
     2           2500       -1.13842190e+02       1.632060e-02
     5           1000       -1.13842190e+02       2.508686e-02
    10            500       -1.13842190e+02       3.389060e-02
    20            250       -1.13842190e+02       4.410527e-02
    50            100       -1.13842190e+02       5.657248e-02
    70             71       -1.13838321e+02       5.904082e-02
   100             50       -1.13842190e+02       6.319657e-02
   200             25       -1.13842190e+02       6.449517e-02
   500             10       -1.13842190e+02       3.430782e-02
Stocahstic error estimate: 5.904082e-02


Mean energy: -1.13842190e+02
Block size    # of blocks        Mean                Error
     1           5000       -1.13842190e+02       1.178760e-02
     2           2500       -1.13842190e+02       1.632060e-02
     5           1000       -1.13842190e+02       2.508686e-02
    10            500       -1.13842190e+02       3.389060e-02
    20            250       -1.13842190e+02       4.410527e-02
    50            100       -1.13842190e+02       5.657248e-02
    70             71       -1.13838321e+02       5.904082e-02
   100             50       -1.13842190e+02       6.319657e-02
   200             25       -1.13842190e+02       6.449517e-02
   500             10       -1.13842190e+02       3.430782e-02
Stocahstic error estimate: 5.904082e-02

	collect g,h time= 0.06534552574157715
E=-113.842189926016,dE=-0.025530534047533138,std=0.059040820554186524
L=-113.842189926016,dL=-0.025530534047533138,std=0.059040820554186524
	gnorm= 2.436428737312871
	symmetric= True
	solver time=0.048769474029541016,exit status=0
	SR solver time= 0.048887014389038086
	xnorm=5.253238867022394,dnorm=0.08447172625110716
	niter= 39
step= 160

nparam= 9900
	log prob= -34.96197007152513
	burn in time= 371.6409754753113
	sample time= 812.4873700141907
	self.n= 5000.0
	nsamples= 5000.0

Mean energy: -1.13743258e+02
Block size    # of blocks        Mean                Error
     1           5000       -1.13743258e+02       1.088899e-02
     2           2500       -1.13743258e+02       1.499074e-02
     5           1000       -1.13743258e+02       2.257481e-02
    10            500       -1.13743258e+02       3.009898e-02
    20            250       -1.13743258e+02       3.749083e-02
    50            100       -1.13743258e+02       4.565086e-02
    70             71       -1.13746792e+02       4.435919e-02
   100             50       -1.13743258e+02       4.827034e-02
   200             25       -1.13743258e+02       4.835442e-02
   500             10       -1.13743258e+02       4.295903e-02
Stocahstic error estimate: 4.565086e-02


Mean energy: -1.13743258e+02
Block size    # of blocks        Mean                Error
     1           5000       -1.13743258e+02       1.088899e-02
     2           2500       -1.13743258e+02       1.499074e-02
     5           1000       -1.13743258e+02       2.257481e-02
    10            500       -1.13743258e+02       3.009898e-02
    20            250       -1.13743258e+02       3.749083e-02
    50            100       -1.13743258e+02       4.565086e-02
    70             71       -1.13746792e+02       4.435919e-02
   100             50       -1.13743258e+02       4.827034e-02
   200             25       -1.13743258e+02       4.835442e-02
   500             10       -1.13743258e+02       4.295903e-02
Stocahstic error estimate: 4.565086e-02

	collect g,h time= 0.06397247314453125
E=-113.74325809827921,dE=0.09893182773679143,std=0.0456508601150953
L=-113.74325809827921,dL=0.09893182773679143,std=0.0456508601150953
	gnorm= 1.930835753956209
	symmetric= True
	solver time=0.03248262405395508,exit status=0
	SR solver time= 0.03266453742980957
	xnorm=5.249988150260288,dnorm=0.07992432490654117
	niter= 36
step= 161

nparam= 9900
	log prob= -35.5456438237627
	burn in time= 357.6603343486786
	sample time= 802.0039339065552
	self.n= 5000.0
	nsamples= 5000.0

Mean energy: -1.13819548e+02
Block size    # of blocks        Mean                Error
     1           5000       -1.13819548e+02       1.088011e-02
     2           2500       -1.13819548e+02       1.507534e-02
     5           1000       -1.13819548e+02       2.258030e-02
    10            500       -1.13819548e+02       3.032123e-02
    20            250       -1.13819548e+02       3.838500e-02
    50            100       -1.13819548e+02       4.828080e-02
    70             71       -1.13823624e+02       4.743021e-02
   100             50       -1.13819548e+02       5.382287e-02
   200             25       -1.13819548e+02       5.232400e-02
   500             10       -1.13819548e+02       4.280049e-02
Stocahstic error estimate: 4.828080e-02


Mean energy: -1.13819548e+02
Block size    # of blocks        Mean                Error
     1           5000       -1.13819548e+02       1.088011e-02
     2           2500       -1.13819548e+02       1.507534e-02
     5           1000       -1.13819548e+02       2.258030e-02
    10            500       -1.13819548e+02       3.032123e-02
    20            250       -1.13819548e+02       3.838500e-02
    50            100       -1.13819548e+02       4.828080e-02
    70             71       -1.13823624e+02       4.743021e-02
   100             50       -1.13819548e+02       5.382287e-02
   200             25       -1.13819548e+02       5.232400e-02
   500             10       -1.13819548e+02       4.280049e-02
Stocahstic error estimate: 4.828080e-02

	collect g,h time= 0.06267356872558594
E=-113.81954821276676,dE=-0.07629011448754852,std=0.048280804848730756
L=-113.81954821276676,dL=-0.07629011448754852,std=0.048280804848730756
	gnorm= 2.311494725499262
	symmetric= True
	solver time=0.030579566955566406,exit status=0
	SR solver time= 0.03067636489868164
	xnorm=5.247822509740967,dnorm=0.06801199159069947
	niter= 32
step= 162

nparam= 9900
	log prob= -36.245401742873
	burn in time= 372.28508615493774
	sample time= 793.0908105373383
	self.n= 5000.0
	nsamples= 5000.0

Mean energy: -1.13934653e+02
Block size    # of blocks        Mean                Error
     1           5000       -1.13934653e+02       1.132427e-02
     2           2500       -1.13934653e+02       1.577231e-02
     5           1000       -1.13934653e+02       2.408534e-02
    10            500       -1.13934653e+02       3.242453e-02
    20            250       -1.13934653e+02       4.238237e-02
    50            100       -1.13934653e+02       5.406105e-02
    70             71       -1.13940671e+02       6.107504e-02
   100             50       -1.13934653e+02       6.698480e-02
   200             25       -1.13934653e+02       7.330681e-02
   500             10       -1.13934653e+02       6.040364e-02
Stocahstic error estimate: 7.330681e-02


Mean energy: -1.13934653e+02
Block size    # of blocks        Mean                Error
     1           5000       -1.13934653e+02       1.132427e-02
     2           2500       -1.13934653e+02       1.577231e-02
     5           1000       -1.13934653e+02       2.408534e-02
    10            500       -1.13934653e+02       3.242453e-02
    20            250       -1.13934653e+02       4.238237e-02
    50            100       -1.13934653e+02       5.406105e-02
    70             71       -1.13940671e+02       6.107504e-02
   100             50       -1.13934653e+02       6.698480e-02
   200             25       -1.13934653e+02       7.330681e-02
   500             10       -1.13934653e+02       6.040364e-02
Stocahstic error estimate: 7.330681e-02

	collect g,h time= 0.0627741813659668
E=-113.93465287420032,dE=-0.11510466143356268,std=0.07330681263014208
L=-113.93465287420032,dL=-0.11510466143356268,std=0.07330681263014208
	gnorm= 2.0381358816341253
	symmetric= True
	solver time=0.034612417221069336,exit status=0
	SR solver time= 0.034768104553222656
	xnorm=5.246726002531521,dnorm=0.08175582602538667
	niter= 41
step= 163

nparam= 9900
	log prob= -37.023278153011304
	burn in time= 368.658588886261
	sample time= 802.1588501930237
	self.n= 5000.0
	nsamples= 5000.0

Mean energy: -1.13827183e+02
Block size    # of blocks        Mean                Error
     1           5000       -1.13827183e+02       1.065374e-02
     2           2500       -1.13827183e+02       1.477198e-02
     5           1000       -1.13827183e+02       2.242194e-02
    10            500       -1.13827183e+02       2.994986e-02
    20            250       -1.13827183e+02       3.848710e-02
    50            100       -1.13827183e+02       4.921598e-02
    70             71       -1.13831112e+02       5.321023e-02
   100             50       -1.13827183e+02       5.280417e-02
   200             25       -1.13827183e+02       6.094602e-02
   500             10       -1.13827183e+02       5.169148e-02
Stocahstic error estimate: 5.321023e-02


Mean energy: -1.13827183e+02
Block size    # of blocks        Mean                Error
     1           5000       -1.13827183e+02       1.065374e-02
     2           2500       -1.13827183e+02       1.477198e-02
     5           1000       -1.13827183e+02       2.242194e-02
    10            500       -1.13827183e+02       2.994986e-02
    20            250       -1.13827183e+02       3.848710e-02
    50            100       -1.13827183e+02       4.921598e-02
    70             71       -1.13831112e+02       5.321023e-02
   100             50       -1.13827183e+02       5.280417e-02
   200             25       -1.13827183e+02       6.094602e-02
   500             10       -1.13827183e+02       5.169148e-02
Stocahstic error estimate: 5.321023e-02

	collect g,h time= 0.06050539016723633
E=-113.82718285974529,dE=0.10747001445503201,std=0.05321022524081535
L=-113.82718285974529,dL=0.10747001445503201,std=0.05321022524081535
	gnorm= 2.4223862464581662
	symmetric= True
	solver time=0.031043291091918945,exit status=0
	SR solver time= 0.031150102615356445
	xnorm=5.245292991890182,dnorm=0.06446522752952401
	niter= 29
step= 164

nparam= 9900
	log prob= -42.22719710537139
	burn in time= 368.42343306541443
	sample time= 809.5426177978516
	self.n= 5000.0
	nsamples= 5000.0

Mean energy: -1.13748061e+02
Block size    # of blocks        Mean                Error
     1           5000       -1.13748061e+02       1.077427e-02
     2           2500       -1.13748061e+02       1.487313e-02
     5           1000       -1.13748061e+02       2.253871e-02
    10            500       -1.13748061e+02       3.018188e-02
    20            250       -1.13748061e+02       3.881898e-02
    50            100       -1.13748061e+02       4.920212e-02
    70             71       -1.13742981e+02       4.660270e-02
   100             50       -1.13748061e+02       5.580163e-02
   200             25       -1.13748061e+02       5.155386e-02
   500             10       -1.13748061e+02       5.471896e-02
Stocahstic error estimate: 4.920212e-02


Mean energy: -1.13748061e+02
Block size    # of blocks        Mean                Error
     1           5000       -1.13748061e+02       1.077427e-02
     2           2500       -1.13748061e+02       1.487313e-02
     5           1000       -1.13748061e+02       2.253871e-02
    10            500       -1.13748061e+02       3.018188e-02
    20            250       -1.13748061e+02       3.881898e-02
    50            100       -1.13748061e+02       4.920212e-02
    70             71       -1.13742981e+02       4.660270e-02
   100             50       -1.13748061e+02       5.580163e-02
   200             25       -1.13748061e+02       5.155386e-02
   500             10       -1.13748061e+02       5.471896e-02
Stocahstic error estimate: 4.920212e-02

	collect g,h time= 0.056670427322387695
E=-113.74806087479433,dE=0.07912198495095879,std=0.04920211950344669
L=-113.74806087479433,dL=0.07912198495095879,std=0.04920211950344669
	gnorm= 2.0989368235697783
	symmetric= True
	solver time=0.02903270721435547,exit status=0
	SR solver time= 0.02912116050720215
	xnorm=5.244183661760867,dnorm=0.07824963282147254
	niter= 38
step= 165

nparam= 9900
	log prob= -36.29793067912513
	burn in time= 362.1797308921814
	sample time= 809.8595070838928
	self.n= 5000.0
	nsamples= 5000.0

Mean energy: -1.13803444e+02
Block size    # of blocks        Mean                Error
     1           5000       -1.13803444e+02       1.140620e-02
     2           2500       -1.13803444e+02       1.584593e-02
     5           1000       -1.13803444e+02       2.408068e-02
    10            500       -1.13803444e+02       3.212086e-02
    20            250       -1.13803444e+02       4.136658e-02
    50            100       -1.13803444e+02       5.292334e-02
    70             71       -1.13799391e+02       5.649322e-02
   100             50       -1.13803444e+02       5.130972e-02
   200             25       -1.13803444e+02       4.997038e-02
   500             10       -1.13803444e+02       4.850955e-02
Stocahstic error estimate: 5.649322e-02


Mean energy: -1.13803444e+02
Block size    # of blocks        Mean                Error
     1           5000       -1.13803444e+02       1.140620e-02
     2           2500       -1.13803444e+02       1.584593e-02
     5           1000       -1.13803444e+02       2.408068e-02
    10            500       -1.13803444e+02       3.212086e-02
    20            250       -1.13803444e+02       4.136658e-02
    50            100       -1.13803444e+02       5.292334e-02
    70             71       -1.13799391e+02       5.649322e-02
   100             50       -1.13803444e+02       5.130972e-02
   200             25       -1.13803444e+02       4.997038e-02
   500             10       -1.13803444e+02       4.850955e-02
Stocahstic error estimate: 5.649322e-02

	collect g,h time= 0.05765891075134277
E=-113.80344412188064,dE=-0.05538324708631137,std=0.05649321616484549
L=-113.80344412188064,dL=-0.05538324708631137,std=0.05649321616484549
	gnorm= 2.3303896839856293
	symmetric= True
	solver time=0.03463387489318848,exit status=0
	SR solver time= 0.03473830223083496
	xnorm=5.242023221767195,dnorm=0.0855007648508713
	niter= 39
step= 166

nparam= 9900
	log prob= -36.53987173940398
	burn in time= 366.2105369567871
	sample time= 803.5797336101532
	self.n= 5000.0
	nsamples= 5000.0

Mean energy: -1.13783497e+02
Block size    # of blocks        Mean                Error
     1           5000       -1.13783497e+02       1.082760e-02
     2           2500       -1.13783497e+02       1.500212e-02
     5           1000       -1.13783497e+02       2.270594e-02
    10            500       -1.13783497e+02       3.031498e-02
    20            250       -1.13783497e+02       3.948481e-02
    50            100       -1.13783497e+02       4.965007e-02
    70             71       -1.13774786e+02       5.291333e-02
   100             50       -1.13783497e+02       5.650061e-02
   200             25       -1.13783497e+02       5.724916e-02
   500             10       -1.13783497e+02       6.381993e-02
Stocahstic error estimate: 5.724916e-02


Mean energy: -1.13783497e+02
Block size    # of blocks        Mean                Error
     1           5000       -1.13783497e+02       1.082760e-02
     2           2500       -1.13783497e+02       1.500212e-02
     5           1000       -1.13783497e+02       2.270594e-02
    10            500       -1.13783497e+02       3.031498e-02
    20            250       -1.13783497e+02       3.948481e-02
    50            100       -1.13783497e+02       4.965007e-02
    70             71       -1.13774786e+02       5.291333e-02
   100             50       -1.13783497e+02       5.650061e-02
   200             25       -1.13783497e+02       5.724916e-02
   500             10       -1.13783497e+02       6.381993e-02
Stocahstic error estimate: 5.724916e-02

	collect g,h time= 0.06036019325256348
E=-113.7834972009269,dE=0.01994692095374262,std=0.05724916480450648
L=-113.7834972009269,dL=0.01994692095374262,std=0.05724916480450648
	gnorm= 2.245189654217133
	symmetric= True
	solver time=0.02990865707397461,exit status=0
	SR solver time= 0.030003070831298828
	xnorm=5.239670063332317,dnorm=0.0696065355833656
	niter= 34
step= 167

nparam= 9900
	log prob= -37.526591728016356
	burn in time= 368.248859167099
	sample time= 815.7815272808075
	self.n= 5000.0
	nsamples= 5000.0

Mean energy: -1.13823618e+02
Block size    # of blocks        Mean                Error
     1           5000       -1.13823618e+02       1.115569e-02
     2           2500       -1.13823618e+02       1.549157e-02
     5           1000       -1.13823618e+02       2.368093e-02
    10            500       -1.13823618e+02       3.198954e-02
    20            250       -1.13823618e+02       4.123772e-02
    50            100       -1.13823618e+02       5.282952e-02
    70             71       -1.13817178e+02       5.656953e-02
   100             50       -1.13823618e+02       6.062104e-02
   200             25       -1.13823618e+02       5.658917e-02
   500             10       -1.13823618e+02       7.450802e-02
Stocahstic error estimate: 6.062104e-02


Mean energy: -1.13823618e+02
Block size    # of blocks        Mean                Error
     1           5000       -1.13823618e+02       1.115569e-02
     2           2500       -1.13823618e+02       1.549157e-02
     5           1000       -1.13823618e+02       2.368093e-02
    10            500       -1.13823618e+02       3.198954e-02
    20            250       -1.13823618e+02       4.123772e-02
    50            100       -1.13823618e+02       5.282952e-02
    70             71       -1.13817178e+02       5.656953e-02
   100             50       -1.13823618e+02       6.062104e-02
   200             25       -1.13823618e+02       5.658917e-02
   500             10       -1.13823618e+02       7.450802e-02
Stocahstic error estimate: 6.062104e-02

	collect g,h time= 0.05879664421081543
E=-113.82361769248918,dE=-0.04012049156227704,std=0.06062104449023917
L=-113.82361769248918,dL=-0.04012049156227704,std=0.06062104449023917
	gnorm= 2.032225911356372
	symmetric= True
	solver time=0.03467702865600586,exit status=0
	SR solver time= 0.03480243682861328
	xnorm=5.237792670921973,dnorm=0.08445101977150142
	niter= 40
step= 168

nparam= 9900
	log prob= -37.897548519902514
	burn in time= 358.926509141922
	sample time= 816.5969295501709
	self.n= 5000.0
	nsamples= 5000.0

Mean energy: -1.13735237e+02
Block size    # of blocks        Mean                Error
     1           5000       -1.13735237e+02       1.046007e-02
     2           2500       -1.13735237e+02       1.428894e-02
     5           1000       -1.13735237e+02       2.134959e-02
    10            500       -1.13735237e+02       2.833997e-02
    20            250       -1.13735237e+02       3.528964e-02
    50            100       -1.13735237e+02       4.581770e-02
    70             71       -1.13733227e+02       5.019765e-02
   100             50       -1.13735237e+02       4.995238e-02
   200             25       -1.13735237e+02       4.876202e-02
   500             10       -1.13735237e+02       5.828750e-02
Stocahstic error estimate: 5.019765e-02


Mean energy: -1.13735237e+02
Block size    # of blocks        Mean                Error
     1           5000       -1.13735237e+02       1.046007e-02
     2           2500       -1.13735237e+02       1.428894e-02
     5           1000       -1.13735237e+02       2.134959e-02
    10            500       -1.13735237e+02       2.833997e-02
    20            250       -1.13735237e+02       3.528964e-02
    50            100       -1.13735237e+02       4.581770e-02
    70             71       -1.13733227e+02       5.019765e-02
   100             50       -1.13735237e+02       4.995238e-02
   200             25       -1.13735237e+02       4.876202e-02
   500             10       -1.13735237e+02       5.828750e-02
Stocahstic error estimate: 5.019765e-02

	collect g,h time= 0.06162381172180176
E=-113.73523697825935,dE=0.08838071422982807,std=0.05019765411112987
L=-113.73523697825935,dL=0.08838071422982807,std=0.05019765411112987
	gnorm= 1.9227609862296056
	symmetric= True
	solver time=0.0361475944519043,exit status=0
	SR solver time= 0.03624701499938965
	xnorm=5.236544418776027,dnorm=0.08791230677816664
	niter= 40
step= 169

nparam= 9900
	log prob= -37.64496463106035
	burn in time= 352.44687008857727
	sample time= 809.9212093353271
	self.n= 5000.0
	nsamples= 5000.0

Mean energy: -1.13808985e+02
Block size    # of blocks        Mean                Error
     1           5000       -1.13808985e+02       9.946848e-03
     2           2500       -1.13808985e+02       1.382944e-02
     5           1000       -1.13808985e+02       2.098554e-02
    10            500       -1.13808985e+02       2.805783e-02
    20            250       -1.13808985e+02       3.572017e-02
    50            100       -1.13808985e+02       4.455536e-02
    70             71       -1.13807992e+02       4.624157e-02
   100             50       -1.13808985e+02       4.564872e-02
   200             25       -1.13808985e+02       4.557862e-02
   500             10       -1.13808985e+02       5.891286e-02
Stocahstic error estimate: 4.624157e-02


Mean energy: -1.13808985e+02
Block size    # of blocks        Mean                Error
     1           5000       -1.13808985e+02       9.946848e-03
     2           2500       -1.13808985e+02       1.382944e-02
     5           1000       -1.13808985e+02       2.098554e-02
    10            500       -1.13808985e+02       2.805783e-02
    20            250       -1.13808985e+02       3.572017e-02
    50            100       -1.13808985e+02       4.455536e-02
    70             71       -1.13807992e+02       4.624157e-02
   100             50       -1.13808985e+02       4.564872e-02
   200             25       -1.13808985e+02       4.557862e-02
   500             10       -1.13808985e+02       5.891286e-02
Stocahstic error estimate: 4.624157e-02

	collect g,h time= 0.05817604064941406
E=-113.80898455465687,dE=-0.07374757639752261,std=0.046241570454842985
L=-113.80898455465687,dL=-0.07374757639752261,std=0.046241570454842985
	gnorm= 1.688521120742298
	symmetric= True
	solver time=0.03343009948730469,exit status=0
	SR solver time= 0.0335237979888916
	xnorm=5.234438221283665,dnorm=0.08185956510342035
	niter= 41
step= 170

nparam= 9900
	log prob= -36.26717354116536
	burn in time= 389.8315591812134
	sample time= 850.6983504295349
	self.n= 5000.0
	nsamples= 5000.0

Mean energy: -1.13825056e+02
Block size    # of blocks        Mean                Error
     1           5000       -1.13825056e+02       1.008973e-02
     2           2500       -1.13825056e+02       1.398710e-02
     5           1000       -1.13825056e+02       2.104399e-02
    10            500       -1.13825056e+02       2.808905e-02
    20            250       -1.13825056e+02       3.580375e-02
    50            100       -1.13825056e+02       4.511867e-02
    70             71       -1.13829287e+02       5.126347e-02
   100             50       -1.13825056e+02       5.193282e-02
   200             25       -1.13825056e+02       6.017656e-02
   500             10       -1.13825056e+02       6.491405e-02
Stocahstic error estimate: 5.193282e-02


Mean energy: -1.13825056e+02
Block size    # of blocks        Mean                Error
     1           5000       -1.13825056e+02       1.008973e-02
     2           2500       -1.13825056e+02       1.398710e-02
     5           1000       -1.13825056e+02       2.104399e-02
    10            500       -1.13825056e+02       2.808905e-02
    20            250       -1.13825056e+02       3.580375e-02
    50            100       -1.13825056e+02       4.511867e-02
    70             71       -1.13829287e+02       5.126347e-02
   100             50       -1.13825056e+02       5.193282e-02
   200             25       -1.13825056e+02       6.017656e-02
   500             10       -1.13825056e+02       6.491405e-02
Stocahstic error estimate: 5.193282e-02

	collect g,h time= 0.059523582458496094
E=-113.8250560779616,dE=-0.016071523304731272,std=0.05193282380925756
L=-113.8250560779616,dL=-0.016071523304731272,std=0.05193282380925756
	gnorm= 1.9789890091822468
	symmetric= True
	solver time=0.0394434928894043,exit status=0
	SR solver time= 0.03955650329589844
	xnorm=5.233357139292867,dnorm=0.08175241954795791
	niter= 41
step= 171

nparam= 9900
	log prob= -37.04080679197216
	burn in time= 293.8816819190979
	sample time= 790.6484899520874
	self.n= 5000.0
	nsamples= 5000.0

Mean energy: -1.13790745e+02
Block size    # of blocks        Mean                Error
     1           5000       -1.13790745e+02       1.010406e-02
     2           2500       -1.13790745e+02       1.398666e-02
     5           1000       -1.13790745e+02       2.115745e-02
    10            500       -1.13790745e+02       2.848623e-02
    20            250       -1.13790745e+02       3.726705e-02
    50            100       -1.13790745e+02       4.782307e-02
    70             71       -1.13790611e+02       5.279288e-02
   100             50       -1.13790745e+02       5.220801e-02
   200             25       -1.13790745e+02       5.318942e-02
   500             10       -1.13790745e+02       5.705076e-02
Stocahstic error estimate: 5.279288e-02


Mean energy: -1.13790745e+02
Block size    # of blocks        Mean                Error
     1           5000       -1.13790745e+02       1.010406e-02
     2           2500       -1.13790745e+02       1.398666e-02
     5           1000       -1.13790745e+02       2.115745e-02
    10            500       -1.13790745e+02       2.848623e-02
    20            250       -1.13790745e+02       3.726705e-02
    50            100       -1.13790745e+02       4.782307e-02
    70             71       -1.13790611e+02       5.279288e-02
   100             50       -1.13790745e+02       5.220801e-02
   200             25       -1.13790745e+02       5.318942e-02
   500             10       -1.13790745e+02       5.705076e-02
Stocahstic error estimate: 5.279288e-02

	collect g,h time= 0.0631248950958252
E=-113.79074485227488,dE=0.034311225686721514,std=0.05279287902387443
L=-113.79074485227488,dL=0.034311225686721514,std=0.05279287902387443
	gnorm= 1.7657941804114101
	symmetric= True
	solver time=0.03427886962890625,exit status=0
	SR solver time= 0.03440260887145996
	xnorm=5.232239380797989,dnorm=0.08328196198698674
	niter= 41
step= 172

nparam= 9900
	log prob= -36.43551393285304
	burn in time= 280.54831409454346
	sample time= 796.7391726970673
	self.n= 5000.0
	nsamples= 5000.0

Mean energy: -1.13807898e+02
Block size    # of blocks        Mean                Error
     1           5000       -1.13807898e+02       1.003716e-02
     2           2500       -1.13807898e+02       1.383940e-02
     5           1000       -1.13807898e+02       2.094693e-02
    10            500       -1.13807898e+02       2.765087e-02
    20            250       -1.13807898e+02       3.584448e-02
    50            100       -1.13807898e+02       4.584103e-02
    70             71       -1.13810259e+02       4.977847e-02
   100             50       -1.13807898e+02       5.127573e-02
   200             25       -1.13807898e+02       4.862020e-02
   500             10       -1.13807898e+02       4.139897e-02
Stocahstic error estimate: 5.127573e-02


Mean energy: -1.13807898e+02
Block size    # of blocks        Mean                Error
     1           5000       -1.13807898e+02       1.003716e-02
     2           2500       -1.13807898e+02       1.383940e-02
     5           1000       -1.13807898e+02       2.094693e-02
    10            500       -1.13807898e+02       2.765087e-02
    20            250       -1.13807898e+02       3.584448e-02
    50            100       -1.13807898e+02       4.584103e-02
    70             71       -1.13810259e+02       4.977847e-02
   100             50       -1.13807898e+02       5.127573e-02
   200             25       -1.13807898e+02       4.862020e-02
   500             10       -1.13807898e+02       4.139897e-02
Stocahstic error estimate: 5.127573e-02

	collect g,h time= 0.06153726577758789
E=-113.80789826113345,dE=-0.017153408858561647,std=0.05127572647534091
L=-113.80789826113345,dL=-0.017153408858561647,std=0.05127572647534091
	gnorm= 1.9059856091390874
	symmetric= True
	solver time=0.037175655364990234,exit status=0
	SR solver time= 0.03727245330810547
	xnorm=5.2301744803002315,dnorm=0.07646084195158646
	niter= 41
step= 173

nparam= 9900
	log prob= -36.25913408783927
	burn in time= 284.1005573272705
	sample time= 788.168781042099
	self.n= 5000.0
	nsamples= 5000.0

Mean energy: -1.13874970e+02
Block size    # of blocks        Mean                Error
     1           5000       -1.13874970e+02       1.125046e-02
     2           2500       -1.13874970e+02       1.556975e-02
     5           1000       -1.13874970e+02       2.359418e-02
    10            500       -1.13874970e+02       3.133872e-02
    20            250       -1.13874970e+02       4.003727e-02
    50            100       -1.13874970e+02       5.111160e-02
    70             71       -1.13875759e+02       5.601282e-02
   100             50       -1.13874970e+02       5.750280e-02
   200             25       -1.13874970e+02       6.473234e-02
   500             10       -1.13874970e+02       8.985101e-02
Stocahstic error estimate: 5.750280e-02


Mean energy: -1.13874970e+02
Block size    # of blocks        Mean                Error
     1           5000       -1.13874970e+02       1.125046e-02
     2           2500       -1.13874970e+02       1.556975e-02
     5           1000       -1.13874970e+02       2.359418e-02
    10            500       -1.13874970e+02       3.133872e-02
    20            250       -1.13874970e+02       4.003727e-02
    50            100       -1.13874970e+02       5.111160e-02
    70             71       -1.13875759e+02       5.601282e-02
   100             50       -1.13874970e+02       5.750280e-02
   200             25       -1.13874970e+02       6.473234e-02
   500             10       -1.13874970e+02       8.985101e-02
Stocahstic error estimate: 5.750280e-02

	collect g,h time= 0.058577537536621094
E=-113.87496987652518,dE=-0.06707161539173967,std=0.057502797162048085
L=-113.87496987652518,dL=-0.06707161539173967,std=0.057502797162048085
	gnorm= 2.219116111366015
	symmetric= True
	solver time=0.02794194221496582,exit status=0
	SR solver time= 0.02802729606628418
	xnorm=5.229110746332817,dnorm=0.07525992328117553
	niter= 34
step= 174

nparam= 9900
	log prob= -36.38435841707761
	burn in time= 272.57478046417236
	sample time= 1046.2736711502075
	self.n= 5000.0
	nsamples= 5000.0

Mean energy: -1.13798882e+02
Block size    # of blocks        Mean                Error
     1           5000       -1.13798882e+02       1.047765e-02
     2           2500       -1.13798882e+02       1.446826e-02
     5           1000       -1.13798882e+02       2.186735e-02
    10            500       -1.13798882e+02       2.915136e-02
    20            250       -1.13798882e+02       3.746744e-02
    50            100       -1.13798882e+02       4.761538e-02
    70             71       -1.13797407e+02       5.016876e-02
   100             50       -1.13798882e+02       5.468912e-02
   200             25       -1.13798882e+02       6.620386e-02
   500             10       -1.13798882e+02       7.607053e-02

Mean energy: -1.13798882e+02
Block size    # of blocks        Mean                Error
     1           5000       -1.13798882e+02       1.047765e-02
     2           2500       -1.13798882e+02       1.446826e-02
     5           1000       -1.13798882e+02       2.186735e-02
    10            500       -1.13798882e+02       2.915136e-02
    20            250       -1.13798882e+02       3.746744e-02
    50            100       -1.13798882e+02       4.761538e-02
    70             71       -1.13797407e+02       5.016876e-02
   100             50       -1.13798882e+02       5.468912e-02
   200             25       -1.13798882e+02       6.620386e-02
   500             10       -1.13798882e+02       7.607053e-02
	collect g,h time= 0.06400179862976074
E=-113.79888186280317,dE=0.07608801372201413,std=0.07607052977889014
L=-113.79888186280317,dL=0.07608801372201413,std=0.07607052977889014
	gnorm= 2.1202777187010367
	symmetric= True
	solver time=0.055768489837646484,exit status=0
	SR solver time= 0.05591130256652832
	xnorm=5.228160660301461,dnorm=0.07392036173151527
	niter= 38
step= 175

nparam= 9900
	log prob= -41.80855485155344
	burn in time= 288.05862617492676
	sample time= 1215.4088952541351
	self.n= 5000.0
	nsamples= 5000.0

Mean energy: -1.13943837e+02
Block size    # of blocks        Mean                Error
     1           5000       -1.13943837e+02       9.512168e-03
     2           2500       -1.13943837e+02       1.312455e-02
     5           1000       -1.13943837e+02       1.994427e-02
    10            500       -1.13943837e+02       2.688919e-02
    20            250       -1.13943837e+02       3.440796e-02
    50            100       -1.13943837e+02       4.475307e-02
    70             71       -1.13937424e+02       4.554767e-02
   100             50       -1.13943837e+02       5.046938e-02
   200             25       -1.13943837e+02       5.245709e-02
   500             10       -1.13943837e+02       4.778490e-02
Stocahstic error estimate: 4.554767e-02


Mean energy: -1.13943837e+02
Block size    # of blocks        Mean                Error
     1           5000       -1.13943837e+02       9.512168e-03
     2           2500       -1.13943837e+02       1.312455e-02
     5           1000       -1.13943837e+02       1.994427e-02
    10            500       -1.13943837e+02       2.688919e-02
    20            250       -1.13943837e+02       3.440796e-02
    50            100       -1.13943837e+02       4.475307e-02
    70             71       -1.13937424e+02       4.554767e-02
   100             50       -1.13943837e+02       5.046938e-02
   200             25       -1.13943837e+02       5.245709e-02
   500             10       -1.13943837e+02       4.778490e-02
Stocahstic error estimate: 4.554767e-02

	collect g,h time= 0.06410980224609375
E=-113.94383668581575,dE=-0.14495482301258278,std=0.045547668622301314
L=-113.94383668581575,dL=-0.14495482301258278,std=0.045547668622301314
	gnorm= 1.7336574002274232
	symmetric= True
	solver time=0.06213641166687012,exit status=0
	SR solver time= 0.06240987777709961
	xnorm=5.225919267450649,dnorm=0.07661316127676401
	niter= 42
step= 176

nparam= 9900
	log prob= -36.88643470283478
	burn in time= 282.0241150856018
	sample time= 1233.6139829158783
	self.n= 5000.0
	nsamples= 5000.0

Mean energy: -1.13893407e+02
Block size    # of blocks        Mean                Error
     1           5000       -1.13893407e+02       1.103293e-02
     2           2500       -1.13893407e+02       1.517847e-02
     5           1000       -1.13893407e+02       2.292880e-02
    10            500       -1.13893407e+02       3.056361e-02
    20            250       -1.13893407e+02       3.939950e-02
    50            100       -1.13893407e+02       4.926824e-02
    70             71       -1.13891862e+02       4.954814e-02
   100             50       -1.13893407e+02       5.360623e-02
   200             25       -1.13893407e+02       5.636396e-02
   500             10       -1.13893407e+02       6.049627e-02
Stocahstic error estimate: 4.954814e-02


Mean energy: -1.13893407e+02
Block size    # of blocks        Mean                Error
     1           5000       -1.13893407e+02       1.103293e-02
     2           2500       -1.13893407e+02       1.517847e-02
     5           1000       -1.13893407e+02       2.292880e-02
    10            500       -1.13893407e+02       3.056361e-02
    20            250       -1.13893407e+02       3.939950e-02
    50            100       -1.13893407e+02       4.926824e-02
    70             71       -1.13891862e+02       4.954814e-02
   100             50       -1.13893407e+02       5.360623e-02
   200             25       -1.13893407e+02       5.636396e-02
   500             10       -1.13893407e+02       6.049627e-02
Stocahstic error estimate: 4.954814e-02

	collect g,h time= 0.062459468841552734
E=-113.89340687964524,dE=0.05042980617051285,std=0.04954814429062168
L=-113.89340687964524,dL=0.05042980617051285,std=0.04954814429062168
	gnorm= 2.406328057674185
	symmetric= True
	solver time=0.05530977249145508,exit status=0
	SR solver time= 0.05546116828918457
	xnorm=5.2253205867517964,dnorm=0.07654841898950035
	niter= 38
step= 177

nparam= 9900
	log prob= -36.2039545000507
	burn in time= 293.87120819091797
	sample time= 847.9728953838348
	self.n= 5000.0
	nsamples= 5000.0

Mean energy: -1.13876529e+02
Block size    # of blocks        Mean                Error
     1           5000       -1.13876529e+02       1.023784e-02
     2           2500       -1.13876529e+02       1.412278e-02
     5           1000       -1.13876529e+02       2.121033e-02
    10            500       -1.13876529e+02       2.818778e-02
    20            250       -1.13876529e+02       3.568360e-02
    50            100       -1.13876529e+02       4.396144e-02
    70             71       -1.13880767e+02       4.760514e-02
   100             50       -1.13876529e+02       4.701886e-02
   200             25       -1.13876529e+02       5.384055e-02
   500             10       -1.13876529e+02       4.151504e-02
Stocahstic error estimate: 4.760514e-02


Mean energy: -1.13876529e+02
Block size    # of blocks        Mean                Error
     1           5000       -1.13876529e+02       1.023784e-02
     2           2500       -1.13876529e+02       1.412278e-02
     5           1000       -1.13876529e+02       2.121033e-02
    10            500       -1.13876529e+02       2.818778e-02
    20            250       -1.13876529e+02       3.568360e-02
    50            100       -1.13876529e+02       4.396144e-02
    70             71       -1.13880767e+02       4.760514e-02
   100             50       -1.13876529e+02       4.701886e-02
   200             25       -1.13876529e+02       5.384055e-02
   500             10       -1.13876529e+02       4.151504e-02
Stocahstic error estimate: 4.760514e-02

	collect g,h time= 0.06385016441345215
E=-113.87652894824511,dE=0.016877931400131274,std=0.04760513751333851
L=-113.87652894824511,dL=0.016877931400131274,std=0.04760513751333851
	gnorm= 2.2671906862938
	symmetric= True
	solver time=0.028827190399169922,exit status=0
	SR solver time= 0.028961658477783203
	xnorm=5.224143518483065,dnorm=0.05925016802322574
	niter= 28
step= 178

nparam= 9900
	log prob= -35.52075632456514
	burn in time= 289.93148398399353
	sample time= 797.4771175384521
	self.n= 5000.0
	nsamples= 5000.0

Mean energy: -1.13790645e+02
Block size    # of blocks        Mean                Error
     1           5000       -1.13790645e+02       9.633685e-03
     2           2500       -1.13790645e+02       1.327855e-02
     5           1000       -1.13790645e+02       2.002037e-02
    10            500       -1.13790645e+02       2.653314e-02
    20            250       -1.13790645e+02       3.317696e-02
    50            100       -1.13790645e+02       4.018299e-02
    70             71       -1.13792951e+02       4.136624e-02
   100             50       -1.13790645e+02       4.331964e-02
   200             25       -1.13790645e+02       4.457694e-02
   500             10       -1.13790645e+02       3.575551e-02
Stocahstic error estimate: 4.136624e-02


Mean energy: -1.13790645e+02
Block size    # of blocks        Mean                Error
     1           5000       -1.13790645e+02       9.633685e-03
     2           2500       -1.13790645e+02       1.327855e-02
     5           1000       -1.13790645e+02       2.002037e-02
    10            500       -1.13790645e+02       2.653314e-02
    20            250       -1.13790645e+02       3.317696e-02
    50            100       -1.13790645e+02       4.018299e-02
    70             71       -1.13792951e+02       4.136624e-02
   100             50       -1.13790645e+02       4.331964e-02
   200             25       -1.13790645e+02       4.457694e-02
   500             10       -1.13790645e+02       3.575551e-02
Stocahstic error estimate: 4.136624e-02

	collect g,h time= 0.0637214183807373
E=-113.79064520951906,dE=0.0858837387260536,std=0.04136624161668846
L=-113.79064520951906,dL=0.0858837387260536,std=0.04136624161668846
	gnorm= 1.67978553747915
	symmetric= True
	solver time=0.037535905838012695,exit status=0
	SR solver time= 0.037654876708984375
	niter= 40
	xnorm=5.223095814047879,dnorm=0.07652468741777664
step= 179

nparam= 9900
	log prob= -36.727866294059666
	burn in time= 293.40109395980835
	sample time= 795.7558860778809
	self.n= 5000.0
	nsamples= 5000.0

Mean energy: -1.13815818e+02
Block size    # of blocks        Mean                Error
     1           5000       -1.13815818e+02       9.346773e-03
     2           2500       -1.13815818e+02       1.290178e-02
     5           1000       -1.13815818e+02       1.958076e-02
    10            500       -1.13815818e+02       2.611711e-02
    20            250       -1.13815818e+02       3.305730e-02
    50            100       -1.13815818e+02       4.067282e-02
    70             71       -1.13818030e+02       4.456206e-02
   100             50       -1.13815818e+02       4.134250e-02
   200             25       -1.13815818e+02       4.533458e-02
   500             10       -1.13815818e+02       4.943472e-02
Stocahstic error estimate: 4.456206e-02


Mean energy: -1.13815818e+02
Block size    # of blocks        Mean                Error
     1           5000       -1.13815818e+02       9.346773e-03
     2           2500       -1.13815818e+02       1.290178e-02
     5           1000       -1.13815818e+02       1.958076e-02
    10            500       -1.13815818e+02       2.611711e-02
    20            250       -1.13815818e+02       3.305730e-02
    50            100       -1.13815818e+02       4.067282e-02
    70             71       -1.13818030e+02       4.456206e-02
   100             50       -1.13815818e+02       4.134250e-02
   200             25       -1.13815818e+02       4.533458e-02
   500             10       -1.13815818e+02       4.943472e-02
Stocahstic error estimate: 4.456206e-02

	collect g,h time= 0.06553173065185547
E=-113.81581751059228,dE=-0.025172301073226322,std=0.044562060391770776
L=-113.81581751059228,dL=-0.025172301073226322,std=0.044562060391770776
	gnorm= 1.5039743974396473
	symmetric= True
	solver time=0.034365177154541016,exit status=0
	SR solver time= 0.034590721130371094
	xnorm=5.220967618663138,dnorm=0.07581402283911237
	niter= 39
step= 180

nparam= 9900
	log prob= -36.95683587414513
	burn in time= 293.56086587905884
	sample time= 796.1210384368896
	self.n= 5000.0
	nsamples= 5000.0

Mean energy: -1.13890864e+02
Block size    # of blocks        Mean                Error
     1           5000       -1.13890864e+02       1.083156e-02
     2           2500       -1.13890864e+02       1.502475e-02
     5           1000       -1.13890864e+02       2.292041e-02
    10            500       -1.13890864e+02       3.095943e-02
    20            250       -1.13890864e+02       3.979422e-02
    50            100       -1.13890864e+02       5.160732e-02
    70             71       -1.13891654e+02       5.612430e-02
   100             50       -1.13890864e+02       5.472262e-02
   200             25       -1.13890864e+02       6.033766e-02
   500             10       -1.13890864e+02       7.499099e-02
Stocahstic error estimate: 5.612430e-02


Mean energy: -1.13890864e+02
Block size    # of blocks        Mean                Error
     1           5000       -1.13890864e+02       1.083156e-02
     2           2500       -1.13890864e+02       1.502475e-02
     5           1000       -1.13890864e+02       2.292041e-02
    10            500       -1.13890864e+02       3.095943e-02
    20            250       -1.13890864e+02       3.979422e-02
    50            100       -1.13890864e+02       5.160732e-02
    70             71       -1.13891654e+02       5.612430e-02
   100             50       -1.13890864e+02       5.472262e-02
   200             25       -1.13890864e+02       6.033766e-02
   500             10       -1.13890864e+02       7.499099e-02
Stocahstic error estimate: 5.612430e-02

	collect g,h time= 0.06428766250610352
E=-113.89086440399885,dE=-0.07504689340656512,std=0.05612430243936265
L=-113.89086440399885,dL=-0.07504689340656512,std=0.05612430243936265
	gnorm= 2.3054993412540488
	symmetric= True
	solver time=0.03267645835876465,exit status=0
	SR solver time= 0.03276491165161133
	xnorm=5.219837699144836,dnorm=0.07536408350406557
	niter= 39
step= 181

nparam= 9900
	log prob= -37.260300790822185
	burn in time= 286.1988453865051
	sample time= 798.9252276420593
	self.n= 5000.0
	nsamples= 5000.0

Mean energy: -1.13921989e+02
Block size    # of blocks        Mean                Error
     1           5000       -1.13921989e+02       9.681972e-03
     2           2500       -1.13921989e+02       1.335233e-02
     5           1000       -1.13921989e+02       2.015041e-02
    10            500       -1.13921989e+02       2.699911e-02
    20            250       -1.13921989e+02       3.470607e-02
    50            100       -1.13921989e+02       4.413563e-02
    70             71       -1.13916615e+02       4.905609e-02
   100             50       -1.13921989e+02       4.916805e-02
   200             25       -1.13921989e+02       5.320987e-02
   500             10       -1.13921989e+02       5.826635e-02
Stocahstic error estimate: 4.916805e-02


Mean energy: -1.13921989e+02
Block size    # of blocks        Mean                Error
     1           5000       -1.13921989e+02       9.681972e-03
     2           2500       -1.13921989e+02       1.335233e-02
     5           1000       -1.13921989e+02       2.015041e-02
    10            500       -1.13921989e+02       2.699911e-02
    20            250       -1.13921989e+02       3.470607e-02
    50            100       -1.13921989e+02       4.413563e-02
    70             71       -1.13916615e+02       4.905609e-02
   100             50       -1.13921989e+02       4.916805e-02
   200             25       -1.13921989e+02       5.320987e-02
   500             10       -1.13921989e+02       5.826635e-02
Stocahstic error estimate: 4.916805e-02

	collect g,h time= 0.06185626983642578
E=-113.92198948885982,dE=-0.03112508486097454,std=0.049168053178944446
L=-113.92198948885982,dL=-0.03112508486097454,std=0.049168053178944446
	gnorm= 2.046220761033249
	symmetric= True
	solver time=0.03007960319519043,exit status=0
	SR solver time= 0.0302121639251709
	xnorm=5.218581905636743,dnorm=0.06590338441763961
	niter= 34
step= 182

nparam= 9900
	log prob= -36.74697671552032
	burn in time= 293.20621514320374
	sample time= 788.2151181697845
	self.n= 5000.0
	nsamples= 5000.0

Mean energy: -1.13825238e+02
Block size    # of blocks        Mean                Error
     1           5000       -1.13825238e+02       9.989739e-03
     2           2500       -1.13825238e+02       1.380896e-02
     5           1000       -1.13825238e+02       2.088876e-02
    10            500       -1.13825238e+02       2.803430e-02
    20            250       -1.13825238e+02       3.562188e-02
    50            100       -1.13825238e+02       4.430001e-02
    70             71       -1.13825457e+02       4.741242e-02
   100             50       -1.13825238e+02       4.899104e-02
   200             25       -1.13825238e+02       4.543354e-02
   500             10       -1.13825238e+02       5.128911e-02
Stocahstic error estimate: 4.899104e-02


Mean energy: -1.13825238e+02
Block size    # of blocks        Mean                Error
     1           5000       -1.13825238e+02       9.989739e-03
     2           2500       -1.13825238e+02       1.380896e-02
     5           1000       -1.13825238e+02       2.088876e-02
    10            500       -1.13825238e+02       2.803430e-02
    20            250       -1.13825238e+02       3.562188e-02
    50            100       -1.13825238e+02       4.430001e-02
    70             71       -1.13825457e+02       4.741242e-02
   100             50       -1.13825238e+02       4.899104e-02
   200             25       -1.13825238e+02       4.543354e-02
   500             10       -1.13825238e+02       5.128911e-02
Stocahstic error estimate: 4.899104e-02

	collect g,h time= 0.06481432914733887
E=-113.82523805487371,dE=0.09675143398611397,std=0.048991044022030375
L=-113.82523805487371,dL=0.09675143398611397,std=0.048991044022030375
	gnorm= 1.8679597241615609
	symmetric= True
	solver time=0.032979488372802734,exit status=0
	SR solver time= 0.03314089775085449
	xnorm=5.21762466770509,dnorm=0.06699999120617053
	niter= 35
step= 183

nparam= 9900
	log prob= -35.77662607344236
	burn in time= 298.15177869796753
	sample time= 787.4771666526794
	self.n= 5000.0
	nsamples= 5000.0

Mean energy: -1.13854182e+02
Block size    # of blocks        Mean                Error
     1           5000       -1.13854182e+02       1.007986e-02
     2           2500       -1.13854182e+02       1.400151e-02
     5           1000       -1.13854182e+02       2.119037e-02
    10            500       -1.13854182e+02       2.843063e-02
    20            250       -1.13854182e+02       3.713387e-02
    50            100       -1.13854182e+02       4.567481e-02
    70             71       -1.13856986e+02       5.269467e-02
   100             50       -1.13854182e+02       5.024675e-02
   200             25       -1.13854182e+02       5.829120e-02
   500             10       -1.13854182e+02       7.351698e-02
Stocahstic error estimate: 5.269467e-02


Mean energy: -1.13854182e+02
Block size    # of blocks        Mean                Error
     1           5000       -1.13854182e+02       1.007986e-02
     2           2500       -1.13854182e+02       1.400151e-02
     5           1000       -1.13854182e+02       2.119037e-02
    10            500       -1.13854182e+02       2.843063e-02
    20            250       -1.13854182e+02       3.713387e-02
    50            100       -1.13854182e+02       4.567481e-02
    70             71       -1.13856986e+02       5.269467e-02
   100             50       -1.13854182e+02       5.024675e-02
   200             25       -1.13854182e+02       5.829120e-02
   500             10       -1.13854182e+02       7.351698e-02
Stocahstic error estimate: 5.269467e-02

	collect g,h time= 0.06353259086608887
E=-113.85418244797289,dE=-0.028944393099180843,std=0.05269467197102433
L=-113.85418244797289,dL=-0.028944393099180843,std=0.05269467197102433
	gnorm= 1.7422208946265987
	symmetric= True
	solver time=0.03408980369567871,exit status=0
	SR solver time= 0.03418898582458496
	niter= 42
	xnorm=5.217353442461515,dnorm=0.07815579200063762
step= 184

nparam= 9900
	log prob= -36.879230687567514
	burn in time= 284.0591263771057
	sample time= 787.1572852134705
	self.n= 5000.0
	nsamples= 5000.0

Mean energy: -1.13954267e+02
Block size    # of blocks        Mean                Error
     1           5000       -1.13954267e+02       1.027000e-02
     2           2500       -1.13954267e+02       1.420836e-02
     5           1000       -1.13954267e+02       2.149049e-02
    10            500       -1.13954267e+02       2.878216e-02
    20            250       -1.13954267e+02       3.659051e-02
    50            100       -1.13954267e+02       4.635254e-02
    70             71       -1.13949877e+02       4.977292e-02
   100             50       -1.13954267e+02       4.871379e-02
   200             25       -1.13954267e+02       5.613548e-02
   500             10       -1.13954267e+02       6.806268e-02
Stocahstic error estimate: 4.977292e-02


Mean energy: -1.13954267e+02
Block size    # of blocks        Mean                Error
     1           5000       -1.13954267e+02       1.027000e-02
     2           2500       -1.13954267e+02       1.420836e-02
     5           1000       -1.13954267e+02       2.149049e-02
    10            500       -1.13954267e+02       2.878216e-02
    20            250       -1.13954267e+02       3.659051e-02
    50            100       -1.13954267e+02       4.635254e-02
    70             71       -1.13949877e+02       4.977292e-02
   100             50       -1.13954267e+02       4.871379e-02
   200             25       -1.13954267e+02       5.613548e-02
   500             10       -1.13954267e+02       6.806268e-02
Stocahstic error estimate: 4.977292e-02

	collect g,h time= 0.06141328811645508
E=-113.9542667288227,dE=-0.10008428084981347,std=0.049772924083176885
L=-113.9542667288227,dL=-0.10008428084981347,std=0.049772924083176885
	gnorm= 2.1602981207238416
	symmetric= True
	solver time=0.030480623245239258,exit status=0
	SR solver time= 0.030575990676879883
	xnorm=5.216332958694861,dnorm=0.06852396576927909
	niter= 35
step= 185

nparam= 9900
	log prob= -37.34936069392772
	burn in time= 291.431587934494
	sample time= 791.5053839683533
	self.n= 5000.0
	nsamples= 5000.0

Mean energy: -1.13930980e+02
Block size    # of blocks        Mean                Error
     1           5000       -1.13930980e+02       9.812667e-03
     2           2500       -1.13930980e+02       1.345231e-02
     5           1000       -1.13930980e+02       2.023282e-02
    10            500       -1.13930980e+02       2.701836e-02
    20            250       -1.13930980e+02       3.405914e-02
    50            100       -1.13930980e+02       4.391013e-02
    70             71       -1.13932198e+02       4.316354e-02
   100             50       -1.13930980e+02       5.145718e-02
   200             25       -1.13930980e+02       4.394697e-02
   500             10       -1.13930980e+02       5.451617e-02
Stocahstic error estimate: 4.391013e-02


Mean energy: -1.13930980e+02
Block size    # of blocks        Mean                Error
     1           5000       -1.13930980e+02       9.812667e-03
     2           2500       -1.13930980e+02       1.345231e-02
     5           1000       -1.13930980e+02       2.023282e-02
    10            500       -1.13930980e+02       2.701836e-02
    20            250       -1.13930980e+02       3.405914e-02
    50            100       -1.13930980e+02       4.391013e-02
    70             71       -1.13932198e+02       4.316354e-02
   100             50       -1.13930980e+02       5.145718e-02
   200             25       -1.13930980e+02       4.394697e-02
   500             10       -1.13930980e+02       5.451617e-02
Stocahstic error estimate: 4.391013e-02

	collect g,h time= 0.06345844268798828
E=-113.93098038397359,dE=0.02328634484911163,std=0.04391012536613957
L=-113.93098038397359,dL=0.02328634484911163,std=0.04391012536613957
	gnorm= 2.7118044355262887
	symmetric= True
	solver time=0.02580857276916504,exit status=0
	SR solver time= 0.025899171829223633
	xnorm=5.2155272163909,dnorm=0.05928090403272787
	niter= 30
step= 186

nparam= 9900
	log prob= -37.43050182197506
	burn in time= 293.68909430503845
	sample time= 794.8374824523926
	self.n= 5000.0
	nsamples= 5000.0

Mean energy: -1.13939647e+02
Block size    # of blocks        Mean                Error
     1           5000       -1.13939647e+02       9.808011e-03
     2           2500       -1.13939647e+02       1.352691e-02
     5           1000       -1.13939647e+02       2.041193e-02
    10            500       -1.13939647e+02       2.716715e-02
    20            250       -1.13939647e+02       3.344093e-02
    50            100       -1.13939647e+02       4.216975e-02
    70             71       -1.13945418e+02       4.104197e-02
   100             50       -1.13939647e+02       4.668677e-02
   200             25       -1.13939647e+02       4.936873e-02
   500             10       -1.13939647e+02       5.039183e-02
Stocahstic error estimate: 4.216975e-02


Mean energy: -1.13939647e+02
Block size    # of blocks        Mean                Error
     1           5000       -1.13939647e+02       9.808011e-03
     2           2500       -1.13939647e+02       1.352691e-02
     5           1000       -1.13939647e+02       2.041193e-02
    10            500       -1.13939647e+02       2.716715e-02
    20            250       -1.13939647e+02       3.344093e-02
    50            100       -1.13939647e+02       4.216975e-02
    70             71       -1.13945418e+02       4.104197e-02
   100             50       -1.13939647e+02       4.668677e-02
   200             25       -1.13939647e+02       4.936873e-02
   500             10       -1.13939647e+02       5.039183e-02
Stocahstic error estimate: 4.216975e-02

	collect g,h time= 0.061855316162109375
E=-113.93964695378905,dE=-0.008666569815460434,std=0.04216974522401142
L=-113.93964695378905,dL=-0.008666569815460434,std=0.04216974522401142
	gnorm= 1.8241727609119265
	symmetric= True
	solver time=0.0273282527923584,exit status=0
	SR solver time= 0.02747797966003418
	xnorm=5.214575413032783,dnorm=0.06738001268791662
	niter= 30
step= 187

nparam= 9900
	log prob= -37.22018736720885
	burn in time= 304.9251697063446
burn_in= 50
every= 50
layer= 0
nparam= 4950

step= 180

nparam= 9900
	log prob= -37.260300790822185
	burn in time= 1403.5188500881195
	sample time= 6206.075494289398
	self.n= 10000.0
	nsamples= 10000.0

Mean energy: -1.13876822e+02
Block size    # of blocks        Mean                Error
     1           10000       -1.13876822e+02       7.118828e-03
     2           5000       -1.13876822e+02       9.397596e-03
     5           2000       -1.13876822e+02       1.316492e-02
    10           1000       -1.13876822e+02       1.593859e-02
    20            500       -1.13876822e+02       1.850162e-02
    50            200       -1.13876822e+02       2.120269e-02
    70            142       -1.13876275e+02       2.159683e-02
   100            100       -1.13876822e+02       2.292339e-02
   200             50       -1.13876822e+02       2.353493e-02
   500             20       -1.13876822e+02       2.569260e-02
Stocahstic error estimate: 2.159683e-02


Mean energy: -1.13876822e+02
Block size    # of blocks        Mean                Error
     1           10000       -1.13876822e+02       7.118828e-03
     2           5000       -1.13876822e+02       9.397596e-03
     5           2000       -1.13876822e+02       1.316492e-02
    10           1000       -1.13876822e+02       1.593859e-02
    20            500       -1.13876822e+02       1.850162e-02
    50            200       -1.13876822e+02       2.120269e-02
    70            142       -1.13876275e+02       2.159683e-02
   100            100       -1.13876822e+02       2.292339e-02
   200             50       -1.13876822e+02       2.353493e-02
   500             20       -1.13876822e+02       2.569260e-02
Stocahstic error estimate: 2.159683e-02

	collect g,h time= 0.12631583213806152
E=-113.87682217378106,dE=0,std=0.021596828783266464
L=-113.87682217378106,dL=0,std=0.021596828783266464
	gnorm= 0.8668088163204372
	symmetric= True
	solver time=0.14130353927612305,exit status=0
	SR solver time= 0.14140629768371582
	xnorm=5.218581905636743,dnorm=0.1641861045711441
	niter= 41
step= 181

nparam= 9900
	log prob= -35.89041867640921
	burn in time= 1462.5730991363525
	sample time= 5785.86617732048
	self.n= 10000.0
	nsamples= 10000.0

Mean energy: -1.13883648e+02
Block size    # of blocks        Mean                Error
     1           10000       -1.13883648e+02       7.219146e-03
     2           5000       -1.13883648e+02       9.417126e-03
     5           2000       -1.13883648e+02       1.304467e-02
    10           1000       -1.13883648e+02       1.583440e-02
    20            500       -1.13883648e+02       1.812795e-02
    50            200       -1.13883648e+02       2.137177e-02
    70            142       -1.13882493e+02       2.179069e-02
   100            100       -1.13883648e+02       2.126099e-02
   200             50       -1.13883648e+02       2.148023e-02
   500             20       -1.13883648e+02       2.335011e-02
Stocahstic error estimate: 2.179069e-02


Mean energy: -1.13883648e+02
Block size    # of blocks        Mean                Error
     1           10000       -1.13883648e+02       7.219146e-03
     2           5000       -1.13883648e+02       9.417126e-03
     5           2000       -1.13883648e+02       1.304467e-02
    10           1000       -1.13883648e+02       1.583440e-02
    20            500       -1.13883648e+02       1.812795e-02
    50            200       -1.13883648e+02       2.137177e-02
    70            142       -1.13882493e+02       2.179069e-02
   100            100       -1.13883648e+02       2.126099e-02
   200             50       -1.13883648e+02       2.148023e-02
   500             20       -1.13883648e+02       2.335011e-02
Stocahstic error estimate: 2.179069e-02

	collect g,h time= 0.12199997901916504
E=-113.88364790645281,dE=-0.006825732671742912,std=0.021790688542817342
L=-113.88364790645281,dL=-0.006825732671742912,std=0.021790688542817342
	gnorm= 1.0152806247091168
	symmetric= True
	solver time=0.0702977180480957,exit status=0
	SR solver time= 0.07040882110595703
	xnorm=5.211891296883348,dnorm=0.09568123559584275
	niter= 25
step= 182

nparam= 9900
	log prob= -36.24427678651256
	burn in time= 1479.4870307445526
	sample time= 5818.2110958099365
	self.n= 10000.0
	nsamples= 10000.0

Mean energy: -1.13900205e+02
Block size    # of blocks        Mean                Error
     1           10000       -1.13900205e+02       6.917470e-03
     2           5000       -1.13900205e+02       9.066930e-03
     5           2000       -1.13900205e+02       1.268901e-02
    10           1000       -1.13900205e+02       1.563865e-02
    20            500       -1.13900205e+02       1.833375e-02
    50            200       -1.13900205e+02       2.050054e-02
    70            142       -1.13897683e+02       2.174837e-02
   100            100       -1.13900205e+02       2.252335e-02
   200             50       -1.13900205e+02       2.336497e-02
   500             20       -1.13900205e+02       2.809172e-02
Stocahstic error estimate: 2.252335e-02


Mean energy: -1.13900205e+02
Block size    # of blocks        Mean                Error
     1           10000       -1.13900205e+02       6.917470e-03
     2           5000       -1.13900205e+02       9.066930e-03
     5           2000       -1.13900205e+02       1.268901e-02
    10           1000       -1.13900205e+02       1.563865e-02
    20            500       -1.13900205e+02       1.833375e-02
    50            200       -1.13900205e+02       2.050054e-02
    70            142       -1.13897683e+02       2.174837e-02
   100            100       -1.13900205e+02       2.252335e-02
   200             50       -1.13900205e+02       2.336497e-02
   500             20       -1.13900205e+02       2.809172e-02
Stocahstic error estimate: 2.252335e-02

	collect g,h time= 0.13300848007202148
E=-113.90020459682476,dE=-0.016556690371956506,std=0.022523353815790497
L=-113.90020459682476,dL=-0.016556690371956506,std=0.022523353815790497
	gnorm= 0.7843392745773624
	symmetric= True
	solver time=0.09845972061157227,exit status=0
	SR solver time= 0.09863758087158203
	xnorm=5.2093638583070305,dnorm=0.13268011957707954
	niter= 32
step= 183

nparam= 9900
	log prob= -36.54633463637204
	burn in time= 1489.0418829917908
	sample time= 5898.162142038345
	self.n= 10000.0
	nsamples= 10000.0

Mean energy: -1.13940315e+02
Block size    # of blocks        Mean                Error
     1           10000       -1.13940315e+02       6.474484e-03
     2           5000       -1.13940315e+02       8.457339e-03
     5           2000       -1.13940315e+02       1.171330e-02
    10           1000       -1.13940315e+02       1.408842e-02
    20            500       -1.13940315e+02       1.638053e-02
    50            200       -1.13940315e+02       1.879914e-02
    70            142       -1.13938088e+02       1.866028e-02
   100            100       -1.13940315e+02       1.883580e-02
   200             50       -1.13940315e+02       1.941429e-02
   500             20       -1.13940315e+02       1.870848e-02
Stocahstic error estimate: 1.879914e-02


Mean energy: -1.13940315e+02
Block size    # of blocks        Mean                Error
     1           10000       -1.13940315e+02       6.474484e-03
     2           5000       -1.13940315e+02       8.457339e-03
     5           2000       -1.13940315e+02       1.171330e-02
    10           1000       -1.13940315e+02       1.408842e-02
    20            500       -1.13940315e+02       1.638053e-02
    50            200       -1.13940315e+02       1.879914e-02
    70            142       -1.13938088e+02       1.866028e-02
   100            100       -1.13940315e+02       1.883580e-02
   200             50       -1.13940315e+02       1.941429e-02
   500             20       -1.13940315e+02       1.870848e-02
Stocahstic error estimate: 1.879914e-02

	collect g,h time= 0.131211519241333
E=-113.94031502848394,dE=-0.04011043165917272,std=0.018799143641352118
L=-113.94031502848394,dL=-0.04011043165917272,std=0.018799143641352118
	gnorm= 0.723257737052086
	symmetric= True
	solver time=0.13307523727416992,exit status=0
	SR solver time= 0.13318490982055664
	xnorm=5.205161903958583,dnorm=0.17464482637404316
	niter= 45
step= 184

nparam= 9900
	log prob= -37.9866519583278
	burn in time= 1488.4520630836487
	sample time= 5850.009264469147
	self.n= 10000.0
	nsamples= 10000.0

Mean energy: -1.13948763e+02
Block size    # of blocks        Mean                Error
     1           10000       -1.13948763e+02       6.121933e-03
     2           5000       -1.13948763e+02       7.957318e-03
     5           2000       -1.13948763e+02       1.108134e-02
    10           1000       -1.13948763e+02       1.340474e-02
    20            500       -1.13948763e+02       1.525921e-02
    50            200       -1.13948763e+02       1.735524e-02
    70            142       -1.13948846e+02       1.738536e-02
   100            100       -1.13948763e+02       1.866889e-02
   200             50       -1.13948763e+02       1.849372e-02
   500             20       -1.13948763e+02       2.116506e-02
Stocahstic error estimate: 1.738536e-02


Mean energy: -1.13948763e+02
Block size    # of blocks        Mean                Error
     1           10000       -1.13948763e+02       6.121933e-03
     2           5000       -1.13948763e+02       7.957318e-03
     5           2000       -1.13948763e+02       1.108134e-02
    10           1000       -1.13948763e+02       1.340474e-02
    20            500       -1.13948763e+02       1.525921e-02
    50            200       -1.13948763e+02       1.735524e-02
    70            142       -1.13948846e+02       1.738536e-02
   100            100       -1.13948763e+02       1.866889e-02
   200             50       -1.13948763e+02       1.849372e-02
   500             20       -1.13948763e+02       2.116506e-02
Stocahstic error estimate: 1.738536e-02

	collect g,h time= 0.13022351264953613
E=-113.94876282487647,dE=-0.008447796392530904,std=0.017385356285169472
L=-113.94876282487647,dL=-0.008447796392530904,std=0.017385356285169472
	gnorm= 0.7473665598492414
	symmetric= True
	solver time=0.1269381046295166,exit status=0
	SR solver time= 0.1270434856414795
	xnorm=5.201829073854078,dnorm=0.15346100755505718
	niter= 43
step= 185

nparam= 9900
	log prob= -38.29552374910236
	burn in time= 1484.8102016448975
	sample time= 5755.917160749435
	self.n= 10000.0
	nsamples= 10000.0

Mean energy: -1.13976218e+02
Block size    # of blocks        Mean                Error
     1           10000       -1.13976218e+02       5.991332e-03
     2           5000       -1.13976218e+02       7.819792e-03
     5           2000       -1.13976218e+02       1.077027e-02
    10           1000       -1.13976218e+02       1.326077e-02
    20            500       -1.13976218e+02       1.561356e-02
    50            200       -1.13976218e+02       1.821604e-02
    70            142       -1.13973948e+02       1.969600e-02
   100            100       -1.13976218e+02       2.094922e-02
   200             50       -1.13976218e+02       2.175025e-02
   500             20       -1.13976218e+02       2.435479e-02
Stocahstic error estimate: 2.175025e-02


Mean energy: -1.13976218e+02
Block size    # of blocks        Mean                Error
     1           10000       -1.13976218e+02       5.991332e-03
     2           5000       -1.13976218e+02       7.819792e-03
     5           2000       -1.13976218e+02       1.077027e-02
    10           1000       -1.13976218e+02       1.326077e-02
    20            500       -1.13976218e+02       1.561356e-02
    50            200       -1.13976218e+02       1.821604e-02
    70            142       -1.13973948e+02       1.969600e-02
   100            100       -1.13976218e+02       2.094922e-02
   200             50       -1.13976218e+02       2.175025e-02
   500             20       -1.13976218e+02       2.435479e-02
Stocahstic error estimate: 2.175025e-02

	collect g,h time= 0.12270092964172363
E=-113.9762177868614,dE=-0.027454961984929582,std=0.021750252568611836
L=-113.9762177868614,dL=-0.027454961984929582,std=0.021750252568611836
	gnorm= 0.7164855361336453
	symmetric= True
	solver time=0.12088871002197266,exit status=0
	SR solver time= 0.12098312377929688
	xnorm=5.2012806099025015,dnorm=0.14706110241030323
	niter= 43
step= 186

nparam= 9900
	log prob= -38.33055391486339
	burn in time= 1482.7689187526703
	sample time= 5953.380655288696
	self.n= 10000.0
	nsamples= 10000.0

Mean energy: -1.14001763e+02
Block size    # of blocks        Mean                Error
     1           10000       -1.14001763e+02       6.122467e-03
     2           5000       -1.14001763e+02       7.975003e-03
     5           2000       -1.14001763e+02       1.096275e-02
    10           1000       -1.14001763e+02       1.334606e-02
    20            500       -1.14001763e+02       1.542581e-02
    50            200       -1.14001763e+02       1.672219e-02
    70            142       -1.14002932e+02       1.683235e-02
   100            100       -1.14001763e+02       1.650499e-02
   200             50       -1.14001763e+02       1.753203e-02
   500             20       -1.14001763e+02       2.230859e-02
Stocahstic error estimate: 1.683235e-02


Mean energy: -1.14001763e+02
Block size    # of blocks        Mean                Error
     1           10000       -1.14001763e+02       6.122467e-03
     2           5000       -1.14001763e+02       7.975003e-03
     5           2000       -1.14001763e+02       1.096275e-02
    10           1000       -1.14001763e+02       1.334606e-02
    20            500       -1.14001763e+02       1.542581e-02
    50            200       -1.14001763e+02       1.672219e-02
    70            142       -1.14002932e+02       1.683235e-02
   100            100       -1.14001763e+02       1.650499e-02
   200             50       -1.14001763e+02       1.753203e-02
   500             20       -1.14001763e+02       2.230859e-02
Stocahstic error estimate: 1.683235e-02

	collect g,h time= 0.16225814819335938
E=-114.00176264665373,dE=-0.02554485979233334,std=0.016832350037005662
L=-114.00176264665373,dL=-0.02554485979233334,std=0.016832350037005662
	gnorm= 0.7542325191516218
	symmetric= True
	solver time=0.15682315826416016,exit status=0
	SR solver time= 0.15695810317993164
	xnorm=5.201977368707136,dnorm=0.13306142629465653
	niter= 37
step= 187

nparam= 9900
	log prob= -38.22260450690136
	burn in time= 1396.5030825138092
	sample time= 6343.530712127686
	self.n= 10000.0
	nsamples= 10000.0

Mean energy: -1.14011045e+02
Block size    # of blocks        Mean                Error
     1           10000       -1.14011045e+02       5.847197e-03
     2           5000       -1.14011045e+02       7.621710e-03
     5           2000       -1.14011045e+02       1.056906e-02
    10           1000       -1.14011045e+02       1.291301e-02
    20            500       -1.14011045e+02       1.473294e-02
    50            200       -1.14011045e+02       1.709779e-02
    70            142       -1.14011672e+02       1.689579e-02
   100            100       -1.14011045e+02       1.781643e-02
   200             50       -1.14011045e+02       1.855901e-02
   500             20       -1.14011045e+02       1.706721e-02
Stocahstic error estimate: 1.709779e-02


Mean energy: -1.14011045e+02
Block size    # of blocks        Mean                Error
     1           10000       -1.14011045e+02       5.847197e-03
     2           5000       -1.14011045e+02       7.621710e-03
     5           2000       -1.14011045e+02       1.056906e-02
    10           1000       -1.14011045e+02       1.291301e-02
    20            500       -1.14011045e+02       1.473294e-02
    50            200       -1.14011045e+02       1.709779e-02
    70            142       -1.14011672e+02       1.689579e-02
   100            100       -1.14011045e+02       1.781643e-02
   200             50       -1.14011045e+02       1.855901e-02
   500             20       -1.14011045e+02       1.706721e-02
Stocahstic error estimate: 1.709779e-02

	collect g,h time= 0.12461018562316895
E=-114.01104459324843,dE=-0.009281946594697388,std=0.017097791791168725
L=-114.01104459324843,dL=-0.009281946594697388,std=0.017097791791168725
	gnorm= 0.6650728996438126
	symmetric= True
	solver time=0.11870932579040527,exit status=0
	SR solver time= 0.11884069442749023
	xnorm=5.201301170132353,dnorm=0.12024119732691504
	niter= 36
step= 188

nparam= 9900
	log prob= -40.41691494828832
	burn in time= 1406.4513058662415
	sample time= 5804.077109098434
	self.n= 10000.0
	nsamples= 10000.0

Mean energy: -1.14020060e+02
Block size    # of blocks        Mean                Error
     1           10000       -1.14020060e+02       5.628965e-03
     2           5000       -1.14020060e+02       7.368154e-03
     5           2000       -1.14020060e+02       1.020958e-02
    10           1000       -1.14020060e+02       1.262719e-02
    20            500       -1.14020060e+02       1.466298e-02
    50            200       -1.14020060e+02       1.642835e-02
    70            142       -1.14021802e+02       1.757463e-02
   100            100       -1.14020060e+02       1.793313e-02
   200             50       -1.14020060e+02       1.765754e-02
   500             20       -1.14020060e+02       1.863434e-02
Stocahstic error estimate: 1.793313e-02


Mean energy: -1.14020060e+02
Block size    # of blocks        Mean                Error
     1           10000       -1.14020060e+02       5.628965e-03
     2           5000       -1.14020060e+02       7.368154e-03
     5           2000       -1.14020060e+02       1.020958e-02
    10           1000       -1.14020060e+02       1.262719e-02
    20            500       -1.14020060e+02       1.466298e-02
    50            200       -1.14020060e+02       1.642835e-02
    70            142       -1.14021802e+02       1.757463e-02
   100            100       -1.14020060e+02       1.793313e-02
   200             50       -1.14020060e+02       1.765754e-02
   500             20       -1.14020060e+02       1.863434e-02
Stocahstic error estimate: 1.793313e-02

	collect g,h time= 0.12383604049682617
E=-114.02005972910376,dE=-0.009015135855335643,std=0.017933133264381614
L=-114.02005972910376,dL=-0.009015135855335643,std=0.017933133264381614
	gnorm= 0.7350330926041563
	symmetric= True
	solver time=0.08272218704223633,exit status=0
	SR solver time= 0.08284497261047363
	xnorm=5.200348931396706,dnorm=0.08526762923011764
	niter= 24
step= 189

nparam= 9900
	log prob= -40.08177490273296
	burn in time= 1448.3420295715332
	sample time= 6424.584330320358
	self.n= 10000.0
	nsamples= 10000.0

Mean energy: -1.14032316e+02
Block size    # of blocks        Mean                Error
     1           10000       -1.14032316e+02       5.772690e-03
     2           5000       -1.14032316e+02       7.574885e-03
     5           2000       -1.14032316e+02       1.044440e-02
    10           1000       -1.14032316e+02       1.267827e-02
    20            500       -1.14032316e+02       1.454820e-02
    50            200       -1.14032316e+02       1.608182e-02
    70            142       -1.14030705e+02       1.669980e-02
   100            100       -1.14032316e+02       1.587166e-02
   200             50       -1.14032316e+02       1.508799e-02
   500             20       -1.14032316e+02       8.446096e-03
Stocahstic error estimate: 1.669980e-02


Mean energy: -1.14032316e+02
Block size    # of blocks        Mean                Error
     1           10000       -1.14032316e+02       5.772690e-03
     2           5000       -1.14032316e+02       7.574885e-03
     5           2000       -1.14032316e+02       1.044440e-02
    10           1000       -1.14032316e+02       1.267827e-02
    20            500       -1.14032316e+02       1.454820e-02
    50            200       -1.14032316e+02       1.608182e-02
    70            142       -1.14030705e+02       1.669980e-02
   100            100       -1.14032316e+02       1.587166e-02
   200             50       -1.14032316e+02       1.508799e-02
   500             20       -1.14032316e+02       8.446096e-03
Stocahstic error estimate: 1.669980e-02

	collect g,h time= 0.1341700553894043
E=-114.03231623244812,dE=-0.01225650334436068,std=0.01669979544996016
L=-114.03231623244812,dL=-0.01225650334436068,std=0.01669979544996016
	gnorm= 0.6453226683443397
	symmetric= True
	solver time=0.1401679515838623,exit status=0
	SR solver time= 0.14035868644714355
	xnorm=5.202072909398764,dnorm=0.14483644313147556
	niter= 43
step= 190

nparam= 9900
	log prob= -46.30537014476484
	burn in time= 1488.5114481449127
	sample time= 5898.271886110306
	self.n= 10000.0
	nsamples= 10000.0

Mean energy: -1.14026114e+02
Block size    # of blocks        Mean                Error
     1           10000       -1.14026114e+02       5.593391e-03
     2           5000       -1.14026114e+02       7.250280e-03
     5           2000       -1.14026114e+02       9.934052e-03
    10           1000       -1.14026114e+02       1.194903e-02
    20            500       -1.14026114e+02       1.366940e-02
    50            200       -1.14026114e+02       1.442035e-02
    70            142       -1.14025077e+02       1.492941e-02
   100            100       -1.14026114e+02       1.611067e-02
   200             50       -1.14026114e+02       1.551191e-02
   500             20       -1.14026114e+02       1.796952e-02
Stocahstic error estimate: 1.492941e-02


Mean energy: -1.14026114e+02
Block size    # of blocks        Mean                Error
     1           10000       -1.14026114e+02       5.593391e-03
     2           5000       -1.14026114e+02       7.250280e-03
     5           2000       -1.14026114e+02       9.934052e-03
    10           1000       -1.14026114e+02       1.194903e-02
    20            500       -1.14026114e+02       1.366940e-02
    50            200       -1.14026114e+02       1.442035e-02
    70            142       -1.14025077e+02       1.492941e-02
   100            100       -1.14026114e+02       1.611067e-02
   200             50       -1.14026114e+02       1.551191e-02
   500             20       -1.14026114e+02       1.796952e-02
Stocahstic error estimate: 1.492941e-02

	collect g,h time= 0.1298675537109375
E=-114.02611435675523,dE=0.006201875692894987,std=0.014929409542146352
L=-114.02611435675523,dL=0.006201875692894987,std=0.014929409542146352
	gnorm= 0.6912701746585491
	symmetric= True
	solver time=0.9482262134552002,exit status=0
	SR solver time= 0.9483282566070557
	xnorm=5.203701551607919,dnorm=0.14001210874047573
	niter= 42
step= 191

nparam= 9900
	log prob= -49.112630048012726
	burn in time= 1466.7030608654022
	sample time= 6047.126124382019
	self.n= 10000.0
	nsamples= 10000.0

Mean energy: -1.14072574e+02
Block size    # of blocks        Mean                Error
     1           10000       -1.14072574e+02       5.378071e-03
     2           5000       -1.14072574e+02       6.995392e-03
     5           2000       -1.14072574e+02       9.516065e-03
    10           1000       -1.14072574e+02       1.140965e-02
    20            500       -1.14072574e+02       1.324883e-02
    50            200       -1.14072574e+02       1.488505e-02
    70            142       -1.14073019e+02       1.453646e-02
   100            100       -1.14072574e+02       1.588796e-02
   200             50       -1.14072574e+02       1.546109e-02
   500             20       -1.14072574e+02       1.464930e-02
Stocahstic error estimate: 1.488505e-02


Mean energy: -1.14072574e+02
Block size    # of blocks        Mean                Error
     1           10000       -1.14072574e+02       5.378071e-03
     2           5000       -1.14072574e+02       6.995392e-03
     5           2000       -1.14072574e+02       9.516065e-03
    10           1000       -1.14072574e+02       1.140965e-02
    20            500       -1.14072574e+02       1.324883e-02
    50            200       -1.14072574e+02       1.488505e-02
    70            142       -1.14073019e+02       1.453646e-02
   100            100       -1.14072574e+02       1.588796e-02
   200             50       -1.14072574e+02       1.546109e-02
   500             20       -1.14072574e+02       1.464930e-02
Stocahstic error estimate: 1.488505e-02

	collect g,h time= 0.15754175186157227
E=-114.07257369729315,dE=-0.04645934053792189,std=0.014885054502935471
L=-114.07257369729315,dL=-0.04645934053792189,std=0.014885054502935471
	gnorm= 0.6448151955851621
	symmetric= True
	solver time=0.17482924461364746,exit status=0
	SR solver time= 0.1749556064605713
	xnorm=5.206763650349826,dnorm=0.12790550348653307
	niter= 44
step= 192

nparam= 9900
	log prob= -43.339754560627775
	burn in time= 1474.100549697876
	sample time= 6317.770166873932
	self.n= 10000.0
	nsamples= 10000.0

Mean energy: -1.14052936e+02
Block size    # of blocks        Mean                Error
     1           10000       -1.14052936e+02       5.162032e-03
     2           5000       -1.14052936e+02       6.665051e-03
     5           2000       -1.14052936e+02       9.112140e-03
    10           1000       -1.14052936e+02       1.105272e-02
    20            500       -1.14052936e+02       1.254151e-02
    50            200       -1.14052936e+02       1.426581e-02
    70            142       -1.14052586e+02       1.360919e-02
   100            100       -1.14052936e+02       1.420801e-02
   200             50       -1.14052936e+02       1.354446e-02
   500             20       -1.14052936e+02       1.734891e-02
Stocahstic error estimate: 1.426581e-02


Mean energy: -1.14052936e+02
Block size    # of blocks        Mean                Error
     1           10000       -1.14052936e+02       5.162032e-03
     2           5000       -1.14052936e+02       6.665051e-03
     5           2000       -1.14052936e+02       9.112140e-03
    10           1000       -1.14052936e+02       1.105272e-02
    20            500       -1.14052936e+02       1.254151e-02
    50            200       -1.14052936e+02       1.426581e-02
    70            142       -1.14052586e+02       1.360919e-02
   100            100       -1.14052936e+02       1.420801e-02
   200             50       -1.14052936e+02       1.354446e-02
   500             20       -1.14052936e+02       1.734891e-02
Stocahstic error estimate: 1.426581e-02

	collect g,h time= 0.12437129020690918
E=-114.05293591533287,dE=0.01963778196028443,std=0.014265808377331013
L=-114.05293591533287,dL=0.01963778196028443,std=0.014265808377331013
	gnorm= 0.7601304100226829
	symmetric= True
	solver time=0.11057662963867188,exit status=0
	SR solver time= 0.11068415641784668
	xnorm=5.209415132529621,dnorm=0.09871012986872171
	niter= 34
step= 193

nparam= 9900
	log prob= -43.18737762986122
	burn in time= 1452.2126553058624
