layer= 0
nparam= 660
hop_ls= [(1, 5), (1, 8), (1, 9), (1, 13), (5, 8), (5, 9), (5, 13), (8, 9), (8, 13), (9, 13)]

layer= 1
nparam= 144
hop_ls= [(9, 14), (1, 6), (2, 5), (2, 8), (2, 14), (13, 14), (6, 8), (6, 14), (5, 6), (8, 14), (1, 2), (1, 14), (2, 13), (6, 13), (5, 14), (2, 9), (2, 6), (6, 9)]

layer= 2
nparam= 152
hop_ls= [(6, 12), (4, 9), (4, 6), (4, 12), (12, 13), (0, 2), (5, 10), (0, 5), (8, 12), (0, 8), (0, 14), (10, 12), (1, 12), (4, 5), (4, 8), (4, 14), (5, 12), (0, 1), (9, 10), (2, 4), (0, 4), (0, 10), (0, 13), (2, 10), (10, 14), (6, 10), (12, 14), (4, 10), (4, 13), (9, 12), (0, 9), (8, 10), (1, 4), (0, 6), (0, 12), (2, 12), (1, 10), (10, 13)]

layer= 3
nparam= 48
hop_ls= [(6, 15), (3, 4), (3, 10), (5, 7), (4, 15), (3, 13), (9, 11), (11, 14), (1, 3), (2, 11), (8, 15), (0, 11), (10, 15), (1, 15), (6, 11), (7, 10), (7, 13), (3, 9), (12, 15), (3, 6), (3, 12), (4, 11), (14, 15), (8, 11), (0, 7), (5, 15), (10, 11), (2, 7), (1, 11), (11, 13), (7, 9), (6, 7), (7, 12), (4, 7), (3, 5), (3, 8), (3, 14), (5, 11), (0, 3), (9, 15), (2, 3), (11, 12), (1, 7), (0, 15), (2, 15), (13, 15), (7, 8), (7, 14)]

step= 0

nparam= 1004
ntotal configs= 4900
        dense amplitude time= 0.0496830940246582
        total non-zero amplitudes= 4900
        nsamples per process= 159
        sample time= 14.947526931762695
        self.n= 0.7575008661711544
        collect g,h time= 18.592708587646484
E=-9.448276009235459,dE=0,std=0
L=-9.448276009235459,dL=0,std=0
        gnorm= 0.4525644912245643
        symmetric= True
        solver time=0.008887529373168945,exit status=0
        SR solver time= 0.008977651596069336
        symmetric= False
        niter= 41
        niter= 172
        solver time=0.061525583267211914,exit status=0
        RGN solver time= 0.06156325340270996
        xnorm=1.873119045818676,dnorm=4.732927468124747
        dense amplitude time= 0.049016714096069336
        total non-zero amplitudes= 4900
        nsamples per process= 159
        sample time= 0.5078587532043457
        self.n= 0.5718161440365319
        RGN updated loss=-9.319877107896785,dloss=0.1283989013386737
        xnorm=1.873119045818676,dnorm=0.24100558807831726
step= 1

nparam= 1004
        dense amplitude time= 0.05432009696960449
        total non-zero amplitudes= 4900
        nsamples per process= 159
        sample time= 2.511446952819824
        self.n= 0.7763829487005136
        collect g,h time= 4.18305778503418
E=-9.522016120488955,dE=-0.07374011125349611,std=0
L=-9.522016120488955,dL=-0.07374011125349611,std=0
        gnorm= 0.4080224176323703
        symmetric= True
        solver time=0.0062830448150634766,exit status=0
        SR solver time= 0.006348371505737305
        symmetric= False
        niter= 41
        niter= 154
        solver time=0.043067216873168945,exit status=0
        RGN solver time= 0.04309821128845215
        xnorm=1.7621439478850984,dnorm=3.656077718154562
        dense amplitude time= 0.048993825912475586
        total non-zero amplitudes= 4900
        nsamples per process= 159
        sample time= 0.5029110908508301
        self.n= 0.6585998945310132
        RGN updated loss=-9.637168365209812,dloss=-0.11515224472085706
step= 2

nparam= 1004
        dense amplitude time= 0.048668622970581055
        total non-zero amplitudes= 4900
        nsamples per process= 159
        sample time= 2.5579283237457275
        self.n= 0.658599894531013
        collect g,h time= 4.221522569656372
E=-9.637168365209812,dE=-0.11515224472085706,std=0
L=-9.637168365209812,dL=-0.11515224472085706,std=0
        gnorm= 0.43353970604098274
        symmetric= True
        solver time=0.005708456039428711,exit status=0
        SR solver time= 0.0057451725006103516
        symmetric= False
        niter= 40
        niter= 156
        solver time=0.04224705696105957,exit status=0
        RGN solver time= 0.042279958724975586
        xnorm=3.76803612140136,dnorm=2.403740748685013
        dense amplitude time= 0.04888653755187988
        total non-zero amplitudes= 4900
        nsamples per process= 159
        sample time= 0.5050492286682129
        self.n= 0.7601015593461957
        RGN updated loss=-9.838019099109754,dloss=-0.20085073389994257
step= 3

nparam= 1004
        dense amplitude time= 0.04610872268676758
        total non-zero amplitudes= 4900
        nsamples per process= 159
        sample time= 2.439587116241455
        self.n= 0.7601015593461955
        collect g,h time= 4.243642330169678
E=-9.838019099109754,dE=-0.20085073389994257,std=0
L=-9.838019099109754,dL=-0.20085073389994257,std=0
        gnorm= 0.14669062848965875
        symmetric= True
        solver time=0.006167888641357422,exit status=0
        SR solver time= 0.006233692169189453
        symmetric= False
        niter= 41
        niter= 168
        solver time=0.048728227615356445,exit status=0
        RGN solver time= 0.04876375198364258
        xnorm=3.687447647904782,dnorm=1.5313616727784811
        dense amplitude time= 0.04906487464904785
        total non-zero amplitudes= 4900
        nsamples per process= 159
        sample time= 0.502204179763794
        self.n= 0.7960119981211677
        RGN updated loss=-9.879774419925676,dloss=-0.04175532081592159
step= 4

nparam= 1004
        dense amplitude time= 0.047899484634399414
        total non-zero amplitudes= 4900
        nsamples per process= 159
        sample time= 2.4232115745544434
        self.n= 0.7960119981211675
        collect g,h time= 4.198396921157837
E=-9.879774419925676,dE=-0.04175532081592159,std=0
L=-9.879774419925676,dL=-0.04175532081592159,std=0
        gnorm= 0.07752089647425388
        symmetric= True
        solver time=0.005672454833984375,exit status=0
        SR solver time= 0.005708456039428711
        symmetric= False
        niter= 42
        niter= 187
        solver time=0.04966998100280762,exit status=0
        RGN solver time= 0.049701690673828125
        xnorm=3.8580803887688413,dnorm=1.1053785870625
        dense amplitude time= 0.04875540733337402
        total non-zero amplitudes= 4900
        nsamples per process= 159
        sample time= 0.5101983547210693
        self.n= 0.7429465381215296
        RGN updated loss=-9.890443413209116,dloss=-0.010668993283440287
step= 5

nparam= 1004
        dense amplitude time= 0.04604959487915039
        total non-zero amplitudes= 4900
        nsamples per process= 159
        sample time= 2.4689431190490723
        self.n= 0.7429465381215292
        collect g,h time= 4.220735549926758
E=-9.890443413209113,dE=-0.010668993283436734,std=0
L=-9.890443413209113,dL=-0.010668993283436734,std=0
        gnorm= 0.04661981090887542
        symmetric= True
        solver time=0.006273984909057617,exit status=0
        SR solver time= 0.006335735321044922
        symmetric= False
        niter= 43
        niter= 188
        solver time=0.05147981643676758,exit status=0
        RGN solver time= 0.05151534080505371
        xnorm=4.036827089762659,dnorm=0.8930707311725914
        dense amplitude time= 0.04919099807739258
        total non-zero amplitudes= 4900
        nsamples per process= 159
        sample time= 0.504429817199707
        self.n= 0.6774186401846405
        RGN updated loss=-9.895440490254355,dloss=-0.004997077045242548
step= 6

nparam= 1004
        dense amplitude time= 0.04768228530883789
        total non-zero amplitudes= 4900
        nsamples per process= 159
        sample time= 2.5113985538482666
        self.n= 0.6774186401846403
        collect g,h time= 4.221874713897705
E=-9.895440490254357,dE=-0.004997077045244325,std=0
L=-9.895440490254357,dL=-0.004997077045244325,std=0
        gnorm= 0.042851616960745964
        symmetric= True
        solver time=0.006101131439208984,exit status=0
        SR solver time= 0.006134510040283203
        symmetric= False
        niter= 44
        niter= 199
        solver time=0.05384254455566406,exit status=0
        RGN solver time= 0.05387139320373535
        xnorm=4.180383309587083,dnorm=0.7396940293797947
        dense amplitude time= 0.04866623878479004
        total non-zero amplitudes= 4900
        nsamples per process= 159
        sample time= 0.5005767345428467
        self.n= 0.6289786749863898
        RGN updated loss=-9.899300967206386,dloss=-0.0038604769520294013
step= 7

nparam= 1004
        dense amplitude time= 0.05616950988769531
        total non-zero amplitudes= 4900
        nsamples per process= 159
        sample time= 2.4230098724365234
        self.n= 0.6289786749863893
        collect g,h time= 4.229296922683716
E=-9.899300967206386,dE=-0.0038604769520294013,std=0
L=-9.899300967206386,dL=-0.0038604769520294013,std=0
        gnorm= 0.025491296882030428
        symmetric= True
        solver time=0.005987882614135742,exit status=0
        SR solver time= 0.006021022796630859
        symmetric= False
        niter= 44
        niter= 219
        solver time=0.05931806564331055,exit status=0
        RGN solver time= 0.05934762954711914
        xnorm=4.206436770775998,dnorm=0.6170130087854021
        dense amplitude time= 0.04883241653442383
        total non-zero amplitudes= 4900
        nsamples per process= 159
        sample time= 0.5019571781158447
        self.n= 0.5641667438916749
        RGN updated loss=-9.901437108321334,dloss=-0.0021361411149474208
step= 8

nparam= 1004
        dense amplitude time= 0.04885458946228027
        total non-zero amplitudes= 4900
        nsamples per process= 159
        sample time= 2.494708299636841
        self.n= 0.5641667438916744
        collect g,h time= 4.278910398483276
E=-9.901437108321332,dE=-0.0021361411149456444,std=0
L=-9.901437108321332,dL=-0.0021361411149456444,std=0
        gnorm= 0.027006214825732223
        symmetric= True
        solver time=0.006623506546020508,exit status=0
        SR solver time= 0.006690263748168945
        symmetric= False
        niter= 46
        niter= 219
        solver time=0.05954718589782715,exit status=0
        RGN solver time= 0.05959725379943848
        xnorm=4.249391004697946,dnorm=0.4985927081142348
        dense amplitude time= 0.04887509346008301
        total non-zero amplitudes= 4900
        nsamples per process= 159
        sample time= 0.5048880577087402
        self.n= 0.5308804917960485
        RGN updated loss=-9.903281013155272,dloss=-0.0018439048339402575
step= 9

nparam= 1004
        dense amplitude time= 0.04684329032897949
        total non-zero amplitudes= 4900
        nsamples per process= 159
        sample time= 2.470201253890991
        self.n= 0.530880491796048
        collect g,h time= 4.196194648742676
E=-9.90328101315527,dE=-0.0018439048339384811,std=0
L=-9.90328101315527,dL=-0.0018439048339384811,std=0
        gnorm= 0.015010504617421597
        symmetric= True
        solver time=0.006475925445556641,exit status=0
        SR solver time= 0.0065097808837890625
        symmetric= False
        niter= 44
        niter= 242
        solver time=0.06540799140930176,exit status=0
        RGN solver time= 0.06543946266174316
        xnorm=4.233047867353671,dnorm=0.4451380166580425
        dense amplitude time= 0.0487363338470459
        total non-zero amplitudes= 4900
        nsamples per process= 159
        sample time= 0.5035350322723389
        self.n= 0.4623017313125307
        RGN updated loss=-9.904161737041129,dloss=-0.0008807238858583588
step= 10

nparam= 1004
        dense amplitude time= 0.056142568588256836
        total non-zero amplitudes= 4900
        nsamples per process= 159
        sample time= 2.421407699584961
        self.n= 0.4623017313125304
        collect g,h time= 4.125759840011597
E=-9.904161737041129,dE=-0.0008807238858583588,std=0
L=-9.904161737041129,dL=-0.0008807238858583588,std=0
        gnorm= 0.016343618188311867
        symmetric= True
        solver time=0.006335735321044922,exit status=0
        SR solver time= 0.006371974945068359
        symmetric= False
        niter= 47
        niter= 236
        solver time=0.06312775611877441,exit status=0
        RGN solver time= 0.06315755844116211
        xnorm=4.248587858721385,dnorm=0.35244662593305626
        dense amplitude time= 0.04893994331359863
        total non-zero amplitudes= 4900
        nsamples per process= 159
        sample time= 0.5030252933502197
        self.n= 0.4448059220333743
        RGN updated loss=-9.90493641439872,dloss=-0.0007746773575920685
step= 11

nparam= 1004
        dense amplitude time= 0.06965303421020508
        total non-zero amplitudes= 4900
        nsamples per process= 159
        sample time= 2.419240951538086
        self.n= 0.444805922033374
        collect g,h time= 4.221893072128296
E=-9.90493641439872,dE=-0.0007746773575920685,std=0
L=-9.90493641439872,dL=-0.0007746773575920685,std=0
        gnorm= 0.012344802974632784
        symmetric= True
        solver time=0.006356477737426758,exit status=0
        SR solver time= 0.006391048431396484
        symmetric= False
        niter= 45
        niter= 242
        solver time=0.06516361236572266,exit status=0
        RGN solver time= 0.06519508361816406
        xnorm=4.246155950778657,dnorm=0.30345079655254853
        dense amplitude time= 0.049086570739746094
        total non-zero amplitudes= 4900
        nsamples per process= 159
        sample time= 0.5029182434082031
        self.n= 0.4021202985810225
        RGN updated loss=-9.905375141182295,dloss=-0.0004387267835745945
step= 12

nparam= 1004
        dense amplitude time= 0.048239707946777344
        total non-zero amplitudes= 4900
        nsamples per process= 159
        sample time= 2.4270052909851074
        self.n= 0.40212029858102266
        collect g,h time= 4.238773822784424
E=-9.905375141182297,dE=-0.00043872678357637085,std=0
L=-9.905375141182297,dL=-0.00043872678357637085,std=0
        gnorm= 0.008695695847888986
        symmetric= True
        solver time=0.006642818450927734,exit status=0
        SR solver time= 0.0067081451416015625
        symmetric= False
        niter= 45
        niter= 250
        solver time=0.06827092170715332,exit status=0
        RGN solver time= 0.06830143928527832
        xnorm=4.275722417660721,dnorm=0.2541777648877723
        dense amplitude time= 0.04737353324890137
        total non-zero amplitudes= 4900
        nsamples per process= 159
        sample time= 0.5042150020599365
        self.n= 0.3841836581568515
        RGN updated loss=-9.905643941706222,dloss=-0.0002688005239246394
step= 13

nparam= 1004
        dense amplitude time= 0.04669690132141113
        total non-zero amplitudes= 4900
        nsamples per process= 159
        sample time= 2.4670515060424805
        self.n= 0.38418365815685135
        collect g,h time= 4.261953353881836
E=-9.905643941706222,dE=-0.0002688005239246394,std=0
L=-9.905643941706222,dL=-0.0002688005239246394,std=0
        gnorm= 0.0067038865034520796
        symmetric= True
        solver time=0.00587773323059082,exit status=0
        SR solver time= 0.005911111831665039
        symmetric= False
        niter= 43
        niter= 252
        solver time=0.0688178539276123,exit status=0
        RGN solver time= 0.06884884834289551
        xnorm=4.302743487269887,dnorm=0.22049012705894033
        dense amplitude time= 0.048844337463378906
        total non-zero amplitudes= 4900
        nsamples per process= 159
        sample time= 0.5038180351257324
        self.n= 0.36462249325537266
        RGN updated loss=-9.90581865896822,dloss=-0.0001747172619985804
step= 14

nparam= 1004
        dense amplitude time= 0.046762943267822266
        total non-zero amplitudes= 4900
        nsamples per process= 159
        sample time= 2.4222066402435303
        self.n= 0.36462249325537227
        collect g,h time= 4.184265375137329
E=-9.905818658968219,dE=-0.00017471726199680404,std=0
L=-9.905818658968219,dL=-0.00017471726199680404,std=0
        gnorm= 0.005635972483803546
        symmetric= True
        solver time=0.0059261322021484375,exit status=0
        SR solver time= 0.005960226058959961
        symmetric= False
        niter= 42
        niter= 256
        solver time=0.0718233585357666,exit status=0
        RGN solver time= 0.07185173034667969
        xnorm=4.336304838234133,dnorm=0.1916959068579591
        dense amplitude time= 0.04882073402404785
        total non-zero amplitudes= 4900
        nsamples per process= 159
        sample time= 0.50357985496521
        self.n= 0.350452710144907
        RGN updated loss=-9.905943101606159,dloss=-0.00012444263794009203
step= 15

nparam= 1004
        dense amplitude time= 0.05692696571350098
        total non-zero amplitudes= 4900
        nsamples per process= 159
        sample time= 2.4126152992248535
        self.n= 0.3504527101449068
        collect g,h time= 4.233655214309692
E=-9.90594310160616,dE=-0.00012444263794186838,std=0
L=-9.90594310160616,dL=-0.00012444263794186838,std=0
        gnorm= 0.004373068725653255
        symmetric= True
        solver time=0.0061604976654052734,exit status=0
        SR solver time= 0.006196260452270508
        symmetric= False
        niter= 41
        niter= 266
        solver time=0.07205653190612793,exit status=0
        RGN solver time= 0.07208824157714844
        xnorm=4.370217434374453,dnorm=0.16776127013706305
        dense amplitude time= 0.05069875717163086
        total non-zero amplitudes= 4900
        nsamples per process= 159
        sample time= 0.5044665336608887
        self.n= 0.338781450847124
        RGN updated loss=-9.906032070429548,dloss=-8.896882338760292e-05
step= 16

nparam= 1004
        dense amplitude time= 0.04735374450683594
        total non-zero amplitudes= 4900
        nsamples per process= 159
        sample time= 2.415034294128418
        self.n= 0.3387814508471241
        collect g,h time= 4.26863694190979
E=-9.90603207042955,dE=-8.896882338937928e-05,std=0
L=-9.90603207042955,dL=-8.896882338937928e-05,std=0
        gnorm= 0.003410867164748681
        symmetric= True
        solver time=0.005463838577270508,exit status=0
        SR solver time= 0.005499124526977539
        symmetric= False
        niter= 40
        niter= 276
        solver time=0.0736382007598877,exit status=0
        RGN solver time= 0.07366728782653809
        xnorm=4.404116277178442,dnorm=0.1484280795172612
        dense amplitude time= 0.048781633377075195
        total non-zero amplitudes= 4900
        nsamples per process= 159
        sample time= 0.505131721496582
        self.n= 0.3295851842191311
        RGN updated loss=-9.906097857588634,dloss=-6.578715908389654e-05
step= 17

nparam= 1004
        dense amplitude time= 0.05541729927062988
        total non-zero amplitudes= 4900
        nsamples per process= 159
        sample time= 2.448993682861328
        self.n= 0.3295851842191307
        collect g,h time= 4.110903978347778
E=-9.906097857588634,dE=-6.578715908389654e-05,std=0
L=-9.906097857588634,dL=-6.578715908389654e-05,std=0
        gnorm= 0.0025956604762251974
        symmetric= True
        solver time=0.0056340694427490234,exit status=0
        SR solver time= 0.005702495574951172
        symmetric= False
        niter= 40
        niter= 281
        solver time=0.0760340690612793,exit status=0
        RGN solver time= 0.0760648250579834
        xnorm=4.436814731354857,dnorm=0.13295336975439992
        dense amplitude time= 0.04886269569396973
        total non-zero amplitudes= 4900
        nsamples per process= 159
        sample time= 0.5039081573486328
        self.n= 0.3225499354721246
        RGN updated loss=-9.906147875806878,dloss=-5.0018218244574086e-05
step= 18

nparam= 1004
        dense amplitude time= 0.048562049865722656
        total non-zero amplitudes= 4900
        nsamples per process= 159
        sample time= 2.4261772632598877
        self.n= 0.32254993547212474
        collect g,h time= 4.171472549438477
E=-9.906147875806878,dE=-5.0018218244574086e-05,std=0
L=-9.906147875806878,dL=-5.0018218244574086e-05,std=0
        gnorm= 0.002000249854405983
        symmetric= True
        solver time=0.005605936050415039,exit status=0
        SR solver time= 0.005644559860229492
        symmetric= False
        niter= 40
        niter= 281
        solver time=0.07629585266113281,exit status=0
        RGN solver time= 0.07632613182067871
        xnorm=4.467970765083387,dnorm=0.12135943491398965
        dense amplitude time= 0.04894685745239258
        total non-zero amplitudes= 4900
        nsamples per process= 159
        sample time= 0.503669023513794
        self.n= 0.31716370619834494
        RGN updated loss=-9.906187600221417,dloss=-3.9724414538255814e-05
step= 19

nparam= 1004
        dense amplitude time= 0.04343056678771973
        total non-zero amplitudes= 4900
        nsamples per process= 159
        sample time= 2.438621759414673
        self.n= 0.3171637061983448
        collect g,h time= 4.154465198516846
E=-9.906187600221415,dE=-3.972441453647946e-05,std=0
L=-9.906187600221415,dL=-3.972441453647946e-05,std=0
        gnorm= 0.0015536516224018437
        symmetric= True
        solver time=0.005449056625366211,exit status=0
        SR solver time= 0.005484580993652344
        symmetric= False
        niter= 39
        niter= 290
        solver time=0.07826542854309082,exit status=0
        RGN solver time= 0.07829880714416504
        xnorm=4.497514435839516,dnorm=0.11216075541823155
        dense amplitude time= 0.048906803131103516
        total non-zero amplitudes= 4900
        nsamples per process= 159
        sample time= 0.5020701885223389
        self.n= 0.31309668236979515
        RGN updated loss=-9.90622028626079,dloss=-3.268603937556236e-05
step= 20

nparam= 1004
        dense amplitude time= 0.04724931716918945
        total non-zero amplitudes= 4900
        nsamples per process= 159
        sample time= 2.4019014835357666
        self.n= 0.3130966823697949
        collect g,h time= 4.145638465881348
E=-9.906220286260794,dE=-3.268603937911507e-05,std=0
L=-9.906220286260794,dL=-3.268603937911507e-05,std=0
        gnorm= 0.0012253174659862711
        symmetric= True
        solver time=0.005353689193725586,exit status=0
        SR solver time= 0.00538945198059082
        symmetric= False
        niter= 39
        niter= 303
        solver time=0.08161735534667969,exit status=0
        RGN solver time= 0.08164691925048828
        xnorm=4.525700761431359,dnorm=0.10556337269687023
        dense amplitude time= 0.04881024360656738
        total non-zero amplitudes= 4900
        nsamples per process= 159
        sample time= 0.501716136932373
        self.n= 0.31001653025804515
        RGN updated loss=-9.90624839317573,dloss=-2.8106914935932537e-05
step= 21

nparam= 1004
        dense amplitude time= 0.05406928062438965
        total non-zero amplitudes= 4900
        nsamples per process= 159
        sample time= 2.4643123149871826
        self.n= 0.3100165302580452
        collect g,h time= 4.163568735122681
E=-9.906248393175732,dE=-2.8106914937708893e-05,std=0
L=-9.906248393175732,dL=-2.8106914937708893e-05,std=0
        gnorm= 0.001002525943947891
        symmetric= True
        solver time=0.005285739898681641,exit status=0
        SR solver time= 0.0053217411041259766
        symmetric= False
        niter= 39
        niter= 312
        solver time=0.08380889892578125,exit status=0
        RGN solver time= 0.08384203910827637
        xnorm=4.552288117182135,dnorm=0.10072275343311206
        dense amplitude time= 0.048718929290771484
        total non-zero amplitudes= 4900
        nsamples per process= 159
        sample time= 0.5017096996307373
        self.n= 0.30757992697049524
        RGN updated loss=-9.906273431032576,dloss=-2.5037856843823647e-05
step= 22

nparam= 1004
        dense amplitude time= 0.04716801643371582
        total non-zero amplitudes= 4900
        nsamples per process= 159
        sample time= 2.3887596130371094
        self.n= 0.3075799269704953
        collect g,h time= 4.133188724517822
E=-9.906273431032574,dE=-2.503785684204729e-05,std=0
L=-9.906273431032574,dL=-2.503785684204729e-05,std=0
        gnorm= 0.00090926178545358
        symmetric= True
        solver time=0.005359649658203125,exit status=0
        SR solver time= 0.005396604537963867
        symmetric= False
        niter= 39
        niter= 312
        solver time=0.08388876914978027,exit status=0
        RGN solver time= 0.08391809463500977
        xnorm=4.577631408965251,dnorm=0.09735120281589847
        dense amplitude time= 0.04904007911682129
        total non-zero amplitudes= 4900
        nsamples per process= 159
        sample time= 0.5017333030700684
        self.n= 0.3055301434607442
        RGN updated loss=-9.906296510732862,dloss=-2.3079700287809146e-05
step= 23

nparam= 1004
        dense amplitude time= 0.05577492713928223
        total non-zero amplitudes= 4900
        nsamples per process= 159
        sample time= 2.40630841255188
        self.n= 0.30553014346074414
        collect g,h time= 4.123201847076416
E=-9.906296510732862,dE=-2.3079700287809146e-05,std=0
L=-9.906296510732862,dL=-2.3079700287809146e-05,std=0
        gnorm= 0.0007898123822567962
        symmetric= True
        solver time=0.00532221794128418,exit status=0
        SR solver time= 0.005388021469116211
        symmetric= False
        niter= 39
        niter= 312
        solver time=0.08479905128479004,exit status=0
        RGN solver time= 0.08483147621154785
        xnorm=4.601854448909355,dnorm=0.09525640422479205
        dense amplitude time= 0.0489652156829834
        total non-zero amplitudes= 4900
        nsamples per process= 159
        sample time= 0.5011436939239502
        self.n= 0.3037692212382757
        RGN updated loss=-9.906318463202098,dloss=-2.1952469236197203e-05
step= 24

nparam= 1004
        dense amplitude time= 0.05540347099304199
        total non-zero amplitudes= 4900
        nsamples per process= 159
        sample time= 2.437832832336426
        self.n= 0.3037692212382759
        collect g,h time= 4.091034650802612
E=-9.906318463202096,dE=-2.1952469234420846e-05,std=0
L=-9.906318463202096,dL=-2.1952469234420846e-05,std=0
        gnorm= 0.0007337405975789613
        symmetric= True
        solver time=0.005214691162109375,exit status=0
        SR solver time= 0.005250692367553711
        symmetric= False
        niter= 39
        niter= 312
        solver time=0.08350920677185059,exit status=0
        RGN solver time= 0.08354020118713379
        xnorm=4.6252335787465295,dnorm=0.09412954918757264
        dense amplitude time= 0.048845767974853516
        total non-zero amplitudes= 4900
        nsamples per process= 159
        sample time= 0.5007071495056152
        self.n= 0.30205389230793145
        RGN updated loss=-9.906339832856435,dloss=-2.1369654339409294e-05
step= 25

nparam= 1004
        dense amplitude time= 0.054913997650146484
        total non-zero amplitudes= 4900
        nsamples per process= 159
        sample time= 2.401263475418091
        self.n= 0.302053892307931
        collect g,h time= 4.148357391357422
E=-9.906339832856435,dE=-2.1369654339409294e-05,std=0
L=-9.906339832856435,dL=-2.1369654339409294e-05,std=0
        gnorm= 0.0007277766115601622
        symmetric= True
        solver time=0.00529932975769043,exit status=0
        SR solver time= 0.005334615707397461
        symmetric= False
        niter= 39
        niter= 312
        solver time=0.08438801765441895,exit status=0
        RGN solver time= 0.08442163467407227
        xnorm=4.6478828526412,dnorm=0.09381136743759325
        dense amplitude time= 0.048737287521362305
        total non-zero amplitudes= 4900
        nsamples per process= 159
        sample time= 0.5019643306732178
        self.n= 0.30025185349792005
        RGN updated loss=-9.906361070251018,dloss=-2.123739458248508e-05
step= 26

nparam= 1004
        dense amplitude time= 0.04860424995422363
        total non-zero amplitudes= 4900
        nsamples per process= 159
        sample time= 2.4256300926208496
        self.n= 0.30025185349792005
        collect g,h time= 4.169860363006592
E=-9.906361070251016,dE=-2.1237394580708724e-05,std=0
L=-9.906361070251016,dL=-2.1237394580708724e-05,std=0
        gnorm= 0.0007092605006502243
        symmetric= True
        solver time=0.005310773849487305,exit status=0
        SR solver time= 0.0053446292877197266
        symmetric= False
        niter= 38
        niter= 314
        solver time=0.08469676971435547,exit status=0
        RGN solver time= 0.08472609519958496
        xnorm=4.669897375197771,dnorm=0.09392991071195424
        dense amplitude time= 0.04879570007324219
        total non-zero amplitudes= 4900
        nsamples per process= 159
        sample time= 0.5068981647491455
        self.n= 0.29827662113474274
        RGN updated loss=-9.906382375815848,dloss=-2.1305564832374557e-05
step= 27

nparam= 1004
        dense amplitude time= 0.04911637306213379
        total non-zero amplitudes= 4900
        nsamples per process= 159
        sample time= 2.4569263458251953
        self.n= 0.2982766211347427
        collect g,h time= 4.129406929016113
E=-9.906382375815848,dE=-2.1305564832374557e-05,std=0
L=-9.906382375815848,dL=-2.1305564832374557e-05,std=0
        gnorm= 0.0007101186375064076
        symmetric= True
        solver time=0.0052433013916015625,exit status=0
        SR solver time= 0.005279541015625
        symmetric= False
        niter= 38
        niter= 315
        solver time=0.0858163833618164,exit status=0
        RGN solver time= 0.08584880828857422
        xnorm=4.691451820478649,dnorm=0.09416955896373581
        dense amplitude time= 0.048722028732299805
        total non-zero amplitudes= 4900
        nsamples per process= 159
        sample time= 0.4997437000274658
        self.n= 0.29608053694999414
        RGN updated loss=-9.906403804404809,dloss=-2.142858896014843e-05
step= 28

nparam= 1004
        dense amplitude time= 0.0468592643737793
        total non-zero amplitudes= 4900
        nsamples per process= 159
        sample time= 2.4027535915374756
        self.n= 0.29608053694999387
        collect g,h time= 4.16768741607666
E=-9.906403804404809,dE=-2.142858896014843e-05,std=0
L=-9.906403804404809,dL=-2.142858896014843e-05,std=0
        gnorm= 0.0007942088152941848
        symmetric= True
        solver time=0.005414724349975586,exit status=0
        SR solver time= 0.00545191764831543
        symmetric= False
        niter= 39
        niter= 312
        solver time=0.08432316780090332,exit status=0
        RGN solver time= 0.08438420295715332
        xnorm=4.712620622456035,dnorm=0.09408686193354564
        dense amplitude time= 0.04885411262512207
        total non-zero amplitudes= 4900
        nsamples per process= 159
        sample time= 0.5016350746154785
        self.n= 0.2936295831373365
        RGN updated loss=-9.90642519337152,dloss=-2.1388966711555213e-05
step= 29

nparam= 1004
        dense amplitude time= 0.047149658203125
        total non-zero amplitudes= 4900
        nsamples per process= 159
        sample time= 2.4162158966064453
        self.n= 0.2936295831373362
        collect g,h time= 4.220587968826294
E=-9.906425193371517,dE=-2.13889667080025e-05,std=0
L=-9.906425193371517,dL=-2.13889667080025e-05,std=0
        gnorm= 0.000721167658460453
        symmetric= True
        solver time=0.0052568912506103516,exit status=0
        SR solver time= 0.005297660827636719
        symmetric= False
        niter= 38
        niter= 315
        solver time=0.08462047576904297,exit status=0
        RGN solver time= 0.08465433120727539
        xnorm=4.733521985051418,dnorm=0.09361533364804665
        dense amplitude time= 0.049135446548461914
        total non-zero amplitudes= 4900
        nsamples per process= 159
        sample time= 0.49864649772644043
        self.n= 0.29100905006861366
        RGN updated loss=-9.906446305201547,dloss=-2.111183002995176e-05
step= 30

nparam= 1004
        dense amplitude time= 0.0462491512298584
        total non-zero amplitudes= 4900
        nsamples per process= 159
        sample time= 2.4341604709625244
        self.n= 0.2910090500686136
        collect g,h time= 4.2090137004852295
E=-9.906446305201545,dE=-2.1111830028175405e-05,std=0
L=-9.906446305201545,dL=-2.1111830028175405e-05,std=0
        gnorm= 0.0007249917751985557
        symmetric= True
        solver time=0.005125284194946289,exit status=0
        SR solver time= 0.005158901214599609
        symmetric= False
        niter= 38
        niter= 314
        solver time=0.08439278602600098,exit status=0
        RGN solver time= 0.08442497253417969
        xnorm=4.754094802949304,dnorm=0.09229979464134751
        dense amplitude time= 0.04893016815185547
        total non-zero amplitudes= 4900
        nsamples per process= 159
        sample time= 0.500377893447876
        self.n= 0.2882400658782438
        RGN updated loss=-9.906466714588527,dloss=-2.0409386982223054e-05
step= 31

nparam= 1004
        dense amplitude time= 0.0623021125793457
        total non-zero amplitudes= 4900
        nsamples per process= 159
        sample time= 2.4256985187530518
        self.n= 0.28824006587824347
        collect g,h time= 4.231590747833252
E=-9.906466714588525,dE=-2.0409386980446698e-05,std=0
L=-9.906466714588525,dL=-2.0409386980446698e-05,std=0
        gnorm= 0.0007250029971803598
        symmetric= True
        solver time=0.005359649658203125,exit status=0
        SR solver time= 0.005394458770751953
        symmetric= False
        niter= 39
        niter= 316
        solver time=0.08398604393005371,exit status=0
        RGN solver time= 0.0840153694152832
        xnorm=4.774325100561404,dnorm=0.09023717725800853
        dense amplitude time= 0.04878854751586914
        total non-zero amplitudes= 4900
        nsamples per process= 159
        sample time= 0.49877047538757324
        self.n= 0.28539350470696656
        RGN updated loss=-9.906486102769783,dloss=-1.9388181257795623e-05
step= 32

nparam= 1004
        dense amplitude time= 0.05649614334106445
        total non-zero amplitudes= 4900
        nsamples per process= 159
        sample time= 2.4129111766815186
        self.n= 0.28539350470696656
        collect g,h time= 4.178587913513184
E=-9.906486102769783,dE=-1.9388181257795623e-05,std=0
L=-9.906486102769783,dL=-1.9388181257795623e-05,std=0
        gnorm= 0.0009492838794510738
        symmetric= True
        solver time=0.006051540374755859,exit status=0
        SR solver time= 0.006087779998779297
        symmetric= False
        niter= 42
        niter= 312
        solver time=0.08485078811645508,exit status=0
        RGN solver time= 0.08488106727600098
        xnorm=4.794197968750963,dnorm=0.08747922943529557
        dense amplitude time= 0.05060720443725586
        total non-zero amplitudes= 4900
        nsamples per process= 159
        sample time= 0.5000331401824951
        self.n= 0.2825684703229461
        RGN updated loss=-9.906504170095753,dloss=-1.8067325969539638e-05
step= 33

nparam= 1004
        dense amplitude time= 0.05966806411743164
        total non-zero amplitudes= 4900
        nsamples per process= 159
        sample time= 2.4051530361175537
        self.n= 0.2825684703229461
        collect g,h time= 4.18835186958313
E=-9.906504170095754,dE=-1.8067325971315995e-05,std=0
L=-9.906504170095754,dL=-1.8067325971315995e-05,std=0
        gnorm= 0.0007006776799646022
        symmetric= True
        solver time=0.005228281021118164,exit status=0
        SR solver time= 0.0052645206451416016
        symmetric= False
        niter= 39
        niter= 317
        solver time=0.08539342880249023,exit status=0
        RGN solver time= 0.08542346954345703
        xnorm=4.81365527620744,dnorm=0.08445274139623751
        dense amplitude time= 0.048642873764038086
        total non-zero amplitudes= 4900
        nsamples per process= 159
        sample time= 0.49922800064086914
        self.n= 0.2797546489393502
        RGN updated loss=-9.906520950089527,dloss=-1.6779993773141655e-05
step= 34

nparam= 1004
        dense amplitude time= 0.053188323974609375
        total non-zero amplitudes= 4900
        nsamples per process= 159
        sample time= 2.447679281234741
        self.n= 0.27975464893935
        collect g,h time= 4.0984883308410645
E=-9.906520950089527,dE=-1.6779993773141655e-05,std=0
L=-9.906520950089527,dL=-1.6779993773141655e-05,std=0
        gnorm= 0.0006031802160605588
        symmetric= True
        solver time=0.005555152893066406,exit status=0
        SR solver time= 0.0056247711181640625
        symmetric= False
        niter= 37
        niter= 328
        solver time=0.08765149116516113,exit status=0
        RGN solver time= 0.08768415451049805
        xnorm=4.832698077936846,dnorm=0.08120976905376706
        dense amplitude time= 0.0486598014831543
        total non-zero amplitudes= 4900
        nsamples per process= 159
        sample time= 0.49883246421813965
        self.n= 0.2770373596285969
        RGN updated loss=-9.906536252883818,dloss=-1.530279429040604e-05
step= 35

nparam= 1004
        dense amplitude time= 0.04851508140563965
        total non-zero amplitudes= 4900
        nsamples per process= 159
        sample time= 2.3965964317321777
        self.n= 0.2770373596285969
        collect g,h time= 4.2019007205963135
E=-9.906536252883818,dE=-1.530279429040604e-05,std=0
L=-9.906536252883818,dL=-1.530279429040604e-05,std=0
        gnorm= 0.0005616288726524332
        symmetric= True
        solver time=0.005051851272583008,exit status=0
        SR solver time= 0.005130767822265625
        symmetric= False
        niter= 37
        niter= 332
        solver time=0.08897638320922852,exit status=0
        RGN solver time= 0.08900570869445801
        xnorm=4.85129768906542,dnorm=0.07774443282183517
        dense amplitude time= 0.04887223243713379
        total non-zero amplitudes= 4900
        nsamples per process= 159
        sample time= 0.4982120990753174
        self.n= 0.27440350016105
        RGN updated loss=-9.906550202644487,dloss=-1.39497606692629e-05
step= 36

nparam= 1004
        dense amplitude time= 0.04719972610473633
        total non-zero amplitudes= 4900
        nsamples per process= 159
        sample time= 2.4428517818450928
        self.n= 0.2744035001610501
        collect g,h time= 4.125279903411865
E=-9.906550202644485,dE=-1.3949760667486544e-05,std=0
L=-9.906550202644485,dL=-1.3949760667486544e-05,std=0
        gnorm= 0.0005101706900198067
        symmetric= True
        solver time=0.00569915771484375,exit status=0
        SR solver time= 0.005735635757446289
        symmetric= False
        niter= 38
        niter= 338
        solver time=0.0915522575378418,exit status=0
        RGN solver time= 0.09158539772033691
        xnorm=4.869484384896704,dnorm=0.07450005941577473
        dense amplitude time= 0.04737663269042969
        total non-zero amplitudes= 4900
        nsamples per process= 159
        sample time= 0.5009138584136963
        self.n= 0.2718924709927728
        RGN updated loss=-9.906562895104075,dloss=-1.2692459590013527e-05
step= 37

nparam= 1004
        dense amplitude time= 0.04338645935058594
        total non-zero amplitudes= 4900
        nsamples per process= 159
        sample time= 2.4535458087921143
        self.n= 0.27189247099277314
        collect g,h time= 4.2252583503723145
E=-9.906562895104075,dE=-1.2692459590013527e-05,std=0
L=-9.906562895104075,dL=-1.2692459590013527e-05,std=0
        gnorm= 0.0004577605150789868
        symmetric= True
        solver time=0.005136013031005859,exit status=0
        SR solver time= 0.005170345306396484
        symmetric= False
        niter= 37
        niter= 337
        solver time=0.09071731567382812,exit status=0
        RGN solver time= 0.0907449722290039
        xnorm=4.887283785323008,dnorm=0.07137278921379538
        dense amplitude time= 0.04877758026123047
        total non-zero amplitudes= 4900
        nsamples per process= 159
        sample time= 0.4999985694885254
        self.n= 0.26947285573750224
        RGN updated loss=-9.906574477988887,dloss=-1.1582884811289773e-05
step= 38

nparam= 1004
        dense amplitude time= 0.047232866287231445
        total non-zero amplitudes= 4900
        nsamples per process= 159
        sample time= 2.413972854614258
        self.n= 0.26947285573750235
        collect g,h time= 4.183514356613159
E=-9.906574477988885,dE=-1.1582884809513416e-05,std=0
L=-9.906574477988885,dL=-1.1582884809513416e-05,std=0
        gnorm= 0.00042295196375918186
        symmetric= True
        solver time=0.004927396774291992,exit status=0
        SR solver time= 0.0049610137939453125
        symmetric= False
        niter= 37
        niter= 339
        solver time=0.091033935546875,exit status=0
        RGN solver time= 0.09106731414794922
        xnorm=4.904566078614459,dnorm=0.06840323764454816
        dense amplitude time= 0.04873514175415039
        total non-zero amplitudes= 4900
        nsamples per process= 159
        sample time= 0.501171350479126
        self.n= 0.26718282787364034
        RGN updated loss=-9.90658504459257,dloss=-1.0566603684480924e-05
step= 39

nparam= 1004
        dense amplitude time= 0.05926179885864258
        total non-zero amplitudes= 4900
        nsamples per process= 159
        sample time= 2.4860599040985107
        self.n= 0.2671828278736405
        collect g,h time= 4.2418012619018555
E=-9.906585044592566,dE=-1.056660368092821e-05,std=0
L=-9.906585044592566,dL=-1.056660368092821e-05,std=0
        gnorm= 0.0005874248153687445
        symmetric= True
        solver time=0.005620718002319336,exit status=0
        SR solver time= 0.005655527114868164
        symmetric= False
        niter= 42
        niter= 316
        solver time=0.0853877067565918,exit status=0
        RGN solver time= 0.08541703224182129
        xnorm=4.921586398337553,dnorm=0.06572664402118328
        dense amplitude time= 0.04901123046875
        total non-zero amplitudes= 4900
        nsamples per process= 159
        sample time= 0.5025455951690674
        self.n= 0.2650135104572917
        RGN updated loss=-9.90659473060326,dloss=-9.686010693954472e-06
step= 40

nparam= 1004
        dense amplitude time= 0.04588651657104492
        total non-zero amplitudes= 4900
        nsamples per process= 159
        sample time= 2.446385622024536
        self.n= 0.2650135104572915
        collect g,h time= 4.256398677825928
E=-9.906594730603262,dE=-9.686010695730829e-06,std=0
L=-9.906594730603262,dL=-9.686010695730829e-06,std=0
        gnorm= 0.00035727904713648667
        symmetric= True
        solver time=0.0055751800537109375,exit status=0
        SR solver time= 0.005610466003417969
        symmetric= False
        niter= 38
        niter= 341
        solver time=0.09222531318664551,exit status=0
        RGN solver time= 0.09225630760192871
        xnorm=4.938073835089202,dnorm=0.0632252472687987
        dense amplitude time= 0.04893851280212402
        total non-zero amplitudes= 4900
        nsamples per process= 159
        sample time= 0.5018320083618164
        self.n= 0.2629022124155743
        RGN updated loss=-9.906603710674222,dloss=-8.980070960618036e-06
step= 41

nparam= 1004
        dense amplitude time= 0.05699610710144043
        total non-zero amplitudes= 4900
        nsamples per process= 159
        sample time= 2.4162771701812744
        self.n= 0.2629022124155742
        collect g,h time= 4.172553300857544
E=-9.906603710674222,dE=-8.980070960618036e-06,std=0
L=-9.906603710674222,dL=-8.980070960618036e-06,std=0
        gnorm= 0.0003120223451307456
        symmetric= True
        solver time=0.0048313140869140625,exit status=0
        SR solver time= 0.004864931106567383
        symmetric= False
        niter= 36
        niter= 339
        solver time=0.09060359001159668,exit status=0
        RGN solver time= 0.09063434600830078
        xnorm=4.954281352555133,dnorm=0.06090260533185147
        dense amplitude time= 0.04893374443054199
        total non-zero amplitudes= 4900
        nsamples per process= 159
        sample time= 0.5018784999847412
        self.n= 0.2609063402255113
        RGN updated loss=-9.906611970443262,dloss=-8.25976903939818e-06
step= 42

nparam= 1004
        dense amplitude time= 0.055542707443237305
        total non-zero amplitudes= 4900
        nsamples per process= 159
        sample time= 2.4500503540039062
        self.n= 0.2609063402255112
        collect g,h time= 4.211620330810547
E=-9.906611970443263,dE=-8.259769041174536e-06,std=0
L=-9.906611970443263,dL=-8.259769041174536e-06,std=0
        gnorm= 0.0004437957086187449
        symmetric= True
        solver time=0.00595402717590332,exit status=0
        SR solver time= 0.005990743637084961
        symmetric= False
        niter= 43
        niter= 328
        solver time=0.08798646926879883,exit status=0
        RGN solver time= 0.08801698684692383
        xnorm=4.970177206265196,dnorm=0.05890510329092293
        dense amplitude time= 0.04895186424255371
        total non-zero amplitudes= 4900
        nsamples per process= 159
        sample time= 0.49997472763061523
        self.n= 0.2589930136826885
        RGN updated loss=-9.90661957547501,dloss=-7.605031747459634e-06
step= 43

nparam= 1004
        dense amplitude time= 0.05659317970275879
        total non-zero amplitudes= 4900
        nsamples per process= 159
        sample time= 2.48388934135437
        self.n= 0.25899301368268846
        collect g,h time= 4.168138027191162
E=-9.90661957547501,dE=-7.605031747459634e-06,std=0
L=-9.90661957547501,dL=-7.605031747459634e-06,std=0
        gnorm= 0.00027394333102602264
        symmetric= True
        solver time=0.005662202835083008,exit status=0
        SR solver time= 0.005696535110473633
        symmetric= False
        niter= 39
        niter= 343
        solver time=0.09216856956481934,exit status=0
        RGN solver time= 0.09219574928283691
        xnorm=4.98600733943939,dnorm=0.05690467694017302
        dense amplitude time= 0.0497744083404541
        total non-zero amplitudes= 4900
        nsamples per process= 159
        sample time= 0.4992971420288086
        self.n= 0.257171634426501
        RGN updated loss=-9.906626799129432,dloss=-7.223654421295578e-06
step= 44

nparam= 1004
        dense amplitude time= 0.05962848663330078
        total non-zero amplitudes= 4900
        nsamples per process= 159
        sample time= 2.4484610557556152
        self.n= 0.25717163442650115
        collect g,h time= 4.20012640953064
E=-9.906626799129432,dE=-7.223654421295578e-06,std=0
L=-9.906626799129432,dL=-7.223654421295578e-06,std=0
        gnorm= 0.00023378722121492168
        symmetric= True
        solver time=0.004880428314208984,exit status=0
        SR solver time= 0.004914522171020508
        symmetric= False
        niter= 35
        niter= 343
        solver time=0.09240198135375977,exit status=0
        RGN solver time= 0.09243607521057129
        xnorm=5.0011578788363105,dnorm=0.05500320557643584
        dense amplitude time= 0.048647165298461914
        total non-zero amplitudes= 4900
        nsamples per process= 159
        sample time= 0.4980323314666748
        self.n= 0.255426360547512
        RGN updated loss=-9.906633483511044,dloss=-6.684381611776757e-06
step= 45

nparam= 1004
        dense amplitude time= 0.053322553634643555
        total non-zero amplitudes= 4900
        nsamples per process= 159
        sample time= 2.477658271789551
        self.n= 0.2554263605475115
        collect g,h time= 4.227114200592041
E=-9.906633483511046,dE=-6.684381613553114e-06,std=0
L=-9.906633483511046,dL=-6.684381613553114e-06,std=0
        gnorm= 0.00031853070044104016
        symmetric= True
        solver time=0.005719423294067383,exit status=0
        SR solver time= 0.0057849884033203125
        symmetric= False
        niter= 42
        niter= 340
        solver time=0.0910794734954834,exit status=0
        RGN solver time= 0.09110832214355469
        xnorm=5.016072813788651,dnorm=0.05339197376398221
        dense amplitude time= 0.04874873161315918
        total non-zero amplitudes= 4900
        nsamples per process= 159
        sample time= 0.5000944137573242
        self.n= 0.25378488563446333
        RGN updated loss=-9.90663967497658,dloss=-6.191465534044482e-06
step= 46

nparam= 1004
        dense amplitude time= 0.048511505126953125
        total non-zero amplitudes= 4900
        nsamples per process= 159
        sample time= 2.417249917984009
        self.n= 0.253784885634463
        collect g,h time= 4.178625583648682
E=-9.906639674976581,dE=-6.191465535820839e-06,std=0
L=-9.906639674976581,dL=-6.191465535820839e-06,std=0
        gnorm= 0.00022835931536307192
        symmetric= True
        solver time=0.0052337646484375,exit status=0
        SR solver time= 0.005266666412353516
        symmetric= False
        niter= 38
        niter= 343
        solver time=0.09222054481506348,exit status=0
        RGN solver time= 0.09225130081176758
        xnorm=5.030934344596235,dnorm=0.051955617383809334
        dense amplitude time= 0.04890155792236328
        total non-zero amplitudes= 4900
        nsamples per process= 159
        sample time= 0.49822282791137695
        self.n= 0.2522048328750648
        RGN updated loss=-9.90664565639899,dloss=-5.981422408041226e-06
step= 47

nparam= 1004
        dense amplitude time= 0.04696249961853027
        total non-zero amplitudes= 4900
        nsamples per process= 159
        sample time= 2.4179563522338867
        self.n= 0.25220483287506446
        collect g,h time= 4.261522054672241
E=-9.906645656398988,dE=-5.981422406264869e-06,std=0
L=-9.906645656398988,dL=-5.981422406264869e-06,std=0
        gnorm= 0.00023936942987060454
        symmetric= True
        solver time=0.005213022232055664,exit status=0
        SR solver time= 0.005248308181762695
        symmetric= False
        niter= 38
        niter= 343
        solver time=0.09225988388061523,exit status=0
        RGN solver time= 0.09229135513305664
        xnorm=5.045234430764197,dnorm=0.05058947454025607
        dense amplitude time= 0.048848628997802734
        total non-zero amplitudes= 4900
        nsamples per process= 159
        sample time= 0.4961833953857422
        self.n= 0.25068051211943554
        RGN updated loss=-9.90665120854753,dloss=-5.552148541809743e-06
step= 48

nparam= 1004
        dense amplitude time= 0.05373811721801758
        total non-zero amplitudes= 4900
        nsamples per process= 159
        sample time= 2.404385566711426
        self.n= 0.25068051211943554
        collect g,h time= 4.198257207870483
E=-9.906651208547526,dE=-5.552148538257029e-06,std=0
L=-9.906651208547526,dL=-5.552148538257029e-06,std=0
        gnorm= 0.00019368782607891998
        symmetric= True
        solver time=0.00522160530090332,exit status=0
        SR solver time= 0.00525665283203125
        symmetric= False
        niter= 38
        niter= 348
        solver time=0.0931541919708252,exit status=0
        RGN solver time= 0.09318685531616211
        xnorm=5.059453305894835,dnorm=0.04920745385695894
        dense amplitude time= 0.04877638816833496
        total non-zero amplitudes= 4900
        nsamples per process= 159
        sample time= 0.5008964538574219
        self.n= 0.24924057839847497
        RGN updated loss=-9.906656538438638,dloss=-5.329891111571783e-06
step= 49

nparam= 1004
        dense amplitude time= 0.043653249740600586
        total non-zero amplitudes= 4900
        nsamples per process= 159
        sample time= 2.426194667816162
        self.n= 0.24924057839847488
        collect g,h time= 4.188529968261719
E=-9.906656538438638,dE=-5.329891111571783e-06,std=0
L=-9.906656538438638,dL=-5.329891111571783e-06,std=0
        gnorm= 0.00016877597195521488
        symmetric= True
        solver time=0.004572391510009766,exit status=0
        SR solver time= 0.004606485366821289
        symmetric= False
        niter= 34
        niter= 352
        solver time=0.0950465202331543,exit status=0
        RGN solver time= 0.09507346153259277
        xnorm=5.073193145095617,dnorm=0.04797687805148006
        dense amplitude time= 0.04902338981628418
        total non-zero amplitudes= 4900
        nsamples per process= 159
        sample time= 0.4945225715637207
        self.n= 0.24788497158631653
        RGN updated loss=-9.906661573710142,dloss=-5.035271504638672e-06
(mpi4py) [rpeng@holy8a24301 pmg4]$
layer= 0
nparam= 660
hop_ls= [(1, 5), (1, 8), (1, 9), (1, 13), (5, 8), (5, 9), (5, 13), (8, 9), (8, 13), (9, 13)]

layer= 1
nparam= 144
hop_ls= [(9, 14), (1, 6), (2, 5), (2, 8), (2, 14), (13, 14), (6, 8), (6, 14), (5, 6), (8, 14), (1, 2), (1, 14), (2, 13), (6, 13), (5, 14), (2, 9), (2, 6), (6, 9)]

layer= 2
nparam= 152
hop_ls= [(6, 12), (4, 9), (4, 6), (4, 12), (12, 13), (0, 2), (5, 10), (0, 5), (8, 12), (0, 8), (0, 14), (10, 12), (1, 12), (4, 5), (4, 8), (4, 14), (5, 12), (0, 1), (9, 10), (2, 4), (0, 4), (0, 10), (0, 13), (2, 10), (10, 14), (6, 10), (12, 14), (4, 10), (4, 13), (9, 12), (0, 9), (8, 10), (1, 4), (0, 6), (0, 12), (2, 12), (1, 10), (10, 13)]

layer= 3
nparam= 48
hop_ls= [(6, 15), (3, 4), (3, 10), (5, 7), (4, 15), (3, 13), (9, 11), (11, 14), (1, 3), (2, 11), (8, 15), (0, 11), (10, 15), (1, 15), (6, 11), (7, 10), (7, 13), (3, 9), (12, 15), (3, 6), (3, 12), (4, 11), (14, 15), (8, 11), (0, 7), (5, 15), (10, 11), (2, 7), (1, 11), (11, 13), (7, 9), (6, 7), (7, 12), (4, 7), (3, 5), (3, 8), (3, 14), (5, 11), (0, 3), (9, 15), (2, 3), (11, 12), (1, 7), (0, 15), (2, 15), (13, 15), (7, 8), (7, 14)]

step= 50

nparam= 1004
ntotal configs= 4900
	dense amplitude time= 0.3092048168182373
	total non-zero amplitudes= 4900
	nsamples per process= 50
	sample time= 4.686556577682495
	self.n= 0.24788497158631634
	collect g,h time= 7.452625274658203
E=-9.906661573710142,dE=0,std=0
L=-9.906661573710142,dL=0,std=0
	gnorm= 0.00017982601409931585
	symmetric= True
	solver time=0.022809982299804688,exit status=0
	SR solver time= 0.02293682098388672
	symmetric= False
	niter= 35
	niter= 343
	solver time=0.7639188766479492,exit status=0
	RGN solver time= 0.7639741897583008
	xnorm=5.086735429796885,dnorm=0.047141753105436744
	dense amplitude time= 0.018158674240112305
	total non-zero amplitudes= 4900
	nsamples per process= 50
	sample time= 0.2704157829284668
	self.n= 0.24658531996100536
	RGN updated loss=-9.906666402100354,dloss=-4.828390212097133e-06
step= 51

nparam= 1004
	dense amplitude time= 0.032282352447509766
	total non-zero amplitudes= 4900
	nsamples per process= 50
	sample time= 1.275543212890625
	self.n= 0.2465853199610053
	collect g,h time= 2.678799867630005
E=-9.906666402100353,dE=-4.8283902103207765e-06,std=0
L=-9.906666402100353,dL=-4.8283902103207765e-06,std=0
	gnorm= 0.00013669866896772143
	symmetric= True
	solver time=0.02576446533203125,exit status=0
	SR solver time= 0.02585291862487793
	symmetric= False
	niter= 34
	niter= 347
	solver time=0.15382814407348633,exit status=0
	RGN solver time= 0.15387916564941406
	xnorm=5.100119757599981,dnorm=0.04612357779666252
	dense amplitude time= 0.015169858932495117
	total non-zero amplitudes= 4900
	nsamples per process= 50
	sample time= 0.2642226219177246
	self.n= 0.2453612645677491
	RGN updated loss=-9.90667102304606,dloss=-4.6209457078560945e-06
step= 52

nparam= 1004
	dense amplitude time= 0.02315998077392578
	total non-zero amplitudes= 4900
	nsamples per process= 50
	sample time= 1.260094165802002
	self.n= 0.24536126456774895
	collect g,h time= 2.599353551864624
E=-9.906671023046064,dE=-4.620945711408808e-06,std=0
L=-9.906671023046064,dL=-4.620945711408808e-06,std=0
	gnorm= 0.00013413697197173783
	symmetric= True
	solver time=0.01807379722595215,exit status=0
	SR solver time= 0.018127918243408203
	symmetric= False
	niter= 33
	niter= 347
	solver time=0.16466021537780762,exit status=0
	RGN solver time= 0.1647031307220459
	xnorm=5.1132398817672575,dnorm=0.045182723565331574
	dense amplitude time= 0.01764702796936035
	total non-zero amplitudes= 4900
	nsamples per process= 50
	sample time= 0.24453401565551758
	self.n= 0.24420321422066832
	RGN updated loss=-9.906675450010212,dloss=-4.426964148152024e-06
step= 53

nparam= 1004
	dense amplitude time= 0.018831491470336914
	total non-zero amplitudes= 4900
	nsamples per process= 50
	sample time= 1.1552011966705322
	self.n= 0.2442032142206681
	collect g,h time= 2.705090284347534
E=-9.906675450010212,dE=-4.426964148152024e-06,std=0
L=-9.906675450010212,dL=-4.426964148152024e-06,std=0
	gnorm= 0.00013760375905451827
	symmetric= True
	solver time=0.008183956146240234,exit status=0
	SR solver time= 0.008225440979003906
	symmetric= False
	niter= 35
	niter= 346
	solver time=0.10970330238342285,exit status=0
	RGN solver time= 0.10975384712219238
	xnorm=5.126128236230548,dnorm=0.044270228482742154
	dense amplitude time= 0.014175891876220703
	total non-zero amplitudes= 4900
	nsamples per process= 50
	sample time= 0.24333810806274414
	self.n= 0.24312912268056092
	RGN updated loss=-9.906679691614693,dloss=-4.241604480981209e-06
step= 54

nparam= 1004
	dense amplitude time= 0.03310585021972656
	total non-zero amplitudes= 4900
	nsamples per process= 50
	sample time= 1.2079546451568604
	self.n= 0.24312912268056064
	collect g,h time= 2.6610217094421387
E=-9.906679691614691,dE=-4.241604479204852e-06,std=0
L=-9.906679691614691,dL=-4.241604479204852e-06,std=0
	gnorm= 0.00013103248530412293
	symmetric= True
	solver time=0.017997264862060547,exit status=0
	SR solver time= 0.018049955368041992
	symmetric= False
	niter= 34
	niter= 348
	solver time=0.09516215324401855,exit status=0
	RGN solver time= 0.09520816802978516
	xnorm=5.138770318070243,dnorm=0.04351777745478477
	dense amplitude time= 0.015860319137573242
	total non-zero amplitudes= 4900
	nsamples per process= 50
	sample time= 0.26351094245910645
	self.n= 0.24209340543922397
	RGN updated loss=-9.90668379324735,dloss=-4.101632658404242e-06
step= 55

nparam= 1004
	dense amplitude time= 0.017170190811157227
	total non-zero amplitudes= 4900
	nsamples per process= 50
	sample time= 1.240680456161499
	self.n= 0.2420934054392237
	collect g,h time= 2.651446580886841
E=-9.90668379324735,dE=-4.101632658404242e-06,std=0
L=-9.90668379324735,dL=-4.101632658404242e-06,std=0
	gnorm= 0.00012227703519780974
	symmetric= True
	solver time=0.017226219177246094,exit status=0
	SR solver time= 0.017292261123657227
	symmetric= False
	niter= 33
	niter= 350
	solver time=0.21953463554382324,exit status=0
	RGN solver time= 0.21958208084106445
	xnorm=5.151150469112203,dnorm=0.042764285853121996
	dense amplitude time= 0.01747274398803711
	total non-zero amplitudes= 4900
	nsamples per process= 50
	sample time= 0.2593061923980713
	self.n= 0.24112639414400105
	RGN updated loss=-9.906687749720195,dloss=-3.9564728453456155e-06
step= 56

nparam= 1004
	dense amplitude time= 0.018461942672729492
	total non-zero amplitudes= 4900
	nsamples per process= 50
	sample time= 1.2754895687103271
	self.n= 0.24112639414400083
	collect g,h time= 2.619722604751587
E=-9.906687749720193,dE=-3.956472843569259e-06,std=0
L=-9.906687749720193,dL=-3.956472843569259e-06,std=0
	gnorm= 0.00011524455070470846
	symmetric= True
	solver time=0.012158393859863281,exit status=0
	SR solver time= 0.01220250129699707
	symmetric= False
	niter= 35
	niter= 356
	solver time=0.0954134464263916,exit status=0
	RGN solver time= 0.09547853469848633
	xnorm=5.163321913822642,dnorm=0.042051288697241306
	dense amplitude time= 0.017208099365234375
	total non-zero amplitudes= 4900
	nsamples per process= 50
	sample time= 0.24768400192260742
	self.n= 0.24020772804642543
	RGN updated loss=-9.906691571840522,dloss=-3.822120328678125e-06
step= 57

nparam= 1004
	dense amplitude time= 0.01782083511352539
	total non-zero amplitudes= 4900
	nsamples per process= 50
	sample time= 1.1655547618865967
	self.n= 0.2402077280464251
	collect g,h time= 2.6240549087524414
E=-9.90669157184052,dE=-3.822120326901768e-06,std=0
L=-9.90669157184052,dL=-3.822120326901768e-06,std=0
	gnorm= 0.00014818017382315827
	symmetric= True
	niter= 37
	solver time=0.01864910125732422,exit status=0
	SR solver time= 0.018730878829956055
	symmetric= False
	niter= 343
	solver time=0.1565392017364502,exit status=0
	RGN solver time= 0.15659046173095703
	xnorm=5.175276494533536,dnorm=0.04158768299549673
	dense amplitude time= 0.01473093032836914
	total non-zero amplitudes= 4900
	nsamples per process= 50
	sample time= 0.24068236351013184
	self.n= 0.23939301820414466
	RGN updated loss=-9.906695269593815,dloss=-3.697753294673589e-06
step= 58

nparam= 1004
	dense amplitude time= 0.016429901123046875
	total non-zero amplitudes= 4900
	nsamples per process= 50
	sample time= 1.1461617946624756
	self.n= 0.23939301820414427
	collect g,h time= 2.570488214492798
E=-9.906695269593817,dE=-3.697753296449946e-06,std=0
L=-9.906695269593817,dL=-3.697753296449946e-06,std=0
	gnorm= 0.00016695727037545498
	symmetric= True
	solver time=0.00718379020690918,exit status=0
	SR solver time= 0.007228851318359375
	symmetric= False
	niter= 38
	niter= 343
	solver time=0.09294939041137695,exit status=0
	RGN solver time= 0.09299945831298828
	xnorm=5.187217318845631,dnorm=0.040793103048483645
	dense amplitude time= 0.01616668701171875
	total non-zero amplitudes= 4900
	nsamples per process= 50
	sample time= 0.35227370262145996
	self.n= 0.2385855564458104
	RGN updated loss=-9.906698866125023,dloss=-3.59653120618475e-06
step= 59

nparam= 1004
	dense amplitude time= 0.026018619537353516
	total non-zero amplitudes= 4900
	nsamples per process= 50
	sample time= 1.2784502506256104
	self.n= 0.23858555644581003
	collect g,h time= 2.645113945007324
E=-9.906698866125021,dE=-3.596531204408393e-06,std=0
L=-9.906698866125021,dL=-3.596531204408393e-06,std=0
	gnorm= 0.00011721846361239133
	symmetric= True
	solver time=0.008728981018066406,exit status=0
	SR solver time= 0.008777379989624023
	symmetric= False
	niter= 35
	niter= 350
	solver time=0.1356186866760254,exit status=0
	RGN solver time= 0.1356656551361084
	xnorm=5.198726213200816,dnorm=0.04016004913233699
	dense amplitude time= 0.029956579208374023
	total non-zero amplitudes= 4900
	nsamples per process= 50
	sample time= 0.2690610885620117
	self.n= 0.23781827113002954
	RGN updated loss=-9.906702359966905,dloss=-3.4938418842500596e-06
step= 60

nparam= 1004
	dense amplitude time= 0.02596569061279297
	total non-zero amplitudes= 4900
	nsamples per process= 50
	sample time= 1.2909045219421387
	self.n= 0.23781827113002918
	collect g,h time= 2.630527973175049
E=-9.906702359966905,dE=-3.4938418842500596e-06,std=0
L=-9.906702359966905,dL=-3.4938418842500596e-06,std=0
	gnorm= 0.00010581585364734658
	symmetric= True
	solver time=0.028471946716308594,exit status=0
	SR solver time= 0.028525829315185547
	symmetric= False
	niter= 35
	niter= 360
	solver time=0.11478137969970703,exit status=0
	RGN solver time= 0.11481976509094238
	xnorm=5.209999220011527,dnorm=0.03960193248603134
	dense amplitude time= 0.01710200309753418
	total non-zero amplitudes= 4900
	nsamples per process= 50
	sample time= 0.25148749351501465
	self.n= 0.2371103005727167
	RGN updated loss=-9.90670574145205,dloss=-3.381485145226293e-06
step= 61

nparam= 1004
	dense amplitude time= 0.04233574867248535
	total non-zero amplitudes= 4900
	nsamples per process= 50
	sample time= 1.169388771057129
	self.n= 0.23711030057271665
	collect g,h time= 2.614807367324829
E=-9.906705741452052,dE=-3.3814851470026497e-06,std=0
L=-9.906705741452052,dL=-3.3814851470026497e-06,std=0
	gnorm= 0.00011096858646911099
	symmetric= True
	niter= 36
	solver time=0.028109312057495117,exit status=0
	SR solver time= 0.02819204330444336
	symmetric= False
	niter= 359
	solver time=0.10820627212524414,exit status=0
	RGN solver time= 0.10825252532958984
	xnorm=5.221120539722829,dnorm=0.039133154665919434
	dense amplitude time= 0.016949176788330078
	total non-zero amplitudes= 4900
	nsamples per process= 50
	sample time= 0.24923992156982422
	self.n= 0.23642778664026354
	RGN updated loss=-9.906709045236486,dloss=-3.3037844335837008e-06
step= 62

nparam= 1004
	dense amplitude time= 0.019800901412963867
	total non-zero amplitudes= 4900
	nsamples per process= 50
	sample time= 1.2155694961547852
	self.n= 0.23642778664026348
	collect g,h time= 2.6214473247528076
E=-9.906709045236484,dE=-3.303784431807344e-06,std=0
L=-9.906709045236484,dL=-3.303784431807344e-06,std=0
	gnorm= 0.0002666216293824812
	symmetric= True
	solver time=0.028215408325195312,exit status=0
	SR solver time= 0.028263568878173828
	symmetric= False
	niter= 41
	niter= 318
	solver time=0.09069561958312988,exit status=0
	RGN solver time= 0.0907435417175293
	xnorm=5.232078663537857,dnorm=0.0386965379824072
	dense amplitude time= 0.015290021896362305
	total non-zero amplitudes= 4900
	nsamples per process= 50
	sample time= 0.26646971702575684
	self.n= 0.23576946172396268
	RGN updated loss=-9.906712253148157,dloss=-3.2079116731864588e-06
step= 63

nparam= 1004
	dense amplitude time= 0.10060954093933105
	total non-zero amplitudes= 4900
	nsamples per process= 50
	sample time= 1.2366199493408203
	self.n= 0.23576946172396251
	collect g,h time= 2.639310359954834
E=-9.906712253148157,dE=-3.2079116731864588e-06,std=0
L=-9.906712253148157,dL=-3.2079116731864588e-06,std=0
	gnorm= 0.00013983949205507233
	symmetric= True
	solver time=0.024852275848388672,exit status=0
	SR solver time= 0.024907827377319336
	symmetric= False
	niter= 37
	niter= 343
	solver time=0.11025738716125488,exit status=0
	RGN solver time= 0.11029767990112305
	xnorm=5.242889774913257,dnorm=0.03809458339292478
	dense amplitude time= 0.016498088836669922
	total non-zero amplitudes= 4900
	nsamples per process= 50
	sample time= 0.36461830139160156
	self.n= 0.23519301788234714
	RGN updated loss=-9.906715389649213,dloss=-3.1365010553230377e-06
step= 64

nparam= 1004
	dense amplitude time= 0.03406047821044922
	total non-zero amplitudes= 4900
	nsamples per process= 50
	sample time= 1.2639470100402832
	self.n= 0.23519301788234676
	collect g,h time= 2.649968147277832
E=-9.906715389649213,dE=-3.1365010553230377e-06,std=0
L=-9.906715389649213,dL=-3.1365010553230377e-06,std=0
	gnorm= 9.341745405378988e-05
	symmetric= True
	solver time=0.028122425079345703,exit status=0
	SR solver time= 0.028193235397338867
	symmetric= False
	niter= 35
	niter= 365
	solver time=0.10650897026062012,exit status=0
	RGN solver time= 0.10656166076660156
	xnorm=5.253531281822727,dnorm=0.03763566886126743
	dense amplitude time= 0.02068161964416504
	total non-zero amplitudes= 4900
	nsamples per process= 50
	sample time= 0.26566529273986816
	self.n= 0.23465288056588274
	RGN updated loss=-9.906718447834542,dloss=-3.0581853298627948e-06
step= 65

nparam= 1004
	dense amplitude time= 0.02876877784729004
	total non-zero amplitudes= 4900
	nsamples per process= 50
	sample time= 1.1956861019134521
	self.n= 0.23465288056588257
	collect g,h time= 2.678799867630005
E=-9.906718447834544,dE=-3.0581853316391516e-06,std=0
L=-9.906718447834544,dL=-3.0581853316391516e-06,std=0
	gnorm= 0.00010638342882423052
	symmetric= True
	solver time=0.017547607421875,exit status=0
	SR solver time= 0.017630815505981445
	symmetric= False
	niter= 36
	niter= 347
	solver time=0.11475110054016113,exit status=0
	RGN solver time= 0.11479377746582031
	xnorm=5.263984954584211,dnorm=0.037153164605660836
	dense amplitude time= 0.018456459045410156
	total non-zero amplitudes= 4900
	nsamples per process= 50
	sample time= 0.24637174606323242
	self.n= 0.23415719268621443
	RGN updated loss=-9.906721415777952,dloss=-2.967943407483631e-06
step= 66

nparam= 1004
	dense amplitude time= 0.02315068244934082
	total non-zero amplitudes= 4900
	nsamples per process= 50
	sample time= 1.2314703464508057
	self.n= 0.2341571926862146
	collect g,h time= 2.6594529151916504
E=-9.906721415777952,dE=-2.967943407483631e-06,std=0
L=-9.906721415777952,dL=-2.967943407483631e-06,std=0
	gnorm= 9.757334563684833e-05
	symmetric= True
	solver time=0.01773238182067871,exit status=0
	SR solver time= 0.017778635025024414
	symmetric= False
	niter= 35
	niter= 355
	solver time=0.09936118125915527,exit status=0
	RGN solver time= 0.09941959381103516
	xnorm=5.2742879409869685,dnorm=0.036670975165595844
	dense amplitude time= 0.017887353897094727
	total non-zero amplitudes= 4900
	nsamples per process= 50
	sample time= 0.2642080783843994
	self.n= 0.23368788755400738
	RGN updated loss=-9.906724316384395,dloss=-2.9006064430348033e-06
step= 67

nparam= 1004
	dense amplitude time= 0.02158188819885254
	total non-zero amplitudes= 4900
	nsamples per process= 50
	sample time= 1.2372539043426514
	self.n= 0.2336878875540071
	collect g,h time= 2.6817517280578613
E=-9.906724316384395,dE=-2.9006064430348033e-06,std=0
L=-9.906724316384395,dL=-2.9006064430348033e-06,std=0
	gnorm= 0.00012917118181532587
	symmetric= True
	solver time=0.008310317993164062,exit status=0
	SR solver time= 0.008365631103515625
	symmetric= False
	niter= 39
	niter= 345
	solver time=0.1345818042755127,exit status=0
	RGN solver time= 0.13463926315307617
	xnorm=5.284366713885364,dnorm=0.03625691345918435
	dense amplitude time= 0.018277406692504883
	total non-zero amplitudes= 4900
	nsamples per process= 50
	sample time= 0.26265621185302734
	self.n= 0.23325520784168027
	RGN updated loss=-9.906727143190171,dloss=-2.8268057761238197e-06
step= 68

nparam= 1004
	dense amplitude time= 0.028039216995239258
	total non-zero amplitudes= 4900
	nsamples per process= 50
	sample time= 1.2595090866088867
	self.n= 0.2332552078416804
	collect g,h time= 2.6525025367736816
E=-9.906727143190171,dE=-2.8268057761238197e-06,std=0
L=-9.906727143190171,dL=-2.8268057761238197e-06,std=0
	gnorm= 0.0001064391362061812
	symmetric= True
	solver time=0.007454395294189453,exit status=0
	SR solver time= 0.007498741149902344
	symmetric= False
	niter= 37
	niter= 352
	solver time=0.11006546020507812,exit status=0
	RGN solver time= 0.1101076602935791
	xnorm=5.294325553678625,dnorm=0.035822198987261154
	dense amplitude time= 0.01515054702758789
	total non-zero amplitudes= 4900
	nsamples per process= 50
	sample time= 0.2517266273498535
	self.n= 0.2328471867885351
	RGN updated loss=-9.90672991755191,dloss=-2.774361739454889e-06
step= 69

nparam= 1004
	dense amplitude time= 0.017843246459960938
	total non-zero amplitudes= 4900
	nsamples per process= 50
	sample time= 1.2177307605743408
	self.n= 0.23284718678853505
	collect g,h time= 2.662363052368164
E=-9.90672991755191,dE=-2.774361739454889e-06,std=0
L=-9.90672991755191,dL=-2.774361739454889e-06,std=0
	gnorm= 0.00038079070295044616
	symmetric= True
	solver time=0.007046222686767578,exit status=0
	SR solver time= 0.00708770751953125
	symmetric= False
	niter= 45
	niter= 309
	solver time=0.08908724784851074,exit status=0
	RGN solver time= 0.08913135528564453
	xnorm=5.304188136984409,dnorm=0.03552622301926077
	dense amplitude time= 0.018110275268554688
	total non-zero amplitudes= 4900
	nsamples per process= 50
	sample time= 0.2450554370880127
	self.n= 0.2324462950157291
	RGN updated loss=-9.906732599746167,dloss=-2.6821942569199564e-06
step= 70

nparam= 1004
	dense amplitude time= 0.042764902114868164
	total non-zero amplitudes= 4900
	nsamples per process= 50
	sample time= 1.2016427516937256
	self.n= 0.23244629501572908
	niter= 41
	collect g,h time= 2.636514186859131
E=-9.906732599746169,dE=-2.6821942586963132e-06,std=0
L=-9.906732599746169,dL=-2.6821942586963132e-06,std=0
	gnorm= 0.00020005839087201114
	symmetric= True
	solver time=0.007666826248168945,exit status=0
	SR solver time= 0.007711887359619141
	symmetric= False
	niter= 333
	solver time=0.10281038284301758,exit status=0
	RGN solver time= 0.10285091400146484
	xnorm=5.3140441108437395,dnorm=0.03502116133644195
	dense amplitude time= 0.019745826721191406
	total non-zero amplitudes= 4900
	nsamples per process= 50
	sample time= 0.26159095764160156
	self.n= 0.23208878465874644
	RGN updated loss=-9.90673526817288,dloss=-2.668426711593952e-06
step= 71

nparam= 1004
	dense amplitude time= 0.02954840660095215
	total non-zero amplitudes= 4900
	nsamples per process= 50
	sample time= 1.254500389099121
	self.n= 0.23208878465874655
	collect g,h time= 2.696169137954712
E=-9.90673526817288,dE=-2.668426711593952e-06,std=0
L=-9.90673526817288,dL=-2.668426711593952e-06,std=0
	gnorm= 9.357787483263559e-05
	symmetric= True
	solver time=0.0077474117279052734,exit status=0
	SR solver time= 0.007819414138793945
	symmetric= False
	niter= 35
	niter= 361
	solver time=0.09224653244018555,exit status=0
	RGN solver time= 0.09228777885437012
	xnorm=5.323615094412009,dnorm=0.03464042212972996
	dense amplitude time= 0.02572917938232422
	total non-zero amplitudes= 4900
	nsamples per process= 50
	sample time= 0.26441240310668945
	self.n= 0.23179646723247382
	RGN updated loss=-9.90673785195122,dloss=-2.5837783397264502e-06
step= 72

nparam= 1004
	dense amplitude time= 0.02893209457397461
	total non-zero amplitudes= 4900
	nsamples per process= 50
	sample time= 1.221031665802002
	self.n= 0.2317964672324736
	collect g,h time= 2.625394821166992
E=-9.906737851951222,dE=-2.583778341502807e-06,std=0
L=-9.906737851951222,dL=-2.583778341502807e-06,std=0
	gnorm= 0.0001660529170340107
	symmetric= True
	solver time=0.015325307846069336,exit status=0
	SR solver time= 0.015365839004516602
	symmetric= False
	niter= 41
	niter= 338
	solver time=0.113433837890625,exit status=0
	RGN solver time= 0.11347508430480957
	xnorm=5.333071973208498,dnorm=0.03423001900472618
	dense amplitude time= 0.015887022018432617
	total non-zero amplitudes= 4900
	nsamples per process= 50
	sample time= 0.26383018493652344
	self.n= 0.2315303607341171
	RGN updated loss=-9.906740368715456,dloss=-2.516764233462254e-06
step= 73

nparam= 1004
	dense amplitude time= 0.017159223556518555
	total non-zero amplitudes= 4900
	nsamples per process= 50
	sample time= 1.207900047302246
	self.n= 0.23153036073411692
	collect g,h time= 2.728428363800049
E=-9.906740368715452,dE=-2.5167642299095405e-06,std=0
L=-9.906740368715452,dL=-2.5167642299095405e-06,std=0
	gnorm= 0.00013550499146232654
	symmetric= True
	niter= 41
	solver time=0.0333094596862793,exit status=0
	SR solver time= 0.03335881233215332
	symmetric= False
	niter= 343
	solver time=0.10004758834838867,exit status=0
	RGN solver time= 0.10008645057678223
	xnorm=5.342407532523545,dnorm=0.03384326392329256
	dense amplitude time= 0.014753103256225586
	total non-zero amplitudes= 4900
	nsamples per process= 50
	sample time= 0.2558610439300537
	self.n= 0.2313245886051668
	RGN updated loss=-9.906742817151091,dloss=-2.4484356391241135e-06
step= 74

nparam= 1004
	dense amplitude time= 0.03018021583557129
	total non-zero amplitudes= 4900
	nsamples per process= 50
	sample time= 1.212562084197998
	self.n= 0.2313245886051663
	collect g,h time= 2.5887701511383057
E=-9.90674281715109,dE=-2.4484356373477567e-06,std=0
L=-9.90674281715109,dL=-2.4484356373477567e-06,std=0
	gnorm= 0.00012874298205498567
	symmetric= True
	solver time=0.01841425895690918,exit status=0
	SR solver time= 0.018466949462890625
	symmetric= False
	niter= 38
	niter= 343
	solver time=0.11168837547302246,exit status=0
	RGN solver time= 0.11173343658447266
	xnorm=5.351526743749863,dnorm=0.03349385093223576
	dense amplitude time= 0.026262998580932617
	total non-zero amplitudes= 4900
	nsamples per process= 50
	sample time= 0.2602074146270752
	self.n= 0.23109228848617966
	RGN updated loss=-9.906745242865112,dloss=-2.4257140225358853e-06
step= 75

nparam= 1004
	dense amplitude time= 0.019423723220825195
	total non-zero amplitudes= 4900
	nsamples per process= 50
	sample time= 1.248936414718628
	self.n= 0.2310922884861794
	collect g,h time= 2.6274352073669434
E=-9.906745242865114,dE=-2.425714024312242e-06,std=0
L=-9.906745242865114,dL=-2.425714024312242e-06,std=0
	gnorm= 8.881926642439199e-05
	symmetric= True
	solver time=0.01781296730041504,exit status=0
	SR solver time= 0.01786327362060547
	symmetric= False
	niter= 35
	niter= 366
	solver time=0.11008810997009277,exit status=0
	RGN solver time= 0.11014485359191895
	xnorm=5.360676778398082,dnorm=0.03315682417091707
	dense amplitude time= 0.02681446075439453
	total non-zero amplitudes= 4900
	nsamples per process= 50
	sample time= 0.26108670234680176
	self.n= 0.23092932026836993
	RGN updated loss=-9.906747589576925,dloss=-2.3467118115405583e-06
step= 76

nparam= 1004
	dense amplitude time= 0.039852142333984375
	total non-zero amplitudes= 4900
	nsamples per process= 50
	sample time= 1.2209804058074951
	self.n= 0.23092932026836988
	collect g,h time= 2.604945182800293
E=-9.906747589576927,dE=-2.346711813316915e-06,std=0
L=-9.906747589576927,dL=-2.346711813316915e-06,std=0
	gnorm= 7.219695705700779e-05
	symmetric= True
	solver time=0.015262365341186523,exit status=0
	SR solver time= 0.015320777893066406
	symmetric= False
	niter= 35
	niter= 373
	solver time=0.17792367935180664,exit status=0
	RGN solver time= 0.17797374725341797
	xnorm=5.369629122475605,dnorm=0.03275480035719552
	dense amplitude time= 0.017743349075317383
	total non-zero amplitudes= 4900
	nsamples per process= 50
	sample time= 0.26165318489074707
	self.n= 0.23079132082213044
	RGN updated loss=-9.906749895992586,dloss=-2.306415659347749e-06
step= 77

nparam= 1004
	dense amplitude time= 0.016098499298095703
	total non-zero amplitudes= 4900
	nsamples per process= 50
	sample time= 1.2701082229614258
	self.n= 0.23079132082213044
	collect g,h time= 2.673259735107422
E=-9.906749895992588,dE=-2.306415661124106e-06,std=0
L=-9.906749895992588,dL=-2.306415661124106e-06,std=0
	gnorm= 0.0001193716571138433
	symmetric= True
	solver time=0.007292985916137695,exit status=0
	SR solver time= 0.00733494758605957
	symmetric= False
	niter= 38
	niter= 345
	solver time=0.10232925415039062,exit status=0
	RGN solver time= 0.1023719310760498
	xnorm=5.378473904443282,dnorm=0.03245223573233094
	dense amplitude time= 0.01764965057373047
	total non-zero amplitudes= 4900
	nsamples per process= 50
	sample time= 0.257983922958374
	self.n= 0.23064087044245107
	RGN updated loss=-9.906752136409601,dloss=-2.240417012799867e-06
step= 78

nparam= 1004
	dense amplitude time= 0.02768564224243164
	total non-zero amplitudes= 4900
	nsamples per process= 50
	sample time= 1.2191226482391357
	self.n= 0.23064087044245116
	collect g,h time= 2.61364483833313
E=-9.9067521364096,dE=-2.24041701102351e-06,std=0
L=-9.9067521364096,dL=-2.24041701102351e-06,std=0
	gnorm= 0.00016531104856543183
	symmetric= True
	solver time=0.007712841033935547,exit status=0
	SR solver time= 0.007765293121337891
	symmetric= False
	niter= 42
	niter= 341
	solver time=0.09911608695983887,exit status=0
	RGN solver time= 0.09916949272155762
	xnorm=5.38750697020643,dnorm=0.03207292702877232
	dense amplitude time= 0.01698589324951172
	total non-zero amplitudes= 4900
	nsamples per process= 50
	sample time= 0.26778292655944824
	self.n= 0.23059572364893033
	RGN updated loss=-9.906754308253134,dloss=-2.171843535236917e-06
step= 79

nparam= 1004
	dense amplitude time= 0.03588557243347168
	total non-zero amplitudes= 4900
	nsamples per process= 50
	sample time= 1.232029914855957
	self.n= 0.23059572364893022
	collect g,h time= 2.6380443572998047
E=-9.906754308253138,dE=-2.1718435387896307e-06,std=0
L=-9.906754308253138,dL=-2.1718435387896307e-06,std=0
	gnorm= 0.00015571403344621267
	symmetric= True
	solver time=0.0065920352935791016,exit status=0
	SR solver time= 0.006682634353637695
	symmetric= False
	niter= 42
	niter= 341
	solver time=0.16182708740234375,exit status=0
	RGN solver time= 0.16187381744384766
	xnorm=5.396024695396094,dnorm=0.03172468256235717
	dense amplitude time= 0.019491195678710938
	total non-zero amplitudes= 4900
	nsamples per process= 50
	sample time= 0.26520657539367676
	self.n= 0.23054931838432385
	RGN updated loss=-9.906756478293941,dloss=-2.1700408030511653e-06
step= 80

nparam= 1004
	dense amplitude time= 0.01638484001159668
	total non-zero amplitudes= 4900
	nsamples per process= 50
	sample time= 1.2377822399139404
	self.n= 0.23054931838432363
	collect g,h time= 2.62678861618042
E=-9.906756478293941,dE=-2.1700408030511653e-06,std=0
L=-9.906756478293941,dL=-2.1700408030511653e-06,std=0
	gnorm= 0.00016857184283791213
	symmetric= True
	solver time=0.006467342376708984,exit status=0
	SR solver time= 0.006513833999633789
	symmetric= False
	niter= 42
	niter= 337
	solver time=0.0937037467956543,exit status=0
	RGN solver time= 0.09375214576721191
	xnorm=5.404594144052619,dnorm=0.03133293828891033
	dense amplitude time= 0.015191316604614258
	total non-zero amplitudes= 4900
	nsamples per process= 50
	sample time= 0.26508665084838867
	self.n= 0.23054123802594723
	RGN updated loss=-9.906758541277364,dloss=-2.0629834232011035e-06
step= 81

nparam= 1004
	dense amplitude time= 0.03033900260925293
	total non-zero amplitudes= 4900
	nsamples per process= 50
	sample time= 1.2358922958374023
	self.n= 0.23054123802594723
	collect g,h time= 2.6259913444519043
E=-9.90675854127736,dE=-2.06298341964839e-06,std=0
L=-9.90675854127736,dL=-2.06298341964839e-06,std=0
	gnorm= 0.0001808360777283554
	symmetric= True
	solver time=0.006479024887084961,exit status=0
	SR solver time= 0.006535053253173828
	symmetric= False
	niter= 43
	niter= 328
	solver time=0.16064047813415527,exit status=0
	RGN solver time= 0.1606919765472412
	xnorm=5.4129113515361125,dnorm=0.031134954546392646
	dense amplitude time= 0.046082258224487305
	total non-zero amplitudes= 4900
	nsamples per process= 50
	sample time= 0.26030588150024414
	self.n= 0.23052772641866726
	RGN updated loss=-9.906760618156577,dloss=-2.076879216161842e-06
step= 82

nparam= 1004
	dense amplitude time= 0.02475738525390625
	total non-zero amplitudes= 4900
	nsamples per process= 50
	sample time= 1.202655553817749
	self.n= 0.23052772641866665
	collect g,h time= 2.6221256256103516
E=-9.906760618156575,dE=-2.0768792143854853e-06,std=0
L=-9.906760618156575,dL=-2.0768792143854853e-06,std=0
	gnorm= 0.00012322886422240462
	symmetric= True
	solver time=0.007318735122680664,exit status=0
	SR solver time= 0.00737309455871582
	symmetric= False
	niter= 40
	niter= 343
	solver time=0.08648014068603516,exit status=0
	RGN solver time= 0.0865330696105957
	xnorm=5.421302228910968,dnorm=0.030699321230632834
	dense amplitude time= 0.017941713333129883
	total non-zero amplitudes= 4900
	nsamples per process= 50
	sample time= 0.2527918815612793
	self.n= 0.2305760384990996
	RGN updated loss=-9.906762627282001,dloss=-2.0091254260279356e-06
step= 83

nparam= 1004
	dense amplitude time= 0.025750398635864258
	total non-zero amplitudes= 4900
	nsamples per process= 50
	sample time= 1.2080461978912354
	self.n= 0.2305760384990994
	collect g,h time= 2.6317882537841797
E=-9.906762627282,dE=-2.009125424251579e-06,std=0
L=-9.906762627282,dL=-2.009125424251579e-06,std=0
	gnorm= 0.0001289304279405464
	symmetric= True
	solver time=0.006827831268310547,exit status=0
	SR solver time= 0.00687718391418457
	symmetric= False
	niter= 40
	niter= 343
	solver time=0.17864608764648438,exit status=0
	RGN solver time= 0.17869091033935547
	xnorm=5.429521536527888,dnorm=0.030387580951880176
	dense amplitude time= 0.0147247314453125
	total non-zero amplitudes= 4900
	nsamples per process= 50
	sample time= 0.25069618225097656
	self.n= 0.23061877552040067
	RGN updated loss=-9.906764593385756,dloss=-1.9661037562457295e-06
step= 84

nparam= 1004
	dense amplitude time= 0.02236008644104004
	total non-zero amplitudes= 4900
	nsamples per process= 50
	sample time= 1.201500654220581
	self.n= 0.2306187755204005
	collect g,h time= 2.630333662033081
E=-9.906764593385757,dE=-1.9661037580220864e-06,std=0
L=-9.906764593385757,dL=-1.9661037580220864e-06,std=0
	gnorm= 9.542969636447793e-05
	symmetric= True
	solver time=0.006983280181884766,exit status=0
	SR solver time= 0.007051706314086914
	symmetric= False
	niter= 38
	niter= 343
	solver time=0.10508608818054199,exit status=0
	RGN solver time= 0.1051492691040039
	xnorm=5.437684030198796,dnorm=0.030054234148682392
	dense amplitude time= 0.017945528030395508
	total non-zero amplitudes= 4900
	nsamples per process= 50
	sample time= 0.2536277770996094
	self.n= 0.23069516123985595
	RGN updated loss=-9.906766508420851,dloss=-1.915035094057771e-06
step= 85

nparam= 1004
	dense amplitude time= 0.05042290687561035
	total non-zero amplitudes= 4900
	nsamples per process= 50
	sample time= 1.21394944190979
	self.n= 0.23069516123985606
	collect g,h time= 2.638021230697632
E=-9.906766508420855,dE=-1.9150350976104846e-06,std=0
L=-9.906766508420855,dL=-1.9150350976104846e-06,std=0
	gnorm= 0.0001243782802520108
	symmetric= True
	solver time=0.013502836227416992,exit status=0
	SR solver time= 0.013561487197875977
	symmetric= False
	niter= 40
	niter= 343
	solver time=0.09628057479858398,exit status=0
	RGN solver time= 0.0963282585144043
	xnorm=5.445721812836504,dnorm=0.02975262238840486
	dense amplitude time= 0.018152952194213867
	total non-zero amplitudes= 4900
	nsamples per process= 50
	sample time= 0.2518594264984131
	self.n= 0.23078519650928525
	RGN updated loss=-9.906768391788733,dloss=-1.883367877653086e-06
step= 86

nparam= 1004
	dense amplitude time= 0.025805950164794922
	total non-zero amplitudes= 4900
	nsamples per process= 50
	sample time= 1.1842527389526367
	self.n= 0.23078519650928506
	collect g,h time= 2.6206250190734863
E=-9.906768391788734,dE=-1.8833678794294428e-06,std=0
L=-9.906768391788734,dL=-1.8833678794294428e-06,std=0
	gnorm= 0.0002365488325752876
	symmetric= True
	solver time=0.007778167724609375,exit status=0
	SR solver time= 0.00783085823059082
	symmetric= False
	niter= 46
	niter= 314
	solver time=0.12082695960998535,exit status=0
	RGN solver time= 0.12087512016296387
	xnorm=5.453686884571122,dnorm=0.029548268541142602
	dense amplitude time= 0.017987489700317383
	total non-zero amplitudes= 4900
	nsamples per process= 50
	sample time= 0.24953413009643555
	self.n= 0.23092018645532703
	RGN updated loss=-9.906770167036099,dloss=-1.7752473642218547e-06
step= 87

nparam= 1004
	dense amplitude time= 0.03521156311035156
	total non-zero amplitudes= 4900
	nsamples per process= 50
	sample time= 1.204319715499878
	self.n= 0.230920186455327
	collect g,h time= 2.6141016483306885
E=-9.906770167036099,dE=-1.7752473642218547e-06,std=0
L=-9.906770167036099,dL=-1.7752473642218547e-06,std=0
	gnorm= 0.00041744479431926693
	symmetric= True
	solver time=0.00701451301574707,exit status=0
	SR solver time= 0.0070569515228271484
	symmetric= False
	niter= 46
	niter= 301
	solver time=0.07488584518432617,exit status=0
	RGN solver time= 0.07493305206298828
	xnorm=5.46163669270255,dnorm=0.029385059127441878
	dense amplitude time= 0.01518392562866211
	total non-zero amplitudes= 4900
	nsamples per process= 50
	sample time= 0.26437997817993164
	self.n= 0.23103503381361984
	RGN updated loss=-9.90677196600523,dloss=-1.7989691318831547e-06
step= 88

nparam= 1004
	dense amplitude time= 0.024341344833374023
	total non-zero amplitudes= 4900
	nsamples per process= 50
	sample time= 1.2448153495788574
	self.n= 0.23103503381361956
	collect g,h time= 2.593550205230713
E=-9.906771966005229,dE=-1.7989691301067978e-06,std=0
L=-9.906771966005229,dL=-1.7989691301067978e-06,std=0
	gnorm= 0.00015299845096292952
	symmetric= True
	solver time=0.013734579086303711,exit status=0
	SR solver time= 0.013782739639282227
	symmetric= False
	niter= 43
	niter= 336
	solver time=0.09372663497924805,exit status=0
	RGN solver time= 0.09377360343933105
	xnorm=5.469586034832502,dnorm=0.028901199093227265
	dense amplitude time= 0.018726587295532227
	total non-zero amplitudes= 4900
	nsamples per process= 50
	sample time= 0.2613365650177002
	self.n= 0.23114808282870963
	RGN updated loss=-9.906773797044513,dloss=-1.8310392846387913e-06
step= 89

nparam= 1004
	dense amplitude time= 0.035747528076171875
	total non-zero amplitudes= 4900
	nsamples per process= 50
	sample time= 1.243776559829712
	self.n= 0.23114808282870947
	collect g,h time= 2.5994627475738525
E=-9.906773797044515,dE=-1.8310392864151481e-06,std=0
L=-9.906773797044515,dL=-1.8310392864151481e-06,std=0
	gnorm= 0.0005262833285710014
	symmetric= True
	solver time=0.017945051193237305,exit status=0
	SR solver time= 0.018035173416137695
	symmetric= False
	niter= 43
	solver time=0.08987927436828613,exit status=0
	RGN solver time= 0.08992457389831543
	xnorm=5.47728682885014,dnorm=0.029548877446268718
	niter= 308
	dense amplitude time= 0.015599250793457031
	total non-zero amplitudes= 4900
	nsamples per process= 50
	sample time= 0.2539095878601074
	self.n= 0.23129451503250903
	RGN updated loss=-9.906775208931075,dloss=-1.4118865596657315e-06
step= 90

nparam= 1004
	dense amplitude time= 0.027646780014038086
	total non-zero amplitudes= 4900
	nsamples per process= 50
	sample time= 1.2118470668792725
	self.n= 0.2312945150325087
	collect g,h time= 2.632450819015503
E=-9.906775208931073,dE=-1.4118865578893747e-06,std=0
L=-9.906775208931073,dL=-1.4118865578893747e-06,std=0
	gnorm= 0.0002857777545159516
	symmetric= True
	solver time=0.006842374801635742,exit status=0
	SR solver time= 0.006894111633300781
	symmetric= False
	niter= 45
	niter= 312
	solver time=0.12248969078063965,exit status=0
	RGN solver time= 0.12253284454345703
	xnorm=5.485365846116712,dnorm=0.028670390910436046
	dense amplitude time= 0.028989076614379883
	total non-zero amplitudes= 4900
	nsamples per process= 50
	sample time= 0.26025390625
	self.n= 0.2314203017517455
	RGN updated loss=-9.906777199265331,dloss=-1.990334258294979e-06
step= 91

nparam= 1004
	dense amplitude time= 0.056073665618896484
	total non-zero amplitudes= 4900
	nsamples per process= 50
	sample time= 1.1795010566711426
	self.n= 0.23142030175174566
	collect g,h time= 2.7076027393341064
E=-9.906777199265331,dE=-1.990334258294979e-06,std=0
L=-9.906777199265331,dL=-1.990334258294979e-06,std=0
	gnorm= 0.00012832520355449454
	symmetric= True
	solver time=0.008754730224609375,exit status=0
	SR solver time= 0.008804559707641602
	symmetric= False
	niter= 41
	niter= 339
	solver time=0.2415478229522705,exit status=0
	RGN solver time= 0.2415907382965088
	xnorm=5.492566320009704,dnorm=0.02805620470073552
	dense amplitude time= 0.02728724479675293
	total non-zero amplitudes= 4900
	nsamples per process= 50
	sample time= 0.34831953048706055
	self.n= 0.23156903433145892
	RGN updated loss=-9.906778863838632,dloss=-1.664573300530492e-06
step= 92

nparam= 1004
	dense amplitude time= 0.03398251533508301
	total non-zero amplitudes= 4900
	nsamples per process= 50
	sample time= 1.2224667072296143
	self.n= 0.23156903433145898
	collect g,h time= 2.66923451423645
E=-9.906778863838632,dE=-1.664573300530492e-06,std=0
L=-9.906778863838632,dL=-1.664573300530492e-06,std=0
	gnorm= 8.786549283996426e-05
	symmetric= True
	solver time=0.0066144466400146484,exit status=0
	SR solver time= 0.00666499137878418
	symmetric= False
	niter= 38
	niter= 343
	solver time=0.09596633911132812,exit status=0
	RGN solver time= 0.09601354598999023
	xnorm=5.4999580274966196,dnorm=0.027744632903440387
	dense amplitude time= 0.01729726791381836
	total non-zero amplitudes= 4900
	nsamples per process= 50
	sample time= 0.2512500286102295
	self.n= 0.23175222630615772
	RGN updated loss=-9.906780496501927,dloss=-1.6326632952257114e-06
step= 93

nparam= 1004
	dense amplitude time= 0.029825210571289062
	total non-zero amplitudes= 4900
	nsamples per process= 50
	sample time= 1.1852364540100098
	self.n= 0.23175222630615758
	collect g,h time= 2.6306915283203125
E=-9.90678049650193,dE=-1.632663298778425e-06,std=0
L=-9.90678049650193,dL=-1.632663298778425e-06,std=0
	gnorm= 0.00013151877708665835
	symmetric= True
	solver time=0.007834911346435547,exit status=0
	SR solver time= 0.007882833480834961
	symmetric= False
	niter= 42
	niter= 338
	solver time=0.08556413650512695,exit status=0
	RGN solver time= 0.08561372756958008
	xnorm=5.507270285848832,dnorm=0.027582895174089614
	dense amplitude time= 0.014758825302124023
	total non-zero amplitudes= 4900
	nsamples per process= 50
	sample time= 0.25156331062316895
	self.n= 0.23195579920898757
	RGN updated loss=-9.906782061468956,dloss=-1.5649670253026216e-06
step= 94

nparam= 1004
	dense amplitude time= 0.028487682342529297
	total non-zero amplitudes= 4900
	nsamples per process= 50
	sample time= 1.201866865158081
	self.n= 0.23195579920898735
	collect g,h time= 2.63261079788208
E=-9.906782061468956,dE=-1.5649670253026216e-06,std=0
L=-9.906782061468956,dL=-1.5649670253026216e-06,std=0
	gnorm= 0.00011084715608340532
	symmetric= True
	solver time=0.01911783218383789,exit status=0
	SR solver time= 0.01917266845703125
	symmetric= False
	niter= 41
	niter= 341
	solver time=0.10238933563232422,exit status=0
	RGN solver time= 0.10246014595031738
	xnorm=5.5146932363059875,dnorm=0.027277458559723165
	dense amplitude time= 0.014506816864013672
	total non-zero amplitudes= 4900
	nsamples per process= 50
	sample time= 0.25753188133239746
	self.n= 0.23216126444831514
	RGN updated loss=-9.906783654554628,dloss=-1.5930856722690123e-06
step= 95

nparam= 1004
	dense amplitude time= 0.025589942932128906
	total non-zero amplitudes= 4900
	nsamples per process= 50
	sample time= 1.2391703128814697
	self.n= 0.2321612644483147
	collect g,h time= 2.642587423324585
E=-9.906783654554628,dE=-1.5930856722690123e-06,std=0
L=-9.906783654554628,dL=-1.5930856722690123e-06,std=0
	gnorm= 0.00012562336628160536
	symmetric= True
	solver time=0.016626834869384766,exit status=0
	SR solver time= 0.016684770584106445
	symmetric= False
	niter= 41
	niter= 336
	solver time=0.09572291374206543,exit status=0
	RGN solver time= 0.09577441215515137
	xnorm=5.5218369689316935,dnorm=0.02705427331665098
	dense amplitude time= 0.02887701988220215
	total non-zero amplitudes= 4900
	nsamples per process= 50
	sample time= 0.25705432891845703
	self.n= 0.2323845393805874
	RGN updated loss=-9.906785197893825,dloss=-1.5433391968855403e-06
step= 96

nparam= 1004
	dense amplitude time= 0.05867338180541992
	total non-zero amplitudes= 4900
	nsamples per process= 50
	sample time= 1.1882035732269287
	self.n= 0.23238453938058717
	collect g,h time= 2.6611695289611816
E=-9.906785197893823,dE=-1.5433391951091835e-06,std=0
L=-9.906785197893823,dL=-1.5433391951091835e-06,std=0
	gnorm= 0.00010631083298059863
	symmetric= True
	solver time=0.023702383041381836,exit status=0
	SR solver time= 0.023752212524414062
	symmetric= False
	niter= 39
	niter= 341
	solver time=0.1265125274658203,exit status=0
	RGN solver time= 0.12656092643737793
	xnorm=5.528930507061059,dnorm=0.026792307130484125
	dense amplitude time= 0.01628589630126953
	total non-zero amplitudes= 4900
	nsamples per process= 50
	sample time= 0.2554469108581543
	self.n= 0.23261429756525237
	RGN updated loss=-9.906786719792718,dloss=-1.521898894907281e-06
step= 97

nparam= 1004
	dense amplitude time= 0.01819896697998047
	total non-zero amplitudes= 4900
	nsamples per process= 50
	sample time= 1.218613862991333
	self.n= 0.23261429756525223
	collect g,h time= 2.6384284496307373
E=-9.906786719792716,dE=-1.521898893130924e-06,std=0
L=-9.906786719792716,dL=-1.521898893130924e-06,std=0
	gnorm= 5.6994459813083e-05
	symmetric= True
	solver time=0.005610227584838867,exit status=0
	SR solver time= 0.0056569576263427734
	symmetric= False
	niter= 34
	niter= 367
	solver time=0.11496639251708984,exit status=0
	RGN solver time= 0.1150217056274414
	xnorm=5.535951117403176,dnorm=0.02654777393134169
	dense amplitude time= 0.014723062515258789
	total non-zero amplitudes= 4900
	nsamples per process= 50
	sample time= 0.34929871559143066
	self.n= 0.23284730386071786
	RGN updated loss=-9.906788204512683,dloss=-1.4847199665268818e-06
step= 98

nparam= 1004
	dense amplitude time= 0.03769063949584961
	total non-zero amplitudes= 4900
	nsamples per process= 50
	sample time= 1.2508230209350586
	self.n= 0.23284730386071784
	collect g,h time= 2.6479709148406982
E=-9.906788204512683,dE=-1.4847199665268818e-06,std=0
L=-9.906788204512683,dL=-1.4847199665268818e-06,std=0
	gnorm= 0.00011857801169307858
	symmetric= True
	solver time=0.006891727447509766,exit status=0
	SR solver time= 0.006978511810302734
	symmetric= False
	niter= 40
	niter= 336
	solver time=0.08909201622009277,exit status=0
	RGN solver time= 0.0891427993774414
	xnorm=5.542922931848454,dnorm=0.02643568872711692
	dense amplitude time= 0.017046213150024414
	total non-zero amplitudes= 4900
	nsamples per process= 50
	sample time= 0.26516199111938477
	self.n= 0.23310060082278664
	RGN updated loss=-9.906789658187067,dloss=-1.453674384421788e-06
step= 99

nparam= 1004
	dense amplitude time= 0.03564858436584473
	total non-zero amplitudes= 4900
	nsamples per process= 50
	sample time= 1.220452070236206
	self.n= 0.23310060082278658
	collect g,h time= 2.6166181564331055
E=-9.906789658187066,dE=-1.4536743826454313e-06,std=0
L=-9.906789658187066,dL=-1.4536743826454313e-06,std=0
	gnorm= 8.387202959931421e-05
	symmetric= True
	solver time=0.006199359893798828,exit status=0
	SR solver time= 0.0062520503997802734
	symmetric= False
	niter= 39
	niter= 343
	solver time=0.11256027221679688,exit status=0
	RGN solver time= 0.11260986328125
	xnorm=5.549925250284242,dnorm=0.026154172018598373
	dense amplitude time= 0.02746105194091797
	total non-zero amplitudes= 4900
	nsamples per process= 50
	sample time= 0.26396775245666504
	self.n= 0.23333215255700104
	RGN updated loss=-9.906791110352046,dloss=-1.4521649802645697e-06
step= 100

nparam= 1004
	dense amplitude time= 0.0243990421295166
	total non-zero amplitudes= 4900
	nsamples per process= 50
	sample time= 1.2533650398254395
	self.n= 0.23333215255700102
	collect g,h time= 2.5793864727020264
E=-9.906791110352046,dE=-1.4521649802645697e-06,std=0
L=-9.906791110352046,dL=-1.4521649802645697e-06,std=0
	gnorm= 6.325782051772816e-05
	symmetric= True
	solver time=0.006598234176635742,exit status=0
	SR solver time= 0.006645679473876953
	symmetric= False
	niter= 37
	niter= 352
	solver time=0.10418248176574707,exit status=0
	RGN solver time= 0.10422873497009277
	xnorm=5.556750038638479,dnorm=0.02595642015477139
	dense amplitude time= 0.014632701873779297
	total non-zero amplitudes= 4900
	nsamples per process= 50
	sample time= 0.26015305519104004
	self.n= 0.23356127567505366
	RGN updated loss=-9.906792524133966,dloss=-1.4137819199788737e-06
step= 101

nparam= 1004
	dense amplitude time= 0.03174233436584473
	total non-zero amplitudes= 4900
	nsamples per process= 50
	sample time= 1.2285892963409424
	self.n= 0.23356127567505353
	collect g,h time= 2.5762152671813965
E=-9.906792524133964,dE=-1.4137819182025169e-06,std=0
L=-9.906792524133964,dL=-1.4137819182025169e-06,std=0
	gnorm= 5.793154188358576e-05
	symmetric= True
	solver time=0.016862869262695312,exit status=0
	SR solver time= 0.016908884048461914
	symmetric= False
	niter= 36
	niter= 352
	solver time=0.12974333763122559,exit status=0
	RGN solver time= 0.12978267669677734
	xnorm=5.5635475276689,dnorm=0.025736237657181697
	dense amplitude time= 0.02787494659423828
	total non-zero amplitudes= 4900
	nsamples per process= 50
	sample time= 0.26523613929748535
	self.n= 0.23378894390027088
	RGN updated loss=-9.906793918931783,dloss=-1.3947978185768761e-06
step= 102

nparam= 1004
	dense amplitude time= 0.033858299255371094
	total non-zero amplitudes= 4900
	nsamples per process= 50
	sample time= 1.2342660427093506
	self.n= 0.2337889439002705
	collect g,h time= 2.7338807582855225
E=-9.906793918931784,dE=-1.394797820353233e-06,std=0
L=-9.906793918931784,dL=-1.394797820353233e-06,std=0
	gnorm= 4.682201787311392e-05
	symmetric= True
	solver time=0.01722884178161621,exit status=0
	SR solver time= 0.017311811447143555
	symmetric= False
	niter= 34
	niter= 372
	solver time=0.18657946586608887,exit status=0
	RGN solver time= 0.18662261962890625
	xnorm=5.5702911703387565,dnorm=0.025526126244985587
	dense amplitude time= 0.018741369247436523
	total non-zero amplitudes= 4900
	nsamples per process= 50
	sample time= 0.25159287452697754
	self.n= 0.23400986721080935
	RGN updated loss=-9.906795293368742,dloss=-1.374436957135572e-06
step= 103

nparam= 1004
	dense amplitude time= 0.01650714874267578
	total non-zero amplitudes= 4900
	nsamples per process= 50
	sample time= 1.2109706401824951
	self.n= 0.23400986721080916
	collect g,h time= 2.615034341812134
E=-9.906795293368742,dE=-1.374436957135572e-06,std=0
L=-9.906795293368742,dL=-1.374436957135572e-06,std=0
	gnorm= 5.775261778442383e-05
	symmetric= True
	solver time=0.01831507682800293,exit status=0
	SR solver time= 0.018380403518676758
	symmetric= False
	niter= 36
	niter= 362
	solver time=0.10256576538085938,exit status=0
	RGN solver time= 0.10261821746826172
	xnorm=5.576964998419594,dnorm=0.025349097652726315
	dense amplitude time= 0.01646590232849121
	total non-zero amplitudes= 4900
	nsamples per process= 50
	sample time= 0.25956296920776367
	self.n= 0.2342224788557382
	RGN updated loss=-9.906796638596438,dloss=-1.3452276963477061e-06
step= 104

nparam= 1004
	dense amplitude time= 0.03965187072753906
	total non-zero amplitudes= 4900
	nsamples per process= 50
	sample time= 1.2214815616607666
	self.n= 0.23422247885573794
	collect g,h time= 2.6170527935028076
E=-9.906796638596436,dE=-1.3452276945713493e-06,std=0
L=-9.906796638596436,dL=-1.3452276945713493e-06,std=0
	gnorm= 5.899798864535762e-05
	symmetric= True
	solver time=0.007486820220947266,exit status=0
	SR solver time= 0.007535457611083984
	symmetric= False
	niter= 36
	niter= 355
	solver time=0.09071564674377441,exit status=0
	RGN solver time= 0.09076356887817383
	xnorm=5.583638958960502,dnorm=0.025155823677958336
	dense amplitude time= 0.017561912536621094
	total non-zero amplitudes= 4900
	nsamples per process= 50
	sample time= 0.26136183738708496
	self.n= 0.23444978919157197
	RGN updated loss=-9.906797969730565,dloss=-1.3311341291455392e-06
step= 105

nparam= 1004
	dense amplitude time= 0.02176046371459961
	total non-zero amplitudes= 4900
	nsamples per process= 50
	sample time= 1.2271287441253662
	self.n= 0.2344497891915715
	collect g,h time= 2.673541784286499
E=-9.906797969730563,dE=-1.3311341273691824e-06,std=0
L=-9.906797969730563,dL=-1.3311341273691824e-06,std=0
	gnorm= 4.773025074707915e-05
	symmetric= True
	solver time=0.0063016414642333984,exit status=0
	SR solver time= 0.006350994110107422
	symmetric= False
	niter= 33
	niter= 371
	solver time=0.11281728744506836,exit status=0
	RGN solver time= 0.11286711692810059
	xnorm=5.590227328691376,dnorm=0.024969570315711124
	dense amplitude time= 0.0177152156829834
	total non-zero amplitudes= 4900
	nsamples per process= 50
	sample time= 0.24865245819091797
	self.n= 0.23466404429517468
	RGN updated loss=-9.906799282672623,dloss=-1.3129420590729524e-06
step= 106

nparam= 1004
	dense amplitude time= 0.025907516479492188
	total non-zero amplitudes= 4900
	nsamples per process= 50
	sample time= 1.1938815116882324
	self.n= 0.23466404429517446
	collect g,h time= 2.6069958209991455
E=-9.906799282672623,dE=-1.3129420590729524e-06,std=0
L=-9.906799282672623,dL=-1.3129420590729524e-06,std=0
	gnorm= 4.269038479066055e-05
	symmetric= True
	solver time=0.006014347076416016,exit status=0
	SR solver time= 0.006056785583496094
	symmetric= False
	niter= 31
	niter= 371
	solver time=0.10793447494506836,exit status=0
	RGN solver time= 0.10799050331115723
	xnorm=5.596762347073644,dnorm=0.024777542159724393
	dense amplitude time= 0.014748811721801758
	total non-zero amplitudes= 4900
	nsamples per process= 50
	sample time= 0.2553682327270508
	self.n= 0.23488238082783078
	RGN updated loss=-9.906800575997034,dloss=-1.2933244111223985e-06
step= 107

nparam= 1004
	dense amplitude time= 0.023737192153930664
	total non-zero amplitudes= 4900
	nsamples per process= 50
	sample time= 1.2277863025665283
	self.n= 0.2348823808278306
	collect g,h time= 2.6547586917877197
E=-9.906800575997035,dE=-1.2933244128987553e-06,std=0
L=-9.906800575997035,dL=-1.2933244128987553e-06,std=0
	gnorm= 6.191261389191115e-05
	symmetric= True
	solver time=0.007765531539916992,exit status=0
	SR solver time= 0.007916450500488281
	symmetric= False
	niter= 38
	niter= 348
	solver time=0.17622923851013184,exit status=0
	RGN solver time= 0.17627763748168945
	xnorm=5.6032269398349115,dnorm=0.024621075932498696
	dense amplitude time= 0.0207979679107666
	total non-zero amplitudes= 4900
	nsamples per process= 50
	sample time= 0.2615692615509033
	self.n= 0.23511957319069554
	RGN updated loss=-9.906801841704763,dloss=-1.2657077270716854e-06
step= 108

nparam= 1004
	dense amplitude time= 0.021847963333129883
	total non-zero amplitudes= 4900
	nsamples per process= 50
	sample time= 1.231330394744873
	self.n= 0.23511957319069557
	collect g,h time= 2.5617990493774414
E=-9.906801841704764,dE=-1.2657077288480423e-06,std=0
L=-9.906801841704764,dL=-1.2657077288480423e-06,std=0
	gnorm= 5.474525192061473e-05
	symmetric= True
	solver time=0.0057637691497802734,exit status=0
	SR solver time= 0.005809307098388672
	symmetric= False
	niter= 36
	niter= 353
	solver time=0.09522724151611328,exit status=0
	RGN solver time= 0.09526681900024414
	xnorm=5.609624883754237,dnorm=0.024452878263503185
	dense amplitude time= 0.01694035530090332
	total non-zero amplitudes= 4900
	nsamples per process= 50
	sample time= 0.2521016597747803
	self.n= 0.2353391681349759
	RGN updated loss=-9.906803102099841,dloss=-1.260395077196108e-06
step= 109

nparam= 1004
	dense amplitude time= 0.019655227661132812
	total non-zero amplitudes= 4900
	nsamples per process= 50
	sample time= 1.192190408706665
	self.n= 0.23533916813497585
	collect g,h time= 2.7751786708831787
E=-9.906803102099841,dE=-1.260395077196108e-06,std=0
L=-9.906803102099841,dL=-1.260395077196108e-06,std=0
	gnorm= 5.314035091623241e-05
	symmetric= True
	solver time=0.016972064971923828,exit status=0
	SR solver time= 0.017026662826538086
	symmetric= False
	niter= 36
	niter= 356
	solver time=0.11002802848815918,exit status=0
	RGN solver time= 0.11008238792419434
	xnorm=5.615951716536444,dnorm=0.024252396285599703
	dense amplitude time= 0.02595043182373047
	total non-zero amplitudes= 4900
	nsamples per process= 50
	sample time= 0.2518486976623535
	self.n= 0.23556090815156117
	RGN updated loss=-9.906804335131726,dloss=-1.233031884595448e-06
step= 110

nparam= 1004
	dense amplitude time= 0.028334379196166992
	total non-zero amplitudes= 4900
	nsamples per process= 50
	sample time= 1.2064237594604492
	self.n= 0.23556090815156117
	collect g,h time= 2.5864038467407227
E=-9.906804335131723,dE=-1.2330318810427343e-06,std=0
L=-9.906804335131723,dL=-1.2330318810427343e-06,std=0
	gnorm= 5.937712940716915e-05
	symmetric= True
	solver time=0.0068171024322509766,exit status=0
	SR solver time= 0.006864786148071289
	symmetric= False
	niter= 37
	niter= 345
	solver time=0.11159706115722656,exit status=0
	RGN solver time= 0.11163806915283203
	xnorm=5.622228496292215,dnorm=0.02411287795623876
	dense amplitude time= 0.017334461212158203
	total non-zero amplitudes= 4900
	nsamples per process= 50
	sample time= 0.2584869861602783
	self.n= 0.235778759879499
	RGN updated loss=-9.906805555638151,dloss=-1.2205064283676847e-06
step= 111

nparam= 1004
	dense amplitude time= 0.02132582664489746
	total non-zero amplitudes= 4900
	nsamples per process= 50
	sample time= 1.2357802391052246
	self.n= 0.2357787598794988
	collect g,h time= 2.6197285652160645
E=-9.906805555638151,dE=-1.2205064283676847e-06,std=0
L=-9.906805555638151,dL=-1.2205064283676847e-06,std=0
	gnorm= 4.3072785881848086e-05
	symmetric= True
	solver time=0.006412982940673828,exit status=0
	SR solver time= 0.006454944610595703
	symmetric= False
	niter= 33
	niter= 374
	solver time=0.09897899627685547,exit status=0
	RGN solver time= 0.09902119636535645
	xnorm=5.628457794429761,dnorm=0.02395114326842405
	dense amplitude time= 0.02627086639404297
	total non-zero amplitudes= 4900
	nsamples per process= 50
	sample time= 0.2572970390319824
	self.n= 0.2359710835291633
	RGN updated loss=-9.90680676396809,dloss=-1.2083299392173785e-06
step= 112

nparam= 1004
	dense amplitude time= 0.02307748794555664
	total non-zero amplitudes= 4900
	nsamples per process= 50
	sample time= 1.2036571502685547
	self.n= 0.23597108352916324
	collect g,h time= 2.6010799407958984
E=-9.906806763968087,dE=-1.2083299356646648e-06,std=0
L=-9.906806763968087,dL=-1.2083299356646648e-06,std=0
	gnorm= 5.9896735577347165e-05
	symmetric= True
	solver time=0.028893470764160156,exit status=0
	SR solver time= 0.028946399688720703
	symmetric= False
	niter= 37
	niter= 345
	solver time=0.09080672264099121,exit status=0
	RGN solver time= 0.09085226058959961
	xnorm=5.634630067266353,dnorm=0.023801979713546972
	dense amplitude time= 0.01813364028930664
	total non-zero amplitudes= 4900
	nsamples per process= 50
	sample time= 0.25077223777770996
	self.n= 0.2361905196135419
	RGN updated loss=-9.906807947578663,dloss=-1.1836105766604987e-06
step= 113

nparam= 1004
	dense amplitude time= 0.026914358139038086
	total non-zero amplitudes= 4900
	nsamples per process= 50
	sample time= 1.2136542797088623
	self.n= 0.2361905196135417
	collect g,h time= 2.636270761489868
E=-9.906807947578663,dE=-1.1836105766604987e-06,std=0
L=-9.906807947578663,dL=-1.1836105766604987e-06,std=0
	gnorm= 4.8732912050818746e-05
	symmetric= True
	niter= 35
	solver time=0.02595663070678711,exit status=0
	SR solver time= 0.026013612747192383
	symmetric= False
	niter= 364
	solver time=0.17845678329467773,exit status=0
	RGN solver time= 0.1784987449645996
	xnorm=5.640743795260201,dnorm=0.0236360511475345
	dense amplitude time= 0.016909122467041016
	total non-zero amplitudes= 4900
	nsamples per process= 50
	sample time= 0.25748634338378906
	self.n= 0.2363873285333969
	RGN updated loss=-9.906809123060905,dloss=-1.1754822413223565e-06
step= 114

nparam= 1004
	dense amplitude time= 0.03875589370727539
	total non-zero amplitudes= 4900
	nsamples per process= 50
	sample time= 1.2283215522766113
	self.n= 0.23638732853339717
	collect g,h time= 2.6106579303741455
E=-9.906809123060905,dE=-1.1754822413223565e-06,std=0
L=-9.906809123060905,dL=-1.1754822413223565e-06,std=0
	gnorm= 4.721013026003065e-05
	symmetric= True
	solver time=0.023891448974609375,exit status=0
	SR solver time= 0.023941755294799805
	symmetric= False
	niter= 35
	niter= 364
	solver time=0.09316372871398926,exit status=0
	RGN solver time= 0.09321212768554688
	xnorm=5.64683234214404,dnorm=0.023464134728911748
	dense amplitude time= 0.016799449920654297
	total non-zero amplitudes= 4900
	nsamples per process= 50
	sample time= 0.2636687755584717
	self.n= 0.23657404853214242
	RGN updated loss=-9.906810277173784,dloss=-1.1541128799308353e-06
step= 115

nparam= 1004
	dense amplitude time= 0.019982099533081055
	total non-zero amplitudes= 4900
	nsamples per process= 50
	sample time= 1.2428715229034424
	self.n= 0.23657404853214217
	collect g,h time= 2.624227285385132
E=-9.906810277173781,dE=-1.1541128763781217e-06,std=0
L=-9.906810277173781,dL=-1.1541128763781217e-06,std=0
	gnorm= 0.00010472860686228504
	symmetric= True
	solver time=0.026837587356567383,exit status=0
	SR solver time= 0.02691483497619629
	symmetric= False
	niter= 44
	niter= 331
	solver time=0.09534382820129395,exit status=0
	RGN solver time= 0.09538793563842773
	xnorm=5.65286366954152,dnorm=0.02332283475432235
	dense amplitude time= 0.014859914779663086
	total non-zero amplitudes= 4900
	nsamples per process= 50
	sample time= 0.25052642822265625
	self.n= 0.23676589810318788
	RGN updated loss=-9.906811405508513,dloss=-1.128334732314329e-06
step= 116

nparam= 1004
	dense amplitude time= 0.028895139694213867
	total non-zero amplitudes= 4900
	nsamples per process= 50
	sample time= 1.1875402927398682
	self.n= 0.236765898103188
	collect g,h time= 2.6060192584991455
E=-9.906811405508511,dE=-1.128334730537972e-06,std=0
L=-9.906811405508511,dL=-1.128334730537972e-06,std=0
	gnorm= 0.0001221355642625909
	symmetric= True
	solver time=0.008011817932128906,exit status=0
	SR solver time= 0.008057117462158203
	symmetric= False
	niter= 44
	niter= 319
	solver time=0.08577680587768555,exit status=0
	RGN solver time= 0.08582186698913574
	xnorm=5.658850196641696,dnorm=0.02322498736119927
	dense amplitude time= 0.01826024055480957
	total non-zero amplitudes= 4900
	nsamples per process= 50
	sample time= 0.25194811820983887
	self.n= 0.2369973801048641
	RGN updated loss=-9.906812536140857,dloss=-1.1306323450810396e-06
step= 117

nparam= 1004
	dense amplitude time= 0.026309490203857422
	total non-zero amplitudes= 4900
	nsamples per process= 50
	sample time= 1.2123074531555176
	self.n= 0.2369973801048639
	collect g,h time= 3.0315496921539307
E=-9.906812536140858,dE=-1.1306323468573964e-06,std=0
L=-9.906812536140858,dL=-1.1306323468573964e-06,std=0
	gnorm= 0.00011160060483428594
	symmetric= True
	solver time=0.008986711502075195,exit status=0
	SR solver time= 0.00904226303100586
	symmetric= False
	niter= 44
	niter= 323
	solver time=0.08593130111694336,exit status=0
	RGN solver time= 0.08597517013549805
	xnorm=5.664803145421852,dnorm=0.023019253535767382
	dense amplitude time= 0.01700878143310547
	total non-zero amplitudes= 4900
	nsamples per process= 50
	sample time= 0.259258508682251
	self.n= 0.2371636867993135
	RGN updated loss=-9.906813644005531,dloss=-1.1078646728890362e-06
step= 118

nparam= 1004
	dense amplitude time= 0.017849206924438477
	total non-zero amplitudes= 4900
	nsamples per process= 50
	sample time= 1.2394144535064697
	self.n= 0.23716368679931335
	collect g,h time= 2.6087591648101807
E=-9.906813644005531,dE=-1.1078646728890362e-06,std=0
L=-9.906813644005531,dL=-1.1078646728890362e-06,std=0
	gnorm= 6.3223798052493e-05
	symmetric= True
	solver time=0.025551557540893555,exit status=0
	SR solver time= 0.025604248046875
	symmetric= False
	niter= 41
	niter= 345
	solver time=0.11167573928833008,exit status=0
	RGN solver time= 0.11172246932983398
	xnorm=5.6706871999270145,dnorm=0.02288992170118941
	dense amplitude time= 0.0177609920501709
	total non-zero amplitudes= 4900
	nsamples per process= 50
	sample time= 0.25782251358032227
	self.n= 0.23737513690192696
	RGN updated loss=-9.906814749458885,dloss=-1.1054533537446787e-06
step= 119

nparam= 1004
	dense amplitude time= 0.028325557708740234
	total non-zero amplitudes= 4900
	nsamples per process= 50
	sample time= 1.2287352085113525
	self.n= 0.2373751369019269
	collect g,h time= 2.6251447200775146
E=-9.906814749458889,dE=-1.1054533572973924e-06,std=0
L=-9.906814749458889,dL=-1.1054533572973924e-06,std=0
	gnorm= 4.638871527393667e-05
	symmetric= True
	solver time=0.006166696548461914,exit status=0
	SR solver time= 0.006247043609619141
	symmetric= False
	niter= 35
	niter= 365
	solver time=0.10248160362243652,exit status=0
	RGN solver time= 0.10252690315246582
	xnorm=5.676482515910159,dnorm=0.022720586874326713
	dense amplitude time= 0.017696619033813477
	total non-zero amplitudes= 4900
	nsamples per process= 50
	sample time= 0.26434826850891113
	self.n= 0.23753627400167313
	RGN updated loss=-9.90681583733081,dloss=-1.0878719223228472e-06
step= 120

nparam= 1004
	dense amplitude time= 0.018459320068359375
	total non-zero amplitudes= 4900
	nsamples per process= 50
	sample time= 1.2626795768737793
	self.n= 0.23753627400167288
	collect g,h time= 2.6315388679504395
E=-9.906815837330814,dE=-1.087871925875561e-06,std=0
L=-9.906815837330814,dL=-1.087871925875561e-06,std=0
	gnorm= 5.343520174891902e-05
	symmetric= True
	solver time=0.01777935028076172,exit status=0
	SR solver time= 0.017827510833740234
	symmetric= False
	niter= 37
	niter= 348
	solver time=0.09833717346191406,exit status=0
	RGN solver time= 0.09838032722473145
	xnorm=5.682273659827197,dnorm=0.0226071423428199
	dense amplitude time= 0.038782596588134766
	total non-zero amplitudes= 4900
	nsamples per process= 50
	sample time= 0.26198458671569824
	self.n= 0.23773328837421712
	RGN updated loss=-9.906816902239159,dloss=-1.0649083446168106e-06
step= 121

nparam= 1004
	dense amplitude time= 0.02333831787109375
	total non-zero amplitudes= 4900
	nsamples per process= 50
	sample time= 1.2415430545806885
	self.n= 0.23773328837421703
	collect g,h time= 2.631471633911133
E=-9.906816902239159,dE=-1.0649083446168106e-06,std=0
L=-9.906816902239159,dL=-1.0649083446168106e-06,std=0
	gnorm= 0.00010935979722036344
	symmetric= True
	niter= 42
	solver time=0.03419375419616699,exit status=0
	SR solver time= 0.034244537353515625
	symmetric= False
	niter= 328
	solver time=0.1255948543548584,exit status=0
	RGN solver time= 0.12563705444335938
	xnorm=5.688004949819399,dnorm=0.02249039607024011
	dense amplitude time= 0.03937411308288574
	total non-zero amplitudes= 4900
	nsamples per process= 50
	sample time= 0.2607858180999756
	self.n= 0.23788174840788978
	RGN updated loss=-9.906817953797228,dloss=-1.051558069065095e-06
step= 122

nparam= 1004
	dense amplitude time= 0.019977092742919922
	total non-zero amplitudes= 4900
	nsamples per process= 50
	sample time= 1.184826135635376
	self.n= 0.23788174840788973
	collect g,h time= 2.647301197052002
E=-9.90681795379723,dE=-1.0515580708414518e-06,std=0
L=-9.90681795379723,dL=-1.0515580708414518e-06,std=0
	gnorm= 8.15078212722664e-05
	symmetric= True
	solver time=0.01903676986694336,exit status=0
	SR solver time= 0.0190887451171875
	symmetric= False
	niter= 40
	niter= 343
	solver time=0.10399007797241211,exit status=0
	RGN solver time= 0.10403203964233398
	xnorm=5.6936823384006034,dnorm=0.02232415879949816
	dense amplitude time= 0.02299213409423828
	total non-zero amplitudes= 4900
	nsamples per process= 50
	sample time= 0.2520577907562256
	self.n= 0.23805021181412206
	RGN updated loss=-9.906819007789965,dloss=-1.0539927348673928e-06
step= 123

nparam= 1004
	dense amplitude time= 0.01940441131591797
	total non-zero amplitudes= 4900
	nsamples per process= 50
	sample time= 1.2171552181243896
	self.n= 0.2380502118141221
	collect g,h time= 2.640916347503662
E=-9.906819007789965,dE=-1.0539927348673928e-06,std=0
L=-9.906819007789965,dL=-1.0539927348673928e-06,std=0
	gnorm= 8.785028397533093e-05
	symmetric= True
	solver time=0.029354333877563477,exit status=0
	SR solver time= 0.02943253517150879
	symmetric= False
	niter= 42
	niter= 342
	solver time=0.09208440780639648,exit status=0
	RGN solver time= 0.09213399887084961
	xnorm=5.699345093715557,dnorm=0.02218488585488398
	dense amplitude time= 0.015154838562011719
	total non-zero amplitudes= 4900
	nsamples per process= 50
	sample time= 0.2522561550140381
	self.n= 0.23821484208249283
	RGN updated loss=-9.906820025185874,dloss=-1.0173959097414809e-06
step= 124

nparam= 1004
	dense amplitude time= 0.02542901039123535
	total non-zero amplitudes= 4900
	nsamples per process= 50
	sample time= 1.2289087772369385
	self.n= 0.23821484208249283
	collect g,h time= 2.721785306930542
E=-9.906820025185876,dE=-1.0173959115178377e-06,std=0
L=-9.906820025185876,dL=-1.0173959115178377e-06,std=0
	gnorm= 6.94118334432065e-05
	symmetric= True
	solver time=0.008559226989746094,exit status=0
	SR solver time= 0.008605718612670898
	symmetric= False
	niter= 41
	niter= 343
	solver time=0.10465884208679199,exit status=0
	RGN solver time= 0.10470175743103027
	xnorm=5.704978683008068,dnorm=0.0220784548239917
	dense amplitude time= 0.01796579360961914
	total non-zero amplitudes= 4900
	nsamples per process= 50
	sample time= 0.256850004196167
	self.n= 0.23838676851099688
	RGN updated loss=-9.906821059112557,dloss=-1.033926681159869e-06
step= 125

nparam= 1004
	dense amplitude time= 0.01910090446472168
	total non-zero amplitudes= 4900
	nsamples per process= 50
	sample time= 1.1981322765350342
	self.n= 0.23838676851099658
	collect g,h time= 2.682532787322998
E=-9.906821059112556,dE=-1.0339266793835122e-06,std=0
L=-9.906821059112556,dL=-1.0339266793835122e-06,std=0
	gnorm= 0.00015853660400326323
	symmetric= True
	solver time=0.017925500869750977,exit status=0
	SR solver time= 0.017975807189941406
	symmetric= False
	niter= 44
	solver time=0.09552884101867676,exit status=0
	RGN solver time= 0.09558439254760742
	xnorm=5.710556826132196,dnorm=0.02195717921577914
	niter= 312
	dense amplitude time= 0.028483152389526367
	total non-zero amplitudes= 4900
	nsamples per process= 50
	sample time= 0.24949407577514648
	self.n= 0.2385374848303239
	RGN updated loss=-9.906822044725653,dloss=-9.85613096915472e-07
step= 126

nparam= 1004
	dense amplitude time= 0.037938594818115234
	total non-zero amplitudes= 4900
	nsamples per process= 50
	sample time= 1.2096121311187744
	self.n= 0.23853748483032372
	collect g,h time= 2.628139019012451
E=-9.90682204472565,dE=-9.85613095139115e-07,std=0
L=-9.90682204472565,dL=-9.85613095139115e-07,std=0
	gnorm= 0.00018943627561147187
	symmetric= True
	solver time=0.019344568252563477,exit status=0
	SR solver time= 0.019390344619750977
	symmetric= False
	niter= 45
	niter= 312
	solver time=0.10320353507995605,exit status=0
	RGN solver time= 0.10325002670288086
	xnorm=5.716075568124449,dnorm=0.02190506716741298
	dense amplitude time= 0.017309904098510742
	total non-zero amplitudes= 4900
	nsamples per process= 50
	sample time= 0.2490527629852295
	self.n= 0.2386778899106442
	RGN updated loss=-9.906823052909996,dloss=-1.008184344897245e-06
step= 127

nparam= 1004
	dense amplitude time= 0.03021526336669922
	total non-zero amplitudes= 4900
	nsamples per process= 50
	sample time= 1.221118688583374
	self.n= 0.23867788991064387
	collect g,h time= 2.675280809402466
E=-9.90682305291,dE=-1.0081843484499586e-06,std=0
L=-9.90682305291,dL=-1.0081843484499586e-06,std=0
	gnorm= 0.00015503359258779657
	symmetric= True
	solver time=0.006700277328491211,exit status=0
	SR solver time= 0.006745815277099609
	symmetric= False
	niter= 44
	niter= 312
	solver time=0.10264945030212402,exit status=0
	RGN solver time= 0.10269498825073242
	xnorm=5.721604715817153,dnorm=0.02170641582561752
	dense amplitude time= 0.026406049728393555
	total non-zero amplitudes= 4900
	nsamples per process= 50
	sample time= 0.26227569580078125
	self.n= 0.23882623537643127
	RGN updated loss=-9.906824047196265,dloss=-9.94286265765254e-07
step= 128

nparam= 1004
	dense amplitude time= 0.022803306579589844
	total non-zero amplitudes= 4900
	nsamples per process= 50
	sample time= 1.2391548156738281
	self.n= 0.23882623537643116
	collect g,h time= 2.598442792892456
E=-9.906824047196263,dE=-9.942862639888972e-07,std=0
L=-9.906824047196263,dL=-9.942862639888972e-07,std=0
	gnorm= 8.730725722114508e-05
	symmetric= True
	niter= 41
	solver time=0.008003711700439453,exit status=0
	SR solver time= 0.008050680160522461
	symmetric= False
	niter= 336
	solver time=0.09440851211547852,exit status=0
	RGN solver time= 0.09444952011108398
	xnorm=5.7270451978417745,dnorm=0.021571001763026603
	dense amplitude time= 0.015142679214477539
	total non-zero amplitudes= 4900
	nsamples per process= 50
	sample time= 0.25049614906311035
	self.n= 0.23897393985220536
	RGN updated loss=-9.906825029266496,dloss=-9.82070233135346e-07
step= 129

nparam= 1004
	dense amplitude time= 0.01733708381652832
	total non-zero amplitudes= 4900
	nsamples per process= 50
	sample time= 1.2108392715454102
	self.n= 0.23897393985220527
	collect g,h time= 2.7460787296295166
E=-9.906825029266496,dE=-9.82070233135346e-07,std=0
L=-9.906825029266496,dL=-9.82070233135346e-07,std=0
	gnorm= 0.0001159576006945421
	symmetric= True
	solver time=0.007617473602294922,exit status=0
	SR solver time= 0.007673978805541992
	symmetric= False
	niter= 43
	niter= 318
	solver time=0.09917545318603516,exit status=0
	RGN solver time= 0.09922218322753906
	xnorm=5.732439931202457,dnorm=0.021470899941096522
	dense amplitude time= 0.027095556259155273
	total non-zero amplitudes= 4900
	nsamples per process= 50
	sample time= 0.2649369239807129
	self.n= 0.23911461079084984
	RGN updated loss=-9.906825988972077,dloss=-9.597055807830657e-07
step= 130

nparam= 1004
	dense amplitude time= 0.027452945709228516
	total non-zero amplitudes= 4900
	nsamples per process= 50
	sample time= 1.2621290683746338
	self.n= 0.23911461079084984
	collect g,h time= 2.602414608001709
E=-9.906825988972075,dE=-9.597055790067088e-07,std=0
L=-9.906825988972075,dL=-9.597055790067088e-07,std=0
	gnorm= 9.604042879827477e-05
	symmetric= True
	solver time=0.02464461326599121,exit status=0
	SR solver time= 0.024692296981811523
	symmetric= False
	niter= 41
	niter= 330
	solver time=0.09952998161315918,exit status=0
	RGN solver time= 0.09957098960876465
	xnorm=5.737810563160357,dnorm=0.021367683391730403
	dense amplitude time= 0.016837120056152344
	total non-zero amplitudes= 4900
	nsamples per process= 50
	sample time= 0.26494622230529785
	self.n= 0.2392639055009775
	RGN updated loss=-9.906826951552228,dloss=-9.625801524748567e-07
step= 131

nparam= 1004
	dense amplitude time= 0.05230569839477539
	total non-zero amplitudes= 4900
	nsamples per process= 50
	sample time= 1.205977201461792
	self.n= 0.23926390550097748
	collect g,h time= 2.6450915336608887
E=-9.90682695155223,dE=-9.625801542512136e-07,std=0
L=-9.90682695155223,dL=-9.625801542512136e-07,std=0
	gnorm= 0.00011896731008974457
	symmetric= True
	solver time=0.007801532745361328,exit status=0
	SR solver time= 0.007853269577026367
	symmetric= False
	niter= 43
	niter= 315
	solver time=0.1058197021484375,exit status=0
	RGN solver time= 0.10586833953857422
	xnorm=5.743145089510677,dnorm=0.021303886412665875
	dense amplitude time= 0.01780104637145996
	total non-zero amplitudes= 4900
	nsamples per process= 50
	sample time= 0.2555060386657715
	self.n= 0.2394051450084117
	RGN updated loss=-9.906827898065439,dloss=-9.46513209143518e-07
step= 132

nparam= 1004
	dense amplitude time= 0.01746988296508789
	total non-zero amplitudes= 4900
	nsamples per process= 50
	sample time= 1.2907633781433105
	self.n= 0.23940514500841148
	collect g,h time= 2.639554023742676
E=-9.906827898065437,dE=-9.465132073671612e-07,std=0
L=-9.906827898065437,dL=-9.465132073671612e-07,std=0
	gnorm= 0.0003398264834180665
	symmetric= True
	solver time=0.007399082183837891,exit status=0
	SR solver time= 0.007450103759765625
	symmetric= False
	niter= 45
	niter= 289
	solver time=0.08849501609802246,exit status=0
	RGN solver time= 0.08854126930236816
	xnorm=5.7484407853193185,dnorm=0.02137112491861994
	dense amplitude time= 0.02124476432800293
	total non-zero amplitudes= 4900
	nsamples per process= 50
	sample time= 0.2773311138153076
	self.n= 0.23956930348180971
	RGN updated loss=-9.90682877909501,dloss=-8.810295728522988e-07
step= 133

nparam= 1004
	dense amplitude time= 0.03381156921386719
	total non-zero amplitudes= 4900
	nsamples per process= 50
	sample time= 1.2762033939361572
	self.n= 0.23956930348180971
	collect g,h time= 2.662806510925293
E=-9.90682877909501,dE=-8.810295728522988e-07,std=0
L=-9.90682877909501,dL=-8.810295728522988e-07,std=0
	gnorm= 0.00017470636823375979
	symmetric= True
	solver time=0.017940282821655273,exit status=0
	SR solver time= 0.017981290817260742
	symmetric= False
	niter= 45
	niter= 314
	solver time=0.09065747261047363,exit status=0
	RGN solver time= 0.0906984806060791
	xnorm=5.753796762145316,dnorm=0.02129558451222864
	dense amplitude time= 0.01845073699951172
	total non-zero amplitudes= 4900
	nsamples per process= 50
	sample time= 0.26316070556640625
	self.n= 0.23968655829515606
	RGN updated loss=-9.906829732667543,dloss=-9.535725329357092e-07
step= 134

nparam= 1004
	dense amplitude time= 0.08001565933227539
	total non-zero amplitudes= 4900
	nsamples per process= 50
	sample time= 1.227381944656372
	self.n= 0.23968655829515584
	collect g,h time= 2.6302454471588135
E=-9.906829732667543,dE=-9.535725329357092e-07,std=0
L=-9.906829732667543,dL=-9.535725329357092e-07,std=0
	gnorm= 0.0001434340387656238
	symmetric= True
	solver time=0.007953882217407227,exit status=0
	SR solver time= 0.008004188537597656
	symmetric= False
	niter= 44
	niter= 314
	solver time=0.09241986274719238,exit status=0
	RGN solver time= 0.09246397018432617
	xnorm=5.7591943421468486,dnorm=0.021062887166745484
	dense amplitude time= 0.026928424835205078
	total non-zero amplitudes= 4900
	nsamples per process= 50
	sample time= 0.256680965423584
	self.n= 0.23982320999929105
	RGN updated loss=-9.906830681723443,dloss=-9.490559005342902e-07
step= 135

nparam= 1004
	dense amplitude time= 0.02394413948059082
	total non-zero amplitudes= 4900
	nsamples per process= 50
	sample time= 1.212958574295044
	self.n= 0.2398232099992909
	collect g,h time= 2.626108169555664
E=-9.906830681723443,dE=-9.490559005342902e-07,std=0
L=-9.906830681723443,dL=-9.490559005342902e-07,std=0
	gnorm= 0.00014389757148284117
	symmetric= True
	solver time=0.018284320831298828,exit status=0
	SR solver time= 0.01834559440612793
	symmetric= False
	niter= 44
	niter= 312
	solver time=0.0883796215057373,exit status=0
	RGN solver time= 0.08842253684997559
	xnorm=5.764181974205936,dnorm=0.020913678348849815
	dense amplitude time= 0.015291929244995117
	total non-zero amplitudes= 4900
	nsamples per process= 50
	sample time= 0.2673070430755615
	self.n= 0.23994331220794654
	RGN updated loss=-9.906831600962187,dloss=-9.192387437906291e-07
step= 136

nparam= 1004
	dense amplitude time= 0.018214941024780273
	total non-zero amplitudes= 4900
	nsamples per process= 50
	sample time= 1.300243854522705
	self.n= 0.2399433122079469
	collect g,h time= 2.607302665710449
E=-9.906831600962185,dE=-9.192387420142722e-07,std=0
L=-9.906831600962185,dL=-9.192387420142722e-07,std=0
	gnorm= 0.000379346737346343
	symmetric= True
	solver time=0.01796269416809082,exit status=0
	SR solver time= 0.018032312393188477
	symmetric= False
	niter= 44
	niter= 295
	solver time=0.07895135879516602,exit status=0
	RGN solver time= 0.07899880409240723
	xnorm=5.7692816879275135,dnorm=0.021177965038475195
	dense amplitude time= 0.015965700149536133
	total non-zero amplitudes= 4900
	nsamples per process= 50
	sample time= 0.2699148654937744
	self.n= 0.24008741210478612
	RGN updated loss=-9.906832408093637,dloss=-8.07131451452392e-07
step= 137

nparam= 1004
	dense amplitude time= 0.019648075103759766
	total non-zero amplitudes= 4900
	nsamples per process= 50
	sample time= 1.2404944896697998
	self.n= 0.24008741210478618
	collect g,h time= 2.627124547958374
E=-9.906832408093635,dE=-8.071314496760351e-07,std=0
L=-9.906832408093635,dL=-8.071314496760351e-07,std=0
	gnorm= 0.0002632555884278377
	symmetric= True
	solver time=0.011008262634277344,exit status=0
	SR solver time= 0.011051177978515625
	symmetric= False
	niter= 47
	niter= 306
	solver time=0.10467147827148438,exit status=0
	RGN solver time= 0.10471200942993164
	xnorm=5.774671066761399,dnorm=0.020976888823259487
	dense amplitude time= 0.015914440155029297
	total non-zero amplitudes= 4900
	nsamples per process= 50
	sample time= 0.24856209754943848
	self.n= 0.240224345301721
	RGN updated loss=-9.90683336625758,dloss=-9.581639446309964e-07
step= 138

nparam= 1004
	dense amplitude time= 0.018700838088989258
	total non-zero amplitudes= 4900
	nsamples per process= 50
	sample time= 1.1957497596740723
	self.n= 0.24022434530172093
	collect g,h time= 2.629805088043213
E=-9.90683336625758,dE=-9.581639446309964e-07,std=0
L=-9.90683336625758,dL=-9.581639446309964e-07,std=0
	gnorm= 0.0001615704189595594
	symmetric= True
	solver time=0.00850987434387207,exit status=0
	SR solver time= 0.008548498153686523
	symmetric= False
	niter= 45
	niter= 312
	solver time=0.09329962730407715,exit status=0
	RGN solver time= 0.09333562850952148
	xnorm=5.779537686280463,dnorm=0.020758898198402254
	dense amplitude time= 0.026645421981811523
	total non-zero amplitudes= 4900
	nsamples per process= 50
	sample time= 0.25748634338378906
	self.n= 0.24040241461418516
	RGN updated loss=-9.90683428754275,dloss=-9.212851708184644e-07
step= 139

nparam= 1004
	dense amplitude time= 0.03566575050354004
	total non-zero amplitudes= 4900
	nsamples per process= 50
	sample time= 1.235929250717163
	self.n= 0.2404024146141849
	collect g,h time= 2.6207306385040283
E=-9.906834287542749,dE=-9.212851690421076e-07,std=0
L=-9.906834287542749,dL=-9.212851690421076e-07,std=0
	gnorm= 0.00040776774551555864
	symmetric= True
	solver time=0.007539510726928711,exit status=0
	SR solver time= 0.007579803466796875
	symmetric= False
	niter= 43
	niter= 285
	solver time=0.10769963264465332,exit status=0
	RGN solver time= 0.1077423095703125
	xnorm=5.784762729094901,dnorm=0.02095402509446855
	dense amplitude time= 0.016922950744628906
	total non-zero amplitudes= 4900
	nsamples per process= 50
	sample time= 0.26360583305358887
	self.n= 0.2405419908302277
	RGN updated loss=-9.906835067692686,dloss=-7.801499375403864e-07
step= 140

nparam= 1004
	dense amplitude time= 0.02621006965637207
	total non-zero amplitudes= 4900
	nsamples per process= 50
	sample time= 1.245072364807129
	self.n= 0.24054199083022765
	collect g,h time= 2.6317973136901855
E=-9.906835067692686,dE=-7.801499375403864e-07,std=0
L=-9.906835067692686,dL=-7.801499375403864e-07,std=0
	gnorm= 0.00043931859523149393
	symmetric= True
	solver time=0.015037775039672852,exit status=0
	SR solver time= 0.015085220336914062
	symmetric= False
	niter= 43
	niter= 303
	solver time=0.08265566825866699,exit status=0
	RGN solver time= 0.08269429206848145
	xnorm=5.789700870760335,dnorm=0.021778475007053537
	dense amplitude time= 0.01593804359436035
	total non-zero amplitudes= 4900
	nsamples per process= 50
	sample time= 0.2602050304412842
	self.n= 0.2406659475658015
	RGN updated loss=-9.906835842457582,dloss=-7.74764895794533e-07
step= 141

nparam= 1004
	dense amplitude time= 0.023889780044555664
	total non-zero amplitudes= 4900
	nsamples per process= 50
	sample time= 1.2265040874481201
	self.n= 0.24066594756580145
	collect g,h time= 2.6251001358032227
E=-9.906835842457584,dE=-7.747648975708898e-07,std=0
L=-9.906835842457584,dL=-7.747648975708898e-07,std=0
	gnorm= 0.0003180877740036227
	symmetric= True
	solver time=0.008069992065429688,exit status=0
	SR solver time= 0.00814199447631836
	symmetric= False
	niter= 45
	niter= 306
	solver time=0.08256840705871582,exit status=0
	RGN solver time= 0.08261227607727051
	xnorm=5.79520387033135,dnorm=0.020968663552642923
	dense amplitude time= 0.01529073715209961
	total non-zero amplitudes= 4900
	nsamples per process= 50
	sample time= 0.2551875114440918
	self.n= 0.24078644966733
	RGN updated loss=-9.90683688277301,dloss=-1.040315426692473e-06
step= 142

nparam= 1004
	dense amplitude time= 0.023176193237304688
	total non-zero amplitudes= 4900
	nsamples per process= 50
	sample time= 1.2210402488708496
	self.n= 0.24078644966732973
	collect g,h time= 2.614250898361206
E=-9.906836882773009,dE=-1.0403154249161162e-06,std=0
L=-9.906836882773009,dL=-1.0403154249161162e-06,std=0
	gnorm= 0.0003697226013895577
	symmetric= True
	solver time=0.01862025260925293,exit status=0
	SR solver time= 0.018686771392822266
	symmetric= False
	niter= 45
	niter= 294
	solver time=0.07771611213684082,exit status=0
	RGN solver time= 0.07776594161987305
	xnorm=5.79968969644826,dnorm=0.020707468703037125
	dense amplitude time= 0.01633906364440918
	total non-zero amplitudes= 4900
	nsamples per process= 50
	sample time= 0.24729323387145996
	self.n= 0.2409798022351576
	RGN updated loss=-9.906837722380587,dloss=-8.396075781291756e-07
step= 143

nparam= 1004
	dense amplitude time= 0.024575471878051758
	total non-zero amplitudes= 4900
	nsamples per process= 50
	sample time= 1.2319176197052002
	self.n= 0.24097980223515758
	collect g,h time= 2.6308953762054443
E=-9.906837722380589,dE=-8.396075799055325e-07,std=0
L=-9.906837722380589,dL=-8.396075799055325e-07,std=0
	gnorm= 0.00017353747710876252
	symmetric= True
	solver time=0.008243083953857422,exit status=0
	SR solver time= 0.008323431015014648
	niter= 45
	symmetric= False
	niter= 314
	solver time=0.09733200073242188,exit status=0
	RGN solver time= 0.09738707542419434
	xnorm=5.804917826890215,dnorm=0.020579639790349907
	dense amplitude time= 0.027002334594726562
	total non-zero amplitudes= 4900
	nsamples per process= 50
	sample time= 0.24920177459716797
	self.n= 0.24108836646008922
	RGN updated loss=-9.90683863379046,dloss=-9.114098720175434e-07
step= 144

nparam= 1004
	dense amplitude time= 0.02840399742126465
	total non-zero amplitudes= 4900
	nsamples per process= 50
	sample time= 1.15848708152771
	self.n= 0.24108836646008874
	collect g,h time= 2.6068081855773926
E=-9.906838633790459,dE=-9.114098702411866e-07,std=0
L=-9.906838633790459,dL=-9.114098702411866e-07,std=0
	gnorm= 0.00023969233797147918
	symmetric= True
	solver time=0.019656658172607422,exit status=0
	SR solver time= 0.01971125602722168
	symmetric= False
	niter= 47
	niter= 304
	solver time=0.09473490715026855,exit status=0
	RGN solver time= 0.09478187561035156
	xnorm=5.809894432314668,dnorm=0.020407300257677823
	dense amplitude time= 0.015084266662597656
	total non-zero amplitudes= 4900
	nsamples per process= 50
	sample time= 0.24069881439208984
	self.n= 0.24123164545980608
	RGN updated loss=-9.906839491459824,dloss=-8.576693648620903e-07
step= 145

nparam= 1004
	dense amplitude time= 0.01854848861694336
	total non-zero amplitudes= 4900
	nsamples per process= 50
	sample time= 1.1409471035003662
	self.n= 0.24123164545980608
	collect g,h time= 2.655637264251709
E=-9.906839491459822,dE=-8.576693630857335e-07,std=0
L=-9.906839491459822,dL=-8.576693630857335e-07,std=0
	gnorm= 0.00015716487346511515
	symmetric= True
	solver time=0.013867855072021484,exit status=0
	SR solver time= 0.013915300369262695
	symmetric= False
	niter= 45
	niter= 312
	solver time=0.08919477462768555,exit status=0
	RGN solver time= 0.08924627304077148
	xnorm=5.814560048314334,dnorm=0.02026926686321087
	dense amplitude time= 0.016970157623291016
	total non-zero amplitudes= 4900
	nsamples per process= 50
	sample time= 0.24448299407958984
	self.n= 0.2414208160922553
	RGN updated loss=-9.906840374982389,dloss=-8.835225671077751e-07
step= 146

nparam= 1004
	dense amplitude time= 0.021738767623901367
	total non-zero amplitudes= 4900
	nsamples per process= 50
	sample time= 1.1618094444274902
	self.n= 0.2414208160922554
	collect g,h time= 2.612191677093506
E=-9.906840374982389,dE=-8.835225671077751e-07,std=0
L=-9.906840374982389,dL=-8.835225671077751e-07,std=0
	gnorm= 7.518356746024659e-05
	symmetric= True
	solver time=0.006975650787353516,exit status=0
	SR solver time= 0.007023811340332031
	symmetric= False
	niter= 39
	niter= 343
	solver time=0.10254883766174316,exit status=0
	RGN solver time= 0.10259413719177246
	xnorm=5.819628607752144,dnorm=0.02038433952980935
	dense amplitude time= 0.017087697982788086
	total non-zero amplitudes= 4900
	nsamples per process= 50
	sample time= 0.24485230445861816
	self.n= 0.24154330775376875
	RGN updated loss=-9.9068412378865,dloss=-8.629041108321189e-07
step= 147

nparam= 1004
	dense amplitude time= 0.03445267677307129
	total non-zero amplitudes= 4900
	nsamples per process= 50
	sample time= 1.1680774688720703
	self.n= 0.24154330775376848
	collect g,h time= 2.645559310913086
E=-9.906841237886502,dE=-8.629041126084758e-07,std=0
L=-9.906841237886502,dL=-8.629041126084758e-07,std=0
	gnorm= 0.0007732595811591697
	symmetric= True
	solver time=0.01145625114440918,exit status=0
	SR solver time= 0.011503219604492188
	symmetric= False
	niter= 43
	niter= 281
	solver time=0.08725214004516602,exit status=0
	RGN solver time= 0.08729958534240723
	xnorm=5.824661765231177,dnorm=0.021230753911368413
	dense amplitude time= 0.01759171485900879
	total non-zero amplitudes= 4900
	nsamples per process= 50
	sample time= 0.25931763648986816
	self.n= 0.24174743682648855
	RGN updated loss=-9.906841822470703,dloss=-5.845842014906566e-07
step= 148

nparam= 1004
	dense amplitude time= 0.015333890914916992
	total non-zero amplitudes= 4900
	nsamples per process= 50
	sample time= 1.195014476776123
	self.n= 0.24174743682648842
	collect g,h time= 2.652038335800171
E=-9.906841822470701,dE=-5.845841997142998e-07,std=0
L=-9.906841822470701,dL=-5.845841997142998e-07,std=0
	gnorm= 0.0003036990603425912
	symmetric= True
	solver time=0.026889801025390625,exit status=0
	SR solver time= 0.02694225311279297
	symmetric= False
	niter= 45
	niter= 309
	solver time=0.10298562049865723,exit status=0
	RGN solver time= 0.10303187370300293
	xnorm=5.830133537120489,dnorm=0.020549262909964904
	dense amplitude time= 0.017783164978027344
	total non-zero amplitudes= 4900
	nsamples per process= 50
	sample time= 0.24393963813781738
	self.n= 0.24186641641936701
	RGN updated loss=-9.906842921067733,dloss=-1.0985970320120941e-06
step= 149

nparam= 1004
	dense amplitude time= 0.01657843589782715
	total non-zero amplitudes= 4900
	nsamples per process= 50
	sample time= 1.1779406070709229
	self.n= 0.24186641641936663
	collect g,h time= 2.572715997695923
E=-9.906842921067735,dE=-1.098597033788451e-06,std=0
L=-9.906842921067735,dL=-1.098597033788451e-06,std=0
	gnorm= 0.00034435124357862267
	symmetric= True
	solver time=0.0227510929107666,exit status=0
	SR solver time= 0.02279973030090332
	symmetric= False
	niter= 47
	niter= 281
	solver time=0.07395625114440918,exit status=0
	RGN solver time= 0.07400679588317871
	xnorm=5.834467630704864,dnorm=0.0200862067795969
	dense amplitude time= 0.014457464218139648
	total non-zero amplitudes= 4900
	nsamples per process= 50
	sample time= 0.2520296573638916
	self.n= 0.2420561826853735
	RGN updated loss=-9.906843716233183,dloss=-7.951654481530568e-07
step= 150

nparam= 1004
	dense amplitude time= 0.021927833557128906
	total non-zero amplitudes= 4900
	nsamples per process= 50
	sample time= 1.167445182800293
	self.n= 0.24205618268537346
	collect g,h time= 2.617619752883911
E=-9.90684371623318,dE=-7.951654446003431e-07,std=0
L=-9.90684371623318,dL=-7.951654446003431e-07,std=0
	gnorm= 0.0006904325645041221
	symmetric= True
	solver time=0.008033990859985352,exit status=0
	SR solver time= 0.008074760437011719
	symmetric= False
	niter= 48
	niter= 250
	solver time=0.06711983680725098,exit status=0
	RGN solver time= 0.06716251373291016
	xnorm=5.839470127019559,dnorm=0.020055435646167775
	dense amplitude time= 0.01637125015258789
	total non-zero amplitudes= 4900
	nsamples per process= 50
	sample time= 0.2581357955932617
	self.n= 0.24221705659018677
	RGN updated loss=-9.906844592864715,dloss=-8.766315353625487e-07
step= 151

nparam= 1004
	dense amplitude time= 0.03147149085998535
	total non-zero amplitudes= 4900
	nsamples per process= 50
	sample time= 1.3165302276611328
	self.n= 0.24221705659018658
	collect g,h time= 2.6120433807373047
E=-9.906844592864715,dE=-8.766315353625487e-07,std=0
L=-9.906844592864715,dL=-8.766315353625487e-07,std=0
	gnorm= 0.0004620604442732926
	symmetric= True
	solver time=0.015836238861083984,exit status=0
	SR solver time= 0.015880823135375977
	symmetric= False
	niter= 42
	solver time=0.08776736259460449,exit status=0
	RGN solver time= 0.08781623840332031
	xnorm=5.844146509049333,dnorm=0.020981758671410163
	niter= 297
	dense amplitude time= 0.017795085906982422
	total non-zero amplitudes= 4900
	nsamples per process= 50
	sample time= 0.2888185977935791
	self.n= 0.24242037661499288
	RGN updated loss=-9.906845189682024,dloss=-5.96817308462505e-07
step= 152

nparam= 1004
	dense amplitude time= 0.018810272216796875
	total non-zero amplitudes= 4900
	nsamples per process= 50
	sample time= 1.3125429153442383
	self.n= 0.24242037661499255
	collect g,h time= 2.625689744949341
E=-9.906845189682022,dE=-5.968173066861482e-07,std=0
L=-9.906845189682022,dL=-5.968173066861482e-07,std=0
	gnorm= 0.00041208899151332393
	symmetric= True
	solver time=0.016114234924316406,exit status=0
	SR solver time= 0.016168594360351562
	symmetric= False
	niter= 45
	solver time=0.09259033203125,exit status=0
	RGN solver time= 0.0926363468170166
	xnorm=5.849654251557529,dnorm=0.02040395225046628
	niter= 289
	dense amplitude time= 0.016266822814941406
	total non-zero amplitudes= 4900
	nsamples per process= 50
	sample time= 0.2706925868988037
	self.n= 0.24257608937953573
	RGN updated loss=-9.906846215416168,dloss=-1.025734146509194e-06
step= 153

nparam= 1004
	dense amplitude time= 0.025134801864624023
	total non-zero amplitudes= 4900
	nsamples per process= 50
	sample time= 1.3056113719940186
	self.n= 0.24257608937953584
	collect g,h time= 2.6497228145599365
E=-9.906846215416168,dE=-1.025734146509194e-06,std=0
L=-9.906846215416168,dL=-1.025734146509194e-06,std=0
	gnorm= 0.00022296443000802355
	symmetric= True
	solver time=0.007010221481323242,exit status=0
	SR solver time= 0.007055521011352539
	symmetric= False
	niter= 46
	niter= 305
	solver time=0.08922314643859863,exit status=0
	RGN solver time= 0.08927178382873535
	xnorm=5.8540920008900725,dnorm=0.02007423243827357
	dense amplitude time= 0.018326759338378906
	total non-zero amplitudes= 4900
	nsamples per process= 50
	sample time= 0.2687199115753174
	self.n= 0.24271885726452094
	RGN updated loss=-9.906847056382063,dloss=-8.409658942554188e-07
step= 154

nparam= 1004
	dense amplitude time= 0.021754741668701172
	total non-zero amplitudes= 4900
	nsamples per process= 50
	sample time= 1.2616889476776123
	self.n= 0.2427188572645208
	collect g,h time= 2.665613889694214
E=-9.906847056382064,dE=-8.409658960317756e-07,std=0
L=-9.906847056382064,dL=-8.409658960317756e-07,std=0
	gnorm= 0.000338090769582995
	symmetric= True
	solver time=0.014962911605834961,exit status=0
	SR solver time= 0.015004158020019531
	symmetric= False
	niter= 47
	niter= 281
	solver time=0.08962655067443848,exit status=0
	RGN solver time= 0.08967733383178711
	xnorm=5.858965539982153,dnorm=0.019956994847590327
	dense amplitude time= 0.01797342300415039
	total non-zero amplitudes= 4900
	nsamples per process= 50
	sample time= 0.2688281536102295
	self.n= 0.2428861437329196
	RGN updated loss=-9.906847891256067,dloss=-8.348740028196744e-07
step= 155

nparam= 1004
	dense amplitude time= 0.02221822738647461
	total non-zero amplitudes= 4900
	nsamples per process= 50
	sample time= 1.262282133102417
	self.n= 0.2428861437329196
	collect g,h time= 2.634176254272461
E=-9.906847891256065,dE=-8.348740010433175e-07,std=0
L=-9.906847891256065,dL=-8.348740010433175e-07,std=0
	gnorm= 0.0002042604477338395
	symmetric= True
	solver time=0.00685429573059082,exit status=0
	SR solver time= 0.006892204284667969
	symmetric= False
	niter= 45
	niter= 301
	solver time=0.09070205688476562,exit status=0
	RGN solver time= 0.09074592590332031
	xnorm=5.863700754843398,dnorm=0.019926630067273673
	dense amplitude time= 0.017071247100830078
	total non-zero amplitudes= 4900
	nsamples per process= 50
	sample time= 0.2631723880767822
	self.n= 0.24306256129351395
	RGN updated loss=-9.906848761949329,dloss=-8.706932632662756e-07
step= 156

nparam= 1004
	dense amplitude time= 0.017790794372558594
	total non-zero amplitudes= 4900
	nsamples per process= 50
	sample time= 1.2293643951416016
	self.n= 0.24306256129351356
	collect g,h time= 2.62937331199646
E=-9.906848761949329,dE=-8.706932632662756e-07,std=0
L=-9.906848761949329,dL=-8.706932632662756e-07,std=0
	gnorm= 0.00038152354601057306
	symmetric= True
	solver time=0.017940521240234375,exit status=0
	SR solver time= 0.017991304397583008
	symmetric= False
	niter= 42
	niter= 307
	solver time=0.0868675708770752,exit status=0
	RGN solver time= 0.08691644668579102
	xnorm=5.868443969402465,dnorm=0.020872123555210075
	dense amplitude time= 0.02442765235900879
	total non-zero amplitudes= 4900
	nsamples per process= 50
	sample time= 0.340130090713501
	self.n= 0.2432161475748636
	RGN updated loss=-9.906849341967542,dloss=-5.800182130144549e-07
step= 157

nparam= 1004
	dense amplitude time= 0.034862518310546875
	total non-zero amplitudes= 4900
	nsamples per process= 50
	sample time= 1.2329750061035156
	self.n= 0.2432161475748634
	collect g,h time= 2.598388910293579
E=-9.906849341967542,dE=-5.800182130144549e-07,std=0
L=-9.906849341967542,dL=-5.800182130144549e-07,std=0
	gnorm= 0.00019194171765519078
	symmetric= True
	solver time=0.010448455810546875,exit status=0
	SR solver time= 0.010496139526367188
	symmetric= False
	niter= 44
	niter= 314
	solver time=0.08788061141967773,exit status=0
	RGN solver time= 0.0879216194152832
	xnorm=5.873994821697455,dnorm=0.020299928346105178
	dense amplitude time= 0.017377376556396484
	total non-zero amplitudes= 4900
	nsamples per process= 50
	sample time= 0.26322412490844727
	self.n= 0.24341958088845603
	RGN updated loss=-9.906850404211824,dloss=-1.0622442818686295e-06
step= 158

nparam= 1004
	dense amplitude time= 0.027041196823120117
	total non-zero amplitudes= 4900
	nsamples per process= 50
	sample time= 1.2662265300750732
	self.n= 0.2434195808884559
	collect g,h time= 2.6005020141601562
E=-9.906850404211822,dE=-1.0622442800922727e-06,std=0
L=-9.906850404211822,dL=-1.0622442800922727e-06,std=0
	gnorm= 4.538295197764444e-05
	symmetric= True
	solver time=0.019339799880981445,exit status=0
	SR solver time= 0.01939225196838379
	symmetric= False
	niter= 37
	niter= 362
	solver time=0.22243118286132812,exit status=0
	RGN solver time= 0.22248053550720215
	xnorm=5.878424372032617,dnorm=0.019864528356046487
	dense amplitude time= 0.025177717208862305
	total non-zero amplitudes= 4900
	nsamples per process= 50
	sample time= 0.27481818199157715
	self.n= 0.24362584515982194
	RGN updated loss=-9.906851241323526,dloss=-8.371117043992626e-07
step= 159

nparam= 1004
	dense amplitude time= 0.0165865421295166
	total non-zero amplitudes= 4900
	nsamples per process= 50
	sample time= 1.2581937313079834
	self.n= 0.24362584515982194
	collect g,h time= 2.5692827701568604
E=-9.906851241323523,dE=-8.37111700846549e-07,std=0
L=-9.906851241323523,dL=-8.37111700846549e-07,std=0
	gnorm= 3.9171607708639285e-05
	symmetric= True
	niter= 35
	solver time=0.007414102554321289,exit status=0
	SR solver time= 0.007474422454833984
	symmetric= False
	niter= 370
	solver time=0.10448980331420898,exit status=0
	RGN solver time= 0.10454368591308594
	xnorm=5.883152948248309,dnorm=0.019831254755109152
	dense amplitude time= 0.024857521057128906
	total non-zero amplitudes= 4900
	nsamples per process= 50
	sample time= 0.2487804889678955
	self.n= 0.24385910290068685
	RGN updated loss=-9.906852069943207,dloss=-8.286196848672489e-07
step= 160

nparam= 1004
	dense amplitude time= 0.02845907211303711
	total non-zero amplitudes= 4900
	nsamples per process= 50
	sample time= 1.1818101406097412
	self.n= 0.2438591029006867
	collect g,h time= 2.578861713409424
E=-9.906852069943207,dE=-8.286196848672489e-07,std=0
L=-9.906852069943207,dL=-8.286196848672489e-07,std=0
	gnorm= 0.0002716269477488445
	symmetric= True
	solver time=0.014129400253295898,exit status=0
	SR solver time= 0.014185190200805664
	symmetric= False
	niter= 47
	niter= 281
	solver time=0.10964703559875488,exit status=0
	RGN solver time= 0.10969066619873047
	xnorm=5.887942904539233,dnorm=0.01985114732385004
	dense amplitude time= 0.01698923110961914
	total non-zero amplitudes= 4900
	nsamples per process= 50
	sample time= 0.24412965774536133
	self.n= 0.24408267645880563
	RGN updated loss=-9.90685287831236,dloss=-8.083691529492398e-07
step= 161

nparam= 1004
	dense amplitude time= 0.04016828536987305
	total non-zero amplitudes= 4900
	nsamples per process= 50
	sample time= 1.1769368648529053
	self.n= 0.24408267645880571
	collect g,h time= 2.633718490600586
E=-9.906852878312362,dE=-8.083691547255967e-07,std=0
L=-9.906852878312362,dL=-8.083691547255967e-07,std=0
	gnorm= 0.00012438745951859294
	symmetric= True
	solver time=0.009808778762817383,exit status=0
	SR solver time= 0.00985407829284668
	symmetric= False
	niter= 42
	niter= 312
	solver time=0.10335755348205566,exit status=0
	RGN solver time= 0.10340332984924316
	xnorm=5.892866061399184,dnorm=0.01983654024939204
	dense amplitude time= 0.02809286117553711
	total non-zero amplitudes= 4900
	nsamples per process= 50
	sample time= 0.24942874908447266
	self.n= 0.24429985769114193
	RGN updated loss=-9.906853723129318,dloss=-8.448169559471808e-07
step= 162

nparam= 1004
	dense amplitude time= 0.025743961334228516
	total non-zero amplitudes= 4900
	nsamples per process= 50
	sample time= 1.2241215705871582
	self.n= 0.24429985769114188
	collect g,h time= 2.625307083129883
E=-9.906853723129318,dE=-8.448169559471808e-07,std=0
L=-9.906853723129318,dL=-8.448169559471808e-07,std=0
	gnorm= 8.963968962117066e-05
	symmetric= True
	solver time=0.007170915603637695,exit status=0
	SR solver time= 0.0072214603424072266
	symmetric= False
	niter= 42
	niter= 327
	solver time=0.0914468765258789,exit status=0
	RGN solver time= 0.09149718284606934
	xnorm=5.897746624106975,dnorm=0.019771780752364042
	dense amplitude time= 0.017356395721435547
	total non-zero amplitudes= 4900
	nsamples per process= 50
	sample time= 0.26688432693481445
	self.n= 0.2445417440609364
	RGN updated loss=-9.906854537867737,dloss=-8.147384189527429e-07
step= 163

nparam= 1004
	dense amplitude time= 0.024576425552368164
	total non-zero amplitudes= 4900
	nsamples per process= 50
	sample time= 1.2622919082641602
	self.n= 0.24454174406093582
	collect g,h time= 2.670841932296753
E=-9.906854537867735,dE=-8.147384171763861e-07,std=0
L=-9.906854537867735,dL=-8.147384171763861e-07,std=0
	gnorm= 6.250686777542076e-05
	symmetric= True
	solver time=0.011798858642578125,exit status=0
	SR solver time= 0.011848926544189453
	symmetric= False
	niter= 39
	niter= 343
	solver time=0.10894012451171875,exit status=0
	RGN solver time= 0.10898303985595703
	xnorm=5.902633777551093,dnorm=0.019801744001996475
	dense amplitude time= 0.03782939910888672
	total non-zero amplitudes= 4900
	nsamples per process= 50
	sample time= 0.2511556148529053
	self.n= 0.24477121667593338
	RGN updated loss=-9.906855373487703,dloss=-8.35619967887169e-07
step= 164

nparam= 1004
	dense amplitude time= 0.026589632034301758
	total non-zero amplitudes= 4900
	nsamples per process= 50
	sample time= 1.182199478149414
	self.n= 0.24477121667593355
	collect g,h time= 2.6241376399993896
E=-9.906855373487705,dE=-8.356199696635258e-07,std=0
L=-9.906855373487705,dL=-8.356199696635258e-07,std=0
	gnorm= 4.078361498825142e-05
	symmetric= True
	solver time=0.013263463973999023,exit status=0
	SR solver time= 0.01331782341003418
	symmetric= False
	niter= 34
	niter= 362
	solver time=0.11898612976074219,exit status=0
	RGN solver time= 0.11903858184814453
	xnorm=5.907546853833336,dnorm=0.019775297323859253
	dense amplitude time= 0.027985095977783203
	total non-zero amplitudes= 4900
	nsamples per process= 50
	sample time= 0.25319433212280273
	self.n= 0.24502171995599653
	RGN updated loss=-9.906856194962302,dloss=-8.214745967904946e-07
step= 165

nparam= 1004
	dense amplitude time= 0.018012523651123047
	total non-zero amplitudes= 4900
	nsamples per process= 50
	sample time= 1.1925363540649414
	self.n= 0.24502171995599636
	collect g,h time= 2.6654324531555176
E=-9.906856194962302,dE=-8.214745967904946e-07,std=0
L=-9.906856194962302,dL=-8.214745967904946e-07,std=0
	gnorm= 5.915373291166074e-05
	symmetric= True
	solver time=0.018567562103271484,exit status=0
	SR solver time= 0.018619060516357422
	symmetric= False
	niter= 39
	niter= 343
	solver time=0.09816789627075195,exit status=0
	RGN solver time= 0.09821248054504395
	xnorm=5.912471227191657,dnorm=0.01977727936716633
	dense amplitude time= 0.01722240447998047
	total non-zero amplitudes= 4900
	nsamples per process= 50
	sample time= 0.2518174648284912
	self.n= 0.24524556719706664
	RGN updated loss=-9.906857018098417,dloss=-8.231361157129413e-07
step= 166

nparam= 1004
	dense amplitude time= 0.022469282150268555
	total non-zero amplitudes= 4900
	nsamples per process= 50
	sample time= 1.2143223285675049
	self.n= 0.24524556719706606
	collect g,h time= 2.636937141418457
E=-9.906857018098417,dE=-8.231361157129413e-07,std=0
L=-9.906857018098417,dL=-8.231361157129413e-07,std=0
	gnorm= 0.00013554150511084083
	symmetric= True
	solver time=0.0077021121978759766,exit status=0
	SR solver time= 0.007752418518066406
	symmetric= False
	niter= 45
	niter= 312
	solver time=0.10578560829162598,exit status=0
	RGN solver time= 0.10582900047302246
	xnorm=5.917464986995808,dnorm=0.019819579522688858
	dense amplitude time= 0.019838571548461914
	total non-zero amplitudes= 4900
	nsamples per process= 50
	sample time= 0.27850770950317383
	self.n= 0.2455365983522657
	RGN updated loss=-9.906857831809258,dloss=-8.137108409300708e-07
step= 167

nparam= 1004
	dense amplitude time= 0.40338587760925293
	total non-zero amplitudes= 4900
	nsamples per process= 50
	sample time= 1.2159721851348877
	self.n= 0.24553659835226574
	collect g,h time= 2.659181833267212
E=-9.906857831809257,dE=-8.13710839153714e-07,std=0
L=-9.906857831809257,dL=-8.13710839153714e-07,std=0
	gnorm= 8.694690531916384e-05
	symmetric= True
	solver time=0.018859386444091797,exit status=0
	SR solver time= 0.018950223922729492
	symmetric= False
	niter= 41
	niter= 333
	solver time=0.11629939079284668,exit status=0
	RGN solver time= 0.11635589599609375
	xnorm=5.922372007706458,dnorm=0.019842870348874234
	dense amplitude time= 0.01613163948059082
	total non-zero amplitudes= 4900
	nsamples per process= 50
	sample time= 0.27885913848876953
	self.n= 0.24575626827644378
	RGN updated loss=-9.90685867999455,dloss=-8.481852926678357e-07
step= 168

nparam= 1004
	dense amplitude time= 0.01759052276611328
	total non-zero amplitudes= 4900
	nsamples per process= 50
	sample time= 1.2821128368377686
	self.n= 0.24575626827644392
	collect g,h time= 2.6524386405944824
E=-9.906858679994548,dE=-8.481852908914789e-07,std=0
L=-9.906858679994548,dL=-8.481852908914789e-07,std=0
	gnorm= 0.00012486970466008164
	symmetric= True
	solver time=0.007867574691772461,exit status=0
	SR solver time= 0.007939577102661133
	symmetric= False
	niter= 44
	niter= 312
	solver time=0.09371137619018555,exit status=0
	RGN solver time= 0.09376859664916992
	xnorm=5.927478215541809,dnorm=0.01980875217688005
	dense amplitude time= 0.019083261489868164
	total non-zero amplitudes= 4900
	nsamples per process= 50
	sample time= 0.25182580947875977
	self.n= 0.2460501667799807
	RGN updated loss=-9.906859483904478,dloss=-8.039099306245134e-07
step= 169

nparam= 1004
	dense amplitude time= 0.026973247528076172
	total non-zero amplitudes= 4900
	nsamples per process= 50
	sample time= 1.1940672397613525
	self.n= 0.24605016677998087
	collect g,h time= 2.6733365058898926
E=-9.906859483904478,dE=-8.039099306245134e-07,std=0
L=-9.906859483904478,dL=-8.039099306245134e-07,std=0
	gnorm= 0.00015531158293164855
	symmetric= True
	solver time=0.05152463912963867,exit status=0
	SR solver time= 0.05157876014709473
	symmetric= False
	niter= 45
	niter= 312
	solver time=0.08757853507995605,exit status=0
	RGN solver time= 0.08762788772583008
	xnorm=5.932449328389883,dnorm=0.019955809345264676
	dense amplitude time= 0.026430368423461914
	total non-zero amplitudes= 4900
	nsamples per process= 50
	sample time= 0.24913644790649414
	self.n= 0.24631068635271164
	RGN updated loss=-9.906860314354866,dloss=-8.304503875677938e-07
step= 170

nparam= 1004
	dense amplitude time= 0.024324417114257812
	total non-zero amplitudes= 4900
	nsamples per process= 50
	sample time= 1.217914342880249
	self.n= 0.24631068635271142
	collect g,h time= 2.60214900970459
E=-9.906860314354867,dE=-8.304503893441506e-07,std=0
L=-9.906860314354867,dL=-8.304503893441506e-07,std=0
	gnorm= 9.040883253453786e-05
	symmetric= True
	solver time=0.010366678237915039,exit status=0
	SR solver time= 0.010415315628051758
	symmetric= False
	niter= 42
	niter= 333
	solver time=0.23326468467712402,exit status=0
	RGN solver time= 0.2333049774169922
	xnorm=5.93769131787777,dnorm=0.019909101186602288
	dense amplitude time= 0.08501911163330078
	total non-zero amplitudes= 4900
	nsamples per process= 50
	sample time= 0.26192355155944824
	self.n= 0.24655388627241037
	RGN updated loss=-9.90686116186619,dloss=-8.47511323343042e-07
step= 171

nparam= 1004
	dense amplitude time= 0.05596327781677246
	total non-zero amplitudes= 4900
	nsamples per process= 50
	sample time= 1.2093191146850586
	self.n= 0.24655388627240998
	collect g,h time= 2.6882035732269287
E=-9.90686116186619,dE=-8.47511323343042e-07,std=0
L=-9.90686116186619,dL=-8.47511323343042e-07,std=0
	gnorm= 4.115510987729018e-05
	symmetric= True
	solver time=0.0062143802642822266,exit status=0
	SR solver time= 0.0062711238861083984
	symmetric= False
	niter= 35
	niter= 359
	solver time=0.10895276069641113,exit status=0
	RGN solver time= 0.10900664329528809
	xnorm=5.942788619436902,dnorm=0.019840274765317946
	dense amplitude time= 0.01830005645751953
	total non-zero amplitudes= 4900
	nsamples per process= 50
	sample time= 0.2736368179321289
	self.n= 0.24681093985487867
	RGN updated loss=-9.90686199410037,dloss=-8.322341784605669e-07
step= 172

nparam= 1004
	dense amplitude time= 0.0313868522644043
	total non-zero amplitudes= 4900
	nsamples per process= 50
	sample time= 1.2897412776947021
	self.n= 0.24681093985487884
	collect g,h time= 2.644279718399048
E=-9.90686199410037,dE=-8.322341784605669e-07,std=0
L=-9.90686199410037,dL=-8.322341784605669e-07,std=0
	gnorm= 0.0001166395089905018
	symmetric= True
	solver time=0.028329133987426758,exit status=0
	SR solver time= 0.02838277816772461
	symmetric= False
	niter= 42
	niter= 312
	solver time=0.10212397575378418,exit status=0
	RGN solver time= 0.10219144821166992
	xnorm=5.947944786692818,dnorm=0.019827651853383126
	dense amplitude time= 0.01672077178955078
	total non-zero amplitudes= 4900
	nsamples per process= 50
	sample time= 0.24917197227478027
	self.n= 0.24711289872323372
	RGN updated loss=-9.90686280867875,dloss=-8.14578379859654e-07
step= 173

nparam= 1004
	dense amplitude time= 0.04291987419128418
	total non-zero amplitudes= 4900
	nsamples per process= 50
	sample time= 1.1905715465545654
	self.n= 0.24711289872323378
	collect g,h time= 2.644538640975952
E=-9.906862808678751,dE=-8.145783816360108e-07,std=0
L=-9.906862808678751,dL=-8.145783816360108e-07,std=0
	gnorm= 7.094551871548659e-05
	symmetric= True
	solver time=0.008559942245483398,exit status=0
	SR solver time= 0.008612871170043945
	symmetric= False
	niter= 39
	niter= 343
	solver time=0.08703994750976562,exit status=0
	RGN solver time= 0.08708906173706055
	xnorm=5.953092249258622,dnorm=0.01983938537703558
	dense amplitude time= 0.016025781631469727
	total non-zero amplitudes= 4900
	nsamples per process= 50
	sample time= 0.2595968246459961
	self.n= 0.24738296025797923
	RGN updated loss=-9.906863647908391,dloss=-8.392296404480248e-07
step= 174

nparam= 1004
	dense amplitude time= 0.024281024932861328
	total non-zero amplitudes= 4900
	nsamples per process= 50
	sample time= 1.2630422115325928
	self.n= 0.24738296025797904
	collect g,h time= 2.6234383583068848
E=-9.906863647908391,dE=-8.392296404480248e-07,std=0
L=-9.906863647908391,dL=-8.392296404480248e-07,std=0
	gnorm= 0.0001210928225872751
	symmetric= True
	solver time=0.01840066909790039,exit status=0
	SR solver time= 0.018455982208251953
	symmetric= False
	niter= 43
	niter= 312
	solver time=0.10282611846923828,exit status=0
	RGN solver time= 0.10287642478942871
	xnorm=5.958292151403707,dnorm=0.019811771868840124
	dense amplitude time= 0.03423118591308594
	total non-zero amplitudes= 4900
	nsamples per process= 50
	sample time= 0.2600703239440918
	self.n= 0.24769335636018017
	RGN updated loss=-9.906864457630734,dloss=-8.097223425096445e-07
step= 175

nparam= 1004
	dense amplitude time= 0.025566577911376953
	total non-zero amplitudes= 4900
	nsamples per process= 50
	sample time= 1.2056114673614502
	self.n= 0.24769335636017997
	collect g,h time= 2.6778688430786133
E=-9.906864457630734,dE=-8.097223425096445e-07,std=0
L=-9.906864457630734,dL=-8.097223425096445e-07,std=0
	gnorm= 7.381611625279481e-05
	symmetric= True
	solver time=0.01846456527709961,exit status=0
	SR solver time= 0.01851177215576172
	symmetric= False
	niter= 40
	niter= 342
	solver time=0.10639047622680664,exit status=0
	RGN solver time= 0.10643196105957031
	xnorm=5.963491954046051,dnorm=0.019825504032270937
	dense amplitude time= 0.017472028732299805
	total non-zero amplitudes= 4900
	nsamples per process= 50
	sample time= 0.2744903564453125
	self.n= 0.2479501307432864
	RGN updated loss=-9.906865298949555,dloss=-8.413188208322708e-07
step= 176

nparam= 1004
	dense amplitude time= 0.024229049682617188
	total non-zero amplitudes= 4900
	nsamples per process= 50
	sample time= 1.2977778911590576
	self.n= 0.2479501307432864
	collect g,h time= 2.5965631008148193
E=-9.906865298949555,dE=-8.413188208322708e-07,std=0
L=-9.906865298949555,dL=-8.413188208322708e-07,std=0
	gnorm= 0.00012044592038189626
	symmetric= True
	solver time=0.009216547012329102,exit status=0
	SR solver time= 0.009262323379516602
	symmetric= False
	niter= 43
	niter= 312
	solver time=0.08722448348999023,exit status=0
	RGN solver time= 0.08727121353149414
	xnorm=5.968772384001946,dnorm=0.01978534311352744
	dense amplitude time= 0.01751399040222168
	total non-zero amplitudes= 4900
	nsamples per process= 50
	sample time= 0.25807976722717285
	self.n= 0.24826299659037898
	RGN updated loss=-9.906866106572092,dloss=-8.07622537735142e-07
step= 177

nparam= 1004
	dense amplitude time= 0.034867048263549805
	total non-zero amplitudes= 4900
	nsamples per process= 50
	sample time= 1.1963348388671875
	self.n= 0.24826299659037876
	collect g,h time= 2.6588780879974365
E=-9.906866106572092,dE=-8.07622537735142e-07,std=0
L=-9.906866106572092,dL=-8.07622537735142e-07,std=0
	gnorm= 7.791812208859285e-05
	symmetric= True
	solver time=0.017514944076538086,exit status=0
	SR solver time= 0.017558813095092773
	symmetric= False
	niter= 41
	niter= 337
	solver time=0.10764384269714355,exit status=0
	RGN solver time= 0.10768628120422363
	xnorm=5.974029563749148,dnorm=0.01980246467702122
	dense amplitude time= 0.01914048194885254
	total non-zero amplitudes= 4900
	nsamples per process= 50
	sample time= 0.2553074359893799
	self.n= 0.24854253794810358
	RGN updated loss=-9.906866943633124,dloss=-8.370610320440619e-07
step= 178

nparam= 1004
	dense amplitude time= 0.0214388370513916
	total non-zero amplitudes= 4900
	nsamples per process= 50
	sample time= 1.2517497539520264
	self.n= 0.24854253794810335
	collect g,h time= 2.6286377906799316
E=-9.906866943633124,dE=-8.370610320440619e-07,std=0
L=-9.906866943633124,dL=-8.370610320440619e-07,std=0
	gnorm= 3.80356577069321e-05
	symmetric= True
	solver time=0.006086587905883789,exit status=0
	SR solver time= 0.0061397552490234375
	symmetric= False
	niter= 35
	niter= 363
	solver time=0.13674378395080566,exit status=0
	RGN solver time= 0.13679814338684082
	xnorm=5.9793526358074836,dnorm=0.019760066225483205
	dense amplitude time= 0.017038583755493164
	total non-zero amplitudes= 4900
	nsamples per process= 50
	sample time= 0.26656174659729004
	self.n= 0.24883827981347495
	RGN updated loss=-9.906867765643344,dloss=-8.220102198919221e-07
step= 179

nparam= 1004
	dense amplitude time= 0.03284335136413574
	total non-zero amplitudes= 4900
	nsamples per process= 50
	sample time= 1.213468313217163
	self.n= 0.24883827981347445
	collect g,h time= 2.655587911605835
E=-9.906867765643344,dE=-8.220102198919221e-07,std=0
L=-9.906867765643344,dL=-8.220102198919221e-07,std=0
	gnorm= 3.981590858477997e-05
	symmetric= True
	solver time=0.016915082931518555,exit status=0
	SR solver time= 0.016965627670288086
	symmetric= False
	niter= 34
	niter= 358
	solver time=0.10006999969482422,exit status=0
	RGN solver time= 0.10011434555053711
	xnorm=5.984686823690386,dnorm=0.019743088977908267
	dense amplitude time= 0.03139805793762207
	total non-zero amplitudes= 4900
	nsamples per process= 50
	sample time= 0.2711958885192871
	self.n= 0.24911634178558378
	RGN updated loss=-9.906868586752346,dloss=-8.21109001236664e-07
step= 180

nparam= 1004
	dense amplitude time= 0.02521371841430664
	total non-zero amplitudes= 4900
	nsamples per process= 50
	sample time= 1.3241488933563232
	self.n= 0.24911634178558362
	collect g,h time= 2.560725450515747
E=-9.906868586752344,dE=-8.211089994603071e-07,std=0
L=-9.906868586752344,dL=-8.211089994603071e-07,std=0
	gnorm= 3.8821629592312685e-05
	symmetric= True
	solver time=0.006728649139404297,exit status=0
	SR solver time= 0.00678563117980957
	symmetric= False
	niter= 35
	niter= 361
	solver time=0.09645557403564453,exit status=0
	RGN solver time= 0.09651398658752441
	xnorm=5.990063189646372,dnorm=0.019727483281974736
	dense amplitude time= 0.016666889190673828
	total non-zero amplitudes= 4900
	nsamples per process= 50
	sample time= 0.2626042366027832
	self.n= 0.2494400480999401
	RGN updated loss=-9.90686940100308,dloss=-8.142507361696971e-07
step= 181

nparam= 1004
	dense amplitude time= 0.02728891372680664
	total non-zero amplitudes= 4900
	nsamples per process= 50
	sample time= 1.2025268077850342
	self.n= 0.24944004809994014
	collect g,h time= 2.6226277351379395
E=-9.906869401003078,dE=-8.142507343933403e-07,std=0
L=-9.906869401003078,dL=-8.142507343933403e-07,std=0
	gnorm= 4.2726909876358336e-05
	symmetric= True
	solver time=0.005581855773925781,exit status=0
	SR solver time= 0.005625486373901367
	symmetric= False
	niter= 35
	niter= 350
	solver time=0.10264706611633301,exit status=0
	RGN solver time= 0.10268735885620117
	xnorm=5.995427531135688,dnorm=0.019703487513975583
	dense amplitude time= 0.02762770652770996
	total non-zero amplitudes= 4900
	nsamples per process= 50
	sample time= 0.25867438316345215
	self.n= 0.2497204389085462
	RGN updated loss=-9.906870219596968,dloss=-8.185938895621803e-07
step= 182

nparam= 1004
	dense amplitude time= 0.017578125
	total non-zero amplitudes= 4900
	nsamples per process= 50
	sample time= 1.2677431106567383
	self.n= 0.24972043890854578
	collect g,h time= 2.580901861190796
E=-9.906870219596966,dE=-8.185938877858234e-07,std=0
L=-9.906870219596966,dL=-8.185938877858234e-07,std=0
	gnorm= 3.9104465756181585e-05
	symmetric= True
	solver time=0.0056264400482177734,exit status=0
	SR solver time= 0.005672931671142578
	symmetric= False
	niter= 35
	niter= 360
	solver time=0.10867786407470703,exit status=0
	RGN solver time= 0.10872602462768555
	xnorm=6.000858291595356,dnorm=0.019677176841659965
	dense amplitude time= 0.017722129821777344
	total non-zero amplitudes= 4900
	nsamples per process= 50
	sample time= 0.2644813060760498
	self.n= 0.2500498847534782
	RGN updated loss=-9.906871029565579,dloss=-8.099686130691452e-07
step= 183

nparam= 1004
	dense amplitude time= 0.03588151931762695
	total non-zero amplitudes= 4900
	nsamples per process= 50
	sample time= 1.22005295753479
	self.n= 0.2500498847534784
	collect g,h time= 2.582300901412964
E=-9.90687102956558,dE=-8.099686148455021e-07,std=0
L=-9.90687102956558,dL=-8.099686148455021e-07,std=0
	gnorm= 3.801463618351335e-05
	symmetric= True
	solver time=0.0067403316497802734,exit status=0
	SR solver time= 0.006788730621337891
	symmetric= False
	niter= 35
	niter= 360
	solver time=0.10920524597167969,exit status=0
	RGN solver time= 0.10925149917602539
	xnorm=6.006272595004774,dnorm=0.019655999033594513
	dense amplitude time= 0.026891708374023438
	total non-zero amplitudes= 4900
	nsamples per process= 50
	sample time= 0.2667105197906494
	self.n= 0.2503335841522286
	RGN updated loss=-9.906871844594354,dloss=-8.150287733599271e-07
step= 184

nparam= 1004
	dense amplitude time= 0.01937389373779297
	total non-zero amplitudes= 4900
	nsamples per process= 50
	sample time= 1.3000707626342773
	self.n= 0.2503335841522286
	collect g,h time= 2.580251455307007
E=-9.906871844594352,dE=-8.150287715835702e-07,std=0
L=-9.906871844594352,dL=-8.150287715835702e-07,std=0
	gnorm= 3.35653327046657e-05
	symmetric= True
	solver time=0.005112171173095703,exit status=0
	SR solver time= 0.0051631927490234375
	symmetric= False
	niter= 32
	niter= 369
	solver time=0.1025390625,exit status=0
	RGN solver time= 0.10258603096008301
	xnorm=6.011755355926723,dnorm=0.019610573819851648
	dense amplitude time= 0.016494035720825195
	total non-zero amplitudes= 4900
	nsamples per process= 50
	sample time= 0.2640688419342041
	self.n= 0.2506477627498736
	RGN updated loss=-9.906872650705415,dloss=-8.06111062345849e-07
step= 185

nparam= 1004
	dense amplitude time= 0.030171871185302734
	total non-zero amplitudes= 4900
	nsamples per process= 50
	sample time= 1.1924681663513184
	self.n= 0.25064776274987366
	collect g,h time= 2.5750210285186768
E=-9.906872650705413,dE=-8.061110605694921e-07,std=0
L=-9.906872650705413,dL=-8.061110605694921e-07,std=0
	gnorm= 3.384816673565328e-05
	symmetric= True
	solver time=0.005676746368408203,exit status=0
	SR solver time= 0.005724668502807617
	symmetric= False
	niter= 33
	niter= 364
	solver time=0.09348177909851074,exit status=0
	RGN solver time= 0.09352540969848633
	xnorm=6.017239879905939,dnorm=0.019585625370201927
	dense amplitude time= 0.016197919845581055
	total non-zero amplitudes= 4900
	nsamples per process= 50
	sample time= 0.24956250190734863
	self.n= 0.25094325264989825
	RGN updated loss=-9.906873457761895,dloss=-8.070564820883419e-07
step= 186

nparam= 1004
	dense amplitude time= 0.023578882217407227
	total non-zero amplitudes= 4900
	nsamples per process= 50
	sample time= 1.2259197235107422
	self.n= 0.25094325264989825
	collect g,h time= 2.5857112407684326
E=-9.906873457761895,dE=-8.070564820883419e-07,std=0
L=-9.906873457761895,dL=-8.070564820883419e-07,std=0
	gnorm= 3.63272010503279e-05
	symmetric= True
	solver time=0.00626063346862793,exit status=0
	SR solver time= 0.006319999694824219
	symmetric= False
	niter= 33
	niter= 361
	solver time=0.1103367805480957,exit status=0
	RGN solver time= 0.11038708686828613
	xnorm=6.022758809908667,dnorm=0.019543036847951525
	dense amplitude time= 0.014679193496704102
	total non-zero amplitudes= 4900
	nsamples per process= 50
	sample time= 0.25768399238586426
	self.n= 0.2512612986341329
	RGN updated loss=-9.906874257518707,dloss=-7.997568118867093e-07
step= 187

nparam= 1004
	dense amplitude time= 0.02822732925415039
	total non-zero amplitudes= 4900
	nsamples per process= 50
	sample time= 1.2035372257232666
	self.n= 0.25126129863413293
	collect g,h time= 2.6183512210845947
E=-9.906874257518705,dE=-7.997568101103525e-07,std=0
L=-9.906874257518705,dL=-7.997568101103525e-07,std=0
	gnorm= 3.406442961840269e-05
	symmetric= True
	solver time=0.006345987319946289,exit status=0
	SR solver time= 0.006394863128662109
	symmetric= False
	niter= 33
	niter= 366
	solver time=0.09160494804382324,exit status=0
	RGN solver time= 0.09165263175964355
	xnorm=6.028285433885013,dnorm=0.019507888471102193
	dense amplitude time= 0.01667332649230957
	total non-zero amplitudes= 4900
	nsamples per process= 50
	sample time= 0.2579922676086426
	self.n= 0.2515616848047439
	RGN updated loss=-9.906875056942818,dloss=-7.994241126851875e-07
step= 188

nparam= 1004
	dense amplitude time= 0.016805171966552734
	total non-zero amplitudes= 4900
	nsamples per process= 50
	sample time= 1.2451379299163818
	self.n= 0.25156168480474395
	collect g,h time= 2.5862679481506348
E=-9.906875056942816,dE=-7.994241109088307e-07,std=0
L=-9.906875056942816,dL=-7.994241109088307e-07,std=0
	gnorm= 3.337800381166541e-05
	symmetric= True
	solver time=0.027715682983398438,exit status=0
	SR solver time= 0.027770519256591797
	symmetric= False
	niter= 32
	niter= 368
	solver time=0.10628271102905273,exit status=0
	RGN solver time= 0.10633015632629395
	xnorm=6.033847355258615,dnorm=0.019459366018258283
	dense amplitude time= 0.026537418365478516
	total non-zero amplitudes= 4900
	nsamples per process= 50
	sample time= 0.261552095413208
	self.n= 0.251884076514532
	RGN updated loss=-9.906875848306818,dloss=-7.913640018841761e-07
step= 189

nparam= 1004
	dense amplitude time= 0.03893613815307617
	total non-zero amplitudes= 4900
	nsamples per process= 50
	sample time= 1.2182435989379883
	self.n= 0.25188407651453193
	collect g,h time= 2.6152474880218506
E=-9.906875848306818,dE=-7.913640018841761e-07,std=0
L=-9.906875848306818,dL=-7.913640018841761e-07,std=0
	gnorm= 3.529047898648344e-05
	symmetric= True
	solver time=0.005925893783569336,exit status=0
	SR solver time= 0.0059773921966552734
	symmetric= False
	niter= 33
	niter= 361
	solver time=0.11120438575744629,exit status=0
	RGN solver time= 0.11124610900878906
	xnorm=6.039414587672856,dnorm=0.01942729424150809
	dense amplitude time= 0.020555734634399414
	total non-zero amplitudes= 4900
	nsamples per process= 50
	sample time= 0.25389599800109863
	self.n= 0.25218248965011325
	RGN updated loss=-9.906876639704993,dloss=-7.913981754370525e-07
step= 190

nparam= 1004
	dense amplitude time= 0.01704239845275879
	total non-zero amplitudes= 4900
	nsamples per process= 50
	sample time= 1.1981499195098877
	self.n= 0.25218248965011286
	collect g,h time= 2.576814651489258
E=-9.906876639704993,dE=-7.913981754370525e-07,std=0
L=-9.906876639704993,dL=-7.913981754370525e-07,std=0
	gnorm= 0.00010473480185176191
	symmetric= True
	solver time=0.006451606750488281,exit status=0
	SR solver time= 0.006501197814941406
	symmetric= False
	niter= 41
	niter= 314
	solver time=0.11051654815673828,exit status=0
	RGN solver time= 0.1105659008026123
	xnorm=6.04502795054305,dnorm=0.01939346112977639
	dense amplitude time= 0.014317750930786133
	total non-zero amplitudes= 4900
	nsamples per process= 50
	sample time= 0.2531013488769531
	self.n= 0.2525030777019044
	RGN updated loss=-9.906877418237219,dloss=-7.785322253539562e-07
step= 191

nparam= 1004
	dense amplitude time= 0.03610348701477051
	total non-zero amplitudes= 4900
	nsamples per process= 50
	sample time= 1.2101185321807861
	self.n= 0.25250307770190417
	collect g,h time= 2.58144211769104
E=-9.906877418237219,dE=-7.785322253539562e-07,std=0
L=-9.906877418237219,dL=-7.785322253539562e-07,std=0
	gnorm= 6.408994805710795e-05
	symmetric= True
	solver time=0.005522966384887695,exit status=0
	SR solver time= 0.005566835403442383
	symmetric= False
	niter= 39
	niter= 342
	solver time=0.09729123115539551,exit status=0
	RGN solver time= 0.0973353385925293
	xnorm=6.0506635553413695,dnorm=0.01930986184925068
	dense amplitude time= 0.026259183883666992
	total non-zero amplitudes= 4900
	nsamples per process= 50
	sample time= 0.26033473014831543
	self.n= 0.25279750137629575
	RGN updated loss=-9.90687820335109,dloss=-7.851138708048211e-07
step= 192

nparam= 1004
	dense amplitude time= 0.021162033081054688
	total non-zero amplitudes= 4900
	nsamples per process= 50
	sample time= 1.2624659538269043
	self.n= 0.25279750137629553
	collect g,h time= 2.5465495586395264
E=-9.90687820335109,dE=-7.851138708048211e-07,std=0
L=-9.90687820335109,dL=-7.851138708048211e-07,std=0
	gnorm= 4.2942539689677784e-05
	symmetric= True
	solver time=0.020674943923950195,exit status=0
	SR solver time= 0.02072763442993164
	symmetric= False
	niter= 35
	niter= 346
	solver time=0.15264368057250977,exit status=0
	RGN solver time= 0.1526949405670166
	xnorm=6.056301433740383,dnorm=0.019243496375321544
	dense amplitude time= 0.016915321350097656
	total non-zero amplitudes= 4900
	nsamples per process= 50
	sample time= 0.2678506374359131
	self.n= 0.253126520522574
	RGN updated loss=-9.906878977237398,dloss=-7.738863079254088e-07
step= 193

nparam= 1004
	dense amplitude time= 0.07828998565673828
	total non-zero amplitudes= 4900
	nsamples per process= 50
	sample time= 1.2677726745605469
	self.n= 0.253126520522574
	collect g,h time= 2.581038475036621
E=-9.906878977237396,dE=-7.73886306149052e-07,std=0
L=-9.906878977237396,dL=-7.73886306149052e-07,std=0
	gnorm= 0.00010136480696365006
	symmetric= True
	solver time=0.007321357727050781,exit status=0
	SR solver time= 0.007366657257080078
	symmetric= False
	niter= 41
	niter= 312
	solver time=0.08340692520141602,exit status=0
	RGN solver time= 0.08345890045166016
	xnorm=6.061935887626793,dnorm=0.019223024108547863
	dense amplitude time= 0.01590895652770996
	total non-zero amplitudes= 4900
	nsamples per process= 50
	sample time= 0.25998735427856445
	self.n= 0.25341898931521856
	RGN updated loss=-9.906879743680772,dloss=-7.664433763210354e-07
step= 194

nparam= 1004
	dense amplitude time= 0.014720916748046875
	total non-zero amplitudes= 4900
	nsamples per process= 50
	sample time= 1.221937656402588
	self.n= 0.25341898931521833
	collect g,h time= 2.6015472412109375
E=-9.906879743680772,dE=-7.664433763210354e-07,std=0
L=-9.906879743680772,dL=-7.664433763210354e-07,std=0
	gnorm= 6.450825670764128e-05
	symmetric= True
	solver time=0.006897449493408203,exit status=0
	SR solver time= 0.006947040557861328
	symmetric= False
	niter= 38
	niter= 334
	solver time=0.09440088272094727,exit status=0
	RGN solver time= 0.0944511890411377
	xnorm=6.067624231816955,dnorm=0.019120708450857598
	dense amplitude time= 0.016497373580932617
	total non-zero amplitudes= 4900
	nsamples per process= 50
	sample time= 0.26373815536499023
	self.n= 0.2537266990438791
	RGN updated loss=-9.906880512496887,dloss=-7.68816114771198e-07
step= 195

nparam= 1004
	dense amplitude time= 0.030192136764526367
	total non-zero amplitudes= 4900
	nsamples per process= 50
	sample time= 1.2144732475280762
	self.n= 0.2537266990438791
	collect g,h time= 2.582129955291748
E=-9.906880512496887,dE=-7.68816114771198e-07,std=0
L=-9.906880512496887,dL=-7.68816114771198e-07,std=0
	gnorm= 0.0001582226876639258
	symmetric= True
	solver time=0.00677180290222168,exit status=0
	SR solver time= 0.006819248199462891
	symmetric= False
	niter= 45
	niter= 304
	solver time=0.08201742172241211,exit status=0
	RGN solver time= 0.08206415176391602
	xnorm=6.073272358811592,dnorm=0.019164471367182776
	dense amplitude time= 0.015242338180541992
	total non-zero amplitudes= 4900
	nsamples per process= 50
	sample time= 0.25075578689575195
	self.n= 0.2540305711053944
	RGN updated loss=-9.906881251637992,dloss=-7.391411056545394e-07
step= 196

nparam= 1004
	dense amplitude time= 0.020139694213867188
	total non-zero amplitudes= 4900
	nsamples per process= 50
	sample time= 1.260166883468628
	self.n= 0.2540305711053944
	collect g,h time= 2.54577898979187
E=-9.906881251637992,dE=-7.391411056545394e-07,std=0
L=-9.906881251637992,dL=-7.391411056545394e-07,std=0
	gnorm= 0.00015266976167688638
	symmetric= True
	solver time=0.018642663955688477,exit status=0
	SR solver time= 0.018694400787353516
	symmetric= False
	niter= 45
	niter= 300
	solver time=0.08685469627380371,exit status=0
	RGN solver time= 0.08690142631530762
	xnorm=6.079042084676748,dnorm=0.019002740495112524
	dense amplitude time= 0.016673564910888672
	total non-zero amplitudes= 4900
	nsamples per process= 50
	sample time= 0.2791259288787842
	self.n= 0.2543323381227459
	RGN updated loss=-9.906882023126318,dloss=-7.714883256682015e-07
step= 197

nparam= 1004
	dense amplitude time= 0.026947498321533203
	total non-zero amplitudes= 4900
	nsamples per process= 50
	sample time= 1.260923147201538
	self.n= 0.25433233812274597
	collect g,h time= 2.59250545501709
E=-9.906882023126318,dE=-7.714883256682015e-07,std=0
L=-9.906882023126318,dL=-7.714883256682015e-07,std=0
	gnorm= 5.4185483619152175e-05
	symmetric= True
	solver time=0.006366252899169922,exit status=0
	SR solver time= 0.0064122676849365234
	symmetric= False
	niter= 36
	niter= 343
	solver time=0.09895443916320801,exit status=0
	RGN solver time= 0.09900474548339844
	xnorm=6.084705183261574,dnorm=0.018920918326988646
	dense amplitude time= 0.016892194747924805
	total non-zero amplitudes= 4900
	nsamples per process= 50
	sample time= 0.25110554695129395
	self.n= 0.2546291409646555
	RGN updated loss=-9.90688277468075,dloss=-7.515544311331723e-07
step= 198

nparam= 1004
	dense amplitude time= 0.028861522674560547
	total non-zero amplitudes= 4900
	nsamples per process= 50
	sample time= 1.2062971591949463
	self.n= 0.2546291409646553
	collect g,h time= 2.5562453269958496
E=-9.90688277468075,dE=-7.515544311331723e-07,std=0
L=-9.90688277468075,dL=-7.515544311331723e-07,std=0
	gnorm= 4.181107364421539e-05
	symmetric= True
	solver time=0.013091564178466797,exit status=0
	SR solver time= 0.013136625289916992
	symmetric= False
	niter= 36
	niter= 345
	solver time=0.11051511764526367,exit status=0
	RGN solver time= 0.11055684089660645
	xnorm=6.090359242760523,dnorm=0.01884492848272354
	dense amplitude time= 0.024776697158813477
	total non-zero amplitudes= 4900
	nsamples per process= 50
	sample time= 0.251570463180542
	self.n= 0.2549328503890216
	RGN updated loss=-9.9068835131494,dloss=-7.384686515621297e-07
step= 199

nparam= 1004
	dense amplitude time= 0.02153778076171875
	total non-zero amplitudes= 4900
	nsamples per process= 50
	sample time= 1.2087805271148682
	self.n= 0.2549328503890216
	collect g,h time= 2.5637130737304688
E=-9.906883513149404,dE=-7.384686551148434e-07,std=0
L=-9.906883513149404,dL=-7.384686551148434e-07,std=0
	gnorm= 4.266331495591695e-05
	symmetric= True
	solver time=0.006453037261962891,exit status=0
	SR solver time= 0.006495237350463867
	symmetric= False
	niter= 34
	niter= 343
	solver time=0.0880579948425293,exit status=0
	RGN solver time= 0.0881040096282959
	xnorm=6.0960499010129,dnorm=0.018785791795726748
	dense amplitude time= 0.017290353775024414
	total non-zero amplitudes= 4900
	nsamples per process= 50
	sample time= 0.2635645866394043
	self.n= 0.2552388424654981
	RGN updated loss=-9.906884250231034,dloss=-7.370816295093618e-07
step= 200

nparam= 1004
	dense amplitude time= 0.02923727035522461
	total non-zero amplitudes= 4900
	nsamples per process= 50
	sample time= 1.2496342658996582
	self.n= 0.2552388424654979
	collect g,h time= 2.7399649620056152
E=-9.906884250231036,dE=-7.370816312857187e-07,std=0
L=-9.906884250231036,dL=-7.370816312857187e-07,std=0
	gnorm= 6.331477517023009e-05
	symmetric= True
	solver time=0.006337881088256836,exit status=0
	SR solver time= 0.006375551223754883
	symmetric= False
	niter= 40
	niter= 339
	solver time=0.08309149742126465,exit status=0
	RGN solver time= 0.08313632011413574
	xnorm=6.101737080403437,dnorm=0.018717400351916165
	dense amplitude time= 0.01743316650390625
	total non-zero amplitudes= 4900
	nsamples per process= 50
	sample time= 0.25870847702026367
	self.n= 0.2555588587505184
	RGN updated loss=-9.90688497213932,dloss=-7.219082842624402e-07
step= 201

nparam= 1004
	dense amplitude time= 0.02515244483947754
	total non-zero amplitudes= 4900
	nsamples per process= 50
	sample time= 1.2277538776397705
	self.n= 0.25555885875051865
	collect g,h time= 2.5680294036865234
E=-9.906884972139318,dE=-7.219082824860834e-07,std=0
L=-9.906884972139318,dL=-7.219082824860834e-07,std=0
	gnorm= 5.262413766058021e-05
	symmetric= True
	solver time=0.013535022735595703,exit status=0
	SR solver time= 0.013578414916992188
	symmetric= False
	niter= 38
	niter= 343
	solver time=0.16465330123901367,exit status=0
	RGN solver time= 0.16470599174499512
	xnorm=6.107452124395747,dnorm=0.01863770945445931
	dense amplitude time= 0.03207850456237793
	total non-zero amplitudes= 4900
	nsamples per process= 50
	sample time= 0.2638237476348877
	self.n= 0.2558535173165213
	RGN updated loss=-9.906885700146445,dloss=-7.280071265824972e-07
step= 202

nparam= 1004
	dense amplitude time= 0.03289365768432617
	total non-zero amplitudes= 4900
	nsamples per process= 50
	sample time= 1.258364200592041
	self.n= 0.25585351731652106
	collect g,h time= 2.5921823978424072
E=-9.906885700146443,dE=-7.280071248061404e-07,std=0
L=-9.906885700146443,dL=-7.280071248061404e-07,std=0
	gnorm= 5.36440544013737e-05
	symmetric= True
	solver time=0.016361474990844727,exit status=0
	SR solver time= 0.01641058921813965
	symmetric= False
	niter= 38
	niter= 343
	solver time=0.10660505294799805,exit status=0
	RGN solver time= 0.10664844512939453
	xnorm=6.113153450158094,dnorm=0.018547721541604174
	dense amplitude time= 0.016416549682617188
	total non-zero amplitudes= 4900
	nsamples per process= 50
	sample time= 0.2599031925201416
	self.n= 0.2561545403811606
	RGN updated loss=-9.906886412546704,dloss=-7.1240026144892e-07
step= 203

nparam= 1004
	dense amplitude time= 0.02798318862915039
	total non-zero amplitudes= 4900
	nsamples per process= 50
	sample time= 1.2037482261657715
	self.n= 0.2561545403811604
	collect g,h time= 2.559448003768921
E=-9.906886412546703,dE=-7.124002596725632e-07,std=0
L=-9.906886412546703,dL=-7.124002596725632e-07,std=0
	gnorm= 5.289433707393427e-05
	symmetric= True
	niter= 40
	solver time=0.03681015968322754,exit status=0
	SR solver time= 0.03687024116516113
	symmetric= False
	niter= 342
	solver time=0.09014153480529785,exit status=0
	RGN solver time= 0.09019112586975098
	xnorm=6.118878260884858,dnorm=0.01852396194472784
	dense amplitude time= 0.017416715621948242
	total non-zero amplitudes= 4900
	nsamples per process= 50
	sample time= 0.25191521644592285
	self.n= 0.25645324118498414
	RGN updated loss=-9.906887126206072,dloss=-7.136593698220395e-07
step= 204

nparam= 1004
	dense amplitude time= 0.03725099563598633
	total non-zero amplitudes= 4900
	nsamples per process= 50
	sample time= 1.2236363887786865
	self.n= 0.25645324118498386
	collect g,h time= 2.548293352127075
E=-9.906887126206072,dE=-7.136593698220395e-07,std=0
L=-9.906887126206072,dL=-7.136593698220395e-07,std=0
	gnorm= 5.0504177903516574e-05
	symmetric= True
	solver time=0.00600433349609375,exit status=0
	SR solver time= 0.006047487258911133
	symmetric= False
	niter= 38
	niter= 343
	solver time=0.11086416244506836,exit status=0
	RGN solver time= 0.11090970039367676
	xnorm=6.124589051306899,dnorm=0.0184394230801981
	dense amplitude time= 0.023429393768310547
	total non-zero amplitudes= 4900
	nsamples per process= 50
	sample time= 0.270355224609375
	self.n= 0.25674098846622734
	RGN updated loss=-9.906887829764132,dloss=-7.035580598113711e-07
step= 205

nparam= 1004
	dense amplitude time= 0.030591249465942383
	total non-zero amplitudes= 4900
	nsamples per process= 50
	sample time= 1.2803242206573486
	self.n= 0.25674098846622695
	collect g,h time= 2.580846071243286
E=-9.906887829764134,dE=-7.035580615877279e-07,std=0
L=-9.906887829764134,dL=-7.035580615877279e-07,std=0
	gnorm= 7.718256329411568e-05
	symmetric= True
	solver time=0.0062313079833984375,exit status=0
	SR solver time= 0.006291627883911133
	symmetric= False
	niter= 41
	niter= 317
	solver time=0.08200430870056152,exit status=0
	RGN solver time= 0.0820472240447998
	xnorm=6.1302904289743045,dnorm=0.018361905802515836
	dense amplitude time= 0.01703953742980957
	total non-zero amplitudes= 4900
	nsamples per process= 50
	sample time= 0.26413846015930176
	self.n= 0.25702504040319885
	RGN updated loss=-9.906888527432054,dloss=-6.976679198800184e-07
step= 206

nparam= 1004
	dense amplitude time= 0.0275876522064209
	total non-zero amplitudes= 4900
	nsamples per process= 50
	sample time= 1.255650520324707
	self.n= 0.25702504040319885
	collect g,h time= 2.6439504623413086
E=-9.906888527432052,dE=-6.976679181036616e-07,std=0
L=-9.906888527432052,dL=-6.976679181036616e-07,std=0
	gnorm= 5.946308141708089e-05
	symmetric= True
	niter= 38
	solver time=0.006293296813964844,exit status=0
	SR solver time= 0.006333827972412109
	symmetric= False
	niter= 332
	solver time=0.12755441665649414,exit status=0
	RGN solver time= 0.1275956630706787
	xnorm=6.136011737581549,dnorm=0.018266316614454558
	dense amplitude time= 0.01572442054748535
	total non-zero amplitudes= 4900
	nsamples per process= 50
	sample time= 0.2574639320373535
	self.n= 0.25732594127683894
	RGN updated loss=-9.906889225490618,dloss=-6.980585656179983e-07
step= 207

nparam= 1004
	dense amplitude time= 0.018752574920654297
	total non-zero amplitudes= 4900
	nsamples per process= 50
	sample time= 1.2248425483703613
	self.n= 0.25732594127683894
	collect g,h time= 2.6025185585021973
E=-9.906889225490618,dE=-6.980585656179983e-07,std=0
L=-9.906889225490618,dL=-6.980585656179983e-07,std=0
	gnorm= 0.00011567991221798546
	symmetric= True
	solver time=0.006970405578613281,exit status=0
	SR solver time= 0.007009983062744141
	symmetric= False
	niter= 44
	niter= 307
	solver time=0.07691597938537598,exit status=0
	RGN solver time= 0.07695555686950684
	xnorm=6.1417120551339695,dnorm=0.01818440391792745
	dense amplitude time= 0.018036365509033203
	total non-zero amplitudes= 4900
	nsamples per process= 50
	sample time= 0.26476526260375977
	self.n= 0.257590140254493
	RGN updated loss=-9.906889895001425,dloss=-6.695108076826273e-07
step= 208

nparam= 1004
	dense amplitude time= 0.03613471984863281
	total non-zero amplitudes= 4900
	nsamples per process= 50
	sample time= 1.2396557331085205
	self.n= 0.2575901402544929
	collect g,h time= 2.548583507537842
E=-9.906889895001425,dE=-6.695108076826273e-07,std=0
L=-9.906889895001425,dL=-6.695108076826273e-07,std=0
	gnorm= 8.930784051201949e-05
	symmetric= True
	solver time=0.02144002914428711,exit status=0
	SR solver time= 0.02149200439453125
	symmetric= False
	niter= 42
	niter= 312
	solver time=0.08633160591125488,exit status=0
	RGN solver time= 0.0863804817199707
	xnorm=6.147401807243851,dnorm=0.018134730231903498
	dense amplitude time= 0.014637947082519531
	total non-zero amplitudes= 4900
	nsamples per process= 50
	sample time= 0.2630579471588135
	self.n= 0.2578903097163944
	RGN updated loss=-9.906890591318273,dloss=-6.963168477369663e-07
step= 209

nparam= 1004
	dense amplitude time= 0.027746200561523438
	total non-zero amplitudes= 4900
	nsamples per process= 50
	sample time= 1.2473175525665283
	self.n= 0.2578903097163944
	collect g,h time= 2.6037635803222656
E=-9.906890591318273,dE=-6.963168477369663e-07,std=0
L=-9.906890591318273,dL=-6.963168477369663e-07,std=0
	gnorm= 0.00011049186404042282
	symmetric= True
	solver time=0.01845860481262207,exit status=0
	SR solver time= 0.018505096435546875
	symmetric= False
	niter= 44
	niter= 307
	solver time=0.0970163345336914,exit status=0
	RGN solver time= 0.09705996513366699
	xnorm=6.1531043421105736,dnorm=0.01802063907156513
	dense amplitude time= 0.015333414077758789
	total non-zero amplitudes= 4900
	nsamples per process= 50
	sample time= 0.2685995101928711
	self.n= 0.25814725894761675
	RGN updated loss=-9.906891247444628,dloss=-6.561263550253216e-07
step= 210

nparam= 1004
	dense amplitude time= 0.025539875030517578
	total non-zero amplitudes= 4900
	nsamples per process= 50
	sample time= 1.2692062854766846
	self.n= 0.2581472589476165
	collect g,h time= 2.6115429401397705
E=-9.90689124744463,dE=-6.561263568016784e-07,std=0
L=-9.90689124744463,dL=-6.561263568016784e-07,std=0
	gnorm= 8.929713239869533e-05
	symmetric= True
	solver time=0.008283615112304688,exit status=0
	SR solver time= 0.008337259292602539
	symmetric= False
	niter= 42
	niter= 312
	solver time=0.08913254737854004,exit status=0
	RGN solver time= 0.0891714096069336
	xnorm=6.1587942374259965,dnorm=0.017972911983447772
	dense amplitude time= 0.015470027923583984
	total non-zero amplitudes= 4900
	nsamples per process= 50
	sample time= 0.2675321102142334
	self.n= 0.25843882707698596
	RGN updated loss=-9.906891929967037,dloss=-6.825224065920565e-07
step= 211

nparam= 1004
	dense amplitude time= 0.03533816337585449
	total non-zero amplitudes= 4900
	nsamples per process= 50
	sample time= 1.2117962837219238
	self.n= 0.2584388270769859
	collect g,h time= 2.630880117416382
E=-9.906891929967038,dE=-6.825224083684134e-07,std=0
L=-9.906891929967038,dL=-6.825224083684134e-07,std=0
	gnorm= 0.00011150166564599549
	symmetric= True
	solver time=0.007685661315917969,exit status=0
	SR solver time= 0.007729768753051758
	symmetric= False
	niter= 44
	niter= 306
	solver time=0.0921790599822998,exit status=0
	RGN solver time= 0.09222221374511719
	xnorm=6.164493734081819,dnorm=0.01785884298608392
	dense amplitude time= 0.026151180267333984
	total non-zero amplitudes= 4900
	nsamples per process= 50
	sample time= 0.2593851089477539
	self.n= 0.25869089223051206
	RGN updated loss=-9.906892574942566,dloss=-6.449755272086577e-07
step= 212

nparam= 1004
	dense amplitude time= 0.025874853134155273
	total non-zero amplitudes= 4900
	nsamples per process= 50
	sample time= 1.2212743759155273
	self.n= 0.25869089223051156
	collect g,h time= 2.606647491455078
E=-9.906892574942567,dE=-6.449755289850145e-07,std=0
L=-9.906892574942567,dL=-6.449755289850145e-07,std=0
	gnorm= 0.00012527039655656848
	symmetric= True
	solver time=0.008415460586547852,exit status=0
	SR solver time= 0.008462905883789062
	symmetric= False
	niter= 45
	niter= 310
	solver time=0.09532809257507324,exit status=0
	RGN solver time= 0.09537172317504883
	xnorm=6.170169638283316,dnorm=0.017887016338524294
	dense amplitude time= 0.01601123809814453
	total non-zero amplitudes= 4900
	nsamples per process= 50
	sample time= 0.26271700859069824
	self.n= 0.2590305587574976
	RGN updated loss=-9.906893227278998,dloss=-6.523364302069012e-07
step= 213

nparam= 1004
	dense amplitude time= 0.02977275848388672
	total non-zero amplitudes= 4900
	nsamples per process= 50
	sample time= 1.2506179809570312
	self.n= 0.25903055875749736
	collect g,h time= 2.6003785133361816
E=-9.906893227278994,dE=-6.523364266541876e-07,std=0
L=-9.906893227278994,dL=-6.523364266541876e-07,std=0
	gnorm= 0.00014831972294285792
	symmetric= True
	solver time=0.01788496971130371,exit status=0
	SR solver time= 0.017938613891601562
	symmetric= False
	niter= 46
	niter= 303
	solver time=0.0930938720703125,exit status=0
	RGN solver time= 0.09314107894897461
	xnorm=6.175918096209071,dnorm=0.01777169686447722
	dense amplitude time= 0.017645835876464844
	total non-zero amplitudes= 4900
	nsamples per process= 50
	sample time= 0.25740933418273926
	self.n= 0.2592756669136169
	RGN updated loss=-9.906893865100423,dloss=-6.37821429450014e-07
step= 214

nparam= 1004
	dense amplitude time= 0.020924091339111328
	total non-zero amplitudes= 4900
	nsamples per process= 50
	sample time= 1.2491672039031982
	self.n= 0.2592756669136168
	collect g,h time= 2.5958149433135986
E=-9.906893865100422,dE=-6.378214276736571e-07,std=0
L=-9.906893865100422,dL=-6.378214276736571e-07,std=0
	gnorm= 0.00011162000324909603
	symmetric= True
	solver time=0.007972955703735352,exit status=0
	SR solver time= 0.008036375045776367
	symmetric= False
	niter= 44
	niter= 309
	solver time=0.08915138244628906,exit status=0
	RGN solver time= 0.08919572830200195
	xnorm=6.181616448076066,dnorm=0.017674028534242936
	dense amplitude time= 0.017743349075317383
	total non-zero amplitudes= 4900
	nsamples per process= 50
	sample time= 0.2684059143066406
	self.n= 0.2595394644755764
	RGN updated loss=-9.906894535135606,dloss=-6.700351846689045e-07
step= 215

nparam= 1004
	dense amplitude time= 0.023923158645629883
	total non-zero amplitudes= 4900
	nsamples per process= 50
	sample time= 1.2695984840393066
	self.n= 0.2595394644755764
	collect g,h time= 2.568244457244873
E=-9.906894535135608,dE=-6.700351864452614e-07,std=0
L=-9.906894535135608,dL=-6.700351864452614e-07,std=0
	gnorm= 0.0001124526726239709
	symmetric= True
	niter= 44
	solver time=0.029374361038208008,exit status=0
	SR solver time= 0.029432058334350586
	symmetric= False
	niter= 311
	solver time=0.08489465713500977,exit status=0
	RGN solver time= 0.08493638038635254
	xnorm=6.187260822759669,dnorm=0.017597591841844073
	dense amplitude time= 0.01467132568359375
	total non-zero amplitudes= 4900
	nsamples per process= 50
	sample time= 0.2711923122406006
	self.n= 0.25983520354592093
	RGN updated loss=-9.906895150943964,dloss=-6.158083554197447e-07
step= 216

nparam= 1004
	dense amplitude time= 0.021174192428588867
	total non-zero amplitudes= 4900
	nsamples per process= 50
	sample time= 1.2714667320251465
	self.n= 0.2598352035459207
	collect g,h time= 2.5877251625061035
E=-9.906895150943964,dE=-6.158083554197447e-07,std=0
L=-9.906895150943964,dL=-6.158083554197447e-07,std=0
	gnorm= 0.0001133527991249145
	symmetric= True
	solver time=0.009781360626220703,exit status=0
	SR solver time= 0.009825468063354492
	symmetric= False
	niter= 44
	niter= 312
	solver time=0.10051155090332031,exit status=0
	RGN solver time= 0.10055828094482422
	xnorm=6.192975977390997,dnorm=0.017504199339659424
	dense amplitude time= 0.0160067081451416
	total non-zero amplitudes= 4900
	nsamples per process= 50
	sample time= 0.2700507640838623
	self.n= 0.2601019191733107
	RGN updated loss=-9.906895789254138,dloss=-6.383101744944497e-07
step= 217

nparam= 1004
	dense amplitude time= 0.024775028228759766
	total non-zero amplitudes= 4900
	nsamples per process= 50
	sample time= 1.297626256942749
	self.n= 0.26010191917331016
	collect g,h time= 2.6191186904907227
E=-9.906895789254138,dE=-6.383101744944497e-07,std=0
L=-9.906895789254138,dL=-6.383101744944497e-07,std=0
	gnorm= 0.0001024778440616673
	symmetric= True
	solver time=0.01923990249633789,exit status=0
	SR solver time= 0.019284725189208984
	symmetric= False
	niter= 43
	niter= 310
	solver time=0.08666634559631348,exit status=0
	RGN solver time= 0.0867159366607666
	xnorm=6.198613857792219,dnorm=0.017369186161291156
	dense amplitude time= 0.014950752258300781
	total non-zero amplitudes= 4900
	nsamples per process= 50
	sample time= 0.27536845207214355
	self.n= 0.2603462677662165
	RGN updated loss=-9.906896415087806,dloss=-6.25833667555753e-07
step= 218

nparam= 1004
	dense amplitude time= 0.018963336944580078
	total non-zero amplitudes= 4900
	nsamples per process= 50
	sample time= 1.281736135482788
	self.n= 0.26034626776621667
	collect g,h time= 2.651794195175171
E=-9.90689641508781,dE=-6.258336711084667e-07,std=0
L=-9.90689641508781,dL=-6.258336711084667e-07,std=0
	gnorm= 0.00010041193345563126
	symmetric= True
	solver time=0.007518768310546875,exit status=0
	SR solver time= 0.007573843002319336
	symmetric= False
	niter= 44
	niter= 312
	solver time=0.09235286712646484,exit status=0
	RGN solver time= 0.09240269660949707
	xnorm=6.2042121109968384,dnorm=0.017330838854591482
	dense amplitude time= 0.019362926483154297
	total non-zero amplitudes= 4900
	nsamples per process= 50
	sample time= 0.2623260021209717
	self.n= 0.26063485072382053
	RGN updated loss=-9.906897021117707,dloss=-6.060298982646373e-07
step= 219

nparam= 1004
	dense amplitude time= 0.018155336380004883
	total non-zero amplitudes= 4900
	nsamples per process= 50
	sample time= 1.262812852859497
	self.n= 0.2606348507238204
	collect g,h time= 2.670001983642578
E=-9.906897021117707,dE=-6.060298982646373e-07,std=0
L=-9.906897021117707,dL=-6.060298982646373e-07,std=0
	gnorm= 7.527010888854406e-05
	symmetric= True
	solver time=0.007318019866943359,exit status=0
	SR solver time= 0.0074005126953125
	symmetric= False
	niter= 41
	niter= 316
	solver time=0.0909266471862793,exit status=0
	RGN solver time= 0.09096932411193848
	xnorm=6.209867374640357,dnorm=0.017273478267133987
	dense amplitude time= 0.015457630157470703
	total non-zero amplitudes= 4900
	nsamples per process= 50
	sample time= 0.2663261890411377
	self.n= 0.2608851403520224
	RGN updated loss=-9.906897653587459,dloss=-6.324697512383182e-07
step= 220

nparam= 1004
	dense amplitude time= 0.022597789764404297
	total non-zero amplitudes= 4900
	nsamples per process= 50
	sample time= 1.2415924072265625
	self.n= 0.26088514035202215
	collect g,h time= 2.668152332305908
E=-9.906897653587457,dE=-6.324697494619613e-07,std=0
L=-9.906897653587457,dL=-6.324697494619613e-07,std=0
	gnorm= 0.00027663379959568673
	symmetric= True
	solver time=0.0200498104095459,exit status=0
	SR solver time= 0.020102262496948242
	symmetric= False
	niter= 45
	niter= 281
	solver time=0.10388040542602539,exit status=0
	RGN solver time= 0.10392451286315918
	xnorm=6.215405511563406,dnorm=0.017395324729297237
	dense amplitude time= 0.017873287200927734
	total non-zero amplitudes= 4900
	nsamples per process= 50
	sample time= 0.27089929580688477
	self.n= 0.2612577797237927
	RGN updated loss=-9.90689817166723,dloss=-5.180797728598918e-07
step= 221

nparam= 1004
	dense amplitude time= 0.016597270965576172
	total non-zero amplitudes= 4900
	nsamples per process= 50
	sample time= 1.2429239749908447
	self.n= 0.2612577797237924
	collect g,h time= 2.6740126609802246
E=-9.90689817166723,dE=-5.180797728598918e-07,std=0
L=-9.90689817166723,dL=-5.180797728598918e-07,std=0
	gnorm= 0.00014281618903197536
	symmetric= True
	solver time=0.007131099700927734,exit status=0
	SR solver time= 0.007181882858276367
	symmetric= False
	niter= 45
	niter= 310
	solver time=0.09660649299621582,exit status=0
	RGN solver time= 0.09665751457214355
	xnorm=6.221026974994435,dnorm=0.017190471160147054
	dense amplitude time= 0.03827023506164551
	total non-zero amplitudes= 4900
	nsamples per process= 50
	sample time= 0.25356006622314453
	self.n= 0.2614607511181569
	RGN updated loss=-9.9068988530479,dloss=-6.813806709971004e-07
step= 222

nparam= 1004
	dense amplitude time= 0.031963348388671875
	total non-zero amplitudes= 4900
	nsamples per process= 50
	sample time= 1.2099049091339111
	self.n= 0.2614607511181568
	collect g,h time= 2.6810662746429443
E=-9.9068988530479,dE=-6.813806709971004e-07,std=0
L=-9.9068988530479,dL=-6.813806709971004e-07,std=0
	gnorm= 0.00012223143781539772
	symmetric= True
	solver time=0.0075359344482421875,exit status=0
	SR solver time= 0.007581472396850586
	symmetric= False
	niter= 44
	niter= 303
	solver time=0.08235764503479004,exit status=0
	RGN solver time= 0.08240365982055664
	xnorm=6.226551258207967,dnorm=0.01699912968551365
	dense amplitude time= 0.0180203914642334
	total non-zero amplitudes= 4900
	nsamples per process= 50
	sample time= 0.27819299697875977
	self.n= 0.2617290106292146
	RGN updated loss=-9.906899421388655,dloss=-5.683407540146845e-07
step= 223

nparam= 1004
	dense amplitude time= 0.023270845413208008
	total non-zero amplitudes= 4900
	nsamples per process= 50
	sample time= 1.275505542755127
	self.n= 0.2617290106292144
	collect g,h time= 2.6856236457824707
E=-9.906899421388653,dE=-5.683407522383277e-07,std=0
L=-9.906899421388653,dL=-5.683407522383277e-07,std=0
	gnorm= 8.923342177543292e-05
	symmetric= True
	solver time=0.007165193557739258,exit status=0
	SR solver time= 0.0072100162506103516
	symmetric= False
	niter= 42
	niter= 312
	solver time=0.10900187492370605,exit status=0
	RGN solver time= 0.10905122756958008
	xnorm=6.232116683891012,dnorm=0.016927617377382426
	dense amplitude time= 0.015188932418823242
	total non-zero amplitudes= 4900
	nsamples per process= 50
	sample time= 0.2676675319671631
	self.n= 0.26196581198294855
	RGN updated loss=-9.906900032633025,dloss=-6.112443724504146e-07
step= 224

nparam= 1004
	dense amplitude time= 0.024489164352416992
	total non-zero amplitudes= 4900
	nsamples per process= 50
	sample time= 1.2150719165802002
	self.n= 0.2619658119829483
	collect g,h time= 2.669525384902954
E=-9.906900032633024,dE=-6.112443706740578e-07,std=0
L=-9.906900032633024,dL=-6.112443706740578e-07,std=0
	gnorm= 0.0001259097708094809
	symmetric= True
	solver time=0.01800680160522461,exit status=0
	SR solver time= 0.018054723739624023
	symmetric= False
	niter= 44
	niter= 299
	solver time=0.09638237953186035,exit status=0
	RGN solver time= 0.09643149375915527
	xnorm=6.237577198387617,dnorm=0.016804848435037066
	dense amplitude time= 0.01596856117248535
	total non-zero amplitudes= 4900
	nsamples per process= 50
	sample time= 0.2568695545196533
	self.n= 0.26222538763858977
	RGN updated loss=-9.906900588042527,dloss=-5.55409503277815e-07
step= 225

nparam= 1004
	dense amplitude time= 0.018955469131469727
	total non-zero amplitudes= 4900
	nsamples per process= 50
	sample time= 1.2352383136749268
	self.n= 0.2622253876385896
	collect g,h time= 2.6730732917785645
E=-9.906900588042525,dE=-5.554095015014582e-07,std=0
L=-9.906900588042525,dL=-5.554095015014582e-07,std=0
	gnorm= 0.00010079176389672286
	symmetric= True
	solver time=0.029251813888549805,exit status=0
	SR solver time= 0.02930426597595215
	symmetric= False
	niter= 43
	niter= 312
	solver time=0.08266258239746094,exit status=0
	RGN solver time= 0.08270549774169922
	xnorm=6.243119559757191,dnorm=0.016763438963640263
	dense amplitude time= 0.015065431594848633
	total non-zero amplitudes= 4900
	nsamples per process= 50
	sample time= 0.27127814292907715
	self.n= 0.2624567165410353
	RGN updated loss=-9.906901185321976,dloss=-5.972794507869139e-07
step= 226

nparam= 1004
	dense amplitude time= 0.016937971115112305
	total non-zero amplitudes= 4900
	nsamples per process= 50
	sample time= 1.285264015197754
	self.n= 0.2624567165410351
	collect g,h time= 2.6541073322296143
E=-9.906901185321974,dE=-5.972794490105571e-07,std=0
L=-9.906901185321974,dL=-5.972794490105571e-07,std=0
	gnorm= 9.2139286357594e-05
	symmetric= True
	solver time=0.006755352020263672,exit status=0
	SR solver time= 0.006804943084716797
	symmetric= False
	niter= 42
	niter= 312
	solver time=0.0856473445892334,exit status=0
	RGN solver time= 0.08569622039794922
	xnorm=6.2485683237881435,dnorm=0.016699117380504197
	dense amplitude time= 0.01687169075012207
	total non-zero amplitudes= 4900
	nsamples per process= 50
	sample time= 0.2695882320404053
	self.n= 0.26262222779094696
	RGN updated loss=-9.906901760657554,dloss=-5.75335580066394e-07
step= 227

nparam= 1004
	dense amplitude time= 0.02532029151916504
	total non-zero amplitudes= 4900
	nsamples per process= 50
	sample time= 1.256056785583496
	self.n= 0.2626222277909468
	collect g,h time= 2.671654224395752
E=-9.906901760657554,dE=-5.75335580066394e-07,std=0
L=-9.906901760657554,dL=-5.75335580066394e-07,std=0
	gnorm= 7.819087133989818e-05
	symmetric= True
	solver time=0.007106781005859375,exit status=0
	SR solver time= 0.007147073745727539
	symmetric= False
	niter= 41
	niter= 312
	solver time=0.08664965629577637,exit status=0
	RGN solver time= 0.08669090270996094
	xnorm=6.254080513562978,dnorm=0.016653936205311578
	dense amplitude time= 0.018044233322143555
	total non-zero amplitudes= 4900
	nsamples per process= 50
	sample time= 0.2658262252807617
	self.n= 0.2628235657253345
	RGN updated loss=-9.906902336679943,dloss=-5.760223888984228e-07
step= 228

nparam= 1004
	dense amplitude time= 0.023010969161987305
	total non-zero amplitudes= 4900
	nsamples per process= 50
	sample time= 1.247635841369629
	self.n= 0.2628235657253347
	collect g,h time= 2.6735451221466064
E=-9.906902336679943,dE=-5.760223888984228e-07,std=0
L=-9.906902336679943,dL=-5.760223888984228e-07,std=0
	gnorm= 8.441524684681489e-05
	symmetric= True
	solver time=0.007082939147949219,exit status=0
	SR solver time= 0.007123708724975586
	symmetric= False
	niter= 42
	niter= 312
	solver time=0.09501838684082031,exit status=0
	RGN solver time= 0.0950629711151123
	xnorm=6.259595457226045,dnorm=0.016574999889846058
	dense amplitude time= 0.016260862350463867
	total non-zero amplitudes= 4900
	nsamples per process= 50
	sample time= 0.26845574378967285
	self.n= 0.26302324319029824
	RGN updated loss=-9.906902900959988,dloss=-5.642800449123797e-07
step= 229

nparam= 1004
	dense amplitude time= 0.01663041114807129
	total non-zero amplitudes= 4900
	nsamples per process= 50
	sample time= 1.2797815799713135
	self.n= 0.2630232431902979
	collect g,h time= 2.6906652450561523
E=-9.906902900959988,dE=-5.642800449123797e-07,std=0
L=-9.906902900959988,dL=-5.642800449123797e-07,std=0
	gnorm= 7.742984631558889e-05
	symmetric= True
	niter= 41
	solver time=0.0217742919921875,exit status=0
	SR solver time= 0.02183842658996582
	symmetric= False
	niter= 312
	solver time=0.08685088157653809,exit status=0
	RGN solver time= 0.0868995189666748
	xnorm=6.265095231742932,dnorm=0.0164988528068472
	dense amplitude time= 0.045143842697143555
	total non-zero amplitudes= 4900
	nsamples per process= 50
	sample time= 0.2712748050689697
	self.n= 0.26324073808291915
	RGN updated loss=-9.90690346487712,dloss=-5.639171316573766e-07
step= 230

nparam= 1004
	dense amplitude time= 0.01788926124572754
	total non-zero amplitudes= 4900
	nsamples per process= 50
	sample time= 1.288865327835083
	self.n= 0.2632407380829195
	collect g,h time= 2.7846484184265137
E=-9.906903464877121,dE=-5.639171334337334e-07,std=0
L=-9.906903464877121,dL=-5.639171334337334e-07,std=0
	gnorm= 7.015338423034663e-05
	symmetric= True
	solver time=0.00760960578918457,exit status=0
	SR solver time= 0.007653236389160156
	symmetric= False
	niter= 41
	niter= 312
	solver time=0.11438751220703125,exit status=0
	RGN solver time= 0.11443161964416504
	xnorm=6.2705587107319305,dnorm=0.016432245404078824
	dense amplitude time= 0.017160654067993164
	total non-zero amplitudes= 4900
	nsamples per process= 50
	sample time= 0.2719416618347168
	self.n= 0.26344318607000783
	RGN updated loss=-9.906904021160036,dloss=-5.562829148431092e-07
step= 231

nparam= 1004
	dense amplitude time= 0.040552616119384766
	total non-zero amplitudes= 4900
	nsamples per process= 50
	sample time= 1.2549965381622314
	self.n= 0.26344318607000816
	collect g,h time= 2.6785740852355957
E=-9.906904021160036,dE=-5.562829148431092e-07,std=0
L=-9.906904021160036,dL=-5.562829148431092e-07,std=0
	gnorm= 4.5068134098389236e-05
	symmetric= True
	solver time=0.0055692195892333984,exit status=0
	SR solver time= 0.0056171417236328125
	symmetric= False
	niter= 37
	niter= 338
	solver time=0.08750605583190918,exit status=0
	RGN solver time= 0.08757448196411133
	xnorm=6.276065173157106,dnorm=0.016331715450646943
	dense amplitude time= 0.016588211059570312
	total non-zero amplitudes= 4900
	nsamples per process= 50
	sample time= 0.2595350742340088
	self.n= 0.26364643248833813
	RGN updated loss=-9.90690457471603,dloss=-5.535559939318091e-07
step= 232

nparam= 1004
	dense amplitude time= 0.02787470817565918
	total non-zero amplitudes= 4900
	nsamples per process= 50
	sample time= 1.2224249839782715
	self.n= 0.26364643248833824
	collect g,h time= 2.6714394092559814
E=-9.90690457471603,dE=-5.535559939318091e-07,std=0
L=-9.90690457471603,dL=-5.535559939318091e-07,std=0
	gnorm= 5.379016795030495e-05
	symmetric= True
	solver time=0.006906270980834961,exit status=0
	SR solver time= 0.006950855255126953
	symmetric= False
	niter= 37
	niter= 327
	solver time=0.08678412437438965,exit status=0
	RGN solver time= 0.08682417869567871
	xnorm=6.281515717192337,dnorm=0.01629306085610998
	dense amplitude time= 0.017345905303955078
	total non-zero amplitudes= 4900
	nsamples per process= 50
	sample time= 0.26677894592285156
	self.n= 0.2638451263477215
	RGN updated loss=-9.906905120794963,dloss=-5.460789331834803e-07
step= 233

nparam= 1004
	dense amplitude time= 0.017476797103881836
	total non-zero amplitudes= 4900
	nsamples per process= 50
	sample time= 1.2831523418426514
	self.n= 0.26384512634772145
	collect g,h time= 2.6717865467071533
E=-9.906905120794963,dE=-5.460789331834803e-07,std=0
L=-9.906905120794963,dL=-5.460789331834803e-07,std=0
	gnorm= 5.999888515944257e-05
	symmetric= True
	solver time=0.023907184600830078,exit status=0
	SR solver time= 0.023969411849975586
	symmetric= False
	niter= 41
	niter= 316
	solver time=0.08618879318237305,exit status=0
	RGN solver time= 0.08624482154846191
	xnorm=6.286954356518692,dnorm=0.016218974716153405
	dense amplitude time= 0.015461444854736328
	total non-zero amplitudes= 4900
	nsamples per process= 50
	sample time= 0.2776176929473877
	self.n= 0.2640432989814042
	RGN updated loss=-9.906905660637399,dloss=-5.398424356428677e-07
step= 234

nparam= 1004
	dense amplitude time= 0.01628708839416504
	total non-zero amplitudes= 4900
	nsamples per process= 50
	sample time= 1.2765913009643555
	self.n= 0.2640432989814045
	collect g,h time= 2.657397508621216
E=-9.906905660637397,dE=-5.398424338665109e-07,std=0
L=-9.906905660637397,dL=-5.398424338665109e-07,std=0
	gnorm= 3.835292304590948e-05
	symmetric= True
	solver time=0.005623340606689453,exit status=0
	SR solver time= 0.005667448043823242
	symmetric= False
	niter= 36
	niter= 343
	solver time=0.10205793380737305,exit status=0
	RGN solver time= 0.10212230682373047
	xnorm=6.292404137111837,dnorm=0.016129351747517232
	dense amplitude time= 0.017420291900634766
	total non-zero amplitudes= 4900
	nsamples per process= 50
	sample time= 0.26722121238708496
	self.n= 0.26424346098017415
	RGN updated loss=-9.906906199421309,dloss=-5.387839117076965e-07
step= 235

nparam= 1004
	dense amplitude time= 0.019892454147338867
	total non-zero amplitudes= 4900
	nsamples per process= 50
	sample time= 1.2610626220703125
	self.n= 0.26424346098017437
	collect g,h time= 2.7118148803710938
E=-9.90690619942131,dE=-5.387839134840533e-07,std=0
L=-9.90690619942131,dL=-5.387839134840533e-07,std=0
	gnorm= 2.7057478567725333e-05
	symmetric= True
	solver time=0.021243572235107422,exit status=0
	SR solver time= 0.021292686462402344
	symmetric= False
	niter= 31
	niter= 343
	solver time=0.10854148864746094,exit status=0
	RGN solver time= 0.10858941078186035
	xnorm=6.297813770033023,dnorm=0.01606848549526593
	dense amplitude time= 0.019439220428466797
	total non-zero amplitudes= 4900
	nsamples per process= 50
	sample time= 0.2622530460357666
	self.n= 0.2644374428427938
	RGN updated loss=-9.906906733698268,dloss=-5.342769568983385e-07
step= 236

nparam= 1004
	dense amplitude time= 0.029860734939575195
	total non-zero amplitudes= 4900
	nsamples per process= 50
	sample time= 1.2471415996551514
	self.n= 0.2644374428427939
	collect g,h time= 2.709820508956909
E=-9.906906733698268,dE=-5.342769568983385e-07,std=0
L=-9.906906733698268,dL=-5.342769568983385e-07,std=0
	gnorm= 0.00025427276715789276
	symmetric= True
	niter= 47
	solver time=0.018448591232299805,exit status=0
	SR solver time= 0.01850724220275879
	symmetric= False
	niter= 272
	solver time=0.0747063159942627,exit status=0
	RGN solver time= 0.0747523307800293
	xnorm=6.303207673372472,dnorm=0.01601635139594923
	dense amplitude time= 0.01575779914855957
	total non-zero amplitudes= 4900
	nsamples per process= 50
	sample time= 0.27525830268859863
	self.n= 0.26465311942444625
	RGN updated loss=-9.906907238523315,dloss=-5.048250475425675e-07
step= 237

nparam= 1004
	dense amplitude time= 0.02541041374206543
	total non-zero amplitudes= 4900
	nsamples per process= 50
	sample time= 1.2816662788391113
	self.n= 0.26465311942444625
	collect g,h time= 2.6946375370025635
E=-9.906907238523319,dE=-5.048250510952812e-07,std=0
L=-9.906907238523319,dL=-5.048250510952812e-07,std=0
	gnorm= 9.826513929977582e-05
	symmetric= True
	solver time=0.006999969482421875,exit status=0
	SR solver time= 0.007042884826660156
	symmetric= False
	niter= 42
	niter= 301
	solver time=0.08951997756958008,exit status=0
	RGN solver time= 0.08956575393676758
	xnorm=6.308669692098707,dnorm=0.015934194070276634
	dense amplitude time= 0.017770051956176758
	total non-zero amplitudes= 4900
	nsamples per process= 50
	sample time= 0.27127766609191895
	self.n= 0.2648423887081861
	RGN updated loss=-9.906907780910693,dloss=-5.423873741250418e-07
step= 238

nparam= 1004
	dense amplitude time= 0.019031047821044922
	total non-zero amplitudes= 4900
	nsamples per process= 50
	sample time= 1.2752254009246826
	self.n= 0.26484238870818627
	collect g,h time= 2.679713726043701
E=-9.906907780910695,dE=-5.423873759013986e-07,std=0
L=-9.906907780910695,dL=-5.423873759013986e-07,std=0
	gnorm= 4.2134691107869094e-05
	symmetric= True
	solver time=0.01463460922241211,exit status=0
	SR solver time= 0.014679193496704102
	symmetric= False
	niter= 37
	niter= 335
	solver time=0.08411359786987305,exit status=0
	RGN solver time= 0.08416366577148438
	xnorm=6.314012015986331,dnorm=0.01582897096131139
	dense amplitude time= 0.018256664276123047
	total non-zero amplitudes= 4900
	nsamples per process= 50
	sample time= 0.26961421966552734
	self.n= 0.265029963780135
	RGN updated loss=-9.906908296465165,dloss=-5.155544702262205e-07
step= 239

nparam= 1004
	dense amplitude time= 0.024997949600219727
	total non-zero amplitudes= 4900
	nsamples per process= 50
	sample time= 1.267547845840454
	self.n= 0.26502996378013477
	collect g,h time= 2.6890342235565186
E=-9.906908296465163,dE=-5.155544684498636e-07,std=0
L=-9.906908296465163,dL=-5.155544684498636e-07,std=0
	gnorm= 0.0002592557431375137
	symmetric= True
	solver time=0.007306575775146484,exit status=0
	SR solver time= 0.007357120513916016
	symmetric= False
	niter= 47
	niter= 274
	solver time=0.07405734062194824,exit status=0
	RGN solver time= 0.07410812377929688
	xnorm=6.3193483992899075,dnorm=0.01583586995563435
	dense amplitude time= 0.01561117172241211
	total non-zero amplitudes= 4900
	nsamples per process= 50
	sample time= 0.2665987014770508
	self.n= 0.26524947459150516
	RGN updated loss=-9.906908784955727,dloss=-4.88490563554933e-07
step= 240

nparam= 1004
	dense amplitude time= 0.01833653450012207
	total non-zero amplitudes= 4900
	nsamples per process= 50
	sample time= 1.286576509475708
	self.n= 0.26524947459150516
	collect g,h time= 2.6521289348602295
E=-9.906908784955727,dE=-4.88490563554933e-07,std=0
L=-9.906908784955727,dL=-4.88490563554933e-07,std=0
	gnorm= 0.00015273493916146227
	symmetric= True
	solver time=0.019590139389038086,exit status=0
	SR solver time= 0.01963949203491211
	symmetric= False
	niter= 46
	niter= 281
	solver time=0.07622575759887695,exit status=0
	RGN solver time= 0.07627677917480469
	xnorm=6.324730737718054,dnorm=0.015762704002723324
	dense amplitude time= 0.01639556884765625
	total non-zero amplitudes= 4900
	nsamples per process= 50
	sample time= 0.2788205146789551
	self.n= 0.26544234354811314
	RGN updated loss=-9.906909312141757,dloss=-5.271860299416176e-07
step= 241

nparam= 1004
	dense amplitude time= 0.03375506401062012
	total non-zero amplitudes= 4900
	nsamples per process= 50
	sample time= 1.3089876174926758
	self.n= 0.26544234354811325
	collect g,h time= 2.661391258239746
E=-9.906909312141757,dE=-5.271860299416176e-07,std=0
L=-9.906909312141757,dL=-5.271860299416176e-07,std=0
	gnorm= 8.750619741224021e-05
	symmetric= True
	solver time=0.008617877960205078,exit status=0
	SR solver time= 0.008667707443237305
	symmetric= False
	niter= 43
	niter= 312
	solver time=0.09601140022277832,exit status=0
	RGN solver time= 0.09606409072875977
	xnorm=6.330060028235942,dnorm=0.01567269296083342
	dense amplitude time= 0.01690673828125
	total non-zero amplitudes= 4900
	nsamples per process= 50
	sample time= 0.26813697814941406
	self.n= 0.265629801639356
	RGN updated loss=-9.906909813458952,dloss=-5.013171957557461e-07
step= 242

nparam= 1004
	dense amplitude time= 0.03971076011657715
	total non-zero amplitudes= 4900
	nsamples per process= 50
	sample time= 1.2609243392944336
	self.n= 0.2656298016393559
	collect g,h time= 2.5913538932800293
E=-9.906909813458952,dE=-5.013171957557461e-07,std=0
L=-9.906909813458952,dL=-5.013171957557461e-07,std=0
	gnorm= 0.0002613666669428184
	symmetric= True
	solver time=0.00774383544921875,exit status=0
	SR solver time= 0.007814168930053711
	symmetric= False
	niter= 47
	niter= 271
	solver time=0.07333612442016602,exit status=0
	RGN solver time= 0.07339859008789062
	xnorm=6.335355710706997,dnorm=0.015635063349419928
	dense amplitude time= 0.016575336456298828
	total non-zero amplitudes= 4900
	nsamples per process= 50
	sample time= 0.2735288143157959
	self.n= 0.26580477726639445
	RGN updated loss=-9.906910303011642,dloss=-4.895526899417746e-07
step= 243

nparam= 1004
	dense amplitude time= 0.022183895111083984
	total non-zero amplitudes= 4900
	nsamples per process= 50
	sample time= 1.2877118587493896
	self.n= 0.26580477726639457
	collect g,h time= 2.6426761150360107
E=-9.906910303011644,dE=-4.895526917181314e-07,std=0
L=-9.906910303011644,dL=-4.895526917181314e-07,std=0
	gnorm= 0.00012075949365832694
	symmetric= True
	solver time=0.007311105728149414,exit status=0
	SR solver time= 0.007363319396972656
	symmetric= False
	niter= 44
	niter= 291
	solver time=0.10310077667236328,exit status=0
	RGN solver time= 0.10314297676086426
	xnorm=6.340687470092512,dnorm=0.015557260197958675
	dense amplitude time= 0.018404006958007812
	total non-zero amplitudes= 4900
	nsamples per process= 50
	sample time= 0.26798343658447266
	self.n= 0.26599018452009676
	RGN updated loss=-9.906910814398197,dloss=-5.113865526595873e-07
step= 244

nparam= 1004
	dense amplitude time= 0.016774654388427734
	total non-zero amplitudes= 4900
	nsamples per process= 50
	sample time= 1.2747881412506104
	self.n= 0.26599018452009654
	collect g,h time= 2.620408535003662
E=-9.906910814398197,dE=-5.113865526595873e-07,std=0
L=-9.906910814398197,dL=-5.113865526595873e-07,std=0
	gnorm= 6.808442076600803e-05
	symmetric= True
	solver time=0.014206409454345703,exit status=0
	SR solver time= 0.014264583587646484
	symmetric= False
	niter= 42
	niter= 312
	solver time=0.10065746307373047,exit status=0
	RGN solver time= 0.10070633888244629
	xnorm=6.345929890136515,dnorm=0.015502949445283888
	dense amplitude time= 0.027989864349365234
	total non-zero amplitudes= 4900
	nsamples per process= 50
	sample time= 0.27672314643859863
	self.n= 0.2661426175383756
	RGN updated loss=-9.906911311445079,dloss=-4.970468818754625e-07
step= 245

nparam= 1004
	dense amplitude time= 0.07984781265258789
	total non-zero amplitudes= 4900
	nsamples per process= 50
	sample time= 1.2739968299865723
	self.n= 0.26614261753837587
	collect g,h time= 2.7113587856292725
E=-9.906911311445079,dE=-4.970468818754625e-07,std=0
L=-9.906911311445079,dL=-4.970468818754625e-07,std=0
	gnorm= 0.000257044560916002
	symmetric= True
	solver time=0.008563756942749023,exit status=0
	SR solver time= 0.00863027572631836
	symmetric= False
	niter= 47
	niter= 268
	solver time=0.07903361320495605,exit status=0
	RGN solver time= 0.07907533645629883
	xnorm=6.351174750023842,dnorm=0.015426766291292183
	dense amplitude time= 0.026752710342407227
	total non-zero amplitudes= 4900
	nsamples per process= 50
	sample time= 0.2728095054626465
	self.n= 0.26630724096945824
	RGN updated loss=-9.906911781219865,dloss=-4.697747861825974e-07
step= 246

nparam= 1004
	dense amplitude time= 0.027829885482788086
	total non-zero amplitudes= 4900
	nsamples per process= 50
	sample time= 1.2958958148956299
	self.n= 0.2663072409694584
	collect g,h time= 2.58604097366333
E=-9.906911781219865,dE=-4.697747861825974e-07,std=0
L=-9.906911781219865,dL=-4.697747861825974e-07,std=0
	gnorm= 0.00010778662550570358
	symmetric= True
	solver time=0.009215116500854492,exit status=0
	SR solver time= 0.009262800216674805
	symmetric= False
	niter= 43
	niter= 289
	solver time=0.10441207885742188,exit status=0
	RGN solver time= 0.10446333885192871
	xnorm=6.356470131303895,dnorm=0.015379920726294315
	dense amplitude time= 0.016316652297973633
	total non-zero amplitudes= 4900
	nsamples per process= 50
	sample time= 0.27389025688171387
	self.n= 0.26648658733074365
	RGN updated loss=-9.906912287627538,dloss=-5.064076731287059e-07
step= 247

nparam= 1004
	dense amplitude time= 0.01817011833190918
	total non-zero amplitudes= 4900
	nsamples per process= 50
	sample time= 1.282677412033081
	self.n= 0.266486587330744
	collect g,h time= 2.6685383319854736
E=-9.906912287627538,dE=-5.064076731287059e-07,std=0
L=-9.906912287627538,dL=-5.064076731287059e-07,std=0
	gnorm= 0.0001034150680244589
	symmetric= True
	solver time=0.007874727249145508,exit status=0
	SR solver time= 0.00791788101196289
	symmetric= False
	niter= 43
	niter= 298
	solver time=0.10290169715881348,exit status=0
	RGN solver time= 0.10295248031616211
	xnorm=6.3616335435365805,dnorm=0.01531984511823268
	dense amplitude time= 0.01601552963256836
	total non-zero amplitudes= 4900
	nsamples per process= 50
	sample time= 0.2722024917602539
	self.n= 0.2666118505509952
	RGN updated loss=-9.906912762403694,dloss=-4.747761561674224e-07
step= 248

nparam= 1004
	dense amplitude time= 0.028702735900878906
	total non-zero amplitudes= 4900
	nsamples per process= 50
	sample time= 1.3084571361541748
	self.n= 0.26661185055099523
	collect g,h time= 2.599797010421753
E=-9.906912762403692,dE=-4.747761543910656e-07,std=0
L=-9.906912762403692,dL=-4.747761543910656e-07,std=0
	gnorm= 6.536403303791013e-05
	symmetric= True
	solver time=0.012700080871582031,exit status=0
	SR solver time= 0.012766361236572266
	niter= 41
	symmetric= False
	niter= 312
	solver time=0.10491490364074707,exit status=0
	RGN solver time= 0.10499429702758789
	xnorm=6.3668349019219415,dnorm=0.015243946703963283
	dense amplitude time= 0.015558481216430664
	total non-zero amplitudes= 4900
	nsamples per process= 50
	sample time= 0.26452159881591797
	self.n= 0.2667640537407773
	RGN updated loss=-9.906913248589344,dloss=-4.861856517379692e-07
step= 249

nparam= 1004
	dense amplitude time= 0.03176403045654297
	total non-zero amplitudes= 4900
	nsamples per process= 50
	sample time= 1.2711012363433838
	self.n= 0.26676405374077705
	collect g,h time= 2.629730463027954
E=-9.906913248589346,dE=-4.861856535143261e-07,std=0
L=-9.906913248589346,dL=-4.861856535143261e-07,std=0
	gnorm= 5.122050416712627e-05
	symmetric= True
	niter= 40
	solver time=0.017551183700561523,exit status=0
	SR solver time= 0.017617464065551758
	symmetric= False
	niter= 321
	solver time=0.09382510185241699,exit status=0
	RGN solver time= 0.0938715934753418
	xnorm=6.371986641256099,dnorm=0.01517843168124366
	dense amplitude time= 0.018284320831298828
	total non-zero amplitudes= 4900
	nsamples per process= 50
	sample time= 0.276747465133667
	self.n= 0.2669154826145922
	RGN updated loss=-9.906913718783217,dloss=-4.7019387139357605e-07
step= 250

nparam= 1004
	dense amplitude time= 0.03355121612548828
	total non-zero amplitudes= 4900
	nsamples per process= 50
	sample time= 1.2701401710510254
	self.n= 0.2669154826145922
	collect g,h time= 2.6228857040405273
E=-9.906913718783217,dE=-4.7019387139357605e-07,std=0
L=-9.906913718783217,dL=-4.7019387139357605e-07,std=0
	gnorm= 0.00010396382632976978
	symmetric= True
	niter= 44
	solver time=0.010771989822387695,exit status=0
	SR solver time= 0.010959863662719727
	symmetric= False
	niter= 298
	solver time=0.08007931709289551,exit status=0
	RGN solver time= 0.08013558387756348
	xnorm=6.377141622171726,dnorm=0.01512233369563117
	dense amplitude time= 0.03600144386291504
	total non-zero amplitudes= 4900
	nsamples per process= 50
	sample time= 0.26618242263793945
	self.n= 0.26705457022458967
	RGN updated loss=-9.90691418305022,dloss=-4.6426700350821193e-07
step= 251

nparam= 1004
	dense amplitude time= 0.0408940315246582
	total non-zero amplitudes= 4900
	nsamples per process= 50
	sample time= 1.2730281352996826
	self.n= 0.2670545702245901
	collect g,h time= 2.6349239349365234
E=-9.906914183050219,dE=-4.642670017318551e-07,std=0
L=-9.906914183050219,dL=-4.642670017318551e-07,std=0
	gnorm= 6.766225113224356e-05
	symmetric= True
	solver time=0.03448843955993652,exit status=0
	SR solver time= 0.03454470634460449
	symmetric= False
	niter= 40
	niter= 312
	solver time=0.1286623477935791,exit status=0
	RGN solver time= 0.12871241569519043
	xnorm=6.382288536375244,dnorm=0.015050213301327432
	dense amplitude time= 0.03130507469177246
	total non-zero amplitudes= 4900
	nsamples per process= 50
	sample time= 0.2751648426055908
	self.n= 0.2672038034760922
	RGN updated loss=-9.906914656311622,dloss=-4.7326140339976064e-07
step= 252

nparam= 1004
	dense amplitude time= 0.016944169998168945
	total non-zero amplitudes= 4900
	nsamples per process= 50
	sample time= 1.271346092224121
	self.n= 0.2672038034760921
	collect g,h time= 2.632044792175293
E=-9.906914656311622,dE=-4.7326140339976064e-07,std=0
L=-9.906914656311622,dL=-4.7326140339976064e-07,std=0
	gnorm= 2.3369565161785578e-05
	symmetric= True
	solver time=0.005715608596801758,exit status=0
	SR solver time= 0.00594329833984375
	symmetric= False
	niter= 29
	niter= 343
	solver time=0.11776065826416016,exit status=0
	RGN solver time= 0.11781191825866699
	xnorm=6.38738481028426,dnorm=0.014974014295507083
	dense amplitude time= 0.018119096755981445
	total non-zero amplitudes= 4900
	nsamples per process= 50
	sample time= 0.2655773162841797
	self.n= 0.26734777596683645
	RGN updated loss=-9.906915118430037,dloss=-4.6211841464582903e-07
step= 253

nparam= 1004
	dense amplitude time= 0.039160966873168945
	total non-zero amplitudes= 4900
	nsamples per process= 50
	sample time= 1.2684221267700195
	self.n= 0.26734777596683656
	collect g,h time= 2.648765802383423
E=-9.906915118430039,dE=-4.621184164221859e-07,std=0
L=-9.906915118430039,dL=-4.621184164221859e-07,std=0
	gnorm= 8.327741399267195e-05
	symmetric= True
	solver time=0.007677316665649414,exit status=0
	SR solver time= 0.00771641731262207
	symmetric= False
	niter= 41
	niter= 305
	solver time=0.08031058311462402,exit status=0
	RGN solver time= 0.08035087585449219
	xnorm=6.392474109087031,dnorm=0.0149200197043206
	dense amplitude time= 0.017529726028442383
	total non-zero amplitudes= 4900
	nsamples per process= 50
	sample time= 0.27035045623779297
	self.n= 0.26748268376970236
	RGN updated loss=-9.906915572781458,dloss=-4.543514187105302e-07
step= 254

nparam= 1004
	dense amplitude time= 0.03808784484863281
	total non-zero amplitudes= 4900
	nsamples per process= 50
	sample time= 1.2706539630889893
	self.n= 0.26748268376970236
	collect g,h time= 2.646242141723633
E=-9.906915572781458,dE=-4.543514187105302e-07,std=0
L=-9.906915572781458,dL=-4.543514187105302e-07,std=0
	gnorm= 5.132483446798387e-05
	symmetric= True
	solver time=0.006672859191894531,exit status=0
	SR solver time= 0.006718635559082031
	symmetric= False
	niter= 37
	solver time=0.08464789390563965,exit status=0
	RGN solver time= 0.0847318172454834
	xnorm=6.397556558882001,dnorm=0.014852296106292961
	niter= 315
	dense amplitude time= 0.017694473266601562
	total non-zero amplitudes= 4900
	nsamples per process= 50
	sample time= 0.2709493637084961
	self.n= 0.26762076793044914
	RGN updated loss=-9.90691603040844,dloss=-4.576269816425338e-07
step= 255

nparam= 1004
	dense amplitude time= 0.03056478500366211
	total non-zero amplitudes= 4900
	nsamples per process= 50
	sample time= 1.2969248294830322
	self.n= 0.2676207679304495
	collect g,h time= 2.6124114990234375
E=-9.906916030408441,dE=-4.5762698341889063e-07,std=0
L=-9.906916030408441,dL=-4.5762698341889063e-07,std=0
	gnorm= 6.084532533951537e-05
	symmetric= True
	solver time=0.007866144180297852,exit status=0
	SR solver time= 0.007910013198852539
	symmetric= False
	niter= 41
	niter= 312
	solver time=0.09316086769104004,exit status=0
	RGN solver time= 0.09321212768554688
	xnorm=6.402617675163067,dnorm=0.014815850384029841
	dense amplitude time= 0.02674555778503418
	total non-zero amplitudes= 4900
	nsamples per process= 50
	sample time= 0.26833176612854004
	self.n= 0.2677543958484305
	RGN updated loss=-9.906916476944284,dloss=-4.4653584296838744e-07
step= 256

nparam= 1004
	dense amplitude time= 0.029638051986694336
	total non-zero amplitudes= 4900
	nsamples per process= 50
	sample time= 1.2588255405426025
	self.n= 0.2677543958484305
	collect g,h time= 2.586883783340454
E=-9.906916476944284,dE=-4.4653584296838744e-07,std=0
L=-9.906916476944284,dL=-4.4653584296838744e-07,std=0
	gnorm= 8.895146138013842e-05
	symmetric= True
	solver time=0.02074575424194336,exit status=0
	SR solver time= 0.02079629898071289
	symmetric= False
	niter= 43
	niter= 301
	solver time=0.1335124969482422,exit status=0
	RGN solver time= 0.13355660438537598
	xnorm=6.407667777595646,dnorm=0.014749108535857003
	dense amplitude time= 0.017909526824951172
	total non-zero amplitudes= 4900
	nsamples per process= 50
	sample time= 0.26226377487182617
	self.n= 0.2678838276675629
	RGN updated loss=-9.906916924095952,dloss=-4.471516685811139e-07
step= 257

nparam= 1004
	dense amplitude time= 0.025923728942871094
	total non-zero amplitudes= 4900
	nsamples per process= 50
	sample time= 1.220350742340088
	self.n= 0.267883827667563
	collect g,h time= 2.646696090698242
E=-9.90691692409595,dE=-4.4715166680475704e-07,std=0
L=-9.90691692409595,dL=-4.4715166680475704e-07,std=0
	gnorm= 6.416962505609095e-05
	symmetric= True
	solver time=0.006819009780883789,exit status=0
	SR solver time= 0.006863832473754883
	symmetric= False
	niter= 41
	niter= 312
	solver time=0.0868685245513916,exit status=0
	RGN solver time= 0.0869150161743164
	xnorm=6.412700294106725,dnorm=0.014683388964035555
	dense amplitude time= 0.034340620040893555
	total non-zero amplitudes= 4900
	nsamples per process= 50
	sample time= 0.2667510509490967
	self.n= 0.2680127249729246
	RGN updated loss=-9.90691736958387,dloss=-4.454879185544769e-07
step= 258

nparam= 1004
	dense amplitude time= 0.03925681114196777
	total non-zero amplitudes= 4900
	nsamples per process= 50
	sample time= 1.2714319229125977
	self.n= 0.2680127249729245
	collect g,h time= 2.599792718887329
E=-9.906917369583873,dE=-4.4548792210719057e-07,std=0
L=-9.906917369583873,dL=-4.4548792210719057e-07,std=0
	gnorm= 0.00012435427069718642
	symmetric= True
	solver time=0.018438339233398438,exit status=0
	SR solver time= 0.01848602294921875
	symmetric= False
	niter= 44
	niter= 284
	solver time=0.08010649681091309,exit status=0
	RGN solver time= 0.08015179634094238
	xnorm=6.417702298188377,dnorm=0.014636288495256878
	dense amplitude time= 0.017663002014160156
	total non-zero amplitudes= 4900
	nsamples per process= 50
	sample time= 0.27060651779174805
	self.n= 0.26813965950612917
	RGN updated loss=-9.906917805807467,dloss=-4.3622359413575396e-07
step= 259

nparam= 1004
	dense amplitude time= 0.0167849063873291
	total non-zero amplitudes= 4900
	nsamples per process= 50
	sample time= 1.24302339553833
	self.n= 0.26813965950612934
	collect g,h time= 2.6604864597320557
E=-9.906917805807467,dE=-4.3622359413575396e-07,std=0
L=-9.906917805807467,dL=-4.3622359413575396e-07,std=0
	gnorm= 8.588464990079993e-05
	symmetric= True
	solver time=0.006646156311035156,exit status=0
	SR solver time= 0.006692647933959961
	symmetric= False
	niter= 43
	niter= 303
	solver time=0.08871626853942871,exit status=0
	RGN solver time= 0.08875894546508789
	xnorm=6.422714890144272,dnorm=0.014581349373178077
	dense amplitude time= 0.017505884170532227
	total non-zero amplitudes= 4900
	nsamples per process= 50
	sample time= 0.25472283363342285
	self.n= 0.2682562556663276
	RGN updated loss=-9.906918244915962,dloss=-4.3910849534256613e-07
step= 260

nparam= 1004
	dense amplitude time= 0.02796006202697754
	total non-zero amplitudes= 4900
	nsamples per process= 50
	sample time= 1.2487404346466064
	self.n= 0.2682562556663275
	collect g,h time= 2.6449904441833496
E=-9.906918244915962,dE=-4.3910849534256613e-07,std=0
L=-9.906918244915962,dL=-4.3910849534256613e-07,std=0
	gnorm= 0.00012542421711934947
	symmetric= True
	niter= 44
	solver time=0.007425546646118164,exit status=0
	SR solver time= 0.007468223571777344
	symmetric= False
	niter= 281
	solver time=0.07610273361206055,exit status=0
	RGN solver time= 0.07613921165466309
	xnorm=6.427696221286171,dnorm=0.014526458642800074
	dense amplitude time= 0.01814103126525879
	total non-zero amplitudes= 4900
	nsamples per process= 50
	sample time= 0.2675642967224121
	self.n= 0.2683775138633665
	RGN updated loss=-9.906918673042421,dloss=-4.281264587291389e-07
step= 261

nparam= 1004
	dense amplitude time= 0.061179399490356445
	total non-zero amplitudes= 4900
	nsamples per process= 50
	sample time= 1.2484042644500732
	self.n= 0.26837751386336683
	collect g,h time= 2.65093994140625
E=-9.906918673042423,dE=-4.2812646050549574e-07,std=0
L=-9.906918673042423,dL=-4.2812646050549574e-07,std=0
	gnorm= 7.5421031147442e-05
	symmetric= True
	solver time=0.01600790023803711,exit status=0
	SR solver time= 0.016056537628173828
	symmetric= False
	niter= 41
	niter= 309
	solver time=0.07903122901916504,exit status=0
	RGN solver time= 0.07907652854919434
	xnorm=6.432656368680605,dnorm=0.014459567124850218
	dense amplitude time= 0.016114473342895508
	total non-zero amplitudes= 4900
	nsamples per process= 50
	sample time= 0.267498254776001
	self.n= 0.2684892777979364
	RGN updated loss=-9.906919112067612,dloss=-4.390251895358688e-07
step= 262

nparam= 1004
	dense amplitude time= 0.02102351188659668
	total non-zero amplitudes= 4900
	nsamples per process= 50
	sample time= 1.2740907669067383
	self.n= 0.2684892777979362
	collect g,h time= 2.622358798980713
E=-9.90691911206761,dE=-4.3902518775951194e-07,std=0
L=-9.90691911206761,dL=-4.3902518775951194e-07,std=0
	gnorm= 8.186984014921796e-05
	symmetric= True
	solver time=0.0065228939056396484,exit status=0
	SR solver time= 0.006567716598510742
	symmetric= False
	niter= 42
	niter= 307
	solver time=0.08192324638366699,exit status=0
	RGN solver time= 0.08196640014648438
	xnorm=6.437563713573875,dnorm=0.014411747809003016
	dense amplitude time= 0.017304658889770508
	total non-zero amplitudes= 4900
	nsamples per process= 50
	sample time= 0.27761006355285645
	self.n= 0.2685997370990627
	RGN updated loss=-9.906919534233653,dloss=-4.2216604256850587e-07
step= 263

nparam= 1004
	dense amplitude time= 0.03241705894470215
	total non-zero amplitudes= 4900
	nsamples per process= 50
	sample time= 1.3037796020507812
	self.n= 0.2685997370990628
	collect g,h time= 2.6174850463867188
E=-9.906919534233651,dE=-4.2216604079214903e-07,std=0
L=-9.906919534233651,dL=-4.2216604079214903e-07,std=0
	gnorm= 0.0005586162877035797
	symmetric= True
	solver time=0.01795363426208496,exit status=0
	SR solver time= 0.01801443099975586
	symmetric= False
	niter= 49
	niter= 234
	solver time=0.06571555137634277,exit status=0
	RGN solver time= 0.06576085090637207
	xnorm=6.4425057315148795,dnorm=0.014327222837301342
	dense amplitude time= 0.02546548843383789
	total non-zero amplitudes= 4900
	nsamples per process= 50
	sample time= 0.26610636711120605
	self.n= 0.2687214566196192
	RGN updated loss=-9.9069199378259,dloss=-4.035922493983435e-07
step= 264

nparam= 1004
	dense amplitude time= 0.03100895881652832
	total non-zero amplitudes= 4900
	nsamples per process= 50
	sample time= 1.2479898929595947
	self.n= 0.2687214566196193
	collect g,h time= 2.634036064147949
E=-9.9069199378259,dE=-4.035922493983435e-07,std=0
L=-9.9069199378259,dL=-4.035922493983435e-07,std=0
	gnorm= 0.00023736718520030783
	symmetric= True
	solver time=0.007180213928222656,exit status=0
	SR solver time= 0.0072171688079833984
	symmetric= False
	niter= 47
	niter= 265
	solver time=0.08026814460754395,exit status=0
	RGN solver time= 0.0803079605102539
	xnorm=6.447411167895105,dnorm=0.014304492441624638
	dense amplitude time= 0.01802206039428711
	total non-zero amplitudes= 4900
	nsamples per process= 50
	sample time= 0.2674276828765869
	self.n= 0.26883032844158394
	RGN updated loss=-9.90692036915204,dloss=-4.31326139249677e-07
step= 265

nparam= 1004
	dense amplitude time= 0.016703367233276367
	total non-zero amplitudes= 4900
	nsamples per process= 50
	sample time= 1.2846508026123047
	self.n= 0.26883032844158383
	collect g,h time= 2.667654275894165
E=-9.906920369152042,dE=-4.3132614102603384e-07,std=0
L=-9.906920369152042,dL=-4.3132614102603384e-07,std=0
	gnorm= 0.00012880936584420486
	symmetric= True
	solver time=0.017543792724609375,exit status=0
	SR solver time= 0.017590999603271484
	symmetric= False
	niter= 45
	niter= 285
	solver time=0.07888603210449219,exit status=0
	RGN solver time= 0.07892870903015137
	xnorm=6.452294248416202,dnorm=0.014230012228167674
	dense amplitude time= 0.01972198486328125
	total non-zero amplitudes= 4900
	nsamples per process= 50
	sample time= 0.263685941696167
	self.n= 0.26891727714708047
	RGN updated loss=-9.906920782512,dloss=-4.1335995781821566e-07
step= 266

nparam= 1004
	dense amplitude time= 0.02028822898864746
	total non-zero amplitudes= 4900
	nsamples per process= 50
	sample time= 1.257526159286499
	self.n= 0.2689172771470807
	collect g,h time= 2.643613338470459
E=-9.906920782512,dE=-4.1335995781821566e-07,std=0
L=-9.906920782512,dL=-4.1335995781821566e-07,std=0
	gnorm= 0.0005971262233253067
	symmetric= True
	solver time=0.007094383239746094,exit status=0
	SR solver time= 0.007134914398193359
	symmetric= False
	niter= 48
	niter= 233
	solver time=0.07261514663696289,exit status=0
	RGN solver time= 0.07265758514404297
	xnorm=6.457135871545592,dnorm=0.014200331125525456
	dense amplitude time= 0.017765522003173828
	total non-zero amplitudes= 4900
	nsamples per process= 50
	sample time= 0.27797365188598633
	self.n= 0.2690568029959954
	RGN updated loss=-9.906921179524804,dloss=-3.970128048536026e-07
step= 267

nparam= 1004
	dense amplitude time= 0.022607088088989258
	total non-zero amplitudes= 4900
	nsamples per process= 50
	sample time= 1.2938640117645264
	self.n= 0.26905680299599516
	collect g,h time= 2.638376474380493
E=-9.906921179524804,dE=-3.970128048536026e-07,std=0
L=-9.906921179524804,dL=-3.970128048536026e-07,std=0
	gnorm= 0.00022551609660986249
	symmetric= True
	solver time=0.007587432861328125,exit status=0
	SR solver time= 0.007639169692993164
	symmetric= False
	niter= 45
	niter= 266
	solver time=0.0755157470703125,exit status=0
	RGN solver time= 0.07556486129760742
	xnorm=6.461992966600478,dnorm=0.014148784547355065
	dense amplitude time= 0.03620719909667969
	total non-zero amplitudes= 4900
	nsamples per process= 50
	sample time= 0.2600405216217041
	self.n= 0.26913531152109155
	RGN updated loss=-9.9069216173692,dloss=-4.378443954067279e-07
step= 268

nparam= 1004
	dense amplitude time= 0.02665233612060547
	total non-zero amplitudes= 4900
	nsamples per process= 50
	sample time= 1.243412733078003
	self.n= 0.26913531152109177
	collect g,h time= 2.6083545684814453
E=-9.906921617369202,dE=-4.3784439718308477e-07,std=0
L=-9.906921617369202,dL=-4.3784439718308477e-07,std=0
	gnorm= 0.00014639232363690345
	symmetric= True
	solver time=0.006598949432373047,exit status=0
	SR solver time= 0.006643772125244141
	symmetric= False
	niter= 46
	niter= 281
	solver time=0.0862576961517334,exit status=0
	RGN solver time= 0.08630037307739258
	xnorm=6.466816844604454,dnorm=0.014064139586134058
	dense amplitude time= 0.0396273136138916
	total non-zero amplitudes= 4900
	nsamples per process= 50
	sample time= 0.2734229564666748
	self.n= 0.2692474242328493
	RGN updated loss=-9.906922003417337,dloss=-3.8604813568099416e-07
step= 269

nparam= 1004
	dense amplitude time= 0.0182650089263916
	total non-zero amplitudes= 4900
	nsamples per process= 50
	sample time= 1.2613232135772705
	self.n= 0.2692474242328493
	collect g,h time= 2.6261284351348877
E=-9.906922003417337,dE=-3.8604813568099416e-07,std=0
L=-9.906922003417337,dL=-3.8604813568099416e-07,std=0
	gnorm= 0.0005635102870503801
	symmetric= True
	solver time=0.00925588607788086,exit status=0
	SR solver time= 0.009327888488769531
	symmetric= False
	niter= 49
	niter= 236
	solver time=0.061579227447509766,exit status=0
	RGN solver time= 0.06163215637207031
	xnorm=6.4715890406257905,dnorm=0.01405169603327551
	dense amplitude time= 0.027518033981323242
	total non-zero amplitudes= 4900
	nsamples per process= 50
	sample time= 0.2661159038543701
	self.n= 0.2693539064455742
	RGN updated loss=-9.906922409778451,dloss=-4.063611136473355e-07
step= 270

nparam= 1004
	dense amplitude time= 0.018315792083740234
	total non-zero amplitudes= 4900
	nsamples per process= 50
	sample time= 1.3157918453216553
	self.n= 0.26935390644557433
	collect g,h time= 2.603872299194336
E=-9.906922409778451,dE=-4.063611136473355e-07,std=0
L=-9.906922409778451,dL=-4.063611136473355e-07,std=0
	gnorm= 0.00020685799618602683
	symmetric= True
	solver time=0.007865190505981445,exit status=0
	SR solver time= 0.007951498031616211
	symmetric= False
	niter= 46
	niter= 276
	solver time=0.08136534690856934,exit status=0
	RGN solver time= 0.08140969276428223
	xnorm=6.476381153220012,dnorm=0.01396320341112856
	dense amplitude time= 0.016645193099975586
	total non-zero amplitudes= 4900
	nsamples per process= 50
	sample time= 0.27469563484191895
	self.n= 0.26943244895345836
	RGN updated loss=-9.906922814965315,dloss=-4.05186863616791e-07
step= 271

nparam= 1004
	dense amplitude time= 0.02785038948059082
	total non-zero amplitudes= 4900
	nsamples per process= 50
	sample time= 1.2902202606201172
	self.n= 0.26943244895345875
	collect g,h time= 2.622076988220215
E=-9.906922814965315,dE=-4.05186863616791e-07,std=0
L=-9.906922814965315,dL=-4.05186863616791e-07,std=0
	gnorm= 0.00024454701804299496
	symmetric= True
	solver time=0.01209115982055664,exit status=0
	SR solver time= 0.012152910232543945
	symmetric= False
	niter= 47
	niter= 272
	solver time=0.06755566596984863,exit status=0
	RGN solver time= 0.06760168075561523
	xnorm=6.481151651842678,dnorm=0.013975929566716784
	dense amplitude time= 0.017658710479736328
	total non-zero amplitudes= 4900
	nsamples per process= 50
	sample time= 0.26561880111694336
	self.n= 0.269533367315833
	RGN updated loss=-9.906923207261864,dloss=-3.922965490232855e-07
step= 272

nparam= 1004
	dense amplitude time= 0.01635909080505371
	total non-zero amplitudes= 4900
	nsamples per process= 50
	sample time= 1.2686357498168945
	self.n= 0.269533367315833
	collect g,h time= 2.610964298248291
E=-9.906923207261864,dE=-3.922965490232855e-07,std=0
L=-9.906923207261864,dL=-3.922965490232855e-07,std=0
	gnorm= 0.0005901734147711137
	symmetric= True
	solver time=0.020978689193725586,exit status=0
	SR solver time= 0.021142005920410156
	symmetric= False
	niter= 49
	niter= 231
	solver time=0.07172894477844238,exit status=0
	RGN solver time= 0.07177090644836426
	xnorm=6.48595075148573,dnorm=0.01389064340140541
	dense amplitude time= 0.016483306884765625
	total non-zero amplitudes= 4900
	nsamples per process= 50
	sample time= 0.26835060119628906
	self.n= 0.26959801309035564
	RGN updated loss=-9.906923595782281,dloss=-3.885204176157231e-07
step= 273

nparam= 1004
	dense amplitude time= 0.02316427230834961
	total non-zero amplitudes= 4900
	nsamples per process= 50
	sample time= 1.257345199584961
	self.n= 0.269598013090356
	collect g,h time= 2.592928409576416
E=-9.906923595782281,dE=-3.885204176157231e-07,std=0
L=-9.906923595782281,dL=-3.885204176157231e-07,std=0
	gnorm= 0.00021611405152613305
	symmetric= True
	solver time=0.00764155387878418,exit status=0
	SR solver time= 0.007687568664550781
	symmetric= False
	niter= 45
	niter= 275
	solver time=0.0884702205657959,exit status=0
	RGN solver time= 0.0885169506072998
	xnorm=6.490707166592994,dnorm=0.013881647262961982
	dense amplitude time= 0.01960611343383789
	total non-zero amplitudes= 4900
	nsamples per process= 50
	sample time= 0.2765192985534668
	self.n= 0.2697348198124422
	RGN updated loss=-9.906924007332155,dloss=-4.115498732915057e-07
step= 274

nparam= 1004
	dense amplitude time= 0.03308367729187012
	total non-zero amplitudes= 4900
	nsamples per process= 50
	sample time= 1.2806198596954346
	self.n= 0.2697348198124424
	collect g,h time= 2.656674861907959
E=-9.906924007332156,dE=-4.1154987506786256e-07,std=0
L=-9.906924007332156,dL=-4.1154987506786256e-07,std=0
	gnorm= 0.0005943582786261477
	symmetric= True
	solver time=0.015429973602294922,exit status=0
	SR solver time= 0.01548004150390625
	symmetric= False
	niter= 48
	niter= 236
	solver time=0.061768293380737305,exit status=0
	RGN solver time= 0.06180930137634277
	xnorm=6.495424071433621,dnorm=0.013762478982279612
	dense amplitude time= 0.018230438232421875
	total non-zero amplitudes= 4900
	nsamples per process= 50
	sample time= 0.27576112747192383
	self.n= 0.2697996009804057
	RGN updated loss=-9.906924363167235,dloss=-3.558350787358222e-07
step= 275

nparam= 1004
	dense amplitude time= 0.025731801986694336
	total non-zero amplitudes= 4900
	nsamples per process= 50
	sample time= 1.298741340637207
	self.n= 0.2697996009804058
	collect g,h time= 2.5854263305664062
E=-9.906924363167235,dE=-3.558350787358222e-07,std=0
L=-9.906924363167235,dL=-3.558350787358222e-07,std=0
	gnorm= 0.00022510537414551805
	symmetric= True
	solver time=0.008189201354980469,exit status=0
	SR solver time= 0.008240699768066406
	symmetric= False
	niter= 46
	solver time=0.0728449821472168,exit status=0
	RGN solver time= 0.07289385795593262
	xnorm=6.500127397045932,dnorm=0.013743184052229188
	niter= 275
	dense amplitude time= 0.01614665985107422
	total non-zero amplitudes= 4900
	nsamples per process= 50
	sample time= 0.27164721488952637
	self.n= 0.2699128107039723
	RGN updated loss=-9.906924768250423,dloss=-4.0508318832621626e-07
step= 276

nparam= 1004
	dense amplitude time= 0.024848461151123047
	total non-zero amplitudes= 4900
	nsamples per process= 50
	sample time= 1.2743020057678223
	self.n= 0.26991281070397233
	collect g,h time= 2.6031062602996826
E=-9.906924768250422,dE=-4.050831865498594e-07,std=0
L=-9.906924768250422,dL=-4.050831865498594e-07,std=0
	gnorm= 0.0006013448171811835
	symmetric= True
	solver time=0.008066177368164062,exit status=0
	SR solver time= 0.008112907409667969
	symmetric= False
	niter= 47
	niter= 245
	solver time=0.06424832344055176,exit status=0
	RGN solver time= 0.06429457664489746
	xnorm=6.5048490846993845,dnorm=0.013834781364511047
	dense amplitude time= 0.016265153884887695
	total non-zero amplitudes= 4900
	nsamples per process= 50
	sample time= 0.2671515941619873
	self.n= 0.26997847093688965
	RGN updated loss=-9.906925111192555,dloss=-3.429421333578375e-07
step= 277

nparam= 1004
	dense amplitude time= 0.027676105499267578
	total non-zero amplitudes= 4900
	nsamples per process= 50
	sample time= 1.2778477668762207
	self.n= 0.26997847093688965
	collect g,h time= 2.5750744342803955
E=-9.906925111192553,dE=-3.429421315814807e-07,std=0
L=-9.906925111192553,dL=-3.429421315814807e-07,std=0
	gnorm= 0.00030982392019702544
	symmetric= True
	solver time=0.007608890533447266,exit status=0
	SR solver time= 0.007668972015380859
	symmetric= False
	niter= 48
	solver time=0.0797727108001709,exit status=0
	RGN solver time= 0.07982301712036133
	xnorm=6.50953903684486,dnorm=0.013691637850466945
	niter= 266
	dense amplitude time= 0.0175473690032959
	total non-zero amplitudes= 4900
	nsamples per process= 50
	sample time= 0.26877808570861816
	self.n= 0.27009281623586473
	RGN updated loss=-9.906925534296157,dloss=-4.231036037083413e-07
step= 278

nparam= 1004
	dense amplitude time= 0.025560617446899414
	total non-zero amplitudes= 4900
	nsamples per process= 50
	sample time= 1.2699205875396729
	self.n= 0.27009281623586445
	collect g,h time= 2.5609548091888428
E=-9.906925534296157,dE=-4.231036037083413e-07,std=0
L=-9.906925534296157,dL=-4.231036037083413e-07,std=0
	gnorm= 0.000580410241326605
	symmetric= True
	solver time=0.008609294891357422,exit status=0
	SR solver time= 0.00866246223449707
	symmetric= False
	niter= 49
	niter= 236
	solver time=0.07761216163635254,exit status=0
	RGN solver time= 0.07765507698059082
	xnorm=6.514233400031386,dnorm=0.013646587861201825
	dense amplitude time= 0.01599574089050293
	total non-zero amplitudes= 4900
	nsamples per process= 50
	sample time= 0.26966381072998047
	self.n= 0.2701742523032334
	RGN updated loss=-9.906925904135662,dloss=-3.6983950479907435e-07
step= 279

nparam= 1004
	dense amplitude time= 0.03385305404663086
	total non-zero amplitudes= 4900
	nsamples per process= 50
	sample time= 1.274049997329712
	self.n= 0.27017425230323316
	collect g,h time= 2.6162049770355225
E=-9.90692590413566,dE=-3.698395030227175e-07,std=0
L=-9.90692590413566,dL=-3.698395030227175e-07,std=0
	gnorm= 0.0002834909511161567
	symmetric= True
	solver time=0.008292675018310547,exit status=0
	SR solver time= 0.008333444595336914
	symmetric= False
	niter= 47
	niter= 259
	solver time=0.06886029243469238,exit status=0
	RGN solver time= 0.06890130043029785
	xnorm=6.518907259325861,dnorm=0.013549867726959137
	dense amplitude time= 0.016605854034423828
	total non-zero amplitudes= 4900
	nsamples per process= 50
	sample time= 0.26543545722961426
	self.n= 0.2702308610433445
	RGN updated loss=-9.906926289475008,dloss=-3.853393479857914e-07
step= 280

nparam= 1004
	dense amplitude time= 0.017778635025024414
	total non-zero amplitudes= 4900
	nsamples per process= 50
	sample time= 1.2397353649139404
	self.n= 0.2702308610433447
	collect g,h time= 2.6645684242248535
E=-9.90692628947501,dE=-3.8533934976214823e-07,std=0
L=-9.90692628947501,dL=-3.8533934976214823e-07,std=0
	gnorm= 0.0005744114462913611
	symmetric= True
	solver time=0.008098602294921875,exit status=0
	SR solver time= 0.008151769638061523
	symmetric= False
	niter= 49
	niter= 229
	solver time=0.06513333320617676,exit status=0
	RGN solver time= 0.06518864631652832
	xnorm=6.523559464791708,dnorm=0.013486412800576244
	dense amplitude time= 0.017450571060180664
	total non-zero amplitudes= 4900
	nsamples per process= 50
	sample time= 0.26886558532714844
	self.n= 0.27028832515722173
	RGN updated loss=-9.906926661283068,dloss=-3.718080581194272e-07
step= 281

nparam= 1004
	dense amplitude time= 0.035917043685913086
	total non-zero amplitudes= 4900
	nsamples per process= 50
	sample time= 1.2789618968963623
	self.n= 0.2702883251572221
	collect g,h time= 2.5890259742736816
E=-9.90692666128307,dE=-3.7180805989578403e-07,std=0
L=-9.90692666128307,dL=-3.7180805989578403e-07,std=0
	gnorm= 0.0002072100042319329
	symmetric= True
	solver time=0.010488033294677734,exit status=0
	SR solver time= 0.010654211044311523
	symmetric= False
	niter= 45
	niter= 270
	solver time=0.10332441329956055,exit status=0
	RGN solver time= 0.10338473320007324
	xnorm=6.528166230189189,dnorm=0.013461864742001919
	dense amplitude time= 0.016582012176513672
	total non-zero amplitudes= 4900
	nsamples per process= 50
	sample time= 0.26804685592651367
	self.n= 0.2703478398894786
	RGN updated loss=-9.906927050209289,dloss=-3.889262192302567e-07
step= 282

nparam= 1004
	dense amplitude time= 0.02792954444885254
	total non-zero amplitudes= 4900
	nsamples per process= 50
	sample time= 1.2580645084381104
	self.n= 0.27034783988947886
	collect g,h time= 2.584336519241333
E=-9.906927050209289,dE=-3.889262192302567e-07,std=0
L=-9.906927050209289,dL=-3.889262192302567e-07,std=0
	gnorm= 0.0005757617493944426
	symmetric= True
	solver time=0.008432388305664062,exit status=0
	SR solver time= 0.008483409881591797
	symmetric= False
	niter= 48
	niter= 232
	solver time=0.0765388011932373,exit status=0
	RGN solver time= 0.07657837867736816
	xnorm=6.532786045083198,dnorm=0.01343019885933266
	dense amplitude time= 0.028750896453857422
	total non-zero amplitudes= 4900
	nsamples per process= 50
	sample time= 0.27226758003234863
	self.n= 0.27041569519009967
	RGN updated loss=-9.906927395506404,dloss=-3.452971153450335e-07
step= 283

nparam= 1004
	dense amplitude time= 0.030347108840942383
	total non-zero amplitudes= 4900
	nsamples per process= 50
	sample time= 1.258882999420166
	self.n= 0.2704156951901
	collect g,h time= 2.6102187633514404
E=-9.906927395506404,dE=-3.452971153450335e-07,std=0
L=-9.906927395506404,dL=-3.452971153450335e-07,std=0
	gnorm= 0.00021696474027742336
	symmetric= True
	niter= 46
	solver time=0.034476280212402344,exit status=0
	SR solver time= 0.03453850746154785
	symmetric= False
	niter= 272
	solver time=0.09362196922302246,exit status=0
	RGN solver time= 0.09366226196289062
	xnorm=6.537371420304385,dnorm=0.013391318480722458
	dense amplitude time= 0.02727341651916504
	total non-zero amplitudes= 4900
	nsamples per process= 50
	sample time= 0.2704920768737793
	self.n= 0.270461273986488
	RGN updated loss=-9.906927788840882,dloss=-3.933344778772607e-07
step= 284

nparam= 1004
	dense amplitude time= 0.020749807357788086
	total non-zero amplitudes= 4900
	nsamples per process= 50
	sample time= 1.2934870719909668
	self.n= 0.27046127398648784
	collect g,h time= 2.6048336029052734
E=-9.906927788840882,dE=-3.933344778772607e-07,std=0
L=-9.906927788840882,dL=-3.933344778772607e-07,std=0
	gnorm= 0.0005716156194720583
	symmetric= True
	niter= 49
	solver time=0.030365705490112305,exit status=0
	SR solver time= 0.03041362762451172
	symmetric= False
	niter= 224
	solver time=0.06699872016906738,exit status=0
	RGN solver time= 0.06704354286193848
	xnorm=6.5419757643008785,dnorm=0.013340300488688216
	dense amplitude time= 0.028409481048583984
	total non-zero amplitudes= 4900
	nsamples per process= 50
	sample time= 0.27701425552368164
	self.n= 0.27052691845034416
	RGN updated loss=-9.906928138592187,dloss=-3.4975130525083387e-07
step= 285

nparam= 1004
	dense amplitude time= 0.04379582405090332
	total non-zero amplitudes= 4900
	nsamples per process= 50
	sample time= 1.276801586151123
	self.n= 0.27052691845034416
	collect g,h time= 2.6066207885742188
E=-9.906928138592189,dE=-3.497513070271907e-07,std=0
L=-9.906928138592189,dL=-3.497513070271907e-07,std=0
	gnorm= 0.00021160722227277012
	symmetric= True
	solver time=0.018740415573120117,exit status=0
	SR solver time= 0.018787145614624023
	symmetric= False
	niter= 44
	niter= 259
	solver time=0.07236433029174805,exit status=0
	RGN solver time= 0.07241106033325195
	xnorm=6.546568576189049,dnorm=0.013285215314806599
	dense amplitude time= 0.019101381301879883
	total non-zero amplitudes= 4900
	nsamples per process= 50
	sample time= 0.27017951011657715
	self.n= 0.2705776923354224
	RGN updated loss=-9.906928521772237,dloss=-3.831800476916669e-07
step= 286

nparam= 1004
	dense amplitude time= 0.02211165428161621
	total non-zero amplitudes= 4900
	nsamples per process= 50
	sample time= 1.2854609489440918
	self.n= 0.27057769233542267
	collect g,h time= 2.624663829803467
E=-9.906928521772233,dE=-3.8318004413895324e-07,std=0
L=-9.906928521772233,dL=-3.8318004413895324e-07,std=0
	gnorm= 2.588361516800242e-05
	symmetric= True
	solver time=0.005524396896362305,exit status=0
	SR solver time= 0.00556182861328125
	symmetric= False
	niter= 31
	niter= 341
	solver time=0.10539436340332031,exit status=0
	RGN solver time= 0.10544776916503906
	xnorm=6.551130059150075,dnorm=0.013225160103846579
	dense amplitude time= 0.01772785186767578
	total non-zero amplitudes= 4900
	nsamples per process= 50
	sample time= 0.2736802101135254
	self.n= 0.2706327988350566
	RGN updated loss=-9.906928883143335,dloss=-3.6137110193124045e-07
step= 287

nparam= 1004
	dense amplitude time= 0.017413854598999023
	total non-zero amplitudes= 4900
	nsamples per process= 50
	sample time= 1.2442028522491455
	self.n= 0.27063279883505653
	collect g,h time= 2.5953915119171143
E=-9.906928883143339,dE=-3.613711054839541e-07,std=0
L=-9.906928883143339,dL=-3.613711054839541e-07,std=0
	gnorm= 6.251522175244454e-05
	symmetric= True
	solver time=0.006844997406005859,exit status=0
	SR solver time= 0.006884098052978516
	symmetric= False
	niter= 41
	niter= 312
	solver time=0.09138178825378418,exit status=0
	RGN solver time= 0.0914316177368164
	xnorm=6.555689283726667,dnorm=0.013194823564025071
	dense amplitude time= 0.029752016067504883
	total non-zero amplitudes= 4900
	nsamples per process= 50
	sample time= 0.2760646343231201
	self.n= 0.27069624847261814
	RGN updated loss=-9.90692923702118,dloss=-3.5387784080853635e-07
step= 288

nparam= 1004
	dense amplitude time= 0.024213075637817383
	total non-zero amplitudes= 4900
	nsamples per process= 50
	sample time= 1.26832914352417
	self.n= 0.27069624847261836
	collect g,h time= 2.591766834259033
E=-9.906929237021178,dE=-3.538778390321795e-07,std=0
L=-9.906929237021178,dL=-3.538778390321795e-07,std=0
	gnorm= 0.00010772583548347664
	symmetric= True
	solver time=0.01566457748413086,exit status=0
	SR solver time= 0.01571202278137207
	symmetric= False
	niter= 46
	niter= 287
	solver time=0.1065664291381836,exit status=0
	RGN solver time= 0.1066131591796875
	xnorm=6.560241609037986,dnorm=0.01315430494168686
	dense amplitude time= 0.01618790626525879
	total non-zero amplitudes= 4900
	nsamples per process= 50
	sample time= 0.262040376663208
	self.n= 0.27076646588946257
	RGN updated loss=-9.90692958764784,dloss=-3.506266619268672e-07
step= 289

nparam= 1004
	dense amplitude time= 0.02548813819885254
	total non-zero amplitudes= 4900
	nsamples per process= 50
	sample time= 1.23524808883667
	self.n= 0.27076646588946285
	collect g,h time= 2.599931001663208
E=-9.906929587647841,dE=-3.5062666370322404e-07,std=0
L=-9.906929587647841,dL=-3.5062666370322404e-07,std=0
	gnorm= 6.354890607699916e-05
	symmetric= True
	solver time=0.007181406021118164,exit status=0
	SR solver time= 0.007230281829833984
	symmetric= False
	niter= 42
	niter= 312
	solver time=0.10673379898071289,exit status=0
	RGN solver time= 0.1067819595336914
	xnorm=6.564790516252701,dnorm=0.013133603477788948
	dense amplitude time= 0.02925395965576172
	total non-zero amplitudes= 4900
	nsamples per process= 50
	sample time= 0.26213812828063965
	self.n= 0.27082686025840885
	RGN updated loss=-9.90692994719312,dloss=-3.595452788829334e-07
step= 290

nparam= 1004
	dense amplitude time= 0.041741371154785156
	total non-zero amplitudes= 4900
	nsamples per process= 50
	sample time= 1.2255206108093262
	self.n= 0.2708268602584088
	collect g,h time= 2.7174830436706543
E=-9.90692994719312,dE=-3.595452788829334e-07,std=0
L=-9.90692994719312,dL=-3.595452788829334e-07,std=0
	gnorm= 0.0001029778284227033
	symmetric= True
	solver time=0.00680088996887207,exit status=0
	SR solver time= 0.006840229034423828
	symmetric= False
	niter= 45
	niter= 295
	solver time=0.08089780807495117,exit status=0
	RGN solver time= 0.08094310760498047
	xnorm=6.569319795426295,dnorm=0.013091351030918161
	dense amplitude time= 0.018781661987304688
	total non-zero amplitudes= 4900
	nsamples per process= 50
	sample time= 0.2685694694519043
	self.n= 0.2709006018525025
	RGN updated loss=-9.906930288157495,dloss=-3.409643749563429e-07
step= 291

nparam= 1004
	dense amplitude time= 0.05251336097717285
	total non-zero amplitudes= 4900
	nsamples per process= 50
	sample time= 1.2578792572021484
	self.n= 0.2709006018525027
	collect g,h time= 2.5966079235076904
E=-9.906930288157493,dE=-3.4096437317998607e-07,std=0
L=-9.906930288157493,dL=-3.4096437317998607e-07,std=0
	gnorm= 0.00011790159884127685
	symmetric= True
	solver time=0.006779670715332031,exit status=0
	SR solver time= 0.006829977035522461
	symmetric= False
	niter= 46
	niter= 286
	solver time=0.0714571475982666,exit status=0
	RGN solver time= 0.07150125503540039
	xnorm=6.573870742868506,dnorm=0.013081925607170952
	dense amplitude time= 0.014665842056274414
	total non-zero amplitudes= 4900
	nsamples per process= 50
	sample time= 0.2642025947570801
	self.n= 0.2709559515264861
	RGN updated loss=-9.906930638136648,dloss=-3.4997915498991006e-07
step= 292

nparam= 1004
	dense amplitude time= 0.02741527557373047
	total non-zero amplitudes= 4900
	nsamples per process= 50
	sample time= 1.2128973007202148
	self.n= 0.27095595152648605
	collect g,h time= 2.582500696182251
E=-9.906930638136648,dE=-3.4997915498991006e-07,std=0
L=-9.906930638136648,dL=-3.4997915498991006e-07,std=0
	gnorm= 8.141727229766931e-05
	symmetric= True
	solver time=0.007599592208862305,exit status=0
	SR solver time= 0.007643461227416992
	symmetric= False
	niter= 45
	niter= 312
	solver time=0.08737587928771973,exit status=0
	RGN solver time= 0.08742022514343262
	xnorm=6.578405058566038,dnorm=0.013042784386824824
	dense amplitude time= 0.016505718231201172
	total non-zero amplitudes= 4900
	nsamples per process= 50
	sample time= 0.2614023685455322
	self.n= 0.27099312170147005
	RGN updated loss=-9.906930984803541,dloss=-3.4666689252560445e-07
step= 293

nparam= 1004
	dense amplitude time= 0.018126249313354492
	total non-zero amplitudes= 4900
	nsamples per process= 50
	sample time= 1.23160719871521
	self.n= 0.27099312170147033
	collect g,h time= 2.607785224914551
E=-9.90693098480354,dE=-3.466668907492476e-07,std=0
L=-9.90693098480354,dL=-3.466668907492476e-07,std=0
	gnorm= 0.00014692330749030115
	symmetric= True
	solver time=0.01714468002319336,exit status=0
	SR solver time= 0.01720881462097168
	symmetric= False
	niter= 47
	niter= 281
	solver time=0.07854604721069336,exit status=0
	RGN solver time= 0.07859277725219727
	xnorm=6.582881923137803,dnorm=0.012977679246463245
	dense amplitude time= 0.01705312728881836
	total non-zero amplitudes= 4900
	nsamples per process= 50
	sample time= 0.2629406452178955
	self.n= 0.2710781979895227
	RGN updated loss=-9.906931325626266,dloss=-3.408227264856123e-07
step= 294

nparam= 1004
	dense amplitude time= 0.0315394401550293
	total non-zero amplitudes= 4900
	nsamples per process= 50
	sample time= 1.256330966949463
	self.n= 0.2710781979895228
	collect g,h time= 2.6239781379699707
E=-9.906931325626266,dE=-3.408227264856123e-07,std=0
L=-9.906931325626266,dL=-3.408227264856123e-07,std=0
	gnorm= 0.00010704642002809857
	symmetric= True
	solver time=0.0072460174560546875,exit status=0
	SR solver time= 0.007291316986083984
	symmetric= False
	niter= 46
	niter= 296
	solver time=0.09729480743408203,exit status=0
	RGN solver time= 0.09734463691711426
	xnorm=6.587424054792268,dnorm=0.012980148354214545
	dense amplitude time= 0.028533935546875
	total non-zero amplitudes= 4900
	nsamples per process= 50
	sample time= 0.2706022262573242
	self.n= 0.27110965141775717
	RGN updated loss=-9.906931674102374,dloss=-3.4847610841381993e-07
step= 295

nparam= 1004
	dense amplitude time= 0.016962528228759766
	total non-zero amplitudes= 4900
	nsamples per process= 50
	sample time= 1.2487874031066895
	self.n= 0.27110965141775745
	collect g,h time= 2.611970901489258
E=-9.906931674102374,dE=-3.4847610841381993e-07,std=0
L=-9.906931674102374,dL=-3.4847610841381993e-07,std=0
	gnorm= 0.00014518390230388258
	symmetric= True
	solver time=0.020305395126342773,exit status=0
	SR solver time= 0.020482540130615234
	symmetric= False
	niter= 47
	niter= 281
	solver time=0.07419633865356445,exit status=0
	RGN solver time= 0.07423925399780273
	xnorm=6.591869711780063,dnorm=0.012880591903439136
	dense amplitude time= 0.014618873596191406
	total non-zero amplitudes= 4900
	nsamples per process= 50
	sample time= 0.2584991455078125
	self.n= 0.2711942422478526
	RGN updated loss=-9.90693200750776,dloss=-3.334053850778673e-07
step= 296

nparam= 1004
	dense amplitude time= 0.029650449752807617
	total non-zero amplitudes= 4900
	nsamples per process= 50
	sample time= 1.2274448871612549
	self.n= 0.2711942422478526
	collect g,h time= 2.682535409927368
E=-9.90693200750776,dE=-3.334053850778673e-07,std=0
L=-9.90693200750776,dL=-3.334053850778673e-07,std=0
	gnorm= 0.00010901058815844747
	symmetric= True
	solver time=0.008089065551757812,exit status=0
	SR solver time= 0.008127450942993164
	symmetric= False
	niter= 45
	niter= 286
	solver time=0.08948278427124023,exit status=0
	RGN solver time= 0.08952021598815918
	xnorm=6.596361611110535,dnorm=0.01287159153561279
	dense amplitude time= 0.015460491180419922
	total non-zero amplitudes= 4900
	nsamples per process= 50
	sample time= 0.2559852600097656
	self.n= 0.2712220272602539
	RGN updated loss=-9.906932354529019,dloss=-3.4702125972785325e-07
step= 297

nparam= 1004
	dense amplitude time= 0.03469657897949219
	total non-zero amplitudes= 4900
	nsamples per process= 50
	sample time= 1.2302911281585693
	self.n= 0.2712220272602542
	collect g,h time= 2.592500925064087
E=-9.90693235452902,dE=-3.470212615042101e-07,std=0
L=-9.90693235452902,dL=-3.470212615042101e-07,std=0
	gnorm= 0.00015181309433419263
	symmetric= True
	solver time=0.01854395866394043,exit status=0
	SR solver time= 0.018632888793945312
	symmetric= False
	niter= 47
	niter= 281
	solver time=0.09096384048461914,exit status=0
	RGN solver time= 0.09100508689880371
	xnorm=6.600790379727857,dnorm=0.012788810329072498
	dense amplitude time= 0.021359920501708984
	total non-zero amplitudes= 4900
	nsamples per process= 50
	sample time= 0.2651348114013672
	self.n= 0.271311667178754
	RGN updated loss=-9.906932681045781,dloss=-3.265167602961583e-07
step= 298

nparam= 1004
	dense amplitude time= 0.0169832706451416
	total non-zero amplitudes= 4900
	nsamples per process= 50
	sample time= 1.262256145477295
	self.n= 0.27131166717875393
	collect g,h time= 2.598299264907837
E=-9.906932681045781,dE=-3.265167602961583e-07,std=0
L=-9.906932681045781,dL=-3.265167602961583e-07,std=0
	gnorm= 0.00011288679048436203
	symmetric= True
	solver time=0.007376909255981445,exit status=0
	SR solver time= 0.007434844970703125
	niter= 46
	symmetric= False
	niter= 285
	solver time=0.0887901782989502,exit status=0
	RGN solver time= 0.08883953094482422
	xnorm=6.6052457040003905,dnorm=0.012799401320095697
	dense amplitude time= 0.01653599739074707
	total non-zero amplitudes= 4900
	nsamples per process= 50
	sample time= 0.27713799476623535
	self.n= 0.2713406672528266
	RGN updated loss=-9.90693302574616,dloss=-3.4470037846290325e-07
step= 299

nparam= 1004
	dense amplitude time= 0.019828319549560547
	total non-zero amplitudes= 4900
	nsamples per process= 50
	sample time= 1.3206186294555664
	self.n= 0.2713406672528268
	collect g,h time= 2.6076059341430664
E=-9.906933025746161,dE=-3.447003802392601e-07,std=0
L=-9.906933025746161,dL=-3.447003802392601e-07,std=0
	gnorm= 0.00010405268128533763
	symmetric= True
	solver time=0.03172111511230469,exit status=0
	SR solver time= 0.0317690372467041
	symmetric= False
	niter= 45
	niter= 283
	solver time=0.12083220481872559,exit status=0
	RGN solver time= 0.12087559700012207
	xnorm=6.6096400248168665,dnorm=0.012716036081745864
	dense amplitude time= 0.01887965202331543
	total non-zero amplitudes= 4900
	nsamples per process= 50
	sample time= 0.2785305976867676
	self.n= 0.27141306920461705
	RGN updated loss=-9.906933356987276,dloss=-3.312411145373062e-07
step= 300

nparam= 1004
	dense amplitude time= 0.03427577018737793
	total non-zero amplitudes= 4900
	nsamples per process= 50
	sample time= 1.2549428939819336
	self.n= 0.27141306920461694
	collect g,h time= 2.6420252323150635
E=-9.906933356987274,dE=-3.3124111276094936e-07,std=0
L=-9.906933356987274,dL=-3.3124111276094936e-07,std=0
	gnorm= 9.627250208007325e-05
	symmetric= True
	solver time=0.017364025115966797,exit status=0
	SR solver time= 0.017418861389160156
	symmetric= False
	niter= 45
	niter= 291
	solver time=0.09353113174438477,exit status=0
	RGN solver time= 0.09358382225036621
	xnorm=6.614041680582009,dnorm=0.012708093474223395
	dense amplitude time= 0.01660466194152832
	total non-zero amplitudes= 4900
	nsamples per process= 50
	sample time= 0.2662808895111084
	self.n= 0.27144491919784797
	RGN updated loss=-9.906933689010716,dloss=-3.320234416293033e-07
step= 301

nparam= 1004
	dense amplitude time= 0.021623849868774414
	total non-zero amplitudes= 4900
	nsamples per process= 50
	sample time= 1.2101647853851318
	self.n= 0.271444919197848
	collect g,h time= 2.642500638961792
E=-9.906933689010716,dE=-3.320234416293033e-07,std=0
L=-9.906933689010716,dL=-3.320234416293033e-07,std=0
	gnorm= 0.00010503882302377909
	symmetric= True
	solver time=0.017066001892089844,exit status=0
	SR solver time= 0.017119407653808594
	symmetric= False
	niter= 45
	niter= 283
	solver time=0.08694005012512207,exit status=0
	RGN solver time= 0.08698225021362305
	xnorm=6.61841534494168,dnorm=0.012640803448671262
	dense amplitude time= 0.016536474227905273
	total non-zero amplitudes= 4900
	nsamples per process= 50
	sample time= 0.25791025161743164
	self.n= 0.2715164599058738
	RGN updated loss=-9.906934016623156,dloss=-3.2761244028733927e-07
step= 302

nparam= 1004
	dense amplitude time= 0.022910118103027344
	total non-zero amplitudes= 4900
	nsamples per process= 50
	sample time= 1.210242748260498
	self.n= 0.2715164599058738
	collect g,h time= 2.663800001144409
E=-9.906934016623156,dE=-3.2761244028733927e-07,std=0
L=-9.906934016623156,dL=-3.2761244028733927e-07,std=0
	gnorm= 9.649149444675683e-05
	symmetric= True
	solver time=0.0072879791259765625,exit status=0
	SR solver time= 0.007339000701904297
	symmetric= False
	niter= 45
	niter= 288
	solver time=0.08714580535888672,exit status=0
	RGN solver time= 0.08719158172607422
	xnorm=6.622803703218012,dnorm=0.012639080182666658
	dense amplitude time= 0.028420686721801758
	total non-zero amplitudes= 4900
	nsamples per process= 50
	sample time= 0.2514522075653076
	self.n= 0.27154693196346186
	RGN updated loss=-9.906934345922387,dloss=-3.292992314385401e-07
step= 303

nparam= 1004
	dense amplitude time= 0.024018049240112305
	total non-zero amplitudes= 4900
	nsamples per process= 50
	sample time= 1.196408748626709
	self.n= 0.27154693196346225
	collect g,h time= 2.613225221633911
E=-9.906934345922389,dE=-3.2929923321489696e-07,std=0
L=-9.906934345922389,dL=-3.2929923321489696e-07,std=0
	gnorm= 6.246988196466528e-05
	symmetric= True
	solver time=0.02869701385498047,exit status=0
	SR solver time= 0.028766393661499023
	symmetric= False
	niter= 42
	niter= 312
	solver time=0.09443187713623047,exit status=0
	RGN solver time= 0.09448623657226562
	xnorm=6.627160393426242,dnorm=0.012582306116499097
	dense amplitude time= 0.016267061233520508
	total non-zero amplitudes= 4900
	nsamples per process= 50
	sample time= 0.2621042728424072
	self.n= 0.2715953614515923
	RGN updated loss=-9.906934676835162,dloss=-3.3091277273911146e-07
step= 304

nparam= 1004
	dense amplitude time= 0.019881010055541992
	total non-zero amplitudes= 4900
	nsamples per process= 50
	sample time= 1.2178001403808594
	self.n= 0.27159536145159235
	collect g,h time= 2.6965458393096924
E=-9.906934676835164,dE=-3.309127745154683e-07,std=0
L=-9.906934676835164,dL=-3.309127745154683e-07,std=0
	gnorm= 2.7264663164076125e-05
	symmetric= True
	solver time=0.020339250564575195,exit status=0
	SR solver time= 0.020388364791870117
	symmetric= False
	niter= 33
	niter= 335
	solver time=0.1843123435974121,exit status=0
	RGN solver time= 0.18435215950012207
	xnorm=6.631475129042036,dnorm=0.012540934690697206
	dense amplitude time= 0.017638683319091797
	total non-zero amplitudes= 4900
	nsamples per process= 50
	sample time= 0.25756335258483887
	self.n= 0.2716439174206121
	RGN updated loss=-9.90693500237739,dloss=-3.2554222606506755e-07
step= 305

nparam= 1004
	dense amplitude time= 0.019128084182739258
	total non-zero amplitudes= 4900
	nsamples per process= 50
	sample time= 1.2424390316009521
	self.n= 0.2716439174206119
	collect g,h time= 2.621490955352783
E=-9.906935002377393,dE=-3.2554222961778123e-07,std=0
L=-9.906935002377393,dL=-3.2554222961778123e-07,std=0
	gnorm= 7.453058826849047e-05
	symmetric= True
	solver time=0.007765769958496094,exit status=0
	SR solver time= 0.007811069488525391
	symmetric= False
	niter= 43
	niter= 299
	solver time=0.09156084060668945,exit status=0
	RGN solver time= 0.09162402153015137
	xnorm=6.635802272175904,dnorm=0.012521900831996337
	dense amplitude time= 0.017963171005249023
	total non-zero amplitudes= 4900
	nsamples per process= 50
	sample time= 0.25417375564575195
	self.n= 0.2716821379973475
	RGN updated loss=-9.906935317757506,dloss=-3.1538011313614334e-07
step= 306

nparam= 1004
	dense amplitude time= 0.042980194091796875
	total non-zero amplitudes= 4900
	nsamples per process= 50
	sample time= 1.1788828372955322
	self.n= 0.2716821379973477
	collect g,h time= 2.6615467071533203
E=-9.906935317757506,dE=-3.1538011313614334e-07,std=0
L=-9.906935317757506,dL=-3.1538011313614334e-07,std=0
	gnorm= 5.495044765403278e-05
	symmetric= True
	solver time=0.029465436935424805,exit status=0
	SR solver time= 0.029517412185668945
	symmetric= False
	niter= 41
	niter= 312
	solver time=0.09732890129089355,exit status=0
	RGN solver time= 0.09736943244934082
	xnorm=6.640143831530254,dnorm=0.012476920484762668
	dense amplitude time= 0.01715087890625
	total non-zero amplitudes= 4900
	nsamples per process= 50
	sample time= 0.266582727432251
	self.n= 0.27173169519734175
	RGN updated loss=-9.90693564489681,dloss=-3.2713930409045133e-07
step= 307

nparam= 1004
	dense amplitude time= 0.018743276596069336
	total non-zero amplitudes= 4900
	nsamples per process= 50
	sample time= 1.2338249683380127
	self.n= 0.27173169519734186
	collect g,h time= 2.6312503814697266
E=-9.906935644896809,dE=-3.271393023140945e-07,std=0
L=-9.906935644896809,dL=-3.271393023140945e-07,std=0
	gnorm= 2.4792101425250725e-05
	symmetric= True
	solver time=0.01565384864807129,exit status=0
	SR solver time= 0.015702486038208008
	symmetric= False
	niter= 33
	niter= 343
	solver time=0.142441987991333,exit status=0
	RGN solver time= 0.14248418807983398
	xnorm=6.644441354421133,dnorm=0.012430762166858194
	dense amplitude time= 0.017858505249023438
	total non-zero amplitudes= 4900
	nsamples per process= 50
	sample time= 0.25904369354248047
	self.n= 0.2717816912429033
	RGN updated loss=-9.906935963960777,dloss=-3.190639681349694e-07
step= 308

nparam= 1004
	dense amplitude time= 0.02003765106201172
	total non-zero amplitudes= 4900
	nsamples per process= 50
	sample time= 1.242555856704712
	self.n= 0.2717816912429031
	collect g,h time= 2.6155543327331543
E=-9.90693596396078,dE=-3.190639716876831e-07,std=0
L=-9.90693596396078,dL=-3.190639716876831e-07,std=0
	gnorm= 6.911527910393039e-05
	symmetric= True
	solver time=0.018464326858520508,exit status=0
	SR solver time= 0.018525123596191406
	symmetric= False
	niter= 43
	niter= 307
	solver time=0.09746980667114258,exit status=0
	RGN solver time= 0.09752058982849121
	xnorm=6.648738559400623,dnorm=0.012422563007380216
	dense amplitude time= 0.017353296279907227
	total non-zero amplitudes= 4900
	nsamples per process= 50
	sample time= 0.25206851959228516
	self.n= 0.2718288642538278
	RGN updated loss=-9.906936275370219,dloss=-3.114094386802435e-07
step= 309

nparam= 1004
	dense amplitude time= 0.026235103607177734
	total non-zero amplitudes= 4900
	nsamples per process= 50
	sample time= 1.2058959007263184
	self.n= 0.27182886425382763
	collect g,h time= 2.641209125518799
E=-9.906936275370217,dE=-3.1140943690388667e-07,std=0
L=-9.906936275370217,dL=-3.1140943690388667e-07,std=0
	gnorm= 8.386656559163287e-05
	symmetric= True
	solver time=0.02961254119873047,exit status=0
	SR solver time= 0.02966594696044922
	symmetric= False
	niter= 44
	niter= 298
	solver time=0.10079693794250488,exit status=0
	RGN solver time= 0.10084390640258789
	xnorm=6.653047616314219,dnorm=0.012367984791632012
	dense amplitude time= 0.02618885040283203
	total non-zero amplitudes= 4900
	nsamples per process= 50
	sample time= 0.2557847499847412
	self.n= 0.27187605993303565
	RGN updated loss=-9.906936591364081,dloss=-3.1599386396408136e-07
step= 310

nparam= 1004
	dense amplitude time= 0.026678085327148438
	total non-zero amplitudes= 4900
	nsamples per process= 50
	sample time= 1.1794829368591309
	self.n= 0.2718760599330357
	collect g,h time= 2.6335697174072266
E=-9.906936591364083,dE=-3.159938657404382e-07,std=0
L=-9.906936591364083,dL=-3.159938657404382e-07,std=0
	gnorm= 0.00019905314954228029
	symmetric= True
	solver time=0.009052753448486328,exit status=0
	SR solver time= 0.009103059768676758
	symmetric= False
	niter= 46
	niter= 281
	solver time=0.07721734046936035,exit status=0
	RGN solver time= 0.07725954055786133
	xnorm=6.657298023220435,dnorm=0.012521564367677759
	dense amplitude time= 0.016859054565429688
	total non-zero amplitudes= 4900
	nsamples per process= 50
	sample time= 0.25543951988220215
	self.n= 0.27197738838682417
	RGN updated loss=-9.906936867065063,dloss=-2.757009802678567e-07
step= 311

nparam= 1004
	dense amplitude time= 0.025977611541748047
	total non-zero amplitudes= 4900
	nsamples per process= 50
	sample time= 1.1919281482696533
	self.n= 0.2719773883868246
	collect g,h time= 2.6564226150512695
E=-9.906936867065065,dE=-2.7570098204421356e-07,std=0
L=-9.906936867065065,dL=-2.7570098204421356e-07,std=0
	gnorm= 0.000139302158147626
	symmetric= True
	solver time=0.0069086551666259766,exit status=0
	SR solver time= 0.00695347785949707
	symmetric= False
	niter= 47
	niter= 281
	solver time=0.0728752613067627,exit status=0
	RGN solver time= 0.07292628288269043
	xnorm=6.661588373993945,dnorm=0.012371760630854794
	dense amplitude time= 0.017913103103637695
	total non-zero amplitudes= 4900
	nsamples per process= 50
	sample time= 0.2631855010986328
	self.n= 0.27202678049564666
	RGN updated loss=-9.906937211850558,dloss=-3.447854926008631e-07
step= 312

nparam= 1004
	dense amplitude time= 0.0523371696472168
	total non-zero amplitudes= 4900
	nsamples per process= 50
	sample time= 1.2585272789001465
	self.n= 0.2720267804956468
	collect g,h time= 2.63592529296875
E=-9.906937211850558,dE=-3.447854926008631e-07,std=0
L=-9.906937211850558,dL=-3.447854926008631e-07,std=0
	gnorm= 7.369297097300321e-05
	symmetric= True
	solver time=0.01263117790222168,exit status=0
	SR solver time= 0.012685775756835938
	symmetric= False
	niter= 42
	niter= 303
	solver time=0.1032404899597168,exit status=0
	RGN solver time= 0.10329174995422363
	xnorm=6.665878905078459,dnorm=0.012275151188411666
	dense amplitude time= 0.016535520553588867
	total non-zero amplitudes= 4900
	nsamples per process= 50
	sample time= 0.2540397644042969
	self.n= 0.272075862946377
	RGN updated loss=-9.90693753234552,dloss=-3.204949621249398e-07
step= 313

nparam= 1004
	dense amplitude time= 0.023398160934448242
	total non-zero amplitudes= 4900
	nsamples per process= 50
	sample time= 1.2026255130767822
	self.n= 0.2720758629463772
	collect g,h time= 2.6361887454986572
E=-9.906937532345518,dE=-3.2049496034858294e-07,std=0
L=-9.906937532345518,dL=-3.2049496034858294e-07,std=0
	gnorm= 7.397458891669405e-05
	symmetric= True
	solver time=0.006747722625732422,exit status=0
	SR solver time= 0.0067920684814453125
	symmetric= False
	niter= 42
	niter= 296
	solver time=0.09576940536499023,exit status=0
	RGN solver time= 0.0958092212677002
	xnorm=6.670114711337765,dnorm=0.012222941179267527
	dense amplitude time= 0.013955116271972656
	total non-zero amplitudes= 4900
	nsamples per process= 50
	sample time= 0.2537541389465332
	self.n= 0.2721211423959239
	RGN updated loss=-9.906937838934198,dloss=-3.065886797770645e-07
step= 314

nparam= 1004
	dense amplitude time= 0.0416102409362793
	total non-zero amplitudes= 4900
	nsamples per process= 50
	sample time= 1.181215524673462
	self.n= 0.2721211423959242
	collect g,h time= 2.6273274421691895
E=-9.9069378389342,dE=-3.0658868155342134e-07,std=0
L=-9.9069378389342,dL=-3.0658868155342134e-07,std=0
	gnorm= 0.00019796417792777035
	symmetric= True
	solver time=0.009587764739990234,exit status=0
	SR solver time= 0.009625434875488281
	symmetric= False
	niter= 47
	niter= 278
	solver time=0.17672467231750488,exit status=0
	RGN solver time= 0.17676734924316406
	xnorm=6.67433597672047,dnorm=0.012309173892025821
	dense amplitude time= 0.01878523826599121
	total non-zero amplitudes= 4900
	nsamples per process= 50
	sample time= 0.2485496997833252
	self.n= 0.2721938512747302
	RGN updated loss=-9.906938107097657,dloss=-2.681634576617853e-07
step= 315

nparam= 1004
	dense amplitude time= 0.023360490798950195
	total non-zero amplitudes= 4900
	nsamples per process= 50
	sample time= 1.2264437675476074
	self.n= 0.2721938512747303
	collect g,h time= 2.6889281272888184
E=-9.906938107097657,dE=-2.681634576617853e-07,std=0
L=-9.906938107097657,dL=-2.681634576617853e-07,std=0
	gnorm= 9.509989849461517e-05
	symmetric= True
	solver time=0.018408536911010742,exit status=0
	SR solver time= 0.018460750579833984
	symmetric= False
	niter= 46
	niter= 299
	solver time=0.09789419174194336,exit status=0
	RGN solver time= 0.0979464054107666
	xnorm=6.678559250410219,dnorm=0.012204260234128888
	dense amplitude time= 0.016592741012573242
	total non-zero amplitudes= 4900
	nsamples per process= 50
	sample time= 0.2734110355377197
	self.n= 0.2722734769360157
	RGN updated loss=-9.906938452976398,dloss=-3.4587874075953096e-07
step= 316

nparam= 1004
	dense amplitude time= 0.01948714256286621
	total non-zero amplitudes= 4900
	nsamples per process= 50
	sample time= 1.3048515319824219
	self.n= 0.27227347693601567
	collect g,h time= 2.64131760597229
E=-9.9069384529764,dE=-3.458787425358878e-07,std=0
L=-9.9069384529764,dL=-3.458787425358878e-07,std=0
	gnorm= 2.113025135266766e-05
	symmetric= True
	niter= 31
	solver time=0.025494813919067383,exit status=0
	SR solver time= 0.025543689727783203
	symmetric= False
	niter= 343
	solver time=0.13093924522399902,exit status=0
	RGN solver time= 0.1309809684753418
	xnorm=6.682766018522671,dnorm=0.012137519411703096
	dense amplitude time= 0.016417264938354492
	total non-zero amplitudes= 4900
	nsamples per process= 50
	sample time= 0.2710139751434326
	self.n= 0.272327933896405
	RGN updated loss=-9.906938758123712,dloss=-3.0514731186315203e-07
step= 317

nparam= 1004
	dense amplitude time= 0.021945714950561523
	total non-zero amplitudes= 4900
	nsamples per process= 50
	sample time= 1.2374088764190674
	self.n= 0.2723279338964051
	collect g,h time= 2.651503562927246
E=-9.906938758123713,dE=-3.0514731363950887e-07,std=0
L=-9.906938758123713,dL=-3.0514731363950887e-07,std=0
	gnorm= 1.9783713750910517e-05
	symmetric= True
	solver time=0.020517826080322266,exit status=0
	SR solver time= 0.020566940307617188
	symmetric= False
	niter= 29
	niter= 342
	solver time=0.10741662979125977,exit status=0
	RGN solver time= 0.10745930671691895
	xnorm=6.686969072154232,dnorm=0.012108586257679856
	dense amplitude time= 0.01607060432434082
	total non-zero amplitudes= 4900
	nsamples per process= 50
	sample time= 0.2490227222442627
	self.n= 0.2723851585005741
	RGN updated loss=-9.906939061609014,dloss=-3.034853008898608e-07
step= 318

nparam= 1004
	dense amplitude time= 0.02565288543701172
	total non-zero amplitudes= 4900
	nsamples per process= 50
	sample time= 1.2010197639465332
	self.n= 0.2723851585005739
	collect g,h time= 2.6612751483917236
E=-9.906939061609012,dE=-3.0348529911350397e-07,std=0
L=-9.906939061609012,dL=-3.0348529911350397e-07,std=0
	gnorm= 2.0108029147199633e-05
	symmetric= True
	solver time=0.005802154541015625,exit status=0
	SR solver time= 0.005844831466674805
	symmetric= False
	niter= 29
	niter= 343
	solver time=0.08809351921081543,exit status=0
	RGN solver time= 0.0881354808807373
	xnorm=6.691158014165713,dnorm=0.012082277997341843
	dense amplitude time= 0.017138004302978516
	total non-zero amplitudes= 4900
	nsamples per process= 50
	sample time= 0.25083351135253906
	self.n= 0.27243777039743733
	RGN updated loss=-9.90693936392714,dloss=-3.023181278649645e-07
step= 319

nparam= 1004
	dense amplitude time= 0.02743673324584961
	total non-zero amplitudes= 4900
	nsamples per process= 50
	sample time= 1.2294154167175293
	self.n= 0.2724377703974378
	collect g,h time= 2.6638176441192627
E=-9.90693936392714,dE=-3.023181278649645e-07,std=0
L=-9.90693936392714,dL=-3.023181278649645e-07,std=0
	gnorm= 2.3205564641970464e-05
	symmetric= True
	solver time=0.006000995635986328,exit status=0
	SR solver time= 0.006053924560546875
	symmetric= False
	niter= 31
	niter= 340
	solver time=0.10429048538208008,exit status=0
	RGN solver time= 0.10433840751647949
	xnorm=6.695337372053649,dnorm=0.012062407765335096
	dense amplitude time= 0.031659841537475586
	total non-zero amplitudes= 4900
	nsamples per process= 50
	sample time= 0.24738764762878418
	self.n= 0.2724967429573395
	RGN updated loss=-9.906939666811056,dloss=-3.0288391528188185e-07
step= 320

nparam= 1004
	dense amplitude time= 0.023202896118164062
	total non-zero amplitudes= 4900
	nsamples per process= 50
	sample time= 1.2480764389038086
	self.n= 0.2724967429573394
	collect g,h time= 2.6518383026123047
E=-9.906939666811061,dE=-3.0288392061095237e-07,std=0
L=-9.906939666811061,dL=-3.0288392061095237e-07,std=0
	gnorm= 0.00018281142601463466
	symmetric= True
	solver time=0.021025896072387695,exit status=0
	SR solver time= 0.02108454704284668
	symmetric= False
	niter= 47
	niter= 280
	solver time=0.08657145500183105,exit status=0
	RGN solver time= 0.08661651611328125
	xnorm=6.699508130873069,dnorm=0.012136133098353454
	dense amplitude time= 0.038346290588378906
	total non-zero amplitudes= 4900
	nsamples per process= 50
	sample time= 0.2631368637084961
	self.n= 0.2725848611386708
	RGN updated loss=-9.906939928546295,dloss=-2.617352343747825e-07
step= 321

nparam= 1004
	dense amplitude time= 0.023211240768432617
	total non-zero amplitudes= 4900
	nsamples per process= 50
	sample time= 1.273122787475586
	self.n= 0.27258486113867075
	collect g,h time= 2.64383864402771
E=-9.906939928546295,dE=-2.617352343747825e-07,std=0
L=-9.906939928546295,dL=-2.617352343747825e-07,std=0
	gnorm= 8.249244580678828e-05
	symmetric= True
	solver time=0.029832124710083008,exit status=0
	SR solver time= 0.02988457679748535
	symmetric= False
	niter= 45
	niter= 303
	solver time=0.09097671508789062,exit status=0
	RGN solver time= 0.09102272987365723
	xnorm=6.703643937305034,dnorm=0.012034933921501846
	dense amplitude time= 0.018077850341796875
	total non-zero amplitudes= 4900
	nsamples per process= 50
	sample time= 0.2565624713897705
	self.n= 0.2726701954307529
	RGN updated loss=-9.90694026152666,dloss=-3.329803650586882e-07
step= 322

nparam= 1004
	dense amplitude time= 0.02450251579284668
	total non-zero amplitudes= 4900
	nsamples per process= 50
	sample time= 1.2168328762054443
	self.n= 0.272670195430753
	collect g,h time= 2.668464422225952
E=-9.906940261526664,dE=-3.329803686114019e-07,std=0
L=-9.906940261526664,dL=-3.329803686114019e-07,std=0
	gnorm= 2.0633024223651158e-05
	symmetric= True
	solver time=0.0051991939544677734,exit status=0
	SR solver time= 0.005248069763183594
	symmetric= False
	niter= 31
	niter= 343
	solver time=0.10773110389709473,exit status=0
	RGN solver time= 0.10780048370361328
	xnorm=6.7077981698798865,dnorm=0.01197833587864459
	dense amplitude time= 0.01712512969970703
	total non-zero amplitudes= 4900
	nsamples per process= 50
	sample time= 0.24937939643859863
	self.n= 0.2727304276810518
	RGN updated loss=-9.906940558782143,dloss=-2.9725547889825066e-07
step= 323

nparam= 1004
	dense amplitude time= 0.016968488693237305
	total non-zero amplitudes= 4900
	nsamples per process= 50
	sample time= 1.183286428451538
	self.n= 0.2727304276810517
	collect g,h time= 2.653712511062622
E=-9.906940558782143,dE=-2.9725547889825066e-07,std=0
L=-9.906940558782143,dL=-2.9725547889825066e-07,std=0
	gnorm= 1.9560323006488055e-05
	symmetric= True
	solver time=0.006109714508056641,exit status=0
	SR solver time= 0.006161212921142578
	symmetric= False
	niter= 29
	niter= 343
	solver time=0.10093998908996582,exit status=0
	RGN solver time= 0.10098862648010254
	xnorm=6.711941812412715,dnorm=0.011951053976395539
	dense amplitude time= 0.018206119537353516
	total non-zero amplitudes= 4900
	nsamples per process= 50
	sample time= 0.26018452644348145
	self.n= 0.27279346040337593
	RGN updated loss=-9.906940855313128,dloss=-2.965309846558739e-07
step= 324

nparam= 1004
	dense amplitude time= 0.016570568084716797
	total non-zero amplitudes= 4900
	nsamples per process= 50
	sample time= 1.3001956939697266
	self.n= 0.27279346040337604
	collect g,h time= 2.6491165161132812
E=-9.906940855313126,dE=-2.9653098287951707e-07,std=0
L=-9.906940855313126,dL=-2.9653098287951707e-07,std=0
	gnorm= 0.00018292033880192954
	symmetric= True
	solver time=0.00817728042602539,exit status=0
	SR solver time= 0.008227348327636719
	symmetric= False
	niter= 47
	niter= 278
	solver time=0.0793616771697998,exit status=0
	RGN solver time= 0.07941627502441406
	xnorm=6.7160711291491735,dnorm=0.01202105774024629
	dense amplitude time= 0.01615619659423828
	total non-zero amplitudes= 4900
	nsamples per process= 50
	sample time= 0.27251386642456055
	self.n= 0.2728859626070044
	RGN updated loss=-9.906941111511319,dloss=-2.561981933268953e-07
step= 325

nparam= 1004
	dense amplitude time= 0.019594192504882812
	total non-zero amplitudes= 4900
	nsamples per process= 50
	sample time= 1.2589890956878662
	self.n= 0.272885962607005
	collect g,h time= 2.6718342304229736
E=-9.906941111511316,dE=-2.5619818977418163e-07,std=0
L=-9.906941111511316,dL=-2.5619818977418163e-07,std=0
	gnorm= 8.278152245644912e-05
	symmetric= True
	solver time=0.007509946823120117,exit status=0
	SR solver time= 0.007561683654785156
	symmetric= False
	niter= 45
	niter= 302
	solver time=0.07734274864196777,exit status=0
	RGN solver time= 0.07739114761352539
	xnorm=6.720163655310172,dnorm=0.011927216286913747
	dense amplitude time= 0.018227577209472656
	total non-zero amplitudes= 4900
	nsamples per process= 50
	sample time= 0.26204538345336914
	self.n= 0.27297555555537667
	RGN updated loss=-9.906941439273007,dloss=-3.277616915653425e-07
step= 326

nparam= 1004
	dense amplitude time= 0.02691793441772461
	total non-zero amplitudes= 4900
	nsamples per process= 50
	sample time= 1.2061574459075928
	self.n= 0.27297555555537695
	collect g,h time= 2.642360210418701
E=-9.906941439273007,dE=-3.277616915653425e-07,std=0
L=-9.906941439273007,dL=-3.277616915653425e-07,std=0
	gnorm= 2.250845892749942e-05
	symmetric= True
	solver time=0.005982875823974609,exit status=0
	SR solver time= 0.006036520004272461
	symmetric= False
	niter= 32
	niter= 343
	solver time=0.10406088829040527,exit status=0
	RGN solver time= 0.10411643981933594
	xnorm=6.724275608325994,dnorm=0.011872571137985472
	dense amplitude time= 0.016768217086791992
	total non-zero amplitudes= 4900
	nsamples per process= 50
	sample time= 0.24891185760498047
	self.n= 0.27303729437626134
	RGN updated loss=-9.906941733558778,dloss=-2.9428577086321184e-07
step= 327

nparam= 1004
	dense amplitude time= 0.0207216739654541
	total non-zero amplitudes= 4900
	nsamples per process= 50
	sample time= 1.1841809749603271
	self.n= 0.27303729437626145
	collect g,h time= 2.6525192260742188
E=-9.906941733558776,dE=-2.94285769086855e-07,std=0
L=-9.906941733558776,dL=-2.94285769086855e-07,std=0
	gnorm= 0.0001812889094851448
	symmetric= True
	niter= 47
	solver time=0.017880678176879883,exit status=0
	SR solver time= 0.01794123649597168
	symmetric= False
	niter= 279
	solver time=0.08139705657958984,exit status=0
	RGN solver time= 0.08144783973693848
	xnorm=6.728379850985474,dnorm=0.011937238646120896
	dense amplitude time= 0.018636226654052734
	total non-zero amplitudes= 4900
	nsamples per process= 50
	sample time= 0.2704334259033203
	self.n= 0.2731320761864271
	RGN updated loss=-9.906941985164108,dloss=-2.5160533212442715e-07
step= 328

nparam= 1004
	dense amplitude time= 0.028015613555908203
	total non-zero amplitudes= 4900
	nsamples per process= 50
	sample time= 1.2809467315673828
	self.n= 0.2731320761864272
	collect g,h time= 2.64668345451355
E=-9.906941985164107,dE=-2.516053303480703e-07,std=0
L=-9.906941985164107,dL=-2.516053303480703e-07,std=0
	gnorm= 8.28060275100554e-05
	symmetric= True
	niter= 45
	solver time=0.017905712127685547,exit status=0
	SR solver time= 0.017955780029296875
	symmetric= False
	niter= 302
	solver time=0.08621788024902344,exit status=0
	RGN solver time= 0.08628320693969727
	xnorm=6.732442018223303,dnorm=0.011852933454781283
	dense amplitude time= 0.01753997802734375
	total non-zero amplitudes= 4900
	nsamples per process= 50
	sample time= 0.2817814350128174
	self.n= 0.2732237268114609
	RGN updated loss=-9.906942310003053,dloss=-3.2483894685242376e-07
step= 329

nparam= 1004
	dense amplitude time= 0.016889333724975586
	total non-zero amplitudes= 4900
	nsamples per process= 50
	sample time= 1.3142499923706055
	self.n= 0.27322372681146123
	collect g,h time= 2.645745038986206
E=-9.906942310003053,dE=-3.2483894685242376e-07,std=0
L=-9.906942310003053,dL=-3.2483894685242376e-07,std=0
	gnorm= 2.02330236634376e-05
	symmetric= True
	solver time=0.00582575798034668,exit status=0
	SR solver time= 0.005875110626220703
	symmetric= False
	niter= 32
	niter= 343
	solver time=0.09881353378295898,exit status=0
	RGN solver time= 0.09886908531188965
	xnorm=6.736523558922647,dnorm=0.011796827715662834
	dense amplitude time= 0.01778101921081543
	total non-zero amplitudes= 4900
	nsamples per process= 50
	sample time= 0.2603182792663574
	self.n= 0.27329226871167067
	RGN updated loss=-9.90694260012291,dloss=-2.9011985702709353e-07
step= 330

nparam= 1004
	dense amplitude time= 0.018776416778564453
	total non-zero amplitudes= 4900
	nsamples per process= 50
	sample time= 1.2372286319732666
	self.n= 0.2732922687116709
	collect g,h time= 2.622600555419922
E=-9.906942600122912,dE=-2.9011985880345037e-07,std=0
L=-9.906942600122912,dL=-2.9011985880345037e-07,std=0
	gnorm= 0.00018173322816374035
	symmetric= True
	solver time=0.012887954711914062,exit status=0
	SR solver time= 0.012938737869262695
	symmetric= False
	niter= 47
	niter= 278
	solver time=0.08224964141845703,exit status=0
	RGN solver time= 0.08229303359985352
	xnorm=6.740592802748939,dnorm=0.011862785690736136
	dense amplitude time= 0.02501225471496582
	total non-zero amplitudes= 4900
	nsamples per process= 50
	sample time= 0.2518036365509033
	self.n= 0.2733916764463111
	RGN updated loss=-9.906942848795426,dloss=-2.4867251369187215e-07
step= 331

nparam= 1004
	dense amplitude time= 0.04134321212768555
	total non-zero amplitudes= 4900
	nsamples per process= 50
	sample time= 1.2257754802703857
	self.n= 0.2733916764463111
	collect g,h time= 2.608426094055176
E=-9.906942848795426,dE=-2.4867251369187215e-07,std=0
L=-9.906942848795426,dL=-2.4867251369187215e-07,std=0
	gnorm= 8.305364199523122e-05
	symmetric= True
	solver time=0.008251428604125977,exit status=0
	SR solver time= 0.008298873901367188
	symmetric= False
	niter= 46
	niter= 302
	solver time=0.09258675575256348,exit status=0
	RGN solver time= 0.09262847900390625
	xnorm=6.744618855193006,dnorm=0.011780210285150194
	dense amplitude time= 0.015967369079589844
	total non-zero amplitudes= 4900
	nsamples per process= 50
	sample time= 0.2587740421295166
	self.n= 0.2734895759983891
	RGN updated loss=-9.906943170099511,dloss=-3.2130408555985923e-07
step= 332

nparam= 1004
	dense amplitude time= 0.02644968032836914
	total non-zero amplitudes= 4900
	nsamples per process= 50
	sample time= 1.255152940750122
	self.n= 0.27348957599838947
	collect g,h time= 2.612394332885742
E=-9.906943170099511,dE=-3.2130408555985923e-07,std=0
L=-9.906943170099511,dL=-3.2130408555985923e-07,std=0
	gnorm= 2.0094692447955198e-05
	symmetric= True
	solver time=0.016762256622314453,exit status=0
	SR solver time= 0.0168154239654541
	symmetric= False
	niter= 32
	niter= 343
	solver time=0.0964052677154541,exit status=0
	RGN solver time= 0.09645318984985352
	xnorm=6.748666475444499,dnorm=0.011725778781835785
	dense amplitude time= 0.01670241355895996
	total non-zero amplitudes= 4900
	nsamples per process= 50
	sample time= 0.281374454498291
	self.n= 0.2735632389198872
	RGN updated loss=-9.906943455616988,dloss=-2.8551747632832303e-07
step= 333

nparam= 1004
	dense amplitude time= 0.019270896911621094
	total non-zero amplitudes= 4900
	nsamples per process= 50
	sample time= 1.2929503917694092
	self.n= 0.27356323891988715
	collect g,h time= 2.6305460929870605
E=-9.906943455616988,dE=-2.8551747632832303e-07,std=0
L=-9.906943455616988,dL=-2.8551747632832303e-07,std=0
	gnorm= 0.0001827528810513891
	symmetric= True
	solver time=0.03569388389587402,exit status=0
	SR solver time= 0.03574800491333008
	symmetric= False
	niter= 46
	niter= 277
	solver time=0.0715022087097168,exit status=0
	RGN solver time= 0.0715484619140625
	xnorm=6.752701801496545,dnorm=0.011796594255247093
	dense amplitude time= 0.01603555679321289
	total non-zero amplitudes= 4900
	nsamples per process= 50
	sample time= 0.27170372009277344
	self.n= 0.2736750345961628
	RGN updated loss=-9.90694370129716,dloss=-2.4568017309434254e-07
step= 334

nparam= 1004
	dense amplitude time= 0.02264881134033203
	total non-zero amplitudes= 4900
	nsamples per process= 50
	sample time= 1.270160436630249
	self.n= 0.27367503459616305
	collect g,h time= 2.587129831314087
E=-9.906943701297156,dE=-2.45680167765272e-07,std=0
L=-9.906943701297156,dL=-2.45680167765272e-07,std=0
	gnorm= 8.23684195533055e-05
	symmetric= True
	solver time=0.010137557983398438,exit status=0
	SR solver time= 0.010190010070800781
	symmetric= False
	niter= 46
	niter= 304
	solver time=0.2174832820892334,exit status=0
	RGN solver time= 0.21753334999084473
	xnorm=6.756693283635281,dnorm=0.01171015496038793
	dense amplitude time= 0.03730320930480957
	total non-zero amplitudes= 4900
	nsamples per process= 50
	sample time= 0.25757861137390137
	self.n= 0.2737814220247424
	RGN updated loss=-9.906944019801001,dloss=-3.185038455200129e-07
step= 335

nparam= 1004
	dense amplitude time= 0.044118404388427734
	total non-zero amplitudes= 4900
	nsamples per process= 50
	sample time= 1.2277145385742188
	self.n= 0.2737814220247424
	niter= 32
	collect g,h time= 2.609070062637329
E=-9.906944019801003,dE=-3.185038472963697e-07,std=0
L=-9.906944019801003,dL=-3.185038472963697e-07,std=0
	gnorm= 2.004328010344936e-05
	symmetric= True
	solver time=0.0055713653564453125,exit status=0
	SR solver time= 0.005609989166259766
	symmetric= False
	niter= 343
	solver time=0.10458564758300781,exit status=0
	RGN solver time= 0.10462546348571777
	xnorm=6.760705913396928,dnorm=0.011654864428120653
	dense amplitude time= 0.016197919845581055
	total non-zero amplitudes= 4900
	nsamples per process= 50
	sample time= 0.2479090690612793
	self.n= 0.27386472098610415
	RGN updated loss=-9.906944300613606,dloss=-2.808126033926328e-07
step= 336

nparam= 1004
	dense amplitude time= 0.02724313735961914
	total non-zero amplitudes= 4900
	nsamples per process= 50
	sample time= 1.2076148986816406
	self.n= 0.2738647209861042
	collect g,h time= 2.5971555709838867
E=-9.906944300613608,dE=-2.8081260516898965e-07,std=0
L=-9.906944300613608,dL=-2.8081260516898965e-07,std=0
	gnorm= 0.00018188851993864233
	symmetric= True
	solver time=0.031032562255859375,exit status=0
	SR solver time= 0.031091928482055664
	symmetric= False
	niter= 46
	niter= 278
	solver time=0.08192634582519531,exit status=0
	RGN solver time= 0.08197665214538574
	xnorm=6.764705972212577,dnorm=0.011716012611964003
	dense amplitude time= 0.014627456665039062
	total non-zero amplitudes= 4900
	nsamples per process= 50
	sample time= 0.26437807083129883
	self.n= 0.27397790165121894
	RGN updated loss=-9.906944543007256,dloss=-2.42393648264283e-07
step= 337

nparam= 1004
	dense amplitude time= 0.023446321487426758
	total non-zero amplitudes= 4900
	nsamples per process= 50
	sample time= 1.2589402198791504
	self.n= 0.27397790165121916
	collect g,h time= 2.6592705249786377
E=-9.906944543007254,dE=-2.4239364648792616e-07,std=0
L=-9.906944543007254,dL=-2.4239364648792616e-07,std=0
	gnorm= 8.274077262986529e-05
	symmetric= True
	solver time=0.0073359012603759766,exit status=0
	SR solver time= 0.007376670837402344
	symmetric= False
	niter= 46
	niter= 304
	solver time=0.11065840721130371,exit status=0
	RGN solver time= 0.11070132255554199
	xnorm=6.7686611600552995,dnorm=0.011638143519212087
	dense amplitude time= 0.0368497371673584
	total non-zero amplitudes= 4900
	nsamples per process= 50
	sample time= 0.26685166358947754
	self.n= 0.27409098536319165
	RGN updated loss=-9.90694485851251,dloss=-3.1550525569912224e-07
step= 338

nparam= 1004
	dense amplitude time= 0.02189493179321289
	total non-zero amplitudes= 4900
	nsamples per process= 50
	sample time= 1.2698707580566406
	self.n= 0.274090985363192
	collect g,h time= 2.667252779006958
E=-9.906944858512514,dE=-3.155052592518359e-07,std=0
L=-9.906944858512514,dL=-3.155052592518359e-07,std=0
	gnorm= 2.0813353877433452e-05
	symmetric= True
	solver time=0.005179882049560547,exit status=0
	SR solver time= 0.005224704742431641
	symmetric= False
	niter= 32
	niter= 343
	solver time=0.1373882293701172,exit status=0
	RGN solver time= 0.13743281364440918
	xnorm=6.772639615025184,dnorm=0.011577912109644053
	dense amplitude time= 0.016835927963256836
	total non-zero amplitudes= 4900
	nsamples per process= 50
	sample time= 0.2716047763824463
	self.n= 0.2741806513799151
	RGN updated loss=-9.906945135168568,dloss=-2.766560545097718e-07
step= 339

nparam= 1004
	dense amplitude time= 0.01888418197631836
	total non-zero amplitudes= 4900
	nsamples per process= 50
	sample time= 1.2642929553985596
	self.n= 0.27418065137991554
	collect g,h time= 2.669353485107422
E=-9.906945135168568,dE=-2.766560545097718e-07,std=0
L=-9.906945135168568,dL=-2.766560545097718e-07,std=0
	gnorm= 0.00018486848987235658
	symmetric= True
	solver time=0.0341944694519043,exit status=0
	SR solver time= 0.034249067306518555
	symmetric= False
	niter= 46
	niter= 278
	solver time=0.12716245651245117,exit status=0
	RGN solver time= 0.12721538543701172
	xnorm=6.7766060168798266,dnorm=0.011649131707541192
	dense amplitude time= 0.014219522476196289
	total non-zero amplitudes= 4900
	nsamples per process= 50
	sample time= 0.25341057777404785
	self.n= 0.27430485331966153
	RGN updated loss=-9.906945375151654,dloss=-2.3998308584793904e-07
step= 340

nparam= 1004
	dense amplitude time= 0.029345273971557617
	total non-zero amplitudes= 4900
	nsamples per process= 50
	sample time= 1.215775489807129
	self.n= 0.2743048533196616
	collect g,h time= 2.6341233253479004
E=-9.906945375151654,dE=-2.3998308584793904e-07,std=0
L=-9.906945375151654,dL=-2.3998308584793904e-07,std=0
	gnorm= 8.485074804233776e-05
	symmetric= True
	solver time=0.007544994354248047,exit status=0
	SR solver time= 0.00758814811706543
	symmetric= False
	niter= 45
	niter= 302
	solver time=0.12494683265686035,exit status=0
	RGN solver time= 0.12498879432678223
	xnorm=6.780520358573809,dnorm=0.011566363231029124
	dense amplitude time= 0.018496036529541016
	total non-zero amplitudes= 4900
	nsamples per process= 50
	sample time= 0.27047157287597656
	self.n= 0.2744245541270492
	RGN updated loss=-9.90694569014366,dloss=-3.1499200581208697e-07
step= 341

nparam= 1004
	dense amplitude time= 0.022625446319580078
	total non-zero amplitudes= 4900
	nsamples per process= 50
	sample time= 1.272367238998413
	self.n= 0.27442455412704947
	collect g,h time= 2.677748918533325
E=-9.906945690143658,dE=-3.1499200403573013e-07,std=0
L=-9.906945690143658,dL=-3.1499200403573013e-07,std=0
	gnorm= 0.0001535652369157266
	symmetric= True
	solver time=0.008636236190795898,exit status=0
	SR solver time= 0.008683204650878906
	symmetric= False
	niter= 47
	niter= 281
	solver time=0.08811450004577637,exit status=0
	RGN solver time= 0.08816194534301758
	xnorm=6.7844610056517975,dnorm=0.011607350869603659
	dense amplitude time= 0.01727604866027832
	total non-zero amplitudes= 4900
	nsamples per process= 50
	sample time= 0.2648963928222656
	self.n= 0.27453026894022103
	RGN updated loss=-9.906945939479572,dloss=-2.493359136934714e-07
step= 342

nparam= 1004
	dense amplitude time= 0.026728153228759766
	total non-zero amplitudes= 4900
	nsamples per process= 50
	sample time= 1.2528362274169922
	self.n= 0.27453026894022137
	collect g,h time= 2.6694068908691406
E=-9.906945939479575,dE=-2.493359172461851e-07,std=0
L=-9.906945939479575,dL=-2.493359172461851e-07,std=0
	gnorm= 0.0002056646529761777
	symmetric= True
	solver time=0.007488250732421875,exit status=0
	SR solver time= 0.007653713226318359
	symmetric= False
	niter= 46
	niter= 277
	solver time=0.07602691650390625,exit status=0
	RGN solver time= 0.07607316970825195
	xnorm=6.788480443462694,dnorm=0.011591066286520292
	dense amplitude time= 0.019043684005737305
	total non-zero amplitudes= 4900
	nsamples per process= 50
	sample time= 0.26306653022766113
	self.n= 0.27467204506525017
	RGN updated loss=-9.906946196653696,dloss=-2.571741202217481e-07
step= 343

nparam= 1004
	dense amplitude time= 0.02976822853088379
	total non-zero amplitudes= 4900
	nsamples per process= 50
	sample time= 1.2458827495574951
	self.n= 0.2746720450652505
	collect g,h time= 2.6952574253082275
E=-9.906946196653697,dE=-2.5717412199810497e-07,std=0
L=-9.906946196653697,dL=-2.5717412199810497e-07,std=0
	niter= 46
	gnorm= 8.675877188028806e-05
	symmetric= True
	solver time=0.007744312286376953,exit status=0
	SR solver time= 0.0077936649322509766
	symmetric= False
	niter= 302
	solver time=0.09943628311157227,exit status=0
	RGN solver time= 0.09948372840881348
	xnorm=6.792326732783969,dnorm=0.011493168950938042
	dense amplitude time= 0.016101837158203125
	total non-zero amplitudes= 4900
	nsamples per process= 50
	sample time= 0.2585430145263672
	self.n= 0.2747964453301257
	RGN updated loss=-9.906946505414847,dloss=-3.087611499807963e-07
step= 344

nparam= 1004
	dense amplitude time= 0.029603004455566406
	total non-zero amplitudes= 4900
	nsamples per process= 50
	sample time= 1.2029659748077393
	self.n= 0.2747964453301258
	collect g,h time= 2.6256580352783203
E=-9.906946505414847,dE=-3.087611499807963e-07,std=0
L=-9.906946505414847,dL=-3.087611499807963e-07,std=0
	gnorm= 6.822842970117727e-05
	symmetric= True
	solver time=0.019192218780517578,exit status=0
	SR solver time= 0.019245624542236328
	symmetric= False
	niter= 44
	niter= 312
	solver time=0.09073209762573242,exit status=0
	RGN solver time= 0.09077739715576172
	xnorm=6.796204060340322,dnorm=0.011504949285556943
	dense amplitude time= 0.017680644989013672
	total non-zero amplitudes= 4900
	nsamples per process= 50
	sample time= 0.26763248443603516
	self.n= 0.27491396315484107
	RGN updated loss=-9.906946770932938,dloss=-2.655180910693389e-07
step= 345

nparam= 1004
	dense amplitude time= 0.03824782371520996
	total non-zero amplitudes= 4900
	nsamples per process= 50
	sample time= 1.2912187576293945
	self.n= 0.2749139631548413
	collect g,h time= 2.686972141265869
E=-9.90694677093294,dE=-2.655180928456957e-07,std=0
L=-9.90694677093294,dL=-2.655180928456957e-07,std=0
	gnorm= 0.00017232734059261393
	symmetric= True
	solver time=0.007201433181762695,exit status=0
	SR solver time= 0.007246255874633789
	symmetric= False
	niter= 45
	niter= 281
	solver time=0.08841681480407715,exit status=0
	RGN solver time= 0.08847713470458984
	xnorm=6.800050958563935,dnorm=0.011680943596619696
	dense amplitude time= 0.0168154239654541
	total non-zero amplitudes= 4900
	nsamples per process= 50
	sample time= 0.26920413970947266
	self.n= 0.27502603327258757
	RGN updated loss=-9.906947003265188,dloss=-2.3233224766272542e-07
step= 346

nparam= 1004
	dense amplitude time= 0.018798828125
	total non-zero amplitudes= 4900
	nsamples per process= 50
	sample time= 1.2443556785583496
	self.n= 0.275026033272588
	collect g,h time= 2.6536622047424316
E=-9.906947003265186,dE=-2.3233224588636858e-07,std=0
L=-9.906947003265186,dL=-2.3233224588636858e-07,std=0
	gnorm= 0.00012288005849841243
	symmetric= True
	solver time=0.009122610092163086,exit status=0
	SR solver time= 0.009176254272460938
	symmetric= False
	niter= 46
	niter= 292
	solver time=0.08912014961242676,exit status=0
	RGN solver time= 0.08916187286376953
	xnorm=6.8040088485962436,dnorm=0.011517129307348538
	dense amplitude time= 0.049276113510131836
	total non-zero amplitudes= 4900
	nsamples per process= 50
	sample time= 0.2733314037322998
	self.n= 0.275167872450945
	RGN updated loss=-9.906947305200825,dloss=-3.0193563915759114e-07
step= 347

nparam= 1004
	dense amplitude time= 0.022150039672851562
	total non-zero amplitudes= 4900
	nsamples per process= 50
	sample time= 1.3305385112762451
	self.n= 0.2751678724509452
	collect g,h time= 2.699207067489624
E=-9.906947305200825,dE=-3.0193563915759114e-07,std=0
L=-9.906947305200825,dL=-3.0193563915759114e-07,std=0
	gnorm= 4.78890345541349e-05
	symmetric= True
	solver time=0.0068242549896240234,exit status=0
	SR solver time= 0.006873130798339844
	symmetric= False
	niter= 42
	niter= 312
	solver time=0.08878326416015625,exit status=0
	RGN solver time= 0.08882546424865723
	xnorm=6.807805768186347,dnorm=0.01140377483074696
	dense amplitude time= 0.01739025115966797
	total non-zero amplitudes= 4900
	nsamples per process= 50
	sample time= 0.26294374465942383
	self.n= 0.275282863068861
	RGN updated loss=-9.906947585201914,dloss=-2.800010889814075e-07
step= 348

nparam= 1004
	dense amplitude time= 0.01670980453491211
	total non-zero amplitudes= 4900
	nsamples per process= 50
	sample time= 1.2337265014648438
	self.n= 0.2752828630688613
	collect g,h time= 2.6463418006896973
E=-9.906947585201912,dE=-2.800010872050507e-07,std=0
L=-9.906947585201912,dL=-2.800010872050507e-07,std=0
	gnorm= 0.00015361976226160846
	symmetric= True
	solver time=0.007463932037353516,exit status=0
	SR solver time= 0.007547616958618164
	symmetric= False
	niter= 47
	niter= 280
	solver time=0.09035539627075195,exit status=0
	RGN solver time= 0.09040355682373047
	xnorm=6.811639590917214,dnorm=0.011421917948238231
	dense amplitude time= 0.014918088912963867
	total non-zero amplitudes= 4900
	nsamples per process= 50
	sample time= 0.26821351051330566
	self.n= 0.275417069221056
	RGN updated loss=-9.906947826306077,dloss=-2.4110416418920977e-07
step= 349

nparam= 1004
	dense amplitude time= 0.01779961585998535
	total non-zero amplitudes= 4900
	nsamples per process= 50
	sample time= 1.2795002460479736
	self.n= 0.2754170692210565
	collect g,h time= 2.665570020675659
E=-9.906947826306078,dE=-2.411041659655666e-07,std=0
L=-9.906947826306078,dL=-2.411041659655666e-07,std=0
	gnorm= 0.00011759467846585666
	symmetric= True
	niter= 	solver time=0.019404888153076172,exit status=0
	SR solver time= 0.01946878433227539
	symmetric= False
46
	niter= 286
	solver time=0.08727192878723145,exit status=0
	RGN solver time= 0.08731842041015625
	xnorm=6.815545363742169,dnorm=0.011386859352572372
	dense amplitude time= 0.019803524017333984
	total non-zero amplitudes= 4900
	nsamples per process= 50
	sample time= 0.26940107345581055
	self.n= 0.275564396393139
	RGN updated loss=-9.906948105438893,dloss=-2.791328146400929e-07
step= 350

nparam= 1004
	dense amplitude time= 0.022499561309814453
	total non-zero amplitudes= 4900
	nsamples per process= 50
	sample time= 1.2462873458862305
	self.n= 0.2755643963931397
	collect g,h time= 2.663943290710449
E=-9.906948105438891,dE=-2.7913281286373604e-07,std=0
L=-9.906948105438891,dL=-2.7913281286373604e-07,std=0
	gnorm= 8.262262588317265e-05
	symmetric= True
	solver time=0.007440328598022461,exit status=0
	SR solver time= 0.007489204406738281
	symmetric= False
	niter= 45
	niter= 304
	solver time=0.09148740768432617,exit status=0
	RGN solver time= 0.09154248237609863
	xnorm=6.819313126237167,dnorm=0.011415573800189295
	dense amplitude time= 0.01542353630065918
	total non-zero amplitudes= 4900
	nsamples per process= 50
	sample time= 0.269944429397583
	self.n= 0.27567001698762683
	RGN updated loss=-9.906948375983712,dloss=-2.705448203244032e-07
step= 351

nparam= 1004
	dense amplitude time= 0.04269003868103027
	total non-zero amplitudes= 4900
	nsamples per process= 50
	sample time= 1.3187305927276611
	self.n= 0.2756700169876272
	collect g,h time= 2.642667293548584
E=-9.906948375983713,dE=-2.7054482210076003e-07,std=0
L=-9.906948375983713,dL=-2.7054482210076003e-07,std=0
	gnorm= 0.00015994897591744062
	symmetric= True
	solver time=0.008342981338500977,exit status=0
	SR solver time= 0.008395910263061523
	symmetric= False
	niter= 47
	niter= 280
	solver time=0.09772205352783203,exit status=0
	RGN solver time= 0.09777212142944336
	xnorm=6.823187679993,dnorm=0.011385573356100756
	dense amplitude time= 0.014958381652832031
	total non-zero amplitudes= 4900
	nsamples per process= 50
	sample time= 0.26772189140319824
	self.n= 0.2758266250317618
	RGN updated loss=-9.906948622358906,dloss=-2.463751922476831e-07
step= 352

nparam= 1004
	dense amplitude time= 0.024148941040039062
	total non-zero amplitudes= 4900
	nsamples per process= 50
	sample time= 1.2355809211730957
	self.n= 0.2758266250317622
	collect g,h time= 2.6971585750579834
E=-9.906948622358907,dE=-2.4637519402403996e-07,std=0
L=-9.906948622358907,dL=-2.4637519402403996e-07,std=0
	gnorm= 0.00011737319679685
	symmetric= True
	solver time=0.00969243049621582,exit status=0
	SR solver time= 0.009739875793457031
	symmetric= False
	niter= 46
	niter= 287
	solver time=0.14154887199401855,exit status=0
	RGN solver time= 0.14160704612731934
	xnorm=6.8270412182403595,dnorm=0.011337731660071414
	dense amplitude time= 0.03878593444824219
	total non-zero amplitudes= 4900
	nsamples per process= 50
	sample time= 0.2651698589324951
	self.n= 0.27598608202202246
	RGN updated loss=-9.906948900423963,dloss=-2.780650554257136e-07
step= 353

nparam= 1004
	dense amplitude time= 0.021643400192260742
	total non-zero amplitudes= 4900
	nsamples per process= 50
	sample time= 1.2702858448028564
	self.n= 0.27598608202202285
	collect g,h time= 2.6257777214050293
E=-9.906948900423957,dE=-2.7806505009664306e-07,std=0
L=-9.906948900423957,dL=-2.7806505009664306e-07,std=0
	gnorm= 8.506781803765617e-05
	symmetric= True
	solver time=0.0077130794525146484,exit status=0
	SR solver time= 0.007802724838256836
	symmetric= False
	niter= 44
	niter= 309
	solver time=0.10097217559814453,exit status=0
	RGN solver time= 0.10103344917297363
	xnorm=6.83077908033417,dnorm=0.011420347059747555
	dense amplitude time= 0.017657756805419922
	total non-zero amplitudes= 4900
	nsamples per process= 50
	sample time= 0.26363158226013184
	self.n= 0.27612781519618024
	RGN updated loss=-9.906949151495459,dloss=-2.510715013670506e-07
step= 354

nparam= 1004
	dense amplitude time= 0.03751420974731445
	total non-zero amplitudes= 4900
	nsamples per process= 50
	sample time= 1.2369256019592285
	self.n= 0.27612781519618024
	collect g,h time= 2.72048020362854
E=-9.906949151495462,dE=-2.5107150491976427e-07,std=0
L=-9.906949151495462,dL=-2.5107150491976427e-07,std=0
	gnorm= 0.0001586606606577445
	symmetric= True
	solver time=0.007656574249267578,exit status=0
	SR solver time= 0.007714033126831055
	symmetric= False
	niter= 47
	niter= 281
	solver time=0.07677936553955078,exit status=0
	RGN solver time= 0.07682633399963379
	xnorm=6.834523469169829,dnorm=0.011381324967194378
	dense amplitude time= 0.018186092376708984
	total non-zero amplitudes= 4900
	nsamples per process= 50
	sample time= 0.27175426483154297
	self.n= 0.276288938074982
	RGN updated loss=-9.906949407439393,dloss=-2.5594393093797407e-07
step= 355

nparam= 1004
	dense amplitude time= 0.02690720558166504
	total non-zero amplitudes= 4900
	nsamples per process= 50
	sample time= 1.3000290393829346
	self.n= 0.27628893807498245
	collect g,h time= 2.6814308166503906
E=-9.906949407439392,dE=-2.5594392916161723e-07,std=0
L=-9.906949407439392,dL=-2.5594392916161723e-07,std=0
	gnorm= 0.0001050435139524655
	symmetric= True
	solver time=0.019290924072265625,exit status=0
	SR solver time= 0.01934361457824707
	symmetric= False
	niter= 47
	niter= 283
	solver time=0.07569241523742676,exit status=0
	RGN solver time= 0.07573699951171875
	xnorm=6.838340730330634,dnorm=0.011247023412695857
	dense amplitude time= 0.016757488250732422
	total non-zero amplitudes= 4900
	nsamples per process= 50
	sample time= 0.2711069583892822
	self.n= 0.2764495601389373
	RGN updated loss=-9.906949694944867,dloss=-2.875054754269968e-07
step= 356

nparam= 1004
	dense amplitude time= 0.01795816421508789
	total non-zero amplitudes= 4900
	nsamples per process= 50
	sample time= 1.260155200958252
	self.n= 0.27644956013893757
	collect g,h time= 2.6944284439086914
E=-9.90694969494487,dE=-2.8750547897971046e-07,std=0
L=-9.90694969494487,dL=-2.8750547897971046e-07,std=0
	gnorm= 9.498213507012175e-05
	symmetric= True
	solver time=0.00803518295288086,exit status=0
	SR solver time= 0.00807809829711914
	symmetric= False
	niter= 45
	niter= 299
	solver time=0.09888577461242676,exit status=0
	RGN solver time= 0.09892702102661133
	xnorm=6.842092267104479,dnorm=0.011267232833883267
	dense amplitude time= 0.014733076095581055
	total non-zero amplitudes= 4900
	nsamples per process= 50
	sample time= 0.264723539352417
	self.n= 0.2766018492502692
	RGN updated loss=-9.906949939593046,dloss=-2.4464817549585405e-07
step= 357

nparam= 1004
	dense amplitude time= 0.01744842529296875
	total non-zero amplitudes= 4900
	nsamples per process= 50
	sample time= 1.2787322998046875
	self.n= 0.27660184925026954
	collect g,h time= 2.660651683807373
E=-9.906949939593044,dE=-2.446481737194972e-07,std=0
L=-9.906949939593044,dL=-2.446481737194972e-07,std=0
	gnorm= 0.0001698536247354285
	symmetric= True
	solver time=0.014382362365722656,exit status=0
	SR solver time= 0.014428853988647461
	symmetric= False
	niter= 47
	niter= 280
	solver time=0.08357024192810059,exit status=0
	RGN solver time= 0.08361482620239258
	xnorm=6.845801283967319,dnorm=0.011273265778598711
	dense amplitude time= 0.016340255737304688
	total non-zero amplitudes= 4900
	nsamples per process= 50
	sample time= 0.2711358070373535
	self.n= 0.2767685587768046
	RGN updated loss=-9.906950185752212,dloss=-2.461591677160868e-07
step= 358

nparam= 1004
	dense amplitude time= 0.020099639892578125
	total non-zero amplitudes= 4900
	nsamples per process= 50
	sample time= 1.2378644943237305
	self.n= 0.2767685587768049
	collect g,h time= 2.6688902378082275
E=-9.906950185752214,dE=-2.4615916949244365e-07,std=0
L=-9.906950185752214,dL=-2.4615916949244365e-07,std=0
	gnorm= 0.00010434846056309878
	symmetric= True
	solver time=0.02176833152770996,exit status=0
	SR solver time= 0.02182483673095703
	symmetric= False
	niter= 46
	niter= 285
	solver time=0.11826634407043457,exit status=0
	RGN solver time= 0.11831140518188477
	xnorm=6.849627938044924,dnorm=0.011190151947707358
	dense amplitude time= 0.01886439323425293
	total non-zero amplitudes= 4900
	nsamples per process= 50
	sample time= 0.2680826187133789
	self.n= 0.27693674830031
	RGN updated loss=-9.906950472406473,dloss=-2.866542594404109e-07
step= 359

nparam= 1004
	dense amplitude time= 0.01737499237060547
	total non-zero amplitudes= 4900
	nsamples per process= 50
	sample time= 1.2906818389892578
	self.n= 0.27693674830031034
	collect g,h time= 2.6706864833831787
E=-9.906950472406479,dE=-2.866542647694814e-07,std=0
L=-9.906950472406479,dL=-2.866542647694814e-07,std=0
	gnorm= 8.333754191333492e-05
	symmetric= True
	solver time=0.01748824119567871,exit status=0
	SR solver time= 0.0175478458404541
	symmetric= False
	niter= 44
	niter= 291
	solver time=0.09339714050292969,exit status=0
	RGN solver time= 0.09344077110290527
	xnorm=6.85328402154222,dnorm=0.011154902158881408
	dense amplitude time= 0.018560409545898438
	total non-zero amplitudes= 4900
	nsamples per process= 50
	sample time= 0.27667737007141113
	self.n= 0.27709807773450573
	RGN updated loss=-9.906950722460747,dloss=-2.500542688466112e-07
step= 360

nparam= 1004
	dense amplitude time= 0.017087221145629883
	total non-zero amplitudes= 4900
	nsamples per process= 50
	sample time= 1.2716560363769531
	self.n= 0.2770980777345059
	collect g,h time= 2.981072187423706
E=-9.90695072246075,dE=-2.5005427062296803e-07,std=0
L=-9.90695072246075,dL=-2.5005427062296803e-07,std=0
	gnorm= 0.0001762709417051409
	symmetric= True
	solver time=0.007976055145263672,exit status=0
	SR solver time= 0.008016109466552734
	symmetric= False
	niter= 47
	niter= 281
	solver time=0.07838654518127441,exit status=0
	RGN solver time= 0.07843518257141113
	xnorm=6.856987847751387,dnorm=0.01125869764893461
	dense amplitude time= 0.0289309024810791
	total non-zero amplitudes= 4900
	nsamples per process= 50
	sample time= 0.25365757942199707
	self.n= 0.277288769337741
	RGN updated loss=-9.906950949497523,dloss=-2.2703677338142825e-07
step= 361

nparam= 1004
	dense amplitude time= 0.020789384841918945
	total non-zero amplitudes= 4900
	nsamples per process= 50
	sample time= 1.3069801330566406
	self.n= 0.2772887693377413
	niter= 44
	collect g,h time= 2.6504123210906982
E=-9.90695094949752,dE=-2.270367716050714e-07,std=0
L=-9.90695094949752,dL=-2.270367716050714e-07,std=0
	gnorm= 0.00013372923099379738
	symmetric= True
	solver time=0.007488250732421875,exit status=0
	SR solver time= 0.007532596588134766
	symmetric= False
	niter= 289
	solver time=0.07558703422546387,exit status=0
	RGN solver time= 0.07563042640686035
	xnorm=6.86068937780241,dnorm=0.011301021136946667
	dense amplitude time= 0.018352985382080078
	total non-zero amplitudes= 4900
	nsamples per process= 50
	sample time= 0.2718636989593506
	self.n= 0.2774717772756262
	RGN updated loss=-9.90695121914947,dloss=-2.6965194876993337e-07
step= 362

nparam= 1004
	dense amplitude time= 0.027400970458984375
	total non-zero amplitudes= 4900
	nsamples per process= 50
	sample time= 1.2338919639587402
	self.n= 0.2774717772756265
	collect g,h time= 2.5908141136169434
E=-9.906951219149468,dE=-2.6965194699357653e-07,std=0
L=-9.906951219149468,dL=-2.6965194699357653e-07,std=0
	gnorm= 4.3760903775325846e-05
	symmetric= True
	solver time=0.007267951965332031,exit status=0
	SR solver time= 0.007308244705200195
	symmetric= False
	niter= 44
	niter= 323
	solver time=0.08698296546936035,exit status=0
	RGN solver time= 0.08702278137207031
	xnorm=6.864310321181934,dnorm=0.011165188688887088
	dense amplitude time= 0.016803741455078125
	total non-zero amplitudes= 4900
	nsamples per process= 50
	sample time= 0.27199840545654297
	self.n= 0.27764962964016593
	RGN updated loss=-9.906951493386495,dloss=-2.742370277530881e-07
step= 363

nparam= 1004
	dense amplitude time= 0.025172948837280273
	total non-zero amplitudes= 4900
	nsamples per process= 50
	sample time= 1.292004108428955
	self.n= 0.2776496296401661
	collect g,h time= 2.726365804672241
E=-9.906951493386495,dE=-2.742370277530881e-07,std=0
L=-9.906951493386495,dL=-2.742370277530881e-07,std=0
	gnorm= 0.00017111889508159995
	symmetric= True
	solver time=0.00887298583984375,exit status=0
	SR solver time= 0.008924484252929688
	symmetric= False
	niter= 47
	niter= 279
	solver time=0.06948351860046387,exit status=0
	RGN solver time= 0.06952357292175293
	xnorm=6.867909968478244,dnorm=0.011184342462867834
	dense amplitude time= 0.016306400299072266
	total non-zero amplitudes= 4900
	nsamples per process= 50
	sample time= 0.2651786804199219
	self.n= 0.27783250351193073
	RGN updated loss=-9.906951717702604,dloss=-2.243161087989165e-07
step= 364

nparam= 1004
	dense amplitude time= 0.029239892959594727
	total non-zero amplitudes= 4900
	nsamples per process= 50
	sample time= 1.2653324604034424
	self.n= 0.2778325035119313
	collect g,h time= 2.5828163623809814
E=-9.906951717702606,dE=-2.2431611057527334e-07,std=0
L=-9.906951717702606,dL=-2.2431611057527334e-07,std=0
	gnorm= 0.00012817619127036383
	symmetric= True
	solver time=0.008463859558105469,exit status=0
	SR solver time= 0.008505821228027344
	symmetric= False
	niter= 46
	niter= 283
	solver time=0.10191059112548828,exit status=0
	RGN solver time= 0.10194969177246094
	xnorm=6.871626909557529,dnorm=0.011124425908530333
	dense amplitude time= 0.01602649688720703
	total non-zero amplitudes= 4900
	nsamples per process= 50
	sample time= 0.2607231140136719
	self.n= 0.27803684280376784
	RGN updated loss=-9.906951993487775,dloss=-2.7578516892390326e-07
step= 365

nparam= 1004
	dense amplitude time= 0.016544580459594727
	total non-zero amplitudes= 4900
	nsamples per process= 50
	sample time= 1.2960879802703857
	self.n= 0.27803684280376806
	collect g,h time= 2.755450487136841
E=-9.906951993487775,dE=-2.7578516892390326e-07,std=0
L=-9.906951993487775,dL=-2.7578516892390326e-07,std=0
	gnorm= 0.00010713135748550218
	symmetric= True
	solver time=0.00756382942199707,exit status=0
	SR solver time= 0.007611274719238281
	symmetric= False
	niter= 44
	niter= 302
	solver time=0.07921671867370605,exit status=0
	RGN solver time= 0.07926750183105469
	xnorm=6.875187503800981,dnorm=0.011210436433005021
	dense amplitude time= 0.03782176971435547
	total non-zero amplitudes= 4900
	nsamples per process= 50
	sample time= 0.27925729751586914
	self.n= 0.2782075615038576
	RGN updated loss=-9.906952225133933,dloss=-2.316461582552165e-07
step= 366

nparam= 1004
	dense amplitude time= 0.021776676177978516
	total non-zero amplitudes= 4900
	nsamples per process= 50
	sample time= 1.249727725982666
	self.n= 0.27820756150385795
	collect g,h time= 2.611781358718872
E=-9.906952225133931,dE=-2.3164615647885967e-07,std=0
L=-9.906952225133931,dL=-2.3164615647885967e-07,std=0
	gnorm= 0.00017568169161076257
	symmetric= True
	solver time=0.019112348556518555,exit status=0
	SR solver time= 0.019164085388183594
	symmetric= False
	niter= 46
	niter= 281
	solver time=0.07689428329467773,exit status=0
	RGN solver time= 0.07693958282470703
	xnorm=6.878781894038636,dnorm=0.011173267339179416
	dense amplitude time= 0.016789913177490234
	total non-zero amplitudes= 4900
	nsamples per process= 50
	sample time= 0.2572052478790283
	self.n= 0.2784124207185903
	RGN updated loss=-9.906952476547886,dloss=-2.514139545439775e-07
step= 367

nparam= 1004
	dense amplitude time= 0.019372940063476562
	total non-zero amplitudes= 4900
	nsamples per process= 50
	sample time= 1.2375068664550781
	self.n= 0.2784124207185902
	collect g,h time= 2.6773929595947266
E=-9.906952476547888,dE=-2.5141395632033436e-07,std=0
L=-9.906952476547888,dL=-2.5141395632033436e-07,std=0
	gnorm= 0.00010414602807367567
	symmetric= True
	solver time=0.007190704345703125,exit status=0
	SR solver time= 0.007236480712890625
	symmetric= False
	niter= 46
	niter= 285
	solver time=0.10374879837036133,exit status=0
	RGN solver time= 0.10379385948181152
	xnorm=6.882405222817287,dnorm=0.011030095315467224
	dense amplitude time= 0.01664876937866211
	total non-zero amplitudes= 4900
	nsamples per process= 50
	sample time= 0.27350378036499023
	self.n= 0.27861685460707275
	RGN updated loss=-9.906952756430252,dloss=-2.7988236439568936e-07
step= 368

nparam= 1004
	dense amplitude time= 0.01638484001159668
	total non-zero amplitudes= 4900
	nsamples per process= 50
	sample time= 1.2660746574401855
	self.n= 0.2786168546070725
	collect g,h time= 2.6540162563323975
E=-9.906952756430252,dE=-2.7988236439568936e-07,std=0
L=-9.906952756430252,dL=-2.7988236439568936e-07,std=0
	gnorm= 0.0001817336583688403
	symmetric= True
	solver time=0.007543802261352539,exit status=0
	SR solver time= 0.007593631744384766
	symmetric= False
	niter= 46
	niter= 280
	solver time=0.07341480255126953,exit status=0
	RGN solver time= 0.07346010208129883
	xnorm=6.8859496139714835,dnorm=0.011111396568873583
	dense amplitude time= 0.024078369140625
	total non-zero amplitudes= 4900
	nsamples per process= 50
	sample time= 0.2688751220703125
	self.n= 0.2788236431970722
	RGN updated loss=-9.906952959368821,dloss=-2.0293856906050678e-07
step= 369

nparam= 1004
	dense amplitude time= 0.018214702606201172
	total non-zero amplitudes= 4900
	nsamples per process= 50
	sample time= 1.3363940715789795
	self.n= 0.2788236431970727
	collect g,h time= 2.6421921253204346
E=-9.906952959368823,dE=-2.0293857083686362e-07,std=0
L=-9.906952959368823,dL=-2.0293857083686362e-07,std=0
	gnorm= 0.0001227621483708974
	symmetric= True
	solver time=0.01057744026184082,exit status=0
	SR solver time= 0.010624408721923828
	symmetric= False
	niter= 47
	niter= 283
	solver time=0.07053184509277344,exit status=0
	RGN solver time= 0.0705728530883789
	xnorm=6.889558714854534,dnorm=0.011034082772622082
	dense amplitude time= 0.01877284049987793
	total non-zero amplitudes= 4900
	nsamples per process= 50
	sample time= 0.28174591064453125
	self.n= 0.2790229796861521
	RGN updated loss=-9.90695325360762,dloss=-2.9423879688295074e-07
step= 370

nparam= 1004
	dense amplitude time= 0.03239703178405762
	total non-zero amplitudes= 4900
	nsamples per process= 50
	sample time= 1.2437987327575684
	self.n= 0.27902297968615275
	collect g,h time= 2.563180446624756
E=-9.906953253607618,dE=-2.942387951065939e-07,std=0
L=-9.906953253607618,dL=-2.942387951065939e-07,std=0
	gnorm= 0.00016223679371446615
	symmetric= True
	solver time=0.00832366943359375,exit status=0
	SR solver time= 0.008369684219360352
	symmetric= False
	niter= 47
	niter= 277
	solver time=0.08084678649902344,exit status=0
	RGN solver time= 0.08089065551757812
	xnorm=6.893069903798607,dnorm=0.011021898738974481
	dense amplitude time= 0.017754077911376953
	total non-zero amplitudes= 4900
	nsamples per process= 50
	sample time= 0.2598443031311035
	self.n= 0.27922864107454115
	RGN updated loss=-9.906953468470245,dloss=-2.148626272457932e-07
step= 371

nparam= 1004
	dense amplitude time= 0.0735771656036377
	total non-zero amplitudes= 4900
	nsamples per process= 50
	sample time= 1.2642574310302734
	self.n= 0.27922864107454154
	collect g,h time= 2.621039867401123
E=-9.906953468470245,dE=-2.148626272457932e-07,std=0
L=-9.906953468470245,dL=-2.148626272457932e-07,std=0
	gnorm= 0.00012835082374904259
	symmetric= True
	solver time=0.007668972015380859,exit status=0
	SR solver time= 0.007720470428466797
	symmetric= False
	niter= 46
	niter= 281
	solver time=0.12685847282409668,exit status=0
	RGN solver time= 0.126908540725708
	xnorm=6.896676215308816,dnorm=0.011002038909015301
	dense amplitude time= 0.02469468116760254
	total non-zero amplitudes= 4900
	nsamples per process= 50
	sample time= 0.26348185539245605
	self.n= 0.27944767324559405
	RGN updated loss=-9.906953737694307,dloss=-2.692240617108155e-07
step= 372

nparam= 1004
	dense amplitude time= 0.032996416091918945
	total non-zero amplitudes= 4900
	nsamples per process= 50
	sample time= 1.2427539825439453
	self.n= 0.27944767324559405
	collect g,h time= 2.6336121559143066
E=-9.906953737694307,dE=-2.692240617108155e-07,std=0
L=-9.906953737694307,dL=-2.692240617108155e-07,std=0
	gnorm= 0.00018324911261307177
	symmetric= True
	solver time=0.007027626037597656,exit status=0
	SR solver time= 0.007081270217895508
	symmetric= False
	niter= 44
	niter= 281
	solver time=0.07281899452209473,exit status=0
	RGN solver time= 0.0728602409362793
	xnorm=6.900137269531299,dnorm=0.011160030778831011
	dense amplitude time= 0.016705036163330078
	total non-zero amplitudes= 4900
	nsamples per process= 50
	sample time= 0.25911664962768555
	self.n= 0.27965739594485717
	RGN updated loss=-9.906953939034548,dloss=-2.0134024047990806e-07
step= 373

nparam= 1004
	dense amplitude time= 0.031078100204467773
	total non-zero amplitudes= 4900
	nsamples per process= 50
	sample time= 1.2763712406158447
	self.n= 0.27965739594485733
	collect g,h time= 2.6127707958221436
E=-9.906953939034546,dE=-2.0134023870355122e-07,std=0
L=-9.906953939034546,dL=-2.0134023870355122e-07,std=0
	gnorm= 0.0001335422870774093
	symmetric= True
	solver time=0.008419513702392578,exit status=0
	SR solver time= 0.008487462997436523
	symmetric= False
	niter= 46
	niter= 286
	solver time=0.07779216766357422,exit status=0
	RGN solver time= 0.07783889770507812
	xnorm=6.903694692851434,dnorm=0.011030924211274655
	dense amplitude time= 0.015397071838378906
	total non-zero amplitudes= 4900
	nsamples per process= 50
	sample time= 0.2756359577178955
	self.n= 0.27988559540723335
	RGN updated loss=-9.906954226873896,dloss=-2.8783935057674626e-07
step= 374

nparam= 1004
	dense amplitude time= 0.01654648780822754
	total non-zero amplitudes= 4900
	nsamples per process= 50
	sample time= 1.2715239524841309
	self.n= 0.2798855954072337
	collect g,h time= 2.612602710723877
E=-9.906954226873893,dE=-2.878393470240326e-07,std=0
L=-9.906954226873893,dL=-2.878393470240326e-07,std=0
	gnorm= 0.00016666351165468073
	symmetric= True
	solver time=0.008276939392089844,exit status=0
	SR solver time= 0.008356332778930664
	symmetric= False
	niter= 47
	niter= 279
	solver time=0.08133721351623535,exit status=0
	RGN solver time= 0.0813910961151123
	xnorm=6.907120493078206,dnorm=0.010990304347442317
	dense amplitude time= 0.016414642333984375
	total non-zero amplitudes= 4900
	nsamples per process= 50
	sample time= 0.2526209354400635
	self.n= 0.2801035610195872
	RGN updated loss=-9.9069544485956,dloss=-2.2172170766054933e-07
step= 375

nparam= 1004
	dense amplitude time= 0.02005171775817871
	total non-zero amplitudes= 4900
	nsamples per process= 50
	sample time= 1.2074837684631348
	self.n= 0.2801035610195878
	collect g,h time= 2.6072611808776855
E=-9.906954448595599,dE=-2.217217058841925e-07,std=0
L=-9.906954448595599,dL=-2.217217058841925e-07,std=0
	gnorm= 0.00011242045790336038
	symmetric= True
	solver time=0.0074083805084228516,exit status=0
	SR solver time= 0.007451295852661133
	symmetric= False
	niter= 47
	niter= 283
	solver time=0.09891486167907715,exit status=0
	RGN solver time= 0.09895706176757812
	xnorm=6.9106669710138595,dnorm=0.010889132165797072
	dense amplitude time= 0.020954608917236328
	total non-zero amplitudes= 4900
	nsamples per process= 50
	sample time= 0.2545287609100342
	self.n= 0.2803261946685133
	RGN updated loss=-9.90695472585418,dloss=-2.7725858053884167e-07
step= 376

nparam= 1004
	dense amplitude time= 0.025424957275390625
	total non-zero amplitudes= 4900
	nsamples per process= 50
	sample time= 1.2141566276550293
	self.n= 0.2803261946685133
	collect g,h time= 2.6309189796447754
E=-9.906954725854183,dE=-2.7725858409155535e-07,std=0
L=-9.906954725854183,dL=-2.7725858409155535e-07,std=0
	gnorm= 0.0001741078218578988
	symmetric= True
	solver time=0.007463693618774414,exit status=0
	SR solver time= 0.0075075626373291016
	symmetric= False
	niter= 46
	niter= 281
	solver time=0.08493590354919434,exit status=0
	RGN solver time= 0.0849771499633789
	xnorm=6.9141015054735115,dnorm=0.010943705825279869
	dense amplitude time= 0.020230770111083984
	total non-zero amplitudes= 4900
	nsamples per process= 50
	sample time= 0.2587449550628662
	self.n= 0.2805601747535318
	RGN updated loss=-9.906954923898631,dloss=-1.9804444839621738e-07
step= 377

nparam= 1004
	dense amplitude time= 0.02541184425354004
	total non-zero amplitudes= 4900
	nsamples per process= 50
	sample time= 1.2138488292694092
	self.n= 0.2805601747535318
	collect g,h time= 2.612192153930664
E=-9.906954923898631,dE=-1.9804444839621738e-07,std=0
L=-9.906954923898631,dL=-1.9804444839621738e-07,std=0
	gnorm= 0.00013892028540966878
	symmetric= True
	solver time=0.0063555240631103516,exit status=0
	SR solver time= 0.006398439407348633
	symmetric= False
	niter= 44
	niter= 285
	solver time=0.09277844429016113,exit status=0
	RGN solver time= 0.0928189754486084
	xnorm=6.917596990409339,dnorm=0.011016450603527494
	dense amplitude time= 0.014715194702148438
	total non-zero amplitudes= 4900
	nsamples per process= 50
	sample time= 0.2668626308441162
	self.n= 0.28078880234670556
	RGN updated loss=-9.906955187915335,dloss=-2.6401670361053675e-07
step= 378

nparam= 1004
	dense amplitude time= 0.0269010066986084
	total non-zero amplitudes= 4900
	nsamples per process= 50
	sample time= 1.2588660717010498
	self.n= 0.28078880234670595
	collect g,h time= 2.573275566101074
E=-9.906955187915333,dE=-2.640167018341799e-07,std=0
L=-9.906955187915333,dL=-2.640167018341799e-07,std=0
	gnorm= 0.00017652426345187976
	symmetric= True
	niter= 46
	solver time=0.02620244026184082,exit status=0
	SR solver time= 0.026257753372192383
	symmetric= False
	niter= 281
	solver time=0.14364933967590332,exit status=0
	RGN solver time= 0.1436936855316162
	xnorm=6.920983495308368,dnorm=0.010961528059408868
	dense amplitude time= 0.018567800521850586
	total non-zero amplitudes= 4900
	nsamples per process= 50
	sample time= 0.2528572082519531
	self.n= 0.28103011388171895
	RGN updated loss=-9.906955403453171,dloss=-2.1553783824401762e-07
step= 379

nparam= 1004
	dense amplitude time= 0.01844024658203125
	total non-zero amplitudes= 4900
	nsamples per process= 50
	sample time= 1.1864230632781982
	self.n= 0.2810301138817194
	collect g,h time= 2.6453702449798584
E=-9.906955403453171,dE=-2.1553783824401762e-07,std=0
L=-9.906955403453171,dL=-2.1553783824401762e-07,std=0
	gnorm= 0.00012089733674346786
	symmetric= True
	solver time=0.007317066192626953,exit status=0
	SR solver time= 0.007361412048339844
	symmetric= False
	niter= 47
	niter= 283
	solver time=0.08349084854125977,exit status=0
	RGN solver time= 0.08353495597839355
	xnorm=6.9244441032494395,dnorm=0.010852849648177253
	dense amplitude time= 0.017344951629638672
	total non-zero amplitudes= 4900
	nsamples per process= 50
	sample time= 0.25238752365112305
	self.n= 0.2812632220445755
	RGN updated loss=-9.906955689356607,dloss=-2.8590343603696056e-07
step= 380

nparam= 1004
	dense amplitude time= 0.02532505989074707
	total non-zero amplitudes= 4900
	nsamples per process= 50
	sample time= 1.2024116516113281
	self.n= 0.28126322204457593
	collect g,h time= 2.5884571075439453
E=-9.906955689356606,dE=-2.859034342606037e-07,std=0
L=-9.906955689356606,dL=-2.859034342606037e-07,std=0
	gnorm= 0.0001483001987991522
	symmetric= True
	niter= 47
	solver time=0.03555130958557129,exit status=0
	SR solver time= 0.03560805320739746
	symmetric= False
	niter= 277
	solver time=0.08649873733520508,exit status=0
	RGN solver time= 0.08654046058654785
	xnorm=6.927834026705127,dnorm=0.010804849599623823
	dense amplitude time= 0.0185699462890625
	total non-zero amplitudes= 4900
	nsamples per process= 50
	sample time= 0.25397157669067383
	self.n= 0.2815068908756764
	RGN updated loss=-9.906955902432538,dloss=-2.1307593200958763e-07
step= 381

nparam= 1004
	dense amplitude time= 0.041896820068359375
	total non-zero amplitudes= 4900
	nsamples per process= 50
	sample time= 1.200896978378296
	self.n= 0.2815068908756768
	collect g,h time= 2.6069400310516357
E=-9.906955902432541,dE=-2.130759355623013e-07,std=0
L=-9.906955902432541,dL=-2.130759355623013e-07,std=0
	gnorm= 0.00013606260985037192
	symmetric= True
	solver time=0.01931476593017578,exit status=0
	SR solver time= 0.019365787506103516
	symmetric= False
	niter= 45
	niter= 281
	solver time=0.09912943840026855,exit status=0
	RGN solver time= 0.09917235374450684
	xnorm=6.931284586606512,dnorm=0.01084488332886159
	dense amplitude time= 0.015246152877807617
	total non-zero amplitudes= 4900
	nsamples per process= 50
	sample time= 0.25795865058898926
	self.n= 0.28175603165285
	RGN updated loss=-9.90695614784981,dloss=-2.454172687293976e-07
step= 382

nparam= 1004
	dense amplitude time= 0.017918825149536133
	total non-zero amplitudes= 4900
	nsamples per process= 50
	sample time= 1.2730839252471924
	self.n= 0.28175603165285035
	collect g,h time= 2.611466407775879
E=-9.906956147849812,dE=-2.4541727050575446e-07,std=0
L=-9.906956147849812,dL=-2.4541727050575446e-07,std=0
	gnorm= 0.00018517528836820043
	symmetric= True
	solver time=0.008356094360351562,exit status=0
	SR solver time= 0.00839853286743164
	symmetric= False
	niter= 43
	niter= 281
	solver time=0.07483673095703125,exit status=0
	RGN solver time= 0.07489562034606934
	xnorm=6.934618244802149,dnorm=0.011261242502261931
	dense amplitude time= 0.015330314636230469
	total non-zero amplitudes= 4900
	nsamples per process= 50
	sample time= 0.2728006839752197
	self.n= 0.2819381448416962
	RGN updated loss=-9.906956327099424,dloss=-1.7924961248638738e-07
step= 383

nparam= 1004
	dense amplitude time= 0.017507076263427734
	total non-zero amplitudes= 4900
	nsamples per process= 50
	sample time= 1.2473244667053223
	self.n= 0.2819381448416964
	collect g,h time= 2.632956027984619
E=-9.906956327099426,dE=-1.7924961426274422e-07,std=0
L=-9.906956327099426,dL=-1.7924961426274422e-07,std=0
	gnorm= 0.00011713744309692782
	symmetric= True
	solver time=0.007750511169433594,exit status=0
	SR solver time= 0.007792949676513672
	symmetric= False
	niter= 45
	niter= 297
	solver time=0.08911013603210449,exit status=0
	RGN solver time= 0.08916187286376953
	xnorm=6.938110168495396,dnorm=0.010945515655997707
	dense amplitude time= 0.01787853240966797
	total non-zero amplitudes= 4900
	nsamples per process= 50
	sample time= 0.2551281452178955
	self.n= 0.2822039697930196
	RGN updated loss=-9.906956638048507,dloss=-3.109490815944582e-07
step= 384

nparam= 1004
	dense amplitude time= 0.02283024787902832
	total non-zero amplitudes= 4900
	nsamples per process= 50
	sample time= 1.2062315940856934
	self.n= 0.28220396979301987
	collect g,h time= 2.62492299079895
E=-9.90695663804851,dE=-3.1094908337081506e-07,std=0
L=-9.90695663804851,dL=-3.1094908337081506e-07,std=0
	gnorm= 0.00017736916066743015
	symmetric= True
	solver time=0.0084075927734375,exit status=0
	SR solver time= 0.00845193862915039
	symmetric= False
	niter= 45
	niter= 281
	solver time=0.09039092063903809,exit status=0
	RGN solver time= 0.09043765068054199
	xnorm=6.941412873832437,dnorm=0.010890174370248576
	dense amplitude time= 0.025766372680664062
	total non-zero amplitudes= 4900
	nsamples per process= 50
	sample time= 0.2638864517211914
	self.n= 0.282481420862961
	RGN updated loss=-9.90695682342778,dloss=-1.8537927104489427e-07
step= 385

nparam= 1004
	dense amplitude time= 0.02348470687866211
	total non-zero amplitudes= 4900
	nsamples per process= 50
	sample time= 1.256606101989746
	self.n= 0.28248142086296135
	collect g,h time= 2.6318938732147217
E=-9.906956823427779,dE=-1.8537926926853743e-07,std=0
L=-9.906956823427779,dL=-1.8537926926853743e-07,std=0
	gnorm= 0.00014116176579541495
	symmetric= True
	solver time=0.0066525936126708984,exit status=0
	SR solver time= 0.006696939468383789
	symmetric= False
	niter= 44
	niter= 285
	solver time=0.09693312644958496,exit status=0
	RGN solver time= 0.09697866439819336
	xnorm=6.944803096889575,dnorm=0.01092173780873153
	dense amplitude time= 0.01628708839416504
	total non-zero amplitudes= 4900
	nsamples per process= 50
	sample time= 0.26854705810546875
	self.n= 0.2827249988732607
	RGN updated loss=-9.906957091005266,dloss=-2.6757748727845865e-07
step= 386

nparam= 1004
	dense amplitude time= 0.016591787338256836
	total non-zero amplitudes= 4900
	nsamples per process= 50
	sample time= 1.302140235900879
	self.n= 0.28272499887326097
	collect g,h time= 2.653607130050659
E=-9.906957091005264,dE=-2.675774855021018e-07,std=0
L=-9.906957091005264,dL=-2.675774855021018e-07,std=0
	gnorm= 0.00018782317720678022
	symmetric= True
	solver time=0.0069620609283447266,exit status=0
	SR solver time= 0.0070018768310546875
	symmetric= False
	niter= 43
	niter= 281
	solver time=0.07184576988220215,exit status=0
	RGN solver time= 0.07188820838928223
	xnorm=6.948079738393088,dnorm=0.011124494041302037
	dense amplitude time= 0.01757049560546875
	total non-zero amplitudes= 4900
	nsamples per process= 50
	sample time= 0.2814056873321533
	self.n= 0.28294361942517476
	RGN updated loss=-9.906957265585314,dloss=-1.7458004997195076e-07
step= 387

nparam= 1004
	dense amplitude time= 0.027345895767211914
	total non-zero amplitudes= 4900
	nsamples per process= 50
	sample time= 1.3150253295898438
	self.n= 0.2829436194251752
	collect g,h time= 2.637838125228882
E=-9.906957265585314,dE=-1.7458004997195076e-07,std=0
L=-9.906957265585314,dL=-1.7458004997195076e-07,std=0
	gnorm= 0.00012598460000491033
	symmetric= True
	solver time=0.02504873275756836,exit status=0
	SR solver time= 0.02509593963623047
	symmetric= False
	niter= 45
	niter= 289
	solver time=0.14264464378356934,exit status=0
	RGN solver time= 0.1427929401397705
	xnorm=6.951465840876793,dnorm=0.010890281005525951
	dense amplitude time= 0.01846766471862793
	total non-zero amplitudes= 4900
	nsamples per process= 50
	sample time= 0.25893139839172363
	self.n= 0.2832099733033716
	RGN updated loss=-9.906957576462533,dloss=-3.108772190785203e-07
step= 388

nparam= 1004
	dense amplitude time= 0.020837068557739258
	total non-zero amplitudes= 4900
	nsamples per process= 50
	sample time= 1.2080698013305664
	self.n= 0.2832099733033723
	collect g,h time= 2.6361377239227295
E=-9.906957576462533,dE=-3.108772190785203e-07,std=0
L=-9.906957576462533,dL=-3.108772190785203e-07,std=0
	gnorm= 0.0001545270583635488
	symmetric= True
	solver time=0.02517557144165039,exit status=0
	SR solver time= 0.02522897720336914
	symmetric= False
	niter= 47
	niter= 277
	solver time=0.08613204956054688,exit status=0
	RGN solver time= 0.08617424964904785
	xnorm=6.954730170482332,dnorm=0.01067011916511818
	dense amplitude time= 0.016052722930908203
	total non-zero amplitudes= 4900
	nsamples per process= 50
	sample time= 0.265230655670166
	self.n= 0.28349109944739104
	RGN updated loss=-9.906957777072023,dloss=-2.0060948990874294e-07
step= 389

nparam= 1004
	dense amplitude time= 0.031036853790283203
	total non-zero amplitudes= 4900
	nsamples per process= 50
	sample time= 1.2878901958465576
	self.n= 0.2834910994473918
	collect g,h time= 4.935376167297363
E=-9.906957777072021,dE=-2.006094881323861e-07,std=0
L=-9.906957777072021,dL=-2.006094881323861e-07,std=0
	gnorm= 0.00012969713929344002
	symmetric= True
	solver time=0.006896495819091797,exit status=0
	SR solver time= 0.006949424743652344
	symmetric= False
	niter= 44
	niter= 284
	solver time=6.510023355484009,exit status=0
	RGN solver time= 6.510075330734253
	xnorm=6.958059563767084,dnorm=0.010785957496668613
	dense amplitude time= 0.0204770565032959
	total non-zero amplitudes= 4900
	nsamples per process= 50
	sample time= 0.2628333568572998
	self.n= 0.2837544781419544
	RGN updated loss=-9.906958021348798,dloss=-2.442767765842291e-07
step= 390

nparam= 1004
	dense amplitude time= 0.036186933517456055
	total non-zero amplitudes= 4900
	nsamples per process= 50
	sample time= 1.2585103511810303
	self.n= 0.28375447814195465
	collect g,h time= 2.6330316066741943
E=-9.906958021348796,dE=-2.4427677480787224e-07,std=0
L=-9.906958021348796,dL=-2.4427677480787224e-07,std=0
	gnorm= 0.00016962090079007208
	symmetric= True
	solver time=0.008696556091308594,exit status=0
	SR solver time= 0.008747577667236328
	symmetric= False
	niter= 44
	niter= 281
	solver time=0.08847260475158691,exit status=0
	RGN solver time= 0.08852458000183105
	xnorm=6.961280998041634,dnorm=0.010994463781477717
	dense amplitude time= 0.03026270866394043
	total non-zero amplitudes= 4900
	nsamples per process= 50
	sample time= 0.2779691219329834
	self.n= 0.28397359173831876
	RGN updated loss=-9.906958213550523,dloss=-1.9220172653433565e-07
step= 391

nparam= 1004
	dense amplitude time= 0.04252123832702637
	total non-zero amplitudes= 4900
	nsamples per process= 50
	sample time= 1.2879023551940918
	self.n= 0.28397359173831915
	collect g,h time= 2.6500566005706787
E=-9.906958213550524,dE=-1.922017283106925e-07,std=0
L=-9.906958213550524,dL=-1.922017283106925e-07,std=0
	gnorm= 0.00011328238265504494
	symmetric= True
	solver time=0.0078277587890625,exit status=0
	SR solver time= 0.00787806510925293
	symmetric= False
	niter= 46
	niter= 291
	solver time=0.08042430877685547,exit status=0
	RGN solver time= 0.08046627044677734
	xnorm=6.964637400135641,dnorm=0.010722975146972718
	dense amplitude time= 0.01697707176208496
	total non-zero amplitudes= 4900
	nsamples per process= 50
	sample time= 0.2761955261230469
	self.n= 0.28425407774202494
	RGN updated loss=-9.9069585009592,dloss=-2.8740867641374734e-07
step= 392

nparam= 1004
	dense amplitude time= 0.01723933219909668
	total non-zero amplitudes= 4900
	nsamples per process= 50
	sample time= 1.2900354862213135
	self.n= 0.2842540777420248
	collect g,h time= 2.7100300788879395
E=-9.9069585009592,dE=-2.8740867641374734e-07,std=0
L=-9.9069585009592,dL=-2.8740867641374734e-07,std=0
	gnorm= 0.0001511468281970696
	symmetric= True
	solver time=0.023320674896240234,exit status=0
	SR solver time= 0.02337503433227539
	symmetric= False
	niter= 47
	solver time=0.10443711280822754,exit status=0
	RGN solver time= 0.10448169708251953
	xnorm=6.96782675403517,dnorm=0.010596596267079676
	niter= 277
	dense amplitude time= 0.017417430877685547
	total non-zero amplitudes= 4900
	nsamples per process= 50
	sample time= 0.27203845977783203
	self.n= 0.28454170318526717
	RGN updated loss=-9.906958701456483,dloss=-2.0049728277626855e-07
step= 393

nparam= 1004
	dense amplitude time= 0.016449928283691406
	total non-zero amplitudes= 4900
	nsamples per process= 50
	sample time= 1.287294864654541
	self.n= 0.28454170318526756
	collect g,h time= 2.678464651107788
E=-9.906958701456485,dE=-2.004972845526254e-07,std=0
L=-9.906958701456485,dL=-2.004972845526254e-07,std=0
	gnorm= 0.00031597802321444476
	symmetric= True
	solver time=0.007899045944213867,exit status=0
	SR solver time= 0.007938385009765625
	symmetric= False
	niter= 43
	niter= 270
	solver time=0.08234333992004395,exit status=0
	RGN solver time= 0.08238792419433594
	xnorm=6.971099243333397,dnorm=0.010963912125432617
	dense amplitude time= 0.015389680862426758
	total non-zero amplitudes= 4900
	nsamples per process= 50
	sample time= 0.25681400299072266
	self.n= 0.2848061587790587
	RGN updated loss=-9.9069588861704,dloss=-1.8471391527441483e-07
step= 394

nparam= 1004
	dense amplitude time= 0.017815828323364258
	total non-zero amplitudes= 4900
	nsamples per process= 50
	sample time= 1.2282516956329346
	self.n= 0.2848061587790591
	collect g,h time= 2.73258900642395
E=-9.906958886170399,dE=-1.84713913498058e-07,std=0
L=-9.906958886170399,dL=-1.84713913498058e-07,std=0
	gnorm= 0.00021877646560324664
	symmetric= True
	solver time=0.018389225006103516,exit status=0
	SR solver time= 0.018443822860717773
	symmetric= False
	niter= 43
	niter= 281
	solver time=0.0850534439086914,exit status=0
	RGN solver time= 0.08509564399719238
	xnorm=6.974198759195419,dnorm=0.011024525831588021
	dense amplitude time= 0.01710987091064453
	total non-zero amplitudes= 4900
	nsamples per process= 50
	sample time= 0.271439790725708
	self.n= 0.2850340556856391
	RGN updated loss=-9.906959126377043,dloss=-2.4020664390889124e-07
step= 395

nparam= 1004
	dense amplitude time= 0.027347803115844727
	total non-zero amplitudes= 4900
	nsamples per process= 50
	sample time= 1.2816383838653564
	self.n= 0.28503405568563916
	collect g,h time= 2.6479601860046387
E=-9.906959126377044,dE=-2.402066456852481e-07,std=0
L=-9.906959126377044,dL=-2.402066456852481e-07,std=0
	gnorm= 0.00012460635277380543
	symmetric= True
	solver time=0.00848078727722168,exit status=0
	SR solver time= 0.008521318435668945
	symmetric= False
	niter= 45
	niter= 285
	solver time=0.11245346069335938,exit status=0
	RGN solver time= 0.11250185966491699
	xnorm=6.977482736446155,dnorm=0.010661020037016052
	dense amplitude time= 0.015672683715820312
	total non-zero amplitudes= 4900
	nsamples per process= 50
	sample time= 0.2604053020477295
	self.n= 0.28534545196095673
	RGN updated loss=-9.906959405338824,dloss=-2.7896177989816806e-07
step= 396

nparam= 1004
	dense amplitude time= 0.02128148078918457
	total non-zero amplitudes= 4900
	nsamples per process= 50
	sample time= 1.2743382453918457
	self.n= 0.28534545196095673
	collect g,h time= 2.728555202484131
E=-9.906959405338828,dE=-2.7896178345088174e-07,std=0
L=-9.906959405338828,dL=-2.7896178345088174e-07,std=0
	gnorm= 0.00018256804034853078
	symmetric= True
	solver time=0.015315532684326172,exit status=0
	SR solver time= 0.015363216400146484
	symmetric= False
	niter= 45
	niter= 281
	solver time=0.0837090015411377,exit status=0
	RGN solver time= 0.08375716209411621
	xnorm=6.980619961014603,dnorm=0.010684653038443613
	dense amplitude time= 0.019007205963134766
	total non-zero amplitudes= 4900
	nsamples per process= 50
	sample time= 0.27100515365600586
	self.n= 0.2856294000994588
	RGN updated loss=-9.906959583051641,dloss=-1.777128133539918e-07
step= 397

nparam= 1004
	dense amplitude time= 0.017940998077392578
	total non-zero amplitudes= 4900
	nsamples per process= 50
	sample time= 1.267751693725586
	self.n= 0.28562940009945903
	collect g,h time= 2.6430068016052246
E=-9.906959583051641,dE=-1.777128133539918e-07,std=0
L=-9.906959583051641,dL=-1.777128133539918e-07,std=0
	gnorm= 0.00012454363866917014
	symmetric= True
	solver time=0.007830619812011719,exit status=0
	SR solver time= 0.007880210876464844
	symmetric= False
	niter= 46
	niter= 287
	solver time=0.08443975448608398,exit status=0
	RGN solver time= 0.0844888687133789
	xnorm=6.983823517461897,dnorm=0.010553279695339698
	dense amplitude time= 0.015788793563842773
	total non-zero amplitudes= 4900
	nsamples per process= 50
	sample time= 0.2682969570159912
	self.n= 0.2859449631356592
	RGN updated loss=-9.906959853472063,dloss=-2.7042042205494e-07
step= 398

nparam= 1004
	dense amplitude time= 0.0173490047454834
	total non-zero amplitudes= 4900
	nsamples per process= 50
	sample time= 1.267138957977295
	self.n= 0.28594496313565915
	collect g,h time= 2.692445993423462
E=-9.906959853472067,dE=-2.7042042560765367e-07,std=0
L=-9.906959853472067,dL=-2.7042042560765367e-07,std=0
	gnorm= 0.00028949923777014345
	symmetric= True
	solver time=0.007010459899902344,exit status=0
	SR solver time= 0.007050275802612305
	symmetric= False
	niter= 43
	niter= 269
	solver time=0.07130885124206543,exit status=0
	RGN solver time= 0.07135152816772461
	xnorm=6.986944580373919,dnorm=0.010894628736938408
	dense amplitude time= 0.016292333602905273
	total non-zero amplitudes= 4900
	nsamples per process= 50
	sample time= 0.272183895111084
	self.n= 0.28611261420938194
	RGN updated loss=-9.906960014626234,dloss=-1.6115416734407972e-07
step= 399

nparam= 1004
	dense amplitude time= 0.016510963439941406
	total non-zero amplitudes= 4900
	nsamples per process= 50
	sample time= 1.2713570594787598
	self.n= 0.2861126142093823
	collect g,h time= 2.6188409328460693
E=-9.906960014626232,dE=-1.6115416556772288e-07,std=0
L=-9.906960014626232,dL=-1.6115416556772288e-07,std=0
	gnorm= 0.00016038237034411135
	symmetric= True
	solver time=0.05177569389343262,exit status=0
	SR solver time= 0.05183529853820801
	symmetric= False
	niter= 45
	niter= 281
	solver time=0.08660197257995605,exit status=0
	RGN solver time= 0.08664393424987793
	xnorm=6.99005703928259,dnorm=0.010625106503928707
	dense amplitude time= 0.016097545623779297
	total non-zero amplitudes= 4900
	nsamples per process= 50
	sample time= 0.2747783660888672
	self.n= 0.28641083401204953
	RGN updated loss=-9.906960302820327,dloss=-2.88194094366645e-07
step= 400

nparam= 1004
	dense amplitude time= 0.0196533203125
	total non-zero amplitudes= 4900
	nsamples per process= 50
	sample time= 1.2939846515655518
	self.n= 0.2864108340120495
	collect g,h time= 2.8135030269622803
E=-9.906960302820327,dE=-2.88194094366645e-07,std=0
L=-9.906960302820327,dL=-2.88194094366645e-07,std=0
	gnorm= 9.010585716708132e-05
	symmetric= True
	solver time=0.01822495460510254,exit status=0
	SR solver time= 0.018280506134033203
	symmetric= False
	niter= 44
	niter= 301
	solver time=0.09525346755981445,exit status=0
	RGN solver time= 0.09530115127563477
	xnorm=6.9931833024693555,dnorm=0.010533293697601982
	dense amplitude time= 0.016796112060546875
	total non-zero amplitudes= 4900
	nsamples per process= 50
	sample time= 0.2638261318206787
	self.n= 0.28669938051329025
	RGN updated loss=-9.906960510082278,dloss=-2.072619516013674e-07
step= 401

nparam= 1004
	dense amplitude time= 0.047583818435668945
	total non-zero amplitudes= 4900
	nsamples per process= 50
	sample time= 1.2875261306762695
	self.n= 0.2866993805132905
	collect g,h time= 2.6472859382629395
E=-9.906960510082277,dE=-2.0726194982501056e-07,std=0
L=-9.906960510082277,dL=-2.0726194982501056e-07,std=0
	gnorm= 0.00028879864134440174
	symmetric= True
	solver time=0.015841245651245117,exit status=0
	SR solver time= 0.015893936157226562
	symmetric= False
	niter= 45
	niter= 265
	solver time=0.08084583282470703,exit status=0
	RGN solver time= 0.08089375495910645
	xnorm=6.996303410693161,dnorm=0.010696287163071243
	dense amplitude time= 0.01726508140563965
	total non-zero amplitudes= 4900
	nsamples per process= 50
	sample time= 0.27585291862487793
	self.n= 0.2869242158404223
	RGN updated loss=-9.906960704734827,dloss=-1.9465255007844462e-07
step= 402

nparam= 1004
	dense amplitude time= 0.044829607009887695
	total non-zero amplitudes= 4900
	nsamples per process= 50
	sample time= 1.246424913406372
	self.n= 0.28692421584042266
	collect g,h time= 2.649038553237915
E=-9.906960704734828,dE=-1.9465255185480146e-07,std=0
L=-9.906960704734828,dL=-1.9465255185480146e-07,std=0
	gnorm= 0.00011282887475756215
	symmetric= True
	solver time=0.014365196228027344,exit status=0
	SR solver time= 0.014418363571166992
	symmetric= False
	niter= 45
	niter= 285
	solver time=0.08591151237487793,exit status=0
	RGN solver time= 0.08595609664916992
	xnorm=6.999467282864609,dnorm=0.010458409628972046
	dense amplitude time= 0.016609907150268555
	total non-zero amplitudes= 4900
	nsamples per process= 50
	sample time= 0.2647700309753418
	self.n= 0.28722371891229204
	RGN updated loss=-9.906960972284278,dloss=-2.6754944926210555e-07
step= 403

nparam= 1004
	dense amplitude time= 0.02197742462158203
	total non-zero amplitudes= 4900
	nsamples per process= 50
	sample time= 1.302046298980713
	self.n= 0.28722371891229204
	collect g,h time= 2.628847360610962
E=-9.906960972284274,dE=-2.675494457093919e-07,std=0
L=-9.906960972284274,dL=-2.675494457093919e-07,std=0
	gnorm= 7.310899383895301e-05
	symmetric= True
	solver time=0.015027284622192383,exit status=0
	SR solver time= 0.015081167221069336
	symmetric= False
	niter= 44
	niter= 307
	solver time=0.09958148002624512,exit status=0
	RGN solver time= 0.09962582588195801
	xnorm=7.002589206134214,dnorm=0.010446212325164073
	dense amplitude time= 0.020137786865234375
	total non-zero amplitudes= 4900
	nsamples per process= 50
	sample time= 0.2765500545501709
	self.n= 0.2875181059661972
	RGN updated loss=-9.906961169778533,dloss=-1.9749425916870678e-07
step= 404

nparam= 1004
	dense amplitude time= 0.02952718734741211
	total non-zero amplitudes= 4900
	nsamples per process= 50
	sample time= 1.2879700660705566
	self.n= 0.28751810596619753
	collect g,h time= 2.6443121433258057
E=-9.906961169778535,dE=-1.9749426094506362e-07,std=0
L=-9.906961169778535,dL=-1.9749426094506362e-07,std=0
	gnorm= 0.0001559632345717523
	symmetric= True
	solver time=0.034479618072509766,exit status=0
	SR solver time= 0.03453373908996582
	symmetric= False
	niter= 44
	niter= 281
	solver time=0.09447741508483887,exit status=0
	RGN solver time= 0.0945289134979248
	xnorm=7.005681464558566,dnorm=0.010564255342008106
	dense amplitude time= 0.0181124210357666
	total non-zero amplitudes= 4900
	nsamples per process= 50
	sample time= 0.2779686450958252
	self.n= 0.28775222761760144
	RGN updated loss=-9.906961373743385,dloss=-2.0396485034268608e-07
step= 405

nparam= 1004
	dense amplitude time= 0.021398305892944336
	total non-zero amplitudes= 4900
	nsamples per process= 50
	sample time= 1.2988324165344238
	self.n= 0.2877522276176018
	collect g,h time= 2.655879259109497
E=-9.906961373743384,dE=-2.0396484856632924e-07,std=0
L=-9.906961373743384,dL=-2.0396484856632924e-07,std=0
	gnorm= 7.081825731885204e-05
	symmetric= True
	solver time=0.01955556869506836,exit status=0
	SR solver time= 0.01962423324584961
	symmetric= False
	niter= 44
	niter= 309
	solver time=0.10602760314941406,exit status=0
	RGN solver time= 0.10607171058654785
	xnorm=7.008810234465361,dnorm=0.010387051816456088
	dense amplitude time= 0.01636505126953125
	total non-zero amplitudes= 4900
	nsamples per process= 50
	sample time= 0.2624166011810303
	self.n= 0.28806154040612475
	RGN updated loss=-9.906961626943733,dloss=-2.532003495758772e-07
step= 406

nparam= 1004
	dense amplitude time= 0.028820276260375977
	total non-zero amplitudes= 4900
	nsamples per process= 50
	sample time= 1.2502684593200684
	self.n= 0.2880615404061251
	collect g,h time= 2.639970064163208
E=-9.906961626943733,dE=-2.532003495758772e-07,std=0
L=-9.906961626943733,dL=-2.532003495758772e-07,std=0
	gnorm= 7.19361829698745e-05
	symmetric= True
	niter= 44
	solver time=0.03014087677001953,exit status=0
	SR solver time= 0.03020453453063965
	symmetric= False
	niter= 308
	solver time=0.08728265762329102,exit status=0
	RGN solver time= 0.08733797073364258
	xnorm=7.011895953104532,dnorm=0.010382139683369082
	dense amplitude time= 0.027337312698364258
	total non-zero amplitudes= 4900
	nsamples per process= 50
	sample time= 0.2722744941711426
	self.n= 0.2883608886695481
	RGN updated loss=-9.906961820493652,dloss=-1.9354991920295106e-07
step= 407

nparam= 1004
	dense amplitude time= 0.025290250778198242
	total non-zero amplitudes= 4900
	nsamples per process= 50
	sample time= 1.2728605270385742
	self.n= 0.28836088866954845
	collect g,h time= 2.6738641262054443
E=-9.906961820493656,dE=-1.9354992275566474e-07,std=0
L=-9.906961820493656,dL=-1.9354992275566474e-07,std=0
	gnorm= 0.00015802846542820653
	symmetric= True
	solver time=0.041056156158447266,exit status=0
	SR solver time= 0.041120290756225586
	symmetric= False
	niter= 44
	niter= 281
	solver time=0.10021114349365234,exit status=0
	RGN solver time= 0.1002645492553711
	xnorm=7.014957934906481,dnorm=0.010511783432732166
	dense amplitude time= 0.017098426818847656
	total non-zero amplitudes= 4900
	nsamples per process= 50
	sample time= 0.26473093032836914
	self.n= 0.28860196212380806
	RGN updated loss=-9.906962022711864,dloss=-2.0221820840049531e-07
step= 408

nparam= 1004
	dense amplitude time= 0.025027751922607422
	total non-zero amplitudes= 4900
	nsamples per process= 50
	sample time= 1.292306900024414
	self.n= 0.28860196212380845
	collect g,h time= 2.654489278793335
E=-9.90696202271186,dE=-2.0221820484778164e-07,std=0
L=-9.90696202271186,dL=-2.0221820484778164e-07,std=0
	gnorm= 7.152362883552515e-05
	symmetric= True
	solver time=0.014231681823730469,exit status=0
	SR solver time= 0.014287233352661133
	symmetric= False
	niter= 44
	niter= 305
	solver time=0.08331632614135742,exit status=0
	RGN solver time= 0.08336234092712402
	xnorm=7.01805053607853,dnorm=0.010327744898998993
	dense amplitude time= 0.017212629318237305
	total non-zero amplitudes= 4900
	nsamples per process= 50
	sample time= 0.2753922939300537
	self.n= 0.28891346738754287
	RGN updated loss=-9.90696227346691,dloss=-2.5075504872518195e-07
step= 409

nparam= 1004
	dense amplitude time= 0.027187824249267578
	total non-zero amplitudes= 4900
	nsamples per process= 50
	sample time= 1.3141005039215088
	self.n= 0.28891346738754314
	collect g,h time= 2.666074275970459
E=-9.90696227346691,dE=-2.5075504872518195e-07,std=0
L=-9.90696227346691,dL=-2.5075504872518195e-07,std=0
	gnorm= 7.219894362820238e-05
	symmetric= True
	solver time=0.01681041717529297,exit status=0
	SR solver time= 0.016861915588378906
	symmetric= False
	niter= 44
	niter= 307
	solver time=0.11738467216491699,exit status=0
	RGN solver time= 0.11744070053100586
	xnorm=7.021100869812287,dnorm=0.010322289558303836
	dense amplitude time= 0.017533063888549805
	total non-zero amplitudes= 4900
	nsamples per process= 50
	sample time= 0.2684452533721924
	self.n= 0.28921761419405345
	RGN updated loss=-9.906962465473754,dloss=-1.9200684420184189e-07
step= 410

nparam= 1004
	dense amplitude time= 0.030599355697631836
	total non-zero amplitudes= 4900
	nsamples per process= 50
	sample time= 1.272129774093628
	self.n= 0.289217614194054
	collect g,h time= 2.657867431640625
E=-9.906962465473754,dE=-1.9200684420184189e-07,std=0
L=-9.906962465473754,dL=-1.9200684420184189e-07,std=0
	gnorm= 0.0001476328269901241
	symmetric= True
	solver time=0.017801284790039062,exit status=0
	SR solver time= 0.01784825325012207
	symmetric= False
	niter= 46
	niter= 277
	solver time=0.08267354965209961,exit status=0
	RGN solver time= 0.08272004127502441
	xnorm=7.024121877230978,dnorm=0.010258229773325732
	dense amplitude time= 0.018302202224731445
	total non-zero amplitudes= 4900
	nsamples per process= 50
	sample time= 0.2780618667602539
	self.n= 0.2895282431171763
	RGN updated loss=-9.906962692777325,dloss=-2.2730357152056513e-07
step= 411

nparam= 1004
	dense amplitude time= 0.07403111457824707
	total non-zero amplitudes= 4900
	nsamples per process= 50
	sample time= 1.3322327136993408
	self.n= 0.2895282431171766
	collect g,h time= 2.64730167388916
E=-9.906962692777327,dE=-2.2730357329692197e-07,std=0
L=-9.906962692777327,dL=-2.2730357329692197e-07,std=0
	gnorm= 5.669024050731525e-05
	symmetric= True
	solver time=0.018024921417236328,exit status=0
	SR solver time= 0.018083810806274414
	symmetric= False
	niter= 41
	niter= 306
	solver time=0.09745335578918457,exit status=0
	RGN solver time= 0.09750533103942871
	xnorm=7.02713941543139,dnorm=0.010147825862348782
	dense amplitude time= 0.028202056884765625
	total non-zero amplitudes= 4900
	nsamples per process= 50
	sample time= 0.27967214584350586
	self.n= 0.28982151064539363
	RGN updated loss=-9.906962914708695,dloss=-2.2193136750559006e-07
step= 412

nparam= 1004
	dense amplitude time= 0.026473522186279297
	total non-zero amplitudes= 4900
	nsamples per process= 50
	sample time= 1.2946007251739502
	self.n= 0.2898215106453939
	collect g,h time= 2.6793739795684814
E=-9.906962914708698,dE=-2.2193137105830374e-07,std=0
L=-9.906962914708698,dL=-2.2193137105830374e-07,std=0
	gnorm= 7.195707517646015e-05
	symmetric= True
	solver time=0.0076334476470947266,exit status=0
	SR solver time= 0.007682085037231445
	symmetric= False
	niter= 44
	niter= 307
	solver time=0.07755804061889648,exit status=0
	RGN solver time= 0.07760262489318848
	xnorm=7.030158392401067,dnorm=0.01024389239064544
	dense amplitude time= 0.017160654067993164
	total non-zero amplitudes= 4900
	nsamples per process= 50
	sample time= 0.2728586196899414
	self.n= 0.290121367327807
	RGN updated loss=-9.906963103922454,dloss=-1.8921375577463095e-07
step= 413

nparam= 1004
	dense amplitude time= 0.05007004737854004
	total non-zero amplitudes= 4900
	nsamples per process= 50
	sample time= 1.2826342582702637
	self.n= 0.2901213673278074
	collect g,h time= 2.611288547515869
E=-9.906963103922452,dE=-1.8921375399827411e-07,std=0
L=-9.906963103922452,dL=-1.8921375399827411e-07,std=0
	gnorm= 4.391071063010396e-05
	symmetric= True
	solver time=0.017732858657836914,exit status=0
	SR solver time= 0.017786264419555664
	symmetric= False
	niter= 44
	niter= 315
	solver time=0.09913301467895508,exit status=0
	RGN solver time= 0.09919214248657227
	xnorm=7.033159404371883,dnorm=0.010176647764369988
	dense amplitude time= 0.017485618591308594
	total non-zero amplitudes= 4900
	nsamples per process= 50
	sample time= 0.27427172660827637
	self.n= 0.29042307085630736
	RGN updated loss=-9.906963337125744,dloss=-2.332032913443527e-07
step= 414

nparam= 1004
	dense amplitude time= 0.02493572235107422
	total non-zero amplitudes= 4900
	nsamples per process= 50
	sample time= 1.3026697635650635
	self.n= 0.2904230708563078
	collect g,h time= 2.647397041320801
E=-9.906963337125745,dE=-2.3320329312070953e-07,std=0
L=-9.906963337125745,dL=-2.3320329312070953e-07,std=0
	gnorm= 1.536114216122253e-05
	symmetric= True
	solver time=0.006307840347290039,exit status=0
	SR solver time= 0.006354808807373047
	symmetric= False
	niter= 31
	niter= 343
	solver time=0.0897524356842041,exit status=0
	RGN solver time= 0.08980059623718262
	xnorm=7.036154609842039,dnorm=0.010070932810243089
	dense amplitude time= 0.01619720458984375
	total non-zero amplitudes= 4900
	nsamples per process= 50
	sample time= 0.2742016315460205
	self.n= 0.2907231112783542
	RGN updated loss=-9.906963547365526,dloss=-2.1023978113987596e-07
step= 415

nparam= 1004
	dense amplitude time= 0.024604082107543945
	total non-zero amplitudes= 4900
	nsamples per process= 50
	sample time= 1.2909305095672607
	self.n= 0.2907231112783547
	collect g,h time= 2.6621012687683105
E=-9.906963547365532,dE=-2.1023978646894648e-07,std=0
L=-9.906963547365532,dL=-2.1023978646894648e-07,std=0
	gnorm= 7.186383668057218e-05
	symmetric= True
	solver time=0.016739845275878906,exit status=0
	SR solver time= 0.0167996883392334
	symmetric= False
	niter= 44
	niter= 307
	solver time=0.08480644226074219,exit status=0
	RGN solver time= 0.08485531806945801
	xnorm=7.039154643751999,dnorm=0.01018454754396178
	dense amplitude time= 0.017343997955322266
	total non-zero amplitudes= 4900
	nsamples per process= 50
	sample time= 0.2721283435821533
	self.n= 0.291023788016839
	RGN updated loss=-9.906963734304176,dloss=-1.8693864412000494e-07
step= 416

nparam= 1004
	dense amplitude time= 0.021201610565185547
	total non-zero amplitudes= 4900
	nsamples per process= 50
	sample time= 1.2855100631713867
	self.n= 0.29102378801683937
	collect g,h time= 2.6617953777313232
E=-9.906963734304176,dE=-1.8693864412000494e-07,std=0
L=-9.906963734304176,dL=-1.8693864412000494e-07,std=0
	gnorm= 4.4109203681002234e-05
	symmetric= True
	solver time=0.00702667236328125,exit status=0
	SR solver time= 0.007073402404785156
	symmetric= False
	niter= 44
	niter= 312
	solver time=0.09186863899230957,exit status=0
	RGN solver time= 0.0919198989868164
	xnorm=7.042135207739594,dnorm=0.01011662512546229
	dense amplitude time= 0.017085790634155273
	total non-zero amplitudes= 4900
	nsamples per process= 50
	sample time= 0.2637913227081299
	self.n= 0.2913173707834045
	RGN updated loss=-9.90696396466137,dloss=-2.3035719465269722e-07
step= 417

nparam= 1004
	dense amplitude time= 0.018126487731933594
	total non-zero amplitudes= 4900
	nsamples per process= 50
	sample time= 1.2484042644500732
	self.n= 0.2913173707834048
	collect g,h time= 2.6512506008148193
E=-9.906963964661376,dE=-2.3035719998176774e-07,std=0
L=-9.906963964661376,dL=-2.3035719998176774e-07,std=0
	gnorm= 1.6291520452207055e-05
	symmetric= True
	solver time=0.005360841751098633,exit status=0
	SR solver time= 0.00541234016418457
	symmetric= False
	niter= 32
	niter= 343
	solver time=0.08793425559997559,exit status=0
	RGN solver time= 0.08798575401306152
	xnorm=7.0451201655681155,dnorm=0.010012477360082157
	dense amplitude time= 0.017194509506225586
	total non-zero amplitudes= 4900
	nsamples per process= 50
	sample time= 0.2753753662109375
	self.n= 0.291620506958666
	RGN updated loss=-9.906964172050708,dloss=-2.0738933237396395e-07
step= 418

nparam= 1004
	dense amplitude time= 0.01854872703552246
	total non-zero amplitudes= 4900
	nsamples per process= 50
	sample time= 1.318692922592163
	self.n= 0.2916205069586665
	collect g,h time= 2.6556408405303955
E=-9.906964172050712,dE=-2.0738933592667763e-07,std=0
L=-9.906964172050712,dL=-2.0738933592667763e-07,std=0
	gnorm= 7.250341720929074e-05
	symmetric= True
	solver time=0.007172584533691406,exit status=0
	SR solver time= 0.007219791412353516
	symmetric= False
	niter= 44
	niter= 306
	solver time=0.09608936309814453,exit status=0
	RGN solver time= 0.09614062309265137
	xnorm=7.048095816830282,dnorm=0.010121279667441033
	dense amplitude time= 0.038352012634277344
	total non-zero amplitudes= 4900
	nsamples per process= 50
	sample time= 0.2761693000793457
	self.n= 0.2919140308187015
	RGN updated loss=-9.906964356080689,dloss=-1.8402997703503843e-07
step= 419

nparam= 1004
	dense amplitude time= 0.0176849365234375
	total non-zero amplitudes= 4900
	nsamples per process= 50
	sample time= 1.2925033569335938
	self.n= 0.2919140308187017
	collect g,h time= 2.655644178390503
E=-9.90696435608069,dE=-1.8402997881139527e-07,std=0
L=-9.90696435608069,dL=-1.8402997881139527e-07,std=0
	gnorm= 4.381135855034383e-05
	symmetric= True
	solver time=0.007822990417480469,exit status=0
	SR solver time= 0.007871866226196289
	symmetric= False
	niter= 44
	niter= 314
	solver time=0.08519625663757324,exit status=0
	RGN solver time= 0.08525538444519043
	xnorm=7.051064497530304,dnorm=0.010054591325608061
	dense amplitude time= 0.018938779830932617
	total non-zero amplitudes= 4900
	nsamples per process= 50
	sample time= 0.3524324893951416
	self.n= 0.29221214867834755
	RGN updated loss=-9.906964583791941,dloss=-2.27711250744278e-07
step= 420

nparam= 1004
	dense amplitude time= 0.03550100326538086
	total non-zero amplitudes= 4900
	nsamples per process= 50
	sample time= 1.293492078781128
	self.n= 0.2922121486783481
	collect g,h time= 2.622985363006592
E=-9.906964583791941,dE=-2.27711250744278e-07,std=0
L=-9.906964583791941,dL=-2.27711250744278e-07,std=0
	gnorm= 1.8852876049317217e-05
	symmetric= True
	solver time=0.006059885025024414,exit status=0
	SR solver time= 0.00610661506652832
	symmetric= False
	niter= 34
	niter= 343
	solver time=0.1011350154876709,exit status=0
	RGN solver time= 0.10117912292480469
	xnorm=7.0540227730400344,dnorm=0.009954751173590423
	dense amplitude time= 0.017222881317138672
	total non-zero amplitudes= 4900
	nsamples per process= 50
	sample time= 0.28107404708862305
	self.n= 0.2925154541722777
	RGN updated loss=-9.906964790212028,dloss=-2.0642008635718412e-07
step= 421

nparam= 1004
	dense amplitude time= 0.05720949172973633
	total non-zero amplitudes= 4900
	nsamples per process= 50
	sample time= 1.3469879627227783
	self.n= 0.2925154541722777
	collect g,h time= 2.6222565174102783
E=-9.906964790212028,dE=-2.0642008635718412e-07,std=0
L=-9.906964790212028,dL=-2.0642008635718412e-07,std=0
	gnorm= 1.526068767615594e-05
	symmetric= True
	solver time=0.00583338737487793,exit status=0
	SR solver time= 0.005884408950805664
	symmetric= False
	niter= 31
	niter= 343
	solver time=0.10446381568908691,exit status=0
	RGN solver time= 0.10451388359069824
	xnorm=7.056974340367437,dnorm=0.009929725357816865
	dense amplitude time= 0.017552852630615234
	total non-zero amplitudes= 4900
	nsamples per process= 50
	sample time= 0.28043103218078613
	self.n= 0.29281544609369087
	RGN updated loss=-9.906964995646307,dloss=-2.0543427936559056e-07
step= 422

nparam= 1004
	dense amplitude time= 0.029221773147583008
	total non-zero amplitudes= 4900
	nsamples per process= 50
	sample time= 1.3081557750701904
	self.n= 0.29281544609369115
	collect g,h time= 2.633392810821533
E=-9.90696499564631,dE=-2.0543428291830423e-07,std=0
L=-9.90696499564631,dL=-2.0543428291830423e-07,std=0
	gnorm= 0.00012337223721541066
	symmetric= True
	solver time=0.030185937881469727,exit status=0
	SR solver time= 0.030230045318603516
	symmetric= False
	niter= 47
	niter= 273
	solver time=0.07638192176818848,exit status=0
	RGN solver time= 0.07641959190368652
	xnorm=7.059919874105461,dnorm=0.009924000365152875
	dense amplitude time= 0.016570568084716797
	total non-zero amplitudes= 4900
	nsamples per process= 50
	sample time= 0.2791121006011963
	self.n= 0.29310707120735546
	RGN updated loss=-9.906965189460662,dloss=-1.9381435123477786e-07
step= 423

nparam= 1004
	dense amplitude time= 0.025052785873413086
	total non-zero amplitudes= 4900
	nsamples per process= 50
	sample time= 1.3056755065917969
	self.n= 0.2931070712073558
	collect g,h time= 2.7904202938079834
E=-9.906965189460662,dE=-1.9381435123477786e-07,std=0
L=-9.906965189460662,dL=-1.9381435123477786e-07,std=0
	gnorm= 5.3466617112588474e-05
	symmetric= True
	niter= 43
	solver time=0.026259660720825195,exit status=0
	SR solver time= 0.026346683502197266
	symmetric= False
	niter= 303
	solver time=0.09809374809265137,exit status=0
	RGN solver time= 0.09814786911010742
	xnorm=7.062884115412121,dnorm=0.009898187525273137
	dense amplitude time= 0.01706981658935547
	total non-zero amplitudes= 4900
	nsamples per process= 50
	sample time= 0.2758762836456299
	self.n= 0.29341011572763875
	RGN updated loss=-9.906965400567088,dloss=-2.1110642656196887e-07
step= 424

nparam= 1004
	dense amplitude time= 0.017323017120361328
	total non-zero amplitudes= 4900
	nsamples per process= 50
	sample time= 1.3154499530792236
	self.n= 0.293410115727639
	collect g,h time= 2.67375111579895
E=-9.90696540056709,dE=-2.1110642833832571e-07,std=0
L=-9.90696540056709,dL=-2.1110642833832571e-07,std=0
	gnorm= 1.82935838289901e-05
	symmetric= True
	solver time=0.01094508171081543,exit status=0
	SR solver time= 0.010991096496582031
	symmetric= False
	niter= 34
	niter= 343
	solver time=0.09042501449584961,exit status=0
	RGN solver time= 0.09046506881713867
	xnorm=7.0658087110995655,dnorm=0.00985795564379515
	dense amplitude time= 0.01659560203552246
	total non-zero amplitudes= 4900
	nsamples per process= 50
	sample time= 0.27982521057128906
	self.n= 0.2937123112479625
	RGN updated loss=-9.906965602942513,dloss=-2.023754230862096e-07
step= 425

nparam= 1004
	dense amplitude time= 0.019170045852661133
	total non-zero amplitudes= 4900
	nsamples per process= 50
	sample time= 1.324028491973877
	self.n= 0.29371231124796315
	collect g,h time= 2.6540422439575195
E=-9.906965602942515,dE=-2.0237542486256643e-07,std=0
L=-9.906965602942515,dL=-2.0237542486256643e-07,std=0
	gnorm= 0.00012606963108394154
	symmetric= True
	solver time=0.018193721771240234,exit status=0
	SR solver time= 0.018239974975585938
	symmetric= False
	niter= 47
	niter= 272
	solver time=0.07239484786987305,exit status=0
	RGN solver time= 0.07243990898132324
	xnorm=7.068744935333488,dnorm=0.009857438056883
	dense amplitude time= 0.01608443260192871
	total non-zero amplitudes= 4900
	nsamples per process= 50
	sample time= 0.2840290069580078
	self.n= 0.2940067990687213
	RGN updated loss=-9.906965793913745,dloss=-1.9097122994082838e-07
step= 426

nparam= 1004
	dense amplitude time= 0.02707076072692871
	total non-zero amplitudes= 4900
	nsamples per process= 50
	sample time= 1.3218345642089844
	self.n= 0.2940067990687218
	collect g,h time= 2.6701104640960693
E=-9.906965793913745,dE=-1.9097122994082838e-07,std=0
L=-9.906965793913745,dL=-1.9097122994082838e-07,std=0
	gnorm= 5.57234624124711e-05
	symmetric= True
	solver time=0.008364200592041016,exit status=0
	SR solver time= 0.008427143096923828
	symmetric= False
	niter= 43
	niter= 302
	solver time=0.10188674926757812,exit status=0
	RGN solver time= 0.10192608833312988
	xnorm=7.0716734176345835,dnorm=0.009841219195018664
	dense amplitude time= 0.02601337432861328
	total non-zero amplitudes= 4900
	nsamples per process= 50
	sample time= 0.2786414623260498
	self.n= 0.2943188337154765
	RGN updated loss=-9.906966005794564,dloss=-2.1188081866796438e-07
step= 427

nparam= 1004
	dense amplitude time= 0.026162147521972656
	total non-zero amplitudes= 4900
	nsamples per process= 50
	sample time= 1.3063263893127441
	self.n= 0.29431883371547696
	collect g,h time= 2.668820381164551
E=-9.906966005794565,dE=-2.1188082044432122e-07,std=0
L=-9.906966005794565,dL=-2.1188082044432122e-07,std=0
	gnorm= 0.00011899282184886593
	symmetric= True
	solver time=0.008418560028076172,exit status=0
	SR solver time= 0.008462667465209961
	symmetric= False
	niter= 47
	niter= 273
	solver time=0.08735466003417969,exit status=0
	RGN solver time= 0.08739876747131348
	xnorm=7.074565346967494,dnorm=0.009824101731006882
	dense amplitude time= 0.017084836959838867
	total non-zero amplitudes= 4900
	nsamples per process= 50
	sample time= 0.2708301544189453
	self.n= 0.2946213707429553
	RGN updated loss=-9.906966192953758,dloss=-1.871591930324712e-07
step= 428

nparam= 1004
	dense amplitude time= 0.01745128631591797
	total non-zero amplitudes= 4900
	nsamples per process= 50
	sample time= 1.3259708881378174
	self.n= 0.29462137074295547
	collect g,h time= 2.6441094875335693
E=-9.90696619295376,dE=-1.8715919480882803e-07,std=0
L=-9.90696619295376,dL=-1.8715919480882803e-07,std=0
	gnorm= 5.830332141544614e-05
	symmetric= True
	solver time=0.008353710174560547,exit status=0
	SR solver time= 0.008399486541748047
	symmetric= False
	niter= 44
	niter= 302
	solver time=0.08112239837646484,exit status=0
	RGN solver time= 0.08116674423217773
	xnorm=7.0774613417833505,dnorm=0.009818135402920331
	dense amplitude time= 0.01456308364868164
	total non-zero amplitudes= 4900
	nsamples per process= 50
	sample time= 0.28023195266723633
	self.n= 0.2949379433358093
	RGN updated loss=-9.906966400751292,dloss=-2.0779753207023077e-07
step= 429

nparam= 1004
	dense amplitude time= 0.03124094009399414
	total non-zero amplitudes= 4900
	nsamples per process= 50
	sample time= 1.3232390880584717
	self.n= 0.29493794333580925
	collect g,h time= 2.7125229835510254
E=-9.906966400751292,dE=-2.0779753207023077e-07,std=0
L=-9.906966400751292,dL=-2.0779753207023077e-07,std=0
	gnorm= 0.00012600872254232343
	symmetric= True
	solver time=0.009978771209716797,exit status=0
	SR solver time= 0.010022640228271484
	symmetric= False
	niter= 47
	niter= 273
	solver time=0.09133243560791016,exit status=0
	RGN solver time= 0.09137344360351562
	xnorm=7.080333092186183,dnorm=0.009805842824050842
	dense amplitude time= 0.017954349517822266
	total non-zero amplitudes= 4900
	nsamples per process= 50
	sample time= 0.2823374271392822
	self.n= 0.29523265816410266
	RGN updated loss=-9.906966589839138,dloss=-1.8908784582549742e-07
step= 430

nparam= 1004
	dense amplitude time= 0.04112434387207031
	total non-zero amplitudes= 4900
	nsamples per process= 50
	sample time= 1.3292653560638428
	self.n= 0.2952326581641027
	collect g,h time= 2.6737468242645264
E=-9.906966589839136,dE=-1.8908784404914059e-07,std=0
L=-9.906966589839136,dL=-1.8908784404914059e-07,std=0
	gnorm= 6.011099634446628e-05
	symmetric= True
	solver time=0.017981529235839844,exit status=0
	SR solver time= 0.018033266067504883
	symmetric= False
	niter= 44
	niter= 296
	solver time=0.09782242774963379,exit status=0
	RGN solver time= 0.09786725044250488
	xnorm=7.08324179038688,dnorm=0.009772941075401357
	dense amplitude time= 0.037775516510009766
	total non-zero amplitudes= 4900
	nsamples per process= 50
	sample time= 0.2745838165283203
	self.n= 0.2955474837515874
	RGN updated loss=-9.90696679730112,dloss=-2.0746198359233858e-07
step= 431

nparam= 1004
	dense amplitude time= 0.027408361434936523
	total non-zero amplitudes= 4900
	nsamples per process= 50
	sample time= 1.2770285606384277
	self.n= 0.29554748375158746
	collect g,h time= 2.6455304622650146
E=-9.906966797301122,dE=-2.0746198536869542e-07,std=0
L=-9.906966797301122,dL=-2.0746198536869542e-07,std=0
	gnorm= 0.00012589643615764905
	symmetric= True
	niter= 47
	solver time=0.006850719451904297,exit status=0
	SR solver time= 0.0068929195404052734
	symmetric= False
	niter= 271
	solver time=0.076507568359375,exit status=0
	RGN solver time= 0.07654738426208496
	xnorm=7.086098975946749,dnorm=0.00976050865816545
	dense amplitude time= 0.018246173858642578
	total non-zero amplitudes= 4900
	nsamples per process= 50
	sample time= 0.2942342758178711
	self.n= 0.2958447391438578
	RGN updated loss=-9.906966983479695,dloss=-1.8617857300284868e-07
step= 432

nparam= 1004
	dense amplitude time= 0.018175363540649414
	total non-zero amplitudes= 4900
	nsamples per process= 50
	sample time= 1.3545761108398438
	self.n= 0.2958447391438581
	collect g,h time= 2.6584644317626953
E=-9.906966983479693,dE=-1.8617857122649184e-07,std=0
L=-9.906966983479693,dL=-1.8617857122649184e-07,std=0
	gnorm= 6.056577111676452e-05
	symmetric= True
	niter= 44
	solver time=0.019480228424072266,exit status=0
	SR solver time= 0.019535064697265625
	symmetric= False
	niter= 295
	solver time=0.10907888412475586,exit status=0
	RGN solver time= 0.10912656784057617
	xnorm=7.088983510762908,dnorm=0.009749070308758333
	dense amplitude time= 0.0175325870513916
	total non-zero amplitudes= 4900
	nsamples per process= 50
	sample time= 0.27670788764953613
	self.n= 0.2961549907256531
	RGN updated loss=-9.906967193082783,dloss=-2.0960309043971392e-07
step= 433

nparam= 1004
	dense amplitude time= 0.018068790435791016
	total non-zero amplitudes= 4900
	nsamples per process= 50
	sample time= 1.3193349838256836
	self.n= 0.2961549907256532
	collect g,h time= 2.7042534351348877
E=-9.906967193082785,dE=-2.0960309221607076e-07,std=0
L=-9.906967193082785,dL=-2.0960309221607076e-07,std=0
	gnorm= 2.2705386494795315e-05
	symmetric= True
	niter= 38
	solver time=0.00707554817199707,exit status=0
	SR solver time= 0.007142066955566406
	symmetric= False
	niter= 342
	solver time=0.10774064064025879,exit status=0
	RGN solver time= 0.10778331756591797
	xnorm=7.091826011112498,dnorm=0.009867288743570478
	dense amplitude time= 0.015766143798828125
	total non-zero amplitudes= 4900
	nsamples per process= 50
	sample time= 0.2754037380218506
	self.n= 0.2964617596347976
	RGN updated loss=-9.906967381670935,dloss=-1.8858814954114678e-07
step= 434

nparam= 1004
	dense amplitude time= 0.01967310905456543
	total non-zero amplitudes= 4900
	nsamples per process= 50
	sample time= 1.2749717235565186
	self.n= 0.29646175963479776
	collect g,h time= 2.649651050567627
E=-9.906967381670935,dE=-1.8858814954114678e-07,std=0
L=-9.906967381670935,dL=-1.8858814954114678e-07,std=0
	gnorm= 3.225479708597594e-05
	symmetric= True
	solver time=0.0065195560455322266,exit status=0
	SR solver time= 0.00655817985534668
	symmetric= False
	niter= 40
	niter= 318
	solver time=0.10791707038879395,exit status=0
	RGN solver time= 0.10796785354614258
	xnorm=7.094893561594559,dnorm=0.00974709000443509
	dense amplitude time= 0.017708539962768555
	total non-zero amplitudes= 4900
	nsamples per process= 50
	sample time= 0.27512097358703613
	self.n= 0.2967720133947299
	RGN updated loss=-9.90696758062516,dloss=-1.9895422553872777e-07
step= 435

nparam= 1004
	dense amplitude time= 0.018886089324951172
	total non-zero amplitudes= 4900
	nsamples per process= 50
	sample time= 1.3040297031402588
	self.n= 0.29677201339473
	collect g,h time= 2.7164525985717773
E=-9.906967580625162,dE=-1.989542273150846e-07,std=0
L=-9.906967580625162,dL=-1.989542273150846e-07,std=0
	gnorm= 2.6167164797222057e-05
	symmetric= True
	solver time=0.017540931701660156,exit status=0
	SR solver time= 0.01760268211364746
	symmetric= False
	niter= 39
	niter= 329
	solver time=0.10062170028686523,exit status=0
	RGN solver time= 0.10066819190979004
	xnorm=7.097648097226493,dnorm=0.009668165748432043
	dense amplitude time= 0.015810012817382812
	total non-zero amplitudes= 4900
	nsamples per process= 50
	sample time= 0.27844762802124023
	self.n= 0.2970843643812555
	RGN updated loss=-9.906967774574918,dloss=-1.9394975581121798e-07
step= 436

nparam= 1004
	dense amplitude time= 0.0200045108795166
	total non-zero amplitudes= 4900
	nsamples per process= 50
	sample time= 1.3070085048675537
	self.n= 0.297084364381256
	collect g,h time= 2.652585506439209
E=-9.906967774574921,dE=-1.9394975936393166e-07,std=0
L=-9.906967774574921,dL=-1.9394975936393166e-07,std=0
	gnorm= 2.8094320916188675e-05
	symmetric= True
	solver time=0.006279706954956055,exit status=0
	SR solver time= 0.006326198577880859
	symmetric= False
	niter= 38
	niter= 321
	solver time=0.09934759140014648,exit status=0
	RGN solver time= 0.09938836097717285
	xnorm=7.100464736229428,dnorm=0.009690106730733167
	dense amplitude time= 0.016721010208129883
	total non-zero amplitudes= 4900
	nsamples per process= 50
	sample time= 0.2805511951446533
	self.n= 0.297390444461207
	RGN updated loss=-9.906967968750036,dloss=-1.9417511509800534e-07
step= 437

nparam= 1004
	dense amplitude time= 0.026926040649414062
	total non-zero amplitudes= 4900
	nsamples per process= 50
	sample time= 1.2968862056732178
	self.n= 0.297390444461208
	collect g,h time= 2.6718063354492188
E=-9.906967968750033,dE=-1.9417511154529166e-07,std=0
L=-9.906967968750033,dL=-1.9417511154529166e-07,std=0
	gnorm= 3.055761551954286e-05
	symmetric= True
	solver time=0.019280672073364258,exit status=0
	SR solver time= 0.019338607788085938
	symmetric= False
	niter= 40
	niter= 318
	solver time=0.10685586929321289,exit status=0
	RGN solver time= 0.1069037914276123
	xnorm=7.103279911109003,dnorm=0.009653612568187473
	dense amplitude time= 0.056777238845825195
	total non-zero amplitudes= 4900
	nsamples per process= 50
	sample time= 0.2695002555847168
	self.n= 0.29770829765103934
	RGN updated loss=-9.906968160062744,dloss=-1.9131271145056417e-07
step= 438

nparam= 1004
	dense amplitude time= 0.022884130477905273
	total non-zero amplitudes= 4900
	nsamples per process= 50
	sample time= 1.274946689605713
	self.n= 0.2977082976510396
	collect g,h time= 2.6528024673461914
E=-9.906968160062746,dE=-1.91312713226921e-07,std=0
L=-9.906968160062746,dL=-1.91312713226921e-07,std=0
	gnorm= 3.5257863240277984e-05
	symmetric= True
	solver time=0.015623807907104492,exit status=0
	SR solver time= 0.015671491622924805
	symmetric= False
	niter= 40
	niter= 312
	solver time=0.08821463584899902,exit status=0
	RGN solver time= 0.08826208114624023
	xnorm=7.106103438222499,dnorm=0.009668919635451571
	dense amplitude time= 0.015375852584838867
	total non-zero amplitudes= 4900
	nsamples per process= 50
	sample time= 0.2699754238128662
	self.n= 0.29801468005780196
	RGN updated loss=-9.906968353727276,dloss=-1.9366452974622916e-07
step= 439

nparam= 1004
	dense amplitude time= 0.018512487411499023
	total non-zero amplitudes= 4900
	nsamples per process= 50
	sample time= 1.2976717948913574
	self.n= 0.298014680057802
	collect g,h time= 2.7163913249969482
E=-9.906968353727274,dE=-1.9366452796987232e-07,std=0
L=-9.906968353727274,dL=-1.9366452796987232e-07,std=0
	gnorm= 3.388857322926042e-05
	symmetric= True
	solver time=0.02230095863342285,exit status=0
	SR solver time= 0.022352218627929688
	symmetric= False
	niter= 41
	niter= 322
	solver time=0.0968012809753418,exit status=0
	RGN solver time= 0.0968477725982666
	xnorm=7.108930232455644,dnorm=0.009779589367697612
	dense amplitude time= 0.04123258590698242
	total non-zero amplitudes= 4900
	nsamples per process= 50
	sample time= 0.27410387992858887
	self.n= 0.2983080078269218
	RGN updated loss=-9.906968542461565,dloss=-1.8873429041832424e-07
step= 440

nparam= 1004
	dense amplitude time= 0.01692366600036621
	total non-zero amplitudes= 4900
	nsamples per process= 50
	sample time= 1.3190298080444336
	self.n= 0.29830800782692246
	collect g,h time= 2.6634786128997803
E=-9.906968542461566,dE=-1.8873429219468107e-07,std=0
L=-9.906968542461566,dL=-1.8873429219468107e-07,std=0
	gnorm= 3.639647872796071e-05
	symmetric= True
	solver time=0.02302241325378418,exit status=0
	SR solver time= 0.023101091384887695
	symmetric= False
	niter= 42
	niter= 312
	solver time=0.10392880439758301,exit status=0
	RGN solver time= 0.10398006439208984
	xnorm=7.111980467800794,dnorm=0.009667764037825818
	dense amplitude time= 0.028990983963012695
	total non-zero amplitudes= 4900
	nsamples per process= 50
	sample time= 0.2783024311065674
	self.n= 0.2986219227048914
	RGN updated loss=-9.906968733096566,dloss=-1.9063499934190986e-07
step= 441

nparam= 1004
	dense amplitude time= 0.03051924705505371
	total non-zero amplitudes= 4900
	nsamples per process= 50
	sample time= 1.3073866367340088
	self.n= 0.2986219227048915
	collect g,h time= 2.69254469871521
E=-9.906968733096564,dE=-1.9063499756555302e-07,std=0
L=-9.906968733096564,dL=-1.9063499756555302e-07,std=0
	gnorm= 2.842725602668638e-05
	symmetric= True
	niter= 39
	solver time=0.0076787471771240234,exit status=0
	SR solver time= 0.007725715637207031
	symmetric= False
	niter= 319
	solver time=0.1044619083404541,exit status=0
	RGN solver time= 0.10450911521911621
	xnorm=7.114705610703049,dnorm=0.009620831399236066
	dense amplitude time= 0.01703023910522461
	total non-zero amplitudes= 4900
	nsamples per process= 50
	sample time= 0.2720315456390381
	self.n= 0.29891322593824365
	RGN updated loss=-9.906968928314566,dloss=-1.9521800176391935e-07
step= 442

nparam= 1004
	dense amplitude time= 0.016501188278198242
	total non-zero amplitudes= 4900
	nsamples per process= 50
	sample time= 1.2957065105438232
	self.n= 0.298913225938244
	collect g,h time= 2.662522792816162
E=-9.906968928314564,dE=-1.952179999875625e-07,std=0
L=-9.906968928314564,dL=-1.952179999875625e-07,std=0
	gnorm= 2.81325700094758e-05
	symmetric= True
	solver time=0.0075092315673828125,exit status=0
	SR solver time= 0.007555961608886719
	symmetric= False
	niter= 38
	niter= 317
	solver time=0.10105371475219727,exit status=0
	RGN solver time= 0.10110068321228027
	xnorm=7.117500249086049,dnorm=0.009593112936850499
	dense amplitude time= 0.019174575805664062
	total non-zero amplitudes= 4900
	nsamples per process= 50
	sample time= 0.2753267288208008
	self.n= 0.29922412662969916
	RGN updated loss=-9.906969116658404,dloss=-1.883438400795967e-07
step= 443

nparam= 1004
	dense amplitude time= 0.017920255661010742
	total non-zero amplitudes= 4900
	nsamples per process= 50
	sample time= 1.2895448207855225
	self.n= 0.2992241266296993
	collect g,h time= 2.713094711303711
E=-9.906969116658404,dE=-1.883438400795967e-07,std=0
L=-9.906969116658404,dL=-1.883438400795967e-07,std=0
	gnorm= 3.111780122715789e-05
	symmetric= True
	niter= 40
	solver time=0.013103723526000977,exit status=0
	SR solver time= 0.01315927505493164
	symmetric= False
	niter= 315
	solver time=0.07929778099060059,exit status=0
	RGN solver time= 0.07934355735778809
	xnorm=7.120298641982316,dnorm=0.009588601145254639
	dense amplitude time= 0.0163114070892334
	total non-zero amplitudes= 4900
	nsamples per process= 50
	sample time= 0.27260398864746094
	self.n= 0.29952494374130784
	RGN updated loss=-9.906969306464028,dloss=-1.898056236626644e-07
step= 444

nparam= 1004
	dense amplitude time= 0.02422642707824707
	total non-zero amplitudes= 4900
	nsamples per process= 50
	sample time= 1.284780740737915
	self.n= 0.29952494374130806
	collect g,h time= 2.6680240631103516
E=-9.906969306464028,dE=-1.898056236626644e-07,std=0
L=-9.906969306464028,dL=-1.898056236626644e-07,std=0
	gnorm= 2.5635858280878465e-05
	symmetric= True
	solver time=0.017187118530273438,exit status=0
	SR solver time= 0.01724863052368164
	symmetric= False
	niter= 37
	niter= 325
	solver time=0.08635902404785156,exit status=0
	RGN solver time= 0.08640241622924805
	xnorm=7.123101065167344,dnorm=0.009563312551580388
	dense amplitude time= 0.01765275001525879
	total non-zero amplitudes= 4900
	nsamples per process= 50
	sample time= 0.27246618270874023
	self.n= 0.2998281039876799
	RGN updated loss=-9.906969497626333,dloss=-1.911623055406153e-07
step= 445

nparam= 1004
	dense amplitude time= 0.019138813018798828
	total non-zero amplitudes= 4900
	nsamples per process= 50
	sample time= 1.277860164642334
	self.n= 0.2998281039876801
	collect g,h time= 2.685945510864258
E=-9.906969497626337,dE=-1.9116230909332899e-07,std=0
L=-9.906969497626337,dL=-1.9116230909332899e-07,std=0
	gnorm= 3.2818876937335705e-05
	symmetric= True
	solver time=0.01608562469482422,exit status=0
	SR solver time= 0.016138553619384766
	symmetric= False
	niter= 40
	niter= 320
	solver time=0.15803766250610352,exit status=0
	RGN solver time= 0.15808868408203125
	xnorm=7.12591190289612,dnorm=0.009703618117457135
	dense amplitude time= 0.014909029006958008
	total non-zero amplitudes= 4900
	nsamples per process= 50
	sample time= 0.267833948135376
	self.n= 0.3001297849961504
	RGN updated loss=-9.906969678923033,dloss=-1.8129669676625326e-07
step= 446

nparam= 1004
	dense amplitude time= 0.0215151309967041
	total non-zero amplitudes= 4900
	nsamples per process= 50
	sample time= 1.242854356765747
	self.n= 0.3001297849961506
	collect g,h time= 2.6830050945281982
E=-9.906969678923033,dE=-1.8129669676625326e-07,std=0
L=-9.906969678923033,dL=-1.8129669676625326e-07,std=0
	gnorm= 3.56459564824998e-05
	symmetric= True
	solver time=0.016107797622680664,exit status=0
	SR solver time= 0.016155004501342773
	symmetric= False
	niter= 42
	niter= 312
	solver time=0.091949462890625,exit status=0
	RGN solver time= 0.09201359748840332
	xnorm=7.128921075038325,dnorm=0.009576804180797658
	dense amplitude time= 0.017061948776245117
	total non-zero amplitudes= 4900
	nsamples per process= 50
	sample time= 0.2707705497741699
	self.n= 0.3004328284921035
	RGN updated loss=-9.906969870287774,dloss=-1.913647409423902e-07
step= 447

nparam= 1004
	dense amplitude time= 0.0169374942779541
	total non-zero amplitudes= 4900
	nsamples per process= 50
	sample time= 1.2540605068206787
	self.n= 0.3004328284921035
	collect g,h time= 2.687744617462158
E=-9.906969870287774,dE=-1.913647409423902e-07,std=0
L=-9.906969870287774,dL=-1.913647409423902e-07,std=0
	gnorm= 3.754376762843142e-05
	symmetric= True
	solver time=0.015703439712524414,exit status=0
	SR solver time= 0.015754222869873047
	symmetric= False
	niter= 40
	niter= 312
	solver time=0.08896780014038086,exit status=0
	RGN solver time= 0.08901524543762207
	xnorm=7.131629467199259,dnorm=0.009538677705242868
	dense amplitude time= 0.014808177947998047
	total non-zero amplitudes= 4900
	nsamples per process= 50
	sample time= 0.27013707160949707
	self.n= 0.30072537186811343
	RGN updated loss=-9.906970058336523,dloss=-1.8804874812872185e-07
step= 448

nparam= 1004
	dense amplitude time= 0.017014026641845703
	total non-zero amplitudes= 4900
	nsamples per process= 50
	sample time= 1.2518823146820068
	self.n= 0.3007253718681139
	collect g,h time= 2.664055585861206
E=-9.906970058336523,dE=-1.8804874812872185e-07,std=0
L=-9.906970058336523,dL=-1.8804874812872185e-07,std=0
	gnorm= 3.201781385282946e-05
	symmetric= True
	solver time=0.02248239517211914,exit status=0
	SR solver time= 0.022532224655151367
	symmetric= False
	niter= 39
	niter= 315
	solver time=0.10057878494262695,exit status=0
	RGN solver time= 0.10062241554260254
	xnorm=7.13438295872297,dnorm=0.009513540740572951
	dense amplitude time= 0.016793012619018555
	total non-zero amplitudes= 4900
	nsamples per process= 50
	sample time= 0.27076029777526855
	self.n= 0.30103169257074275
	RGN updated loss=-9.90697024460433,dloss=-1.8626780828867595e-07
step= 449

nparam= 1004
	dense amplitude time= 0.018321990966796875
	total non-zero amplitudes= 4900
	nsamples per process= 50
	sample time= 1.2536602020263672
	self.n= 0.30103169257074325
	collect g,h time= 2.669546604156494
E=-9.90697024460433,dE=-1.8626780828867595e-07,std=0
L=-9.90697024460433,dL=-1.8626780828867595e-07,std=0
	gnorm= 2.998539439261188e-05
	symmetric= True
	solver time=0.0059812068939208984,exit status=0
	SR solver time= 0.0060770511627197266
	symmetric= False
	niter= 39
		solver time=0.11539006233215332,exit status=0
	RGN solver time= 0.11544990539550781
	xnorm=7.137151221783405,dnorm=0.009502384244062951
niter= 316
	dense amplitude time= 0.017702817916870117
	total non-zero amplitudes= 4900
	nsamples per process= 50
	sample time= 0.26769042015075684
	self.n= 0.3013217559684963
	RGN updated loss=-9.906970432672567,dloss=-1.8806823653960691e-07
step= 450

nparam= 1004
	dense amplitude time= 0.01910996437072754
	total non-zero amplitudes= 4900
	nsamples per process= 50
	sample time= 1.240006685256958
	self.n= 0.30132175596849625
	collect g,h time= 2.6383564472198486
E=-9.906970432672566,dE=-1.8806823476325008e-07,std=0
L=-9.906970432672566,dL=-1.8806823476325008e-07,std=0
	gnorm= 3.349666672087545e-05
	symmetric= True
	solver time=0.006817817687988281,exit status=0
	SR solver time= 0.00685572624206543
	symmetric= False
	niter= 41
	niter= 322
	solver time=0.08569216728210449,exit status=0
	RGN solver time= 0.08574223518371582
	xnorm=7.139917287967262,dnorm=0.009618491863143648
	dense amplitude time= 0.016637802124023438
	total non-zero amplitudes= 4900
	nsamples per process= 50
	sample time= 0.27062273025512695
	self.n= 0.30162365626551163
	RGN updated loss=-9.90697061145514,dloss=-1.787825745225291e-07
step= 451

nparam= 1004
	dense amplitude time= 0.05278778076171875
	total non-zero amplitudes= 4900
	nsamples per process= 50
	sample time= 1.254729986190796
	self.n= 0.30162365626551174
	collect g,h time= 2.684464693069458
E=-9.906970611455138,dE=-1.7878257274617226e-07,std=0
L=-9.906970611455138,dL=-1.7878257274617226e-07,std=0
	gnorm= 3.8479737195674326e-05
	symmetric= True
	solver time=0.01802372932434082,exit status=0
	SR solver time= 0.018066883087158203
	symmetric= False
	niter= 41
	niter= 312
	solver time=0.11046671867370605,exit status=0
	RGN solver time= 0.11051392555236816
	xnorm=7.142903848805486,dnorm=0.00950705272061019
	dense amplitude time= 0.016984224319458008
	total non-zero amplitudes= 4900
	nsamples per process= 50
	sample time= 0.26201939582824707
	self.n= 0.3019155984361267
	RGN updated loss=-9.906970800382789,dloss=-1.8892765041300663e-07
step= 452

nparam= 1004
	dense amplitude time= 0.017223358154296875
	total non-zero amplitudes= 4900
	nsamples per process= 50
	sample time= 1.254575490951538
	self.n= 0.30191559843612703
	collect g,h time= 2.690141201019287
E=-9.906970800382789,dE=-1.8892765041300663e-07,std=0
L=-9.906970800382789,dL=-1.8892765041300663e-07,std=0
	gnorm= 2.8720406445110877e-05
	symmetric= True
	solver time=0.007006645202636719,exit status=0
	SR solver time= 0.007046222686767578
	symmetric= False
	niter= 38
	niter= 318
	solver time=0.09302878379821777,exit status=0
	RGN solver time= 0.09308171272277832
	xnorm=7.145584138169906,dnorm=0.009466249859207864
	dense amplitude time= 0.014783859252929688
	total non-zero amplitudes= 4900
	nsamples per process= 50
	sample time= 0.2759578227996826
	self.n= 0.30221466373413697
	RGN updated loss=-9.906970985291622,dloss=-1.8490883313404538e-07
step= 453

nparam= 1004
	dense amplitude time= 0.03139972686767578
	total non-zero amplitudes= 4900
	nsamples per process= 50
	sample time= 1.2858338356018066
	self.n= 0.3022146637341373
	collect g,h time= 2.6823816299438477
E=-9.906970985291624,dE=-1.8490883491040222e-07,std=0
L=-9.906970985291624,dL=-1.8490883491040222e-07,std=0
	gnorm= 2.7397276506495328e-05
	symmetric= True
	solver time=0.012383460998535156,exit status=0
	SR solver time= 0.012431621551513672
	symmetric= False
	niter= 38
	niter= 320
	solver time=0.08421587944030762,exit status=0
	RGN solver time= 0.08426237106323242
	xnorm=7.148312554536021,dnorm=0.00945313576234267
	dense amplitude time= 0.018953800201416016
	total non-zero amplitudes= 4900
	nsamples per process= 50
	sample time= 0.27375125885009766
	self.n= 0.30250618606386587
	RGN updated loss=-9.906971169850946,dloss=-1.845593224913955e-07
step= 454

nparam= 1004
	dense amplitude time= 0.03237724304199219
	total non-zero amplitudes= 4900
	nsamples per process= 50
	sample time= 1.3013501167297363
	self.n= 0.30250618606386676
	collect g,h time= 2.6945276260375977
E=-9.906971169850948,dE=-1.8455932426775234e-07,std=0
L=-9.906971169850948,dL=-1.8455932426775234e-07,std=0
	gnorm= 2.465762907823356e-05
	symmetric= True
	solver time=0.014594554901123047,exit status=0
	SR solver time= 0.014645576477050781
	symmetric= False
	niter= 38
	niter= 329
	solver time=0.0898737907409668,exit status=0
	RGN solver time= 0.0899198055267334
	xnorm=7.151061224570474,dnorm=0.00943682036731911
	dense amplitude time= 0.01808929443359375
	total non-zero amplitudes= 4900
	nsamples per process= 50
	sample time= 0.2692437171936035
	self.n= 0.30280585747701727
	RGN updated loss=-9.906971354306616,dloss=-1.8445566851710282e-07
step= 455

nparam= 1004
	dense amplitude time= 0.033721208572387695
	total non-zero amplitudes= 4900
	nsamples per process= 50
	sample time= 1.2938005924224854
	self.n= 0.3028058574770177
	collect g,h time= 2.7061398029327393
E=-9.906971354306618,dE=-1.8445567029345966e-07,std=0
L=-9.906971354306618,dL=-1.8445567029345966e-07,std=0
	gnorm= 3.831089571416748e-05
	symmetric= True
	solver time=0.02809286117553711,exit status=0
	SR solver time= 0.02814173698425293
	symmetric= False
	niter= 40
	niter= 312
	solver time=0.1001589298248291,exit status=0
	RGN solver time= 0.10020589828491211
	xnorm=7.1538093345068985,dnorm=0.009575002672630584
	dense amplitude time= 0.0303194522857666
	total non-zero amplitudes= 4900
	nsamples per process= 50
	sample time= 0.28202319145202637
	self.n= 0.3030952443054795
	RGN updated loss=-9.906971531122652,dloss=-1.768160338144753e-07
step= 456

nparam= 1004
	dense amplitude time= 0.021851778030395508
	total non-zero amplitudes= 4900
	nsamples per process= 50
	sample time= 1.281743049621582
	self.n= 0.30309524430547946
	collect g,h time= 2.7128617763519287
E=-9.90697153112265,dE=-1.7681603203811846e-07,std=0
L=-9.90697153112265,dL=-1.7681603203811846e-07,std=0
	gnorm= 3.384291392198856e-05
	symmetric= True
	solver time=0.009102582931518555,exit status=0
	SR solver time= 0.009157896041870117
	symmetric= False
	niter= 40
	niter= 315
	solver time=0.08392906188964844,exit status=0
	RGN solver time= 0.08397603034973145
	xnorm=7.156784769247463,dnorm=0.009451675686840336
	dense amplitude time= 0.016504526138305664
	total non-zero amplitudes= 4900
	nsamples per process= 50
	sample time= 0.28687286376953125
	self.n= 0.3033911918126222
	RGN updated loss=-9.906971718087314,dloss=-1.8696466419498847e-07
step= 457

nparam= 1004
	dense amplitude time= 0.02216172218322754
	total non-zero amplitudes= 4900
	nsamples per process= 50
	sample time= 1.3239216804504395
	self.n= 0.3033911918126224
	collect g,h time= 2.6513006687164307
E=-9.906971718087314,dE=-1.8696466419498847e-07,std=0
L=-9.906971718087314,dL=-1.8696466419498847e-07,std=0
	gnorm= 2.8147054707926415e-05
	symmetric= True
	solver time=0.048552513122558594,exit status=0
	SR solver time= 0.04860854148864746
	symmetric= False
	niter= 39
	niter= 318
	solver time=0.0844578742980957,exit status=0
	RGN solver time= 0.0845041275024414
	xnorm=7.159438922473468,dnorm=0.009419889419754471
	dense amplitude time= 0.01445913314819336
	total non-zero amplitudes= 4900
	nsamples per process= 50
	sample time= 0.26062989234924316
	self.n= 0.303680055843648
	RGN updated loss=-9.906971900708182,dloss=-1.8262086776132946e-07
step= 458

nparam= 1004
	dense amplitude time= 0.02331852912902832
	total non-zero amplitudes= 4900
	nsamples per process= 50
	sample time= 1.2254259586334229
	self.n= 0.3036800558436485
	collect g,h time= 2.6297709941864014
E=-9.906971900708184,dE=-1.826208695376863e-07,std=0
L=-9.906971900708184,dL=-1.826208695376863e-07,std=0
	gnorm= 4.217789261596877e-05
	symmetric= True
	solver time=0.0076372623443603516,exit status=0
	SR solver time= 0.007683992385864258
	symmetric= False
	niter= 42
	solver time=0.09107851982116699,exit status=0
	RGN solver time= 0.09113216400146484
	xnorm=7.162155145752892,dnorm=0.00945041757976905
	niter= 312
	dense amplitude time= 0.015885591506958008
	total non-zero amplitudes= 4900
	nsamples per process= 50
	sample time= 0.2669973373413086
	self.n= 0.3039748629251827
	RGN updated loss=-9.906972081747499,dloss=-1.8103931509472204e-07
step= 459

nparam= 1004
	dense amplitude time= 0.03838062286376953
	total non-zero amplitudes= 4900
	nsamples per process= 50
	sample time= 1.258448600769043
	self.n= 0.303974862925183
	collect g,h time= 2.657264471054077
E=-9.906972081747503,dE=-1.8103931864743572e-07,std=0
L=-9.906972081747503,dL=-1.8103931864743572e-07,std=0
	gnorm= 4.455177367628162e-05
	symmetric= True
	solver time=0.007512569427490234,exit status=0
	SR solver time= 0.007558345794677734
	symmetric= False
	niter= 42
	niter= 312
	solver time=0.08900213241577148,exit status=0
	RGN solver time= 0.08904600143432617
	xnorm=7.164902915580286,dnorm=0.00954750897512247
	dense amplitude time= 0.01659369468688965
	total non-zero amplitudes= 4900
	nsamples per process= 50
	sample time= 0.26307249069213867
	self.n= 0.3042635653164196
	RGN updated loss=-9.906972260117755,dloss=-1.7837025190203804e-07
step= 460

nparam= 1004
	dense amplitude time= 0.02583932876586914
	total non-zero amplitudes= 4900
	nsamples per process= 50
	sample time= 1.2756400108337402
	self.n= 0.30426356531642024
	collect g,h time= 2.6290154457092285
E=-9.906972260117756,dE=-1.7837025367839487e-07,std=0
L=-9.906972260117756,dL=-1.7837025367839487e-07,std=0
	gnorm= 4.6846813238802246e-05
	symmetric= True
	solver time=0.007102251052856445,exit status=0
	SR solver time= 0.007151603698730469
	symmetric= False
	niter= 42
	niter= 312
	solver time=0.0778048038482666,exit status=0
	RGN solver time= 0.07785391807556152
	xnorm=7.167846951209815,dnorm=0.009458663478926476
	dense amplitude time= 0.021225452423095703
	total non-zero amplitudes= 4900
	nsamples per process= 50
	sample time= 0.27512383460998535
	self.n= 0.3045555189939717
	RGN updated loss=-9.906972442841086,dloss=-1.827233298001829e-07
step= 461

nparam= 1004
	dense amplitude time= 0.0464322566986084
	total non-zero amplitudes= 4900
	nsamples per process= 50
	sample time= 1.2597172260284424
	self.n= 0.30455551899397215
	collect g,h time= 2.5866146087646484
E=-9.906972442841088,dE=-1.8272333157653975e-07,std=0
L=-9.906972442841088,dL=-1.8272333157653975e-07,std=0
	gnorm= 4.146858206204053e-05
	symmetric= True
	solver time=0.017922401428222656,exit status=0
	SR solver time= 0.01797652244567871
	symmetric= False
	niter= 43
	niter= 312
	solver time=0.09668087959289551,exit status=0
	RGN solver time= 0.09672164916992188
	xnorm=7.170506018935619,dnorm=0.00945837503830952
	dense amplitude time= 0.03505849838256836
	total non-zero amplitudes= 4900
	nsamples per process= 50
	sample time= 0.2646791934967041
	self.n= 0.3048451913748871
	RGN updated loss=-9.906972625588264,dloss=-1.8274717561439502e-07
step= 462

nparam= 1004
	dense amplitude time= 0.0309298038482666
	total non-zero amplitudes= 4900
	nsamples per process= 50
	sample time= 1.2542290687561035
	self.n= 0.3048451913748875
	collect g,h time= 2.602145195007324
E=-9.906972625588267,dE=-1.827471791671087e-07,std=0
L=-9.906972625588267,dL=-1.827471791671087e-07,std=0
	gnorm= 3.3686503744882595e-05
	symmetric= True
	solver time=0.02562713623046875,exit status=0
	SR solver time= 0.02568221092224121
	symmetric= False
	niter= 41
	niter= 312
	solver time=0.08513212203979492,exit status=0
	RGN solver time= 0.08518171310424805
	xnorm=7.173189565789056,dnorm=0.009388689792859903
	dense amplitude time= 0.014911174774169922
	total non-zero amplitudes= 4900
	nsamples per process= 50
	sample time= 0.26778078079223633
	self.n= 0.3051463692326522
	RGN updated loss=-9.906972812092562,dloss=-1.865042946747053e-07
step= 463

nparam= 1004
	dense amplitude time= 0.034816741943359375
	total non-zero amplitudes= 4900
	nsamples per process= 50
	sample time= 1.2563369274139404
	self.n= 0.3051463692326524
	collect g,h time= 2.579697847366333
E=-9.906972812092567,dE=-1.8650430000377582e-07,std=0
L=-9.906972812092567,dL=-1.8650430000377582e-07,std=0
	gnorm= 3.956015174821028e-05
	symmetric= True
	solver time=0.0072329044342041016,exit status=0
	SR solver time= 0.007277488708496094
	symmetric= False
	niter= 42
	niter= 312
	solver time=0.08928894996643066,exit status=0
	RGN solver time= 0.08933711051940918
	xnorm=7.175923446178227,dnorm=0.009540692860047965
	dense amplitude time= 0.0164945125579834
	total non-zero amplitudes= 4900
	nsamples per process= 50
	sample time= 0.27591943740844727
	self.n= 0.30542541796844447
	RGN updated loss=-9.906972981382596,dloss=-1.6929002910615054e-07
step= 464

nparam= 1004
	dense amplitude time= 0.027784109115600586
	total non-zero amplitudes= 4900
	nsamples per process= 50
	sample time= 1.2931013107299805
	self.n= 0.305425417968445
	collect g,h time= 2.623281717300415
E=-9.906972981382594,dE=-1.692900273297937e-07,std=0
L=-9.906972981382594,dL=-1.692900273297937e-07,std=0
	gnorm= 3.6721451272387205e-05
	symmetric= True
	solver time=0.007070064544677734,exit status=0
	SR solver time= 0.007114887237548828
	symmetric= False
	niter= 41
	niter= 312
	solver time=0.08413267135620117,exit status=0
	RGN solver time= 0.08417487144470215
	xnorm=7.178882892414051,dnorm=0.009411413988566148
	dense amplitude time= 0.016036033630371094
	total non-zero amplitudes= 4900
	nsamples per process= 50
	sample time= 0.263263463973999
	self.n= 0.30572247954638526
	RGN updated loss=-9.90697317029136,dloss=-1.8890876596344697e-07
step= 465

nparam= 1004
	dense amplitude time= 0.029410362243652344
	total non-zero amplitudes= 4900
	nsamples per process= 50
	sample time= 1.2325377464294434
	self.n= 0.3057224795463859
	collect g,h time= 2.646930456161499
E=-9.90697317029136,dE=-1.8890876596344697e-07,std=0
L=-9.90697317029136,dL=-1.8890876596344697e-07,std=0
	gnorm= 2.4551995504679792e-05
	symmetric= True
	niter= 37
	solver time=0.015264749526977539,exit status=0
	SR solver time= 0.01531839370727539
	symmetric= False
	niter= 324
	solver time=0.10771965980529785,exit status=0
	RGN solver time= 0.10776305198669434
	xnorm=7.1815314687157485,dnorm=0.009359807067307145
	dense amplitude time= 0.016701221466064453
	total non-zero amplitudes= 4900
	nsamples per process= 50
	sample time= 0.2669336795806885
	self.n= 0.30600798004240193
	RGN updated loss=-9.906973351749212,dloss=-1.8145785141143733e-07
step= 466

nparam= 1004
	dense amplitude time= 0.027537107467651367
	total non-zero amplitudes= 4900
	nsamples per process= 50
	sample time= 1.2723488807678223
	self.n= 0.3060079800424022
	niter= 43
	collect g,h time= 2.5776026248931885
E=-9.906973351749214,dE=-1.8145785318779417e-07,std=0
L=-9.906973351749214,dL=-1.8145785318779417e-07,std=0
	gnorm= 3.715837764830398e-05
	symmetric= True
	solver time=0.007013559341430664,exit status=0
	SR solver time= 0.007054328918457031
	symmetric= False
	niter= 312
	solver time=0.08155679702758789,exit status=0
	RGN solver time= 0.0816044807434082
	xnorm=7.184259086817167,dnorm=0.009388674284367961
	dense amplitude time= 0.02397632598876953
	total non-zero amplitudes= 4900
	nsamples per process= 50
	sample time= 0.27057909965515137
	self.n= 0.3063043602005166
	RGN updated loss=-9.90697352878516,dloss=-1.7703594679119306e-07
step= 467

nparam= 1004
	dense amplitude time= 0.02712702751159668
	total non-zero amplitudes= 4900
	nsamples per process= 50
	sample time= 1.2787830829620361
	self.n= 0.3063043602005168
	collect g,h time= 2.611178398132324
E=-9.906973528785159,dE=-1.7703594501483622e-07,std=0
L=-9.906973528785159,dL=-1.7703594501483622e-07,std=0
	gnorm= 4.115531828023974e-05
	symmetric= True
	niter= 43
	solver time=0.007391214370727539,exit status=0
	SR solver time= 0.007439374923706055
	symmetric= False
	niter= 312
	solver time=0.07744479179382324,exit status=0
	RGN solver time= 0.07748842239379883
	xnorm=7.186957612791148,dnorm=0.009487890631466739
	dense amplitude time= 0.015990257263183594
	total non-zero amplitudes= 4900
	nsamples per process= 50
	sample time= 0.2710685729980469
	self.n= 0.3065809998452771
	RGN updated loss=-9.906973708511046,dloss=-1.7972588750581053e-07
step= 468

nparam= 1004
	dense amplitude time= 0.031052112579345703
	total non-zero amplitudes= 4900
	nsamples per process= 50
	sample time= 1.244459629058838
	self.n= 0.3065809998452776
	collect g,h time= 2.628972053527832
E=-9.906973708511046,dE=-1.7972588750581053e-07,std=0
L=-9.906973708511046,dL=-1.7972588750581053e-07,std=0
	gnorm= 2.299923318608684e-05
	symmetric= True
	solver time=0.016408920288085938,exit status=0
	SR solver time= 0.016450881958007812
	symmetric= False
	niter= 38
	niter= 330
	solver time=0.1476743221282959,exit status=0
	RGN solver time= 0.14772891998291016
	xnorm=7.189931426506866,dnorm=0.009363149103425198
	dense amplitude time= 0.01592731475830078
	total non-zero amplitudes= 4900
	nsamples per process= 50
	sample time= 0.27007055282592773
	self.n= 0.30686508038346083
	RGN updated loss=-9.906973894295833,dloss=-1.8578478666597675e-07
step= 469

nparam= 1004
	dense amplitude time= 0.023496150970458984
	total non-zero amplitudes= 4900
	nsamples per process= 50
	sample time= 1.2584288120269775
	self.n= 0.3068650803834614
	collect g,h time= 2.5746052265167236
E=-9.906973894295836,dE=-1.8578479021869043e-07,std=0
L=-9.906973894295836,dL=-1.8578479021869043e-07,std=0
	gnorm= 3.4604243022072914e-05
	symmetric= True
	niter= 42
	solver time=0.021514177322387695,exit status=0
	SR solver time= 0.021564722061157227
	symmetric= False
	niter= 312
	solver time=0.08434462547302246,exit status=0
	RGN solver time= 0.08438467979431152
	xnorm=7.192576922450885,dnorm=0.009378235645875513
	dense amplitude time= 0.014916419982910156
	total non-zero amplitudes= 4900
	nsamples per process= 50
	sample time= 0.27246689796447754
	self.n= 0.30714901779282044
	RGN updated loss=-9.906974069825104,dloss=-1.7552926756536635e-07
step= 470

nparam= 1004
	dense amplitude time= 0.017961978912353516
	total non-zero amplitudes= 4900
	nsamples per process= 50
	sample time= 1.276167631149292
	self.n= 0.3071490177928213
	collect g,h time= 2.602611780166626
E=-9.906974069825104,dE=-1.7552926756536635e-07,std=0
L=-9.906974069825104,dL=-1.7552926756536635e-07,std=0
	gnorm= 3.356626036656482e-05
	symmetric= True
	niter= 41
	solver time=0.018295764923095703,exit status=0
	SR solver time= 0.01835012435913086
	symmetric= False
	niter= 312
	solver time=0.09387040138244629,exit status=0
	RGN solver time= 0.09391570091247559
	xnorm=7.195253077974576,dnorm=0.009376182878817554
	dense amplitude time= 0.0377352237701416
	total non-zero amplitudes= 4900
	nsamples per process= 50
	sample time= 0.27184319496154785
	self.n= 0.307450038901549
	RGN updated loss=-9.906974253270015,dloss=-1.8344491081734304e-07
step= 471

nparam= 1004
	dense amplitude time= 0.052559614181518555
	total non-zero amplitudes= 4900
	nsamples per process= 50
	sample time= 1.2671000957489014
	self.n= 0.3074500389015492
	collect g,h time= 2.5895631313323975
E=-9.906974253270015,dE=-1.8344491081734304e-07,std=0
L=-9.906974253270015,dL=-1.8344491081734304e-07,std=0
	gnorm= 2.9468218434967484e-05
	symmetric= True
	solver time=0.011524200439453125,exit status=0
	SR solver time= 0.011565923690795898
	symmetric= False
	niter= 40
	niter= 317
	solver time=0.08804774284362793,exit status=0
	RGN solver time= 0.08809256553649902
	xnorm=7.197967120986291,dnorm=0.00946667393937447
	dense amplitude time= 0.017784833908081055
	total non-zero amplitudes= 4900
	nsamples per process= 50
	sample time= 0.267009973526001
	self.n= 0.30773381140106393
	RGN updated loss=-9.906974427367556,dloss=-1.7409754171637815e-07
step= 472

nparam= 1004
	dense amplitude time= 0.03319716453552246
	total non-zero amplitudes= 4900
	nsamples per process= 50
	sample time= 1.2858450412750244
	self.n= 0.3077338114010648
	collect g,h time= 2.6205801963806152
E=-9.906974427367558,dE=-1.7409754349273499e-07,std=0
L=-9.906974427367558,dL=-1.7409754349273499e-07,std=0
	gnorm= 2.0419202139160057e-05
	symmetric= True
	solver time=0.019886255264282227,exit status=0
	SR solver time= 0.019934415817260742
	symmetric= False
	niter= 37
	niter= 336
	solver time=0.1156466007232666,exit status=0
	RGN solver time= 0.11568903923034668
	xnorm=7.200919787396569,dnorm=0.009362514840052207
	dense amplitude time= 0.023636817932128906
	total non-zero amplitudes= 4900
	nsamples per process= 50
	sample time= 0.2741971015930176
	self.n= 0.30802776303205043
	RGN updated loss=-9.906974612905977,dloss=-1.8553841840684981e-07
step= 473

nparam= 1004
	dense amplitude time= 0.05018782615661621
	total non-zero amplitudes= 4900
	nsamples per process= 50
	sample time= 1.307337760925293
	self.n= 0.308027763032051
	collect g,h time= 2.778425693511963
E=-9.906974612905977,dE=-1.8553841840684981e-07,std=0
L=-9.906974612905977,dL=-1.8553841840684981e-07,std=0
	gnorm= 2.581762128716881e-05
	symmetric= True
	solver time=0.012243032455444336,exit status=0
	SR solver time= 0.012291908264160156
	symmetric= False
	niter= 38
	niter= 322
	solver time=0.07968688011169434,exit status=0
	RGN solver time= 0.07973337173461914
	xnorm=7.203554128197852,dnorm=0.009347400061606644
	dense amplitude time= 0.03481173515319824
	total non-zero amplitudes= 4900
	nsamples per process= 50
	sample time= 0.2749342918395996
	self.n= 0.3083186008476301
	RGN updated loss=-9.906974788928624,dloss=-1.760226471247961e-07
step= 474

nparam= 1004
	dense amplitude time= 0.04574728012084961
	total non-zero amplitudes= 4900
	nsamples per process= 50
	sample time= 1.2933897972106934
	self.n= 0.30831860084763063
	collect g,h time= 2.58778977394104
E=-9.906974788928624,dE=-1.760226471247961e-07,std=0
L=-9.906974788928624,dL=-1.760226471247961e-07,std=0
	gnorm= 0.00017135468156896668
	symmetric= True
	solver time=0.00791478157043457,exit status=0
	SR solver time= 0.007961273193359375
	symmetric= False
	niter= 47
	niter= 252
	solver time=0.0859825611114502,exit status=0
	RGN solver time= 0.08602547645568848
	xnorm=7.206242492488246,dnorm=0.009354212295022023
	dense amplitude time= 0.05086374282836914
	total non-zero amplitudes= 4900
	nsamples per process= 50
	sample time= 0.28888916969299316
	self.n= 0.30859094850315566
	RGN updated loss=-9.906974958664438,dloss=-1.6973581473678223e-07
step= 475

nparam= 1004
	dense amplitude time= 0.019926786422729492
	total non-zero amplitudes= 4900
	nsamples per process= 50
	sample time= 1.358125925064087
	self.n= 0.30859094850315627
	collect g,h time= 2.5443472862243652
E=-9.906974958664438,dE=-1.6973581473678223e-07,std=0
L=-9.906974958664438,dL=-1.6973581473678223e-07,std=0
	gnorm= 0.00010259213618176185
	symmetric= True
	solver time=0.00760960578918457,exit status=0
	SR solver time= 0.007688760757446289
	symmetric= False
	niter= 45
	niter= 281
	solver time=0.08517885208129883,exit status=0
	RGN solver time= 0.08522510528564453
	xnorm=7.2089933675713525,dnorm=0.009446722049687337
	dense amplitude time= 0.018026113510131836
	total non-zero amplitudes= 4900
	nsamples per process= 50
	sample time= 0.27970457077026367
	self.n= 0.30888054173185137
	RGN updated loss=-9.906975143571422,dloss=-1.8490698394657556e-07
step= 476

nparam= 1004
	dense amplitude time= 0.016606807708740234
	total non-zero amplitudes= 4900
	nsamples per process= 50
	sample time= 1.2959167957305908
	self.n= 0.30888054173185187
	collect g,h time= 2.60654878616333
E=-9.906975143571422,dE=-1.8490698394657556e-07,std=0
L=-9.906975143571422,dL=-1.8490698394657556e-07,std=0
	gnorm= 2.8619125550185128e-05
	symmetric= True
	solver time=0.00726008415222168,exit status=0
	SR solver time= 0.007313966751098633
	symmetric= False
	niter= 40
	niter= 318
	solver time=0.10383152961730957,exit status=0
	RGN solver time= 0.10387873649597168
	xnorm=7.211925128594712,dnorm=0.009375032297178905
	dense amplitude time= 0.035808563232421875
	total non-zero amplitudes= 4900
	nsamples per process= 50
	sample time= 0.27614712715148926
	self.n= 0.30917932435095086
	RGN updated loss=-9.906975324529222,dloss=-1.809577998557188e-07
step= 477

nparam= 1004
	dense amplitude time= 0.03325247764587402
	total non-zero amplitudes= 4900
	nsamples per process= 50
	sample time= 1.285144329071045
	self.n= 0.30917932435095125
	collect g,h time= 2.79813814163208
E=-9.906975324529224,dE=-1.8095780163207564e-07,std=0
L=-9.906975324529224,dL=-1.8095780163207564e-07,std=0
	gnorm= 0.00016758246387975367
	symmetric= True
	solver time=0.032801151275634766,exit status=0
	SR solver time= 0.03285479545593262
	symmetric= False
	niter= 47
	niter= 252
	solver time=0.08803153038024902,exit status=0
	RGN solver time= 0.08807778358459473
	xnorm=7.214544975420931,dnorm=0.009335051101715761
	dense amplitude time= 0.019214630126953125
	total non-zero amplitudes= 4900
	nsamples per process= 50
	sample time= 0.26119089126586914
	self.n= 0.3094459158244962
	RGN updated loss=-9.906975492076935,dloss=-1.6754771081650688e-07
step= 478

nparam= 1004
	dense amplitude time= 0.0446476936340332
	total non-zero amplitudes= 4900
	nsamples per process= 50
	sample time= 1.2994811534881592
	self.n= 0.3094459158244967
	collect g,h time= 2.632736921310425
E=-9.906975492076935,dE=-1.6754771081650688e-07,std=0
L=-9.906975492076935,dL=-1.6754771081650688e-07,std=0
	gnorm= 9.973615099110102e-05
	symmetric= True
	solver time=0.018785953521728516,exit status=0
	SR solver time= 0.018846988677978516
	symmetric= False
	niter= 45
	niter= 277
	solver time=0.09797000885009766,exit status=0
	RGN solver time= 0.09801793098449707
	xnorm=7.217280802601105,dnorm=0.009300150713152756
	dense amplitude time= 0.016345739364624023
	total non-zero amplitudes= 4900
	nsamples per process= 50
	sample time= 0.2773137092590332
	self.n= 0.3097456025947535
	RGN updated loss=-9.906975685261262,dloss=-1.931843272018341e-07
step= 479

nparam= 1004
	dense amplitude time= 0.039162397384643555
	total non-zero amplitudes= 4900
	nsamples per process= 50
	sample time= 1.2907724380493164
	self.n= 0.3097456025947537
	collect g,h time= 2.603825092315674
E=-9.906975685261258,dE=-1.9318432364912042e-07,std=0
L=-9.906975685261258,dL=-1.9318432364912042e-07,std=0
	gnorm= 0.00017162187324723654
	symmetric= True
	solver time=0.0077021121978759766,exit status=0
	SR solver time= 0.007746458053588867
	symmetric= False
	niter= 46
	niter= 269
	solver time=0.09644246101379395,exit status=0
	RGN solver time= 0.09649133682250977
	xnorm=7.2199768776581195,dnorm=0.009472250248255468
	dense amplitude time= 0.019036054611206055
	total non-zero amplitudes= 4900
	nsamples per process= 50
	sample time= 0.269700288772583
	self.n= 0.3100183106635357
	RGN updated loss=-9.906975833381187,dloss=-1.481199287667323e-07
step= 480

nparam= 1004
	dense amplitude time= 0.038105010986328125
	total non-zero amplitudes= 4900
	nsamples per process= 50
	sample time= 1.2688639163970947
	self.n= 0.31001831066353636
	collect g,h time= 2.6193954944610596
E=-9.906975833381189,dE=-1.4811993054308914e-07,std=0
L=-9.906975833381189,dL=-1.4811993054308914e-07,std=0
	gnorm= 0.00010409166158476851
	symmetric= True
	solver time=0.007953405380249023,exit status=0
	SR solver time= 0.00799703598022461
	symmetric= False
	niter= 46
	niter= 281
	solver time=0.07181477546691895,exit status=0
	RGN solver time= 0.07186126708984375
	xnorm=7.222948639811103,dnorm=0.009363824248962224
	dense amplitude time= 0.01514291763305664
	total non-zero amplitudes= 4900
	nsamples per process= 50
	sample time= 0.27102088928222656
	self.n= 0.3103175585839076
	RGN updated loss=-9.906976036956134,dloss=-2.0357494534550824e-07
step= 481

nparam= 1004
	dense amplitude time= 0.028165340423583984
	total non-zero amplitudes= 4900
	nsamples per process= 50
	sample time= 1.2587649822235107
	self.n= 0.3103175585839082
	collect g,h time= 2.7511298656463623
E=-9.906976036956136,dE=-2.0357494712186508e-07,std=0
L=-9.906976036956136,dL=-2.0357494712186508e-07,std=0
	gnorm= 0.0001643131667699747
	symmetric= True
	solver time=0.011936426162719727,exit status=0
	SR solver time= 0.01198434829711914
	symmetric= False
	niter= 47
	niter= 250
	solver time=0.06810951232910156,exit status=0
	RGN solver time= 0.06816411018371582
	xnorm=7.225569610941671,dnorm=0.009301695302824547
	dense amplitude time= 0.015525102615356445
	total non-zero amplitudes= 4900
	nsamples per process= 50
	sample time= 0.2763993740081787
	self.n= 0.31059000967959904
	RGN updated loss=-9.906976201386572,dloss=-1.6443043548974856e-07
step= 482

nparam= 1004
	dense amplitude time= 0.03328132629394531
	total non-zero amplitudes= 4900
	nsamples per process= 50
	sample time= 1.3226006031036377
	self.n= 0.3105900096795997
	collect g,h time= 2.6345508098602295
E=-9.906976201386572,dE=-1.6443043548974856e-07,std=0
L=-9.906976201386572,dL=-1.6443043548974856e-07,std=0
	gnorm= 0.00013039406022319211
	symmetric= True
	solver time=0.008393287658691406,exit status=0
	SR solver time= 0.00843048095703125
	symmetric= False
	niter= 47
	niter= 276
	solver time=0.09117460250854492,exit status=0
	RGN solver time= 0.09121370315551758
	xnorm=7.228293799949729,dnorm=0.00934806406114559
	dense amplitude time= 0.027707576751708984
	total non-zero amplitudes= 4900
	nsamples per process= 50
	sample time= 0.2706730365753174
	self.n= 0.3108846132114106
	RGN updated loss=-9.906976385933772,dloss=-1.8454720063232344e-07
step= 483

nparam= 1004
	dense amplitude time= 0.02808523178100586
	total non-zero amplitudes= 4900
	nsamples per process= 50
	sample time= 1.3193612098693848
	self.n= 0.31088461321141114
	collect g,h time= 2.6835527420043945
E=-9.906976385933774,dE=-1.8454720240868028e-07,std=0
L=-9.906976385933774,dL=-1.8454720240868028e-07,std=0
	gnorm= 3.458616806438448e-05
	symmetric= True
	solver time=0.007351875305175781,exit status=0
	SR solver time= 0.007398843765258789
	symmetric= False
	niter= 43
	niter= 318
	solver time=0.09583568572998047,exit status=0
	RGN solver time= 0.09588241577148438
	xnorm=7.230984830502737,dnorm=0.009498139287860046
	dense amplitude time= 0.0284879207611084
	total non-zero amplitudes= 4900
	nsamples per process= 50
	sample time= 0.2848355770111084
	self.n= 0.31117097600268495
	RGN updated loss=-9.906976563947778,dloss=-1.7801400353789631e-07
step= 484

nparam= 1004
	dense amplitude time= 0.021992921829223633
	total non-zero amplitudes= 4900
	nsamples per process= 50
	sample time= 1.32462739944458
	self.n= 0.3111709760026856
	collect g,h time= 2.639570474624634
E=-9.906976563947774,dE=-1.7801399998518264e-07,std=0
L=-9.906976563947774,dL=-1.7801399998518264e-07,std=0
	gnorm= 3.858790140079266e-05
	symmetric= True
	solver time=0.040547847747802734,exit status=0
	SR solver time= 0.0406036376953125
	symmetric= False
	niter= 44
	niter= 312
	solver time=0.10146522521972656,exit status=0
	RGN solver time= 0.10151219367980957
	xnorm=7.233946445979418,dnorm=0.009337895532865114
	dense amplitude time= 0.017039775848388672
	total non-zero amplitudes= 4900
	nsamples per process= 50
	sample time= 0.2685260772705078
	self.n= 0.31145366924521967
	RGN updated loss=-9.906976742153121,dloss=-1.78205347367566e-07
step= 485

nparam= 1004
	dense amplitude time= 0.028116464614868164
	total non-zero amplitudes= 4900
	nsamples per process= 50
	sample time= 1.2931952476501465
	self.n= 0.31145366924522
	collect g,h time= 2.7147505283355713
E=-9.906976742153125,dE=-1.7820535092027967e-07,std=0
L=-9.906976742153125,dL=-1.7820535092027967e-07,std=0
	gnorm= 3.583363135807406e-05
	symmetric= True
	solver time=0.018912315368652344,exit status=0
	SR solver time= 0.01896381378173828
	symmetric= False
	niter= 43
	niter= 312
	solver time=0.08442139625549316,exit status=0
	RGN solver time= 0.08457136154174805
	xnorm=7.236585020292063,dnorm=0.009349027791034286
	dense amplitude time= 0.015247344970703125
	total non-zero amplitudes= 4900
	nsamples per process= 50
	sample time= 0.2832322120666504
	self.n= 0.31174824112227406
	RGN updated loss=-9.906976925091742,dloss=-1.8293861714369086e-07
step= 486

nparam= 1004
	dense amplitude time= 0.019088029861450195
	total non-zero amplitudes= 4900
	nsamples per process= 50
	sample time= 1.302830696105957
	self.n= 0.3117482411222747
	collect g,h time= 2.63309907913208
E=-9.906976925091742,dE=-1.8293861714369086e-07,std=0
L=-9.906976925091742,dL=-1.8293861714369086e-07,std=0
	gnorm= 4.0285659896189604e-05
	symmetric= True
	solver time=0.007462501525878906,exit status=0
	SR solver time= 0.007516384124755859
	symmetric= False
	niter= 44
	niter= 312
	solver time=0.09995269775390625,exit status=0
	RGN solver time= 0.10000491142272949
	xnorm=7.239288067796175,dnorm=0.009333148009043505
	dense amplitude time= 0.03147482872009277
	total non-zero amplitudes= 4900
	nsamples per process= 50
	sample time= 0.2796823978424072
	self.n= 0.3120345558569235
	RGN updated loss=-9.906977096013533,dloss=-1.709217904988236e-07
step= 487

nparam= 1004
	dense amplitude time= 0.020483732223510742
	total non-zero amplitudes= 4900
	nsamples per process= 50
	sample time= 1.3510141372680664
	self.n= 0.3120345558569238
	collect g,h time= 2.708220958709717
E=-9.906977096013534,dE=-1.7092179227518045e-07,std=0
L=-9.906977096013534,dL=-1.7092179227518045e-07,std=0
	gnorm= 3.150309308597974e-05
	symmetric= True
	solver time=0.01832747459411621,exit status=0
	SR solver time= 0.018374919891357422
	symmetric= False
	niter= 43
	niter= 312
	solver time=0.08583188056945801,exit status=0
	RGN solver time= 0.08587789535522461
	xnorm=7.2419955741876505,dnorm=0.009350189642402586
	dense amplitude time= 0.016226530075073242
	total non-zero amplitudes= 4900
	nsamples per process= 50
	sample time= 0.27378082275390625
	self.n= 0.31232132013804337
	RGN updated loss=-9.906977285641043,dloss=-1.8962750836237774e-07
step= 488

nparam= 1004
	dense amplitude time= 0.018784046173095703
	total non-zero amplitudes= 4900
	nsamples per process= 50
	sample time= 1.2662134170532227
	self.n= 0.31232132013804376
	collect g,h time= 2.6624579429626465
E=-9.906977285641046,dE=-1.8962751191509142e-07,std=0
L=-9.906977285641046,dL=-1.8962751191509142e-07,std=0
	gnorm= 2.3888827229653032e-05
	symmetric= True
	solver time=0.015546798706054688,exit status=0
	SR solver time= 0.015607357025146484
	symmetric= False
	niter= 38
	niter= 331
	solver time=0.09844183921813965,exit status=0
	RGN solver time= 0.09849190711975098
	xnorm=7.244727710293445,dnorm=0.009468320194842585
	dense amplitude time= 0.0180511474609375
	total non-zero amplitudes= 4900
	nsamples per process= 50
	sample time= 0.27645063400268555
	self.n= 0.3125910305080779
	RGN updated loss=-9.906977458851799,dloss=-1.7321075240772643e-07
step= 489

nparam= 1004
	dense amplitude time= 0.03767204284667969
	total non-zero amplitudes= 4900
	nsamples per process= 50
	sample time= 1.3242766857147217
	self.n= 0.31259103050807857
	collect g,h time= 2.6939291954040527
E=-9.906977458851799,dE=-1.7321075240772643e-07,std=0
L=-9.906977458851799,dL=-1.7321075240772643e-07,std=0
	gnorm= 2.988233526138056e-05
	symmetric= True
	solver time=0.011688470840454102,exit status=0
	SR solver time= 0.011732816696166992
	symmetric= False
	niter= 40
	niter= 314
	solver time=0.08493566513061523,exit status=0
	RGN solver time= 0.08498573303222656
	xnorm=7.247688582170577,dnorm=0.00939282720150474
	dense amplitude time= 0.016544580459594727
	total non-zero amplitudes= 4900
	nsamples per process= 50
	sample time= 0.27315473556518555
	self.n= 0.31286652722747244
	RGN updated loss=-9.906977640179576,dloss=-1.8132777768187225e-07
step= 490

nparam= 1004
	dense amplitude time= 0.018463134765625
	total non-zero amplitudes= 4900
	nsamples per process= 50
	sample time= 1.3405652046203613
	self.n= 0.31286652722747343
	collect g,h time= 2.639357328414917
E=-9.906977640179578,dE=-1.813277794582291e-07,std=0
L=-9.906977640179578,dL=-1.813277794582291e-07,std=0
	gnorm= 2.1465245066990466e-05
	symmetric= True
	solver time=0.007346391677856445,exit status=0
	SR solver time= 0.007390022277832031
	symmetric= False
	niter= 38
	niter= 323
	solver time=0.09720587730407715,exit status=0
	RGN solver time= 0.09725093841552734
	xnorm=7.25033580824527,dnorm=0.009343646175883511
	dense amplitude time= 0.017539262771606445
	total non-zero amplitudes= 4900
	nsamples per process= 50
	sample time= 0.2850608825683594
	self.n= 0.3131403506472654
	RGN updated loss=-9.906977822723542,dloss=-1.825439639446813e-07
step= 491

nparam= 1004
	dense amplitude time= 0.03570365905761719
	total non-zero amplitudes= 4900
	nsamples per process= 50
	sample time= 1.323448896408081
	self.n= 0.313140350647266
	collect g,h time= 2.6992270946502686
E=-9.906977822723546,dE=-1.82543967497395e-07,std=0
L=-9.906977822723546,dL=-1.82543967497395e-07,std=0
	gnorm= 1.68603929479813e-05
	symmetric= True
	solver time=0.027352333068847656,exit status=0
	SR solver time= 0.02740931510925293
	symmetric= False
	niter= 34
	niter= 336
	solver time=0.11622834205627441,exit status=0
	RGN solver time= 0.11628007888793945
	xnorm=7.253054939519566,dnorm=0.00932696322697287
	dense amplitude time= 0.0164339542388916
	total non-zero amplitudes= 4900
	nsamples per process= 50
	sample time= 0.2679135799407959
	self.n= 0.31341562441745385
	RGN updated loss=-9.90697800281159,dloss=-1.800880440328001e-07
step= 492

nparam= 1004
	dense amplitude time= 0.03234720230102539
	total non-zero amplitudes= 4900
	nsamples per process= 50
	sample time= 1.2855374813079834
	self.n= 0.3134156244174541
	collect g,h time= 2.650275230407715
E=-9.90697800281159,dE=-1.800880440328001e-07,std=0
L=-9.90697800281159,dL=-1.800880440328001e-07,std=0
	gnorm= 2.719069285583633e-05
	symmetric= True
	solver time=0.008501529693603516,exit status=0
	SR solver time= 0.008540868759155273
	symmetric= False
	niter= 41
	niter= 320
	solver time=0.09174180030822754,exit status=0
	RGN solver time= 0.09177947044372559
	xnorm=7.255792362363542,dnorm=0.009382956854891721
	dense amplitude time= 0.026222705841064453
	total non-zero amplitudes= 4900
	nsamples per process= 50
	sample time= 0.2789182662963867
	self.n= 0.31370102683525847
	RGN updated loss=-9.906978177567877,dloss=-1.7475628766305817e-07
step= 493

nparam= 1004
	dense amplitude time= 0.025495052337646484
	total non-zero amplitudes= 4900
	nsamples per process= 50
	sample time= 1.2949247360229492
	self.n= 0.313701026835259
	collect g,h time= 2.6950039863586426
E=-9.90697817756788,dE=-1.7475628943941501e-07,std=0
L=-9.90697817756788,dL=-1.7475628943941501e-07,std=0
	gnorm= 3.097585823458868e-05
	symmetric= True
	solver time=0.027683258056640625,exit status=0
	SR solver time= 0.027738332748413086
	symmetric= False
	niter= 41
	niter= 320
	solver time=0.08372306823730469,exit status=0
	RGN solver time= 0.0837700366973877
	xnorm=7.25853657844902,dnorm=0.009522640553761395
	dense amplitude time= 0.03094029426574707
	total non-zero amplitudes= 4900
	nsamples per process= 50
	sample time= 0.27915477752685547
	self.n= 0.3139687773392989
	RGN updated loss=-9.9069783561908,dloss=-1.7862292089887433e-07
step= 494

nparam= 1004
	dense amplitude time= 0.017517566680908203
	total non-zero amplitudes= 4900
	nsamples per process= 50
	sample time= 1.3266239166259766
	self.n= 0.3139687773392994
	collect g,h time= 2.6469318866729736
E=-9.906978356190802,dE=-1.7862292267523117e-07,std=0
L=-9.906978356190802,dL=-1.7862292267523117e-07,std=0
	gnorm= 2.9029291443239926e-05
	symmetric= True
	niter= 41
	solver time=0.01867389678955078,exit status=0
	SR solver time= 0.018733501434326172
	symmetric= False
	niter= 316
	solver time=0.09908223152160645,exit status=0
	RGN solver time= 0.09912729263305664
	xnorm=7.261492516198603,dnorm=0.00939946226001862
	dense amplitude time= 0.015297889709472656
	total non-zero amplitudes= 4900
	nsamples per process= 50
	sample time= 0.2792036533355713
	self.n= 0.31425036364130654
	RGN updated loss=-9.906978537839175,dloss=-1.8164837278789037e-07
step= 495

nparam= 1004
	dense amplitude time= 0.02427053451538086
	total non-zero amplitudes= 4900
	nsamples per process= 50
	sample time= 1.284163475036621
	self.n= 0.3142503636413067
	collect g,h time= 2.7062385082244873
E=-9.906978537839176,dE=-1.816483745642472e-07,std=0
L=-9.906978537839176,dL=-1.816483745642472e-07,std=0
	gnorm= 2.2412264468707315e-05
	symmetric= True
	solver time=0.007601499557495117,exit status=0
	SR solver time= 0.007650136947631836
	symmetric= False
	niter= 38
	niter= 321
	solver time=0.09638667106628418,exit status=0
	RGN solver time= 0.09643745422363281
	xnorm=7.264124557588505,dnorm=0.009378115134069937
	dense amplitude time= 0.01765131950378418
	total non-zero amplitudes= 4900
	nsamples per process= 50
	sample time= 0.26582860946655273
	self.n= 0.3145301229597422
	RGN updated loss=-9.906978721159879,dloss=-1.8332070261806166e-07
step= 496

nparam= 1004
	dense amplitude time= 0.018564224243164062
	total non-zero amplitudes= 4900
	nsamples per process= 50
	sample time= 1.267695426940918
	self.n= 0.3145301229597428
	collect g,h time= 2.655792713165283
E=-9.906978721159877,dE=-1.8332070084170482e-07,std=0
L=-9.906978721159877,dL=-1.8332070084170482e-07,std=0
	gnorm= 0.00015139387524945293
	symmetric= True
	solver time=0.009711742401123047,exit status=0
	SR solver time= 0.00976705551147461
	symmetric= False
	niter= 47
	niter= 272
	solver time=0.0857851505279541,exit status=0
	RGN solver time= 0.08582448959350586
	xnorm=7.266848637216461,dnorm=0.00952483140924477
	dense amplitude time= 0.01480245590209961
	total non-zero amplitudes= 4900
	nsamples per process= 50
	sample time= 0.26034021377563477
	self.n= 0.3148375271854037
	RGN updated loss=-9.906978872658847,dloss=-1.5149896981370148e-07
step= 497

nparam= 1004
	dense amplitude time= 0.03343677520751953
	total non-zero amplitudes= 4900
	nsamples per process= 50
	sample time= 1.2376313209533691
	self.n= 0.31483752718540464
	collect g,h time= 2.681752920150757
E=-9.906978872658849,dE=-1.5149897159005832e-07,std=0
L=-9.906978872658849,dL=-1.5149897159005832e-07,std=0
	gnorm= 0.00010670715737325158
	symmetric= True
	solver time=0.00823068618774414,exit status=0
	SR solver time= 0.00827789306640625
	symmetric= False
	niter= 46
	niter= 281
	solver time=0.07841992378234863,exit status=0
	RGN solver time= 0.07846355438232422
	xnorm=7.269622683148959,dnorm=0.009593317341879872
	dense amplitude time= 0.017195463180541992
	total non-zero amplitudes= 4900
	nsamples per process= 50
	sample time= 0.27231645584106445
	self.n= 0.31509554000832474
	RGN updated loss=-9.906979075431677,dloss=-2.0277282786196338e-07
step= 498

nparam= 1004
	dense amplitude time= 0.016846895217895508
	total non-zero amplitudes= 4900
	nsamples per process= 50
	sample time= 1.3034460544586182
	self.n= 0.31509554000832535
	collect g,h time= 2.697406530380249
E=-9.906979075431678,dE=-2.0277282963832022e-07,std=0
L=-9.906979075431678,dL=-2.0277282963832022e-07,std=0
	gnorm= 2.2478917627494017e-05
	symmetric= True
	solver time=0.006311893463134766,exit status=0
	SR solver time= 0.006365060806274414
	symmetric= False
	niter= 39
	niter= 324
	solver time=0.09683036804199219,exit status=0
	RGN solver time= 0.09688138961791992
	xnorm=7.27258401518848,dnorm=0.009422208788825513
	dense amplitude time= 0.016817331314086914
	total non-zero amplitudes= 4900
	nsamples per process= 50
	sample time= 0.2655313014984131
	self.n= 0.3153677629493151
	RGN updated loss=-9.90697926318597,dloss=-1.877542921135955e-07
step= 499

nparam= 1004
	dense amplitude time= 0.024935245513916016
	total non-zero amplitudes= 4900
	nsamples per process= 50
	sample time= 1.2447254657745361
	self.n= 0.315367762949316
	collect g,h time= 2.713298797607422
E=-9.906979263185967,dE=-1.8775428856088183e-07,std=0
L=-9.906979263185967,dL=-1.8775428856088183e-07,std=0
	gnorm= 0.00015480854679604937
	symmetric= True
	solver time=0.009711027145385742,exit status=0
	SR solver time= 0.009761810302734375
	symmetric= False
	niter= 46
	niter= 271
	solver time=0.08371543884277344,exit status=0
	RGN solver time= 0.08376240730285645
	xnorm=7.275203787942554,dnorm=0.009551551959141008
	dense amplitude time= 0.016328096389770508
	total non-zero amplitudes= 4900
	nsamples per process= 50
	sample time= 0.2662811279296875
	self.n= 0.3156573982575723
	RGN updated loss=-9.906979412607475,dloss=-1.49421508055525e-07
