layer= 0
nparam= 660
hop_ls= [(1, 5), (1, 8), (1, 9), (1, 13), (5, 8), (5, 9), (5, 13), (8, 9), (8, 13), (9, 13)]

layer= 1
nparam= 144
hop_ls= [(9, 14), (1, 6), (2, 5), (2, 8), (2, 14), (13, 14), (6, 8), (6, 14), (5, 6), (8, 14), (1, 2), (1, 14), (2, 13), (6, 13), (5, 14), (2, 9), (2, 6), (6, 9)]

layer= 2
nparam= 152
hop_ls= [(6, 12), (4, 9), (4, 6), (4, 12), (12, 13), (0, 2), (5, 10), (0, 5), (8, 12), (0, 8), (0, 14), (10, 12), (1, 12), (4, 5), (4, 8), (4, 14), (5, 12), (0, 1), (9, 10), (2, 4), (0, 4), (0, 10), (0, 13), (2, 10), (10, 14), (6, 10), (12, 14), (4, 10), (4, 13), (9, 12), (0, 9), (8, 10), (1, 4), (0, 6), (0, 12), (2, 12), (1, 10), (10, 13)]

layer= 3
nparam= 48
hop_ls= [(6, 15), (3, 4), (3, 10), (5, 7), (4, 15), (3, 13), (9, 11), (11, 14), (1, 3), (2, 11), (8, 15), (0, 11), (10, 15), (1, 15), (6, 11), (7, 10), (7, 13), (3, 9), (12, 15), (3, 6), (3, 12), (4, 11), (14, 15), (8, 11), (0, 7), (5, 15), (10, 11), (2, 7), (1, 11), (11, 13), (7, 9), (6, 7), (7, 12), (4, 7), (3, 5), (3, 8), (3, 14), (5, 11), (0, 3), (9, 15), (2, 3), (11, 12), (1, 7), (0, 15), (2, 15), (13, 15), (7, 8), (7, 14)]

step= 0

nparam= 1004
ntotal configs= 4900
        dense amplitude time= 0.05198860168457031
        total non-zero amplitudes= 4900
        nsamples per process= 159
        sample time= 14.968967199325562
        self.n= 0.7975256464867808
        collect g,h time= 18.911818981170654
E=-9.3289653324629,dE=0,std=0
L=-9.3289653324629,dL=0,std=0
        gnorm= 0.4674004622247298
        symmetric= True
        solver time=0.009038925170898438,exit status=0
        SR solver time= 0.009131669998168945
        symmetric= False
        niter= 41
        niter= 343
        solver time=0.11230707168579102,exit status=0
        RGN solver time= 0.11234354972839355
        xnorm=1.7887829633047034,dnorm=6.798981836653978
        dense amplitude time= 0.05221295356750488
        total non-zero amplitudes= 4900
        nsamples per process= 159
        sample time= 0.5063254833221436
        self.n= 0.3908068072921327
        RGN updated loss=-8.372588271259302,dloss=0.9563770612035984
        xnorm=1.7887829633047034,dnorm=0.26419674515075203
step= 1

nparam= 1004
        dense amplitude time= 0.0552973747253418
        total non-zero amplitudes= 4900
        nsamples per process= 159
        sample time= 2.4023146629333496
        self.n= 0.8177104132270456
        collect g,h time= 4.284730911254883
E=-9.40853455061351,dE=-0.0795692181506098,std=0
L=-9.40853455061351,dL=-0.0795692181506098,std=0
        gnorm= 0.4328734389795223
        symmetric= True
        solver time=0.006626605987548828,exit status=0
        SR solver time= 0.006661176681518555
        symmetric= False
        niter= 42
        niter= 250
        solver time=0.06977963447570801,exit status=0
        RGN solver time= 0.06981396675109863
        xnorm=1.6796444801048345,dnorm=43.39428628484331
        dense amplitude time= 0.050583839416503906
        total non-zero amplitudes= 4900
        nsamples per process= 159
        sample time= 0.5098843574523926
        self.n= 0.3505390220340246
        RGN updated loss=-7.60047902785735,dloss=1.8080555227561597
        xnorm=1.6796444801048345,dnorm=0.2482205199163912
step= 2

nparam= 1004
        dense amplitude time= 0.04901266098022461
        total non-zero amplitudes= 4900
        nsamples per process= 159
        sample time= 2.420527219772339
        self.n= 0.8279919547312719
        collect g,h time= 4.220959901809692
E=-9.475955690914708,dE=-0.06742114030119772,std=0
L=-9.475955690914708,dL=-0.06742114030119772,std=0
        gnorm= 0.40279061374588787
        symmetric= True
        solver time=0.0064640045166015625,exit status=0
        SR solver time= 0.006498813629150391
        symmetric= False
        niter= 42
        niter= 156
        solver time=0.04271245002746582,exit status=0
        RGN solver time= 0.04274296760559082
        xnorm=1.6067663312213842,dnorm=4.295441920950452
        dense amplitude time= 0.05351114273071289
        total non-zero amplitudes= 4900
        nsamples per process= 159
        sample time= 0.5018458366394043
        self.n= 0.48725253599308027
        RGN updated loss=-9.218871393025076,dloss=0.25708429788963194
        xnorm=1.6067663312213842,dnorm=0.23019742751601588
step= 3

nparam= 1004
        dense amplitude time= 0.05190777778625488
        total non-zero amplitudes= 4900
        nsamples per process= 159
        sample time= 2.4165775775909424
        self.n= 0.8294014965969583
        collect g,h time= 4.196229696273804
E=-9.53328061289532,dE=-0.05732492198061223,std=0
L=-9.53328061289532,dL=-0.05732492198061223,std=0
        gnorm= 0.3764110397215894
        symmetric= True
        solver time=0.006051540374755859,exit status=0
        SR solver time= 0.006086111068725586
        symmetric= False
        niter= 42
        niter= 150
        solver time=0.04104948043823242,exit status=0
        RGN solver time= 0.0410768985748291
        xnorm=1.5647466762955577,dnorm=3.482617114719287
        dense amplitude time= 0.0513310432434082
        total non-zero amplitudes= 4900
        nsamples per process= 159
        sample time= 0.5032885074615479
        self.n= 0.6041374731429106
        RGN updated loss=-9.568027848497758,dloss=-0.03474723560243831
step= 4

nparam= 1004
        dense amplitude time= 0.049291133880615234
        total non-zero amplitudes= 4900
        nsamples per process= 159
        sample time= 2.5467824935913086
        self.n= 0.6041374731429101
        collect g,h time= 4.2781946659088135
E=-9.568027848497756,dE=-0.03474723560243653,std=0
L=-9.568027848497756,dL=-0.03474723560243653,std=0
        gnorm= 0.5089045341999342
        symmetric= True
        solver time=0.0062372684478759766,exit status=0
        SR solver time= 0.0062713623046875
        symmetric= False
        niter= 41
        niter= 154
        solver time=0.04237222671508789,exit status=0
        RGN solver time= 0.042402029037475586
        xnorm=3.727982336930982,dnorm=2.5909973433862254
        dense amplitude time= 0.051465749740600586
        total non-zero amplitudes= 4900
        nsamples per process= 159
        sample time= 0.5043413639068604
        self.n= 0.7114764074165738
        RGN updated loss=-9.80267990041855,dloss=-0.23465205192079353
step= 5

nparam= 1004
        dense amplitude time= 0.0599207878112793
        total non-zero amplitudes= 4900
        nsamples per process= 159
        sample time= 2.455264091491699
        self.n= 0.7114764074165728
        collect g,h time= 4.280140161514282
E=-9.80267990041855,dE=-0.23465205192079353,std=0
L=-9.80267990041855,dL=-0.23465205192079353,std=0
        gnorm= 0.23019450896581586
        symmetric= True
        solver time=0.006081819534301758,exit status=0
        SR solver time= 0.006114959716796875
        symmetric= False
        niter= 41
        niter= 157
        solver time=0.043096303939819336,exit status=0
        RGN solver time= 0.04312586784362793
        xnorm=3.812408614256207,dnorm=1.5156478766496204
        dense amplitude time= 0.05385947227478027
        total non-zero amplitudes= 4900
        nsamples per process= 159
        sample time= 0.5019774436950684
        self.n= 0.8132263351620623
        RGN updated loss=-9.875230966505619,dloss=-0.07255106608706896
step= 6

nparam= 1004
        dense amplitude time= 0.04997587203979492
        total non-zero amplitudes= 4900
        nsamples per process= 159
        sample time= 2.4390034675598145
        self.n= 0.8132263351620614
        collect g,h time= 4.26825213432312
E=-9.875230966505615,dE=-0.07255106608706541,std=0
L=-9.875230966505615,dL=-0.07255106608706541,std=0
        gnorm= 0.08364610713705255
        symmetric= True
        solver time=0.006034374237060547,exit status=0
        SR solver time= 0.006068229675292969
        symmetric= False
        niter= 42
        niter= 181
        solver time=0.049245595932006836,exit status=0
        RGN solver time= 0.04927253723144531
        xnorm=3.8099360853844066,dnorm=1.233733358529438
        dense amplitude time= 0.051256418228149414
        total non-zero amplitudes= 4900
        nsamples per process= 159
        sample time= 0.5038883686065674
        self.n= 0.7437640677347976
        RGN updated loss=-9.887281392172257,dloss=-0.012050425666641829
step= 7

nparam= 1004
        dense amplitude time= 0.05729532241821289
        total non-zero amplitudes= 4900
        nsamples per process= 159
        sample time= 2.514206886291504
        self.n= 0.7437640677347973
        collect g,h time= 4.347452163696289
E=-9.887281392172259,dE=-0.012050425666643605,std=0
L=-9.887281392172259,dL=-0.012050425666643605,std=0
        gnorm= 0.06552520695507384
        symmetric= True
        solver time=0.006307363510131836,exit status=0
        SR solver time= 0.006340742111206055
        symmetric= False
        niter= 43
        niter= 186
        solver time=0.05111289024353027,exit status=0
        RGN solver time= 0.05114412307739258
        xnorm=4.06089596261991,dnorm=0.9105224912842943
        dense amplitude time= 0.049906015396118164
        total non-zero amplitudes= 4900
        nsamples per process= 159
        sample time= 0.5036365985870361
        self.n= 0.7162665920723088
        RGN updated loss=-9.895703262765776,dloss=-0.008421870593517511
step= 8

nparam= 1004
        dense amplitude time= 0.049080610275268555
        total non-zero amplitudes= 4900
        nsamples per process= 159
        sample time= 2.4639432430267334
        self.n= 0.7162665920723081
        collect g,h time= 4.275522470474243
E=-9.895703262765776,dE=-0.008421870593517511,std=0
L=-9.895703262765776,dL=-0.008421870593517511,std=0
        gnorm= 0.03492616014875063
        symmetric= True
        solver time=0.006042957305908203,exit status=0
        SR solver time= 0.00607609748840332
        symmetric= False
        niter= 42
        niter= 200
        solver time=0.05431795120239258,exit status=0
        RGN solver time= 0.05434536933898926
        xnorm=4.195047790402366,dnorm=0.7777916612241567
        dense amplitude time= 0.0513613224029541
        total non-zero amplitudes= 4900
        nsamples per process= 159
        sample time= 0.5014352798461914
        self.n= 0.5903527881332311
        RGN updated loss=-9.898917133372763,dloss=-0.003213870606986191
step= 9

nparam= 1004
        dense amplitude time= 0.04904890060424805
        total non-zero amplitudes= 4900
        nsamples per process= 159
        sample time= 2.4489188194274902
        self.n= 0.5903527881332308
        collect g,h time= 4.297670364379883
E=-9.898917133372764,dE=-0.0032138706069879674,std=0
L=-9.898917133372764,dL=-0.0032138706069879674,std=0
        gnorm= 0.032393979647080275
        symmetric= True
        solver time=0.0066645145416259766,exit status=0
        SR solver time= 0.006725788116455078
        symmetric= False
        niter= 44
        niter= 213
        solver time=0.058283329010009766,exit status=0
        RGN solver time= 0.058313846588134766
        xnorm=4.328271524472248,dnorm=0.6157370853829297
        dense amplitude time= 0.05192232131958008
        total non-zero amplitudes= 4900
        nsamples per process= 159
        sample time= 0.5009968280792236
        self.n= 0.5641076087370902
        RGN updated loss=-9.90133599190266,dloss=-0.002418858529894763
step= 10

nparam= 1004
        dense amplitude time= 0.05126786231994629
        total non-zero amplitudes= 4900
        nsamples per process= 159
        sample time= 2.4430651664733887
        self.n= 0.5641076087370893
        collect g,h time= 4.310811996459961
E=-9.901335991902661,dE=-0.0024188585298965393,std=0
L=-9.901335991902661,dL=-0.0024188585298965393,std=0
        gnorm= 0.019824258488879257
        symmetric= True
        solver time=0.005906581878662109,exit status=0
        SR solver time= 0.005941867828369141
        symmetric= False
        niter= 42
        niter= 222
        solver time=0.06045055389404297,exit status=0
        RGN solver time= 0.06047797203063965
        xnorm=4.421417249128137,dnorm=0.5225679168674795
        dense amplitude time= 0.051477670669555664
        total non-zero amplitudes= 4900
        nsamples per process= 159
        sample time= 0.5003480911254883
        self.n= 0.5091970996618733
        RGN updated loss=-9.902695118275002,dloss=-0.0013591263723409241
step= 11

nparam= 1004
        dense amplitude time= 0.06285738945007324
        total non-zero amplitudes= 4900
        nsamples per process= 159
        sample time= 2.5048153400421143
        self.n= 0.5091970996618729
        collect g,h time= 4.313173294067383
E=-9.902695118275,dE=-0.0013591263723391478,std=0
L=-9.902695118275,dL=-0.0013591263723391478,std=0
        gnorm= 0.015134719581666548
        symmetric= True
        solver time=0.005877494812011719,exit status=0
        SR solver time= 0.005910634994506836
        symmetric= False
        niter= 44
        niter= 243
        solver time=0.06495332717895508,exit status=0
        RGN solver time= 0.06498050689697266
        xnorm=4.501374660110711,dnorm=0.44559512618208263
        dense amplitude time= 0.05143570899963379
        total non-zero amplitudes= 4900
        nsamples per process= 159
        sample time= 0.5010497570037842
        self.n= 0.48372366385710486
        RGN updated loss=-9.903487445422398,dloss=-0.0007923271473977422
step= 12

nparam= 1004
        dense amplitude time= 0.049215078353881836
        total non-zero amplitudes= 4900
        nsamples per process= 159
        sample time= 2.4658565521240234
        self.n= 0.48372366385710414
        collect g,h time= 4.2798192501068115
E=-9.9034874454224,dE=-0.0007923271473995186,std=0
L=-9.9034874454224,dL=-0.0007923271473995186,std=0
        gnorm= 0.012294532425955467
        symmetric= True
        solver time=0.005957126617431641,exit status=0
        SR solver time= 0.005990028381347656
        symmetric= False
        niter= 42
        niter= 250
        solver time=0.06816959381103516,exit status=0
        RGN solver time= 0.06819820404052734
        xnorm=4.601280668181175,dnorm=0.3746651178332155
        dense amplitude time= 0.05123496055603027
        total non-zero amplitudes= 4900
        nsamples per process= 159
        sample time= 0.5006818771362305
        self.n= 0.4566256597001278
        RGN updated loss=-9.9041154833574,dloss=-0.000628037934999881
step= 13

nparam= 1004
        dense amplitude time= 0.04924774169921875
        total non-zero amplitudes= 4900
        nsamples per process= 159
        sample time= 2.52793288230896
        self.n= 0.456625659700127
        collect g,h time= 4.279032945632935
E=-9.904115483357401,dE=-0.0006280379350016574,std=0
L=-9.904115483357401,dL=-0.0006280379350016574,std=0
        gnorm= 0.009005927714930211
        symmetric= True
        solver time=0.006083965301513672,exit status=0
        SR solver time= 0.00611567497253418
        symmetric= False
        niter= 43
        niter= 257
        solver time=0.06958580017089844,exit status=0
        RGN solver time= 0.06961965560913086
        xnorm=4.663690344166952,dnorm=0.32870347519191867
        dense amplitude time= 0.05132174491882324
        total non-zero amplitudes= 4900
        nsamples per process= 159
        sample time= 0.4993102550506592
        self.n= 0.4389982081834332
        RGN updated loss=-9.904522675291355,dloss=-0.0004071919339541097
step= 14

nparam= 1004
        dense amplitude time= 0.04957842826843262
        total non-zero amplitudes= 4900
        nsamples per process= 159
        sample time= 2.4870033264160156
        self.n= 0.4389982081834327
        collect g,h time= 4.259915828704834
E=-9.904522675291355,dE=-0.0004071919339541097,std=0
L=-9.904522675291355,dL=-0.0004071919339541097,std=0
        gnorm= 0.007596331413420289
        symmetric= True
        solver time=0.005917787551879883,exit status=0
        SR solver time= 0.005979061126708984
        symmetric= False
        niter= 42
        niter= 256
        solver time=0.07010817527770996,exit status=0
        RGN solver time= 0.07013964653015137
        xnorm=4.749971396058157,dnorm=0.26871716088169256
        dense amplitude time= 0.05142974853515625
        total non-zero amplitudes= 4900
        nsamples per process= 159
        sample time= 0.5005412101745605
        self.n= 0.4204797250730699
        RGN updated loss=-9.904839110864861,dloss=-0.0003164355735059132
step= 15

nparam= 1004
        dense amplitude time= 0.05247306823730469
        total non-zero amplitudes= 4900
        nsamples per process= 159
        sample time= 2.4728219509124756
        self.n= 0.42047972507306963
        collect g,h time= 4.324601411819458
E=-9.904839110864863,dE=-0.0003164355735076896,std=0
L=-9.904839110864863,dL=-0.0003164355735076896,std=0
        gnorm= 0.005046152012312929
        symmetric= True
        solver time=0.00595402717590332,exit status=0
        SR solver time= 0.00598907470703125
        symmetric= False
        niter= 42
        niter= 275
        solver time=0.07464337348937988,exit status=0
        RGN solver time= 0.07467055320739746
        xnorm=4.807450964429352,dnorm=0.24048148216343807
        dense amplitude time= 0.05135679244995117
        total non-zero amplitudes= 4900
        nsamples per process= 159
        sample time= 0.502568244934082
        self.n= 0.4084178795948315
        RGN updated loss=-9.905041890215928,dloss=-0.00020277935106527423
step= 16

nparam= 1004
        dense amplitude time= 0.04720258712768555
        total non-zero amplitudes= 4900
        nsamples per process= 159
        sample time= 2.4768669605255127
        self.n= 0.40841787959483117
        collect g,h time= 4.405415773391724
E=-9.905041890215927,dE=-0.00020277935106349787,std=0
L=-9.905041890215927,dL=-0.00020277935106349787,std=0
        gnorm= 0.004398487391426302
        symmetric= True
        solver time=0.00633549690246582,exit status=0
        SR solver time= 0.006369590759277344
        symmetric= False
        niter= 42
        niter= 275
        solver time=0.0754404067993164,exit status=0
        RGN solver time= 0.0754694938659668
        xnorm=4.875680394956632,dnorm=0.20601345754379535
        dense amplitude time= 0.05127668380737305
        total non-zero amplitudes= 4900
        nsamples per process= 159
        sample time= 0.5022680759429932
        self.n= 0.39643587371450917
        RGN updated loss=-9.905200725119672,dloss=-0.00015883490374513087
step= 17

nparam= 1004
        dense amplitude time= 0.04906320571899414
        total non-zero amplitudes= 4900
        nsamples per process= 159
        sample time= 2.458926200866699
        self.n= 0.3964358737145097
        collect g,h time= 4.296079635620117
E=-9.905200725119672,dE=-0.00015883490374513087,std=0
L=-9.905200725119672,dL=-0.00015883490374513087,std=0
        gnorm= 0.0031504293721931775
        symmetric= True
        solver time=0.005773305892944336,exit status=0
        SR solver time= 0.005804777145385742
        niter=  symmetric= False
41
        niter= 281
        solver time=0.07656288146972656,exit status=0
        RGN solver time= 0.07659196853637695
        xnorm=4.927330602664118,dnorm=0.19541755989665907
        dense amplitude time= 0.05124855041503906
        total non-zero amplitudes= 4900
        nsamples per process= 159
        sample time= 0.5008704662322998
        self.n= 0.3876603197181794
        RGN updated loss=-9.905322346590864,dloss=-0.00012162147119276767
step= 18

nparam= 1004
        dense amplitude time= 0.05452871322631836
        total non-zero amplitudes= 4900
        nsamples per process= 159
        sample time= 2.441265106201172
        self.n= 0.3876603197181793
        collect g,h time= 4.2745606899261475
E=-9.905322346590864,dE=-0.00012162147119276767,std=0
L=-9.905322346590864,dL=-0.00012162147119276767,std=0
        gnorm= 0.002737027922410964
        symmetric= True
        solver time=0.006174325942993164,exit status=0
        SR solver time= 0.00620722770690918
        symmetric= False
        niter= 41
        niter= 281
        solver time=0.07683444023132324,exit status=0
        RGN solver time= 0.07686042785644531
        xnorm=4.981999247961368,dnorm=0.1862592384556965
        dense amplitude time= 0.051183223724365234
        total non-zero amplitudes= 4900
        nsamples per process= 159
        sample time= 0.5013947486877441
        self.n= 0.37954856456504277
        RGN updated loss=-9.905427790897644,dloss=-0.00010544430677938976
step= 19

nparam= 1004
        dense amplitude time= 0.04977297782897949
        total non-zero amplitudes= 4900
        nsamples per process= 159
        sample time= 2.4620859622955322
        self.n= 0.3795485645650423
        collect g,h time= 4.276926755905151
E=-9.905427790897644,dE=-0.00010544430677938976,std=0
L=-9.905427790897644,dL=-0.00010544430677938976,std=0
        gnorm= 0.0024387748308350122
        symmetric= True
        solver time=0.005403995513916016,exit status=0
        SR solver time= 0.005435943603515625
        symmetric= False
        niter= 40
        niter= 285
        solver time=0.0772864818572998,exit status=0
        RGN solver time= 0.07731461524963379
        xnorm=5.030199050191716,dnorm=0.1831547353658295
        dense amplitude time= 0.05132412910461426
        total non-zero amplitudes= 4900
        nsamples per process= 159
        sample time= 0.5023467540740967
        self.n= 0.37256016558492566
        RGN updated loss=-9.905522651620768,dloss=-9.486072312370197e-05
step= 20

nparam= 1004
        dense amplitude time= 0.049490928649902344
        total non-zero amplitudes= 4900
        nsamples per process= 159
        sample time= 2.5011918544769287
        self.n= 0.37256016558492544
        collect g,h time= 4.284268140792847
E=-9.905522651620768,dE=-9.486072312370197e-05,std=0
L=-9.905522651620768,dL=-9.486072312370197e-05,std=0
        gnorm= 0.0022882562485846874
        symmetric= True
        solver time=0.006139039993286133,exit status=0
        SR solver time= 0.006173610687255859
        symmetric= False
        niter= 41
        niter= 287
        solver time=0.0789942741394043,exit status=0
        RGN solver time= 0.07902050018310547
        xnorm=5.07843696577722,dnorm=0.17842091864647228
        dense amplitude time= 0.05037045478820801
        total non-zero amplitudes= 4900
        nsamples per process= 159
        sample time= 0.5023272037506104
        self.n= 0.3655991909167466
        RGN updated loss=-9.905608964188117,dloss=-8.631256734936699e-05
step= 21

nparam= 1004
        dense amplitude time= 0.06487107276916504
        total non-zero amplitudes= 4900
        nsamples per process= 159
        sample time= 2.4956936836242676
        self.n= 0.3655991909167458
        collect g,h time= 4.296104192733765
E=-9.905608964188119,dE=-8.631256735114334e-05,std=0
L=-9.905608964188119,dL=-8.631256735114334e-05,std=0
        gnorm= 0.002372501249071133
        symmetric= True
        solver time=0.0057528018951416016,exit status=0
        SR solver time= 0.005786418914794922
        symmetric= False
        niter= 39
        niter= 286
        solver time=0.07810115814208984,exit status=0
        RGN solver time= 0.07812786102294922
        xnorm=5.124376137840874,dnorm=0.17263373100112983
        dense amplitude time= 0.05390167236328125
        total non-zero amplitudes= 4900
        nsamples per process= 159
        sample time= 0.4997556209564209
        self.n= 0.35852432746139845
        RGN updated loss=-9.905687497010538,dloss=-7.853282241931936e-05
step= 22

nparam= 1004
        dense amplitude time= 0.0529327392578125
        total non-zero amplitudes= 4900
        nsamples per process= 159
        sample time= 2.5396242141723633
        self.n= 0.35852432746139823
        collect g,h time= 4.322687387466431
E=-9.905687497010536,dE=-7.8532822417543e-05,std=0
L=-9.905687497010536,dL=-7.8532822417543e-05,std=0
        gnorm= 0.002366688397549747
        symmetric= True
        solver time=0.005773067474365234,exit status=0
        SR solver time= 0.005811214447021484
        symmetric= False
        niter= 39
        niter= 284
        solver time=0.07771492004394531,exit status=0
        RGN solver time= 0.0777435302734375
        xnorm=5.168689721488728,dnorm=0.16482533860084841
        dense amplitude time= 0.05153512954711914
        total non-zero amplitudes= 4900
        nsamples per process= 159
        sample time= 0.4996306896209717
        self.n= 0.35145390567067325
        RGN updated loss=-9.90575720872246,dloss=-6.971171192304837e-05
step= 23

nparam= 1004
        dense amplitude time= 0.05954313278198242
        total non-zero amplitudes= 4900
        nsamples per process= 159
        sample time= 2.4430854320526123
        self.n= 0.35145390567067314
        collect g,h time= 4.319315195083618
E=-9.90575720872246,dE=-6.971171192304837e-05,std=0
L=-9.90575720872246,dL=-6.971171192304837e-05,std=0
        gnorm= 0.0023592472774498696
        symmetric= True
        solver time=0.0054090023040771484,exit status=0
        SR solver time= 0.005442380905151367
        symmetric= False
        niter= 38
        niter= 281
        solver time=0.07676577568054199,exit status=0
        RGN solver time= 0.0767979621887207
        xnorm=5.210487188930926,dnorm=0.15626197269267383
        dense amplitude time= 0.05135059356689453
        total non-zero amplitudes= 4900
        nsamples per process= 159
        sample time= 0.5009200572967529
        self.n= 0.34443084462281326
        RGN updated loss=-9.905818545700088,dloss=-6.133697762855661e-05
step= 24

nparam= 1004
        dense amplitude time= 0.05241894721984863
        total non-zero amplitudes= 4900
        nsamples per process= 159
        sample time= 2.4406988620758057
        self.n= 0.3444308446228129
        collect g,h time= 4.285358905792236
E=-9.90581854570009,dE=-6.133697763033297e-05,std=0
L=-9.90581854570009,dL=-6.133697763033297e-05,std=0
        gnorm= 0.0022614553221632252
        symmetric= True
        solver time=0.005322933197021484,exit status=0
        SR solver time= 0.00535893440246582
        symmetric= False
        niter= 38
        niter= 285
        solver time=0.07810425758361816,exit status=0
        RGN solver time= 0.07813143730163574
        xnorm=5.249453340728974,dnorm=0.14791338121683295
        dense amplitude time= 0.05134272575378418
        total non-zero amplitudes= 4900
        nsamples per process= 159
        sample time= 0.5016536712646484
        self.n= 0.3376265532692835
        RGN updated loss=-9.90587253148079,dloss=-5.3985780700926966e-05
step= 25

nparam= 1004
        dense amplitude time= 0.05513501167297363
        total non-zero amplitudes= 4900
        nsamples per process= 159
        sample time= 2.445401191711426
        self.n= 0.33762655326928326
        collect g,h time= 4.377186059951782
E=-9.905872531480789,dE=-5.398578069915061e-05,std=0
L=-9.905872531480789,dL=-5.398578069915061e-05,std=0
        gnorm= 0.0021120981390892295
        symmetric= True
        solver time=0.005303621292114258,exit status=0
        SR solver time= 0.00533747673034668
        symmetric= False
        niter= 38
        niter= 286
        solver time=0.0782012939453125,exit status=0
        RGN solver time= 0.07823300361633301
        xnorm=5.28540778582849,dnorm=0.1403043295866177
        dense amplitude time= 0.05135011672973633
        total non-zero amplitudes= 4900
        nsamples per process= 159
        sample time= 0.49922609329223633
        self.n= 0.3311434854351592
        RGN updated loss=-9.90592032601473,dloss=-4.779453394121447e-05
step= 26

nparam= 1004
        dense amplitude time= 0.04909873008728027
        total non-zero amplitudes= 4900
        nsamples per process= 159
        sample time= 2.4794414043426514
        self.n= 0.3311434854351588
        collect g,h time= 4.255259990692139
E=-9.90592032601473,dE=-4.779453394121447e-05,std=0
L=-9.90592032601473,dL=-4.779453394121447e-05,std=0
        gnorm= 0.0019418901326504242
        symmetric= True
        solver time=0.0052683353424072266,exit status=0
        SR solver time= 0.005301475524902344
        symmetric= False
        niter= 37
        niter= 291
        solver time=0.07918763160705566,exit status=0
        RGN solver time= 0.07921385765075684
        xnorm=5.31852863883256,dnorm=0.1336026897712518
        dense amplitude time= 0.05134439468383789
        total non-zero amplitudes= 4900
        nsamples per process= 159
        sample time= 0.4984476566314697
        self.n= 0.3250630191504401
        RGN updated loss=-9.905963080034935,dloss=-4.2754020205038046e-05
step= 27

nparam= 1004
        dense amplitude time= 0.046584129333496094
        total non-zero amplitudes= 4900
        nsamples per process= 159
        sample time= 2.4911911487579346
        self.n= 0.32506301915044034
        collect g,h time= 4.321393251419067
E=-9.905963080034937,dE=-4.27540202068144e-05,std=0
L=-9.905963080034937,dL=-4.27540202068144e-05,std=0
        gnorm= 0.0017591875094274604
        symmetric= True
        solver time=0.0051691532135009766,exit status=0
        SR solver time= 0.0052032470703125
        symmetric= False
        niter= 38
        niter= 298
        solver time=0.08043622970581055,exit status=0
        RGN solver time= 0.08046650886535645
        xnorm=5.349174213771182,dnorm=0.1275497985233413
        dense amplitude time= 0.05123758316040039
        total non-zero amplitudes= 4900
        nsamples per process= 159
        sample time= 0.49998950958251953
        self.n= 0.3194333152087516
        RGN updated loss=-9.90600162567722,dloss=-3.8545642283338566e-05
step= 28

nparam= 1004
        dense amplitude time= 0.04997897148132324
        total non-zero amplitudes= 4900
        nsamples per process= 159
        sample time= 2.452211380004883
        self.n= 0.3194333152087512
        collect g,h time= 4.260412931442261
E=-9.90600162567722,dE=-3.8545642283338566e-05,std=0
L=-9.90600162567722,dL=-3.8545642283338566e-05,std=0
        gnorm= 0.0016140490826259334
        symmetric= True
        solver time=0.005864143371582031,exit status=0
        SR solver time= 0.00589752197265625
        symmetric= False
        niter= 37
        niter= 301
        solver time=0.08625388145446777,exit status=0
        RGN solver time= 0.08628320693969727
        xnorm=5.377628913542009,dnorm=0.1225916976308902
        dense amplitude time= 0.05125761032104492
        total non-zero amplitudes= 4900
        nsamples per process= 159
        sample time= 0.501854419708252
        self.n= 0.3142733427729829
        RGN updated loss=-9.90603682957129,dloss=-3.52038940700794e-05
step= 29

nparam= 1004
        dense amplitude time= 0.058858394622802734
        total non-zero amplitudes= 4900
        nsamples per process= 159
        sample time= 2.4396350383758545
        self.n= 0.3142733427729827
        collect g,h time= 4.302057266235352
E=-9.906036829571292,dE=-3.520389407185576e-05,std=0
L=-9.906036829571292,dL=-3.520389407185576e-05,std=0
        gnorm= 0.001446733144698301
        symmetric= True
        solver time=0.0051271915435791016,exit status=0
        SR solver time= 0.005160808563232422
        symmetric= False
        niter= 37
        niter= 309
        solver time=0.08379387855529785,exit status=0
        RGN solver time= 0.08382463455200195
        xnorm=5.404541126907033,dnorm=0.11800126450932256
        dense amplitude time= 0.05122804641723633
        total non-zero amplitudes= 4900
        nsamples per process= 159
        sample time= 0.499464750289917
        self.n= 0.3095337448751949
        RGN updated loss=-9.906069122983066,dloss=-3.229341177402034e-05
step= 30

nparam= 1004
        dense amplitude time= 0.049315452575683594
        total non-zero amplitudes= 4900
        nsamples per process= 159
        sample time= 2.4501359462738037
        self.n= 0.30953374487519464
        collect g,h time= 4.304551362991333
E=-9.906069122983066,dE=-3.229341177402034e-05,std=0
L=-9.906069122983066,dL=-3.229341177402034e-05,std=0
        gnorm= 0.001305473427348005
        symmetric= True
        solver time=0.0052678585052490234,exit status=0
        SR solver time= 0.005333662033081055
        symmetric= False
        niter= 37
        niter= 311
        solver time=0.08438658714294434,exit status=0
        RGN solver time= 0.08441686630249023
        xnorm=5.430062503375852,dnorm=0.11390861395818966
        dense amplitude time= 0.05135607719421387
        total non-zero amplitudes= 4900
        nsamples per process= 159
        sample time= 0.49719691276550293
        self.n= 0.3052088484380777
        RGN updated loss=-9.906098970393892,dloss=-2.9847410825567522e-05
step= 31

nparam= 1004
        dense amplitude time= 0.06957221031188965
        total non-zero amplitudes= 4900
        nsamples per process= 159
        sample time= 2.429652214050293
        self.n= 0.3052088484380774
        collect g,h time= 4.259982347488403
E=-9.90609897039389,dE=-2.9847410823791165e-05,std=0
L=-9.90609897039389,dL=-2.9847410823791165e-05,std=0
        gnorm= 0.0011849736913056314
        symmetric= True
        solver time=0.005448579788208008,exit status=0
        SR solver time= 0.005481243133544922
        symmetric= False
        niter= 37
        niter= 312
        solver time=0.08339452743530273,exit status=0
        RGN solver time= 0.08342170715332031
        xnorm=5.4545294162059745,dnorm=0.11016698780681297
        dense amplitude time= 0.04983091354370117
        total non-zero amplitudes= 4900
        nsamples per process= 159
        sample time= 0.4982492923736572
        self.n= 0.3012807672197143
        RGN updated loss=-9.906126684388314,dloss=-2.7713994423805843e-05
step= 32

nparam= 1004
        dense amplitude time= 0.04980325698852539
        total non-zero amplitudes= 4900
        nsamples per process= 159
        sample time= 2.5200977325439453
        self.n= 0.3012807672197141
        collect g,h time= 4.298102140426636
E=-9.906126684388315,dE=-2.77139944255822e-05,std=0
L=-9.906126684388315,dL=-2.77139944255822e-05,std=0
        gnorm= 0.001063411938355002
        symmetric= True
        solver time=0.005190134048461914,exit status=0
        SR solver time= 0.005224704742431641
        symmetric= False
        niter= 37
        niter= 312
        solver time=0.08457326889038086,exit status=0
        RGN solver time= 0.08460402488708496
        xnorm=5.478243634881198,dnorm=0.10676540025493911
        dense amplitude time= 0.05126643180847168
        total non-zero amplitudes= 4900
        nsamples per process= 159
        sample time= 0.49715256690979004
        self.n= 0.2977178057820353
        RGN updated loss=-9.90615256066996,dloss=-2.587628164540945e-05
step= 33

nparam= 1004
        dense amplitude time= 0.05515694618225098
        total non-zero amplitudes= 4900
        nsamples per process= 159
        sample time= 2.4316506385803223
        self.n= 0.2977178057820349
        collect g,h time= 4.279332876205444
E=-9.90615256066996,dE=-2.587628164540945e-05,std=0
L=-9.90615256066996,dL=-2.587628164540945e-05,std=0
        gnorm= 0.0009714850977830379
        symmetric= True
        solver time=0.005769968032836914,exit status=0
        SR solver time= 0.005804300308227539
        symmetric= False
        niter= 40
        niter= 314
        solver time=0.08532476425170898,exit status=0
        RGN solver time= 0.085357666015625
        xnorm=5.501213673901432,dnorm=0.10367323905616009
        dense amplitude time= 0.051201820373535156
        total non-zero amplitudes= 4900
        nsamples per process= 159
        sample time= 0.495009183883667
        self.n= 0.2944182036090527
        RGN updated loss=-9.90617671271333,dloss=-2.415204336969623e-05
step= 34

nparam= 1004
        dense amplitude time= 0.04953455924987793
        total non-zero amplitudes= 4900
        nsamples per process= 159
        sample time= 2.4769704341888428
        self.n= 0.2944182036090527
        collect g,h time= 4.302690505981445
E=-9.90617671271333,dE=-2.415204336969623e-05,std=0
L=-9.90617671271333,dL=-2.415204336969623e-05,std=0
        gnorm= 0.0009523267092371756
        symmetric= True
        solver time=0.005383968353271484,exit status=0
        SR solver time= 0.005419015884399414
        symmetric= False
        niter= 38
        niter= 312
        solver time=0.08552217483520508,exit status=0
        RGN solver time= 0.08555459976196289
        xnorm=5.523981286961134,dnorm=0.10078924926762076
        dense amplitude time= 0.051253318786621094
        total non-zero amplitudes= 4900
        nsamples per process= 159
        sample time= 0.4985768795013428
        self.n= 0.29136276833128294
        RGN updated loss=-9.906199658636051,dloss=-2.294592272100715e-05
step= 35

nparam= 1004
        dense amplitude time= 0.04933786392211914
        total non-zero amplitudes= 4900
        nsamples per process= 159
        sample time= 2.461866617202759
        self.n= 0.2913627683312827
        collect g,h time= 4.293254375457764
E=-9.90619965863605,dE=-2.2945922719230794e-05,std=0
L=-9.90619965863605,dL=-2.2945922719230794e-05,std=0
        gnorm= 0.0008043440391547274
        symmetric= True
        solver time=0.005465507507324219,exit status=0
        SR solver time= 0.005500316619873047
        symmetric= False
        niter= 37
        niter= 326
        solver time=0.08844351768493652,exit status=0
        RGN solver time= 0.08847498893737793
        xnorm=5.546010846813573,dnorm=0.09798756703441755
        dense amplitude time= 0.05124926567077637
        total non-zero amplitudes= 4900
        nsamples per process= 159
        sample time= 0.4988737106323242
        self.n= 0.2884102304338531
        RGN updated loss=-9.906221200689231,dloss=-2.154205318127822e-05
step= 36

nparam= 1004
        dense amplitude time= 0.054673194885253906
        total non-zero amplitudes= 4900
        nsamples per process= 159
        sample time= 2.4664156436920166
        self.n= 0.2884102304338528
        collect g,h time= 4.274670124053955
E=-9.906221200689231,dE=-2.154205318127822e-05,std=0
L=-9.906221200689231,dL=-2.154205318127822e-05,std=0
        gnorm= 0.0007349802394148363
        symmetric= True
        solver time=0.0051233768463134766,exit status=0
        SR solver time= 0.0051577091217041016
        symmetric= False
        niter= 36
        niter= 330
        solver time=0.0901942253112793,exit status=0
        RGN solver time= 0.09022283554077148
        xnorm=5.567808571384227,dnorm=0.09535655467811865
        dense amplitude time= 0.05109667778015137
        total non-zero amplitudes= 4900
        nsamples per process= 159
        sample time= 0.5000901222229004
        self.n= 0.28554337662229645
        RGN updated loss=-9.906241538647256,dloss=-2.0337958025251623e-05
step= 37

nparam= 1004
        dense amplitude time= 0.049674034118652344
        total non-zero amplitudes= 4900
        nsamples per process= 159
        sample time= 2.50400710105896
        self.n= 0.2855433766222961
        collect g,h time= 4.242754220962524
E=-9.906241538647258,dE=-2.033795802702798e-05,std=0
L=-9.906241538647258,dL=-2.033795802702798e-05,std=0
        gnorm= 0.0006678614447470709
        symmetric= True
        solver time=0.0049631595611572266,exit status=0
        SR solver time= 0.004997968673706055
        symmetric= False
        niter= 36
        niter= 339
        solver time=0.09204483032226562,exit status=0
        RGN solver time= 0.09207940101623535
        xnorm=5.589323375483464,dnorm=0.09282053220212123
        dense amplitude time= 0.05125093460083008
        total non-zero amplitudes= 4900
        nsamples per process= 159
        sample time= 0.4975624084472656
        self.n= 0.2827259071785193
        RGN updated loss=-9.90626078391535,dloss=-1.9245268092049628e-05
step= 38

nparam= 1004
        dense amplitude time= 0.04555678367614746
        total non-zero amplitudes= 4900
        nsamples per process= 159
        sample time= 2.4631896018981934
        self.n= 0.2827259071785191
        collect g,h time= 4.296959638595581
E=-9.90626078391535,dE=-1.9245268092049628e-05,std=0
L=-9.90626078391535,dL=-1.9245268092049628e-05,std=0
        gnorm= 0.0006279599426525397
        symmetric= True
        solver time=0.005491495132446289,exit status=0
        SR solver time= 0.005524158477783203
        symmetric= False
        niter= 36
        niter= 341
        solver time=0.09285521507263184,exit status=0
        RGN solver time= 0.09288811683654785
        xnorm=5.610594609129227,dnorm=0.0903354101167761
        dense amplitude time= 0.051334381103515625
        total non-zero amplitudes= 4900
        nsamples per process= 159
        sample time= 0.496293306350708
        self.n= 0.27992578690652403
        RGN updated loss=-9.906278999000378,dloss=-1.8215085027861733e-05
step= 39

nparam= 1004
        dense amplitude time= 0.05936717987060547
        total non-zero amplitudes= 4900
        nsamples per process= 159
        sample time= 2.4560964107513428
        self.n= 0.2799257869065237
        collect g,h time= 4.254193305969238
E=-9.906278999000376,dE=-1.8215085026085376e-05,std=0
L=-9.906278999000376,dL=-1.8215085026085376e-05,std=0
        gnorm= 0.0005826932162722662
        symmetric= True
        solver time=0.0050618648529052734,exit status=0
        SR solver time= 0.005095481872558594
        symmetric= False
        niter= 36
        niter= 343
        solver time=0.09328627586364746,exit status=0
        RGN solver time= 0.09331536293029785
        xnorm=5.631565358476686,dnorm=0.08796346868414817
        dense amplitude time= 0.05131387710571289
        total non-zero amplitudes= 4900
        nsamples per process= 159
        sample time= 0.4945526123046875
        self.n= 0.27713608452777283
        RGN updated loss=-9.906296256292237,dloss=-1.7257291860417467e-05
step= 40

nparam= 1004
        dense amplitude time= 0.04969072341918945
        total non-zero amplitudes= 4900
        nsamples per process= 159
        sample time= 2.4685072898864746
        self.n= 0.2771360845277724
        collect g,h time= 4.266855478286743
E=-9.906296256292237,dE=-1.7257291860417467e-05,std=0
L=-9.906296256292237,dL=-1.7257291860417467e-05,std=0
        gnorm= 0.0005884031079929346
        symmetric= True
        solver time=0.0054645538330078125,exit status=0
        SR solver time= 0.0054988861083984375
        symmetric= False
        niter= 39
        niter= 343
        solver time=0.09339714050292969,exit status=0
        RGN solver time= 0.09343171119689941
        xnorm=5.6522293751615695,dnorm=0.0857503703255231
        dense amplitude time= 0.05125904083251953
        total non-zero amplitudes= 4900
        nsamples per process= 159
        sample time= 0.49664807319641113
        self.n= 0.274260996322498
        RGN updated loss=-9.906312634631927,dloss=-1.637833969070357e-05
step= 41

nparam= 1004
        dense amplitude time= 0.061553001403808594
        total non-zero amplitudes= 4900
        nsamples per process= 159
        sample time= 2.4468307495117188
        self.n= 0.2742609963224978
        collect g,h time= 4.272447347640991
E=-9.906312634631929,dE=-1.6378339692479926e-05,std=0
L=-9.906312634631929,dL=-1.6378339692479926e-05,std=0
        gnorm= 0.0005257732911973505
        symmetric= True
        solver time=0.004935264587402344,exit status=0
        SR solver time= 0.004970550537109375
        symmetric= False
        niter= 36
        niter= 343
        solver time=0.10144400596618652,exit status=0
        RGN solver time= 0.10147500038146973
        xnorm=5.67264403491781,dnorm=0.08353144972139263
        dense amplitude time= 0.05147671699523926
        total non-zero amplitudes= 4900
        nsamples per process= 159
        sample time= 0.4978189468383789
        self.n= 0.2714349319814981
        RGN updated loss=-9.906328216577245,dloss=-1.558194531625645e-05
step= 42

nparam= 1004
        dense amplitude time= 0.04962968826293945
        total non-zero amplitudes= 4900
        nsamples per process= 159
        sample time= 2.502418041229248
        self.n= 0.2714349319814978
        collect g,h time= 4.268371820449829
E=-9.906328216577247,dE=-1.5581945318032808e-05,std=0
L=-9.906328216577247,dL=-1.5581945318032808e-05,std=0
        gnorm= 0.0004893479217627817
        symmetric= True
        solver time=0.0050656795501708984,exit status=0
        SR solver time= 0.005100250244140625
        symmetric= False
        niter= 35
        niter= 343
        solver time=0.09202027320861816,exit status=0
        RGN solver time= 0.09204983711242676
        xnorm=5.6925746530853765,dnorm=0.08149468906530583
        dense amplitude time= 0.0498051643371582
        total non-zero amplitudes= 4900
        nsamples per process= 159
        sample time= 0.500964879989624
        self.n= 0.2685360211675242
        RGN updated loss=-9.906343041104359,dloss=-1.4824527111656494e-05
step= 43

nparam= 1004
        dense amplitude time= 0.04316377639770508
        total non-zero amplitudes= 4900
        nsamples per process= 159
        sample time= 2.4669742584228516
        self.n= 0.26853602116752384
        collect g,h time= 4.269924640655518
E=-9.90634304110436,dE=-1.482452711343285e-05,std=0
L=-9.90634304110436,dL=-1.482452711343285e-05,std=0
        gnorm= 0.00048396388491074257
        symmetric= True
        niter= 38
        solver time=0.00544285774230957,exit status=0
        SR solver time= 0.005478382110595703
        symmetric= False
        niter= 345
        solver time=0.09450125694274902,exit status=0
        RGN solver time= 0.09453368186950684
        xnorm=5.712106075772644,dnorm=0.07960518771743616
        dense amplitude time= 0.05126690864562988
        total non-zero amplitudes= 4900
        nsamples per process= 159
        sample time= 0.4974818229675293
        self.n= 0.26557804063023926
        RGN updated loss=-9.906357169968164,dloss=-1.4128863803364311e-05
step= 44

nparam= 1004
        dense amplitude time= 0.0551753044128418
        total non-zero amplitudes= 4900
        nsamples per process= 159
        sample time= 2.4478464126586914
        self.n= 0.26557804063023865
        collect g,h time= 4.410442590713501
E=-9.90635716996816,dE=-1.4128863799811597e-05,std=0
L=-9.90635716996816,dL=-1.4128863799811597e-05,std=0
        gnorm= 0.0004529698380304845
        symmetric= True
        solver time=0.005228996276855469,exit status=0
        SR solver time= 0.0052623748779296875
        symmetric= False
        niter= 37
        niter= 349
        solver time=0.09496903419494629,exit status=0
        RGN solver time= 0.09499645233154297
        xnorm=5.731239846632806,dnorm=0.07781622420081824
        dense amplitude time= 0.05116677284240723
        total non-zero amplitudes= 4900
        nsamples per process= 159
        sample time= 0.5002498626708984
        self.n= 0.2626243572338822
        RGN updated loss=-9.906370722879148,dloss=-1.355291098725786e-05
step= 45

nparam= 1004
        dense amplitude time= 0.0490260124206543
        total non-zero amplitudes= 4900
        nsamples per process= 159
        sample time= 2.4835548400878906
        self.n= 0.26262435723388183
        collect g,h time= 4.2578349113464355
E=-9.906370722879146,dE=-1.3552910985481503e-05,std=0
L=-9.906370722879146,dL=-1.3552910985481503e-05,std=0
        gnorm= 0.0004422917313905599
        symmetric= True
        solver time=0.005042076110839844,exit status=0
        SR solver time= 0.005074977874755859
        symmetric= False
        niter= 36
        niter= 352
        solver time=0.09496641159057617,exit status=0
        RGN solver time= 0.09499740600585938
        xnorm=5.749852207299617,dnorm=0.07615646966968671
        dense amplitude time= 0.051363468170166016
        total non-zero amplitudes= 4900
        nsamples per process= 159
        sample time= 0.4984455108642578
        self.n= 0.2596078053976496
        RGN updated loss=-9.90638370897967,dloss=-1.2986100523804112e-05
step= 46

nparam= 1004
        dense amplitude time= 0.05661606788635254
        total non-zero amplitudes= 4900
        nsamples per process= 159
        sample time= 2.4334497451782227
        self.n= 0.2596078053976494
        collect g,h time= 4.297233819961548
E=-9.906383708979668,dE=-1.2986100522027755e-05,std=0
L=-9.906383708979668,dL=-1.2986100522027755e-05,std=0
        gnorm= 0.0004232060584806434
        symmetric= True
        solver time=0.004947662353515625,exit status=0
        SR solver time= 0.004979610443115234
        symmetric= False
        niter= 36
        niter= 352
        solver time=0.09516620635986328,exit status=0
        RGN solver time= 0.09519648551940918
        xnorm=5.768077428684486,dnorm=0.07457900336547812
        dense amplitude time= 0.05123543739318848
        total non-zero amplitudes= 4900
        nsamples per process= 159
        sample time= 0.49944519996643066
        self.n= 0.2565915317422308
        RGN updated loss=-9.906396187408872,dloss=-1.2478429203710562e-05
step= 47

nparam= 1004
        dense amplitude time= 0.04961276054382324
        total non-zero amplitudes= 4900
        nsamples per process= 159
        sample time= 2.47741436958313
        self.n= 0.2565915317422305
        collect g,h time= 4.2623748779296875
E=-9.90639618740887,dE=-1.2478429201934205e-05,std=0
L=-9.90639618740887,dL=-1.2478429201934205e-05,std=0
        gnorm= 0.0004247418055002391
        symmetric= True
        solver time=0.005413532257080078,exit status=0
        SR solver time= 0.005447864532470703
        symmetric= False
        niter= 37
        niter= 362
        solver time=0.09843969345092773,exit status=0
        RGN solver time= 0.09847092628479004
        xnorm=5.785756038656101,dnorm=0.07316034197292218
        dense amplitude time= 0.05132579803466797
        total non-zero amplitudes= 4900
        nsamples per process= 159
        sample time= 0.4985828399658203
        self.n= 0.2535465454443382
        RGN updated loss=-9.906408204754042,dloss=-1.2017345172310456e-05
step= 48

nparam= 1004
        dense amplitude time= 0.04394936561584473
        total non-zero amplitudes= 4900
        nsamples per process= 159
        sample time= 2.4927053451538086
        self.n= 0.2535465454443384
        collect g,h time= 4.323382377624512
E=-9.906408204754042,dE=-1.2017345172310456e-05,std=0
L=-9.906408204754042,dL=-1.2017345172310456e-05,std=0
        gnorm= 0.0004080481687659319
        symmetric= True
        solver time=0.004997968673706055,exit status=0
        SR solver time= 0.005032777786254883
        symmetric= False
        niter= 36
        niter= 364
        solver time=0.0984339714050293,exit status=0
        RGN solver time= 0.09846329689025879
        xnorm=5.802969002167362,dnorm=0.07179014064684543
        dense amplitude time= 0.05119729042053223
        total non-zero amplitudes= 4900
        nsamples per process= 159
        sample time= 0.4981412887573242
        self.n= 0.2505069706271623
        RGN updated loss=-9.906419794275477,dloss=-1.1589521434984817e-05
step= 49

nparam= 1004
        dense amplitude time= 0.05500936508178711
        total non-zero amplitudes= 4900
        nsamples per process= 159
        sample time= 2.465733289718628
        self.n= 0.25050697062716276
        collect g,h time= 4.299290895462036
E=-9.906419794275475,dE=-1.158952143320846e-05,std=0
L=-9.906419794275475,dL=-1.158952143320846e-05,std=0
        gnorm= 0.0004074393410274238
        symmetric= True
        solver time=0.005359172821044922,exit status=0
        SR solver time= 0.005395412445068359
        symmetric= False
        niter= 39
        niter= 371
        solver time=0.1010141372680664,exit status=0
        RGN solver time= 0.1010432243347168
        xnorm=5.81972592455211,dnorm=0.0704108797167376
        dense amplitude time= 0.051282644271850586
        total non-zero amplitudes= 4900
        nsamples per process= 159
        sample time= 0.4975917339324951
        self.n= 0.24750847682325652
        RGN updated loss=-9.906430920927136,dloss=-1.1126651660475773e-05
(mpi4py) [rpeng@holy8a24301 pmg4]$
layer= 0
nparam= 660
hop_ls= [(1, 5), (1, 8), (1, 9), (1, 13), (5, 8), (5, 9), (5, 13), (8, 9), (8, 13), (9, 13)]

layer= 1
nparam= 144
hop_ls= [(9, 14), (1, 6), (2, 5), (2, 8), (2, 14), (13, 14), (6, 8), (6, 14), (5, 6), (8, 14), (1, 2), (1, 14), (2, 13), (6, 13), (5, 14), (2, 9), (2, 6), (6, 9)]

layer= 2
nparam= 152
hop_ls= [(6, 12), (4, 9), (4, 6), (4, 12), (12, 13), (0, 2), (5, 10), (0, 5), (8, 12), (0, 8), (0, 14), (10, 12), (1, 12), (4, 5), (4, 8), (4, 14), (5, 12), (0, 1), (9, 10), (2, 4), (0, 4), (0, 10), (0, 13), (2, 10), (10, 14), (6, 10), (12, 14), (4, 10), (4, 13), (9, 12), (0, 9), (8, 10), (1, 4), (0, 6), (0, 12), (2, 12), (1, 10), (10, 13)]

layer= 3
nparam= 48
hop_ls= [(6, 15), (3, 4), (3, 10), (5, 7), (4, 15), (3, 13), (9, 11), (11, 14), (1, 3), (2, 11), (8, 15), (0, 11), (10, 15), (1, 15), (6, 11), (7, 10), (7, 13), (3, 9), (12, 15), (3, 6), (3, 12), (4, 11), (14, 15), (8, 11), (0, 7), (5, 15), (10, 11), (2, 7), (1, 11), (11, 13), (7, 9), (6, 7), (7, 12), (4, 7), (3, 5), (3, 8), (3, 14), (5, 11), (0, 3), (9, 15), (2, 3), (11, 12), (1, 7), (0, 15), (2, 15), (13, 15), (7, 8), (7, 14)]

step= 50

nparam= 1004
ntotal configs= 4900
        dense amplitude time= 0.06536483764648438
        total non-zero amplitudes= 4900
        nsamples per process= 159
        sample time= 14.487098932266235
        self.n= 0.24750847682325633
        collect g,h time= 16.98531746864319
E=-9.906430920927136,dE=0,std=0
L=-9.906430920927136,dL=0,std=0
        gnorm= 0.0004016095227158252
        symmetric= True
        solver time=0.008288383483886719,exit status=0
        SR solver time= 0.008375883102416992
        symmetric= False
        niter= 38
        niter= 374
        solver time=0.11167097091674805,exit status=0
        RGN solver time= 0.11170792579650879
        xnorm=5.836039172416683,dnorm=0.0692218144449119
        dense amplitude time= 0.04695582389831543
        total non-zero amplitudes= 4900
        nsamples per process= 159
        sample time= 0.5810673236846924
        self.n= 0.24455476973343565
        RGN updated loss=-9.906441750201706,dloss=-1.082927457041194e-05
step= 51

nparam= 1004
        dense amplitude time= 0.1280379295349121
        total non-zero amplitudes= 4900
        nsamples per process= 159
        sample time= 2.439903974533081
        self.n= 0.24455476973343548
        collect g,h time= 4.362707853317261
E=-9.906441750201708,dE=-1.0829274572188297e-05,std=0
L=-9.906441750201708,dL=-1.0829274572188297e-05,std=0
        gnorm= 0.0003909809845755767
        symmetric= True
        solver time=0.0061931610107421875,exit status=0
        SR solver time= 0.006253480911254883
        symmetric= False
        niter= 38
        niter= 374
        solver time=0.10237669944763184,exit status=0
        RGN solver time= 0.10241103172302246
        xnorm=5.851904750335109,dnorm=0.06799707848546123
        dense amplitude time= 0.04607343673706055
        total non-zero amplitudes= 4900
        nsamples per process= 159
        sample time= 0.501589298248291
        self.n= 0.24161574574270578
        RGN updated loss=-9.906452173674257,dloss=-1.0423472549092594e-05
step= 52

nparam= 1004
        dense amplitude time= 0.04632306098937988
        total non-zero amplitudes= 4900
        nsamples per process= 159
        sample time= 2.4888601303100586
        self.n= 0.24161574574270542
        collect g,h time= 4.267221212387085
E=-9.906452173674259,dE=-1.042347255086895e-05,std=0
L=-9.906452173674259,dL=-1.042347255086895e-05,std=0
        gnorm= 0.00038487402994327616
        symmetric= True
        solver time=0.005214691162109375,exit status=0
        SR solver time= 0.0052487850189208984
        symmetric= False
        niter= 37
        niter= 374
        solver time=0.10982894897460938,exit status=0
        RGN solver time= 0.10986709594726562
        xnorm=5.8673313181110185,dnorm=0.06677479709089738
        dense amplitude time= 0.047017812728881836
        total non-zero amplitudes= 4900
        nsamples per process= 159
        sample time= 0.49793148040771484
        self.n= 0.23876635092129206
        RGN updated loss=-9.906462231119061,dloss=-1.0057444802313853e-05
step= 53

nparam= 1004
        dense amplitude time= 0.04663538932800293
        total non-zero amplitudes= 4900
        nsamples per process= 159
        sample time= 2.422083854675293
        self.n= 0.2387663509212919
        collect g,h time= 4.1988139152526855
E=-9.906462231119063,dE=-1.005744480409021e-05,std=0
L=-9.906462231119063,dL=-1.005744480409021e-05,std=0
        gnorm= 0.0005115895586799229
        symmetric= True
        solver time=0.006154537200927734,exit status=0
        SR solver time= 0.00621485710144043
        symmetric= False
        niter= 40
        niter= 367
        solver time=0.09924459457397461,exit status=0
        RGN solver time= 0.09927940368652344
        xnorm=5.882378515518304,dnorm=0.06550627800555378
        dense amplitude time= 0.047043800354003906
        total non-zero amplitudes= 4900
        nsamples per process= 159
        sample time= 0.5730154514312744
        self.n= 0.23599464263176556
        RGN updated loss=-9.906471889591803,dloss=-9.658472739815238e-06
step= 54

nparam= 1004
        dense amplitude time= 0.0461888313293457
        total non-zero amplitudes= 4900
        nsamples per process= 159
        sample time= 2.4359848499298096
        self.n= 0.23599464263176545
        collect g,h time= 4.269407510757446
E=-9.906471889591803,dE=-9.658472739815238e-06,std=0
L=-9.906471889591803,dL=-9.658472739815238e-06,std=0
        gnorm= 0.0004026097901560137
        symmetric= True
        solver time=0.005435466766357422,exit status=0
        SR solver time= 0.005469322204589844
        symmetric= False
        niter= 38
        niter= 374
        solver time=0.10195493698120117,exit status=0
        RGN solver time= 0.10198497772216797
        xnorm=5.8970281317782085,dnorm=0.06423985751225125
        dense amplitude time= 0.04700970649719238
        total non-zero amplitudes= 4900
        nsamples per process= 159
        sample time= 0.4968576431274414
        self.n= 0.2333252502934483
        RGN updated loss=-9.906481188001335,dloss=-9.298409532121354e-06
step= 55

nparam= 1004
        dense amplitude time= 0.05706143379211426
        total non-zero amplitudes= 4900
        nsamples per process= 159
        sample time= 2.4598562717437744
        self.n= 0.23332525029344822
        collect g,h time= 4.260563850402832
E=-9.906481188001335,dE=-9.298409532121354e-06,std=0
L=-9.906481188001335,dL=-9.298409532121354e-06,std=0
        gnorm= 0.0005022249205693757
        symmetric= True
        solver time=0.0057070255279541016,exit status=0
        SR solver time= 0.005769968032836914
        symmetric= False
        niter= 41
        niter= 371
        solver time=0.09956836700439453,exit status=0
        RGN solver time= 0.09960055351257324
        xnorm=5.911352948863922,dnorm=0.06290225945293208
        dense amplitude time= 0.04728555679321289
        total non-zero amplitudes= 4900
        nsamples per process= 159
        sample time= 0.4964265823364258
        self.n= 0.23075938495862308
        RGN updated loss=-9.906490053225141,dloss=-8.865223806608924e-06
step= 56

nparam= 1004
        dense amplitude time= 0.04719996452331543
        total non-zero amplitudes= 4900
        nsamples per process= 159
        sample time= 2.4297916889190674
        self.n= 0.23075938495862308
        collect g,h time= 4.276899814605713
E=-9.90649005322514,dE=-8.865223804832567e-06,std=0
L=-9.90649005322514,dL=-8.865223804832567e-06,std=0
        gnorm= 0.00041491459957733364
        symmetric= True
        solver time=0.0055999755859375,exit status=0
        SR solver time= 0.005635738372802734
        symmetric= False
        niter= 39
        niter= 374
        solver time=0.10123300552368164,exit status=0
        RGN solver time= 0.10126423835754395
        xnorm=5.92514131264116,dnorm=0.06168670139445875
        dense amplitude time= 0.045291900634765625
        total non-zero amplitudes= 4900
        nsamples per process= 159
        sample time= 0.49939894676208496
        self.n= 0.228324488379319
        RGN updated loss=-9.906498621953123,dloss=-8.568727983160329e-06
step= 57

nparam= 1004
        dense amplitude time= 0.04635357856750488
        total non-zero amplitudes= 4900
        nsamples per process= 159
        sample time= 2.444225311279297
        self.n= 0.22832448837931912
        collect g,h time= 4.199358940124512
E=-9.906498621953125,dE=-8.568727984936686e-06,std=0
L=-9.906498621953125,dL=-8.568727984936686e-06,std=0
        gnorm= 0.000378887136733886
        symmetric= True
        solver time=0.005469083786010742,exit status=0
        SR solver time= 0.0055027008056640625
        symmetric= False
        niter= 39
        niter= 374
        solver time=0.10058736801147461,exit status=0
        RGN solver time= 0.10061979293823242
        xnorm=5.938655289345001,dnorm=0.06033058373947219
        dense amplitude time= 0.04690194129943848
        total non-zero amplitudes= 4900
        nsamples per process= 159
        sample time= 0.4993317127227783
        self.n= 0.22592816437970556
        RGN updated loss=-9.906506756721223,dloss=-8.134768098244649e-06
step= 58

nparam= 1004
        dense amplitude time= 0.05827522277832031
        total non-zero amplitudes= 4900
        nsamples per process= 159
        sample time= 2.481086254119873
        self.n= 0.2259281643797056
        collect g,h time= 4.378078460693359
E=-9.906506756721226,dE=-8.134768101797363e-06,std=0
L=-9.906506756721226,dL=-8.134768101797363e-06,std=0
        gnorm= 0.00034706149853668976
        symmetric= True
        solver time=0.0055980682373046875,exit status=0
        SR solver time= 0.005667209625244141
        symmetric= False
        niter= 40
        niter= 376
        solver time=0.10077524185180664,exit status=0
        RGN solver time= 0.10080361366271973
        xnorm=5.951810904187146,dnorm=0.05881981553805722
        dense amplitude time= 0.04710865020751953
        total non-zero amplitudes= 4900
        nsamples per process= 159
        sample time= 0.4961416721343994
        self.n= 0.22372287425602244
        RGN updated loss=-9.906514469340355,dloss=-7.712619128241727e-06
step= 59

nparam= 1004
        dense amplitude time= 0.04754209518432617
        total non-zero amplitudes= 4900
        nsamples per process= 159
        sample time= 2.455068826675415
        self.n= 0.22372287425602239
        collect g,h time= 4.151321887969971
E=-9.906514469340355,dE=-7.712619128241727e-06,std=0
L=-9.906514469340355,dL=-7.712619128241727e-06,std=0
        gnorm= 0.0003319487388426913
        symmetric= True
        solver time=0.005212068557739258,exit status=0
        SR solver time= 0.00524592399597168
        symmetric= False
        niter= 38
        niter= 378
        solver time=0.1013638973236084,exit status=0
        RGN solver time= 0.10139226913452148
        xnorm=5.964465331077565,dnorm=0.05732136149182843
        dense amplitude time= 0.04668617248535156
        total non-zero amplitudes= 4900
        nsamples per process= 159
        sample time= 0.4995567798614502
        self.n= 0.2216541001990558
        RGN updated loss=-9.906521795451471,dloss=-7.326111116867651e-06
step= 60

nparam= 1004
        dense amplitude time= 0.04620671272277832
        total non-zero amplitudes= 4900
        nsamples per process= 159
        sample time= 2.517775535583496
        self.n= 0.22165410019905563
        collect g,h time= 4.2876341342926025
E=-9.906521795451471,dE=-7.326111116867651e-06,std=0
L=-9.906521795451471,dL=-7.326111116867651e-06,std=0
        gnorm= 0.0003190879916402338
        symmetric= True
        solver time=0.005215883255004883,exit status=0
        SR solver time= 0.005250453948974609
        symmetric= False
        niter= 37
        niter= 382
        solver time=0.1041264533996582,exit status=0
        RGN solver time= 0.10415530204772949
        xnorm=5.976737946200963,dnorm=0.05575417974607298
        dense amplitude time= 0.046689748764038086
        total non-zero amplitudes= 4900
        nsamples per process= 159
        sample time= 0.4994080066680908
        self.n= 0.21971793386876787
        RGN updated loss=-9.906528689572966,dloss=-6.894121494127603e-06
step= 61

nparam= 1004
        dense amplitude time= 0.06382918357849121
        total non-zero amplitudes= 4900
        nsamples per process= 159
        sample time= 2.434520959854126
        self.n= 0.21971793386876837
        collect g,h time= 4.243881464004517
E=-9.906528689572966,dE=-6.894121494127603e-06,std=0
L=-9.906528689572966,dL=-6.894121494127603e-06,std=0
        gnorm= 0.00033404335932385546
        symmetric= True
        solver time=0.005496978759765625,exit status=0
        SR solver time= 0.005558013916015625
        symmetric= False
        niter= 40
        niter= 376
        solver time=0.10110688209533691,exit status=0
        RGN solver time= 0.10114574432373047
        xnorm=5.988555081943707,dnorm=0.05436816029442912
        dense amplitude time= 0.04709172248840332
        total non-zero amplitudes= 4900
        nsamples per process= 159
        sample time= 0.4981229305267334
        self.n= 0.21785177007963288
        RGN updated loss=-9.906535207181172,dloss=-6.517608206024761e-06
step= 62

nparam= 1004
        dense amplitude time= 0.04837989807128906
        total non-zero amplitudes= 4900
        nsamples per process= 159
        sample time= 2.5200860500335693
        self.n= 0.21785177007963258
        collect g,h time= 4.238832712173462
E=-9.90653520718117,dE=-6.517608204248404e-06,std=0
L=-9.90653520718117,dL=-6.517608204248404e-06,std=0
        gnorm= 0.0002981255040826641
        symmetric= True
        solver time=0.005148887634277344,exit status=0
        SR solver time= 0.005182027816772461
        symmetric= False
        niter= 38
        niter= 387
        solver time=0.10303735733032227,exit status=0
        RGN solver time= 0.10307025909423828
        xnorm=6.0001165606994835,dnorm=0.052698611378587674
        dense amplitude time= 0.04678153991699219
        total non-zero amplitudes= 4900
        nsamples per process= 159
        sample time= 0.4992961883544922
        self.n= 0.21616548237882977
        RGN updated loss=-9.906541338130017,dloss=-6.130948847271611e-06
step= 63

nparam= 1004
        dense amplitude time= 0.04769182205200195
        total non-zero amplitudes= 4900
        nsamples per process= 159
        sample time= 2.5070583820343018
        self.n= 0.2161654823788296
        collect g,h time= 4.200715780258179
E=-9.90654133813002,dE=-6.130948850824325e-06,std=0
L=-9.90654133813002,dL=-6.130948850824325e-06,std=0
        gnorm= 0.00032022107153967353
        symmetric= True
        solver time=0.005639314651489258,exit status=0
        SR solver time= 0.00567317008972168
        symmetric= False
        niter= 41
        niter= 382
        solver time=0.10304927825927734,exit status=0
        RGN solver time= 0.10308146476745605
        xnorm=6.011088009056428,dnorm=0.05121831484461391
        dense amplitude time= 0.04682588577270508
        total non-zero amplitudes= 4900
        nsamples per process= 159
        sample time= 0.4976174831390381
        self.n= 0.21458610473493211
        RGN updated loss=-9.906547101221985,dloss=-5.763091964539058e-06
step= 64

nparam= 1004
        dense amplitude time= 0.056082725524902344
        total non-zero amplitudes= 4900
        nsamples per process= 159
        sample time= 2.40657114982605
        self.n= 0.21458610473493184
        collect g,h time= 4.234974384307861
E=-9.906547101221985,dE=-5.763091964539058e-06,std=0
L=-9.906547101221985,dL=-5.763091964539058e-06,std=0
        gnorm= 0.00030666247317074935
        symmetric= True
        solver time=0.00538182258605957,exit status=0
        SR solver time= 0.005414247512817383
        symmetric= False
        niter= 38
        niter= 378
        solver time=0.10209894180297852,exit status=0
        RGN solver time= 0.10213041305541992
        xnorm=6.02148781617681,dnorm=0.04973065783946405
        dense amplitude time= 0.04695606231689453
        total non-zero amplitudes= 4900
        nsamples per process= 159
        sample time= 0.5749828815460205
        self.n= 0.2130970033698104
        RGN updated loss=-9.906552539118119,dloss=-5.437896133386744e-06
step= 65

nparam= 1004
        dense amplitude time= 0.05369138717651367
        total non-zero amplitudes= 4900
        nsamples per process= 159
        sample time= 2.4878969192504883
        self.n= 0.2130970033698105
        collect g,h time= 4.246277332305908
E=-9.90655253911812,dE=-5.4378961351631006e-06,std=0
L=-9.90655253911812,dL=-5.4378961351631006e-06,std=0
        gnorm= 0.000248833365877569
        symmetric= True
        solver time=0.0057659149169921875,exit status=0
        SR solver time= 0.0058002471923828125
        symmetric= False
        niter= 40
        niter= 399
        solver time=0.10941910743713379,exit status=0
        RGN solver time= 0.1094515323638916
        xnorm=6.031466641626347,dnorm=0.04825786259844689
        dense amplitude time= 0.04946756362915039
        total non-zero amplitudes= 4900
        nsamples per process= 159
        sample time= 0.4971754550933838
        self.n= 0.21173858834665982
        RGN updated loss=-9.906557615474126,dloss=-5.076356005773164e-06
step= 66

nparam= 1004
        dense amplitude time= 0.046430349349975586
        total non-zero amplitudes= 4900
        nsamples per process= 159
        sample time= 2.419637680053711
        self.n= 0.21173858834665965
        collect g,h time= 4.16839599609375
E=-9.906557615474126,dE=-5.076356005773164e-06,std=0
L=-9.906557615474126,dL=-5.076356005773164e-06,std=0
        gnorm= 0.0003484031979577373
        symmetric= True
        solver time=0.005766630172729492,exit status=0
        SR solver time= 0.005802154541015625
        symmetric= False
        niter= 42
        niter= 374
        solver time=0.10055947303771973,exit status=0
        RGN solver time= 0.10059428215026855
        xnorm=6.040930863955744,dnorm=0.04687770025769111
        dense amplitude time= 0.04683732986450195
        total non-zero amplitudes= 4900
        nsamples per process= 159
        sample time= 0.49822139739990234
        self.n= 0.21042616488175564
        RGN updated loss=-9.906562380639622,dloss=-4.765165495967949e-06
step= 67

nparam= 1004
        dense amplitude time= 0.05903005599975586
        total non-zero amplitudes= 4900
        nsamples per process= 159
        sample time= 2.4863436222076416
        self.n= 0.2104261648817553
        collect g,h time= 4.256659269332886
E=-9.906562380639622,dE=-4.765165495967949e-06,std=0
L=-9.906562380639622,dL=-4.765165495967949e-06,std=0
        gnorm= 0.0002491310486437711
        symmetric= True
        solver time=0.005408763885498047,exit status=0
        SR solver time= 0.005444765090942383
        symmetric= False
        niter= 39
        niter= 394
        solver time=0.10560727119445801,exit status=0
        RGN solver time= 0.10564279556274414
        xnorm=6.050070048997142,dnorm=0.04548314721326826
        dense amplitude time= 0.04676175117492676
        total non-zero amplitudes= 4900
        nsamples per process= 159
        sample time= 0.49538087844848633
        self.n= 0.2092688689623414
        RGN updated loss=-9.906566906789994,dloss=-4.526150371830795e-06
step= 68

nparam= 1004
        dense amplitude time= 0.05844759941101074
        total non-zero amplitudes= 4900
        nsamples per process= 159
        sample time= 2.524338722229004
        self.n= 0.2092688689623411
        collect g,h time= 4.209039211273193
E=-9.906566906789994,dE=-4.526150371830795e-06,std=0
L=-9.906566906789994,dL=-4.526150371830795e-06,std=0
        gnorm= 0.00020681708315736338
        symmetric= True
        solver time=0.0050792694091796875,exit status=0
        SR solver time= 0.005116701126098633
        symmetric= False
        niter= 37
        niter= 404
        solver time=0.10842180252075195,exit status=0
        RGN solver time= 0.10845494270324707
        xnorm=6.058559634384882,dnorm=0.04419564497445534
        dense amplitude time= 0.04698824882507324
        total non-zero amplitudes= 4900
        nsamples per process= 159
        sample time= 0.4945967197418213
        self.n= 0.20813891979149843
        RGN updated loss=-9.906571158670937,dloss=-4.251880943328956e-06
step= 69

nparam= 1004
        dense amplitude time= 0.046942710876464844
        total non-zero amplitudes= 4900
        nsamples per process= 159
        sample time= 2.535045623779297
        self.n= 0.20813891979149834
        collect g,h time= 4.184546709060669
E=-9.906571158670937,dE=-4.251880943328956e-06,std=0
L=-9.906571158670937,dL=-4.251880943328956e-06,std=0
        gnorm= 0.00020242699667698594
        symmetric= True
        solver time=0.0049936771392822266,exit status=0
        SR solver time= 0.005028963088989258
        symmetric= False
        niter= 38
        niter= 405
        solver time=0.10836076736450195,exit status=0
        RGN solver time= 0.10839462280273438
        xnorm=6.066649724005043,dnorm=0.04300458338200316
        dense amplitude time= 0.046854496002197266
        total non-zero amplitudes= 4900
        nsamples per process= 159
        sample time= 0.49710774421691895
        self.n= 0.20711738394089946
        RGN updated loss=-9.906575179175535,dloss=-4.020504597690433e-06
step= 70

nparam= 1004
        dense amplitude time= 0.052637577056884766
        total non-zero amplitudes= 4900
        nsamples per process= 159
        sample time= 2.4344730377197266
        self.n= 0.20711738394089946
        collect g,h time= 4.205086946487427
E=-9.906575179175535,dE=-4.020504597690433e-06,std=0
L=-9.906575179175535,dL=-4.020504597690433e-06,std=0
        gnorm= 0.00022648665796119887
        symmetric= True
        solver time=0.005840778350830078,exit status=0
        SR solver time= 0.0058743953704833984
        symmetric= False
        niter= 41
        niter= 403
        solver time=0.10920286178588867,exit status=0
        RGN solver time= 0.10923027992248535
        xnorm=6.074227554743327,dnorm=0.04196134981267966
        dense amplitude time= 0.04678630828857422
        total non-zero amplitudes= 4900
        nsamples per process= 159
        sample time= 0.4942047595977783
        self.n= 0.20618972468694083
        RGN updated loss=-9.90657897317768,dloss=-3.794002145340869e-06
step= 71

nparam= 1004
        dense amplitude time= 0.07747030258178711
        total non-zero amplitudes= 4900
        nsamples per process= 159
        sample time= 2.4540276527404785
        self.n= 0.20618972468694088
        collect g,h time= 4.20689058303833
E=-9.906578973177682,dE=-3.794002147117226e-06,std=0
L=-9.906578973177682,dL=-3.794002147117226e-06,std=0
        gnorm= 0.00026435204978509546
        symmetric= True
        solver time=0.0054340362548828125,exit status=0
        SR solver time= 0.005468845367431641
        symmetric= False
        niter= 40
        niter= 385
        solver time=0.1028282642364502,exit status=0
        RGN solver time= 0.1028597354888916
        xnorm=6.081312457055392,dnorm=0.040936844781657385
        dense amplitude time= 0.0467829704284668
        total non-zero amplitudes= 4900
        nsamples per process= 159
        sample time= 0.49353647232055664
        self.n= 0.2053723855237009
        RGN updated loss=-9.906582613969848,dloss=-3.6407921655268183e-06
step= 72

nparam= 1004
        dense amplitude time= 0.046346426010131836
        total non-zero amplitudes= 4900
        nsamples per process= 159
        sample time= 2.5312702655792236
        self.n= 0.20537238552370074
        collect g,h time= 4.236260652542114
E=-9.906582613969846,dE=-3.6407921637504614e-06,std=0
L=-9.906582613969846,dL=-3.6407921637504614e-06,std=0
        gnorm= 0.00043913920757844116
        symmetric= True
        solver time=0.005700588226318359,exit status=0
        SR solver time= 0.005736112594604492
        symmetric= False
        niter= 42
        niter= 364
        solver time=0.0982046127319336,exit status=0
        RGN solver time= 0.0982363224029541
        xnorm=6.088026050693802,dnorm=0.03994968224675046
        dense amplitude time= 0.04683518409729004
        total non-zero amplitudes= 4900
        nsamples per process= 159
        sample time= 0.49602770805358887
        self.n= 0.2045746364872655
        RGN updated loss=-9.906586052821071,dloss=-3.4388512251126713e-06
step= 73

nparam= 1004
        dense amplitude time= 0.056687355041503906
        total non-zero amplitudes= 4900
        nsamples per process= 159
        sample time= 2.4277477264404297
        self.n= 0.2045746364872655
        collect g,h time= 4.221400499343872
E=-9.906586052821073,dE=-3.438851226889028e-06,std=0
L=-9.906586052821073,dL=-3.438851226889028e-06,std=0
        gnorm= 0.00022267980102211887
        symmetric= True
        solver time=0.005638599395751953,exit status=0
        SR solver time= 0.00567317008972168
        symmetric= False
        niter= 39
        niter= 390
        solver time=0.10501575469970703,exit status=0
        RGN solver time= 0.10504817962646484
        xnorm=6.0942307277553045,dnorm=0.038995981102326126
        dense amplitude time= 0.046742916107177734
        total non-zero amplitudes= 4900
        nsamples per process= 159
        sample time= 0.49660801887512207
        self.n= 0.2038237308036175
        RGN updated loss=-9.906589360983043,dloss=-3.3081619701391674e-06
step= 74

nparam= 1004
        dense amplitude time= 0.05453133583068848
        total non-zero amplitudes= 4900
        nsamples per process= 159
        sample time= 2.4423232078552246
        self.n= 0.2038237308036176
        collect g,h time= 4.264600038528442
E=-9.906589360983041,dE=-3.3081619683628105e-06,std=0
L=-9.906589360983041,dL=-3.3081619683628105e-06,std=0
        gnorm= 0.00015267052939982185
        symmetric= True
        solver time=0.004915475845336914,exit status=0
        SR solver time= 0.004949808120727539
        symmetric= False
        niter= 37
        niter= 405
        solver time=0.10846447944641113,exit status=0
        RGN solver time= 0.10849547386169434
        xnorm=6.100009998567818,dnorm=0.038131252124448844
        dense amplitude time= 0.04709625244140625
        total non-zero amplitudes= 4900
        nsamples per process= 159
        sample time= 0.49448657035827637
        self.n= 0.20306109435536382
        RGN updated loss=-9.906592503016816,dloss=-3.1420337744947346e-06
step= 75

nparam= 1004
        dense amplitude time= 0.05839109420776367
        total non-zero amplitudes= 4900
        nsamples per process= 159
        sample time= 2.47857928276062
        self.n= 0.20306109435536368
        collect g,h time= 4.1722493171691895
E=-9.906592503016817,dE=-3.1420337762710915e-06,std=0
L=-9.906592503016817,dL=-3.1420337762710915e-06,std=0
        gnorm= 0.0001363045376314391
        symmetric= True
        solver time=0.005108833312988281,exit status=0
        SR solver time= 0.0051441192626953125
        symmetric= False
        niter= 37
        niter= 409
        solver time=0.11012959480285645,exit status=0
        RGN solver time= 0.11016249656677246
        xnorm=6.105385934809397,dnorm=0.03737198129502333
        dense amplitude time= 0.04689669609069824
        total non-zero amplitudes= 4900
        nsamples per process= 159
        sample time= 0.4935932159423828
        self.n= 0.20238487231803304
        RGN updated loss=-9.906595532315245,dloss=-3.0292984281032886e-06
step= 76

nparam= 1004
        dense amplitude time= 0.04616236686706543
        total non-zero amplitudes= 4900
        nsamples per process= 159
        sample time= 2.472757577896118
        self.n= 0.2023848723180331
        collect g,h time= 4.197739124298096
E=-9.906595532315245,dE=-3.0292984281032886e-06,std=0
L=-9.906595532315245,dL=-3.0292984281032886e-06,std=0
        gnorm= 0.0001861550053154849
        symmetric= True
        solver time=0.0056149959564208984,exit status=0
        SR solver time= 0.005649089813232422
        symmetric= False
        niter= 41
        niter= 403
        solver time=0.10865592956542969,exit status=0
        RGN solver time= 0.1086893081665039
        xnorm=6.110388882660164,dnorm=0.036628237684573565
        dense amplitude time= 0.04678201675415039
        total non-zero amplitudes= 4900
        nsamples per process= 159
        sample time= 0.49641847610473633
        self.n= 0.20172787374486992
        RGN updated loss=-9.906598422785704,dloss=-2.89047045853863e-06
step= 77

nparam= 1004
        dense amplitude time= 0.04548478126525879
        total non-zero amplitudes= 4900
        nsamples per process= 159
        sample time= 2.475541591644287
        self.n= 0.20172787374487
        collect g,h time= 4.228663682937622
E=-9.906598422785704,dE=-2.89047045853863e-06,std=0
L=-9.906598422785704,dL=-2.89047045853863e-06,std=0
        gnorm= 0.00012907091925659541
        symmetric= True
        solver time=0.005354166030883789,exit status=0
        SR solver time= 0.005387783050537109
        symmetric= False
        niter= 39
        niter= 413
        solver time=0.11183738708496094,exit status=0
        RGN solver time= 0.11187171936035156
        xnorm=6.114992429974039,dnorm=0.03600769177423373
        dense amplitude time= 0.04705381393432617
        total non-zero amplitudes= 4900
        nsamples per process= 159
        sample time= 0.4951956272125244
        self.n= 0.20111068827896822
        RGN updated loss=-9.906601245739598,dloss=-2.822953893755198e-06
step= 78

nparam= 1004
        dense amplitude time= 0.05689644813537598
        total non-zero amplitudes= 4900
        nsamples per process= 159
        sample time= 2.427251100540161
        self.n= 0.20111068827896805
        collect g,h time= 4.315528631210327
E=-9.906601245739598,dE=-2.822953893755198e-06,std=0
L=-9.906601245739598,dL=-2.822953893755198e-06,std=0
        gnorm= 0.00014227413231457302
        symmetric= True
        solver time=0.004872560501098633,exit status=0
        SR solver time= 0.004906892776489258
        symmetric= False
        niter= 37
        solver time=0.1104276180267334,exit status=0
        RGN solver time= 0.11046314239501953
        xnorm=6.119277988500627,dnorm=0.03543842053339511
        niter= 405
        dense amplitude time= 0.046727657318115234
        total non-zero amplitudes= 4900
        nsamples per process= 159
        sample time= 0.49609923362731934
        self.n= 0.20051155525255415
        RGN updated loss=-9.906603966679466,dloss=-2.7209398680838603e-06
step= 79

nparam= 1004
        dense amplitude time= 0.056839704513549805
        total non-zero amplitudes= 4900
        nsamples per process= 159
        sample time= 2.4261646270751953
        self.n= 0.20051155525255393
        collect g,h time= 4.228595018386841
E=-9.906603966679466,dE=-2.7209398680838603e-06,std=0
L=-9.906603966679466,dL=-2.7209398680838603e-06,std=0
        gnorm= 0.00013850965298325442
        symmetric= True
        solver time=0.0052378177642822266,exit status=0
        SR solver time= 0.005299806594848633
        symmetric= False
        niter= 38
        niter= 408
        solver time=0.11191964149475098,exit status=0
        RGN solver time= 0.1119542121887207
        xnorm=6.123235347967999,dnorm=0.03492123421302027
        dense amplitude time= 0.04668426513671875
        total non-zero amplitudes= 4900
        nsamples per process= 159
        sample time= 0.4927022457122803
        self.n= 0.1999289549593272
        RGN updated loss=-9.90660661561403,dloss=-2.6489345650304585e-06
step= 80

nparam= 1004
        dense amplitude time= 0.046726226806640625
        total non-zero amplitudes= 4900
        nsamples per process= 159
        sample time= 2.414560556411743
        self.n= 0.19992895495932733
        collect g,h time= 4.26161789894104
E=-9.90660661561403,dE=-2.6489345650304585e-06,std=0
L=-9.90660661561403,dL=-2.6489345650304585e-06,std=0
        gnorm= 0.00012617066835708806
        symmetric= True
        solver time=0.0052034854888916016,exit status=0
        SR solver time= 0.005239248275756836
        symmetric= False
        niter= 38
        niter= 409
        solver time=0.1105954647064209,exit status=0
        RGN solver time= 0.11062502861022949
        xnorm=6.126821302026992,dnorm=0.034425635164283264
        dense amplitude time= 0.04674172401428223
        total non-zero amplitudes= 4900
        nsamples per process= 159
        sample time= 0.49176907539367676
        self.n= 0.19935271247468464
        RGN updated loss=-9.906609185915794,dloss=-2.5703017634270964e-06
step= 81

nparam= 1004
        dense amplitude time= 0.07938098907470703
        total non-zero amplitudes= 4900
        nsamples per process= 159
        sample time= 2.4589831829071045
        self.n= 0.19935271247468458
        collect g,h time= 4.179245710372925
E=-9.906609185915794,dE=-2.5703017634270964e-06,std=0
L=-9.906609185915794,dL=-2.5703017634270964e-06,std=0
        gnorm= 0.00012142339043284172
        symmetric= True
        solver time=0.005012989044189453,exit status=0
        SR solver time= 0.005049228668212891
        symmetric= False
        niter= 37
        niter= 415
        solver time=0.12063217163085938,exit status=0
        RGN solver time= 0.12066388130187988
        xnorm=6.130177434245205,dnorm=0.03397320821317689
        dense amplitude time= 0.04676365852355957
        total non-zero amplitudes= 4900
        nsamples per process= 159
        sample time= 0.49106740951538086
        self.n= 0.19879868217493024
        RGN updated loss=-9.906611704718186,dloss=-2.518802391549002e-06
step= 82

nparam= 1004
        dense amplitude time= 0.05393838882446289
        total non-zero amplitudes= 4900
        nsamples per process= 159
        sample time= 2.440110206604004
        self.n= 0.19879868217493002
        collect g,h time= 4.285733938217163
E=-9.906611704718188,dE=-2.518802393325359e-06,std=0
L=-9.906611704718188,dL=-2.518802393325359e-06,std=0
        gnorm= 0.00011335461509357877
        symmetric= True
        solver time=0.005174398422241211,exit status=0
        SR solver time= 0.005210161209106445
        symmetric= False
        niter= 37
        niter= 422
        solver time=0.11381030082702637,exit status=0
        RGN solver time= 0.1138448715209961
        xnorm=6.133215590647061,dnorm=0.0336069091011229
        dense amplitude time= 0.04695534706115723
        total non-zero amplitudes= 4900
        nsamples per process= 159
        sample time= 0.49454259872436523
        self.n= 0.19825717516378258
        RGN updated loss=-9.906614162600276,dloss=-2.4578820880805097e-06
step= 83

nparam= 1004
        dense amplitude time= 0.05812263488769531
        total non-zero amplitudes= 4900
        nsamples per process= 159
        sample time= 2.4230291843414307
        self.n= 0.19825717516378252
        collect g,h time= 4.211898565292358
E=-9.906614162600276,dE=-2.4578820880805097e-06,std=0
L=-9.906614162600276,dL=-2.4578820880805097e-06,std=0
        gnorm= 0.0001180781186323106
        symmetric= True
        solver time=0.005234718322753906,exit status=0
        SR solver time= 0.005270957946777344
        symmetric= False
        niter= 38
        niter= 423
        solver time=0.11408066749572754,exit status=0
        RGN solver time= 0.11411356925964355
        xnorm=6.13603185193591,dnorm=0.03319713412256958
        dense amplitude time= 0.04682731628417969
        total non-zero amplitudes= 4900
        nsamples per process= 159
        sample time= 0.4929685592651367
        self.n= 0.19773444653376485
        RGN updated loss=-9.90661657493203,dloss=-2.412331754797492e-06
step= 84

nparam= 1004
        dense amplitude time= 0.05389237403869629
        total non-zero amplitudes= 4900
        nsamples per process= 159
        sample time= 2.4296250343322754
        self.n= 0.19773444653376443
        collect g,h time= 4.186564683914185
E=-9.906616574932029,dE=-2.4123317530211352e-06,std=0
L=-9.906616574932029,dL=-2.4123317530211352e-06,std=0
        gnorm= 0.00010928821784359794
        symmetric= True
        solver time=0.005105257034301758,exit status=0
        SR solver time= 0.00513911247253418
        symmetric= False
        niter= 37
        niter= 421
        solver time=0.1130526065826416,exit status=0
        RGN solver time= 0.11308073997497559
        xnorm=6.138611890371908,dnorm=0.03290695004818756
        dense amplitude time= 0.04694962501525879
        total non-zero amplitudes= 4900
        nsamples per process= 159
        sample time= 0.4932241439819336
        self.n= 0.1972105751934154
        RGN updated loss=-9.906618950923498,dloss=-2.3759914693499695e-06
step= 85

nparam= 1004
        dense amplitude time= 0.0578303337097168
        total non-zero amplitudes= 4900
        nsamples per process= 159
        sample time= 2.4505717754364014
        self.n= 0.19721057519341528
        collect g,h time= 4.219255447387695
E=-9.906618950923498,dE=-2.3759914693499695e-06,std=0
L=-9.906618950923498,dL=-2.3759914693499695e-06,std=0
        gnorm= 0.00010957327070843729
        symmetric= True
        solver time=0.00485539436340332,exit status=0
        SR solver time= 0.004889965057373047
        symmetric= False
        niter= 37
        niter= 425
        solver time=0.1151731014251709,exit status=0
        RGN solver time= 0.11521100997924805
        xnorm=6.140948014547777,dnorm=0.03264683108853784
        dense amplitude time= 0.04660439491271973
        total non-zero amplitudes= 4900
        nsamples per process= 159
        sample time= 0.4940214157104492
        self.n= 0.19669853446954497
        RGN updated loss=-9.906621292248941,dloss=-2.341325442856146e-06
step= 86

nparam= 1004
        dense amplitude time= 0.046262264251708984
        total non-zero amplitudes= 4900
        nsamples per process= 159
        sample time= 2.5005910396575928
        self.n= 0.19669853446954488
        collect g,h time= 4.311792612075806
E=-9.906621292248943,dE=-2.3413254446325027e-06,std=0
L=-9.906621292248943,dL=-2.3413254446325027e-06,std=0
        gnorm= 0.00010320888710072791
        symmetric= True
        solver time=0.005146503448486328,exit status=0
        SR solver time= 0.005182981491088867
        symmetric= False
        niter= 36
        niter= 433
        solver time=0.11678552627563477,exit status=0
        RGN solver time= 0.11681818962097168
        xnorm=6.1430950768611945,dnorm=0.03240864396996157
        dense amplitude time= 0.04677772521972656
        total non-zero amplitudes= 4900
        nsamples per process= 159
        sample time= 0.49218106269836426
        self.n= 0.19619056834547546
        RGN updated loss=-9.9066236081858,dloss=-2.3159368573999473e-06
step= 87

nparam= 1004
        dense amplitude time= 0.04616999626159668
        total non-zero amplitudes= 4900
        nsamples per process= 159
        sample time= 2.4226956367492676
        self.n= 0.1961905683454755
        collect g,h time= 4.31846809387207
E=-9.906623608185798,dE=-2.3159368556235904e-06,std=0
L=-9.906623608185798,dL=-2.3159368556235904e-06,std=0
        gnorm= 9.269720473902288e-05
        symmetric= True
        solver time=0.004927396774291992,exit status=0
        SR solver time= 0.004964351654052734
        symmetric= False
        niter= 36
        niter= 436
        solver time=0.11800146102905273,exit status=0
        RGN solver time= 0.11803340911865234
        xnorm=6.145033564668313,dnorm=0.0321915573921412
        dense amplitude time= 0.046836137771606445
        total non-zero amplitudes= 4900
        nsamples per process= 159
        sample time= 0.4937102794647217
        self.n= 0.19568823737490332
        RGN updated loss=-9.906625900677879,dloss=-2.2924920806133287e-06
step= 88

nparam= 1004
        dense amplitude time= 0.05706906318664551
        total non-zero amplitudes= 4900
        nsamples per process= 159
        sample time= 2.420109748840332
        self.n= 0.19568823737490323
        collect g,h time= 4.232078313827515
E=-9.906625900677877,dE=-2.292492078836972e-06,std=0
L=-9.906625900677877,dL=-2.292492078836972e-06,std=0
        gnorm= 0.0002779090923140884
        symmetric= True
        solver time=0.005699634552001953,exit status=0
        SR solver time= 0.005734443664550781
        symmetric= False
        niter= 42
        niter= 381
        solver time=0.101593017578125,exit status=0
        RGN solver time= 0.10162210464477539
        xnorm=6.146831447896668,dnorm=0.032013028970478016
        dense amplitude time= 0.047206878662109375
        total non-zero amplitudes= 4900
        nsamples per process= 159
        sample time= 0.5712952613830566
        self.n= 0.19520919837784156
        RGN updated loss=-9.906628140783251,dloss=-2.240105374085033e-06
step= 89

nparam= 1004
        dense amplitude time= 0.05722165107727051
        total non-zero amplitudes= 4900
        nsamples per process= 159
        sample time= 2.412290573120117
        self.n= 0.19520919837784179
        collect g,h time= 4.295167446136475
E=-9.90662814078325,dE=-2.240105372308676e-06,std=0
L=-9.90662814078325,dL=-2.240105372308676e-06,std=0
        gnorm= 0.00013064996345472913
        symmetric= True
        solver time=0.00558924674987793,exit status=0
        SR solver time= 0.005650758743286133
        symmetric= False
        niter= 39
        niter= 419
        solver time=0.1141822338104248,exit status=0
        RGN solver time= 0.11421418190002441
        xnorm=6.148488106467666,dnorm=0.03185449173121106
        dense amplitude time= 0.04526519775390625
        total non-zero amplitudes= 4900
        nsamples per process= 159
        sample time= 0.49415135383605957
        self.n= 0.19472124208546912
        RGN updated loss=-9.906630420910401,dloss=-2.280127151976785e-06
step= 90

nparam= 1004
        dense amplitude time= 0.04719948768615723
        total non-zero amplitudes= 4900
        nsamples per process= 159
        sample time= 2.4281370639801025
        self.n= 0.1947212420854693
        collect g,h time= 4.328282356262207
E=-9.906630420910401,dE=-2.280127151976785e-06,std=0
L=-9.906630420910401,dL=-2.280127151976785e-06,std=0
        gnorm= 0.00010082801100954957
        symmetric= True
        solver time=0.0049762725830078125,exit status=0
        SR solver time= 0.005011320114135742
        symmetric= False
        niter= 36
        niter= 436
        solver time=0.11846661567687988,exit status=0
        RGN solver time= 0.1184988021850586
        xnorm=6.150032071147993,dnorm=0.03167341586261559
        dense amplitude time= 0.04703116416931152
        total non-zero amplitudes= 4900
        nsamples per process= 159
        sample time= 0.4910924434661865
        self.n= 0.1942538310371421
        RGN updated loss=-9.90663265591673,dloss=-2.2350063293430367e-06
step= 91

nparam= 1004
        dense amplitude time= 0.06739234924316406
        total non-zero amplitudes= 4900
        nsamples per process= 159
        sample time= 2.495149612426758
        self.n= 0.19425383103714194
        collect g,h time= 4.286215305328369
E=-9.90663265591673,dE=-2.2350063293430367e-06,std=0
L=-9.90663265591673,dL=-2.2350063293430367e-06,std=0
        gnorm= 0.00010913694578934894
        symmetric= True
        solver time=0.005393505096435547,exit status=0
        SR solver time= 0.00542902946472168
        symmetric= False
        niter= 38
        niter= 434
        solver time=0.11819314956665039,exit status=0
        RGN solver time= 0.11822128295898438
        xnorm=6.151463406477162,dnorm=0.03154222749209524
        dense amplitude time= 0.04667377471923828
        total non-zero amplitudes= 4900
        nsamples per process= 159
        sample time= 0.49188756942749023
        self.n= 0.19379909672175383
        RGN updated loss=-9.906634876386994,dloss=-2.220470262770391e-06
step= 92

nparam= 1004
        dense amplitude time= 0.05719470977783203
        total non-zero amplitudes= 4900
        nsamples per process= 159
        sample time= 2.4045772552490234
        self.n= 0.19379909672175352
        collect g,h time= 4.249374628067017
E=-9.906634876386994,dE=-2.220470262770391e-06,std=0
L=-9.906634876386994,dL=-2.220470262770391e-06,std=0
        gnorm= 0.00010980760197448702
        symmetric= True
        solver time=0.005069255828857422,exit status=0
        SR solver time= 0.005104780197143555
        symmetric= False
        niter= 37
        niter= 435
        solver time=0.11778926849365234,exit status=0
        RGN solver time= 0.11782026290893555
        xnorm=6.152774471236402,dnorm=0.03134550972802219
        dense amplitude time= 0.04677724838256836
        total non-zero amplitudes= 4900
        nsamples per process= 159
        sample time= 0.4918251037597656
        self.n= 0.19336721265621332
        RGN updated loss=-9.906637073364408,dloss=-2.1969774142149845e-06
step= 93

nparam= 1004
        dense amplitude time= 0.05393266677856445
        total non-zero amplitudes= 4900
        nsamples per process= 159
        sample time= 2.404284954071045
        self.n= 0.19336721265621304
        collect g,h time= 4.244309902191162
E=-9.90663707336441,dE=-2.1969774159913413e-06,std=0
L=-9.90663707336441,dL=-2.1969774159913413e-06,std=0
        gnorm= 8.97481845027942e-05
        symmetric= True
        solver time=0.004954814910888672,exit status=0
        SR solver time= 0.004991054534912109
        symmetric= False
        niter= 36
        niter= 436
        solver time=0.11832857131958008,exit status=0
        RGN solver time= 0.11836028099060059
        xnorm=6.1540093089140795,dnorm=0.03116013588213171
        dense amplitude time= 0.04725766181945801
        total non-zero amplitudes= 4900
        nsamples per process= 159
        sample time= 0.4910295009613037
        self.n= 0.19296669721544368
        RGN updated loss=-9.906639248440936,dloss=-2.1750765260009075e-06
step= 94

nparam= 1004
        dense amplitude time= 0.0589289665222168
        total non-zero amplitudes= 4900
        nsamples per process= 159
        sample time= 2.4657342433929443
        self.n= 0.19296669721544363
        collect g,h time= 4.2197959423065186
E=-9.906639248440936,dE=-2.1750765260009075e-06,std=0
L=-9.906639248440936,dL=-2.1750765260009075e-06,std=0
        gnorm= 0.0001628784431158456
        symmetric= True
        solver time=0.005149126052856445,exit status=0
        SR solver time= 0.005184173583984375
        symmetric= False
        niter= 38
        niter= 407
        solver time=0.1100163459777832,exit status=0
        RGN solver time= 0.1100471019744873
        xnorm=6.155129292093791,dnorm=0.030942193163663635
        dense amplitude time= 0.046738386154174805
        total non-zero amplitudes= 4900
        nsamples per process= 159
        sample time= 0.4941408634185791
        self.n= 0.19260670321084017
        RGN updated loss=-9.906641384766251,dloss=-2.1363253157602458e-06
step= 95

nparam= 1004
        dense amplitude time= 0.04628252983093262
        total non-zero amplitudes= 4900
        nsamples per process= 159
        sample time= 2.4436991214752197
        self.n= 0.19260670321084
        collect g,h time= 4.23913049697876
E=-9.906641384766255,dE=-2.1363253193129594e-06,std=0
L=-9.906641384766255,dL=-2.1363253193129594e-06,std=0
        gnorm= 0.00013160198594936565
        symmetric= True
        solver time=0.005011796951293945,exit status=0
        SR solver time= 0.005045413970947266
        symmetric= False
        niter= 37
        niter= 413
        solver time=0.11213994026184082,exit status=0
        RGN solver time= 0.11217451095581055
        xnorm=6.156213416528218,dnorm=0.030689693658506993
        dense amplitude time= 0.04662466049194336
        total non-zero amplitudes= 4900
        nsamples per process= 159
        sample time= 0.4934206008911133
        self.n= 0.19224497656403733
        RGN updated loss=-9.90664349522299,dloss=-2.1104567355934023e-06
step= 96

nparam= 1004
        dense amplitude time= 0.04626965522766113
        total non-zero amplitudes= 4900
        nsamples per process= 159
        sample time= 2.448538303375244
        self.n= 0.19224497656403727
        collect g,h time= 4.183506965637207
E=-9.906643495222992,dE=-2.110456737369759e-06,std=0
L=-9.906643495222992,dL=-2.110456737369759e-06,std=0
        gnorm= 0.00017186710264671678
        symmetric= True
        solver time=0.005066871643066406,exit status=0
        SR solver time= 0.005102634429931641
        symmetric= False
        niter= 38
        niter= 405
        solver time=0.11136126518249512,exit status=0
        RGN solver time= 0.11139631271362305
        xnorm=6.157193961771382,dnorm=0.030358787943823535
        dense amplitude time= 0.04695940017700195
        total non-zero amplitudes= 4900
        nsamples per process= 159
        sample time= 0.49523115158081055
        self.n= 0.19193773261744368
        RGN updated loss=-9.906645543248839,dloss=-2.0480258466903933e-06
step= 97

nparam= 1004
        dense amplitude time= 0.05785489082336426
        total non-zero amplitudes= 4900
        nsamples per process= 159
        sample time= 2.477968692779541
        self.n= 0.1919377326174436
        collect g,h time= 4.305741786956787
E=-9.906645543248837,dE=-2.0480258449140365e-06,std=0
L=-9.906645543248837,dL=-2.0480258449140365e-06,std=0
        gnorm= 0.00015742388807521402
        symmetric= True
        solver time=0.005162477493286133,exit status=0
        SR solver time= 0.0051991939544677734
        symmetric= False
        niter= 38
        niter= 405
        solver time=0.1073908805847168,exit status=0
        RGN solver time= 0.10742545127868652
        xnorm=6.158162001832544,dnorm=0.03006198712855095
        dense amplitude time= 0.04670095443725586
        total non-zero amplitudes= 4900
        nsamples per process= 159
        sample time= 0.4957389831542969
        self.n= 0.19165041260825472
        RGN updated loss=-9.906647554030801,dloss=-2.0107819640458047e-06
step= 98

nparam= 1004
        dense amplitude time= 0.052870750427246094
        total non-zero amplitudes= 4900
        nsamples per process= 159
        sample time= 2.428576707839966
        self.n= 0.19165041260825447
        collect g,h time= 4.171626806259155
E=-9.906647554030803,dE=-2.0107819658221615e-06,std=0
L=-9.906647554030803,dL=-2.0107819658221615e-06,std=0
        gnorm= 9.181132482231068e-05
        symmetric= True
        solver time=0.005010366439819336,exit status=0
        SR solver time= 0.00504755973815918
        symmetric= False
        niter= 36
        niter= 436
        solver time=0.11782288551330566,exit status=0
        RGN solver time= 0.11785244941711426
        xnorm=6.159014365006699,dnorm=0.02971556423305001
        dense amplitude time= 0.046827077865600586
        total non-zero amplitudes= 4900
        nsamples per process= 159
        sample time= 0.4964165687561035
        self.n= 0.1914104105263445
        RGN updated loss=-9.906649508176592,dloss=-1.954145789184736e-06
step= 99

nparam= 1004
        dense amplitude time= 0.0467984676361084
        total non-zero amplitudes= 4900
        nsamples per process= 159
        sample time= 2.4705774784088135
        self.n= 0.19141041052634414
        collect g,h time= 4.201550006866455
E=-9.90664950817659,dE=-1.954145787408379e-06,std=0
L=-9.90664950817659,dL=-1.954145787408379e-06,std=0
        gnorm= 0.0001201942479677187
        symmetric= True
        solver time=0.005065202713012695,exit status=0
        SR solver time= 0.005099773406982422
        symmetric= False
        niter= 37
        niter= 422
        solver time=0.11545634269714355,exit status=0
        RGN solver time= 0.11548995971679688
        xnorm=6.159853741705089,dnorm=0.029317244502887422
        dense amplitude time= 0.046799659729003906
        total non-zero amplitudes= 4900
        nsamples per process= 159
        sample time= 0.4977295398712158
        self.n= 0.19122638966804117
        RGN updated loss=-9.90665139874282,dloss=-1.8905662297896697e-06
(mpi4py) [rpeng@holy8a24301 pmg4]$
layer= 0
nparam= 660
hop_ls= [(1, 5), (1, 8), (1, 9), (1, 13), (5, 8), (5, 9), (5, 13), (8, 9), (8, 13), (9, 13)]

layer= 1
nparam= 144
hop_ls= [(9, 14), (1, 6), (2, 5), (2, 8), (2, 14), (13, 14), (6, 8), (6, 14), (5, 6), (8, 14), (1, 2), (1, 14), (2, 13), (6, 13), (5, 14), (2, 9), (2, 6), (6, 9)]

layer= 2
nparam= 152
hop_ls= [(6, 12), (4, 9), (4, 6), (4, 12), (12, 13), (0, 2), (5, 10), (0, 5), (8, 12), (0, 8), (0, 14), (10, 12), (1, 12), (4, 5), (4, 8), (4, 14), (5, 12), (0, 1), (9, 10), (2, 4), (0, 4), (0, 10), (0, 13), (2, 10), (10, 14), (6, 10), (12, 14), (4, 10), (4, 13), (9, 12), (0, 9), (8, 10), (1, 4), (0, 6), (0, 12), (2, 12), (1, 10), (10, 13)]

layer= 3
nparam= 48
hop_ls= [(6, 15), (3, 4), (3, 10), (5, 7), (4, 15), (3, 13), (9, 11), (11, 14), (1, 3), (2, 11), (8, 15), (0, 11), (10, 15), (1, 15), (6, 11), (7, 10), (7, 13), (3, 9), (12, 15), (3, 6), (3, 12), (4, 11), (14, 15), (8, 11), (0, 7), (5, 15), (10, 11), (2, 7), (1, 11), (11, 13), (7, 9), (6, 7), (7, 12), (4, 7), (3, 5), (3, 8), (3, 14), (5, 11), (0, 3), (9, 15), (2, 3), (11, 12), (1, 7), (0, 15), (2, 15), (13, 15), (7, 8), (7, 14)]

step= 100

nparam= 1004
ntotal configs= 4900
        dense amplitude time= 0.046835899353027344
        total non-zero amplitudes= 4900
        nsamples per process= 159
        sample time= 14.435123920440674
        self.n= 0.19122638966804129
        collect g,h time= 18.97393012046814
E=-9.90665139874282,dE=0,std=0
L=-9.90665139874282,dL=0,std=0
        gnorm= 0.000134524827919292
        symmetric= True
        solver time=0.009058713912963867,exit status=0
        SR solver time= 0.009155511856079102
        symmetric= False
        niter= 39
        niter= 409
        solver time=0.12825870513916016,exit status=0
        RGN solver time= 0.12829852104187012
        xnorm=6.160633127332948,dnorm=0.028896334385239263
        dense amplitude time= 0.04864001274108887
        total non-zero amplitudes= 4900
        nsamples per process= 159
        sample time= 0.5020036697387695
        self.n= 0.19105294118600524
        RGN updated loss=-9.906653233052616,dloss=-1.8343097956119436e-06
step= 101

nparam= 1004
        dense amplitude time= 0.0549015998840332
        total non-zero amplitudes= 4900
        nsamples per process= 159
        sample time= 2.539980173110962
        self.n= 0.19105294118600524
        collect g,h time= 4.436498403549194
E=-9.906653233052616,dE=-1.8343097956119436e-06,std=0
L=-9.906653233052616,dL=-1.8343097956119436e-06,std=0
        gnorm= 0.00011680637059476028
        symmetric= True
        solver time=0.005950927734375,exit status=0
        SR solver time= 0.005986928939819336
        symmetric= False
        niter= 39
        niter= 415
        solver time=0.11138749122619629,exit status=0
        RGN solver time= 0.11141514778137207
        xnorm=6.161349305826899,dnorm=0.028502779891181336
        dense amplitude time= 0.048185110092163086
        total non-zero amplitudes= 4900
        nsamples per process= 159
        sample time= 0.5808277130126953
        self.n= 0.1909378346779229
        RGN updated loss=-9.906655010512896,dloss=-1.7774602802944628e-06
step= 102

nparam= 1004
        dense amplitude time= 0.04666304588317871
        total non-zero amplitudes= 4900
        nsamples per process= 159
        sample time= 2.50119686126709
        self.n= 0.19093783467792275
        collect g,h time= 4.32722544670105
E=-9.906655010512896,dE=-1.7774602802944628e-06,std=0
L=-9.906655010512896,dL=-1.7774602802944628e-06,std=0
        gnorm= 0.0001064093182707549
        symmetric= True
        solver time=0.005539417266845703,exit status=0
        SR solver time= 0.005599021911621094
        symmetric= False
        niter= 37
        niter= 429
        solver time=0.11990976333618164,exit status=0
        RGN solver time= 0.11994242668151855
        xnorm=6.162030258290054,dnorm=0.028131930506722302
        dense amplitude time= 0.04850029945373535
        total non-zero amplitudes= 4900
        nsamples per process= 159
        sample time= 0.5023603439331055
        self.n= 0.19082202036487111
        RGN updated loss=-9.906656735500544,dloss=-1.7249876478331316e-06
step= 103

nparam= 1004
        dense amplitude time= 0.04989218711853027
        total non-zero amplitudes= 4900
        nsamples per process= 159
        sample time= 2.4773216247558594
        self.n= 0.190822020364871
        collect g,h time= 4.346782922744751
E=-9.906656735500544,dE=-1.7249876478331316e-06,std=0
L=-9.906656735500544,dL=-1.7249876478331316e-06,std=0
        gnorm= 9.448302736155657e-05
        symmetric= True
        solver time=0.005730628967285156,exit status=0
        SR solver time= 0.005764007568359375
        symmetric= False
        niter= 38
        niter= 432
        solver time=0.11867475509643555,exit status=0
        RGN solver time= 0.11870479583740234
        xnorm=6.162677435212479,dnorm=0.02767831191418845
        dense amplitude time= 0.04702877998352051
        total non-zero amplitudes= 4900
        nsamples per process= 159
        sample time= 0.5018937587738037
        self.n= 0.19081447092923276
        RGN updated loss=-9.906658399840332,dloss=-1.6643397877658117e-06
step= 104

nparam= 1004
        dense amplitude time= 0.04590272903442383
        total non-zero amplitudes= 4900
        nsamples per process= 159
        sample time= 2.4427168369293213
        self.n= 0.19081447092923293
        collect g,h time= 4.336442947387695
E=-9.90665839984033,dE=-1.6643397859894549e-06,std=0
L=-9.90665839984033,dL=-1.6643397859894549e-06,std=0
        gnorm= 0.00010888331751915557
        symmetric= True
        solver time=0.005209445953369141,exit status=0
        SR solver time= 0.005270719528198242
        symmetric= False
        niter= 37
        niter= 413
        solver time=0.11214542388916016,exit status=0
        RGN solver time= 0.11217951774597168
        xnorm=6.163307215962675,dnorm=0.027354454405936708
        dense amplitude time= 0.04827070236206055
        total non-zero amplitudes= 4900
        nsamples per process= 159
        sample time= 0.49787330627441406
        self.n= 0.1907796977060844
        RGN updated loss=-9.906660023350865,dloss=-1.623510534898287e-06
step= 105

nparam= 1004
        dense amplitude time= 0.04857611656188965
        total non-zero amplitudes= 4900
        nsamples per process= 159
        sample time= 2.448716402053833
        self.n= 0.19077969770608444
        collect g,h time= 4.447317123413086
E=-9.906660023350867,dE=-1.6235105366746438e-06,std=0
L=-9.906660023350867,dL=-1.6235105366746438e-06,std=0
        gnorm= 0.00011402234560789166
        symmetric= True
        solver time=0.0059947967529296875,exit status=0
        SR solver time= 0.006030559539794922
        symmetric= False
        niter= 40
        niter= 409
        solver time=0.11073565483093262,exit status=0
        RGN solver time= 0.11076593399047852
        xnorm=6.163858610135419,dnorm=0.027020541425051822
        dense amplitude time= 0.049046993255615234
        total non-zero amplitudes= 4900
        nsamples per process= 159
        sample time= 0.496671199798584
        self.n= 0.19081163867536208
        RGN updated loss=-9.906661594803898,dloss=-1.5714530317012532e-06
step= 106

nparam= 1004
        dense amplitude time= 0.04642295837402344
        total non-zero amplitudes= 4900
        nsamples per process= 159
        sample time= 2.470928192138672
        self.n= 0.19081163867536205
        collect g,h time= 4.448069334030151
E=-9.906661594803898,dE=-1.5714530317012532e-06,std=0
L=-9.906661594803898,dL=-1.5714530317012532e-06,std=0
        gnorm= 0.0001049483681307768
        symmetric= True
        solver time=0.005597591400146484,exit status=0
        SR solver time= 0.00563359260559082
        symmetric= False
        niter= 39
        niter= 409
        solver time=0.11066126823425293,exit status=0
        RGN solver time= 0.11069369316101074
        xnorm=6.1644279454368025,dnorm=0.026695603714640845
        dense amplitude time= 0.04855465888977051
        total non-zero amplitudes= 4900
        nsamples per process= 159
        sample time= 0.5786821842193604
        self.n= 0.1908435938314263
        RGN updated loss=-9.90666314176594,dloss=-1.5469620411323604e-06
step= 107

nparam= 1004
        dense amplitude time= 0.0486292839050293
        total non-zero amplitudes= 4900
        nsamples per process= 159
        sample time= 2.4836363792419434
        self.n= 0.19084359383142632
        collect g,h time= 4.362948656082153
E=-9.906663141765943,dE=-1.546962044685074e-06,std=0
L=-9.906663141765943,dL=-1.546962044685074e-06,std=0
        gnorm= 6.706138967289786e-05
        symmetric= True
        solver time=0.005272865295410156,exit status=0
        SR solver time= 0.0053369998931884766
        symmetric= False
        niter= 36
        niter= 436
        solver time=0.11956596374511719,exit status=0
        RGN solver time= 0.11959671974182129
        xnorm=6.164959571523827,dnorm=0.026332562658339154
        dense amplitude time= 0.048567771911621094
        total non-zero amplitudes= 4900
        nsamples per process= 159
        sample time= 0.4998748302459717
        self.n= 0.1909077588505519
        RGN updated loss=-9.906664635694034,dloss=-1.4939280905679198e-06
step= 108

nparam= 1004
        dense amplitude time= 0.04632234573364258
        total non-zero amplitudes= 4900
        nsamples per process= 159
        sample time= 2.4393503665924072
        self.n= 0.19090775885055195
        collect g,h time= 4.277076721191406
E=-9.906664635694032,dE=-1.493928088791563e-06,std=0
L=-9.906664635694032,dL=-1.493928088791563e-06,std=0
        gnorm= 8.84039001415225e-05
        symmetric= True
        solver time=0.005414009094238281,exit status=0
        SR solver time= 0.0054473876953125
        symmetric= False
        niter= 39
        niter= 425
        solver time=0.11631584167480469,exit status=0
        RGN solver time= 0.11634993553161621
        xnorm=6.165475862945952,dnorm=0.02599571223741788
        dense amplitude time= 0.048699140548706055
        total non-zero amplitudes= 4900
        nsamples per process= 159
        sample time= 0.4996006488800049
        self.n= 0.19100647908221505
        RGN updated loss=-9.906666083222932,dloss=-1.447528900300199e-06
step= 109

nparam= 1004
        dense amplitude time= 0.04709911346435547
        total non-zero amplitudes= 4900
        nsamples per process= 159
        sample time= 2.5282022953033447
        self.n= 0.19100647908221502
        collect g,h time= 4.304967164993286
E=-9.906666083222932,dE=-1.447528900300199e-06,std=0
L=-9.906666083222932,dL=-1.447528900300199e-06,std=0
        gnorm= 0.00041368514283455783
        symmetric= True
        solver time=0.006257295608520508,exit status=0
        SR solver time= 0.006294727325439453
        symmetric= False
        niter= 44
        niter= 343
        solver time=0.09365296363830566,exit status=0
        RGN solver time= 0.0937049388885498
        xnorm=6.165992209280798,dnorm=0.025714978306044273
        dense amplitude time= 0.04699063301086426
        total non-zero amplitudes= 4900
        nsamples per process= 159
        sample time= 0.5004394054412842
        self.n= 0.1911190972430445
        RGN updated loss=-9.906667492563795,dloss=-1.409340862679187e-06
step= 110

nparam= 1004
        dense amplitude time= 0.04788827896118164
        total non-zero amplitudes= 4900
        nsamples per process= 159
        sample time= 2.451026678085327
        self.n= 0.19111909724304454
        collect g,h time= 4.266629695892334
E=-9.906667492563791,dE=-1.4093408591264733e-06,std=0
L=-9.906667492563791,dL=-1.4093408591264733e-06,std=0
        gnorm= 0.00018955463946453624
        symmetric= True
        solver time=0.005997180938720703,exit status=0
        SR solver time= 0.0060329437255859375
        symmetric= False
        niter= 41
        niter= 376
        solver time=0.10893440246582031,exit status=0
        RGN solver time= 0.10896706581115723
        xnorm=6.166461615861143,dnorm=0.025415119281824865
        dense amplitude time= 0.04856467247009277
        total non-zero amplitudes= 4900
        nsamples per process= 159
        sample time= 0.500009298324585
        self.n= 0.19125687506354105
        RGN updated loss=-9.906668885807926,dloss=-1.393244135172722e-06
step= 111

nparam= 1004
        dense amplitude time= 0.06526899337768555
        total non-zero amplitudes= 4900
        nsamples per process= 159
        sample time= 2.476414442062378
        self.n= 0.191256875063541
        collect g,h time= 4.368922710418701
E=-9.906668885807925,dE=-1.3932441333963652e-06,std=0
L=-9.906668885807925,dL=-1.3932441333963652e-06,std=0
        gnorm= 8.54581462041436e-05
        symmetric= True
        solver time=0.0055539608001708984,exit status=0
        SR solver time= 0.0056154727935791016
        symmetric= False
        niter= 39
        niter= 427
        solver time=0.11850762367248535,exit status=0
        RGN solver time= 0.11853814125061035
        xnorm=6.166989046647624,dnorm=0.025167707066552587
        dense amplitude time= 0.04852747917175293
        total non-zero amplitudes= 4900
        nsamples per process= 159
        sample time= 0.5801906585693359
        self.n= 0.19140126968481402
        RGN updated loss=-9.906670257180172,dloss=-1.3713722477604051e-06
step= 112

nparam= 1004
        dense amplitude time= 0.05011177062988281
        total non-zero amplitudes= 4900
        nsamples per process= 159
        sample time= 2.4565162658691406
        self.n= 0.19140126968481397
        collect g,h time= 4.260041236877441
E=-9.906670257180172,dE=-1.3713722477604051e-06,std=0
L=-9.906670257180172,dL=-1.3713722477604051e-06,std=0
        gnorm= 0.0004154775014147793
        symmetric= True
        solver time=0.0061185359954833984,exit status=0
        SR solver time= 0.0061550140380859375
        symmetric= False
        niter= 44
        niter= 343
        solver time=0.09400725364685059,exit status=0
        RGN solver time= 0.09404611587524414
        xnorm=6.167482191527831,dnorm=0.024881330835763583
        dense amplitude time= 0.04873394966125488
        total non-zero amplitudes= 4900
        nsamples per process= 159
        sample time= 0.500279426574707
        self.n= 0.1915694412412975
        RGN updated loss=-9.906671565262249,dloss=-1.3080820764344026e-06
step= 113

nparam= 1004
        dense amplitude time= 0.04724931716918945
        total non-zero amplitudes= 4900
        nsamples per process= 159
        sample time= 2.521716356277466
        self.n= 0.1915694412412973
        collect g,h time= 4.417056560516357
E=-9.906671565262247,dE=-1.3080820746580457e-06,std=0
L=-9.906671565262247,dL=-1.3080820746580457e-06,std=0
        gnorm= 0.00017382130001581962
        symmetric= True
        solver time=0.005752086639404297,exit status=0
        SR solver time= 0.0057904720306396484
        symmetric= False
        niter= 40
        niter= 378
        solver time=0.10382246971130371,exit status=0
        RGN solver time= 0.10385394096374512
        xnorm=6.167982444782171,dnorm=0.024659167397694682
        dense amplitude time= 0.048372507095336914
        total non-zero amplitudes= 4900
        nsamples per process= 159
        sample time= 0.5017802715301514
        self.n= 0.19174885122391822
        RGN updated loss=-9.90667288802308,dloss=-1.3227608324228868e-06
step= 114

nparam= 1004
        dense amplitude time= 0.05313730239868164
        total non-zero amplitudes= 4900
        nsamples per process= 159
        sample time= 2.459784746170044
        self.n= 0.191748851223918
        collect g,h time= 4.317911624908447
E=-9.906672888023081,dE=-1.3227608341992436e-06,std=0
L=-9.906672888023081,dL=-1.3227608341992436e-06,std=0
        gnorm= 7.952161236192095e-05
        symmetric= True
        solver time=0.004973173141479492,exit status=0
        SR solver time= 0.005006551742553711
        symmetric= False
        niter= 37
        niter= 424
        solver time=0.11243391036987305,exit status=0
        RGN solver time= 0.11246585845947266
        xnorm=6.168493483715221,dnorm=0.024395499343634688
        dense amplitude time= 0.04868960380554199
        total non-zero amplitudes= 4900
        nsamples per process= 159
        sample time= 0.5017101764678955
        self.n= 0.1919541851080368
        RGN updated loss=-9.906674163067422,dloss=-1.2750443403319878e-06
step= 115

nparam= 1004
        dense amplitude time= 0.04630470275878906
        total non-zero amplitudes= 4900
        nsamples per process= 159
        sample time= 2.4349594116210938
        self.n= 0.19195418510803702
        collect g,h time= 4.273263692855835
E=-9.906674163067422,dE=-1.2750443403319878e-06,std=0
L=-9.906674163067422,dL=-1.2750443403319878e-06,std=0
        gnorm= 6.560237011320969e-05
        symmetric= True
        solver time=0.0049822330474853516,exit status=0
        SR solver time= 0.0050199031829833984
        symmetric= False
        niter= 37
        niter= 435
        solver time=0.12011051177978516,exit status=0
        RGN solver time= 0.12014174461364746
        xnorm=6.169018447653851,dnorm=0.02418884784934076
        dense amplitude time= 0.04851055145263672
        total non-zero amplitudes= 4900
        nsamples per process= 159
        sample time= 0.5014243125915527
        self.n= 0.19216124945068827
        RGN updated loss=-9.906675419939848,dloss=-1.2568724265804576e-06
step= 116

nparam= 1004
        dense amplitude time= 0.04852581024169922
        total non-zero amplitudes= 4900
        nsamples per process= 159
        sample time= 2.518836259841919
        self.n= 0.19216124945068813
        collect g,h time= 4.238076210021973
E=-9.906675419939848,dE=-1.2568724265804576e-06,std=0
L=-9.906675419939848,dL=-1.2568724265804576e-06,std=0
        gnorm= 7.124897198953352e-05
        symmetric= True
        solver time=0.005326986312866211,exit status=0
        SR solver time= 0.005362033843994141
        symmetric= False
        niter= 38
        niter= 427
        solver time=0.11619210243225098,exit status=0
        RGN solver time= 0.11622738838195801
        xnorm=6.169537455136599,dnorm=0.023985593380121656
        dense amplitude time= 0.048392295837402344
        total non-zero amplitudes= 4900
        nsamples per process= 159
        sample time= 0.507282018661499
        self.n= 0.19239212172512493
        RGN updated loss=-9.906676651141481,dloss=-1.2312016330895403e-06
step= 117

nparam= 1004
        dense amplitude time= 0.05912280082702637
        total non-zero amplitudes= 4900
        nsamples per process= 159
        sample time= 2.4594225883483887
        self.n= 0.19239212172512477
        collect g,h time= 4.347253084182739
E=-9.906676651141481,dE=-1.2312016330895403e-06,std=0
L=-9.906676651141481,dL=-1.2312016330895403e-06,std=0
        gnorm= 6.595136012688845e-05
        symmetric= True
        solver time=0.0054168701171875,exit status=0
        SR solver time= 0.0054531097412109375
        symmetric= False
        niter= 37
        niter= 433
        solver time=0.11737608909606934,exit status=0
        RGN solver time= 0.11740946769714355
        xnorm=6.1700670064495045,dnorm=0.0237722816696836
        dense amplitude time= 0.048604726791381836
        total non-zero amplitudes= 4900
        nsamples per process= 159
        sample time= 0.5044083595275879
        self.n= 0.19262666681981233
        RGN updated loss=-9.906677861394275,dloss=-1.210252793981681e-06
step= 118

nparam= 1004
        dense amplitude time= 0.057619333267211914
        total non-zero amplitudes= 4900
        nsamples per process= 159
        sample time= 2.48449969291687
        self.n= 0.19262666681981222
        collect g,h time= 4.308486223220825
E=-9.906677861394275,dE=-1.210252793981681e-06,std=0
L=-9.906677861394275,dL=-1.210252793981681e-06,std=0
        gnorm= 6.725004694272862e-05
        symmetric= True
        solver time=0.0051288604736328125,exit status=0
        SR solver time= 0.005164384841918945
        symmetric= False
        niter= 38
        niter= 426
        solver time=0.11449909210205078,exit status=0
        RGN solver time= 0.11452960968017578
        xnorm=6.170608641261447,dnorm=0.023577868173739604
        dense amplitude time= 0.04831838607788086
        total non-zero amplitudes= 4900
        nsamples per process= 159
        sample time= 0.5055088996887207
        self.n= 0.19288424793331144
        RGN updated loss=-9.906679052577289,dloss=-1.1911830135602486e-06
step= 119

nparam= 1004
        dense amplitude time= 0.047846078872680664
        total non-zero amplitudes= 4900
        nsamples per process= 159
        sample time= 2.450472593307495
        self.n= 0.19288424793331138
        collect g,h time= 4.288218259811401
E=-9.906679052577289,dE=-1.1911830135602486e-06,std=0
L=-9.906679052577289,dL=-1.1911830135602486e-06,std=0
        gnorm= 6.811980873348197e-05
        symmetric= True
        solver time=0.0054895877838134766,exit status=0
        SR solver time= 0.005523681640625
        symmetric= False
        niter= 37
        niter= 430
        solver time=0.11737585067749023,exit status=0
        RGN solver time= 0.11740899085998535
        xnorm=6.171183521571666,dnorm=0.02339236892426876
        dense amplitude time= 0.04839205741882324
        total non-zero amplitudes= 4900
        nsamples per process= 159
        sample time= 0.5034325122833252
        self.n= 0.19314547474255198
        RGN updated loss=-9.906680224174263,dloss=-1.171596974103295e-06
step= 120

nparam= 1004
        dense amplitude time= 0.05276226997375488
        total non-zero amplitudes= 4900
        nsamples per process= 159
        sample time= 2.4617161750793457
        self.n= 0.19314547474255206
        collect g,h time= 4.2792816162109375
E=-9.906680224174263,dE=-1.171596974103295e-06,std=0
L=-9.906680224174263,dL=-1.171596974103295e-06,std=0
        gnorm= 5.986568140621742e-05
        symmetric= True
        solver time=0.005196571350097656,exit status=0
        SR solver time= 0.005231618881225586
        symmetric= False
        niter= 37
        niter= 435
        solver time=0.12000465393066406,exit status=0
        RGN solver time= 0.12003278732299805
        xnorm=6.171767855670458,dnorm=0.023220108600377844
        dense amplitude time= 0.04854893684387207
        total non-zero amplitudes= 4900
        nsamples per process= 159
        sample time= 0.5019321441650391
        self.n= 0.1934233854160327
        RGN updated loss=-9.906681380172598,dloss=-1.155998335278241e-06
step= 121

nparam= 1004
        dense amplitude time= 0.06202864646911621
        total non-zero amplitudes= 4900
        nsamples per process= 159
        sample time= 2.4620652198791504
        self.n= 0.19342338541603285
        collect g,h time= 4.261569976806641
E=-9.9066813801726,dE=-1.1559983370545979e-06,std=0
L=-9.9066813801726,dL=-1.1559983370545979e-06,std=0
        gnorm= 5.459687753816435e-05
        symmetric= True
        solver time=0.0048220157623291016,exit status=0
        SR solver time= 0.004857063293457031
        symmetric= False
        niter= 35
        niter= 436
        solver time=0.11601638793945312,exit status=0
        RGN solver time= 0.11605000495910645
        xnorm=6.1723900316170885,dnorm=0.023066385368518526
        dense amplitude time= 0.04837942123413086
        total non-zero amplitudes= 4900
        nsamples per process= 159
        sample time= 0.5009181499481201
        self.n= 0.19371988559209724
        RGN updated loss=-9.906682514875932,dloss=-1.1347033321840172e-06
step= 122

nparam= 1004
        dense amplitude time= 0.059253692626953125
        total non-zero amplitudes= 4900
        nsamples per process= 159
        sample time= 2.420132637023926
        self.n= 0.19371988559209702
        collect g,h time= 4.35796594619751
E=-9.906682514875936,dE=-1.1347033357367309e-06,std=0
L=-9.906682514875936,dL=-1.1347033357367309e-06,std=0
        gnorm= 0.0001851180765263625
        symmetric= True
        solver time=0.006284236907958984,exit status=0
        SR solver time= 0.006346940994262695
        symmetric= False
        niter= 44
        niter= 374
        solver time=0.10198163986206055,exit status=0
        RGN solver time= 0.10201573371887207
        xnorm=6.173012977427205,dnorm=0.02289550979365141
        dense amplitude time= 0.048519134521484375
        total non-zero amplitudes= 4900
        nsamples per process= 159
        sample time= 0.5008025169372559
        self.n= 0.19402893376723895
        RGN updated loss=-9.906683625573333,dloss=-1.1106973971664047e-06
step= 123

nparam= 1004
        dense amplitude time= 0.04900193214416504
        total non-zero amplitudes= 4900
        nsamples per process= 159
        sample time= 2.4325804710388184
        self.n= 0.1940289337672389
        collect g,h time= 4.386158466339111
E=-9.906683625573335,dE=-1.1106973989427615e-06,std=0
L=-9.906683625573335,dL=-1.1106973989427615e-06,std=0
        gnorm= 0.00013056933192431117
        symmetric= True
        solver time=0.005628347396850586,exit status=0
        SR solver time= 0.005662679672241211
        symmetric= False
        niter= 41
        niter= 392
        solver time=0.10503840446472168,exit status=0
        RGN solver time= 0.10506868362426758
        xnorm=6.173681723483923,dnorm=0.022760263069027738
        dense amplitude time= 0.0485379695892334
        total non-zero amplitudes= 4900
        nsamples per process= 159
        sample time= 0.5010495185852051
        self.n= 0.19435795123984345
        RGN updated loss=-9.906684736564598,dloss=-1.1109912634310604e-06
step= 124

nparam= 1004
        dense amplitude time= 0.059752464294433594
        total non-zero amplitudes= 4900
        nsamples per process= 159
        sample time= 2.450255870819092
        self.n= 0.19435795123984353
        collect g,h time= 4.3269572257995605
E=-9.906684736564598,dE=-1.1109912634310604e-06,std=0
L=-9.906684736564598,dL=-1.1109912634310604e-06,std=0
        gnorm= 0.0001764800487636681
        symmetric= True
        solver time=0.005986452102661133,exit status=0
        SR solver time= 0.0060236454010009766
        symmetric= False
        niter= 44
        niter= 374
        solver time=0.10055303573608398,exit status=0
        RGN solver time= 0.1005852222442627
        xnorm=6.174372704001241,dnorm=0.022588944136777336
        dense amplitude time= 0.04843711853027344
        total non-zero amplitudes= 4900
        nsamples per process= 159
        sample time= 0.5020847320556641
        self.n= 0.1946732018372866
        RGN updated loss=-9.906685827812893,dloss=-1.0912482952818436e-06
step= 125

nparam= 1004
        dense amplitude time= 0.05602216720581055
        total non-zero amplitudes= 4900
        nsamples per process= 159
        sample time= 2.4265530109405518
        self.n= 0.19467320183728687
        collect g,h time= 4.290328025817871
E=-9.906685827812892,dE=-1.0912482935054868e-06,std=0
L=-9.906685827812892,dL=-1.0912482935054868e-06,std=0
        gnorm= 0.00012026702315959153
        symmetric= True
        solver time=0.0056383609771728516,exit status=0
        SR solver time= 0.005672931671142578
        symmetric= False
        niter= 41
        niter= 391
        solver time=0.10605812072753906,exit status=0
        RGN solver time= 0.10608696937561035
        xnorm=6.175122333710249,dnorm=0.022449287942673382
        dense amplitude time= 0.04845738410949707
        total non-zero amplitudes= 4900
        nsamples per process= 159
        sample time= 0.5070710182189941
        self.n= 0.19502778232151163
        RGN updated loss=-9.90668690427475,dloss=-1.0764618583181118e-06
step= 126

nparam= 1004
        dense amplitude time= 0.04710030555725098
        total non-zero amplitudes= 4900
        nsamples per process= 159
        sample time= 2.520672559738159
        self.n= 0.1950277823215119
        collect g,h time= 4.2757649421691895
E=-9.90668690427475,dE=-1.0764618583181118e-06,std=0
L=-9.90668690427475,dL=-1.0764618583181118e-06,std=0
        gnorm= 9.658509503347437e-05
        symmetric= True
        solver time=0.005191802978515625,exit status=0
        SR solver time= 0.005227088928222656
        symmetric= False
        niter= 39
        niter= 405
        solver time=0.10924816131591797,exit status=0
        RGN solver time= 0.10927629470825195
        xnorm=6.175902213876767,dnorm=0.022295816910529898
        dense amplitude time= 0.04873490333557129
        total non-zero amplitudes= 4900
        nsamples per process= 159
        sample time= 0.5046117305755615
        self.n= 0.19537962004689424
        RGN updated loss=-9.906687976591336,dloss=-1.0723165857484673e-06
step= 127

nparam= 1004
        dense amplitude time= 0.0532071590423584
        total non-zero amplitudes= 4900
        nsamples per process= 159
        sample time= 2.443448781967163
        self.n= 0.19537962004689424
        collect g,h time= 4.4273059368133545
E=-9.906687976591336,dE=-1.0723165857484673e-06,std=0
L=-9.906687976591336,dL=-1.0723165857484673e-06,std=0
        gnorm= 0.0002101039966288731
        symmetric= True
        solver time=0.006145954132080078,exit status=0
        SR solver time= 0.006184577941894531
        symmetric= False
        niter= 44
        niter= 372
        solver time=0.09995484352111816,exit status=0
        RGN solver time= 0.09998750686645508
        xnorm=6.176704969622137,dnorm=0.022223238117886644
        dense amplitude time= 0.04840970039367676
        total non-zero amplitudes= 4900
        nsamples per process= 159
        sample time= 0.5051453113555908
        self.n= 0.1957535046668224
        RGN updated loss=-9.906689011518461,dloss=-1.0349271253318193e-06
step= 128

nparam= 1004
        dense amplitude time= 0.0454249382019043
        total non-zero amplitudes= 4900
        nsamples per process= 159
        sample time= 2.4851694107055664
        self.n= 0.19575350466682206
        collect g,h time= 4.288263320922852
E=-9.906689011518461,dE=-1.0349271253318193e-06,std=0
L=-9.906689011518461,dL=-1.0349271253318193e-06,std=0
        gnorm= 0.0001408685290438382
        symmetric= True
        solver time=0.005681276321411133,exit status=0
        SR solver time= 0.0057184696197509766
        symmetric= False
        niter= 43
        niter= 377
        solver time=0.10138869285583496,exit status=0
        RGN solver time= 0.10142016410827637
        xnorm=6.177474272164078,dnorm=0.02209384502604544
        dense amplitude time= 0.04835963249206543
        total non-zero amplitudes= 4900
        nsamples per process= 159
        sample time= 0.5062625408172607
        self.n= 0.19614194207269983
        RGN updated loss=-9.906690070122012,dloss=-1.0586035514847936e-06
step= 129

nparam= 1004
        dense amplitude time= 0.05650830268859863
        total non-zero amplitudes= 4900
        nsamples per process= 159
        sample time= 2.4505958557128906
        self.n= 0.19614194207269975
        collect g,h time= 4.3778815269470215
E=-9.906690070122012,dE=-1.0586035514847936e-06,std=0
L=-9.906690070122012,dL=-1.0586035514847936e-06,std=0
        gnorm= 0.00013821870860668294
        symmetric= True
        solver time=0.00574183464050293,exit status=0
        SR solver time= 0.005776166915893555
        symmetric= False
        niter= 43
        niter= 379
        solver time=0.10188436508178711,exit status=0
        RGN solver time= 0.10191535949707031
        xnorm=6.178346147726529,dnorm=0.021970399674401047
        dense amplitude time= 0.048682212829589844
        total non-zero amplitudes= 4900
        nsamples per process= 159
        sample time= 0.5042810440063477
        self.n= 0.1965388485783574
        RGN updated loss=-9.906691094273851,dloss=-1.0241518388909299e-06
step= 130

nparam= 1004
        dense amplitude time= 0.05868816375732422
        total non-zero amplitudes= 4900
        nsamples per process= 159
        sample time= 2.4523046016693115
        self.n= 0.1965388485783575
        collect g,h time= 4.393387079238892
E=-9.906691094273853,dE=-1.0241518406672867e-06,std=0
L=-9.906691094273853,dL=-1.0241518406672867e-06,std=0
        gnorm= 0.0001990826431349437
        symmetric= True
        solver time=0.006463050842285156,exit status=0
        SR solver time= 0.0065288543701171875
        symmetric= False
        niter= 44
        niter= 374
        solver time=0.1028604507446289,exit status=0
        RGN solver time= 0.10289454460144043
        xnorm=6.179231602787621,dnorm=0.02193257106687853
        dense amplitude time= 0.04834604263305664
        total non-zero amplitudes= 4900
        nsamples per process= 159
        sample time= 0.585552453994751
        self.n= 0.1969457322664912
        RGN updated loss=-9.906692120123619,dloss=-1.025849766023157e-06
step= 131

nparam= 1004
        dense amplitude time= 0.06445598602294922
        total non-zero amplitudes= 4900
        nsamples per process= 159
        sample time= 2.483797550201416
        self.n= 0.19694573226649123
        collect g,h time= 4.2943806648254395
E=-9.90669212012362,dE=-1.0258497677995138e-06,std=0
L=-9.90669212012362,dL=-1.0258497677995138e-06,std=0
        gnorm= 0.000183647351702282
        symmetric= True
        solver time=0.005748748779296875,exit status=0
        SR solver time= 0.0057833194732666016
        symmetric= False
        niter= 44
        niter= 374
        solver time=0.10154533386230469,exit status=0
        RGN solver time= 0.1015787124633789
        xnorm=6.180114904457729,dnorm=0.021782899352669884
        dense amplitude time= 0.048346519470214844
        total non-zero amplitudes= 4900
        nsamples per process= 159
        sample time= 0.5068726539611816
        self.n= 0.19738524125270393
        RGN updated loss=-9.906693124513017,dloss=-1.0043893965416828e-06
step= 132

nparam= 1004
        dense amplitude time= 0.04608011245727539
        total non-zero amplitudes= 4900
        nsamples per process= 159
        sample time= 2.4274420738220215
        self.n= 0.19738524125270382
        collect g,h time= 4.2977306842803955
E=-9.906693124513017,dE=-1.0043893965416828e-06,std=0
L=-9.906693124513017,dL=-1.0043893965416828e-06,std=0
        gnorm= 0.00011167160976459866
        symmetric= True
        solver time=0.005741119384765625,exit status=0
        SR solver time= 0.00577545166015625
        symmetric= False
        niter= 42
        niter= 398
        solver time=0.10702013969421387,exit status=0
        RGN solver time= 0.10705280303955078
        xnorm=6.181071483727765,dnorm=0.021675843038470706
        dense amplitude time= 0.04857301712036133
        total non-zero amplitudes= 4900
        nsamples per process= 159
        sample time= 0.5045280456542969
        self.n= 0.19780347060319234
        RGN updated loss=-9.906694147866514,dloss=-1.0233534961656687e-06
step= 133

nparam= 1004
        dense amplitude time= 0.05603432655334473
        total non-zero amplitudes= 4900
        nsamples per process= 159
        sample time= 2.464613676071167
        self.n= 0.1978034706031921
        collect g,h time= 4.345007419586182
E=-9.906694147866514,dE=-1.0233534961656687e-06,std=0
L=-9.906694147866514,dL=-1.0233534961656687e-06,std=0
        gnorm= 4.640236068064752e-05
        symmetric= True
        solver time=0.005090951919555664,exit status=0
        SR solver time= 0.0051250457763671875
        symmetric= False
        niter= 36
        niter= 436
        solver time=0.12050175666809082,exit status=0
        RGN solver time= 0.12053656578063965
        xnorm=6.182061608027603,dnorm=0.02157310562127351
        dense amplitude time= 0.048426151275634766
        total non-zero amplitudes= 4900
        nsamples per process= 159
        sample time= 0.5033390522003174
        self.n= 0.19823351684397578
        RGN updated loss=-9.906695145190922,dloss=-9.973244079475307e-07
step= 134

nparam= 1004
        dense amplitude time= 0.0607602596282959
        total non-zero amplitudes= 4900
        nsamples per process= 159
        sample time= 2.4954514503479004
        self.n= 0.19823351684397572
        collect g,h time= 4.310842752456665
E=-9.906695145190923,dE=-9.973244097238876e-07,std=0
L=-9.906695145190923,dL=-9.973244097238876e-07,std=0
        gnorm= 9.562743314945516e-05
        symmetric= True
        solver time=0.005362510681152344,exit status=0
        SR solver time= 0.005396127700805664
        symmetric= False
        niter= 40
        niter= 402
        solver time=0.1082911491394043,exit status=0
        RGN solver time= 0.1083223819732666
        xnorm=6.183056396930269,dnorm=0.02150988549135466
        dense amplitude time= 0.04839015007019043
        total non-zero amplitudes= 4900
        nsamples per process= 159
        sample time= 0.5049028396606445
        self.n= 0.1986855227742988
        RGN updated loss=-9.906696126090571,dloss=-9.80899647728961e-07
step= 135

nparam= 1004
        dense amplitude time= 0.05703282356262207
        total non-zero amplitudes= 4900
        nsamples per process= 159
        sample time= 2.4997191429138184
        self.n= 0.19868552277429885
        collect g,h time= 4.3522186279296875
E=-9.906696126090567,dE=-9.808996441762474e-07,std=0
L=-9.906696126090567,dL=-9.808996441762474e-07,std=0
        gnorm= 7.129216594068357e-05
        symmetric= True
        solver time=0.005257606506347656,exit status=0
        SR solver time= 0.005297422409057617
        symmetric= False
        niter= 38
        niter= 405
        solver time=0.1109616756439209,exit status=0
        RGN solver time= 0.11099481582641602
        xnorm=6.184113011897928,dnorm=0.02139214468480944
        dense amplitude time= 0.04837322235107422
        total non-zero amplitudes= 4900
        nsamples per process= 159
        sample time= 0.5043678283691406
        self.n= 0.19912817300648444
        RGN updated loss=-9.906697113122862,dloss=-9.870322941196719e-07
step= 136

nparam= 1004
        dense amplitude time= 0.046556949615478516
        total non-zero amplitudes= 4900
        nsamples per process= 159
        sample time= 2.5183451175689697
        self.n= 0.19912817300648453
        collect g,h time= 4.267792701721191
E=-9.90669711312286,dE=-9.87032292343315e-07,std=0
L=-9.90669711312286,dL=-9.87032292343315e-07,std=0
        gnorm= 4.669225103358776e-05
        symmetric= True
        solver time=0.00484466552734375,exit status=0
        SR solver time= 0.004879951477050781
        symmetric= False
        niter= 35
        niter= 433
        solver time=0.12148451805114746,exit status=0
        RGN solver time= 0.1215200424194336
        xnorm=6.1851803625661255,dnorm=0.02127849375086676
        dense amplitude time= 0.04826617240905762
        total non-zero amplitudes= 4900
        nsamples per process= 159
        sample time= 0.5041124820709229
        self.n= 0.19958813917957477
        RGN updated loss=-9.906698084219096,dloss=-9.710962363129738e-07
step= 137

nparam= 1004
        dense amplitude time= 0.04576468467712402
        total non-zero amplitudes= 4900
        nsamples per process= 159
        sample time= 2.51358962059021
        self.n= 0.19958813917957513
        collect g,h time= 4.324401378631592
E=-9.906698084219096,dE=-9.710962363129738e-07,std=0
L=-9.906698084219096,dL=-9.710962363129738e-07,std=0
        gnorm= 0.00015694115880522915
        symmetric= True
        solver time=0.005839109420776367,exit status=0
        SR solver time= 0.005874156951904297
        symmetric= False
        niter= 42
        niter= 378
        solver time=0.10065007209777832,exit status=0
        RGN solver time= 0.10068106651306152
        xnorm=6.186308225660595,dnorm=0.021446903892018455
        dense amplitude time= 0.04856395721435547
        total non-zero amplitudes= 4900
        nsamples per process= 159
        sample time= 0.5019316673278809
        self.n= 0.2000422068243343
        RGN updated loss=-9.906699017177546,dloss=-9.329584500505916e-07
step= 138

nparam= 1004
        dense amplitude time= 0.05590677261352539
        total non-zero amplitudes= 4900
        nsamples per process= 159
        sample time= 2.488102674484253
        self.n= 0.20004220682433432
        collect g,h time= 4.303614377975464
E=-9.90669901717755,dE=-9.329584536033053e-07,std=0
L=-9.90669901717755,dL=-9.329584536033053e-07,std=0
        gnorm= 0.0001447012913330033
        symmetric= True
        solver time=0.005971431732177734,exit status=0
        SR solver time= 0.0060117244720458984
        symmetric= False
        niter= 43
        niter= 384
        solver time=0.10503292083740234,exit status=0
        RGN solver time= 0.10506200790405273
        xnorm=6.187642396200283,dnorm=0.02124096616156962
        dense amplitude time= 0.04851412773132324
        total non-zero amplitudes= 4900
        nsamples per process= 159
        sample time= 0.5042705535888672
        self.n= 0.20047847487786816
        RGN updated loss=-9.90669998362604,dloss=-9.664484910132387e-07
step= 139

nparam= 1004
        dense amplitude time= 0.0465693473815918
        total non-zero amplitudes= 4900
        nsamples per process= 159
        sample time= 2.4863712787628174
        self.n= 0.20047847487786846
        collect g,h time= 4.333487272262573
E=-9.906699983626037,dE=-9.66448487460525e-07,std=0
L=-9.906699983626037,dL=-9.66448487460525e-07,std=0
        gnorm= 8.870950981804917e-05
        symmetric= True
        solver time=0.0055310726165771484,exit status=0
        SR solver time= 0.005566835403442383
        symmetric= False
        niter= 41
        niter= 405
        solver time=0.10920166969299316,exit status=0
        RGN solver time= 0.10923528671264648
        xnorm=6.188736215290063,dnorm=0.021074205270912864
        dense amplitude time= 0.04824709892272949
        total non-zero amplitudes= 4900
        nsamples per process= 159
        sample time= 0.503739595413208
        self.n= 0.20100161592747412
        RGN updated loss=-9.906700942240773,dloss=-9.586147360352015e-07
step= 140

nparam= 1004
        dense amplitude time= 0.04712820053100586
        total non-zero amplitudes= 4900
        nsamples per process= 159
        sample time= 2.488511085510254
        self.n= 0.20100161592747412
        collect g,h time= 4.347640752792358
E=-9.906700942240771,dE=-9.586147342588447e-07,std=0
L=-9.906700942240771,dL=-9.586147342588447e-07,std=0
        gnorm= 0.00014361678875498868
        symmetric= True
        solver time=0.005660057067871094,exit status=0
        SR solver time= 0.005700588226318359
        symmetric= False
        niter= 42
        niter= 374
        solver time=0.10177373886108398,exit status=0
        RGN solver time= 0.10180521011352539
        xnorm=6.19008437190143,dnorm=0.02105274089982968
        dense amplitude time= 0.048433780670166016
        total non-zero amplitudes= 4900
        nsamples per process= 159
        sample time= 0.5037610530853271
        self.n= 0.20155061267498836
        RGN updated loss=-9.906701884550534,dloss=-9.4230976266374e-07
step= 141

nparam= 1004
        dense amplitude time= 0.06781339645385742
        total non-zero amplitudes= 4900
        nsamples per process= 159
        sample time= 2.4984867572784424
        self.n= 0.2015506126749879
        collect g,h time= 4.362481594085693
E=-9.906701884550534,dE=-9.4230976266374e-07,std=0
L=-9.906701884550534,dL=-9.4230976266374e-07,std=0
        gnorm= 0.0003153985415538377
        symmetric= True
        solver time=0.005789041519165039,exit status=0
        SR solver time= 0.005826711654663086
        symmetric= False
        niter= 40
        niter= 357
        solver time=0.09827542304992676,exit status=0
        RGN solver time= 0.0983121395111084
        xnorm=6.19125164757613,dnorm=0.021043699178865956
        dense amplitude time= 0.04846477508544922
        total non-zero amplitudes= 4900
        nsamples per process= 159
        sample time= 0.5017271041870117
        self.n= 0.20196820322148407
        RGN updated loss=-9.906702742375119,dloss=-8.57824584699074e-07
step= 142

nparam= 1004
        dense amplitude time= 0.04592299461364746
        total non-zero amplitudes= 4900
        nsamples per process= 159
        sample time= 2.4642856121063232
        self.n= 0.20196820322148407
        collect g,h time= 4.330524444580078
E=-9.90670274237512,dE=-8.578245864754308e-07,std=0
L=-9.90670274237512,dL=-8.578245864754308e-07,std=0
        gnorm= 0.00014427258005536626
        symmetric= True
        solver time=0.005794048309326172,exit status=0
        SR solver time= 0.005829572677612305
        symmetric= False
        niter= 44
        niter= 377
        solver time=0.1014394760131836,exit status=0
        RGN solver time= 0.10147309303283691
        xnorm=6.192641615335642,dnorm=0.02098159537132583
        dense amplitude time= 0.04844522476196289
        total non-zero amplitudes= 4900
        nsamples per process= 159
        sample time= 0.5023024082183838
        self.n= 0.20256320438470693
        RGN updated loss=-9.906703765151248,dloss=-1.0227761269021585e-06
step= 143

nparam= 1004
        dense amplitude time= 0.05410313606262207
        total non-zero amplitudes= 4900
        nsamples per process= 159
        sample time= 2.530628204345703
        self.n= 0.20256320438470712
        collect g,h time= 4.2613525390625
E=-9.906703765151248,dE=-1.0227761269021585e-06,std=0
L=-9.906703765151248,dL=-1.0227761269021585e-06,std=0
        gnorm= 0.00019093340376666866
        symmetric= True
        solver time=0.006029844284057617,exit status=0
        SR solver time= 0.006064414978027344
        symmetric= False
        niter= 44
        niter= 371
        solver time=0.10029268264770508,exit status=0
        RGN solver time= 0.1003267765045166
        xnorm=6.193912626306477,dnorm=0.020905834656579032
        dense amplitude time= 0.04845881462097168
        total non-zero amplitudes= 4900
        nsamples per process= 159
        sample time= 0.5030994415283203
        self.n= 0.20306734932022708
        RGN updated loss=-9.906704666996172,dloss=-9.018449240727477e-07
step= 144

nparam= 1004
        dense amplitude time= 0.0562748908996582
        total non-zero amplitudes= 4900
        nsamples per process= 159
        sample time= 2.433643341064453
        self.n= 0.20306734932022724
        collect g,h time= 4.267857074737549
E=-9.90670466699617,dE=-9.018449222963909e-07,std=0
L=-9.90670466699617,dL=-9.018449222963909e-07,std=0
        gnorm= 0.00011164870653139234
        symmetric= True
        solver time=0.005751609802246094,exit status=0
        SR solver time= 0.005786895751953125
        symmetric= False
        niter= 42
        niter= 388
        solver time=0.10569000244140625,exit status=0
        RGN solver time= 0.10572957992553711
        xnorm=6.195217153723017,dnorm=0.020816240814592865
        dense amplitude time= 0.0487515926361084
        total non-zero amplitudes= 4900
        nsamples per process= 159
        sample time= 0.5035233497619629
        self.n= 0.20366825997642146
        RGN updated loss=-9.906705625191577,dloss=-9.581954074633359e-07
step= 145

nparam= 1004
        dense amplitude time= 0.04716134071350098
        total non-zero amplitudes= 4900
        nsamples per process= 159
        sample time= 2.450800657272339
        self.n= 0.20366825997642113
        collect g,h time= 4.287967205047607
E=-9.90670562519158,dE=-9.581954110160495e-07,std=0
L=-9.90670562519158,dL=-9.581954110160495e-07,std=0
        gnorm= 9.954323909812195e-05
        symmetric= True
        solver time=0.0053746700286865234,exit status=0
        SR solver time= 0.005409717559814453
        symmetric= False
        niter= 40
        niter= 394
        solver time=0.10577869415283203,exit status=0
        RGN solver time= 0.10580992698669434
        xnorm=6.196598085413912,dnorm=0.020773156034546464
        dense amplitude time= 0.04820609092712402
        total non-zero amplitudes= 4900
        nsamples per process= 159
        sample time= 0.5027134418487549
        self.n= 0.20426344694715942
        RGN updated loss=-9.90670654522741,dloss=-9.200358288552479e-07
step= 146

nparam= 1004
        dense amplitude time= 0.059534549713134766
        total non-zero amplitudes= 4900
        nsamples per process= 159
        sample time= 2.476377010345459
        self.n= 0.20426344694715953
        collect g,h time= 4.356623649597168
E=-9.90670654522741,dE=-9.200358288552479e-07,std=0
L=-9.90670654522741,dL=-9.200358288552479e-07,std=0
        gnorm= 0.00017854655076616056
        symmetric= True
        solver time=0.0059986114501953125,exit status=0
        SR solver time= 0.006033897399902344
        symmetric= False
        niter= 44
        niter= 369
        solver time=0.10022330284118652,exit status=0
        RGN solver time= 0.10025930404663086
        xnorm=6.198022697979154,dnorm=0.020725984731875112
        dense amplitude time= 0.04860258102416992
        total non-zero amplitudes= 4900
        nsamples per process= 159
        sample time= 0.5040333271026611
        self.n= 0.20481790412640621
        RGN updated loss=-9.906707454536111,dloss=-9.093087012246315e-07
step= 147

nparam= 1004
        dense amplitude time= 0.058271169662475586
        total non-zero amplitudes= 4900
        nsamples per process= 159
        sample time= 2.4552536010742188
        self.n= 0.20481790412640632
        collect g,h time= 4.331968784332275
E=-9.906707454536111,dE=-9.093087012246315e-07,std=0
L=-9.906707454536111,dL=-9.093087012246315e-07,std=0
        gnorm= 0.00011909944826898303
        symmetric= True
        solver time=0.005526065826416016,exit status=0
        SR solver time= 0.00556182861328125
        symmetric= False
        niter= 42
        niter= 378
        solver time=0.10123562812805176,exit status=0
        RGN solver time= 0.10126948356628418
        xnorm=6.199451630847742,dnorm=0.0206858785691187
        dense amplitude time= 0.048362016677856445
        total non-zero amplitudes= 4900
        nsamples per process= 159
        sample time= 0.5027270317077637
        self.n= 0.20541269763961553
        RGN updated loss=-9.906708371249136,dloss=-9.167130254894573e-07
step= 148

nparam= 1004
        dense amplitude time= 0.04599499702453613
        total non-zero amplitudes= 4900
        nsamples per process= 159
        sample time= 2.443249225616455
        self.n= 0.20541269763961578
        collect g,h time= 4.28908634185791
E=-9.906708371249136,dE=-9.167130254894573e-07,std=0
L=-9.906708371249136,dL=-9.167130254894573e-07,std=0
        gnorm= 8.227666438744393e-05
        symmetric= True
        solver time=0.005453348159790039,exit status=0
        SR solver time= 0.00548863410949707
        symmetric= False
        niter= 39
        niter= 403
        solver time=0.1103665828704834,exit status=0
        RGN solver time= 0.1103978157043457
        xnorm=6.2009933130408434,dnorm=0.020584447241689008
        dense amplitude time= 0.04841184616088867
        total non-zero amplitudes= 4900
        nsamples per process= 159
        sample time= 0.500971794128418
        self.n= 0.2060024479506833
        RGN updated loss=-9.906709294914743,dloss=-9.236656062228121e-07
step= 149

nparam= 1004
        dense amplitude time= 0.05373239517211914
        total non-zero amplitudes= 4900
        nsamples per process= 159
        sample time= 2.4831643104553223
        self.n= 0.20600244795068345
        collect g,h time= 4.253196954727173
E=-9.90670929491474,dE=-9.236656044464553e-07,std=0
L=-9.90670929491474,dL=-9.236656044464553e-07,std=0
        gnorm= 0.00017837329213678892
        symmetric= True
        solver time=0.005826711654663086,exit status=0
        SR solver time= 0.005861759185791016
        symmetric= False
        niter= 44
        niter= 366
        solver time=0.09871459007263184,exit status=0
        RGN solver time= 0.09874725341796875
        xnorm=6.202500710137017,dnorm=0.020547228110455604
        dense amplitude time= 0.048354387283325195
        total non-zero amplitudes= 4900
        nsamples per process= 159
        sample time= 0.5036213397979736
        self.n= 0.2065872761098757
        RGN updated loss=-9.90671017375723,dloss=-8.788424885608492e-07
(mpi4py) [rpeng@holy8a24301 pmg4]$
layer= 0
nparam= 660
hop_ls= [(1, 5), (1, 8), (1, 9), (1, 13), (5, 8), (5, 9), (5, 13), (8, 9), (8, 13), (9, 13)]

layer= 1
nparam= 144
hop_ls= [(9, 14), (1, 6), (2, 5), (2, 8), (2, 14), (13, 14), (6, 8), (6, 14), (5, 6), (8, 14), (1, 2), (1, 14), (2, 13), (6, 13), (5, 14), (2, 9), (2, 6), (6, 9)]

layer= 2
nparam= 152
hop_ls= [(6, 12), (4, 9), (4, 6), (4, 12), (12, 13), (0, 2), (5, 10), (0, 5), (8, 12), (0, 8), (0, 14), (10, 12), (1, 12), (4, 5), (4, 8), (4, 14), (5, 12), (0, 1), (9, 10), (2, 4), (0, 4), (0, 10), (0, 13), (2, 10), (10, 14), (6, 10), (12, 14), (4, 10), (4, 13), (9, 12), (0, 9), (8, 10), (1, 4), (0, 6), (0, 12), (2, 12), (1, 10), (10, 13)]

layer= 3
nparam= 48
hop_ls= [(6, 15), (3, 4), (3, 10), (5, 7), (4, 15), (3, 13), (9, 11), (11, 14), (1, 3), (2, 11), (8, 15), (0, 11), (10, 15), (1, 15), (6, 11), (7, 10), (7, 13), (3, 9), (12, 15), (3, 6), (3, 12), (4, 11), (14, 15), (8, 11), (0, 7), (5, 15), (10, 11), (2, 7), (1, 11), (11, 13), (7, 9), (6, 7), (7, 12), (4, 7), (3, 5), (3, 8), (3, 14), (5, 11), (0, 3), (9, 15), (2, 3), (11, 12), (1, 7), (0, 15), (2, 15), (13, 15), (7, 8), (7, 14)]

step= 150

nparam= 1004
ntotal configs= 4900
	dense amplitude time= 0.09625458717346191
	total non-zero amplitudes= 4900
	nsamples per process= 50
	sample time= 8.320345878601074
	self.n= 0.20658727610987565
	collect g,h time= 11.214546203613281
E=-9.906710173757233,dE=0,std=0
L=-9.906710173757233,dL=0,std=0
	gnorm= 0.00013867582146925923
	symmetric= True
	solver time=0.09055805206298828,exit status=0
	SR solver time= 0.09066939353942871
	symmetric= False
	niter= 43
	niter= 361
	solver time=0.7903151512145996,exit status=0
	RGN solver time= 0.7903692722320557
	xnorm=6.204082726044448,dnorm=0.020516209049340414
	dense amplitude time= 0.03128385543823242
	total non-zero amplitudes= 4900
	nsamples per process= 50
	sample time= 0.454500675201416
	self.n= 0.20718653916504198
	RGN updated loss=-9.906711095266697,dloss=-9.215094642911481e-07
step= 151

nparam= 1004
	dense amplitude time= 0.12846088409423828
	total non-zero amplitudes= 4900
	nsamples per process= 50
	sample time= 2.0991551876068115
	self.n= 0.20718653916504204
	collect g,h time= 4.155395984649658
E=-9.906711095266699,dE=-9.215094660675049e-07,std=0
L=-9.906711095266699,dL=-9.215094660675049e-07,std=0
	gnorm= 0.0002197199752554774
	symmetric= True
	solver time=0.029275894165039062,exit status=0
	SR solver time= 0.029360055923461914
	symmetric= False
	niter= 45
	niter= 343
	solver time=0.2697792053222656,exit status=0
	RGN solver time= 0.26983189582824707
	xnorm=6.205684954723223,dnorm=0.020482297486861235
	dense amplitude time= 0.02962183952331543
	total non-zero amplitudes= 4900
	nsamples per process= 50
	sample time= 0.45499277114868164
	self.n= 0.20778529077774083
	RGN updated loss=-9.906711984447208,dloss=-8.891805087785087e-07
step= 152

nparam= 1004
	dense amplitude time= 0.07370328903198242
	total non-zero amplitudes= 4900
	nsamples per process= 50
	sample time= 2.094269037246704
	self.n= 0.20778529077774083
	collect g,h time= 4.158209562301636
E=-9.906711984447206,dE=-8.891805070021519e-07,std=0
L=-9.906711984447206,dL=-8.891805070021519e-07,std=0
	gnorm= 0.0002562989543516821
	symmetric= True
	solver time=0.07128357887268066,exit status=0
	SR solver time= 0.07134008407592773
	symmetric= False
	niter= 43
	niter= 340
	solver time=0.14737486839294434,exit status=0
	RGN solver time= 0.14742159843444824
	xnorm=6.207336024636319,dnorm=0.02051966046383266
	dense amplitude time= 0.033477783203125
	total non-zero amplitudes= 4900
	nsamples per process= 50
	sample time= 0.5983822345733643
	self.n= 0.2084105150556393
	RGN updated loss=-9.906712860559676,dloss=-8.761124696832212e-07
step= 153

nparam= 1004
	dense amplitude time= 0.05018115043640137
	total non-zero amplitudes= 4900
	nsamples per process= 50
	sample time= 2.1058168411254883
	self.n= 0.20841051505563984
	collect g,h time= 4.148102045059204
E=-9.906712860559677,dE=-8.76112471459578e-07,std=0
L=-9.906712860559677,dL=-8.76112471459578e-07,std=0
	gnorm= 0.00012533062450768783
	symmetric= True
	solver time=0.0411837100982666,exit status=0
	SR solver time= 0.04125714302062988
	symmetric= False
	niter= 42
	niter= 368
	solver time=0.2277512550354004,exit status=0
	RGN solver time= 0.2277970314025879
	xnorm=6.208972765136319,dnorm=0.02045720279686666
	dense amplitude time= 0.02935504913330078
	total non-zero amplitudes= 4900
	nsamples per process= 50
	sample time= 0.45329785346984863
	self.n= 0.20905103201524575
	RGN updated loss=-9.90671378710774,dloss=-9.265480631626133e-07
step= 154

nparam= 1004
	dense amplitude time= 0.14793896675109863
	total non-zero amplitudes= 4900
	nsamples per process= 50
	sample time= 2.1049070358276367
	self.n= 0.20905103201524558
	collect g,h time= 4.1337902545928955
E=-9.906713787107744,dE=-9.26548066715327e-07,std=0
L=-9.906713787107744,dL=-9.26548066715327e-07,std=0
	gnorm= 0.0002940547227584093
	symmetric= True
	solver time=0.014345169067382812,exit status=0
	SR solver time= 0.014389514923095703
	symmetric= False
	niter= 45
	niter= 325
	solver time=0.1994621753692627,exit status=0
	RGN solver time= 0.19951677322387695
	xnorm=6.210718602288555,dnorm=0.020399670643496345
	dense amplitude time= 0.02883434295654297
	total non-zero amplitudes= 4900
	nsamples per process= 50
	sample time= 0.459547758102417
	self.n= 0.20971019357322473
	RGN updated loss=-9.906714656268901,dloss=-8.691611572686497e-07
step= 155

nparam= 1004
	dense amplitude time= 0.07242655754089355
	total non-zero amplitudes= 4900
	nsamples per process= 50
	sample time= 2.1113128662109375
	self.n= 0.20971019357322462
	collect g,h time= 4.146775484085083
E=-9.9067146562689,dE=-8.691611554922929e-07,std=0
L=-9.9067146562689,dL=-8.691611554922929e-07,std=0
	gnorm= 0.0001667080249559795
	symmetric= True
	solver time=0.009073019027709961,exit status=0
	SR solver time= 0.009112119674682617
	symmetric= False
	niter= 43
	niter= 345
	solver time=0.1284313201904297,exit status=0
	RGN solver time= 0.12847232818603516
	xnorm=6.21239163417185,dnorm=0.020443782462072072
	dense amplitude time= 0.03764176368713379
	total non-zero amplitudes= 4900
	nsamples per process= 50
	sample time= 0.4527602195739746
	self.n= 0.21034562254119105
	RGN updated loss=-9.90671554717879,dloss=-8.90909889861291e-07
step= 156

nparam= 1004
	dense amplitude time= 0.12501263618469238
	total non-zero amplitudes= 4900
	nsamples per process= 50
	sample time= 2.096971273422241
	self.n= 0.2103456225411907
	collect g,h time= 4.128073453903198
E=-9.906715547178788,dE=-8.909098880849342e-07,std=0
L=-9.906715547178788,dL=-8.909098880849342e-07,std=0
	gnorm= 0.00014718581569545018
	symmetric= True
	solver time=0.008768081665039062,exit status=0
	SR solver time= 0.008836984634399414
	symmetric= False
	niter= 42
	niter= 374
	solver time=0.11813211441040039,exit status=0
	RGN solver time= 0.11818194389343262
	xnorm=6.214175246821338,dnorm=0.021095352233033375
	dense amplitude time= 0.02923107147216797
	total non-zero amplitudes= 4900
	nsamples per process= 50
	sample time= 0.46068739891052246
	self.n= 0.21099185237665907
	RGN updated loss=-9.90671636914998,dloss=-8.219711915558037e-07
step= 157

nparam= 1004
	dense amplitude time= 0.09747934341430664
	total non-zero amplitudes= 4900
	nsamples per process= 50
	sample time= 2.100206136703491
	self.n= 0.21099185237665902
	collect g,h time= 4.127090930938721
E=-9.90671636914998,dE=-8.219711915558037e-07,std=0
L=-9.90671636914998,dL=-8.219711915558037e-07,std=0
	gnorm= 0.000131039165003572
	symmetric= True
	solver time=0.029513835906982422,exit status=0
	SR solver time= 0.029558420181274414
	symmetric= False
	niter= 42
	niter= 374
	solver time=0.15431642532348633,exit status=0
	RGN solver time= 0.1543598175048828
	xnorm=6.216371777236527,dnorm=0.02055570298686614
	dense amplitude time= 0.031352996826171875
	total non-zero amplitudes= 4900
	nsamples per process= 50
	sample time= 0.4596893787384033
	self.n= 0.21167161030971673
	RGN updated loss=-9.90671729824603,dloss=-9.290960498731238e-07
step= 158

nparam= 1004
	dense amplitude time= 0.058717966079711914
	total non-zero amplitudes= 4900
	nsamples per process= 50
	sample time= 2.1114249229431152
	self.n= 0.21167161030971687
	collect g,h time= 4.134611368179321
E=-9.906717298246031,dE=-9.290960516494806e-07,std=0
L=-9.906717298246031,dL=-9.290960516494806e-07,std=0
	gnorm= 0.000168911817123251
	symmetric= True
	solver time=0.023593664169311523,exit status=0
	SR solver time= 0.023639917373657227
	symmetric= False
	niter= 44
	niter= 343
	solver time=0.10731339454650879,exit status=0
	RGN solver time= 0.10735845565795898
	xnorm=6.218053936657423,dnorm=0.020342453527543936
	dense amplitude time= 0.028657913208007812
	total non-zero amplitudes= 4900
	nsamples per process= 50
	sample time= 0.4597926139831543
	self.n= 0.21237133981401174
	RGN updated loss=-9.906718195467832,dloss=-8.972218008551636e-07
step= 159

nparam= 1004
	dense amplitude time= 0.11624813079833984
	total non-zero amplitudes= 4900
	nsamples per process= 50
	sample time= 2.1054775714874268
	self.n= 0.21237133981401185
	collect g,h time= 4.163241386413574
E=-9.906718195467834,dE=-8.972218026315204e-07,std=0
L=-9.906718195467834,dL=-8.972218026315204e-07,std=0
	gnorm= 0.00012049764468603731
	symmetric= True
	solver time=0.032414913177490234,exit status=0
	SR solver time= 0.03249168395996094
	symmetric= False
	niter= 42
	niter= 363
	solver time=0.13709235191345215,exit status=0
	RGN solver time= 0.13714098930358887
	xnorm=6.219810237640189,dnorm=0.020320492379883235
	dense amplitude time= 0.05225968360900879
	total non-zero amplitudes= 4900
	nsamples per process= 50
	sample time= 0.45950794219970703
	self.n= 0.2130875349274748
	RGN updated loss=-9.90671906244296,dloss=-8.66975126356806e-07
step= 160

nparam= 1004
	dense amplitude time= 0.18694758415222168
	total non-zero amplitudes= 4900
	nsamples per process= 50
	sample time= 2.0989129543304443
	self.n= 0.21308753492747504
	collect g,h time= 4.113232135772705
E=-9.906719062442962,dE=-8.669751281331628e-07,std=0
L=-9.906719062442962,dL=-8.669751281331628e-07,std=0
	gnorm= 0.0001921950099711092
	symmetric= True
	niter= 43
	solver time=0.03252053260803223,exit status=0
	SR solver time= 0.0325627326965332
	symmetric= False
	solver time=0.1621856689453125,exit status=0
	RGN solver time= 0.16222739219665527
	xnorm=6.2216679780623165,dnorm=0.020926503093419074
	niter= 361
	dense amplitude time= 0.052053213119506836
	total non-zero amplitudes= 4900
	nsamples per process= 50
	sample time= 0.45920419692993164
	self.n= 0.2137805576717633
	RGN updated loss=-9.90671986388019,dloss=-8.014372276932136e-07
step= 161

nparam= 1004
	dense amplitude time= 0.09898853302001953
	total non-zero amplitudes= 4900
	nsamples per process= 50
	sample time= 2.093329429626465
	self.n= 0.21378055767176332
	collect g,h time= 4.124687433242798
E=-9.906719863880188,dE=-8.014372259168567e-07,std=0
L=-9.906719863880188,dL=-8.014372259168567e-07,std=0
	gnorm= 0.00011457150825186826
	symmetric= True
	solver time=0.028734683990478516,exit status=0
	SR solver time= 0.028779983520507812
	symmetric= False
	niter= 42
	niter= 374
	solver time=0.12727141380310059,exit status=0
	RGN solver time= 0.12731146812438965
	xnorm=6.223937442890606,dnorm=0.02041591276123496
	dense amplitude time= 0.02618241310119629
	total non-zero amplitudes= 4900
	nsamples per process= 50
	sample time= 0.45822930335998535
	self.n= 0.21451679383458533
	RGN updated loss=-9.906720813286121,dloss=-9.494059334258509e-07
step= 162

nparam= 1004
	dense amplitude time= 0.026838302612304688
	total non-zero amplitudes= 4900
	nsamples per process= 50
	sample time= 2.100909471511841
	self.n= 0.21451679383458527
	collect g,h time= 4.135295152664185
E=-9.906720813286121,dE=-9.494059334258509e-07,std=0
L=-9.906720813286121,dL=-9.494059334258509e-07,std=0
	gnorm= 0.00022519904453456498
	symmetric= True
	solver time=0.019084692001342773,exit status=0
	SR solver time= 0.01913309097290039
	symmetric= False
	niter= 45
	niter= 335
	solver time=0.11696243286132812,exit status=0
	RGN solver time= 0.1170046329498291
	xnorm=6.22574019952977,dnorm=0.020189311946216034
	dense amplitude time= 0.06023597717285156
	total non-zero amplitudes= 4900
	nsamples per process= 50
	sample time= 0.46068334579467773
	self.n= 0.21525167744272816
	RGN updated loss=-9.90672167898332,dloss=-8.656971992593299e-07
step= 163

nparam= 1004
	dense amplitude time= 0.05922102928161621
	total non-zero amplitudes= 4900
	nsamples per process= 50
	sample time= 2.1064248085021973
	self.n= 0.21525167744272794
	collect g,h time= 4.151001214981079
E=-9.90672167898332,dE=-8.656971992593299e-07,std=0
L=-9.90672167898332,dL=-8.656971992593299e-07,std=0
	gnorm= 0.0001361837324193806
	symmetric= True
	solver time=0.031302690505981445,exit status=0
	SR solver time= 0.03135275840759277
	symmetric= False
	niter= 42
	niter= 373
	solver time=0.12755703926086426,exit status=0
	RGN solver time= 0.12763118743896484
	xnorm=6.227615143089485,dnorm=0.020649332360514163
	dense amplitude time= 0.028255224227905273
	total non-zero amplitudes= 4900
	nsamples per process= 50
	sample time= 0.4540224075317383
	self.n= 0.21597719710170396
	RGN updated loss=-9.906722466793934,dloss=-7.878106131897766e-07
step= 164

nparam= 1004
	dense amplitude time= 0.1796717643737793
	total non-zero amplitudes= 4900
	nsamples per process= 50
	sample time= 2.0980443954467773
	self.n= 0.2159771971017041
	collect g,h time= 4.1257054805755615
E=-9.906722466793932,dE=-7.878106114134198e-07,std=0
L=-9.906722466793932,dL=-7.878106114134198e-07,std=0
	gnorm= 0.00016348737517859482
	symmetric= True
	solver time=0.008957624435424805,exit status=0
	SR solver time= 0.008999347686767578
	symmetric= False
	niter= 43
	niter= 354
	solver time=0.10758399963378906,exit status=0
	RGN solver time= 0.10762834548950195
	xnorm=6.2299413208673355,dnorm=0.020353907436065112
	dense amplitude time= 0.02610921859741211
	total non-zero amplitudes= 4900
	nsamples per process= 50
	sample time= 0.4542367458343506
	self.n= 0.21673031171621038
	RGN updated loss=-9.906723397335767,dloss=-9.305418355864958e-07
step= 165

nparam= 1004
	dense amplitude time= 0.08410763740539551
	total non-zero amplitudes= 4900
	nsamples per process= 50
	sample time= 2.091224193572998
	self.n= 0.21673031171621038
	collect g,h time= 4.120167016983032
E=-9.906723397335767,dE=-9.305418355864958e-07,std=0
L=-9.906723397335767,dL=-9.305418355864958e-07,std=0
	gnorm= 8.988979456948835e-05
	symmetric= True
	niter= 40
	solver time=0.04100513458251953,exit status=0
	SR solver time= 0.04107189178466797
	symmetric= False
	niter= 372
	solver time=0.15326690673828125,exit status=0
	RGN solver time= 0.1533186435699463
	xnorm=6.231815533690515,dnorm=0.02009840585597591
	dense amplitude time= 0.025948047637939453
	total non-zero amplitudes= 4900
	nsamples per process= 50
	sample time= 0.45283079147338867
	self.n= 0.21750194193623906
	RGN updated loss=-9.906724278990524,dloss=-8.816547563128552e-07
step= 166

nparam= 1004
	dense amplitude time= 0.11742353439331055
	total non-zero amplitudes= 4900
	nsamples per process= 50
	sample time= 2.088590383529663
	self.n= 0.21750194193623912
	collect g,h time= 4.1186652183532715
E=-9.906724278990522,dE=-8.816547545364983e-07,std=0
L=-9.906724278990522,dL=-8.816547545364983e-07,std=0
	gnorm= 4.571338582329602e-05
	symmetric= True
	solver time=0.007668972015380859,exit status=0
	SR solver time= 0.0077092647552490234
	symmetric= False
	niter= 35
	niter= 400
	solver time=0.14591193199157715,exit status=0
	RGN solver time= 0.14595723152160645
	xnorm=6.233765718011327,dnorm=0.02005047643446037
	dense amplitude time= 0.02735304832458496
	total non-zero amplitudes= 4900
	nsamples per process= 50
	sample time= 0.4537370204925537
	self.n= 0.21827600463025382
	RGN updated loss=-9.906725146357434,dloss=-8.673669125158767e-07
step= 167

nparam= 1004
	dense amplitude time= 0.15431451797485352
	total non-zero amplitudes= 4900
	nsamples per process= 50
	sample time= 2.087853193283081
	self.n= 0.21827600463025398
	collect g,h time= 4.123526573181152
E=-9.90672514635744,dE=-8.673669178449472e-07,std=0
L=-9.90672514635744,dL=-8.673669178449472e-07,std=0
	gnorm= 4.940506669767157e-05
	symmetric= True
	solver time=0.03718686103820801,exit status=0
	SR solver time= 0.03723740577697754
	symmetric= False
	niter= 35
	niter= 396
	solver time=0.15291237831115723,exit status=0
	RGN solver time= 0.1529531478881836
	xnorm=6.235832337386826,dnorm=0.02001066923829407
	dense amplitude time= 0.03836870193481445
	total non-zero amplitudes= 4900
	nsamples per process= 50
	sample time= 0.45325708389282227
	self.n= 0.2190567019553062
	RGN updated loss=-9.906726008129892,dloss=-8.617724525095127e-07
step= 168

nparam= 1004
	dense amplitude time= 0.10330319404602051
	total non-zero amplitudes= 4900
	nsamples per process= 50
	sample time= 2.088371992111206
	self.n= 0.21905670195530622
	collect g,h time= 4.159388065338135
E=-9.906726008129892,dE=-8.617724525095127e-07,std=0
L=-9.906726008129892,dL=-8.617724525095127e-07,std=0
	gnorm= 4.514540838503816e-05
	symmetric= True
	solver time=0.038489341735839844,exit status=0
	SR solver time= 0.03854012489318848
	symmetric= False
	niter= 35
	niter= 399
	solver time=0.16375041007995605,exit status=0
	RGN solver time= 0.16379523277282715
	xnorm=6.237943855257467,dnorm=0.019981470027798348
	dense amplitude time= 0.032561540603637695
	total non-zero amplitudes= 4900
	nsamples per process= 50
	sample time= 0.4561645984649658
	self.n= 0.21984104471524357
	RGN updated loss=-9.906726870318714,dloss=-8.62188821670884e-07
step= 169

nparam= 1004
	dense amplitude time= 0.11065936088562012
	total non-zero amplitudes= 4900
	nsamples per process= 50
	sample time= 2.098855495452881
	self.n= 0.21984104471524396
	collect g,h time= 4.1538450717926025
E=-9.906726870318714,dE=-8.62188821670884e-07,std=0
L=-9.906726870318714,dL=-8.62188821670884e-07,std=0
	gnorm= 0.0001291976574160454
	symmetric= True
	solver time=0.00785684585571289,exit status=0
	SR solver time= 0.007937431335449219
	symmetric= False
	niter= 39
	niter= 362
	solver time=0.1244359016418457,exit status=0
	RGN solver time= 0.12448596954345703
	xnorm=6.240117938191458,dnorm=0.020153088870740493
	dense amplitude time= 0.054579734802246094
	total non-zero amplitudes= 4900
	nsamples per process= 50
	sample time= 0.45523500442504883
	self.n= 0.2206170922718726
	RGN updated loss=-9.906727680092065,dloss=-8.097733505962879e-07
step= 170

nparam= 1004
	dense amplitude time= 0.14272189140319824
	total non-zero amplitudes= 4900
	nsamples per process= 50
	sample time= 2.0919032096862793
	self.n= 0.2206170922718727
	collect g,h time= 4.1350417137146
E=-9.906727680092066,dE=-8.097733523726447e-07,std=0
L=-9.906727680092066,dL=-8.097733523726447e-07,std=0
	gnorm= 9.263008829609114e-05
	symmetric= True
	solver time=0.01771092414855957,exit status=0
	SR solver time= 0.01775527000427246
	symmetric= False
	niter= 41
	niter= 372
	solver time=0.12403368949890137,exit status=0
	RGN solver time= 0.12407422065734863
	xnorm=6.242494438077109,dnorm=0.02004473434384814
	dense amplitude time= 0.04181790351867676
	total non-zero amplitudes= 4900
	nsamples per process= 50
	sample time= 0.45340585708618164
	self.n= 0.22141735273089175
	RGN updated loss=-9.906728574650307,dloss=-8.94558240815968e-07
step= 171

nparam= 1004
	dense amplitude time= 0.08329153060913086
	total non-zero amplitudes= 4900
	nsamples per process= 50
	sample time= 2.0891172885894775
	self.n= 0.22141735273089164
	collect g,h time= 4.133427143096924
E=-9.906728574650305,dE=-8.945582390396112e-07,std=0
L=-9.906728574650305,dL=-8.945582390396112e-07,std=0
	gnorm= 4.972065885992853e-05
	symmetric= True
	niter= 37
	solver time=0.0382232666015625,exit status=0
	SR solver time= 0.03828144073486328
	symmetric= False
	niter= 390
	solver time=0.11959266662597656,exit status=0
	RGN solver time= 0.1196436882019043
	xnorm=6.244684008402697,dnorm=0.019918638249127787
	dense amplitude time= 0.03195452690124512
	total non-zero amplitudes= 4900
	nsamples per process= 50
	sample time= 0.45265841484069824
	self.n= 0.22223628631294975
	RGN updated loss=-9.906729434529376,dloss=-8.598790710578896e-07
step= 172

nparam= 1004
	dense amplitude time= 0.17689132690429688
	total non-zero amplitudes= 4900
	nsamples per process= 50
	sample time= 2.086954355239868
	self.n= 0.22223628631294987
	collect g,h time= 4.126208066940308
E=-9.906729434529378,dE=-8.598790728342465e-07,std=0
L=-9.906729434529378,dL=-8.598790728342465e-07,std=0
	gnorm= 0.00012725228810604643
	symmetric= True
	niter= 42
	solver time=0.02924323081970215,exit status=0
	SR solver time= 0.029286861419677734
	symmetric= False
	niter= 343
	solver time=0.11525344848632812,exit status=0
	RGN solver time= 0.11530447006225586
	xnorm=6.24695700785426,dnorm=0.019923923478226947
	dense amplitude time= 0.03775763511657715
	total non-zero amplitudes= 4900
	nsamples per process= 50
	sample time= 0.4538609981536865
	self.n= 0.22307719185941302
	RGN updated loss=-9.906730280191601,dloss=-8.456622229147115e-07
step= 173

nparam= 1004
	dense amplitude time= 0.25533246994018555
	total non-zero amplitudes= 4900
	nsamples per process= 50
	sample time= 2.093038320541382
	self.n= 0.22307719185941335
	collect g,h time= 4.125006198883057
E=-9.906730280191603,dE=-8.456622246910683e-07,std=0
L=-9.906730280191603,dL=-8.456622246910683e-07,std=0
	gnorm= 0.00014915957854997233
	symmetric= True
	solver time=0.007384300231933594,exit status=0
	SR solver time= 0.007430315017700195
	symmetric= False
	niter= 40
	niter= 346
	solver time=0.14018845558166504,exit status=0
	RGN solver time= 0.14024090766906738
	xnorm=6.249265354665417,dnorm=0.020057022118489927
	dense amplitude time= 0.02943134307861328
	total non-zero amplitudes= 4900
	nsamples per process= 50
	sample time= 0.45263051986694336
	self.n= 0.22388897531928598
	RGN updated loss=-9.906731090285572,dloss=-8.100939687949449e-07
step= 174

nparam= 1004
	dense amplitude time= 0.09218430519104004
	total non-zero amplitudes= 4900
	nsamples per process= 50
	sample time= 2.0867533683776855
	self.n= 0.2238889753192863
	niter= 40
	collect g,h time= 4.128542423248291
E=-9.90673109028557,dE=-8.10093967018588e-07,std=0
L=-9.90673109028557,dL=-8.10093967018588e-07,std=0
	gnorm= 9.879787674140767e-05
	symmetric= True
	solver time=0.007843255996704102,exit status=0
	SR solver time= 0.007883310317993164
	symmetric= False
	niter= 367
	solver time=0.1149139404296875,exit status=0
	RGN solver time= 0.11495852470397949
	xnorm=6.251774118362224,dnorm=0.019955661717338306
	dense amplitude time= 0.029954910278320312
	total non-zero amplitudes= 4900
	nsamples per process= 50
	sample time= 0.4506824016571045
	self.n= 0.22471159010251107
	RGN updated loss=-9.906731978417163,dloss=-8.881315931574818e-07
step= 175

nparam= 1004
	dense amplitude time= 0.04458975791931152
	total non-zero amplitudes= 4900
	nsamples per process= 50
	sample time= 2.085770845413208
	self.n= 0.22471159010251107
	collect g,h time= 4.148269176483154
E=-9.906731978417167,dE=-8.881315967101955e-07,std=0
L=-9.906731978417167,dL=-8.881315967101955e-07,std=0
	gnorm= 0.00015649515768651848
	symmetric= True
	solver time=0.021117448806762695,exit status=0
	SR solver time= 0.0211639404296875
	symmetric= False
	niter= 43
	niter= 343
	solver time=0.23306918144226074,exit status=0
	RGN solver time= 0.23311495780944824
	xnorm=6.254107525132011,dnorm=0.019844225258346074
	dense amplitude time= 0.03226041793823242
	total non-zero amplitudes= 4900
	nsamples per process= 50
	sample time= 0.4507718086242676
	self.n= 0.22556889144768436
	RGN updated loss=-9.906732802957011,dloss=-8.245398444017837e-07
step= 176

nparam= 1004
	dense amplitude time= 0.07312130928039551
	total non-zero amplitudes= 4900
	nsamples per process= 50
	sample time= 2.0953285694122314
	self.n= 0.22556889144768444
	collect g,h time= 4.135143756866455
E=-9.906732802957011,dE=-8.245398444017837e-07,std=0
L=-9.906732802957011,dL=-8.245398444017837e-07,std=0
	gnorm= 9.443831567220007e-05
	symmetric= True
	solver time=0.00821828842163086,exit status=0
	SR solver time= 0.008297920227050781
	symmetric= False
	niter= 42
	niter= 362
	solver time=0.1284174919128418,exit status=0
	RGN solver time= 0.12846755981445312
	xnorm=6.256518684371607,dnorm=0.019841118410128047
	dense amplitude time= 0.027575969696044922
	total non-zero amplitudes= 4900
	nsamples per process= 50
	sample time= 0.45237183570861816
	self.n= 0.22642342551952002
	RGN updated loss=-9.906733670407906,dloss=-8.674508951145299e-07
step= 177

nparam= 1004
	dense amplitude time= 0.06754660606384277
	total non-zero amplitudes= 4900
	nsamples per process= 50
	sample time= 2.0789263248443604
	self.n= 0.2264234255195198
	collect g,h time= 4.1573169231414795
E=-9.906733670407906,dE=-8.674508951145299e-07,std=0
L=-9.906733670407906,dL=-8.674508951145299e-07,std=0
	gnorm= 0.00012360940525506462
	symmetric= True
	solver time=0.007065296173095703,exit status=0
	SR solver time= 0.007111072540283203
	symmetric= False
	niter= 39
	niter= 359
	solver time=0.13944387435913086,exit status=0
	RGN solver time= 0.13948559761047363
	xnorm=6.258967653652646,dnorm=0.020004899989925287
	dense amplitude time= 0.025984764099121094
	total non-zero amplitudes= 4900
	nsamples per process= 50
	sample time= 0.4532046318054199
	self.n= 0.22725485890719826
	RGN updated loss=-9.906734468804112,dloss=-7.983962060365002e-07
step= 178

nparam= 1004
	dense amplitude time= 0.0411529541015625
	total non-zero amplitudes= 4900
	nsamples per process= 50
	sample time= 2.0827016830444336
	self.n= 0.22725485890719843
	collect g,h time= 4.123447418212891
E=-9.906734468804116,dE=-7.983962095892139e-07,std=0
L=-9.906734468804116,dL=-7.983962095892139e-07,std=0
	gnorm= 0.00015456959159787758
	symmetric= True
	solver time=0.020994186401367188,exit status=0
	SR solver time= 0.021033763885498047
	symmetric= False
	niter= 43
	niter= 343
	solver time=0.11220860481262207,exit status=0
	RGN solver time= 0.11224818229675293
	xnorm=6.2616165871086995,dnorm=0.01988559060956815
	dense amplitude time= 0.036775827407836914
	total non-zero amplitudes= 4900
	nsamples per process= 50
	sample time= 0.44845080375671387
	self.n= 0.22813123696194543
	RGN updated loss=-9.906735309342517,dloss=-8.405384015475192e-07
step= 179

nparam= 1004
	dense amplitude time= 0.050153255462646484
	total non-zero amplitudes= 4900
	nsamples per process= 50
	sample time= 2.0796499252319336
	self.n= 0.22813123696194565
	collect g,h time= 4.128183603286743
E=-9.906735309342515,dE=-8.405383997711624e-07,std=0
L=-9.906735309342515,dL=-8.405383997711624e-07,std=0
	gnorm= 9.755912921960869e-05
	symmetric= True
	solver time=0.007875204086303711,exit status=0
	SR solver time= 0.00791478157043457
	symmetric= False
	niter= 42
	niter= 363
	solver time=0.1119835376739502,exit status=0
	RGN solver time= 0.1120309829711914
	xnorm=6.264210975698364,dnorm=0.01983025024348271
	dense amplitude time= 0.026122331619262695
	total non-zero amplitudes= 4900
	nsamples per process= 50
	sample time= 0.4469738006591797
	self.n= 0.22902787839107203
	RGN updated loss=-9.906736194055895,dloss=-8.847133798894902e-07
step= 180

nparam= 1004
	dense amplitude time= 0.07529044151306152
	total non-zero amplitudes= 4900
	nsamples per process= 50
	sample time= 2.0797576904296875
	self.n= 0.2290278783910722
	collect g,h time= 4.127954721450806
E=-9.906736194055894,dE=-8.847133781131333e-07,std=0
L=-9.906736194055894,dL=-8.847133781131333e-07,std=0
	gnorm= 0.00019805789730747088
	symmetric= True
	solver time=0.015789270401000977,exit status=0
	SR solver time= 0.015833139419555664
	symmetric= False
	niter= 39
	niter= 343
	solver time=0.12209272384643555,exit status=0
	RGN solver time= 0.12213349342346191
	xnorm=6.266654067662588,dnorm=0.019888734194026057
	dense amplitude time= 0.029831886291503906
	total non-zero amplitudes= 4900
	nsamples per process= 50
	sample time= 0.45432209968566895
	self.n= 0.22986456113783557
	RGN updated loss=-9.906736932273608,dloss=-7.382177145132118e-07
step= 181

nparam= 1004
	dense amplitude time= 0.05825495719909668
	total non-zero amplitudes= 4900
	nsamples per process= 50
	sample time= 2.08949613571167
	self.n= 0.22986456113783582
	collect g,h time= 4.125556707382202
E=-9.90673693227361,dE=-7.382177162895687e-07,std=0
L=-9.90673693227361,dL=-7.382177162895687e-07,std=0
	gnorm= 0.00013347222826981683
	symmetric= True
	solver time=0.014915704727172852,exit status=0
	SR solver time= 0.014955282211303711
	symmetric= False
	niter= 40
	niter= 348
	solver time=0.12186765670776367,exit status=0
	RGN solver time= 0.12190866470336914
	xnorm=6.269503162856787,dnorm=0.019937044198672545
	dense amplitude time= 0.026194095611572266
	total non-zero amplitudes= 4900
	nsamples per process= 50
	sample time= 0.45239949226379395
	self.n= 0.2307981790045409
	RGN updated loss=-9.906737860101352,dloss=-9.27827741747933e-07
step= 182

nparam= 1004
	dense amplitude time= 0.03765988349914551
	total non-zero amplitudes= 4900
	nsamples per process= 50
	sample time= 2.0809035301208496
	self.n= 0.23079817900454086
	collect g,h time= 4.121237754821777
E=-9.906737860101353,dE=-9.278277435242899e-07,std=0
L=-9.906737860101353,dL=-9.278277435242899e-07,std=0
	gnorm= 7.294439907843188e-05
	symmetric= True
	solver time=0.008124828338623047,exit status=0
	SR solver time= 0.00816202163696289
	symmetric= False
	niter= 40
	niter= 372
	solver time=0.11696124076843262,exit status=0
	RGN solver time= 0.11700153350830078
	xnorm=6.271949466271413,dnorm=0.01975210259228934
	dense amplitude time= 0.026150941848754883
	total non-zero amplitudes= 4900
	nsamples per process= 50
	sample time= 0.44862842559814453
	self.n= 0.23171577658444634
	RGN updated loss=-9.906738702336714,dloss=-8.422353605652688e-07
step= 183

nparam= 1004
	dense amplitude time= 0.07260847091674805
	total non-zero amplitudes= 4900
	nsamples per process= 50
	sample time= 2.0877885818481445
	self.n= 0.23171577658444623
	collect g,h time= 4.128064870834351
E=-9.906738702336714,dE=-8.422353605652688e-07,std=0
L=-9.906738702336714,dL=-8.422353605652688e-07,std=0
	gnorm= 0.0001402327249585644
	symmetric= True
	solver time=0.01763916015625,exit status=0
	SR solver time= 0.017681121826171875
	symmetric= False
	niter= 39
	niter= 343
	solver time=0.14356374740600586,exit status=0
	RGN solver time= 0.14361000061035156
	xnorm=6.274497656502994,dnorm=0.019881284814691827
	dense amplitude time= 0.03740692138671875
	total non-zero amplitudes= 4900
	nsamples per process= 50
	sample time= 0.44770359992980957
	self.n= 0.23263831757001796
	RGN updated loss=-9.90673950361304,dloss=-8.012763252907007e-07
step= 184

nparam= 1004
	dense amplitude time= 0.08026742935180664
	total non-zero amplitudes= 4900
	nsamples per process= 50
	sample time= 2.0864827632904053
	self.n= 0.23263831757001802
	collect g,h time= 4.133556842803955
E=-9.90673950361304,dE=-8.012763252907007e-07,std=0
L=-9.90673950361304,dL=-8.012763252907007e-07,std=0
	gnorm= 0.00010744390766536215
	symmetric= True
	solver time=0.008298397064208984,exit status=0
	SR solver time= 0.008337736129760742
	symmetric= False
	niter= 41
	solver time=0.1508803367614746,exit status=0
	RGN solver time= 0.15091967582702637
	xnorm=6.277272924042749,dnorm=0.01982963053179002
	niter= 355
	dense amplitude time= 0.07447433471679688
	total non-zero amplitudes= 4900
	nsamples per process= 50
	sample time= 0.447756290435791
	self.n= 0.23357837869916448
	RGN updated loss=-9.906740387740552,dloss=-8.841275125348602e-07
step= 185

nparam= 1004
	dense amplitude time= 0.03159523010253906
	total non-zero amplitudes= 4900
	nsamples per process= 50
	sample time= 2.07551908493042
	self.n= 0.23357837869916492
	collect g,h time= 4.172129392623901
E=-9.906740387740554,dE=-8.841275143112171e-07,std=0
L=-9.906740387740554,dL=-8.841275143112171e-07,std=0
	gnorm= 7.151908847456077e-05
	symmetric= True
	solver time=0.040700435638427734,exit status=0
	SR solver time= 0.040750741958618164
	symmetric= False
	niter= 38
	niter= 372
	solver time=0.14094138145446777,exit status=0
	RGN solver time= 0.14098548889160156
	xnorm=6.279868698690861,dnorm=0.019719207314257494
	dense amplitude time= 0.028580904006958008
	total non-zero amplitudes= 4900
	nsamples per process= 50
	sample time= 0.4459676742553711
	self.n= 0.23455731364322396
	RGN updated loss=-9.906741240635261,dloss=-8.528947077479643e-07
step= 186

nparam= 1004
	dense amplitude time= 0.06900930404663086
	total non-zero amplitudes= 4900
	nsamples per process= 50
	sample time= 2.0966529846191406
	self.n= 0.23455731364322416
	collect g,h time= 4.141525030136108
E=-9.906741240635263,dE=-8.528947095243211e-07,std=0
L=-9.906741240635263,dL=-8.528947095243211e-07,std=0
	gnorm= 0.00012592919263976207
	symmetric= True
	solver time=0.007265329360961914,exit status=0
	SR solver time= 0.007335186004638672
	symmetric= False
	niter= 39
	niter= 343
	solver time=0.11149954795837402,exit status=0
	RGN solver time= 0.11155223846435547
	xnorm=6.282540896459623,dnorm=0.019871435845634153
	dense amplitude time= 0.027336835861206055
	total non-zero amplitudes= 4900
	nsamples per process= 50
	sample time= 0.4497842788696289
	self.n= 0.23550075534300025
	RGN updated loss=-9.906742027894033,dloss=-7.872587701740485e-07
step= 187

nparam= 1004
	dense amplitude time= 0.09922289848327637
	total non-zero amplitudes= 4900
	nsamples per process= 50
	sample time= 2.0797550678253174
	self.n= 0.23550075534300038
	collect g,h time= 4.1603264808654785
E=-9.906742027894035,dE=-7.872587719504054e-07,std=0
L=-9.906742027894035,dL=-7.872587719504054e-07,std=0
	gnorm= 9.383564325144755e-05
	symmetric= True
	solver time=0.00768280029296875,exit status=0
	SR solver time= 0.007722139358520508
	symmetric= False
	niter= 40
	niter= 361
	solver time=0.13170671463012695,exit status=0
	RGN solver time= 0.13174700736999512
	xnorm=6.285420513304847,dnorm=0.019808012369893685
	dense amplitude time= 0.025814294815063477
	total non-zero amplitudes= 4900
	nsamples per process= 50
	sample time= 0.4492166042327881
	self.n= 0.23648185447690245
	RGN updated loss=-9.906742918665806,dloss=-8.907717710116003e-07
step= 188

nparam= 1004
	dense amplitude time= 0.06552529335021973
	total non-zero amplitudes= 4900
	nsamples per process= 50
	sample time= 2.0784027576446533
	self.n= 0.23648185447690262
	collect g,h time= 4.13896107673645
E=-9.906742918665806,dE=-8.907717710116003e-07,std=0
L=-9.906742918665806,dL=-8.907717710116003e-07,std=0
	gnorm= 6.337152119328936e-05
	symmetric= True
	solver time=0.006716251373291016,exit status=0
	SR solver time= 0.006757497787475586
	symmetric= False
	niter= 39
	niter= 374
	solver time=0.11309289932250977,exit status=0
	RGN solver time= 0.11313509941101074
	xnorm=6.288123044755762,dnorm=0.01976503536750627
	dense amplitude time= 0.030565738677978516
	total non-zero amplitudes= 4900
	nsamples per process= 50
	sample time= 0.45119261741638184
	self.n= 0.23744100826190973
	RGN updated loss=-9.906743771718208,dloss=-8.530524020500252e-07
step= 189

nparam= 1004
	dense amplitude time= 0.10279011726379395
	total non-zero amplitudes= 4900
	nsamples per process= 50
	sample time= 2.089648962020874
	self.n= 0.23744100826190984
	collect g,h time= 4.125976800918579
E=-9.90674377171821,dE=-8.53052403826382e-07,std=0
L=-9.90674377171821,dL=-8.53052403826382e-07,std=0
	gnorm= 0.00012266778542611984
	symmetric= True
	solver time=0.01882767677307129,exit status=0
	SR solver time= 0.01886725425720215
	symmetric= False
	niter= 40
	niter= 343
	solver time=0.14853715896606445,exit status=0
	RGN solver time= 0.14857983589172363
	xnorm=6.290854123684062,dnorm=0.01993203828173841
	dense amplitude time= 0.028084516525268555
	total non-zero amplitudes= 4900
	nsamples per process= 50
	sample time= 0.45069003105163574
	self.n= 0.23840377241443447
	RGN updated loss=-9.906744576728775,dloss=-8.050105648749195e-07
step= 190

nparam= 1004
	dense amplitude time= 0.0958552360534668
	total non-zero amplitudes= 4900
	nsamples per process= 50
	sample time= 2.0864946842193604
	self.n= 0.23840377241443433
	collect g,h time= 4.13062596321106
E=-9.90674457672878,dE=-8.0501057020399e-07,std=0
L=-9.90674457672878,dL=-8.0501057020399e-07,std=0
	gnorm= 8.031324403174796e-05
	symmetric= True
	solver time=0.0077362060546875,exit status=0
	SR solver time= 0.007775783538818359
	symmetric= False
	niter= 41
	niter= 367
	solver time=0.13428878784179688,exit status=0
	RGN solver time= 0.13432931900024414
	xnorm=6.293820989146641,dnorm=0.019876236450684204
	dense amplitude time= 0.029375553131103516
	total non-zero amplitudes= 4900
	nsamples per process= 50
	sample time= 0.4515268802642822
	self.n= 0.23941949926142314
	RGN updated loss=-9.906745464415263,dloss=-8.876864825424491e-07
step= 191

nparam= 1004
	dense amplitude time= 0.042317867279052734
	total non-zero amplitudes= 4900
	nsamples per process= 50
	sample time= 2.084691286087036
	self.n= 0.23941949926142314
	collect g,h time= 4.126871585845947
E=-9.906745464415263,dE=-8.876864825424491e-07,std=0
L=-9.906745464415263,dL=-8.876864825424491e-07,std=0
	gnorm= 5.791662715947281e-05
	symmetric= True
	solver time=0.021650075912475586,exit status=0
	SR solver time= 0.021693706512451172
	symmetric= False
	niter= 37
	niter= 374
	solver time=0.16655421257019043,exit status=0
	RGN solver time= 0.1665945053100586
	xnorm=6.296656416968968,dnorm=0.019839488433839755
	dense amplitude time= 0.03764677047729492
	total non-zero amplitudes= 4900
	nsamples per process= 50
	sample time= 0.4519805908203125
	self.n= 0.2404295757365606
	RGN updated loss=-9.90674632937238,dloss=-8.649571174856874e-07
step= 192

nparam= 1004
	dense amplitude time= 0.0448613166809082
	total non-zero amplitudes= 4900
	nsamples per process= 50
	sample time= 2.0849435329437256
	self.n= 0.24042957573656065
	collect g,h time= 4.128393173217773
E=-9.90674632937238,dE=-8.649571174856874e-07,std=0
L=-9.90674632937238,dL=-8.649571174856874e-07,std=0
	gnorm= 0.00012365861326489204
	symmetric= True
	solver time=0.006712198257446289,exit status=0
	SR solver time= 0.0067501068115234375
	symmetric= False
	niter= 39
	niter= 343
	solver time=0.10590100288391113,exit status=0
	RGN solver time= 0.10594344139099121
	xnorm=6.299466463080677,dnorm=0.019986979382562227
	dense amplitude time= 0.02846384048461914
	total non-zero amplitudes= 4900
	nsamples per process= 50
	sample time= 0.4530014991760254
	self.n= 0.24143797951483775
	RGN updated loss=-9.90674712905217,dloss=-7.996797890541529e-07
step= 193

nparam= 1004
	dense amplitude time= 0.06650686264038086
	total non-zero amplitudes= 4900
	nsamples per process= 50
	sample time= 2.08084774017334
	self.n= 0.24143797951483797
	collect g,h time= 4.130589723587036
E=-9.90674712905217,dE=-7.996797890541529e-07,std=0
L=-9.90674712905217,dL=-7.996797890541529e-07,std=0
	gnorm= 0.00011127126625247394
	symmetric= True
	solver time=0.009312868118286133,exit status=0
	SR solver time= 0.009347915649414062
	symmetric= False
	niter= 42
	niter= 348
	solver time=0.16234970092773438,exit status=0
	RGN solver time= 0.16239333152770996
	xnorm=6.30258145147352,dnorm=0.020024169726057275
	dense amplitude time= 0.05088305473327637
	total non-zero amplitudes= 4900
	nsamples per process= 50
	sample time= 0.45650243759155273
	self.n= 0.2424760880014257
	RGN updated loss=-9.906748030451816,dloss=-9.013996464801721e-07
step= 194

nparam= 1004
	dense amplitude time= 0.08290266990661621
	total non-zero amplitudes= 4900
	nsamples per process= 50
	sample time= 2.0823628902435303
	self.n= 0.24247608800142567
	collect g,h time= 4.128367900848389
E=-9.906748030451821,dE=-9.013996518092426e-07,std=0
L=-9.906748030451821,dL=-9.013996518092426e-07,std=0
	gnorm= 6.844131954087236e-05
	symmetric= True
	solver time=0.017363786697387695,exit status=0
	SR solver time= 0.017406225204467773
	symmetric= False
	niter= 38
	niter= 368
	solver time=0.15437674522399902,exit status=0
	RGN solver time= 0.15442228317260742
	xnorm=6.305425929500089,dnorm=0.019956003796730803
	dense amplitude time= 0.025895357131958008
	total non-zero amplitudes= 4900
	nsamples per process= 50
	sample time= 0.4524359703063965
	self.n= 0.24352990716350126
	RGN updated loss=-9.906748913386824,dloss=-8.829350033323635e-07
step= 195

nparam= 1004
	dense amplitude time= 0.11542367935180664
	total non-zero amplitudes= 4900
	nsamples per process= 50
	sample time= 2.0839240550994873
	self.n= 0.24352990716350156
	collect g,h time= 4.127906084060669
E=-9.906748913386824,dE=-8.829350033323635e-07,std=0
L=-9.906748913386824,dL=-8.829350033323635e-07,std=0
	gnorm= 0.0001279411825739399
	symmetric= True
	solver time=0.008219718933105469,exit status=0
	SR solver time= 0.008257627487182617
	symmetric= False
	niter= 40
	niter= 343
	solver time=0.11595344543457031,exit status=0
	RGN solver time= 0.11599612236022949
	xnorm=6.308272154582317,dnorm=0.02011530828753574
	dense amplitude time= 0.05542159080505371
	total non-zero amplitudes= 4900
	nsamples per process= 50
	sample time= 0.45321106910705566
	self.n= 0.24455199718156145
	RGN updated loss=-9.906749731966743,dloss=-8.185799185156384e-07
step= 196

nparam= 1004
	dense amplitude time= 0.11333990097045898
	total non-zero amplitudes= 4900
	nsamples per process= 50
	sample time= 2.0873208045959473
	self.n= 0.24455199718156118
	collect g,h time= 4.128493785858154
E=-9.906749731966741,dE=-8.185799167392815e-07,std=0
L=-9.906749731966741,dL=-8.185799167392815e-07,std=0
	gnorm= 7.489899064428939e-05
	symmetric= True
	solver time=0.007521390914916992,exit status=0
	SR solver time= 0.007559061050415039
	symmetric= False
	niter= 40
	niter= 371
	solver time=0.124786376953125,exit status=0
	RGN solver time= 0.12482976913452148
	xnorm=6.311362445339743,dnorm=0.020133264364625522
	dense amplitude time= 0.03154110908508301
	total non-zero amplitudes= 4900
	nsamples per process= 50
	sample time= 0.4519813060760498
	self.n= 0.24564136304500978
	RGN updated loss=-9.906750662752579,dloss=-9.307858377383127e-07
step= 197

nparam= 1004
	dense amplitude time= 0.19998788833618164
	total non-zero amplitudes= 4900
	nsamples per process= 50
	sample time= 2.086341142654419
	self.n= 0.24564136304500978
	collect g,h time= 4.142943620681763
E=-9.906750662752579,dE=-9.307858377383127e-07,std=0
L=-9.906750662752579,dL=-9.307858377383127e-07,std=0
	gnorm= 5.3217628107002427e-05
	symmetric= True
	solver time=0.006438732147216797,exit status=0
	SR solver time= 0.0064737796783447266
	symmetric= False
	niter= 36
	niter= 374
	solver time=0.12010455131530762,exit status=0
	RGN solver time= 0.12014341354370117
	xnorm=6.314244009693821,dnorm=0.020087395192091958
	dense amplitude time= 0.02484583854675293
	total non-zero amplitudes= 4900
	nsamples per process= 50
	sample time= 0.45003294944763184
	self.n= 0.2467401522592878
	RGN updated loss=-9.906751549260983,dloss=-8.865084044629157e-07
step= 198

nparam= 1004
	dense amplitude time= 0.0669867992401123
	total non-zero amplitudes= 4900
	nsamples per process= 50
	sample time= 2.0948104858398438
	self.n= 0.246740152259288
	collect g,h time= 4.142060279846191
E=-9.906751549260983,dE=-8.865084044629157e-07,std=0
L=-9.906751549260983,dL=-8.865084044629157e-07,std=0
	gnorm= 0.00012055792426964425
	symmetric= True
	solver time=0.04098010063171387,exit status=0
	SR solver time= 0.04106616973876953
	symmetric= False
	niter= 40
	niter= 343
	solver time=0.1336684226989746,exit status=0
	RGN solver time= 0.13371920585632324
	xnorm=6.317228291425283,dnorm=0.02031749874659749
	dense amplitude time= 0.05795931816101074
	total non-zero amplitudes= 4900
	nsamples per process= 50
	sample time= 0.4495110511779785
	self.n= 0.2478308126543458
	RGN updated loss=-9.906752389281367,dloss=-8.40020383918727e-07
step= 199

nparam= 1004
	dense amplitude time= 0.14442014694213867
	total non-zero amplitudes= 4900
	nsamples per process= 50
	sample time= 2.083648920059204
	self.n= 0.24783081265434614
	collect g,h time= 4.127351522445679
E=-9.90675238928137,dE=-8.400203874714407e-07,std=0
L=-9.90675238928137,dL=-8.400203874714407e-07,std=0
	gnorm= 9.728904388838824e-05
	symmetric= True
	solver time=0.008912086486816406,exit status=0
	SR solver time= 0.008953094482421875
	symmetric= False
	niter= 41
	niter= 352
	solver time=0.15834975242614746,exit status=0
	RGN solver time= 0.15839076042175293
	xnorm=6.320481446959392,dnorm=0.020287965863474016
	dense amplitude time= 0.05068397521972656
	total non-zero amplitudes= 4900
	nsamples per process= 50
	sample time= 0.44382619857788086
	self.n= 0.24896130878125192
	RGN updated loss=-9.906753332791842,dloss=-9.435104715294074e-07
step= 200

nparam= 1004
	dense amplitude time= 0.16518831253051758
	total non-zero amplitudes= 4900
	nsamples per process= 50
	sample time= 2.0644776821136475
	self.n= 0.24896130878125217
	collect g,h time= 4.15649938583374
E=-9.906753332791842,dE=-9.435104715294074e-07,std=0
L=-9.906753332791842,dL=-9.435104715294074e-07,std=0
	gnorm= 8.621828226031787e-05
	symmetric= True
	solver time=0.009455680847167969,exit status=0
	SR solver time= 0.009492635726928711
	symmetric= False
	niter= 38
	niter= 348
	solver time=0.12446069717407227,exit status=0
	RGN solver time= 0.12449908256530762
	xnorm=6.3234765423745,dnorm=0.020339161978170504
	dense amplitude time= 0.026059865951538086
	total non-zero amplitudes= 4900
	nsamples per process= 50
	sample time= 0.452268123626709
	self.n= 0.2501024281178501
	RGN updated loss=-9.906754247084873,dloss=-9.142930306182961e-07
step= 201

nparam= 1004
	dense amplitude time= 0.07635498046875
	total non-zero amplitudes= 4900
	nsamples per process= 50
	sample time= 2.090726852416992
	self.n= 0.25010242811785
	collect g,h time= 4.1283228397369385
E=-9.906754247084875,dE=-9.14293032394653e-07,std=0
L=-9.906754247084875,dL=-9.14293032394653e-07,std=0
	gnorm= 0.00013923645871702118
	symmetric= True
	solver time=0.048265933990478516,exit status=0
	SR solver time= 0.04831671714782715
	symmetric= False
	niter= 40
	niter= 343
	solver time=0.11741828918457031,exit status=0
	RGN solver time= 0.1174631118774414
	xnorm=6.326532413068012,dnorm=0.020577199900807433
	dense amplitude time= 0.026595354080200195
	total non-zero amplitudes= 4900
	nsamples per process= 50
	sample time= 0.4455220699310303
	self.n= 0.2512441174745823
	RGN updated loss=-9.906755108961104,dloss=-8.618762290524273e-07
step= 202

nparam= 1004
	dense amplitude time= 0.07929539680480957
	total non-zero amplitudes= 4900
	nsamples per process= 50
	sample time= 2.080566644668579
	self.n= 0.25124411747458264
	collect g,h time= 4.139045476913452
E=-9.906755108961102,dE=-8.618762272760705e-07,std=0
L=-9.906755108961102,dL=-8.618762272760705e-07,std=0
	gnorm= 0.00010984339424908811
	symmetric= True
	solver time=0.007115840911865234,exit status=0
	SR solver time= 0.007154226303100586
	symmetric= False
	niter= 41
	niter= 343
	solver time=0.1131134033203125,exit status=0
	RGN solver time= 0.11315226554870605
	xnorm=6.329888487908352,dnorm=0.020591570988771908
	dense amplitude time= 0.028842687606811523
	total non-zero amplitudes= 4900
	nsamples per process= 50
	sample time= 0.44835686683654785
	self.n= 0.25241811372546774
	RGN updated loss=-9.906756089212148,dloss=-9.802510465561909e-07
step= 203

nparam= 1004
	dense amplitude time= 0.14370250701904297
	total non-zero amplitudes= 4900
	nsamples per process= 50
	sample time= 2.0813586711883545
	self.n= 0.2524181137254679
	collect g,h time= 4.13590407371521
E=-9.906756089212145,dE=-9.802510430034772e-07,std=0
L=-9.906756089212145,dL=-9.802510430034772e-07,std=0
	gnorm= 6.647892147119401e-05
	symmetric= True
	solver time=0.0071332454681396484,exit status=0
	SR solver time= 0.007176637649536133
	symmetric= False
	niter= 38
	niter= 365
	solver time=0.17194128036499023,exit status=0
	RGN solver time= 0.17198562622070312
	xnorm=6.33294845546495,dnorm=0.02059635200987701
	dense amplitude time= 0.02723097801208496
	total non-zero amplitudes= 4900
	nsamples per process= 50
	sample time= 0.44891905784606934
	self.n= 0.25362339065633055
	RGN updated loss=-9.906757025756226,dloss=-9.365440813979831e-07
step= 204

nparam= 1004
	dense amplitude time= 0.10231590270996094
	total non-zero amplitudes= 4900
	nsamples per process= 50
	sample time= 2.0734407901763916
	self.n= 0.25362339065633044
	collect g,h time= 4.120988130569458
E=-9.906757025756225,dE=-9.365440796216262e-07,std=0
L=-9.906757025756225,dL=-9.365440796216262e-07,std=0
	gnorm= 6.80335949867177e-05
	symmetric= True
	solver time=0.016881227493286133,exit status=0
	SR solver time= 0.016924381256103516
	symmetric= False
	niter= 37
	niter= 367
	solver time=0.12691783905029297,exit status=0
	RGN solver time= 0.12696194648742676
	xnorm=6.336131618979851,dnorm=0.02072073795460058
	dense amplitude time= 0.02615809440612793
	total non-zero amplitudes= 4900
	nsamples per process= 50
	sample time= 0.4530141353607178
	self.n= 0.25482516740297984
	RGN updated loss=-9.906757981870284,dloss=-9.561140590363948e-07
step= 205

nparam= 1004
	dense amplitude time= 0.06192612648010254
	total non-zero amplitudes= 4900
	nsamples per process= 50
	sample time= 2.0907325744628906
	self.n= 0.25482516740298
	collect g,h time= 4.1289167404174805
E=-9.90675798187028,dE=-9.561140554836811e-07,std=0
L=-9.90675798187028,dL=-9.561140554836811e-07,std=0
	gnorm= 7.146760149250663e-05
	symmetric= True
	solver time=0.01893782615661621,exit status=0
	SR solver time= 0.018979787826538086
	symmetric= False
	niter= 38
	niter= 360
	solver time=0.1177971363067627,exit status=0
	RGN solver time= 0.11783766746520996
	xnorm=6.339305804841956,dnorm=0.020804613683881645
	dense amplitude time= 0.025811195373535156
	total non-zero amplitudes= 4900
	nsamples per process= 50
	sample time= 0.45188307762145996
	self.n= 0.2560532896845192
	RGN updated loss=-9.90675893633852,dloss=-9.544682395556947e-07
step= 206

nparam= 1004
	dense amplitude time= 0.1845722198486328
	total non-zero amplitudes= 4900
	nsamples per process= 50
	sample time= 2.087641954421997
	self.n= 0.25605328968451924
	collect g,h time= 4.132330894470215
E=-9.90675893633852,dE=-9.544682395556947e-07,std=0
L=-9.90675893633852,dL=-9.544682395556947e-07,std=0
	gnorm= 6.113191490605517e-05
	symmetric= True
	solver time=0.006547451019287109,exit status=0
	SR solver time= 0.006615877151489258
	symmetric= False
	niter= 38
	niter= 368
	solver time=0.13967680931091309,exit status=0
	RGN solver time= 0.13971757888793945
	xnorm=6.342577624104098,dnorm=0.020950571951658375
	dense amplitude time= 0.031107425689697266
	total non-zero amplitudes= 4900
	nsamples per process= 50
	sample time= 0.4517683982849121
	self.n= 0.25728482335945657
	RGN updated loss=-9.906759916339588,dloss=-9.800010687399663e-07
step= 207

nparam= 1004
	dense amplitude time= 0.08496642112731934
	total non-zero amplitudes= 4900
	nsamples per process= 50
	sample time= 2.0843067169189453
	self.n= 0.25728482335945646
	collect g,h time= 4.12289834022522
E=-9.906759916339588,dE=-9.800010687399663e-07,std=0
L=-9.906759916339588,dL=-9.800010687399663e-07,std=0
	gnorm= 0.00010353995310089233
	symmetric= True
	solver time=0.012185096740722656,exit status=0
	SR solver time= 0.012228012084960938
	symmetric= False
	niter= 41
	niter= 343
	solver time=0.11067795753479004,exit status=0
	RGN solver time= 0.11072278022766113
	xnorm=6.3458009921851,dnorm=0.02113344455750071
	dense amplitude time= 0.026158571243286133
	total non-zero amplitudes= 4900
	nsamples per process= 50
	sample time= 0.44951820373535156
	self.n= 0.2585608256105796
	RGN updated loss=-9.90676089689642,dloss=-9.80556832175239e-07
step= 208

nparam= 1004
	dense amplitude time= 0.1846909523010254
	total non-zero amplitudes= 4900
	nsamples per process= 50
	sample time= 2.0781660079956055
	self.n= 0.25856082561057975
	collect g,h time= 4.121033430099487
E=-9.90676089689642,dE=-9.80556832175239e-07,std=0
L=-9.90676089689642,dL=-9.80556832175239e-07,std=0
	gnorm= 6.954675554388959e-05
	symmetric= True
	solver time=0.017750263214111328,exit status=0
	SR solver time= 0.017795801162719727
	symmetric= False
	niter= 39
	niter= 360
	solver time=0.10875892639160156,exit status=0
	RGN solver time= 0.1088097095489502
	xnorm=6.349084763339982,dnorm=0.021274635642994043
	dense amplitude time= 0.0256655216217041
	total non-zero amplitudes= 4900
	nsamples per process= 50
	sample time= 0.44712018966674805
	self.n= 0.2598409718952388
	RGN updated loss=-9.906761917727213,dloss=-1.0208307923420534e-06
step= 209

nparam= 1004
	dense amplitude time= 0.18084049224853516
	total non-zero amplitudes= 4900
	nsamples per process= 50
	sample time= 2.0821945667266846
	self.n= 0.25984097189523886
	collect g,h time= 4.129497289657593
E=-9.906761917727213,dE=-1.0208307923420534e-06,std=0
L=-9.906761917727213,dL=-1.0208307923420534e-06,std=0
	gnorm= 7.71522129346431e-05
	symmetric= True
	solver time=0.007940053939819336,exit status=0
	SR solver time= 0.007980585098266602
	symmetric= False
	niter= 38
	niter= 350
	solver time=0.1076955795288086,exit status=0
	RGN solver time= 0.10773873329162598
	xnorm=6.352366983404052,dnorm=0.02147110651239887
	dense amplitude time= 0.0261688232421875
	total non-zero amplitudes= 4900
	nsamples per process= 50
	sample time= 0.4351334571838379
	self.n= 0.2611475661832606
	RGN updated loss=-9.906762949828854,dloss=-1.0321016414849282e-06
step= 210

nparam= 1004
	dense amplitude time= 0.04069161415100098
	total non-zero amplitudes= 4900
	nsamples per process= 50
	sample time= 2.0487170219421387
	self.n= 0.26114756618326074
	collect g,h time= 4.130186557769775
E=-9.906762949828854,dE=-1.0321016414849282e-06,std=0
L=-9.906762949828854,dL=-1.0321016414849282e-06,std=0
	gnorm= 5.966430133248134e-05
	symmetric= True
	solver time=0.018434524536132812,exit status=0
	SR solver time= 0.018481969833374023
	symmetric= False
	niter= 36
	niter= 372
	solver time=0.14095854759216309,exit status=0
	RGN solver time= 0.1410067081451416
	xnorm=6.355674868074405,dnorm=0.021638003651358075
	dense amplitude time= 0.04964137077331543
	total non-zero amplitudes= 4900
	nsamples per process= 50
	sample time= 0.437847375869751
	self.n= 0.2624759173085547
	RGN updated loss=-9.906763999052169,dloss=-1.0492233144532292e-06
step= 211

nparam= 1004
	dense amplitude time= 0.17623329162597656
	total non-zero amplitudes= 4900
	nsamples per process= 50
	sample time= 2.0516512393951416
	self.n= 0.2624759173085547
	collect g,h time= 4.130673408508301
E=-9.906763999052169,dE=-1.0492233144532292e-06,std=0
L=-9.906763999052169,dL=-1.0492233144532292e-06,std=0
	gnorm= 0.00013137128427367017
	symmetric= True
	solver time=0.0076787471771240234,exit status=0
	SR solver time= 0.007722377777099609
	symmetric= False
	niter= 41
	niter= 339
	solver time=0.10931730270385742,exit status=0
	RGN solver time= 0.10936212539672852
	xnorm=6.359029582687761,dnorm=0.021866132555734417
	dense amplitude time= 0.05805230140686035
	total non-zero amplitudes= 4900
	nsamples per process= 50
	sample time= 0.4377727508544922
	self.n= 0.26384567603781345
	RGN updated loss=-9.906765065773012,dloss=-1.0667208432124653e-06
step= 212

nparam= 1004
	dense amplitude time= 0.09366679191589355
	total non-zero amplitudes= 4900
	nsamples per process= 50
	sample time= 2.052166223526001
	self.n= 0.2638456760378137
	collect g,h time= 4.132071256637573
E=-9.906765065773014,dE=-1.0667208449888221e-06,std=0
L=-9.906765065773014,dL=-1.0667208449888221e-06,std=0
	gnorm= 8.261646501924979e-05
	symmetric= True
	solver time=0.008508920669555664,exit status=0
	SR solver time= 0.008643865585327148
	symmetric= False
	niter= 39
	niter= 346
	solver time=0.10900306701660156,exit status=0
	RGN solver time= 0.10904502868652344
	xnorm=6.362450679723017,dnorm=0.022081140684361844
	dense amplitude time= 0.025902271270751953
	total non-zero amplitudes= 4900
	nsamples per process= 50
	sample time= 0.44197773933410645
	self.n= 0.26521071464260837
	RGN updated loss=-9.906766159045937,dloss=-1.0932729228585458e-06
step= 213

nparam= 1004
	dense amplitude time= 0.18418216705322266
	total non-zero amplitudes= 4900
	nsamples per process= 50
	sample time= 2.0625860691070557
	self.n= 0.2652107146426086
	collect g,h time= 4.128302574157715
E=-9.906766159045938,dE=-1.0932729246349027e-06,std=0
L=-9.906766159045938,dL=-1.0932729246349027e-06,std=0
	gnorm= 6.601218493533891e-05
	symmetric= True
	solver time=0.01809072494506836,exit status=0
	SR solver time= 0.018135786056518555
	symmetric= False
	niter= 38
	niter= 362
	solver time=0.1399836540222168,exit status=0
	RGN solver time= 0.14003586769104004
	xnorm=6.365885309360493,dnorm=0.02226491471316145
	dense amplitude time= 0.04370689392089844
	total non-zero amplitudes= 4900
	nsamples per process= 50
	sample time= 0.4462556838989258
	self.n= 0.26662832122935354
	RGN updated loss=-9.906767278573072,dloss=-1.1195271341080115e-06
step= 214

nparam= 1004
	dense amplitude time= 0.14844775199890137
	total non-zero amplitudes= 4900
	nsamples per process= 50
	sample time= 2.074726104736328
	self.n= 0.26662832122935387
	collect g,h time= 4.163195371627808
E=-9.906767278573072,dE=-1.1195271341080115e-06,std=0
L=-9.906767278573072,dL=-1.1195271341080115e-06,std=0
	gnorm= 0.00019148641796822388
	symmetric= True
	solver time=0.04257321357727051,exit status=0
	SR solver time= 0.04266166687011719
	symmetric= False
	niter= 42
	niter= 315
	solver time=0.1897733211517334,exit status=0
	RGN solver time= 0.1898183822631836
	xnorm=6.3693517558617065,dnorm=0.022518370959767536
	dense amplitude time= 0.030341148376464844
	total non-zero amplitudes= 4900
	nsamples per process= 50
	sample time= 0.44129180908203125
	self.n= 0.2680570914095287
	RGN updated loss=-9.906768417365512,dloss=-1.1387924399031135e-06
step= 215

nparam= 1004
	dense amplitude time= 0.1414623260498047
	total non-zero amplitudes= 4900
	nsamples per process= 50
	sample time= 2.063258647918701
	self.n= 0.26805709140952894
	collect g,h time= 4.127562999725342
E=-9.906768417365512,dE=-1.1387924399031135e-06,std=0
L=-9.906768417365512,dL=-1.1387924399031135e-06,std=0
	gnorm= 0.0001316022458395312
	symmetric= True
	solver time=0.007233381271362305,exit status=0
	SR solver time= 0.007281780242919922
	symmetric= False
	niter= 40
	niter= 340
	solver time=0.12613320350646973,exit status=0
	RGN solver time= 0.126176118850708
	xnorm=6.372847149727493,dnorm=0.022809471073927983
	dense amplitude time= 0.026256084442138672
	total non-zero amplitudes= 4900
	nsamples per process= 50
	sample time= 0.44420480728149414
	self.n= 0.2695013392336402
	RGN updated loss=-9.906769586291897,dloss=-1.168926385020086e-06
step= 216

nparam= 1004
	dense amplitude time= 0.1687030792236328
	total non-zero amplitudes= 4900
	nsamples per process= 50
	sample time= 2.0702731609344482
	self.n= 0.2695013392336404
	collect g,h time= 4.130329608917236
E=-9.906769586291897,dE=-1.168926385020086e-06,std=0
L=-9.906769586291897,dL=-1.168926385020086e-06,std=0
	gnorm= 7.629290274877684e-05
	symmetric= True
	solver time=0.008223533630371094,exit status=0
	SR solver time= 0.008266210556030273
	symmetric= False
	niter= 38
	niter= 348
	solver time=0.10773277282714844,exit status=0
	RGN solver time= 0.10777831077575684
	xnorm=6.376384476701737,dnorm=0.023030695121328746
	dense amplitude time= 0.06366896629333496
	total non-zero amplitudes= 4900
	nsamples per process= 50
	sample time= 0.4411129951477051
	self.n= 0.2710009206772007
	RGN updated loss=-9.906770795399753,dloss=-1.2091078556153434e-06
step= 217

nparam= 1004
	dense amplitude time= 0.06513595581054688
	total non-zero amplitudes= 4900
	nsamples per process= 50
	sample time= 2.0661163330078125
	self.n= 0.2710009206772006
	collect g,h time= 4.1563849449157715
E=-9.906770795399753,dE=-1.2091078556153434e-06,std=0
L=-9.906770795399753,dL=-1.2091078556153434e-06,std=0
	gnorm= 7.124706644853265e-05
	symmetric= True
	solver time=0.01789379119873047,exit status=0
	SR solver time= 0.017937660217285156
	symmetric= False
	niter= 37
	niter= 358
	solver time=0.13233327865600586,exit status=0
	RGN solver time= 0.13237833976745605
	xnorm=6.379961899147658,dnorm=0.023321754399051275
	dense amplitude time= 0.02590012550354004
	total non-zero amplitudes= 4900
	nsamples per process= 50
	sample time= 0.44652605056762695
	self.n= 0.2725102385929293
	RGN updated loss=-9.906772020582112,dloss=-1.2251823591213906e-06
step= 218

nparam= 1004
	dense amplitude time= 0.18274450302124023
	total non-zero amplitudes= 4900
	nsamples per process= 50
	sample time= 2.0644121170043945
	self.n= 0.27251023859292967
	collect g,h time= 4.121412038803101
E=-9.906772020582114,dE=-1.2251823608977475e-06,std=0
L=-9.906772020582114,dL=-1.2251823608977475e-06,std=0
	gnorm= 7.676925013072512e-05
	symmetric= True
	solver time=0.00751185417175293,exit status=0
	SR solver time= 0.007560253143310547
	symmetric= False
	niter= 37
	niter= 347
	solver time=0.12379813194274902,exit status=0
	RGN solver time= 0.12384581565856934
	xnorm=6.383573994484377,dnorm=0.023610824034586357
	dense amplitude time= 0.025928497314453125
	total non-zero amplitudes= 4900
	nsamples per process= 50
	sample time= 0.4439873695373535
	self.n= 0.27406929922019163
	RGN updated loss=-9.906773293776276,dloss=-1.2731941616550557e-06
step= 219

nparam= 1004
	dense amplitude time= 0.18843317031860352
	total non-zero amplitudes= 4900
	nsamples per process= 50
	sample time= 2.0693252086639404
	self.n= 0.2740692992201916
	collect g,h time= 4.129544496536255
E=-9.906773293776274,dE=-1.2731941598786989e-06,std=0
L=-9.906773293776274,dL=-1.2731941598786989e-06,std=0
	gnorm= 7.77784829297301e-05
	symmetric= True
	solver time=0.02107095718383789,exit status=0
	SR solver time= 0.021112442016601562
	symmetric= False
	niter= 37
	niter= 349
	solver time=0.11327791213989258,exit status=0
	RGN solver time= 0.11332154273986816
	xnorm=6.387191943936591,dnorm=0.02396643116150015
	dense amplitude time= 0.05413365364074707
	total non-zero amplitudes= 4900
	nsamples per process= 50
	sample time= 0.44155216217041016
	self.n= 0.27564828225611343
	RGN updated loss=-9.906774592138914,dloss=-1.298362640511641e-06
step= 220

nparam= 1004
	dense amplitude time= 0.16917061805725098
	total non-zero amplitudes= 4900
	nsamples per process= 50
	sample time= 2.0707509517669678
	self.n= 0.27564828225611343
	collect g,h time= 4.125360012054443
E=-9.906774592138914,dE=-1.298362640511641e-06,std=0
L=-9.906774592138914,dL=-1.298362640511641e-06,std=0
	gnorm= 7.826082115524211e-05
	symmetric= True
	solver time=0.016641616821289062,exit status=0
	SR solver time= 0.016684293746948242
	symmetric= False
	niter= 38
	niter= 349
	solver time=0.12047410011291504,exit status=0
	RGN solver time= 0.12051558494567871
	xnorm=6.390830247050409,dnorm=0.024277532915313916
	dense amplitude time= 0.05596017837524414
	total non-zero amplitudes= 4900
	nsamples per process= 50
	sample time= 0.4454929828643799
	self.n= 0.2772667670029991
	RGN updated loss=-9.906775941833109,dloss=-1.3496941946300467e-06
step= 221

nparam= 1004
	dense amplitude time= 0.17054033279418945
	total non-zero amplitudes= 4900
	nsamples per process= 50
	sample time= 2.068420648574829
	self.n= 0.2772667670029998
	collect g,h time= 4.125313758850098
E=-9.906775941833107,dE=-1.3496941928536899e-06,std=0
L=-9.906775941833107,dL=-1.3496941928536899e-06,std=0
	gnorm= 8.73084010888813e-05
	symmetric= True
	solver time=0.00757145881652832,exit status=0
	SR solver time= 0.007607936859130859
	symmetric= False
	niter= 37
	niter= 345
	solver time=0.10385274887084961,exit status=0
	RGN solver time= 0.1038980484008789
	xnorm=6.39452458566796,dnorm=0.024663705852230506
	dense amplitude time= 0.0396876335144043
	total non-zero amplitudes= 4900
	nsamples per process= 50
	sample time= 0.5766832828521729
	self.n= 0.27890067443821065
	RGN updated loss=-9.906777327036181,dloss=-1.3852030740224563e-06
step= 222

nparam= 1004
	dense amplitude time= 0.03723478317260742
	total non-zero amplitudes= 4900
	nsamples per process= 50
	sample time= 2.069826126098633
	self.n= 0.27890067443821054
	collect g,h time= 4.118915796279907
E=-9.90677732703618,dE=-1.3852030722460995e-06,std=0
L=-9.90677732703618,dL=-1.3852030722460995e-06,std=0
	gnorm= 9.595940061849418e-05
	symmetric= True
	solver time=0.00792384147644043,exit status=0
	SR solver time= 0.007963180541992188
	symmetric= False
	niter= 37
	niter= 343
	solver time=0.10603928565979004,exit status=0
	RGN solver time= 0.10608148574829102
	xnorm=6.398216986580739,dnorm=0.024974257135781233
	dense amplitude time= 0.029638051986694336
	total non-zero amplitudes= 4900
	nsamples per process= 50
	sample time= 0.44536852836608887
	self.n= 0.28057570750779726
	RGN updated loss=-9.906778754363101,dloss=-1.4273269215436812e-06
step= 223

nparam= 1004
	dense amplitude time= 0.07514572143554688
	total non-zero amplitudes= 4900
	nsamples per process= 50
	sample time= 2.0771219730377197
	self.n= 0.2805757075077972
	collect g,h time= 4.124194622039795
E=-9.906778754363103,dE=-1.427326923320038e-06,std=0
L=-9.906778754363103,dL=-1.427326923320038e-06,std=0
	gnorm= 0.00020526689694128048
	symmetric= True
	solver time=0.04881119728088379,exit status=0
	SR solver time= 0.04887890815734863
	symmetric= False
	niter= 43
	niter= 312
	solver time=0.10492682456970215,exit status=0
	RGN solver time= 0.1049809455871582
	xnorm=6.401960481879986,dnorm=0.02538414617439024
	dense amplitude time= 0.04200577735900879
	total non-zero amplitudes= 4900
	nsamples per process= 50
	sample time= 0.4437873363494873
	self.n= 0.2822990815889067
	RGN updated loss=-9.906780223086297,dloss=-1.4687231946197699e-06
step= 224

nparam= 1004
	dense amplitude time= 0.11066102981567383
	total non-zero amplitudes= 4900
	nsamples per process= 50
	sample time= 2.0731887817382812
	self.n= 0.2822990815889068
	collect g,h time= 4.134649276733398
E=-9.906780223086297,dE=-1.4687231946197699e-06,std=0
L=-9.906780223086297,dL=-1.4687231946197699e-06,std=0
	gnorm= 0.00011368972701793392
	symmetric= True
	solver time=0.037123680114746094,exit status=0
	SR solver time= 0.0371701717376709
	symmetric= False
	niter= 40
	niter= 343
	solver time=0.10958480834960938,exit status=0
	RGN solver time= 0.10963034629821777
	xnorm=6.405692143914281,dnorm=0.025871927782387002
	dense amplitude time= 0.031005382537841797
	total non-zero amplitudes= 4900
	nsamples per process= 50
	sample time= 0.44836854934692383
	self.n= 0.284044676152355
	RGN updated loss=-9.906781742634346,dloss=-1.519548048278807e-06
step= 225

nparam= 1004
	dense amplitude time= 0.09912538528442383
	total non-zero amplitudes= 4900
	nsamples per process= 50
	sample time= 2.0745344161987305
	self.n= 0.2840446761523552
	collect g,h time= 4.124279260635376
E=-9.906781742634346,dE=-1.519548048278807e-06,std=0
L=-9.906781742634346,dL=-1.519548048278807e-06,std=0
	gnorm= 0.0002031242953481386
	symmetric= True
	solver time=0.018622398376464844,exit status=0
	SR solver time= 0.018666982650756836
	symmetric= False
	niter= 43
	niter= 312
	solver time=0.09649157524108887,exit status=0
	RGN solver time= 0.09653925895690918
	xnorm=6.409558064822648,dnorm=0.026085603282283338
	dense amplitude time= 0.0561833381652832
	total non-zero amplitudes= 4900
	nsamples per process= 50
	sample time= 0.4458916187286377
	self.n= 0.28579594109428386
	RGN updated loss=-9.906783306615852,dloss=-1.563981506080836e-06
step= 226

nparam= 1004
	dense amplitude time= 0.04491782188415527
	total non-zero amplitudes= 4900
	nsamples per process= 50
	sample time= 2.0718648433685303
	self.n= 0.2857959410942837
	collect g,h time= 4.1287782192230225
E=-9.90678330661585,dE=-1.5639815043044791e-06,std=0
L=-9.90678330661585,dL=-1.5639815043044791e-06,std=0
	gnorm= 0.00015563083059031031
	symmetric= True
	solver time=0.008364439010620117,exit status=0
	SR solver time= 0.008408069610595703
	symmetric= False
	niter= 39
	niter= 326
	solver time=0.12780213356018066,exit status=0
	RGN solver time= 0.12784552574157715
	xnorm=6.413333365722448,dnorm=0.026516930241842943
	dense amplitude time= 0.040950775146484375
	total non-zero amplitudes= 4900
	nsamples per process= 50
	sample time= 0.4436171054840088
	self.n= 0.28756070702912184
	RGN updated loss=-9.906784928113764,dloss=-1.6214979137174623e-06
step= 227

nparam= 1004
	dense amplitude time= 0.04558372497558594
	total non-zero amplitudes= 4900
	nsamples per process= 50
	sample time= 2.073714256286621
	self.n= 0.2875607070291216
	collect g,h time= 4.121228456497192
E=-9.906784928113764,dE=-1.6214979137174623e-06,std=0
L=-9.906784928113764,dL=-1.6214979137174623e-06,std=0
	gnorm= 0.00011335946031864468
	symmetric= True
	niter= 37
	solver time=0.008162975311279297,exit status=0
	SR solver time= 0.008208274841308594
	symmetric= False
	niter= 342
	solver time=0.130385160446167,exit status=0
	RGN solver time= 0.1304457187652588
	xnorm=6.417204976030738,dnorm=0.026895974800767993
	dense amplitude time= 0.030899524688720703
	total non-zero amplitudes= 4900
	nsamples per process= 50
	sample time= 0.44576168060302734
	self.n= 0.2893699017831632
	RGN updated loss=-9.90678659556337,dloss=-1.6674496059465582e-06
step= 228

nparam= 1004
	dense amplitude time= 0.04316353797912598
	total non-zero amplitudes= 4900
	nsamples per process= 50
	sample time= 2.0679874420166016
	self.n= 0.28936990178316346
	collect g,h time= 4.11994743347168
E=-9.90678659556337,dE=-1.6674496059465582e-06,std=0
L=-9.90678659556337,dL=-1.6674496059465582e-06,std=0
	gnorm= 0.00010683264211529062
	symmetric= True
	solver time=0.0072596073150634766,exit status=0
	SR solver time= 0.007302522659301758
	symmetric= False
	niter= 38
	niter= 343
	solver time=0.10857009887695312,exit status=0
	RGN solver time= 0.10861086845397949
	xnorm=6.421080576439384,dnorm=0.027290731247751457
	dense amplitude time= 0.026278972625732422
	total non-zero amplitudes= 4900
	nsamples per process= 50
	sample time= 0.44559574127197266
	self.n= 0.2912347839090272
	RGN updated loss=-9.90678830603269,dloss=-1.7104693199598842e-06
step= 229

nparam= 1004
	dense amplitude time= 0.03407549858093262
	total non-zero amplitudes= 4900
	nsamples per process= 50
	sample time= 2.0726282596588135
	self.n= 0.29123478390902763
	collect g,h time= 4.124099016189575
E=-9.906788306032691,dE=-1.710469321736241e-06,std=0
L=-9.906788306032691,dL=-1.710469321736241e-06,std=0
	gnorm= 9.108741734473232e-05
	symmetric= True
	niter= 37
	solver time=0.02544569969177246,exit status=0
	SR solver time= 0.025491952896118164
	symmetric= False
	solver time=0.10952329635620117,exit status=0
	RGN solver time= 0.10956525802612305
	xnorm=6.42500519565681,dnorm=0.027633135330466088
	niter= 343
	dense amplitude time= 0.02578449249267578
	total non-zero amplitudes= 4900
	nsamples per process= 50
	sample time= 0.4402909278869629
	self.n= 0.29308984495656454
	RGN updated loss=-9.906790065136633,dloss=-1.7591039416231524e-06
step= 230

nparam= 1004
	dense amplitude time= 0.053313255310058594
	total non-zero amplitudes= 4900
	nsamples per process= 50
	sample time= 2.0634052753448486
	self.n= 0.2930898449565647
	collect g,h time= 4.128493070602417
E=-9.906790065136637,dE=-1.759103945175866e-06,std=0
L=-9.906790065136637,dL=-1.759103945175866e-06,std=0
	gnorm= 8.930615441954676e-05
	symmetric= True
	solver time=0.006186723709106445,exit status=0
	SR solver time= 0.0062329769134521484
	symmetric= False
	niter= 37
	niter= 343
	solver time=0.13346195220947266,exit status=0
	RGN solver time= 0.13350629806518555
	xnorm=6.428903234237751,dnorm=0.027891428493039664
	dense amplitude time= 0.027894973754882812
	total non-zero amplitudes= 4900
	nsamples per process= 50
	sample time= 0.4430546760559082
	self.n= 0.29496330966873774
	RGN updated loss=-9.906791853514248,dloss=-1.788377611333658e-06
step= 231

nparam= 1004
	dense amplitude time= 0.06985878944396973
	total non-zero amplitudes= 4900
	nsamples per process= 50
	sample time= 2.0663397312164307
	self.n= 0.29496330966873796
	collect g,h time= 4.132700204849243
E=-9.90679185351425,dE=-1.7883776131100149e-06,std=0
L=-9.90679185351425,dL=-1.7883776131100149e-06,std=0
	gnorm= 0.00010157827560731477
	symmetric= True
	solver time=0.028055906295776367,exit status=0
	SR solver time= 0.028104066848754883
	symmetric= False
	niter= 38
	niter= 343
	solver time=0.10759234428405762,exit status=0
	RGN solver time= 0.10763263702392578
	xnorm=6.432831947128277,dnorm=0.0281947255820574
	dense amplitude time= 0.025684356689453125
	total non-zero amplitudes= 4900
	nsamples per process= 50
	sample time= 0.44281768798828125
	self.n= 0.2968550826345285
	RGN updated loss=-9.906793681193433,dloss=-1.8276791831084438e-06
step= 232

nparam= 1004
	dense amplitude time= 0.09487533569335938
	total non-zero amplitudes= 4900
	nsamples per process= 50
	sample time= 2.0679268836975098
	self.n= 0.29685508263452864
	collect g,h time= 4.129589319229126
E=-9.906793681193433,dE=-1.8276791831084438e-06,std=0
L=-9.906793681193433,dL=-1.8276791831084438e-06,std=0
	gnorm= 9.059044303052947e-05
	symmetric= True
	solver time=0.028092622756958008,exit status=0
	SR solver time= 0.028143882751464844
	symmetric= False
	niter= 37
	niter= 343
	solver time=0.14332008361816406,exit status=0
	RGN solver time= 0.14336085319519043
	xnorm=6.436713029206602,dnorm=0.02859667259852744
	dense amplitude time= 0.05105447769165039
	total non-zero amplitudes= 4900
	nsamples per process= 50
	sample time= 0.4427609443664551
	self.n= 0.2987724959857403
	RGN updated loss=-9.90679556633037,dloss=-1.88513693721859e-06
step= 233

nparam= 1004
	dense amplitude time= 0.046350717544555664
	total non-zero amplitudes= 4900
	nsamples per process= 50
	sample time= 2.067115545272827
	self.n= 0.2987724959857402
	collect g,h time= 4.126233816146851
E=-9.906795566330366,dE=-1.8851369336658763e-06,std=0
L=-9.906795566330366,dL=-1.8851369336658763e-06,std=0
	gnorm= 9.43366834494922e-05
	symmetric= True
	solver time=0.01954364776611328,exit status=0
	SR solver time= 0.01960301399230957	niter= 37

	symmetric= False
	niter= 343
	solver time=0.10974645614624023,exit status=0
	RGN solver time= 0.10978960990905762
	xnorm=6.440649316188861,dnorm=0.028864502214253747
	dense amplitude time= 0.0533294677734375
	total non-zero amplitudes= 4900
	nsamples per process= 50
	sample time= 0.44720983505249023
	self.n= 0.3007030404814417
	RGN updated loss=-9.906797473179758,dloss=-1.9068493912755002e-06
step= 234

nparam= 1004
	dense amplitude time= 0.06044769287109375
	total non-zero amplitudes= 4900
	nsamples per process= 50
	sample time= 2.0752761363983154
	self.n= 0.3007030404814418
	collect g,h time= 4.123196601867676
E=-9.906797473179758,dE=-1.9068493912755002e-06,std=0
L=-9.906797473179758,dL=-1.9068493912755002e-06,std=0
	gnorm= 9.147152088110151e-05
	symmetric= True
	solver time=0.01882481575012207,exit status=0
	SR solver time= 0.01886439323425293
	symmetric= False
	niter= 37
	niter= 343
	solver time=0.1216120719909668,exit status=0
	RGN solver time= 0.12165021896362305
	xnorm=6.444586965548385,dnorm=0.02907404788237294
	dense amplitude time= 0.031005859375
	total non-zero amplitudes= 4900
	nsamples per process= 50
	sample time= 0.4465358257293701
	self.n= 0.3026195112691341
	RGN updated loss=-9.906799408629222,dloss=-1.9354494646961484e-06
step= 235

nparam= 1004
	dense amplitude time= 0.04523158073425293
	total non-zero amplitudes= 4900
	nsamples per process= 50
	sample time= 2.0915989875793457
	self.n= 0.3026195112691345
	collect g,h time= 4.15109658241272
E=-9.90679940862922,dE=-1.9354494629197916e-06,std=0
L=-9.90679940862922,dL=-1.9354494629197916e-06,std=0
	gnorm= 0.0003367276922501118
	symmetric= True
	solver time=0.019833087921142578,exit status=0
	SR solver time= 0.019893646240234375
	symmetric= False
	niter= 44
	niter= 289
	solver time=0.0893239974975586,exit status=0
	RGN solver time= 0.08937335014343262
	xnorm=6.448557611844531,dnorm=0.02928608273149406
	dense amplitude time= 0.06256866455078125
	total non-zero amplitudes= 4900
	nsamples per process= 50
	sample time= 0.4392557144165039
	self.n= 0.30453638734064414
	RGN updated loss=-9.90680132577629,dloss=-1.91714706865298e-06
step= 236

nparam= 1004
	dense amplitude time= 0.08905506134033203
	total non-zero amplitudes= 4900
	nsamples per process= 50
	sample time= 2.061453104019165
	self.n= 0.30453638734064464
	collect g,h time= 4.124220371246338
E=-9.90680132577629,dE=-1.91714706865298e-06,std=0
L=-9.90680132577629,dL=-1.91714706865298e-06,std=0
	gnorm= 0.0001510840587808472
	symmetric= True
	solver time=0.0070569515228271484,exit status=0
	SR solver time= 0.0070972442626953125
	symmetric= False
	niter= 41
	niter= 317
	solver time=0.12552428245544434,exit status=0
	RGN solver time= 0.12557649612426758
	xnorm=6.452508383220202,dnorm=0.029368461206349276
	dense amplitude time= 0.031202077865600586
	total non-zero amplitudes= 4900
	nsamples per process= 50
	sample time= 0.44002747535705566
	self.n= 0.3064514818776114
	RGN updated loss=-9.90680333091336,dloss=-2.0051370714924133e-06
step= 237

nparam= 1004
	dense amplitude time= 0.07359719276428223
	total non-zero amplitudes= 4900
	nsamples per process= 50
	sample time= 2.0632386207580566
	self.n= 0.30645148187761173
	collect g,h time= 4.129695177078247
E=-9.906803330913363,dE=-2.00513707326877e-06,std=0
L=-9.906803330913363,dL=-2.00513707326877e-06,std=0
	gnorm= 9.450586136677069e-05
	symmetric= True
	solver time=0.01877284049987793,exit status=0
	SR solver time= 0.018813610076904297
	symmetric= False
	niter= 36
	niter= 343
	solver time=0.12494182586669922,exit status=0
	RGN solver time= 0.12498807907104492
	xnorm=6.456469198972893,dnorm=0.029520311839969938
	dense amplitude time= 0.03624582290649414
	total non-zero amplitudes= 4900
	nsamples per process= 50
	sample time= 0.440746545791626
	self.n= 0.30837405094279935
	RGN updated loss=-9.906805314802348,dloss=-1.9838889855350317e-06
step= 238

nparam= 1004
	dense amplitude time= 0.03433561325073242
	total non-zero amplitudes= 4900
	nsamples per process= 50
	sample time= 2.0640499591827393
	self.n= 0.30837405094279924
	collect g,h time= 4.150253057479858
E=-9.906805314802352,dE=-1.9838889890877454e-06,std=0
L=-9.906805314802352,dL=-1.9838889890877454e-06,std=0
	gnorm= 9.396561847150041e-05
	symmetric= True
	solver time=0.01011800765991211,exit status=0
	SR solver time= 0.010167837142944336
	symmetric= False
	niter= 37
	niter= 343
	solver time=0.10431909561157227,exit status=0
	RGN solver time= 0.10436153411865234
	xnorm=6.4604129923728975,dnorm=0.029617402133038713
	dense amplitude time= 0.02830648422241211
	total non-zero amplitudes= 4900
	nsamples per process= 50
	sample time= 0.44477272033691406
	self.n= 0.3102792907136517
	RGN updated loss=-9.906807309339987,dloss=-1.9945376354968403e-06
step= 239

nparam= 1004
	dense amplitude time= 0.04537320137023926
	total non-zero amplitudes= 4900
	nsamples per process= 50
	sample time= 2.06485652923584
	self.n= 0.31027929071365185
	collect g,h time= 4.126793384552002
E=-9.906807309339987,dE=-1.9945376354968403e-06,std=0
L=-9.906807309339987,dL=-1.9945376354968403e-06,std=0
	gnorm= 0.00032979422161876306
	symmetric= True
	solver time=0.025525808334350586,exit status=0
	SR solver time= 0.025579214096069336
	symmetric= False
	niter= 44
	niter= 285
	solver time=0.10848593711853027,exit status=0
	RGN solver time= 0.10854673385620117
	xnorm=6.464356334162868,dnorm=0.02965656920836321
	dense amplitude time= 0.025825023651123047
	total non-zero amplitudes= 4900
	nsamples per process= 50
	sample time= 0.44162774085998535
	self.n= 0.31216517234554775
	RGN updated loss=-9.90680925128159,dloss=-1.9419416030785897e-06
step= 240

nparam= 1004
	dense amplitude time= 0.035964012145996094
	total non-zero amplitudes= 4900
	nsamples per process= 50
	sample time= 2.0626280307769775
	self.n= 0.31216517234554836
	collect g,h time= 4.122938632965088
E=-9.906809251281587,dE=-1.941941599525876e-06,std=0
L=-9.906809251281587,dL=-1.941941599525876e-06,std=0
	gnorm= 0.0001480591734338016
	symmetric= True
	solver time=0.015115499496459961,exit status=0
	SR solver time= 0.01516103744506836
	symmetric= False
	niter= 41
	niter= 314
	solver time=0.09737062454223633,exit status=0
	RGN solver time= 0.09740924835205078
	xnorm=6.468284935108608,dnorm=0.0296878911892545
	dense amplitude time= 0.0509335994720459
	total non-zero amplitudes= 4900
	nsamples per process= 50
	sample time= 0.4405672550201416
	self.n= 0.31403271637280794
	RGN updated loss=-9.90681128182804,dloss=-2.0305464527581307e-06
step= 241

nparam= 1004
	dense amplitude time= 0.0389859676361084
	total non-zero amplitudes= 4900
	nsamples per process= 50
	sample time= 2.0654261112213135
	self.n= 0.3140327163728076
	collect g,h time= 4.1213908195495605
E=-9.906811281828041,dE=-2.0305464545344876e-06,std=0
L=-9.906811281828041,dL=-2.0305464545344876e-06,std=0
	gnorm= 0.00014116493155444035
	symmetric= True
	solver time=0.007501363754272461,exit status=0
	SR solver time= 0.007540464401245117
	symmetric= False
	niter= 42
	niter= 316
	solver time=0.09623837471008301,exit status=0
	RGN solver time= 0.09629344940185547
	xnorm=6.472177186018484,dnorm=0.02973228507911418
	dense amplitude time= 0.03695082664489746
	total non-zero amplitudes= 4900
	nsamples per process= 50
	sample time= 0.43903088569641113
	self.n= 0.3158995773167529
	RGN updated loss=-9.90681324805184,dloss=-1.9662237988882225e-06
step= 242

nparam= 1004
	dense amplitude time= 0.06458115577697754
	total non-zero amplitudes= 4900
	nsamples per process= 50
	sample time= 2.0624091625213623
	self.n= 0.315899577316753
	collect g,h time= 4.120182991027832
E=-9.906813248051842,dE=-1.9662238006645794e-06,std=0
L=-9.906813248051842,dL=-1.9662238006645794e-06,std=0
	gnorm= 0.00010774776416699632
	symmetric= True
	solver time=0.015702486038208008,exit status=0
	SR solver time= 0.01573944091796875
	symmetric= False	niter= 40

	niter= 330
	solver time=0.12762904167175293,exit status=0
	RGN solver time= 0.12767505645751953
	xnorm=6.476140872737299,dnorm=0.029656439181259025
	dense amplitude time= 0.030403852462768555
	total non-zero amplitudes= 4900
	nsamples per process= 50
	sample time= 0.43918919563293457
	self.n= 0.3177106165043766
	RGN updated loss=-9.90681524720974,dloss=-1.999157898779913e-06
step= 243

nparam= 1004
	dense amplitude time= 0.0738072395324707
	total non-zero amplitudes= 4900
	nsamples per process= 50
	sample time= 2.066167116165161
	self.n= 0.3177106165043765
	collect g,h time= 4.121469020843506
E=-9.906815247209742,dE=-1.99915790055627e-06,std=0
L=-9.906815247209742,dL=-1.99915790055627e-06,std=0
	gnorm= 8.629402445518466e-05
	symmetric= True
	solver time=0.015112638473510742,exit status=0
	SR solver time= 0.015158414840698242
	symmetric= False
	niter= 36
	niter= 341
	solver time=0.14537596702575684,exit status=0
	RGN solver time= 0.14541935920715332
	xnorm=6.479996950463288,dnorm=0.029563079930132057
	dense amplitude time= 0.028398513793945312
	total non-zero amplitudes= 4900
	nsamples per process= 50
	sample time= 0.43993568420410156
	self.n= 0.3195010287989266
	RGN updated loss=-9.90681720941732,dloss=-1.9622075768666036e-06
step= 244

nparam= 1004
	dense amplitude time= 0.06815981864929199
	total non-zero amplitudes= 4900
	nsamples per process= 50
	sample time= 2.0671885013580322
	self.n= 0.31950102879892706
	collect g,h time= 4.131105184555054
E=-9.906817209417323,dE=-1.9622075804193173e-06,std=0
L=-9.906817209417323,dL=-1.9622075804193173e-06,std=0
	gnorm= 0.00032618096121365253
	symmetric= True
	solver time=0.007674217224121094,exit status=0
	SR solver time= 0.007712364196777344
	symmetric= False
	niter= 44
	niter= 281
	solver time=0.10237693786621094,exit status=0
	RGN solver time= 0.1024167537689209
	xnorm=6.483858178526411,dnorm=0.029516447557227828
	dense amplitude time= 0.02671194076538086
	total non-zero amplitudes= 4900
	nsamples per process= 50
	sample time= 0.4424018859863281
	self.n= 0.32125424489881793
	RGN updated loss=-9.90681911728385,dloss=-1.9078665278726703e-06
step= 245

nparam= 1004
	dense amplitude time= 0.13508939743041992
	total non-zero amplitudes= 4900
	nsamples per process= 50
	sample time= 2.0624496936798096
	self.n= 0.32125424489881826
	collect g,h time= 4.12845778465271
E=-9.906819117283854,dE=-1.907866531425384e-06,std=0
L=-9.906819117283854,dL=-1.907866531425384e-06,std=0
	gnorm= 0.0001590751834496511
	symmetric= True
	solver time=0.01755070686340332,exit status=0
	SR solver time= 0.017592668533325195
	symmetric= False
	niter= 42
	niter= 312
	solver time=0.11732912063598633,exit status=0
	RGN solver time= 0.11737728118896484
	xnorm=6.487695723797394,dnorm=0.029370944353737532
	dense amplitude time= 0.04320240020751953
	total non-zero amplitudes= 4900
	nsamples per process= 50
	sample time= 0.450634241104126
	self.n= 0.3229946636318404
	RGN updated loss=-9.906821068517102,dloss=-1.9512332478655026e-06
step= 246

nparam= 1004
	dense amplitude time= 0.03644752502441406
	total non-zero amplitudes= 4900
	nsamples per process= 50
	sample time= 2.0807383060455322
	self.n= 0.3229946636318404
	collect g,h time= 4.117989540100098
E=-9.906821068517102,dE=-1.9512332478655026e-06,std=0
L=-9.906821068517102,dL=-1.9512332478655026e-06,std=0
	gnorm= 9.235034498408661e-05
	symmetric= True
	solver time=0.008239507675170898,exit status=0
	SR solver time= 0.008275270462036133
	symmetric= False
	niter= 38
	niter= 336
	solver time=0.10362601280212402,exit status=0
	RGN solver time= 0.1036677360534668
	xnorm=6.4915078391606515,dnorm=0.02921090629090813
	dense amplitude time= 0.026075363159179688
	total non-zero amplitudes= 4900
	nsamples per process= 50
	sample time= 0.4449026584625244
	self.n= 0.3246981052673184
	RGN updated loss=-9.90682297574386,dloss=-1.9072267587461056e-06
step= 247

nparam= 1004
	dense amplitude time= 0.11910533905029297
	total non-zero amplitudes= 4900
	nsamples per process= 50
	sample time= 2.0737814903259277
	self.n= 0.3246981052673187
	collect g,h time= 4.122919082641602
E=-9.906822975743859,dE=-1.9072267569697487e-06,std=0
L=-9.906822975743859,dL=-1.9072267569697487e-06,std=0
	gnorm= 7.98957523536892e-05
	symmetric= True
	solver time=0.018284082412719727,exit status=0
	SR solver time= 0.018326997756958008
	symmetric= False
	niter= 36
	niter= 339
	solver time=0.10303902626037598,exit status=0
	RGN solver time= 0.10308170318603516
	xnorm=6.495275558394311,dnorm=0.02909725742829859
	dense amplitude time= 0.02573990821838379
	total non-zero amplitudes= 4900
	nsamples per process= 50
	sample time= 0.4447824954986572
	self.n= 0.32634485030840493
	RGN updated loss=-9.906824861549625,dloss=-1.8858057657666905e-06
step= 248

nparam= 1004
	dense amplitude time= 0.16586852073669434
	total non-zero amplitudes= 4900
	nsamples per process= 50
	sample time= 2.0723931789398193
	self.n= 0.3263448503084051
	collect g,h time= 4.117225170135498
E=-9.906824861549627,dE=-1.8858057675430473e-06,std=0
L=-9.906824861549627,dL=-1.8858057675430473e-06,std=0
	gnorm= 0.00032903866495937215
	symmetric= True
	solver time=0.008344173431396484,exit status=0
	SR solver time= 0.008384466171264648
	symmetric= False
	niter= 44
	niter= 281
	solver time=0.08730697631835938,exit status=0
	RGN solver time= 0.08734512329101562
	xnorm=6.499092562800368,dnorm=0.02898998625463519
	dense amplitude time= 0.027896881103515625
	total non-zero amplitudes= 4900
	nsamples per process= 50
	sample time= 0.4439542293548584
	self.n= 0.3279432850702866
	RGN updated loss=-9.906826682087539,dloss=-1.8205379124225374e-06
step= 249

nparam= 1004
	dense amplitude time= 0.13292336463928223
	total non-zero amplitudes= 4900
	nsamples per process= 50
	sample time= 2.074799060821533
	self.n= 0.327943285070287
	collect g,h time= 4.122365236282349
E=-9.90682668208754,dE=-1.8205379141988942e-06,std=0
L=-9.90682668208754,dL=-1.8205379141988942e-06,std=0
	gnorm= 0.00014507014012373932
	symmetric= True
	solver time=0.008786201477050781,exit status=0
	SR solver time= 0.008820772171020508
	symmetric= False
	niter= 41
	niter= 312
	solver time=0.12075352668762207,exit status=0
	RGN solver time= 0.12079691886901855
	xnorm=6.502882734082023,dnorm=0.028817105528537425
	dense amplitude time= 0.042569637298583984
	total non-zero amplitudes= 4900
	nsamples per process= 50
	sample time= 0.44521546363830566
	self.n= 0.3295318740199988
	RGN updated loss=-9.906828555620617,dloss=-1.8735330762353897e-06
step= 250

nparam= 1004
	dense amplitude time= 0.051801443099975586
	total non-zero amplitudes= 4900
	nsamples per process= 50
	sample time= 2.071885347366333
	self.n= 0.3295318740199989
	collect g,h time= 4.1189775466918945
E=-9.906828555620617,dE=-1.8735330762353897e-06,std=0
L=-9.906828555620617,dL=-1.8735330762353897e-06,std=0
	gnorm= 7.832559323802094e-05
	symmetric= True
	solver time=0.007998466491699219,exit status=0
	SR solver time= 0.008038997650146484
	symmetric= False
	niter= 36
	niter= 337
	solver time=0.12904667854309082,exit status=0
	RGN solver time= 0.12910151481628418
	xnorm=6.506676402733372,dnorm=0.02859510986803697
	dense amplitude time= 0.02974867820739746
	total non-zero amplitudes= 4900
	nsamples per process= 50
	sample time= 0.44635629653930664
	self.n= 0.33106048498844176
	RGN updated loss=-9.906830362638335,dloss=-1.807017717680992e-06
step= 251

nparam= 1004
	dense amplitude time= 0.18252062797546387
	total non-zero amplitudes= 4900
	nsamples per process= 50
	sample time= 2.0710055828094482
	self.n= 0.3310604849884417
	collect g,h time= 4.110572576522827
E=-9.906830362638335,dE=-1.807017717680992e-06,std=0
L=-9.906830362638335,dL=-1.807017717680992e-06,std=0
	gnorm= 8.067927580633126e-05
	symmetric= True
	niter= 36
	solver time=0.037561893463134766,exit status=0
	SR solver time= 0.037613630294799805
	symmetric= False
	niter= 333
	solver time=0.12246394157409668,exit status=0
	RGN solver time= 0.12251067161560059
	xnorm=6.510445108323999,dnorm=0.028415771744417975
	dense amplitude time= 0.025979042053222656
	total non-zero amplitudes= 4900
	nsamples per process= 50
	sample time= 0.444793701171875
	self.n= 0.33256240100643353
	RGN updated loss=-9.90683214334107,dloss=-1.7807027354876936e-06
step= 252

nparam= 1004
	dense amplitude time= 0.16758394241333008
	total non-zero amplitudes= 4900
	nsamples per process= 50
	sample time= 2.069822311401367
	self.n= 0.33256240100643397
	collect g,h time= 4.113290786743164
E=-9.906832143341072,dE=-1.7807027372640505e-06,std=0
L=-9.906832143341072,dL=-1.7807027372640505e-06,std=0
	gnorm= 0.00019731170504479334
	symmetric= True
	solver time=0.01901698112487793,exit status=0
	SR solver time= 0.019057273864746094
	symmetric= False
	niter= 43
	niter= 294
	solver time=0.09622931480407715,exit status=0
	RGN solver time= 0.09627699851989746
	xnorm=6.514174526528617,dnorm=0.02822493639291648
	dense amplitude time= 0.02619791030883789
	total non-zero amplitudes= 4900
	nsamples per process= 50
	sample time= 0.4407012462615967
	self.n= 0.3340206200734176
	RGN updated loss=-9.906833889506455,dloss=-1.7461653829542456e-06
step= 253

nparam= 1004
	dense amplitude time= 0.04300713539123535
	total non-zero amplitudes= 4900
	nsamples per process= 50
	sample time= 2.0693304538726807
	self.n= 0.33402062007341815
	collect g,h time= 4.11230731010437
E=-9.906833889506455,dE=-1.7461653829542456e-06,std=0
L=-9.906833889506455,dL=-1.7461653829542456e-06,std=0
	gnorm= 9.747436524266509e-05
	symmetric= True
	solver time=0.008343219757080078,exit status=0
	SR solver time= 0.008390665054321289
	symmetric= False
	niter= 39
	niter= 318
	solver time=0.09830808639526367,exit status=0
	RGN solver time= 0.09835028648376465
	xnorm=6.517932461504411,dnorm=0.028056547519587444
	dense amplitude time= 0.025765180587768555
	total non-zero amplitudes= 4900
	nsamples per process= 50
	sample time= 0.4434547424316406
	self.n= 0.3354543659439486
	RGN updated loss=-9.906835620468543,dloss=-1.7309620883310117e-06
step= 254

nparam= 1004
	dense amplitude time= 0.20785927772521973
	total non-zero amplitudes= 4900
	nsamples per process= 50
	sample time= 2.074742078781128
	self.n= 0.33545436594394934
	collect g,h time= 4.131203889846802
E=-9.906835620468543,dE=-1.7309620883310117e-06,std=0
L=-9.906835620468543,dL=-1.7309620883310117e-06,std=0
	gnorm= 0.00016036770384122222
	symmetric= True
	solver time=0.008851051330566406,exit status=0
	SR solver time= 0.008889913558959961
	symmetric= False
	niter= 42
	niter= 306
	solver time=0.09401392936706543,exit status=0
	RGN solver time= 0.0940542221069336
	xnorm=6.5216194382665575,dnorm=0.02788711894007654
	dense amplitude time= 0.025755643844604492
	total non-zero amplitudes= 4900
	nsamples per process= 50
	sample time= 0.43956732749938965
	self.n= 0.33681021759197255
	RGN updated loss=-9.906837311122763,dloss=-1.69065421928849e-06
step= 255

nparam= 1004
	dense amplitude time= 0.14440584182739258
	total non-zero amplitudes= 4900
	nsamples per process= 50
	sample time= 2.0609428882598877
	self.n= 0.3368102175919727
	collect g,h time= 4.115493297576904
E=-9.90683731112276,dE=-1.690654217512133e-06,std=0
L=-9.90683731112276,dL=-1.690654217512133e-06,std=0
	gnorm= 8.961227080192896e-05
	symmetric= True
	solver time=0.007220029830932617,exit status=0
	SR solver time= 0.00726628303527832
	symmetric= False
	niter= 38
	niter= 317
	solver time=0.09722590446472168,exit status=0
	RGN solver time= 0.09727358818054199
	xnorm=6.52531368802755,dnorm=0.02767360438178092
	dense amplitude time= 0.05025744438171387
	total non-zero amplitudes= 4900
	nsamples per process= 50
	sample time= 0.4425079822540283
	self.n= 0.33815444829450547
	RGN updated loss=-9.906838999020282,dloss=-1.687897521307491e-06
step= 256

nparam= 1004
	dense amplitude time= 0.1186532974243164
	total non-zero amplitudes= 4900
	nsamples per process= 50
	sample time= 2.074228525161743
	self.n= 0.3381544482945057
	collect g,h time= 4.122095108032227
E=-9.906838999020279,dE=-1.6878975177547773e-06,std=0
L=-9.906838999020279,dL=-1.6878975177547773e-06,std=0
	gnorm= 7.305735205389384e-05
	symmetric= True
	solver time=0.007649898529052734,exit status=0
	SR solver time= 0.007690906524658203
	symmetric= False
	niter= 36
	niter= 324
	solver time=0.11255431175231934,exit status=0
	RGN solver time= 0.11260104179382324
	xnorm=6.528977872849541,dnorm=0.027479130497609843
	dense amplitude time= 0.03700661659240723
	total non-zero amplitudes= 4900
	nsamples per process= 50
	sample time= 0.4463937282562256
	self.n= 0.3394780858304366
	RGN updated loss=-9.906840644924284,dloss=-1.6459040050875728e-06
step= 257

nparam= 1004
	dense amplitude time= 0.18872976303100586
	total non-zero amplitudes= 4900
	nsamples per process= 50
	sample time= 2.070336103439331
	self.n= 0.33947808583043676
	collect g,h time= 4.114192247390747
E=-9.906840644924282,dE=-1.645904003311216e-06,std=0
L=-9.906840644924282,dL=-1.645904003311216e-06,std=0
	gnorm= 7.372811747255121e-05
	symmetric= True
	solver time=0.01771068572998047,exit status=0
	SR solver time= 0.017754793167114258
	symmetric= False
	niter= 36
	niter= 327
	solver time=0.1380019187927246,exit status=0
	RGN solver time= 0.1380445957183838
	xnorm=6.532611712862083,dnorm=0.027223969846020886
	dense amplitude time= 0.04411721229553223
	total non-zero amplitudes= 4900
	nsamples per process= 50
	sample time= 0.4449620246887207
	self.n= 0.3407654875356586
	RGN updated loss=-9.906842263992052,dloss=-1.6190677705196777e-06
step= 258

nparam= 1004
	dense amplitude time= 0.10017848014831543
	total non-zero amplitudes= 4900
	nsamples per process= 50
	sample time= 2.0870933532714844
	self.n= 0.3407654875356593
	collect g,h time= 4.122029066085815
E=-9.906842263992052,dE=-1.6190677705196777e-06,std=0
L=-9.906842263992052,dL=-1.6190677705196777e-06,std=0
	gnorm= 0.00012248048466544716
	symmetric= True
	solver time=0.02258443832397461,exit status=0
	SR solver time= 0.02263355255126953
	symmetric= False
	niter= 42
	niter= 312
	solver time=0.09607362747192383,exit status=0
	RGN solver time= 0.09612154960632324
	xnorm=6.536250686516396,dnorm=0.02710804250923004
	dense amplitude time= 0.058608055114746094
	total non-zero amplitudes= 4900
	nsamples per process= 50
	sample time= 0.4461660385131836
	self.n= 0.3420195303120172
	RGN updated loss=-9.906843854673522,dloss=-1.5906814692101534e-06
step= 259

nparam= 1004
	dense amplitude time= 0.15512704849243164
	total non-zero amplitudes= 4900
	nsamples per process= 50
	sample time= 2.0882349014282227
	self.n= 0.3420195303120175
	collect g,h time= 4.121286630630493
E=-9.906843854673522,dE=-1.5906814692101534e-06,std=0
L=-9.906843854673522,dL=-1.5906814692101534e-06,std=0
	gnorm= 8.248277538741614e-05
	symmetric= True
	solver time=0.008060455322265625,exit status=0
	SR solver time= 0.008099079132080078
	symmetric= False
	niter= 37
	niter= 314
	solver time=0.09386444091796875,exit status=0
	RGN solver time= 0.09390687942504883
	xnorm=6.539881481667651,dnorm=0.02686251769174459
	dense amplitude time= 0.027441740036010742
	total non-zero amplitudes= 4900
	nsamples per process= 50
	sample time= 0.45053815841674805
	self.n= 0.3432326701411933
	RGN updated loss=-9.90684543043131,dloss=-1.5757577891406527e-06
step= 260

nparam= 1004
	dense amplitude time= 0.1771068572998047
	total non-zero amplitudes= 4900
	nsamples per process= 50
	sample time= 2.0923397541046143
	self.n= 0.34323267014119363
	collect g,h time= 4.154172658920288
E=-9.906845430431312,dE=-1.5757577909170095e-06,std=0
L=-9.906845430431312,dL=-1.5757577909170095e-06,std=0
	gnorm= 6.731460799705685e-05
	symmetric= True
	solver time=0.006601810455322266,exit status=0
	SR solver time= 0.006645917892456055
	symmetric= False
	niter= 35
	niter= 324
	solver time=0.10286450386047363,exit status=0
	RGN solver time= 0.10292243957519531
	xnorm=6.543489088418882,dnorm=0.026647563764915144
	dense amplitude time= 0.029439687728881836
	total non-zero amplitudes= 4900
	nsamples per process= 50
	sample time= 0.4518249034881592
	self.n= 0.3444181480180639
	RGN updated loss=-9.906846970816018,dloss=-1.5403847051231878e-06
step= 261

nparam= 1004
	dense amplitude time= 0.16313648223876953
	total non-zero amplitudes= 4900
	nsamples per process= 50
	sample time= 2.0899088382720947
	self.n= 0.3444181480180636
	collect g,h time= 4.124200820922852
E=-9.906846970816018,dE=-1.5403847051231878e-06,std=0
L=-9.906846970816018,dL=-1.5403847051231878e-06,std=0
	gnorm= 8.914446563054526e-05
	symmetric= True
	solver time=0.0404050350189209,exit status=0
	SR solver time= 0.040452003479003906
	symmetric= False
	niter= 41
	niter= 314
	solver time=0.1283855438232422,exit status=0
	RGN solver time= 0.12842893600463867
	xnorm=6.547100881913923,dnorm=0.02665974993816632
	dense amplitude time= 0.0263211727142334
	total non-zero amplitudes= 4900
	nsamples per process= 50
	sample time= 0.4504551887512207
	self.n= 0.3455682024069041
	RGN updated loss=-9.90684846973612,dloss=-1.4989201027049148e-06
step= 262

nparam= 1004
	dense amplitude time= 0.11632490158081055
	total non-zero amplitudes= 4900
	nsamples per process= 50
	sample time= 2.089467763900757
	self.n= 0.34556820240690433
	collect g,h time= 4.118739128112793
E=-9.906848469736122,dE=-1.4989201044812717e-06,std=0
L=-9.906848469736122,dL=-1.4989201044812717e-06,std=0
	gnorm= 9.180818073932169e-05
	symmetric= True
	solver time=0.007790088653564453,exit status=0
	SR solver time= 0.007842779159545898
	symmetric= False
	niter= 42
	niter= 312
	solver time=0.1155693531036377,exit status=0
	RGN solver time= 0.11561298370361328
	xnorm=6.550740018045279,dnorm=0.02640102593352849
	dense amplitude time= 0.04383134841918945
	total non-zero amplitudes= 4900
	nsamples per process= 50
	sample time= 0.45358943939208984
	self.n= 0.3466910170574855
	RGN updated loss=-9.90684997889027,dloss=-1.5091541474276937e-06
step= 263

nparam= 1004
	dense amplitude time= 0.12104201316833496
	total non-zero amplitudes= 4900
	nsamples per process= 50
	sample time= 2.1065704822540283
	self.n= 0.34669101705748573
	collect g,h time= 4.154400110244751
E=-9.906849978890268,dE=-1.5091541456513369e-06,std=0
L=-9.906849978890268,dL=-1.5091541456513369e-06,std=0
	gnorm= 7.685624546849976e-05
	symmetric= True
	solver time=0.016872644424438477,exit status=0
	SR solver time= 0.01691460609436035
	symmetric= False
	niter= 39
	niter= 315
	solver time=0.11724400520324707,exit status=0
	RGN solver time= 0.11728715896606445
	xnorm=6.55425591119683,dnorm=0.026158814868520203
	dense amplitude time= 0.03109145164489746
	total non-zero amplitudes= 4900
	nsamples per process= 50
	sample time= 0.4544053077697754
	self.n= 0.3477884470926598
	RGN updated loss=-9.906851470468935,dloss=-1.4915786668012743e-06
step= 264

nparam= 1004
	dense amplitude time= 0.1968240737915039
	total non-zero amplitudes= 4900
	nsamples per process= 50
	sample time= 2.099942684173584
	self.n= 0.34778844709265994
	collect g,h time= 4.1202168464660645
E=-9.906851470468935,dE=-1.4915786668012743e-06,std=0
L=-9.906851470468935,dL=-1.4915786668012743e-06,std=0
	gnorm= 6.689959696956674e-05
	symmetric= True
	niter= 34
	solver time=0.03907418251037598,exit status=0
	SR solver time= 0.03912019729614258
	symmetric= False
	niter= 317
	solver time=0.12453269958496094,exit status=0
	RGN solver time= 0.12457489967346191
	xnorm=6.55783250493661,dnorm=0.025951905689086716
	dense amplitude time= 0.04248452186584473
	total non-zero amplitudes= 4900
	nsamples per process= 50
	sample time= 0.4524719715118408
	self.n= 0.3488586671175091
	RGN updated loss=-9.9068529262968,dloss=-1.4558278653709067e-06
step= 265

nparam= 1004
	dense amplitude time= 0.12385082244873047
	total non-zero amplitudes= 4900
	nsamples per process= 50
	sample time= 2.0953125953674316
	self.n= 0.34885866711750946
	collect g,h time= 4.115642547607422
E=-9.906852926296798,dE=-1.4558278635945499e-06,std=0
L=-9.906852926296798,dL=-1.4558278635945499e-06,std=0
	gnorm= 0.000146999554813325
	symmetric= True
	solver time=0.029489994049072266,exit status=0
	SR solver time= 0.02953958511352539
	symmetric=	niter= 42
 False
	niter= 296
	solver time=0.10543370246887207,exit status=0
	RGN solver time= 0.10548138618469238
	xnorm=6.561420463963348,dnorm=0.025958271376004656
	dense amplitude time= 0.0496981143951416
	total non-zero amplitudes= 4900
	nsamples per process= 50
	sample time= 0.4551208019256592
	self.n= 0.3498804372766158
	RGN updated loss=-9.906854328529322,dloss=-1.4022325238727262e-06
step= 266

nparam= 1004
	dense amplitude time= 0.17098784446716309
	total non-zero amplitudes= 4900
	nsamples per process= 50
	sample time= 2.095780372619629
	self.n= 0.3498804372766162
	collect g,h time= 4.11916184425354
E=-9.906854328529326,dE=-1.40223252742544e-06,std=0
L=-9.906854328529326,dL=-1.40223252742544e-06,std=0
	gnorm= 9.058341782968646e-05
	symmetric= True
	solver time=0.017212629318237305,exit status=0
	SR solver time= 0.01726675033569336
	symmetric= False
	niter= 40
	niter= 312
	solver time=0.11084723472595215,exit status=0
	RGN solver time= 0.11089563369750977
	xnorm=6.565015860867819,dnorm=0.025676786066996273
	dense amplitude time= 0.04090619087219238
	total non-zero amplitudes= 4900
	nsamples per process= 50
	sample time= 0.45269036293029785
	self.n= 0.35089509365662086
	RGN updated loss=-9.9068557813804,dloss=-1.4528510750011492e-06
step= 267

nparam= 1004
	dense amplitude time= 0.17715811729431152
	total non-zero amplitudes= 4900
	nsamples per process= 50
	sample time= 2.0958023071289062
	self.n= 0.3508950936566215
	collect g,h time= 4.121703863143921
E=-9.9068557813804,dE=-1.4528510750011492e-06,std=0
L=-9.9068557813804,dL=-1.4528510750011492e-06,std=0
	gnorm= 5.9254089989738174e-05
	symmetric= True
	solver time=0.0064356327056884766,exit status=0
	SR solver time= 0.0064716339111328125
	symmetric= False
	niter= 34
	niter= 319
	solver time=0.12138080596923828,exit status=0
	RGN solver time= 0.12142276763916016
	xnorm=6.56858405138556,dnorm=0.02548761043149931
	dense amplitude time= 0.030377626419067383
	total non-zero amplitudes= 4900
	nsamples per process= 50
	sample time= 0.45319437980651855
	self.n= 0.3518919578753785
	RGN updated loss=-9.90685718140998,dloss=-1.4000295802674145e-06
step= 268

nparam= 1004
	dense amplitude time= 0.04427051544189453
	total non-zero amplitudes= 4900
	nsamples per process= 50
	sample time= 2.092285394668579
	self.n= 0.3518919578753791
	collect g,h time= 4.118053197860718
E=-9.906857181409983,dE=-1.4000295820437714e-06,std=0
L=-9.906857181409983,dL=-1.4000295820437714e-06,std=0
	gnorm= 8.970537576907071e-05
	symmetric= True
	solver time=0.03886985778808594,exit status=0
	SR solver time= 0.03891777992248535
	symmetric= False
	niter= 40
	niter= 312
	solver time=0.13293933868408203,exit status=0
	RGN solver time= 0.13298535346984863
	xnorm=6.572160705943396,dnorm=0.025284023924634032
	dense amplitude time= 0.06220746040344238
	total non-zero amplitudes= 4900
	nsamples per process= 50
	sample time= 0.45245790481567383
	self.n= 0.35281338960117614
	RGN updated loss=-9.906858544513357,dloss=-1.3631033741745568e-06
step= 269

nparam= 1004
	dense amplitude time= 0.08964776992797852
	total non-zero amplitudes= 4900
	nsamples per process= 50
	sample time= 2.0915637016296387
	self.n= 0.35281338960117703
	collect g,h time= 4.118739366531372
E=-9.906858544513359,dE=-1.3631033759509137e-06,std=0
L=-9.906858544513359,dL=-1.3631033759509137e-06,std=0
	gnorm= 8.133774896697428e-05
	symmetric= True
	solver time=0.010571479797363281,exit status=0
	SR solver time= 0.01061248779296875
	symmetric= False
	niter= 39
	niter= 312
	solver time=0.10652852058410645,exit status=0
	RGN solver time= 0.10657167434692383
	xnorm=6.575762442966333,dnorm=0.025227979586145075
	dense amplitude time= 0.05272388458251953
	total non-zero amplitudes= 4900
	nsamples per process= 50
	sample time= 0.4504384994506836
	self.n= 0.35378277918237866
	RGN updated loss=-9.906859927341307,dloss=-1.3828279481487016e-06
step= 270

nparam= 1004
	dense amplitude time= 0.0503237247467041
	total non-zero amplitudes= 4900
	nsamples per process= 50
	sample time= 2.0984296798706055
	self.n= 0.35378277918237944
	collect g,h time= 4.122207403182983
E=-9.906859927341308,dE=-1.3828279499250584e-06,std=0
L=-9.906859927341308,dL=-1.3828279499250584e-06,std=0
	gnorm= 6.894975277548152e-05
	symmetric= True
	solver time=0.012880802154541016,exit status=0
	SR solver time= 0.012921810150146484
	symmetric= False
	niter= 37
	niter= 312
	solver time=0.12772083282470703,exit status=0
	RGN solver time= 0.1277608871459961
	xnorm=6.579341384199898,dnorm=0.025104099385150066
	dense amplitude time= 0.026209115982055664
	total non-zero amplitudes= 4900
	nsamples per process= 50
	sample time= 0.454693078994751
	self.n= 0.3547263721918922
	RGN updated loss=-9.906861276490607,dloss=-1.3491492989459175e-06
step= 271

nparam= 1004
	dense amplitude time= 0.09668445587158203
	total non-zero amplitudes= 4900
	nsamples per process= 50
	sample time= 2.0941660404205322
	self.n= 0.3547263721918926
	collect g,h time= 4.119433641433716
E=-9.906861276490607,dE=-1.3491492989459175e-06,std=0
L=-9.906861276490607,dL=-1.3491492989459175e-06,std=0
	gnorm= 6.355336922041652e-05
	symmetric= True
	solver time=0.006604433059692383,exit status=0
	SR solver time= 0.006644487380981445
	symmetric= False
	niter= 36
	niter= 314
	solver time=0.130812406539917,exit status=0
	RGN solver time= 0.1308591365814209
	xnorm=6.582927674163979,dnorm=0.02495852990215357
	dense amplitude time= 0.025770902633666992
	total non-zero amplitudes= 4900
	nsamples per process= 50
	sample time= 0.450528621673584
	self.n= 0.3556553459636983
	RGN updated loss=-9.906862615812107,dloss=-1.339321499926882e-06
step= 272

nparam= 1004
	dense amplitude time= 0.07811188697814941
	total non-zero amplitudes= 4900
	nsamples per process= 50
	sample time= 2.103416681289673
	self.n= 0.35565534596369786
	collect g,h time= 4.121062994003296
E=-9.906862615812106,dE=-1.3393214981505253e-06,std=0
L=-9.906862615812106,dL=-1.3393214981505253e-06,std=0
	gnorm= 6.791596773531838e-05
	symmetric= True
	solver time=0.013657569885253906,exit status=0
	SR solver time= 0.013704061508178711
	symmetric= False
	niter= 37
	niter= 312
	solver time=0.0970761775970459,exit status=0
	RGN solver time= 0.0971214771270752
	xnorm=6.586542432983665,dnorm=0.02483206342443525
	dense amplitude time= 0.07345890998840332
	total non-zero amplitudes= 4900
	nsamples per process= 50
	sample time= 0.44599056243896484
	self.n= 0.3565510707048394
	RGN updated loss=-9.90686393591098,dloss=-1.3200988746575604e-06
step= 273

nparam= 1004
	dense amplitude time= 0.03601336479187012
	total non-zero amplitudes= 4900
	nsamples per process= 50
	sample time= 2.0869715213775635
	self.n= 0.3565510707048396
	collect g,h time= 4.1144795417785645
E=-9.90686393591098,dE=-1.3200988746575604e-06,std=0
L=-9.90686393591098,dL=-1.3200988746575604e-06,std=0
	gnorm= 6.460081316581829e-05
	symmetric= True
	solver time=0.007030963897705078,exit status=0
	SR solver time= 0.007079601287841797
	symmetric= False
	niter= 37
	niter= 312
	solver time=0.11728310585021973,exit status=0
	RGN solver time= 0.11732172966003418
	xnorm=6.590141362561761,dnorm=0.024756136352467876
	dense amplitude time= 0.028738021850585938
	total non-zero amplitudes= 4900
	nsamples per process= 50
	sample time= 0.44768500328063965
	self.n= 0.3574345572292898
	RGN updated loss=-9.906865248561333,dloss=-1.3126503528582134e-06
step= 274

nparam= 1004
	dense amplitude time= 0.06295895576477051
	total non-zero amplitudes= 4900
	nsamples per process= 50
	sample time= 2.0828452110290527
	self.n= 0.3574345572292903
	collect g,h time= 4.116601467132568
E=-9.906865248561333,dE=-1.3126503528582134e-06,std=0
L=-9.906865248561333,dL=-1.3126503528582134e-06,std=0
	gnorm= 6.842947888480908e-05
	symmetric= True
	solver time=0.016385555267333984,exit status=0
	SR solver time= 0.016423463821411133
	symmetric= False
	niter= 37
	niter= 312
	solver time=0.12062859535217285,exit status=0
	RGN solver time= 0.12066507339477539
	xnorm=6.593755092117487,dnorm=0.024628812183208386
	dense amplitude time= 0.25507235527038574
	total non-zero amplitudes= 4900
	nsamples per process= 50
	sample time= 0.44963788986206055
	self.n= 0.3582888190364293
	RGN updated loss=-9.90686654518851,dloss=-1.2966271771830407e-06
step= 275

nparam= 1004
	dense amplitude time= 0.043465375900268555
	total non-zero amplitudes= 4900
	nsamples per process= 50
	sample time= 2.0805304050445557
	self.n= 0.3582888190364296
	collect g,h time= 4.120925188064575
E=-9.906866545188514,dE=-1.2966271807357543e-06,std=0
L=-9.906866545188514,dL=-1.2966271807357543e-06,std=0
	gnorm= 7.043297442413976e-05
	symmetric= True
	solver time=0.007423877716064453,exit status=0
	SR solver time= 0.007461071014404297
	symmetric= False
	niter= 38
	niter= 312
	solver time=0.09667015075683594,exit status=0
	RGN solver time= 0.0967104434967041
	xnorm=6.597357478303341,dnorm=0.024530396102268284
	dense amplitude time= 0.04215431213378906
	total non-zero amplitudes= 4900
	nsamples per process= 50
	sample time= 0.4497520923614502
	self.n= 0.3591372798117606
	RGN updated loss=-9.906867835305256,dloss=-1.2901167423251536e-06
step= 276

nparam= 1004
	dense amplitude time= 0.025619029998779297
	total non-zero amplitudes= 4900
	nsamples per process= 50
	sample time= 2.0891294479370117
	self.n= 0.3591372798117607
	collect g,h time= 4.11591100692749
E=-9.906867835305256,dE=-1.2901167423251536e-06,std=0
L=-9.906867835305256,dL=-1.2901167423251536e-06,std=0
	gnorm= 6.87708727073932e-05
	symmetric= True
	solver time=0.043752431869506836,exit status=0
	SR solver time= 0.04380512237548828
	symmetric= False
	niter= 37
	niter= 312
	solver time=0.11690783500671387,exit status=0
	RGN solver time= 0.11695194244384766
	xnorm=6.600996331656042,dnorm=0.0244287437967122
	dense amplitude time= 0.04757881164550781
	total non-zero amplitudes= 4900
	nsamples per process= 50
	sample time= 0.4536926746368408
	self.n= 0.35995427391270785
	RGN updated loss=-9.906869110128738,dloss=-1.2748234823334315e-06
step= 277

nparam= 1004
	dense amplitude time= 0.13469409942626953
	total non-zero amplitudes= 4900
	nsamples per process= 50
	sample time= 2.0921521186828613
	self.n= 0.3599542739127083
	collect g,h time= 4.119757175445557
E=-9.906869110128742,dE=-1.2748234858861451e-06,std=0
L=-9.906869110128742,dL=-1.2748234858861451e-06,std=0
	gnorm= 6.80722720673546e-05
	symmetric= True
	solver time=0.027833938598632812,exit status=0
	SR solver time= 0.027881860733032227
	symmetric= False
	niter= 37
	niter= 312
	solver time=0.11739540100097656,exit status=0
	RGN solver time= 0.11743330955505371
	xnorm=6.6046193790527985,dnorm=0.02435825499572645
	dense amplitude time= 0.02923417091369629
	total non-zero amplitudes= 4900
	nsamples per process= 50
	sample time= 0.45099425315856934
	self.n= 0.3607685712025553
	RGN updated loss=-9.906870378759352,dloss=-1.2686306103404377e-06
step= 278

nparam= 1004
	dense amplitude time= 0.060233116149902344
	total non-zero amplitudes= 4900
	nsamples per process= 50
	sample time= 2.091045379638672
	self.n= 0.36076857120255545
	collect g,h time= 4.116038799285889
E=-9.90687037875935,dE=-1.2686306085640808e-06,std=0
L=-9.90687037875935,dL=-1.2686306085640808e-06,std=0
	gnorm= 9.57194564405917e-05
	symmetric= True
	solver time=0.01886463165283203,exit status=0
	SR solver time= 0.018908262252807617
	symmetric= False
	niter= 41
	niter= 306
	solver time=0.09619379043579102,exit status=0
	RGN solver time= 0.09624385833740234
	xnorm=6.608261756472942,dnorm=0.02451772415668341
	dense amplitude time= 0.025884389877319336
	total non-zero amplitudes= 4900
	nsamples per process= 50
	sample time= 0.4510993957519531
	self.n= 0.3615422401963435
	RGN updated loss=-9.906871614992179,dloss=-1.236232828105699e-06
step= 279

nparam= 1004
	dense amplitude time= 0.04642319679260254
	total non-zero amplitudes= 4900
	nsamples per process= 50
	sample time= 2.0901198387145996
	self.n= 0.36154224019634407
	collect g,h time= 4.119678974151611
E=-9.906871614992177,dE=-1.236232826329342e-06,std=0
L=-9.906871614992177,dL=-1.236232826329342e-06,std=0
	gnorm= 6.886165718319835e-05
	symmetric= True
	solver time=0.030625343322753906,exit status=0
	SR solver time= 0.03067159652709961
	symmetric= False
	niter= 40
	niter= 312
	solver time=0.13083505630493164,exit status=0
	RGN solver time= 0.130873441696167
	xnorm=6.612020419400647,dnorm=0.024310321089010347
	dense amplitude time= 0.03998208045959473
	total non-zero amplitudes= 4900
	nsamples per process= 50
	sample time= 0.45303916931152344
	self.n= 0.36233431947215605
	RGN updated loss=-9.906872893758905,dloss=-1.278766728063374e-06
step= 280

nparam= 1004
	dense amplitude time= 0.0812387466430664
	total non-zero amplitudes= 4900
	nsamples per process= 50
	sample time= 2.090635061264038
	self.n= 0.3623343194721561
	collect g,h time= 4.12154483795166
E=-9.906872893758905,dE=-1.278766728063374e-06,std=0
L=-9.906872893758905,dL=-1.278766728063374e-06,std=0
	gnorm= 6.663418019635763e-05
	symmetric= True
	solver time=0.0262758731842041,exit status=0
	SR solver time= 0.026320934295654297
	symmetric= False
	niter= 37
	niter= 312
	solver time=0.09654831886291504,exit status=0
	RGN solver time= 0.0965871810913086
	xnorm=6.615569303869009,dnorm=0.02413525488051691
	dense amplitude time= 0.028705358505249023
	total non-zero amplitudes= 4900
	nsamples per process= 50
	sample time= 0.447049617767334
	self.n= 0.36310587150710355
	RGN updated loss=-9.90687413785512,dloss=-1.2440962144921741e-06
step= 281

nparam= 1004
	dense amplitude time= 0.06470942497253418
	total non-zero amplitudes= 4900
	nsamples per process= 50
	sample time= 2.086387872695923
	self.n= 0.3631058715071036
	collect g,h time= 4.120505332946777
E=-9.90687413785512,dE=-1.2440962144921741e-06,std=0
L=-9.90687413785512,dL=-1.2440962144921741e-06,std=0
	gnorm= 5.87692790616283e-05
	symmetric= True
	solver time=0.006983518600463867,exit status=0
	SR solver time= 0.007027387619018555
	symmetric= False
	niter= 36
	niter= 312
	solver time=0.10495448112487793,exit status=0
	RGN solver time= 0.1049962043762207
	xnorm=6.619178520670538,dnorm=0.0240775375321606
	dense amplitude time= 0.02815699577331543
	total non-zero amplitudes= 4900
	nsamples per process= 50
	sample time= 0.4506099224090576
	self.n= 0.36386785501255875
	RGN updated loss=-9.90687537428783,dloss=-1.2364327108826956e-06
step= 282

nparam= 1004
	dense amplitude time= 0.03688812255859375
	total non-zero amplitudes= 4900
	nsamples per process= 50
	sample time= 2.082634210586548
	self.n= 0.36386785501255936
	collect g,h time= 4.154053211212158
E=-9.906875374287832,dE=-1.2364327126590524e-06,std=0
L=-9.906875374287832,dL=-1.2364327126590524e-06,std=0
	gnorm= 6.81693130222734e-05
	symmetric= True
	solver time=0.006502628326416016,exit status=0
	SR solver time= 0.006542682647705078
	symmetric= False
	niter= 37
	niter= 311
	solver time=0.11737227439880371,exit status=0
	RGN solver time= 0.11741876602172852
	xnorm=6.62284081930623,dnorm=0.023994693949793536
	dense amplitude time= 0.025812387466430664
	total non-zero amplitudes= 4900
	nsamples per process= 50
	sample time= 0.4564030170440674
	self.n= 0.3646024272595023
	RGN updated loss=-9.906876601525582,dloss=-1.2272377496458375e-06
step= 283

nparam= 1004
	dense amplitude time= 0.04053997993469238
	total non-zero amplitudes= 4900
	nsamples per process= 50
	sample time= 2.0916576385498047
	self.n= 0.3646024272595023
	collect g,h time= 4.122941732406616
E=-9.906876601525582,dE=-1.2272377496458375e-06,std=0
L=-9.906876601525582,dL=-1.2272377496458375e-06,std=0
	gnorm= 5.6259433334275755e-05
	symmetric= True
	solver time=0.017946958541870117,exit status=0
	SR solver time= 0.017986297607421875
	symmetric= False
	niter= 36
	niter= 312
	solver time=0.11352777481079102,exit status=0
	RGN solver time= 0.11356663703918457
	xnorm=6.626503095360322,dnorm=0.02399271071865838
	dense amplitude time= 0.08355307579040527
	total non-zero amplitudes= 4900
	nsamples per process= 50
	sample time= 0.45145440101623535
	self.n= 0.36531848375487425
	RGN updated loss=-9.906877830397137,dloss=-1.2288715556252328e-06
step= 284

nparam= 1004
	dense amplitude time= 0.03606009483337402
	total non-zero amplitudes= 4900
	nsamples per process= 50
	sample time= 2.0928916931152344
	self.n= 0.36531848375487475
	collect g,h time= 4.119479656219482
E=-9.90687783039714,dE=-1.2288715574015896e-06,std=0
L=-9.90687783039714,dL=-1.2288715574015896e-06,std=0
	gnorm= 5.941982721540381e-05
	symmetric= True
	niter= 37
	solver time=0.027036190032958984,exit status=0
	SR solver time= 0.02708268165588379
	symmetric= False
	niter= 312
	solver time=0.11261129379272461,exit status=0
	RGN solver time= 0.11265110969543457
	xnorm=6.630180573310655,dnorm=0.023916224249841262
	dense amplitude time= 0.03976631164550781
	total non-zero amplitudes= 4900
	nsamples per process= 50
	sample time= 0.4519476890563965
	self.n= 0.3660360436042696
	RGN updated loss=-9.906879045614026,dloss=-1.2152168871182312e-06
step= 285

nparam= 1004
	dense amplitude time= 0.04602622985839844
	total non-zero amplitudes= 4900
	nsamples per process= 50
	sample time= 2.0912911891937256
	self.n= 0.3660360436042702
	collect g,h time= 4.120848178863525
E=-9.906879045614026,dE=-1.2152168871182312e-06,std=0
L=-9.906879045614026,dL=-1.2152168871182312e-06,std=0
	gnorm= 5.8664644377292044e-05
	symmetric= True
	solver time=0.027932405471801758,exit status=0
	SR solver time= 0.02797675132751465
	symmetric= False
	niter= 36
	niter= 312
	solver time=0.11414361000061035,exit status=0
	RGN solver time= 0.11418008804321289
	xnorm=6.633865768564179,dnorm=0.02389012160556266
	dense amplitude time= 0.027549266815185547
	total non-zero amplitudes= 4900
	nsamples per process= 50
	sample time= 0.45162415504455566
	self.n= 0.36673502443861067
	RGN updated loss=-9.90688026563693,dloss=-1.220022904036e-06
step= 286

nparam= 1004
	dense amplitude time= 0.04084944725036621
	total non-zero amplitudes= 4900
	nsamples per process= 50
	sample time= 2.0930404663085938
	self.n= 0.36673502443861083
	collect g,h time= 4.126605272293091
E=-9.906880265636934,dE=-1.2200229075887137e-06,std=0
L=-9.906880265636934,dL=-1.2200229075887137e-06,std=0
	gnorm= 0.00012318493936454183
	symmetric= True
	solver time=0.007494211196899414,exit status=0
	SR solver time= 0.007550239562988281
	symmetric= False
	niter= 43
	niter= 294
	solver time=0.12021851539611816,exit status=0
	RGN solver time= 0.12026858329772949
	xnorm=6.637546019800972,dnorm=0.024094663152022962
	dense amplitude time= 0.02654719352722168
	total non-zero amplitudes= 4900
	nsamples per process= 50
	sample time= 0.45595240592956543
	self.n= 0.36739228590129147
	RGN updated loss=-9.906881424578486,dloss=-1.1589415525037339e-06
step= 287

nparam= 1004
	dense amplitude time= 0.07996034622192383
	total non-zero amplitudes= 4900
	nsamples per process= 50
	sample time= 2.099872350692749
	self.n= 0.3673922859012917
	collect g,h time= 4.122007608413696
E=-9.906881424578486,dE=-1.1589415525037339e-06,std=0
L=-9.906881424578486,dL=-1.1589415525037339e-06,std=0
	gnorm= 7.839035501746581e-05
	symmetric= True
	solver time=0.007334709167480469,exit status=0
	SR solver time= 0.007371664047241211
	symmetric= False
	niter= 42
	niter= 307
	solver time=0.11120152473449707,exit status=0
	RGN solver time= 0.11124324798583984
	xnorm=6.641492860624789,dnorm=0.02391188545048801
	dense amplitude time= 0.026098966598510742
	total non-zero amplitudes= 4900
	nsamples per process= 50
	sample time= 0.4506514072418213
	self.n= 0.36807640082912013
	RGN updated loss=-9.906882686213654,dloss=-1.261635167892905e-06
step= 288

nparam= 1004
	dense amplitude time= 0.08708596229553223
	total non-zero amplitudes= 4900
	nsamples per process= 50
	sample time= 2.099429130554199
	self.n= 0.3680764008291208
	collect g,h time= 4.124250411987305
E=-9.906882686213656,dE=-1.2616351696692618e-06,std=0
L=-9.906882686213656,dL=-1.2616351696692618e-06,std=0
	gnorm= 5.0239506932697315e-05
	symmetric= True
	solver time=0.0073964595794677734,exit status=0
	SR solver time= 0.007436513900756836
	symmetric= False
	niter= 35
	niter= 312
	solver time=0.13260412216186523,exit status=0
	RGN solver time= 0.1326448917388916
	xnorm=6.645090675684198,dnorm=0.023794497510956174
	dense amplitude time= 0.030417442321777344
	total non-zero amplitudes= 4900
	nsamples per process= 50
	sample time= 0.45726704597473145
	self.n= 0.3687466236694086
	RGN updated loss=-9.906883889976495,dloss=-1.2037628387417953e-06
step= 289

nparam= 1004
	dense amplitude time= 0.11203551292419434
	total non-zero amplitudes= 4900
	nsamples per process= 50
	sample time= 2.101931571960449
	self.n= 0.368746623669409
	collect g,h time= 4.1199774742126465
E=-9.906883889976498,dE=-1.203762842294509e-06,std=0
L=-9.906883889976498,dL=-1.203762842294509e-06,std=0
	gnorm= 5.220374938843926e-05
	symmetric= True
	solver time=0.007537841796875,exit status=0
	SR solver time= 0.0075762271881103516
	symmetric= False
	niter= 34
	niter= 312
	solver time=0.12115073204040527,exit status=0
	RGN solver time= 0.12119197845458984
	xnorm=6.648771970521905,dnorm=0.023777130078532095
	dense amplitude time= 0.04952192306518555
	total non-zero amplitudes= 4900
	nsamples per process= 50
	sample time= 0.4525322914123535
	self.n= 0.3693946809265281
	RGN updated loss=-9.906885096940568,dloss=-1.2069640700218542e-06
step= 290

nparam= 1004
	dense amplitude time= 0.07610225677490234
	total non-zero amplitudes= 4900
	nsamples per process= 50
	sample time= 2.0981557369232178
	self.n= 0.3693946809265284
	collect g,h time= 4.119641065597534
E=-9.906885096940568,dE=-1.2069640700218542e-06,std=0
L=-9.906885096940568,dL=-1.2069640700218542e-06,std=0
	gnorm= 6.216319353266583e-05
	symmetric= True
	solver time=0.008276700973510742,exit status=0
	SR solver time= 0.008317708969116211
	symmetric= False
	niter= 38
	niter= 312
	solver time=0.13376188278198242,exit status=0
	RGN solver time= 0.13381361961364746
	xnorm=6.652445473463948,dnorm=0.023876079117764744
	dense amplitude time= 0.050948143005371094
	total non-zero amplitudes= 4900
	nsamples per process= 50
	sample time= 0.4543647766113281
	self.n= 0.370032264383624
	RGN updated loss=-9.906886290387572,dloss=-1.1934470034447031e-06
step= 291

nparam= 1004
	dense amplitude time= 0.061109304428100586
	total non-zero amplitudes= 4900
	nsamples per process= 50
	sample time= 2.097904920578003
	self.n= 0.37003226438362424
	collect g,h time= 4.121001958847046
E=-9.90688629038757,dE=-1.1934470016683463e-06,std=0
L=-9.90688629038757,dL=-1.1934470016683463e-06,std=0
	gnorm= 5.6962804372567164e-05
	symmetric= True
	solver time=0.006651878356933594,exit status=0
	SR solver time= 0.006688117980957031
	symmetric= False
	niter= 37
	niter= 312
	solver time=0.1216273307800293,exit status=0
	RGN solver time= 0.12166905403137207
	xnorm=6.656225332174145,dnorm=0.02377531184991925
	dense amplitude time= 0.02587437629699707
	total non-zero amplitudes= 4900
	nsamples per process= 50
	sample time= 0.456052303314209
	self.n= 0.37065986151996366
	RGN updated loss=-9.906887503288944,dloss=-1.2129013740036498e-06
step= 292

nparam= 1004
	dense amplitude time= 0.05039834976196289
	total non-zero amplitudes= 4900
	nsamples per process= 50
	sample time= 2.100613594055176
	self.n= 0.3706598615199641
	collect g,h time= 4.118271589279175
E=-9.906887503288942,dE=-1.212901372227293e-06,std=0
L=-9.906887503288942,dL=-1.212901372227293e-06,std=0
	gnorm= 4.936774478350555e-05
	symmetric= True
	solver time=0.0173795223236084,exit status=0
	SR solver time= 0.01742243766784668
	symmetric= False
	niter= 35
	niter= 312
	solver time=0.10609984397888184,exit status=0
	RGN solver time= 0.10614705085754395
	xnorm=6.6598918998410035,dnorm=0.02379917560899564
	dense amplitude time= 0.03229832649230957
	total non-zero amplitudes= 4900
	nsamples per process= 50
	sample time= 0.4567739963531494
	self.n= 0.37126292243923914
	RGN updated loss=-9.906888704473289,dloss=-1.2011843466552818e-06
step= 293

nparam= 1004
	dense amplitude time= 0.10285162925720215
	total non-zero amplitudes= 4900
	nsamples per process= 50
	sample time= 2.09849214553833
	self.n= 0.37126292243923964
	collect g,h time= 4.120544672012329
E=-9.906888704473289,dE=-1.2011843466552818e-06,std=0
L=-9.906888704473289,dL=-1.2011843466552818e-06,std=0
	gnorm= 6.21089589371123e-05
	symmetric= True
	solver time=0.0061147212982177734,exit status=0
	SR solver time= 0.006148576736450195
	symmetric= False
	niter= 35
	niter= 311
	solver time=0.09619355201721191,exit status=0
	RGN solver time= 0.09623265266418457
	xnorm=6.663607032548806,dnorm=0.023725980379436754
	dense amplitude time= 0.04102921485900879
	total non-zero amplitudes= 4900
	nsamples per process= 50
	sample time= 0.45651984214782715
	self.n= 0.37186792220651443
	RGN updated loss=-9.906889907673975,dloss=-1.2032006857509714e-06
step= 294

nparam= 1004
	dense amplitude time= 0.13030457496643066
	total non-zero amplitudes= 4900
	nsamples per process= 50
	sample time= 2.1005542278289795
	self.n= 0.3718679222065151
	collect g,h time= 4.120630979537964
E=-9.906889907673975,dE=-1.2032006857509714e-06,std=0
L=-9.906889907673975,dL=-1.2032006857509714e-06,std=0
	gnorm= 8.971937721933881e-05
	symmetric= True
	solver time=0.01448369026184082,exit status=0
	SR solver time= 0.014532089233398438
	symmetric= False
	niter= 37
	niter= 293
	solver time=0.0987091064453125,exit status=0
	RGN solver time= 0.09875178337097168
	xnorm=6.6673263957954365,dnorm=0.023741083772588677
	dense amplitude time= 0.0636439323425293
	total non-zero amplitudes= 4900
	nsamples per process= 50
	sample time= 0.4511590003967285
	self.n= 0.3724595022650252
	RGN updated loss=-9.906891102737548,dloss=-1.1950635734336856e-06
step= 295

nparam= 1004
	dense amplitude time= 0.1014707088470459
	total non-zero amplitudes= 4900
	nsamples per process= 50
	sample time= 2.088881254196167
	self.n= 0.37245950226502555
	collect g,h time= 4.126267194747925
E=-9.906891102737548,dE=-1.1950635734336856e-06,std=0
L=-9.906891102737548,dL=-1.1950635734336856e-06,std=0
	gnorm= 8.384658562051313e-05
	symmetric= True
	solver time=0.018004179000854492,exit status=0
	SR solver time= 0.01804375648498535
	symmetric= False
	niter= 37
	niter= 303
	solver time=0.12002205848693848,exit status=0
	RGN solver time= 0.12005901336669922
	xnorm=6.671063604157225,dnorm=0.02374364701477599
	dense amplitude time= 0.02857661247253418
	total non-zero amplitudes= 4900
	nsamples per process= 50
	sample time= 0.4508357048034668
	self.n= 0.37303560391862994
	RGN updated loss=-9.906892310769692,dloss=-1.2080321436513941e-06
step= 296

nparam= 1004
	dense amplitude time= 0.09387850761413574
	total non-zero amplitudes= 4900
	nsamples per process= 50
	sample time= 2.0930631160736084
	self.n= 0.3730356039186301
	collect g,h time= 4.121499538421631
E=-9.90689231076969,dE=-1.2080321418750373e-06,std=0
L=-9.90689231076969,dL=-1.2080321418750373e-06,std=0
	gnorm= 7.705153657026147e-05
	symmetric= True
	solver time=0.0070056915283203125,exit status=0
	SR solver time= 0.0070455074310302734
	symmetric= False
	niter= 39
	niter= 300
	solver time=0.09215164184570312,exit status=0
	RGN solver time= 0.09219717979431152
	xnorm=6.6747878747034015,dnorm=0.023761727627396253
	dense amplitude time= 0.026265859603881836
	total non-zero amplitudes= 4900
	nsamples per process= 50
	sample time= 0.4502885341644287
	self.n= 0.3735994089178144
	RGN updated loss=-9.906893505550029,dloss=-1.1947803386647138e-06
step= 297

nparam= 1004
	dense amplitude time= 0.15208697319030762
	total non-zero amplitudes= 4900
	nsamples per process= 50
	sample time= 2.0912790298461914
	self.n= 0.37359940891781473
	collect g,h time= 4.1258299350738525
E=-9.906893505550029,dE=-1.1947803386647138e-06,std=0
L=-9.906893505550029,dL=-1.1947803386647138e-06,std=0
	gnorm= 6.124330805212665e-05
	symmetric= True
	solver time=0.017603158950805664,exit status=0
	SR solver time= 0.01765131950378418
	symmetric= False
	niter= 37
	niter= 311
	solver time=0.09627819061279297,exit status=0
	RGN solver time= 0.09632062911987305
	xnorm=6.678529221364533,dnorm=0.023764805379402332
	dense amplitude time= 0.028279542922973633
	total non-zero amplitudes= 4900
	nsamples per process= 50
	sample time= 0.44912028312683105
	self.n= 0.37415266134467684
	RGN updated loss=-9.906894716354666,dloss=-1.210804636997409e-06
step= 298

nparam= 1004
	dense amplitude time= 0.08991432189941406
	total non-zero amplitudes= 4900
	nsamples per process= 50
	sample time= 2.0960803031921387
	self.n= 0.3741526613446776
	collect g,h time= 4.126014471054077
E=-9.906894716354666,dE=-1.210804636997409e-06,std=0
L=-9.906894716354666,dL=-1.210804636997409e-06,std=0
	gnorm= 7.62676439961773e-05
	symmetric= True
	solver time=0.031462907791137695,exit status=0
	SR solver time= 0.03151416778564453
	symmetric= False
	niter= 39
	niter= 302
	solver time=0.09430456161499023,exit status=0
	RGN solver time= 0.09434747695922852
	xnorm=6.6822655762455065,dnorm=0.023824977445277586
	dense amplitude time= 0.03943157196044922
	total non-zero amplitudes= 4900
	nsamples per process= 50
	sample time= 0.452653169631958
	self.n= 0.37469454075303277
	RGN updated loss=-9.906895919857861,dloss=-1.2035031957680076e-06
step= 299

nparam= 1004
	dense amplitude time= 0.07952499389648438
	total non-zero amplitudes= 4900
	nsamples per process= 50
	sample time= 2.0944454669952393
	self.n= 0.3746945407530333
	collect g,h time= 4.147164821624756
E=-9.906895919857861,dE=-1.2035031957680076e-06,std=0
L=-9.906895919857861,dL=-1.2035031957680076e-06,std=0
	gnorm= 0.00029425511108581914
	symmetric= True
	solver time=0.008491992950439453,exit status=0
	SR solver time= 0.00853109359741211
	symmetric= False
	niter= 41
	niter= 280
	solver time=0.0854184627532959,exit status=0
	RGN solver time= 0.08545708656311035
	xnorm=6.686014775491755,dnorm=0.024972491034480543
	dense amplitude time= 0.025873422622680664
	total non-zero amplitudes= 4900
	nsamples per process= 50
	sample time= 0.4512472152709961
	self.n= 0.3751984618623142
	RGN updated loss=-9.906896929174673,dloss=-1.009316811462213e-06
step= 300

nparam= 1004
	dense amplitude time= 0.12841391563415527
	total non-zero amplitudes= 4900
	nsamples per process= 50
	sample time= 2.0938782691955566
	self.n= 0.37519846186231476
	collect g,h time= 4.125682592391968
E=-9.906896929174673,dE=-1.009316811462213e-06,std=0
L=-9.906896929174673,dL=-1.009316811462213e-06,std=0
	gnorm= 0.0001399355210816311
	symmetric= True
	solver time=0.007735729217529297,exit status=0
	SR solver time= 0.0077784061431884766
	symmetric= False
	niter= 43
	niter= 289
	solver time=0.08861184120178223,exit status=0
	RGN solver time= 0.08864974975585938
	xnorm=6.690182128202352,dnorm=0.02430338895711236
	dense amplitude time= 0.027912616729736328
	total non-zero amplitudes= 4900
	nsamples per process= 50
	sample time= 0.4476780891418457
	self.n= 0.37576468343555997
	RGN updated loss=-9.906898344595538,dloss=-1.4154208649586053e-06
step= 301

nparam= 1004
	dense amplitude time= 0.041039466857910156
	total non-zero amplitudes= 4900
	nsamples per process= 50
	sample time= 2.0792160034179688
	self.n= 0.3757646834355607
	collect g,h time= 4.129667043685913
E=-9.906898344595534,dE=-1.4154208614058916e-06,std=0
L=-9.906898344595534,dL=-1.4154208614058916e-06,std=0
	gnorm= 5.025889487626849e-05
	symmetric= True
	solver time=0.023985862731933594,exit status=0
	SR solver time= 0.024031877517700195
	symmetric= False
	niter= 35
	niter= 312
	solver time=0.09985637664794922,exit status=0
	RGN solver time= 0.0998997688293457
	xnorm=6.693651092953991,dnorm=0.023904152775877097
	dense amplitude time= 0.028496503829956055
	total non-zero amplitudes= 4900
	nsamples per process= 50
	sample time= 0.4484283924102783
	self.n= 0.37629011382318744
	RGN updated loss=-9.906899568019147,dloss=-1.2234236130836962e-06
step= 302

nparam= 1004
	dense amplitude time= 0.14275622367858887
	total non-zero amplitudes= 4900
	nsamples per process= 50
	sample time= 2.078054189682007
	self.n= 0.3762901138231878
	collect g,h time= 4.124126195907593
E=-9.90689956801915,dE=-1.223423614860053e-06,std=0
L=-9.90689956801915,dL=-1.223423614860053e-06,std=0
	gnorm= 0.0001192008304323918
	symmetric= True
	solver time=0.007688045501708984,exit status=0
	SR solver time= 0.007730245590209961
	symmetric= False
	niter= 43
	solver time=0.12722110748291016,exit status=0
	RGN solver time= 0.12726616859436035
	xnorm=6.697316829543183,dnorm=0.024114574218526304
	niter= 292
	dense amplitude time= 0.059659719467163086
	total non-zero amplitudes= 4900
	nsamples per process= 50
	sample time= 0.4485435485839844
	self.n= 0.37675582323462736
	RGN updated loss=-9.906900732088623,dloss=-1.1640694737025115e-06
step= 303

nparam= 1004
	dense amplitude time= 0.057651519775390625
	total non-zero amplitudes= 4900
	nsamples per process= 50
	sample time= 2.0797038078308105
	self.n= 0.3767558232346273
	collect g,h time= 4.1274800300598145
E=-9.906900732088625,dE=-1.1640694754788683e-06,std=0
L=-9.906900732088625,dL=-1.1640694754788683e-06,std=0
	gnorm= 8.883470523681835e-05
	symmetric= True
	niter= 43
	solver time=0.04374337196350098,exit status=0
	SR solver time= 0.04379129409790039
	symmetric= False
	niter= 302
	solver time=0.09505200386047363,exit status=0
	RGN solver time= 0.09508848190307617
	xnorm=6.70129130979161,dnorm=0.02411864596755619
	dense amplitude time= 0.025815486907958984
	total non-zero amplitudes= 4900
	nsamples per process= 50
	sample time= 0.45098161697387695
	self.n= 0.37724614568681625
	RGN updated loss=-9.90690200024338,dloss=-1.2681547545412286e-06
step= 304

nparam= 1004
	dense amplitude time= 0.04650092124938965
	total non-zero amplitudes= 4900
	nsamples per process= 50
	sample time= 2.083296298980713
	self.n= 0.3772461456868172
	collect g,h time= 4.122204065322876
E=-9.90690200024338,dE=-1.2681547545412286e-06,std=0
L=-9.90690200024338,dL=-1.2681547545412286e-06,std=0
	gnorm= 5.7834694268032836e-05
	symmetric= True
	solver time=0.00751948356628418,exit status=0
	SR solver time= 0.0075609683990478516
	symmetric= False
	niter= 36
	niter= 312
	solver time=0.10455751419067383,exit status=0
	RGN solver time= 0.10460019111633301
	xnorm=6.704978787031704,dnorm=0.023951428219725217
	dense amplitude time= 0.026192903518676758
	total non-zero amplitudes= 4900
	nsamples per process= 50
	sample time= 0.44704318046569824
	self.n= 0.37775334952958267
	RGN updated loss=-9.906903226859031,dloss=-1.2266156517171112e-06
step= 305

nparam= 1004
	dense amplitude time= 0.05742669105529785
	total non-zero amplitudes= 4900
	nsamples per process= 50
	sample time= 2.087415933609009
	self.n= 0.37775334952958345
	collect g,h time= 4.153280258178711
E=-9.906903226859033,dE=-1.226615653493468e-06,std=0
L=-9.906903226859033,dL=-1.226615653493468e-06,std=0
	gnorm= 5.252896413839462e-05
	symmetric= True
	solver time=0.006375551223754883,exit status=0
	SR solver time= 0.0064127445220947266
	symmetric= False
	niter= 35
	niter= 312
	solver time=0.1334695816040039,exit status=0
	RGN solver time= 0.1335136890411377
	xnorm=6.70870849517146,dnorm=0.02395503265594687
	dense amplitude time= 0.030500411987304688
	total non-zero amplitudes= 4900
	nsamples per process= 50
	sample time= 0.44733309745788574
	self.n= 0.3782285277755518
	RGN updated loss=-9.906904454293755,dloss=-1.2274347227503313e-06
step= 306

nparam= 1004
	dense amplitude time= 0.13808655738830566
	total non-zero amplitudes= 4900
	nsamples per process= 50
	sample time= 2.086686372756958
	self.n= 0.37822852777555227
	collect g,h time= 4.128150939941406
E=-9.906904454293755,dE=-1.2274347227503313e-06,std=0
L=-9.906904454293755,dL=-1.2274347227503313e-06,std=0
	gnorm= 0.00012170756898496643
	symmetric= True
	solver time=0.007795810699462891,exit status=0
	SR solver time= 0.007847309112548828
	symmetric= False
	niter= 43
	niter= 290
	solver time=0.09202861785888672,exit status=0
	RGN solver time= 0.09206891059875488
	xnorm=6.7124650722972365,dnorm=0.024172956319626866
	dense amplitude time= 0.026279449462890625
	total non-zero amplitudes= 4900
	nsamples per process= 50
	sample time= 0.4476044178009033
	self.n= 0.3786283294788182
	RGN updated loss=-9.90690561570009,dloss=-1.1614063346598869e-06
step= 307

nparam= 1004
	dense amplitude time= 0.18846726417541504
	total non-zero amplitudes= 4900
	nsamples per process= 50
	sample time= 2.0895657539367676
	self.n= 0.378628329478819
	collect g,h time= 4.128969430923462
E=-9.906905615700092,dE=-1.1614063364362437e-06,std=0
L=-9.906905615700092,dL=-1.1614063364362437e-06,std=0
	gnorm= 0.00017429586319874906
	symmetric= True
	solver time=0.010191917419433594,exit status=0
	SR solver time= 0.010231733322143555
	symmetric= False
	niter= 45
	niter= 281
	solver time=0.0860130786895752,exit status=0
	RGN solver time= 0.08605432510375977
	xnorm=6.716489887705648,dnorm=0.02422521599919812
	dense amplitude time= 0.02592778205871582
	total non-zero amplitudes= 4900
	nsamples per process= 50
	sample time= 0.4491550922393799
	self.n= 0.37909751082675947
	RGN updated loss=-9.906906879017935,dloss=-1.263317843225309e-06
step= 308

nparam= 1004
	dense amplitude time= 0.16611647605895996
	total non-zero amplitudes= 4900
	nsamples per process= 50
	sample time= 2.0863513946533203
	self.n= 0.37909751082676013
	collect g,h time= 4.1290271282196045
E=-9.906906879017935,dE=-1.263317843225309e-06,std=0
L=-9.906906879017935,dL=-1.263317843225309e-06,std=0
	gnorm= 0.0001018737206966882
	symmetric= True
	solver time=0.027286529541015625,exit status=0
	SR solver time= 0.027333498001098633
	symmetric= False
	niter= 42
	niter= 286
	solver time=0.08769655227661133,exit status=0
	RGN solver time= 0.08773589134216309
	xnorm=6.720195707268151,dnorm=0.024098619450329054
	dense amplitude time= 0.0291898250579834
	total non-zero amplitudes= 4900
	nsamples per process= 50
	sample time= 0.4451766014099121
	self.n= 0.3795499745106659
	RGN updated loss=-9.906908142228543,dloss=-1.263210608115628e-06
step= 309

nparam= 1004
	dense amplitude time= 0.15848183631896973
	total non-zero amplitudes= 4900
	nsamples per process= 50
	sample time= 2.07682728767395
	self.n= 0.3795499745106664
	collect g,h time= 4.123848915100098
E=-9.90690814222854,dE=-1.2632106045629143e-06,std=0
L=-9.90690814222854,dL=-1.2632106045629143e-06,std=0
	gnorm= 0.00012812257270881718
	symmetric= True
	solver time=0.009101390838623047,exit status=0
	SR solver time= 0.009145975112915039
	symmetric= False
	niter= 44
	niter= 281
	solver time=0.08916163444519043,exit status=0
	RGN solver time= 0.08920598030090332
	xnorm=6.723936949922329,dnorm=0.02410360275683215
	dense amplitude time= 0.028584003448486328
	total non-zero amplitudes= 4900
	nsamples per process= 50
	sample time= 0.438157320022583
	self.n= 0.37996643898226573
	RGN updated loss=-9.906909366521766,dloss=-1.2242932267980677e-06
step= 310

nparam= 1004
	dense amplitude time= 0.1706092357635498
	total non-zero amplitudes= 4900
	nsamples per process= 50
	sample time= 2.069579839706421
	self.n= 0.3799664389822664
	collect g,h time= 4.126579999923706
E=-9.906909366521766,dE=-1.2242932267980677e-06,std=0
L=-9.906909366521766,dL=-1.2242932267980677e-06,std=0
	gnorm= 7.057467281867644e-05
	symmetric= True
	solver time=0.018731355667114258,exit status=0
	SR solver time= 0.018772125244140625
	symmetric= False
	niter= 39
	niter= 310
	solver time=0.11622118949890137,exit status=0
	RGN solver time= 0.11626362800598145
	xnorm=6.727730090076164,dnorm=0.02413210654531036
	dense amplitude time= 0.025967836380004883
	total non-zero amplitudes= 4900
	nsamples per process= 50
	sample time= 0.44266223907470703
	self.n= 0.38038449558066995
	RGN updated loss=-9.906910616994091,dloss=-1.2504723247985794e-06
step= 311

nparam= 1004
	dense amplitude time= 0.15687298774719238
	total non-zero amplitudes= 4900
	nsamples per process= 50
	sample time= 2.0691092014312744
	self.n= 0.3803844955806701
	collect g,h time= 4.130569219589233
E=-9.906910616994091,dE=-1.2504723247985794e-06,std=0
L=-9.906910616994091,dL=-1.2504723247985794e-06,std=0
	gnorm= 5.256169179285318e-05
	symmetric= True
	solver time=0.02090620994567871,exit status=0
	SR solver time= 0.020947933197021484
	symmetric= False
	niter= 35
	niter= 312
	solver time=0.1380317211151123,exit status=0
	RGN solver time= 0.13807010650634766
	xnorm=6.731520856808491,dnorm=0.024114627223374086
	dense amplitude time= 0.055384159088134766
	total non-zero amplitudes= 4900
	nsamples per process= 50
	sample time= 0.4458167552947998
	self.n= 0.3808032191098852
	RGN updated loss=-9.906911860187346,dloss=-1.2431932550072133e-06
step= 312

nparam= 1004
	dense amplitude time= 0.09754443168640137
	total non-zero amplitudes= 4900
	nsamples per process= 50
	sample time= 2.0807976722717285
	self.n= 0.3808032191098854
	collect g,h time= 4.129335165023804
E=-9.906911860187348,dE=-1.2431932567835702e-06,std=0
L=-9.906911860187348,dL=-1.2431932567835702e-06,std=0
	gnorm= 4.834699878831516e-05
	symmetric= True
	solver time=0.018342018127441406,exit status=0
	SR solver time= 0.018381834030151367
	symmetric= False
	niter= 35
	niter= 312
	solver time=0.0968313217163086,exit status=0
	RGN solver time= 0.09687447547912598
	xnorm=6.735311921415564,dnorm=0.02413148819221802
	dense amplitude time= 0.028542757034301758
	total non-zero amplitudes= 4900
	nsamples per process= 50
	sample time= 0.4454946517944336
	self.n= 0.3812120625404535
	RGN updated loss=-9.906913103370197,dloss=-1.2431828491088481e-06
step= 313

nparam= 1004
	dense amplitude time= 0.18168091773986816
	total non-zero amplitudes= 4900
	nsamples per process= 50
	sample time= 2.09424090385437
	self.n= 0.38121206254045364
	collect g,h time= 4.133001327514648
E=-9.9069131033702,dE=-1.2431828526615618e-06,std=0
L=-9.9069131033702,dL=-1.2431828526615618e-06,std=0
	gnorm= 5.880606801434036e-05
	symmetric= True
	solver time=0.008068084716796875,exit status=0
	SR solver time= 0.00811147689819336
	symmetric= False
	niter= 36
	niter= 312
	solver time=0.10943055152893066,exit status=0
	RGN solver time= 0.10947322845458984
	xnorm=6.7391382028087765,dnorm=0.024137687356389957
	dense amplitude time= 0.0355374813079834
	total non-zero amplitudes= 4900
	nsamples per process= 50
	sample time= 0.44951534271240234
	self.n= 0.3815832224140179
	RGN updated loss=-9.906914341803533,dloss=-1.23843333277307e-06
step= 314

nparam= 1004
	dense amplitude time= 0.11421465873718262
	total non-zero amplitudes= 4900
	nsamples per process= 50
	sample time= 2.0925772190093994
	self.n= 0.38158322241401776
	collect g,h time= 4.1304030418396
E=-9.906914341803532,dE=-1.2384333309967133e-06,std=0
L=-9.906914341803532,dL=-1.2384333309967133e-06,std=0
	gnorm= 7.256994249751382e-05
	symmetric= True
	solver time=0.0070345401763916016,exit status=0
	SR solver time= 0.007067203521728516
	symmetric= False
	niter= 39
	niter= 299
	solver time=0.11205530166625977,exit status=0
	RGN solver time= 0.11210155487060547
	xnorm=6.742998831431091,dnorm=0.02414586944629275
	dense amplitude time= 0.025889873504638672
	total non-zero amplitudes= 4900
	nsamples per process= 50
	sample time= 0.449413537979126
	self.n= 0.3819745825260886
	RGN updated loss=-9.906915585388104,dloss=-1.2435845722080785e-06
step= 315

nparam= 1004
	dense amplitude time= 0.17175626754760742
	total non-zero amplitudes= 4900
	nsamples per process= 50
	sample time= 2.0904886722564697
	self.n= 0.3819745825260892
	collect g,h time= 4.1307830810546875
E=-9.906915585388104,dE=-1.2435845722080785e-06,std=0
L=-9.906915585388104,dL=-1.2435845722080785e-06,std=0
	gnorm= 7.60048743687901e-05
	symmetric= True
	solver time=0.03858494758605957,exit status=0
	SR solver time= 0.038633108139038086
	symmetric= False
	niter= 38
	niter= 301
	solver time=0.12299227714538574,exit status=0
	RGN solver time= 0.12303352355957031
	xnorm=6.7468371585910445,dnorm=0.024168281977351547
	dense amplitude time= 0.06502628326416016
	total non-zero amplitudes= 4900
	nsamples per process= 50
	sample time= 0.4540259838104248
	self.n= 0.3823452985599243
	RGN updated loss=-9.906916830410104,dloss=-1.2450220001625212e-06
step= 316

nparam= 1004
	dense amplitude time= 0.18470072746276855
	total non-zero amplitudes= 4900
	nsamples per process= 50
	sample time= 2.096754312515259
	self.n= 0.38234529855992433
	collect g,h time= 4.1307923793792725
E=-9.906916830410102,dE=-1.2450219983861643e-06,std=0
L=-9.906916830410102,dL=-1.2450219983861643e-06,std=0
	gnorm= 0.00018168491595967653
	symmetric= True
	solver time=0.022112607955932617,exit status=0
	SR solver time= 0.022156238555908203
	symmetric= False
	niter= 44
	niter= 280
	solver time=0.09577226638793945,exit status=0
	RGN solver time= 0.09581232070922852
	xnorm=6.750694774513256,dnorm=0.024158577093261573
	dense amplitude time= 0.04134058952331543
	total non-zero amplitudes= 4900
	nsamples per process= 50
	sample time= 0.45613980293273926
	self.n= 0.38269704028132456
	RGN updated loss=-9.906918062211789,dloss=-1.2318016864298897e-06
step= 317

nparam= 1004
	dense amplitude time= 0.07555675506591797
	total non-zero amplitudes= 4900
	nsamples per process= 50
	sample time= 2.104397773742676
	self.n= 0.3826970402813251
	collect g,h time= 4.13142204284668
E=-9.906918062211792,dE=-1.2318016899826034e-06,std=0
L=-9.906918062211792,dL=-1.2318016899826034e-06,std=0
	gnorm= 0.00012151091749605277
	symmetric= True
	solver time=0.01893758773803711,exit status=0
	SR solver time= 0.018985271453857422
	symmetric= False
	niter= 40
	niter= 281
	solver time=0.12262392044067383,exit status=0
	RGN solver time= 0.12266778945922852
	xnorm=6.754618090032545,dnorm=0.024185362328557555
	dense amplitude time= 0.039177656173706055
	total non-zero amplitudes= 4900
	nsamples per process= 50
	sample time= 0.45488548278808594
	self.n= 0.3830656744835201
	RGN updated loss=-9.906919324833728,dloss=-1.2626219358935487e-06
step= 318

nparam= 1004
	dense amplitude time= 0.23349571228027344
	total non-zero amplitudes= 4900
	nsamples per process= 50
	sample time= 2.1052207946777344
	self.n= 0.38306567448352075
	collect g,h time= 4.13116455078125
E=-9.906919324833725,dE=-1.262621932340835e-06,std=0
L=-9.906919324833725,dL=-1.262621932340835e-06,std=0
	gnorm= 0.0001531112430680914
	symmetric= True
	solver time=0.024377107620239258,exit status=0
	SR solver time= 0.024418354034423828
	symmetric= False
	niter= 43
	niter= 281
	solver time=0.08703470230102539,exit status=0
	RGN solver time= 0.08707833290100098
	xnorm=6.758435466902848,dnorm=0.024155049038071693
	dense amplitude time= 0.037453651428222656
	total non-zero amplitudes= 4900
	nsamples per process= 50
	sample time= 0.45561695098876953
	self.n= 0.3833951302212988
	RGN updated loss=-9.906920552606165,dloss=-1.2277724401599244e-06
step= 319

nparam= 1004
	dense amplitude time= 0.15654921531677246
	total non-zero amplitudes= 4900
	nsamples per process= 50
	sample time= 2.1141104698181152
	self.n= 0.383395130221299
	collect g,h time= 4.139581203460693
E=-9.906920552606165,dE=-1.2277724401599244e-06,std=0
L=-9.906920552606165,dL=-1.2277724401599244e-06,std=0
	gnorm= 0.00016223077808348046
	symmetric= True
	solver time=0.008388996124267578,exit status=0
	SR solver time= 0.00842905044555664
	symmetric= False
	niter= 45
	niter= 280
	solver time=0.1001427173614502,exit status=0
	RGN solver time= 0.10019874572753906
	xnorm=6.762355343630556,dnorm=0.02415201797543594
	dense amplitude time= 0.03669905662536621
	total non-zero amplitudes= 4900
	nsamples per process= 50
	sample time= 0.45834803581237793
	self.n= 0.38374045516824673
	RGN updated loss=-9.906921792501006,dloss=-1.2398948410208277e-06
step= 320

nparam= 1004
	dense amplitude time= 0.04658007621765137
	total non-zero amplitudes= 4900
	nsamples per process= 50
	sample time= 2.1152687072753906
	self.n= 0.3837404551682472
	collect g,h time= 4.133615732192993
E=-9.906921792501004,dE=-1.2398948392444709e-06,std=0
L=-9.906921792501004,dL=-1.2398948392444709e-06,std=0
	gnorm= 9.128885247512136e-05
	symmetric= True
	solver time=0.011940479278564453,exit status=0
	SR solver time= 0.011985063552856445
	symmetric= False
	niter= 40
	niter= 292
	solver time=0.09621071815490723,exit status=0
	RGN solver time= 0.09625649452209473
	xnorm=6.766221845086097,dnorm=0.024174189035148275
	dense amplitude time= 0.027343273162841797
	total non-zero amplitudes= 4900
	nsamples per process= 50
	sample time= 0.4564387798309326
	self.n= 0.38405924956250637
	RGN updated loss=-9.906923053127157,dloss=-1.2606261527992046e-06
step= 321

nparam= 1004
	dense amplitude time= 0.09225916862487793
	total non-zero amplitudes= 4900
	nsamples per process= 50
	sample time= 2.1136975288391113
	self.n= 0.38405924956250687
	collect g,h time= 4.133638858795166
E=-9.906923053127153,dE=-1.260626149246491e-06,std=0
L=-9.906923053127153,dL=-1.260626149246491e-06,std=0
	gnorm= 0.00014286499033015876
	symmetric= True
	solver time=0.007739543914794922,exit status=0
	SR solver time= 0.007780551910400391
	symmetric= False
	niter= 44
	niter= 281
	solver time=0.08551669120788574,exit status=0
	RGN solver time= 0.0855565071105957
	xnorm=6.770056777868189,dnorm=0.024097851135047005
	dense amplitude time= 0.04474210739135742
	total non-zero amplitudes= 4900
	nsamples per process= 50
	sample time= 0.45817136764526367
	self.n= 0.38438446919167585
	RGN updated loss=-9.906924269879479,dloss=-1.2167523255612878e-06
step= 322

nparam= 1004
	dense amplitude time= 0.1889495849609375
	total non-zero amplitudes= 4900
	nsamples per process= 50
	sample time= 2.1214895248413086
	self.n= 0.3843844691916765
	collect g,h time= 4.134047269821167
E=-9.906924269879477,dE=-1.216752323784931e-06,std=0
L=-9.906924269879477,dL=-1.216752323784931e-06,std=0
	gnorm= 0.0001492942723243829
	symmetric= True
	solver time=0.0520174503326416,exit status=0
	SR solver time= 0.05207014083862305
	symmetric= False
	niter= 42
	niter= 281
	solver time=0.11254620552062988,exit status=0
	RGN solver time= 0.11258602142333984
	xnorm=6.773957266423322,dnorm=0.024170031833507695
	dense amplitude time= 0.031273603439331055
	total non-zero amplitudes= 4900
	nsamples per process= 50
	sample time= 0.4557325839996338
	self.n= 0.3846892160987808
	RGN updated loss=-9.906925528451398,dloss=-1.258571920459417e-06
step= 323

nparam= 1004
	dense amplitude time= 0.113616943359375
	total non-zero amplitudes= 4900
	nsamples per process= 50
	sample time= 2.1120173931121826
	self.n= 0.38468921609878143
	collect g,h time= 4.134709358215332
E=-9.906925528451398,dE=-1.258571920459417e-06,std=0
L=-9.906925528451398,dL=-1.258571920459417e-06,std=0
	gnorm= 9.359283327036179e-05
	symmetric= True
	solver time=0.021876096725463867,exit status=0
	SR solver time= 0.021917104721069336
	symmetric= False
	niter= 38
	niter= 285
	solver time=0.11150026321411133,exit status=0
	RGN solver time= 0.11154437065124512
	xnorm=6.77778578780744,dnorm=0.024086847130931514
	dense amplitude time= 0.032001495361328125
	total non-zero amplitudes= 4900
	nsamples per process= 50
	sample time= 0.45868849754333496
	self.n= 0.385004465705853
	RGN updated loss=-9.90692676697431,dloss=-1.2385229126721242e-06
step= 324

nparam= 1004
	dense amplitude time= 0.1494600772857666
	total non-zero amplitudes= 4900
	nsamples per process= 50
	sample time= 2.1131820678710938
	self.n= 0.3850044657058535
	collect g,h time= 4.125579118728638
E=-9.906926766974312,dE=-1.238522914448481e-06,std=0
L=-9.906926766974312,dL=-1.238522914448481e-06,std=0
	gnorm= 5.686444621871789e-05
	symmetric= True
	niter= 36
	solver time=0.05805158615112305,exit status=0
	SR solver time= 0.05809736251831055
	symmetric= False
	niter= 312
	solver time=0.16622519493103027,exit status=0
	RGN solver time= 0.16626787185668945
	xnorm=6.781637032225556,dnorm=0.02405848387694963
	dense amplitude time= 0.05037498474121094
	total non-zero amplitudes= 4900
	nsamples per process= 50
	sample time= 0.45861124992370605
	self.n= 0.38529263454334295
	RGN updated loss=-9.906928001957645,dloss=-1.2349833333757942e-06
step= 325

nparam= 1004
	dense amplitude time= 0.09647560119628906
	total non-zero amplitudes= 4900
	nsamples per process= 50
	sample time= 2.1170501708984375
	self.n= 0.3852926345433434
	collect g,h time= 4.141614675521851
E=-9.906928001957645,dE=-1.2349833333757942e-06,std=0
L=-9.906928001957645,dL=-1.2349833333757942e-06,std=0
	gnorm= 4.7414704763848657e-05
	symmetric= True
	solver time=0.03068256378173828,exit status=0
	SR solver time= 0.030726909637451172
	symmetric= False
	niter= 34
	niter= 312
	solver time=0.10370802879333496,exit status=0
	RGN solver time= 0.1037445068359375
	xnorm=6.785491803246639,dnorm=0.023993540709006354
	dense amplitude time= 0.027213096618652344
	total non-zero amplitudes= 4900
	nsamples per process= 50
	sample time= 0.4570455551147461
	self.n= 0.3855974462561723
	RGN updated loss=-9.906929230106252,dloss=-1.2281486068133063e-06
step= 326

nparam= 1004
	dense amplitude time= 0.11425137519836426
	total non-zero amplitudes= 4900
	nsamples per process= 50
	sample time= 2.116302251815796
	self.n= 0.38559744625617276
	collect g,h time= 4.1350672245025635
E=-9.90692923010625,dE=-1.2281486050369494e-06,std=0
L=-9.90692923010625,dL=-1.2281486050369494e-06,std=0
	gnorm= 5.591981879269526e-05
	symmetric= True
	solver time=0.051108360290527344,exit status=0
	SR solver time= 0.05115771293640137
	symmetric= False
	niter= 36
	niter= 312
	solver time=0.12891578674316406,exit status=0
	RGN solver time= 0.12896251678466797
	xnorm=6.789338040797046,dnorm=0.023977984250870613
	dense amplitude time= 0.033240318298339844
	total non-zero amplitudes= 4900
	nsamples per process= 50
	sample time= 0.45982980728149414
	self.n= 0.3858646363575417
	RGN updated loss=-9.906930451400765,dloss=-1.2212945144085552e-06
step= 327

nparam= 1004
	dense amplitude time= 0.02423834800720215
	total non-zero amplitudes= 4900
	nsamples per process= 50
	sample time= 2.11163592338562
	self.n= 0.3858646363575422
	collect g,h time= 4.148736953735352
E=-9.906930451400763,dE=-1.2212945126321983e-06,std=0
L=-9.906930451400763,dL=-1.2212945126321983e-06,std=0
	gnorm= 5.091051592491035e-05
	symmetric= True
	niter= 35
	solver time=0.006913661956787109,exit status=0
	SR solver time= 0.0069582462310791016
	symmetric= False
	niter= 312
	solver time=0.094451904296875,exit status=0
	RGN solver time= 0.09449362754821777
	xnorm=6.793247787520401,dnorm=0.02390997916270402
	dense amplitude time= 0.051053524017333984
	total non-zero amplitudes= 4900
	nsamples per process= 50
	sample time= 0.45938563346862793
	self.n= 0.38614870001003365
	RGN updated loss=-9.906931672380445,dloss=-1.220979681804124e-06
step= 328

nparam= 1004
	dense amplitude time= 0.05392718315124512
	total non-zero amplitudes= 4900
	nsamples per process= 50
	sample time= 2.115237236022949
	self.n= 0.386148700010034
	collect g,h time= 4.135738372802734
E=-9.906931672380445,dE=-1.220979681804124e-06,std=0
L=-9.906931672380445,dL=-1.220979681804124e-06,std=0
	gnorm= 4.744449875317824e-05
	symmetric= True
	solver time=0.006486654281616211,exit status=0
	SR solver time= 0.006520986557006836
	symmetric= False
	niter= 34
	niter= 312
	solver time=0.10239887237548828,exit status=0
	RGN solver time= 0.10243797302246094
	xnorm=6.79709647968511,dnorm=0.02384988912299074
	dense amplitude time= 0.03033590316772461
	total non-zero amplitudes= 4900
	nsamples per process= 50
	sample time= 0.4574439525604248
	self.n= 0.38639664767761933
	RGN updated loss=-9.90693288236797,dloss=-1.2099875252857828e-06
step= 329

nparam= 1004
	dense amplitude time= 0.06864261627197266
	total non-zero amplitudes= 4900
	nsamples per process= 50
	sample time= 2.116942882537842
	self.n= 0.38639664767762016
	collect g,h time= 4.138230800628662
E=-9.90693288236797,dE=-1.2099875252857828e-06,std=0
L=-9.90693288236797,dL=-1.2099875252857828e-06,std=0
	gnorm= 4.544990088119205e-05
	symmetric= True
	solver time=0.0261991024017334,exit status=0
	SR solver time= 0.02624225616455078
	symmetric= False
	niter= 34
	niter= 312
	solver time=0.11365747451782227,exit status=0
	RGN solver time= 0.11370658874511719
	xnorm=6.800960357609089,dnorm=0.023770507075164506
	dense amplitude time= 0.03647470474243164
	total non-zero amplitudes= 4900
	nsamples per process= 50
	sample time= 0.45751047134399414
	self.n= 0.3866601057474205
	RGN updated loss=-9.906934086960197,dloss=-1.2045922268555387e-06
step= 330

nparam= 1004
	dense amplitude time= 0.125335693359375
	total non-zero amplitudes= 4900
	nsamples per process= 50
	sample time= 2.1083898544311523
	self.n= 0.3866601057474211
	collect g,h time= 4.133880615234375
E=-9.906934086960197,dE=-1.2045922268555387e-06,std=0
L=-9.906934086960197,dL=-1.2045922268555387e-06,std=0
	gnorm= 0.00011245949929182924
	symmetric= True
	solver time=0.019827604293823242,exit status=0
	SR solver time= 0.019866466522216797
	symmetric= False
	niter= 43
	niter= 283
	solver time=0.11787962913513184,exit status=0
	RGN solver time= 0.11792373657226562
	xnorm=6.8048155344930725,dnorm=0.023756367701441287
	dense amplitude time= 0.030373811721801758
	total non-zero amplitudes= 4900
	nsamples per process= 50
	sample time= 0.4572179317474365
	self.n= 0.3868935074655674
	RGN updated loss=-9.906935277218821,dloss=-1.1902586241063773e-06
step= 331

nparam= 1004
	dense amplitude time= 0.15774989128112793
	total non-zero amplitudes= 4900
	nsamples per process= 50
	sample time= 2.1081743240356445
	self.n= 0.3868935074655677
	collect g,h time= 4.135357618331909
E=-9.906935277218818,dE=-1.1902586205536636e-06,std=0
L=-9.906935277218818,dL=-1.1902586205536636e-06,std=0
	gnorm= 7.325421137285538e-05
	symmetric= True
	solver time=0.018021821975708008,exit status=0
	SR solver time= 0.018069028854370117
	symmetric= False
	niter= 40
	niter= 307
	solver time=0.1112968921661377,exit status=0
	RGN solver time= 0.11133766174316406
	xnorm=6.808693663806222,dnorm=0.02377715421886065
	dense amplitude time= 0.025817394256591797
	total non-zero amplitudes= 4900
	nsamples per process= 50
	sample time= 0.45641255378723145
	self.n= 0.38715924204863505
	RGN updated loss=-9.906936468093464,dloss=-1.190874646894713e-06
step= 332

nparam= 1004
	dense amplitude time= 0.22223424911499023
	total non-zero amplitudes= 4900
	nsamples per process= 50
	sample time= 2.1027157306671143
	self.n= 0.3871592420486355
	collect g,h time= 4.142427682876587
E=-9.906936468093464,dE=-1.190874646894713e-06,std=0
L=-9.906936468093464,dL=-1.190874646894713e-06,std=0
	gnorm= 6.0569136389011104e-05
	symmetric= True
	niter= 36
	solver time=0.006888628005981445,exit status=0
	SR solver time= 0.006924152374267578
	symmetric= False
	niter= 310
	solver time=0.09850597381591797,exit status=0
	RGN solver time= 0.09854602813720703
	xnorm=6.812537939576503,dnorm=0.02358004575812874
	dense amplitude time= 0.02590656280517578
	total non-zero amplitudes= 4900
	nsamples per process= 50
	sample time= 0.4520533084869385
	self.n= 0.3873710450058072
	RGN updated loss=-9.906937656182938,dloss=-1.1880894739135783e-06
step= 333

nparam= 1004
	dense amplitude time= 0.07164835929870605
	total non-zero amplitudes= 4900
	nsamples per process= 50
	sample time= 2.1003706455230713
	self.n= 0.38737104500580744
	collect g,h time= 4.13648533821106
E=-9.906937656182938,dE=-1.1880894739135783e-06,std=0
L=-9.906937656182938,dL=-1.1880894739135783e-06,std=0
	gnorm= 0.00011534167696945394
	symmetric= True
	solver time=0.04165768623352051,exit status=0
	SR solver time= 0.041701555252075195
	symmetric= False
	niter= 40
	niter= 281
	solver time=0.09990668296813965,exit status=0
	RGN solver time= 0.09995388984680176
	xnorm=6.816333258532435,dnorm=0.023466867259442994
	dense amplitude time= 0.041829586029052734
	total non-zero amplitudes= 4900
	nsamples per process= 50
	sample time= 0.4591364860534668
	self.n= 0.38759095981572556
	RGN updated loss=-9.906938823452569,dloss=-1.1672696302866825e-06
step= 334

nparam= 1004
	dense amplitude time= 0.05875873565673828
	total non-zero amplitudes= 4900
	nsamples per process= 50
	sample time= 2.1116280555725098
	self.n= 0.3875909598157262
	collect g,h time= 4.137327432632446
E=-9.90693882345257,dE=-1.1672696320630394e-06,std=0
L=-9.90693882345257,dL=-1.1672696320630394e-06,std=0
	gnorm= 6.80820527812836e-05
	symmetric= True
	solver time=0.017557859420776367,exit status=0
	SR solver time= 0.017607688903808594
	symmetric= False
	niter= 37
	niter= 307
	solver time=0.1105952262878418,exit status=0
	RGN solver time= 0.11063647270202637
	xnorm=6.820211270964508,dnorm=0.023388686201491406
	dense amplitude time= 0.06186866760253906
	total non-zero amplitudes= 4900
	nsamples per process= 50
	sample time= 0.4575634002685547
	self.n= 0.38779834674616487
	RGN updated loss=-9.906939993662373,dloss=-1.1702098028365526e-06
step= 335

nparam= 1004
	dense amplitude time= 0.11455941200256348
	total non-zero amplitudes= 4900
	nsamples per process= 50
	sample time= 2.109416961669922
	self.n= 0.3877983467461653
	collect g,h time= 4.12597918510437
E=-9.906939993662373,dE=-1.1702098028365526e-06,std=0
L=-9.906939993662373,dL=-1.1702098028365526e-06,std=0
	gnorm= 0.0001274135702507531
	symmetric= True
	solver time=0.020005464553833008,exit status=0
	SR solver time= 0.02004528045654297
	symmetric= False
	niter= 41
	niter= 281
	solver time=0.08856964111328125,exit status=0
	RGN solver time= 0.08861684799194336
	xnorm=6.824021174541129,dnorm=0.023309178707174395
	dense amplitude time= 0.025720834732055664
	total non-zero amplitudes= 4900
	nsamples per process= 50
	sample time= 0.45804667472839355
	self.n= 0.3880287238205027
	RGN updated loss=-9.906941131344128,dloss=-1.1376817550257101e-06
step= 336

nparam= 1004
	dense amplitude time= 0.08837437629699707
	total non-zero amplitudes= 4900
	nsamples per process= 50
	sample time= 2.115601062774658
	self.n= 0.38802872382050335
	collect g,h time= 4.1397340297698975
E=-9.906941131344128,dE=-1.1376817550257101e-06,std=0
L=-9.906941131344128,dL=-1.1376817550257101e-06,std=0
	gnorm= 8.067572110466208e-05
	symmetric= True
	solver time=0.018825769424438477,exit status=0
	SR solver time= 0.018874168395996094
	symmetric= False
	niter= 38
	niter= 285
	solver time=0.10257434844970703,exit status=0
	RGN solver time= 0.10261225700378418
	xnorm=6.827864157368606,dnorm=0.023217167965988272
	dense amplitude time= 0.0437929630279541
	total non-zero amplitudes= 4900
	nsamples per process= 50
	sample time= 0.4598991870880127
	self.n= 0.3882070541891621
	RGN updated loss=-9.90694228879928,dloss=-1.1574551521675858e-06
step= 337

nparam= 1004
	dense amplitude time= 0.04498600959777832
	total non-zero amplitudes= 4900
	nsamples per process= 50
	sample time= 2.115176200866699
	self.n= 0.38820705418916235
	collect g,h time= 4.135493040084839
E=-9.906942288799279,dE=-1.157455150391229e-06,std=0
L=-9.906942288799279,dL=-1.157455150391229e-06,std=0
	gnorm= 5.9100572996043896e-05
	symmetric= True
	solver time=0.006905317306518555,exit status=0
	SR solver time= 0.006956338882446289
	symmetric= False
	niter= 38
	niter= 309
	solver time=0.0970144271850586,exit status=0
	RGN solver time= 0.09705352783203125
	xnorm=6.831646888401576,dnorm=0.023098081688571796
	dense amplitude time= 0.02800726890563965
	total non-zero amplitudes= 4900
	nsamples per process= 50
	sample time= 0.46015262603759766
	self.n= 0.3883420451561983
	RGN updated loss=-9.906943413919096,dloss=-1.1251198177575361e-06
step= 338

nparam= 1004
	dense amplitude time= 0.03368043899536133
	total non-zero amplitudes= 4900
	nsamples per process= 50
	sample time= 2.111710548400879
	self.n= 0.38834204515619886
	collect g,h time= 4.1443469524383545
E=-9.906943413919098,dE=-1.125119819533893e-06,std=0
L=-9.906943413919098,dL=-1.125119819533893e-06,std=0
	gnorm= 6.413375152306264e-05
	symmetric= True
	solver time=0.015060663223266602,exit status=0
	SR solver time= 0.015103816986083984
	symmetric= False
	niter= 36
	niter= 303
	solver time=0.10680532455444336,exit status=0
	RGN solver time= 0.1068415641784668
	xnorm=6.835414383252412,dnorm=0.022987067132532228
	dense amplitude time= 0.0349423885345459
	total non-zero amplitudes= 4900
	nsamples per process= 50
	sample time= 0.4611623287200928
	self.n= 0.3885313306485076
	RGN updated loss=-9.906944544213811,dloss=-1.1302947129365748e-06
step= 339

nparam= 1004
	dense amplitude time= 0.10068917274475098
	total non-zero amplitudes= 4900
	nsamples per process= 50
	sample time= 2.115837574005127
	self.n= 0.3885313306485082
	collect g,h time= 4.137071371078491
E=-9.906944544213813,dE=-1.1302947147129316e-06,std=0
L=-9.906944544213813,dL=-1.1302947147129316e-06,std=0
	gnorm= 6.139862447531396e-05
	symmetric= True
	solver time=0.008497476577758789,exit status=0
	SR solver time= 0.008533239364624023
	symmetric= False
	niter= 38
	niter= 312
	solver time=0.09518623352050781,exit status=0
	RGN solver time= 0.09523320198059082
	xnorm=6.839176368319846,dnorm=0.022922687807526997
	dense amplitude time= 0.025816679000854492
	total non-zero amplitudes= 4900
	nsamples per process= 50
	sample time= 0.4583702087402344
	self.n= 0.38872194481552924
	RGN updated loss=-9.90694565157948,dloss=-1.1073656676074961e-06
step= 340

nparam= 1004
	dense amplitude time= 0.0515596866607666
	total non-zero amplitudes= 4900
	nsamples per process= 50
	sample time= 2.117448091506958
	self.n= 0.3887219448155296
	collect g,h time= 4.14475154876709
E=-9.90694565157948,dE=-1.1073656676074961e-06,std=0
L=-9.90694565157948,dL=-1.1073656676074961e-06,std=0
	gnorm= 8.917471652644287e-05
	symmetric= True
	solver time=0.05186176300048828,exit status=0
	SR solver time= 0.05191206932067871
	symmetric= False
	niter= 41
	niter= 291
	solver time=0.1134495735168457,exit status=0
	RGN solver time= 0.11350107192993164
	xnorm=6.842931734228478,dnorm=0.022966291530766188
	dense amplitude time= 0.02576279640197754
	total non-zero amplitudes= 4900
	nsamples per process= 50
	sample time= 0.46129369735717773
	self.n= 0.3888562976450203
	RGN updated loss=-9.906946740383528,dloss=-1.0888040478107541e-06
step= 341

nparam= 1004
	dense amplitude time= 0.08480143547058105
	total non-zero amplitudes= 4900
	nsamples per process= 50
	sample time= 2.1206471920013428
	self.n= 0.3888562976450208
	collect g,h time= 4.14113187789917
E=-9.906946740383528,dE=-1.0888040478107541e-06,std=0
L=-9.906946740383528,dL=-1.0888040478107541e-06,std=0
	gnorm= 8.568054981121325e-05
	symmetric= True
	solver time=0.026015520095825195,exit status=0
	SR solver time= 0.026057720184326172
	symmetric= False
	niter= 40
	niter= 290
	solver time=0.0894615650177002,exit status=0
	RGN solver time= 0.08950090408325195
	xnorm=6.8466685522635995,dnorm=0.022750849453134058
	dense amplitude time= 0.031696319580078125
	total non-zero amplitudes= 4900
	nsamples per process= 50
	sample time= 0.4625527858734131
	self.n= 0.3889655835870589
	RGN updated loss=-9.906947851484865,dloss=-1.1111013371589706e-06
step= 342

nparam= 1004
	dense amplitude time= 0.04519772529602051
	total non-zero amplitudes= 4900
	nsamples per process= 50
	sample time= 2.1219162940979004
	self.n= 0.38896558358705885
	collect g,h time= 4.144843578338623
E=-9.906947851484867,dE=-1.1111013389353275e-06,std=0
L=-9.906947851484867,dL=-1.1111013389353275e-06,std=0
	gnorm= 5.511845571750699e-05
	symmetric= True
	solver time=0.007277011871337891,exit status=0
	SR solver time= 0.007318258285522461
	symmetric= False
	niter= 35
	niter= 309
	solver time=0.09754085540771484,exit status=0
	RGN solver time= 0.0975794792175293
	xnorm=6.850387047219718,dnorm=0.02259208173116737
	dense amplitude time= 0.02602410316467285
	total non-zero amplitudes= 4900
	nsamples per process= 50
	sample time= 0.46064019203186035
	self.n= 0.3891018436140324
	RGN updated loss=-9.906948937972826,dloss=-1.0864879591565568e-06
step= 343

nparam= 1004
	dense amplitude time= 0.07569360733032227
	total non-zero amplitudes= 4900
	nsamples per process= 50
	sample time= 2.1407814025878906
	self.n= 0.38910184361403277
	collect g,h time= 4.16574501991272
E=-9.906948937972828,dE=-1.0864879609329137e-06,std=0
L=-9.906948937972828,dL=-1.0864879609329137e-06,std=0
	gnorm= 9.783143136929434e-05
	symmetric= True
	solver time=0.008264303207397461,exit status=0
	SR solver time= 0.008312463760375977
	symmetric= False
	niter= 44
	niter= 286
	solver time=0.0850985050201416,exit status=0
	RGN solver time= 0.08514618873596191
	xnorm=6.854031494774634,dnorm=0.02261140209424096
	dense amplitude time= 0.025998830795288086
	total non-zero amplitudes= 4900
	nsamples per process= 50
	sample time= 0.46254563331604004
	self.n= 0.38925216681305463
	RGN updated loss=-9.906949985193906,dloss=-1.0472210778544877e-06
step= 344

nparam= 1004
	dense amplitude time= 0.0610966682434082
	total non-zero amplitudes= 4900
	nsamples per process= 50
	sample time= 2.129500150680542
	self.n= 0.3892521668130554
	collect g,h time= 4.143813133239746
E=-9.906949985193908,dE=-1.0472210796308445e-06,std=0
L=-9.906949985193908,dL=-1.0472210796308445e-06,std=0
	gnorm= 6.249491884878688e-05
	symmetric= True
	solver time=0.01962423324584961,exit status=0
	SR solver time= 0.019663333892822266
	symmetric= False
	niter= 40
	niter= 306
	solver time=0.12036371231079102,exit status=0
	RGN solver time= 0.12040090560913086
	xnorm=6.857685331055759,dnorm=0.022435091518067708
	dense amplitude time= 0.02587151527404785
	total non-zero amplitudes= 4900
	nsamples per process= 50
	sample time= 0.4585082530975342
	self.n= 0.389366964755378
	RGN updated loss=-9.906951073321167,dloss=-1.0881272594076563e-06
step= 345

nparam= 1004
	dense amplitude time= 0.07064485549926758
	total non-zero amplitudes= 4900
	nsamples per process= 50
	sample time= 2.132835865020752
	self.n= 0.38936696475537846
	collect g,h time= 4.147021770477295
E=-9.906951073321169,dE=-1.0881272611840132e-06,std=0
L=-9.906951073321169,dL=-1.0881272611840132e-06,std=0
	gnorm= 4.432827928975753e-05
	symmetric= True
	solver time=0.018363475799560547,exit status=0
	SR solver time= 0.018402099609375
	symmetric= False
	niter= 36
	niter= 312
	solver time=0.09844255447387695,exit status=0
	RGN solver time= 0.09848141670227051
	xnorm=6.861311861015012,dnorm=0.022250489536126232
	dense amplitude time= 0.05035805702209473
	total non-zero amplitudes= 4900
	nsamples per process= 50
	sample time= 0.45911622047424316
	self.n= 0.3894602149765701
	RGN updated loss=-9.906952116536418,dloss=-1.0432152492967361e-06
step= 346

nparam= 1004
	dense amplitude time= 0.0409390926361084
	total non-zero amplitudes= 4900
	nsamples per process= 50
	sample time= 2.1226463317871094
	self.n= 0.3894602149765701
	collect g,h time= 4.146707773208618
E=-9.906952116536418,dE=-1.0432152492967361e-06,std=0
L=-9.906952116536418,dL=-1.0432152492967361e-06,std=0
	gnorm= 5.2205972570983085e-05
	symmetric= True
	solver time=0.05098295211791992,exit status=0
	SR solver time= 0.05103158950805664
	symmetric= False
	niter= 38
	niter= 312
	solver time=0.09505558013916016,exit status=0
	RGN solver time= 0.09509563446044922
	xnorm=6.864927415967386,dnorm=0.022189397795434704
	dense amplitude time= 0.050566911697387695
	total non-zero amplitudes= 4900
	nsamples per process= 50
	sample time= 0.45916152000427246
	self.n= 0.3895930640604193
	RGN updated loss=-9.906953155448125,dloss=-1.0389117068854148e-06
step= 347

nparam= 1004
	dense amplitude time= 0.11987662315368652
	total non-zero amplitudes= 4900
	nsamples per process= 50
	sample time= 2.11771297454834
	self.n= 0.38959306406041944
	collect g,h time= 4.154094696044922
E=-9.906953155448125,dE=-1.0389117068854148e-06,std=0
L=-9.906953155448125,dL=-1.0389117068854148e-06,std=0
	gnorm= 4.407183693445983e-05
	symmetric= True
	solver time=0.018767356872558594,exit status=0
	SR solver time= 0.01882171630859375
	symmetric= False
	niter= 36
	niter= 312
	solver time=0.09986376762390137,exit status=0
	RGN solver time= 0.09991073608398438
	xnorm=6.8685163805554055,dnorm=0.022064670518917993
	dense amplitude time= 0.04949474334716797
	total non-zero amplitudes= 4900
	nsamples per process= 50
	sample time= 0.46156787872314453
	self.n= 0.38966901966661005
	RGN updated loss=-9.906954188283244,dloss=-1.0328351187638418e-06
step= 348

nparam= 1004
	dense amplitude time= 0.06267762184143066
	total non-zero amplitudes= 4900
	nsamples per process= 50
	sample time= 2.129852771759033
	self.n= 0.38966901966661077
	collect g,h time= 4.152491331100464
E=-9.906954188283244,dE=-1.0328351187638418e-06,std=0
L=-9.906954188283244,dL=-1.0328351187638418e-06,std=0
	gnorm= 4.58233463411599e-05
	symmetric= True
	solver time=0.0072596073150634766,exit status=0
	SR solver time= 0.007302999496459961
	symmetric= False
	niter= 35
	niter= 312
	solver time=0.1012415885925293,exit status=0
	RGN solver time= 0.10128450393676758
	xnorm=6.8720766377700135,dnorm=0.021973493598636814
	dense amplitude time= 0.02745676040649414
	total non-zero amplitudes= 4900
	nsamples per process= 50
	sample time= 0.4615354537963867
	self.n= 0.3897531576183997
	RGN updated loss=-9.906955213901657,dloss=-1.0256184133083934e-06
step= 349

nparam= 1004
	dense amplitude time= 0.04647636413574219
	total non-zero amplitudes= 4900
	nsamples per process= 50
	sample time= 2.132312059402466
	self.n= 0.3897531576184
	collect g,h time= 4.185068130493164
E=-9.906955213901659,dE=-1.0256184150847503e-06,std=0
L=-9.906955213901659,dL=-1.0256184150847503e-06,std=0
	gnorm= 6.266616426992961e-05
	symmetric= True
	solver time=0.007669210433959961,exit status=0
	SR solver time= 0.007712364196777344
	symmetric= False
	niter= 38
	niter= 309
	solver time=0.09599852561950684,exit status=0
	RGN solver time= 0.09604072570800781
	xnorm=6.875603909787817,dnorm=0.021879659810690955
	dense amplitude time= 0.025742292404174805
	total non-zero amplitudes= 4900
	nsamples per process= 50
	sample time= 0.4571342468261719
	self.n= 0.3898561639381138
	RGN updated loss=-9.906956209004223,dloss=-9.951025639054478e-07
step= 350

nparam= 1004
	dense amplitude time= 0.043235063552856445
	total non-zero amplitudes= 4900
	nsamples per process= 50
	sample time= 2.128007173538208
	self.n= 0.38985616393811373
	collect g,h time= 4.16092848777771
E=-9.906956209004225,dE=-9.951025656818047e-07,std=0
L=-9.906956209004225,dL=-9.951025656818047e-07,std=0
	gnorm= 6.110321715147752e-05
	symmetric= True
	solver time=0.0175173282623291,exit status=0
	SR solver time= 0.01755833625793457
	symmetric= False
	niter= 39
	solver time=0.09431195259094238,exit status=0
	RGN solver time= 0.09435772895812988
	xnorm=6.879162226421791,dnorm=0.02186467474744429
	niter= 307
	dense amplitude time= 0.026035308837890625
	total non-zero amplitudes= 4900
	nsamples per process= 50
	sample time= 0.45694851875305176
	self.n= 0.3899102764334065
	RGN updated loss=-9.9069572234978,dloss=-1.0144935753686468e-06
step= 351

nparam= 1004
	dense amplitude time= 0.1564655303955078
	total non-zero amplitudes= 4900
	nsamples per process= 50
	sample time= 2.123476505279541
	self.n= 0.38991027643340737
	collect g,h time= 4.152513027191162
E=-9.9069572234978,dE=-1.0144935753686468e-06,std=0
L=-9.9069572234978,dL=-1.0144935753686468e-06,std=0
	gnorm= 9.927547627357326e-05
	symmetric= True
	solver time=0.011064291000366211,exit status=0
	SR solver time= 0.011108875274658203
	symmetric= False
	niter= 42
	niter= 285
	solver time=0.0856027603149414,exit status=0
	RGN solver time= 0.08564162254333496
	xnorm=6.882695145320537,dnorm=0.021723565560194676
	dense amplitude time= 0.03009200096130371
	total non-zero amplitudes= 4900
	nsamples per process= 50
	sample time= 0.46110987663269043
	self.n= 0.38997651469162065
	RGN updated loss=-9.90695820090191,dloss=-9.774041096477504e-07
step= 352

nparam= 1004
	dense amplitude time= 0.04767799377441406
	total non-zero amplitudes= 4900
	nsamples per process= 50
	sample time= 2.122936964035034
	self.n= 0.3899765146916211
	collect g,h time= 4.152905702590942
E=-9.906958200901908,dE=-9.774041078713935e-07,std=0
L=-9.906958200901908,dL=-9.774041078713935e-07,std=0
	gnorm= 8.03548887624844e-05
	symmetric= True
	solver time=0.01873469352722168,exit status=0
	SR solver time= 0.018788576126098633
	symmetric= False
	niter= 42
	niter= 300
	solver time=0.12832403182983398,exit status=0
	RGN solver time= 0.1283707618713379
	xnorm=6.886217450310407,dnorm=0.021812444665645175
	dense amplitude time= 0.05608940124511719
	total non-zero amplitudes= 4900
	nsamples per process= 50
	sample time= 0.4585859775543213
	self.n= 0.3900258736505118
	RGN updated loss=-9.906959183274243,dloss=-9.82372334590309e-07
step= 353

nparam= 1004
	dense amplitude time= 0.05201101303100586
	total non-zero amplitudes= 4900
	nsamples per process= 50
	sample time= 2.1233105659484863
	self.n= 0.3900258736505122
	collect g,h time= 4.1488728523254395
E=-9.906959183274246,dE=-9.823723381430227e-07,std=0
L=-9.906959183274246,dL=-9.823723381430227e-07,std=0
	gnorm= 5.9337134587747405e-05
	symmetric= True
	solver time=0.007122993469238281,exit status=0
	SR solver time= 0.007160186767578125
	symmetric= False
	niter= 40
	niter= 306
	solver time=0.09658432006835938,exit status=0
	RGN solver time= 0.09662199020385742
	xnorm=6.889701842862714,dnorm=0.02159418282509223
	dense amplitude time= 0.040062665939331055
	total non-zero amplitudes= 4900
	nsamples per process= 50
	sample time= 0.46482348442077637
	self.n= 0.3900649169168717
	RGN updated loss=-9.906960182905872,dloss=-9.99631625475672e-07
step= 354

nparam= 1004
	dense amplitude time= 0.04911398887634277
	total non-zero amplitudes= 4900
	nsamples per process= 50
	sample time= 2.1306164264678955
	self.n= 0.3900649169168715
	collect g,h time= 4.1528685092926025
E=-9.906960182905872,dE=-9.99631625475672e-07,std=0
L=-9.906960182905872,dL=-9.99631625475672e-07,std=0
	gnorm= 7.120776250111578e-05
	symmetric= True
	solver time=0.008221626281738281,exit status=0
	SR solver time= 0.008264541625976562
	symmetric= False
	niter= 42
	niter= 300
	solver time=0.09285783767700195,exit status=0
	RGN solver time= 0.0928950309753418
	xnorm=6.8930974115945896,dnorm=0.021524032511422705
	dense amplitude time= 0.05200457572937012
	total non-zero amplitudes= 4900
	nsamples per process= 50
	sample time= 0.45976996421813965
	self.n= 0.39013633432625283
	RGN updated loss=-9.906961137129072,dloss=-9.542232000114836e-07
step= 355

nparam= 1004
	dense amplitude time= 0.15984606742858887
	total non-zero amplitudes= 4900
	nsamples per process= 50
	sample time= 2.1310181617736816
	self.n= 0.39013633432625333
	collect g,h time= 4.14838981628418
E=-9.906961137129072,dE=-9.542232000114836e-07,std=0
L=-9.906961137129072,dL=-9.542232000114836e-07,std=0
	gnorm= 6.329456066402837e-05
	symmetric= True
	solver time=0.01420903205871582,exit status=0
	SR solver time= 0.014252424240112305
	symmetric= False
	niter= 41
	niter= 307
	solver time=0.09504079818725586,exit status=0
	RGN solver time= 0.09508657455444336
	xnorm=6.896586323536436,dnorm=0.021510081192939418
	dense amplitude time= 0.03280377388000488
	total non-zero amplitudes= 4900
	nsamples per process= 50
	sample time= 0.4633605480194092
	self.n= 0.39013348917743756
	RGN updated loss=-9.906962112276801,dloss=-9.751477296759958e-07
step= 356

nparam= 1004
	dense amplitude time= 0.18859004974365234
	total non-zero amplitudes= 4900
	nsamples per process= 50
	sample time= 2.1350200176239014
	self.n= 0.39013348917743806
	collect g,h time= 4.151520490646362
E=-9.906962112276801,dE=-9.751477296759958e-07,std=0
L=-9.906962112276801,dL=-9.751477296759958e-07,std=0
	gnorm= 4.7845052274069866e-05
	symmetric= True
	solver time=0.03641676902770996,exit status=0
	SR solver time= 0.03646206855773926
	symmetric= False
	niter= 39
	solver time=0.11988115310668945,exit status=0
	RGN solver time= 0.11993646621704102
	xnorm=6.899997348654425,dnorm=0.021342930182238862
	niter= 312
	dense amplitude time= 0.02970290184020996
	total non-zero amplitudes= 4900
	nsamples per process= 50
	sample time= 0.45731401443481445
	self.n= 0.3901698424747944
	RGN updated loss=-9.906963072377776,dloss=-9.601009747228773e-07
step= 357

nparam= 1004
	dense amplitude time= 0.0832064151763916
	total non-zero amplitudes= 4900
	nsamples per process= 50
	sample time= 2.132502794265747
	self.n= 0.39016984247479514
	collect g,h time= 4.155024290084839
E=-9.906963072377776,dE=-9.601009747228773e-07,std=0
L=-9.906963072377776,dL=-9.601009747228773e-07,std=0
	gnorm= 6.325061939661227e-05
	symmetric= True
	solver time=0.019322872161865234,exit status=0
	SR solver time= 0.019362211227416992
	symmetric= False
	niter= 41
	niter= 303
	solver time=0.09183907508850098,exit status=0
	RGN solver time= 0.09188103675842285
	xnorm=6.903348090231962,dnorm=0.021325229974299312
	dense amplitude time= 0.02585577964782715
	total non-zero amplitudes= 4900
	nsamples per process= 50
	sample time= 0.4575185775756836
	self.n= 0.3901654845219128
	RGN updated loss=-9.906964020490351,dloss=-9.481125751165109e-07
step= 358

nparam= 1004
	dense amplitude time= 0.18931984901428223
	total non-zero amplitudes= 4900
	nsamples per process= 50
	sample time= 2.1366546154022217
	self.n= 0.39016548452191346
	collect g,h time= 4.158918380737305
E=-9.906964020490351,dE=-9.481125751165109e-07,std=0
L=-9.906964020490351,dL=-9.481125751165109e-07,std=0
	gnorm= 5.990995181655865e-05
	symmetric= True
	solver time=0.00816655158996582,exit status=0
	SR solver time= 0.008210420608520508
	symmetric= False
	niter= 40
	niter= 309
	solver time=0.09423828125,exit status=0
	RGN solver time= 0.09428000450134277
	xnorm=6.906733422562263,dnorm=0.021309114858856087
	dense amplitude time= 0.025862693786621094
	total non-zero amplitudes= 4900
	nsamples per process= 50
	sample time= 0.4635806083679199
	self.n= 0.39013984100464355
	RGN updated loss=-9.906964970772988,dloss=-9.502826365803685e-07
step= 359

nparam= 1004
	dense amplitude time= 0.15802550315856934
	total non-zero amplitudes= 4900
	nsamples per process= 50
	sample time= 2.1379644870758057
	self.n= 0.39013984100464383
	collect g,h time= 4.153104543685913
E=-9.906964970772988,dE=-9.502826365803685e-07,std=0
L=-9.906964970772988,dL=-9.502826365803685e-07,std=0
	gnorm= 0.0003531001817484302
	symmetric= True
	solver time=0.02550339698791504,exit status=0
	SR solver time= 0.02555394172668457
	symmetric= False
	niter= 45
	niter= 249
	solver time=0.08916044235229492,exit status=0
	RGN solver time= 0.08920168876647949
	xnorm=6.910075453541165,dnorm=0.021199197671044605
	dense amplitude time= 0.030574321746826172
	total non-zero amplitudes= 4900
	nsamples per process= 50
	sample time= 0.5999138355255127
	self.n= 0.3901041669389586
	RGN updated loss=-9.906965885414536,dloss=-9.146415482774728e-07
step= 360

nparam= 1004
	dense amplitude time= 0.14889740943908691
	total non-zero amplitudes= 4900
	nsamples per process= 50
	sample time= 2.142430067062378
	self.n= 0.3901041669389588
	collect g,h time= 4.1565186977386475
E=-9.90696588541454,dE=-9.146415518301865e-07,std=0
L=-9.90696588541454,dL=-9.146415518301865e-07,std=0
	gnorm= 0.00012353991918775655
	symmetric= True
	solver time=0.018890380859375,exit status=0
	SR solver time= 0.018932104110717773
	symmetric= False
	niter= 41
	niter= 281
	solver time=0.12319660186767578,exit status=0
	RGN solver time= 0.12325191497802734
	xnorm=6.913433066223889,dnorm=0.021136351315793177
	dense amplitude time= 0.025738954544067383
	total non-zero amplitudes= 4900
	nsamples per process= 50
	sample time= 0.46236395835876465
	self.n= 0.390082671795566
	RGN updated loss=-9.906966862900708,dloss=-9.774861684519465e-07
step= 361

nparam= 1004
	dense amplitude time= 0.15349817276000977
	total non-zero amplitudes= 4900
	nsamples per process= 50
	sample time= 2.1318860054016113
	self.n= 0.3900826717955662
	collect g,h time= 4.15650200843811
E=-9.906966862900711,dE=-9.774861720046601e-07,std=0
L=-9.906966862900711,dL=-9.774861720046601e-07,std=0
	gnorm= 0.00033727569791881876
	symmetric= True
	solver time=0.04136180877685547,exit status=0
	SR solver time= 0.04140877723693848
	symmetric= False
	niter= 45
	niter= 250
	solver time=0.0761411190032959,exit status=0
	RGN solver time= 0.07618093490600586
	xnorm=6.916680924414284,dnorm=0.021077977584310837
	dense amplitude time= 0.031522274017333984
	total non-zero amplitudes= 4900
	nsamples per process= 50
	sample time= 0.46588826179504395
	self.n= 0.3900522749143068
	RGN updated loss=-9.906967737595652,dloss=-8.746949404780935e-07
step= 362

nparam= 1004
	dense amplitude time= 0.1183176040649414
	total non-zero amplitudes= 4900
	nsamples per process= 50
	sample time= 2.1442363262176514
	self.n= 0.3900522749143075
	collect g,h time= 4.157759666442871
E=-9.906967737595654,dE=-8.746949422544503e-07,std=0
L=-9.906967737595654,dL=-8.746949422544503e-07,std=0
	gnorm= 0.00018690761299421717
	symmetric= True
	solver time=0.015789270401000977,exit status=0
	SR solver time= 0.015845298767089844
	symmetric= False
	niter= 45
	niter= 273
	solver time=0.09661459922790527,exit status=0
	RGN solver time= 0.09666228294372559
	xnorm=6.920123650833404,dnorm=0.0211351537871282
	dense amplitude time= 0.052248477935791016
	total non-zero amplitudes= 4900
	nsamples per process= 50
	sample time= 0.4621241092681885
	self.n= 0.3900226832776583
	RGN updated loss=-9.906968691768338,dloss=-9.541726839756848e-07
step= 363

nparam= 1004
	dense amplitude time= 0.0619962215423584
	total non-zero amplitudes= 4900
	nsamples per process= 50
	sample time= 2.130202293395996
	self.n= 0.3900226832776592
	collect g,h time= 4.165791273117065
E=-9.906968691768338,dE=-9.541726839756848e-07,std=0
L=-9.906968691768338,dL=-9.541726839756848e-07,std=0
	gnorm= 9.356954110999696e-05
	symmetric= True
	solver time=0.007603645324707031,exit status=0
	SR solver time= 0.0076503753662109375
	symmetric= False
	niter= 42
	niter= 281
	solver time=0.08739018440246582,exit status=0
	RGN solver time= 0.08743453025817871
	xnorm=6.923319623455221,dnorm=0.021006396750381292
	dense amplitude time= 0.025761127471923828
	total non-zero amplitudes= 4900
	nsamples per process= 50
	sample time= 0.46367383003234863
	self.n= 0.3899883422540241
	RGN updated loss=-9.906969647025553,dloss=-9.552572155513417e-07
step= 364

nparam= 1004
	dense amplitude time= 0.04860091209411621
	total non-zero amplitudes= 4900
	nsamples per process= 50
	sample time= 2.133275270462036
	self.n= 0.3899883422540241
	collect g,h time= 4.161387920379639
E=-9.906969647025553,dE=-9.552572155513417e-07,std=0
L=-9.906969647025553,dL=-9.552572155513417e-07,std=0
	gnorm= 4.734044858546553e-05
	symmetric= True
	solver time=0.017438888549804688,exit status=0
	SR solver time= 0.017489910125732422
	symmetric= False
	niter= 36
	solver time=0.12093305587768555,exit status=0
	RGN solver time= 0.12098956108093262
	xnorm=6.926569412276898,dnorm=0.020928848926277704
	niter= 312
	dense amplitude time= 0.028400182723999023
	total non-zero amplitudes= 4900
	nsamples per process= 50
	sample time= 0.46230077743530273
	self.n= 0.38995592197441153
	RGN updated loss=-9.906970570384148,dloss=-9.233585949175449e-07
step= 365

nparam= 1004
	dense amplitude time= 0.030331850051879883
	total non-zero amplitudes= 4900
	nsamples per process= 50
	sample time= 2.134305953979492
	self.n= 0.38995592197441187
	collect g,h time= 4.1620423793792725
E=-9.906970570384148,dE=-9.233585949175449e-07,std=0
L=-9.906970570384148,dL=-9.233585949175449e-07,std=0
	gnorm= 0.00013899315495874184
	symmetric= True
	niter= 44
	solver time=0.029093265533447266,exit status=0
	SR solver time= 0.02914595603942871
	symmetric= False
	niter= 281
	solver time=0.11071372032165527,exit status=0
	RGN solver time= 0.11075377464294434
	xnorm=6.929856099274121,dnorm=0.021042859253557634
	dense amplitude time= 0.03027510643005371
	total non-zero amplitudes= 4900
	nsamples per process= 50
	sample time= 0.46245455741882324
	self.n= 0.3899096196969273
	RGN updated loss=-9.906971456529115,dloss=-8.861449671826449e-07
step= 366

nparam= 1004
	dense amplitude time= 0.15077924728393555
	total non-zero amplitudes= 4900
	nsamples per process= 50
	sample time= 2.1361169815063477
	self.n= 0.38990961969692783
	collect g,h time= 4.157696962356567
E=-9.906971456529115,dE=-8.861449671826449e-07,std=0
L=-9.906971456529115,dL=-8.861449671826449e-07,std=0
	gnorm= 8.637291631856309e-05
	symmetric= True
	solver time=0.007668733596801758,exit status=0
	SR solver time= 0.0077059268951416016
	symmetric= False
	niter= 42
	niter= 285
	solver time=0.08786964416503906,exit status=0
	RGN solver time= 0.08790993690490723
	xnorm=6.933161397554722,dnorm=0.02094715865787723
	dense amplitude time= 0.026172876358032227
	total non-zero amplitudes= 4900
	nsamples per process= 50
	sample time= 0.46570396423339844
	self.n= 0.38986168957625544
	RGN updated loss=-9.906972410915493,dloss=-9.543863779271078e-07
step= 367

nparam= 1004
	dense amplitude time= 0.0765371322631836
	total non-zero amplitudes= 4900
	nsamples per process= 50
	sample time= 2.137598752975464
	self.n= 0.38986168957625666
	collect g,h time= 4.160608291625977
E=-9.906972410915495,dE=-9.543863797034646e-07,std=0
L=-9.906972410915495,dL=-9.543863797034646e-07,std=0
	gnorm= 7.609936813048082e-05
	symmetric= True
	solver time=0.0408935546875,exit status=0
	SR solver time= 0.04094195365905762
	symmetric= False
	niter= 40
	solver time=0.08874058723449707,exit status=0
	RGN solver time= 0.08877897262573242
	xnorm=6.936403121371836,dnorm=0.02090024419509043
	niter= 295
	dense amplitude time= 0.026668548583984375
	total non-zero amplitudes= 4900
	nsamples per process= 50
	sample time= 0.46655964851379395
	self.n= 0.38979032804565433
	RGN updated loss=-9.906973308916564,dloss=-8.980010690606832e-07
step= 368

nparam= 1004
	dense amplitude time= 0.0781397819519043
	total non-zero amplitudes= 4900
	nsamples per process= 50
	sample time= 2.134732723236084
	self.n= 0.3897903280456548
	collect g,h time= 4.155962228775024
E=-9.906973308916566,dE=-8.980010708370401e-07,std=0
L=-9.906973308916566,dL=-8.980010708370401e-07,std=0
	gnorm= 7.529400053533928e-05
	symmetric= True
	solver time=0.007603645324707031,exit status=0
	SR solver time= 0.007643699645996094
	symmetric= False
	niter= 40
	niter= 293
	solver time=0.09066987037658691,exit status=0
	RGN solver time= 0.09070873260498047
	xnorm=6.93964191102554,dnorm=0.02089465320139483
	dense amplitude time= 0.028670072555541992
	total non-zero amplitudes= 4900
	nsamples per process= 50
	sample time= 0.4622466564178467
	self.n= 0.3897337038200638
	RGN updated loss=-9.906974225037793,dloss=-9.161212268793406e-07
step= 369

nparam= 1004
	dense amplitude time= 0.1749727725982666
	total non-zero amplitudes= 4900
	nsamples per process= 50
	sample time= 2.1334757804870605
	self.n= 0.38973370382006417
	collect g,h time= 4.15403151512146
E=-9.906974225037795,dE=-9.161212286556975e-07,std=0
L=-9.906974225037795,dL=-9.161212286556975e-07,std=0
	gnorm= 5.3599140680397866e-05
	symmetric= True
	solver time=0.015186786651611328,exit status=0
	SR solver time= 0.015225648880004883
	symmetric= False
	niter= 38
	niter= 312
	solver time=0.10163664817810059,exit status=0
	RGN solver time= 0.10168981552124023
	xnorm=6.942995299754212,dnorm=0.020816244509580986
	dense amplitude time= 0.029178142547607422
	total non-zero amplitudes= 4900
	nsamples per process= 50
	sample time= 0.4634590148925781
	self.n= 0.38967848223591334
	RGN updated loss=-9.906975144884575,dloss=-9.198467800786148e-07
step= 370

nparam= 1004
	dense amplitude time= 0.07913637161254883
	total non-zero amplitudes= 4900
	nsamples per process= 50
	sample time= 2.139720916748047
	self.n= 0.3896784822359135
	collect g,h time= 4.160983562469482
E=-9.906975144884575,dE=-9.198467800786148e-07,std=0
L=-9.906975144884575,dL=-9.198467800786148e-07,std=0
	gnorm= 9.477010547041532e-05
	symmetric= True
	solver time=0.007893800735473633,exit status=0
	SR solver time= 0.007935285568237305
	symmetric= False
	niter= 42
	niter= 284
	solver time=0.08863425254821777,exit status=0
	RGN solver time= 0.08867597579956055
	xnorm=6.946214652564523,dnorm=0.02084023465785129
	dense amplitude time= 0.025896310806274414
	total non-zero amplitudes= 4900
	nsamples per process= 50
	sample time= 0.5960056781768799
	self.n= 0.3895675990377425
	RGN updated loss=-9.906976037022998,dloss=-8.921384235804908e-07
step= 371

nparam= 1004
	dense amplitude time= 0.07844328880310059
	total non-zero amplitudes= 4900
	nsamples per process= 50
	sample time= 2.13389253616333
	self.n= 0.3895675990377432
	collect g,h time= 4.178980588912964
E=-9.906976037023002,dE=-8.921384271332045e-07,std=0
L=-9.906976037023002,dL=-8.921384271332045e-07,std=0
	gnorm= 8.188227029545255e-05
	symmetric= True
	solver time=0.018785953521728516,exit status=0
	SR solver time= 0.0188295841217041
	symmetric= False
	niter= 42
	niter= 293
	solver time=0.09200668334960938,exit status=0
	RGN solver time= 0.09204626083374023
	xnorm=6.9494064658100285,dnorm=0.020893495320967133
	dense amplitude time= 0.025838136672973633
	total non-zero amplitudes= 4900
	nsamples per process= 50
	sample time= 0.46279239654541016
	self.n= 0.38950956484395693
	RGN updated loss=-9.906976948449312,dloss=-9.114263104237352e-07
step= 372

nparam= 1004
	dense amplitude time= 0.15816998481750488
	total non-zero amplitudes= 4900
	nsamples per process= 50
	sample time= 2.1338963508605957
	self.n= 0.3895095648439567
	collect g,h time= 4.1688292026519775
E=-9.906976948449309,dE=-9.114263068710216e-07,std=0
L=-9.906976948449309,dL=-9.114263068710216e-07,std=0
	gnorm= 4.826618579335062e-05
	symmetric= True
	solver time=0.04049396514892578,exit status=0
	SR solver time= 0.04053521156311035
	symmetric= False
	niter= 38
	niter= 312
	solver time=0.09708595275878906,exit status=0
	RGN solver time= 0.0971224308013916
	xnorm=6.952754668737828,dnorm=0.0208249756560347
	dense amplitude time= 0.03206276893615723
	total non-zero amplitudes= 4900
	nsamples per process= 50
	sample time= 0.4588801860809326
	self.n= 0.3894215942251009
	RGN updated loss=-9.90697787754244,dloss=-9.290931313188366e-07
step= 373

nparam= 1004
	dense amplitude time= 0.045435428619384766
	total non-zero amplitudes= 4900
	nsamples per process= 50
	sample time= 2.1461844444274902
	self.n= 0.3894215942251018
	collect g,h time= 4.158373594284058
E=-9.906977877542442,dE=-9.290931330951935e-07,std=0
L=-9.906977877542442,dL=-9.290931330951935e-07,std=0
	gnorm= 6.391849034024437e-05
	symmetric= True
	solver time=0.00806879997253418,exit status=0
	SR solver time= 0.00812220573425293
	symmetric= False
	niter= 41
	niter= 303
	solver time=0.09729218482971191,exit status=0
	RGN solver time= 0.09734368324279785
	xnorm=6.955942884534701,dnorm=0.02075459137298541
	dense amplitude time= 0.027067184448242188
	total non-zero amplitudes= 4900
	nsamples per process= 50
	sample time= 0.46283698081970215
	self.n= 0.3893245173145191
	RGN updated loss=-9.906978769992252,dloss=-8.924498100526534e-07
step= 374

nparam= 1004
	dense amplitude time= 0.06042289733886719
	total non-zero amplitudes= 4900
	nsamples per process= 50
	sample time= 2.133953332901001
	self.n= 0.3893245173145197
	collect g,h time= 4.1587018966674805
E=-9.906978769992254,dE=-8.924498118290103e-07,std=0
L=-9.906978769992254,dL=-8.924498118290103e-07,std=0
	gnorm= 8.217576652431302e-05
	symmetric= True
	solver time=0.00788569450378418,exit status=0
	SR solver time= 0.007924795150756836
	symmetric= False
	niter= 42
	niter= 294
	solver time=0.09291934967041016,exit status=0
	RGN solver time= 0.09296584129333496
	xnorm=6.959160400972377,dnorm=0.020850806723284602
	dense amplitude time= 0.0257260799407959
	total non-zero amplitudes= 4900
	nsamples per process= 50
	sample time= 0.46191954612731934
	self.n= 0.38927090579123824
	RGN updated loss=-9.906979675123853,dloss=-9.051315998931386e-07
step= 375

nparam= 1004
	dense amplitude time= 0.17163324356079102
	total non-zero amplitudes= 4900
	nsamples per process= 50
	sample time= 2.144786834716797
	self.n= 0.3892709057912386
	collect g,h time= 4.163575887680054
E=-9.906979675123855,dE=-9.051316016694955e-07,std=0
L=-9.906979675123855,dL=-9.051316016694955e-07,std=0
	gnorm= 8.825496248248091e-05
	symmetric= True
	solver time=0.007688045501708984,exit status=0
	SR solver time= 0.007729291915893555
	symmetric= False
	niter= 43
	niter= 285
	solver time=0.08621573448181152,exit status=0
	RGN solver time= 0.08626604080200195
	xnorm=6.962400002386576,dnorm=0.020871980007743714
	dense amplitude time= 0.028027772903442383
	total non-zero amplitudes= 4900
	nsamples per process= 50
	sample time= 0.46662402153015137
	self.n= 0.3891536569219949
	RGN updated loss=-9.906980579817382,dloss=-9.046935272039036e-07
step= 376

nparam= 1004
	dense amplitude time= 0.08666253089904785
	total non-zero amplitudes= 4900
	nsamples per process= 50
	sample time= 2.1447534561157227
	self.n= 0.38915365692199544
	collect g,h time= 4.168635845184326
E=-9.906980579817382,dE=-9.046935272039036e-07,std=0
L=-9.906980579817382,dL=-9.046935272039036e-07,std=0
	gnorm= 7.135244671531757e-05
	symmetric= True
	solver time=0.007794380187988281,exit status=0
	SR solver time= 0.007835149765014648
	symmetric= False
	niter= 41
	niter= 296
	solver time=0.08919286727905273,exit status=0
	RGN solver time= 0.0892331600189209
	xnorm=6.965619528190537,dnorm=0.020831996919725853
	dense amplitude time= 0.02601480484008789
	total non-zero amplitudes= 4900
	nsamples per process= 50
	sample time= 0.46507692337036133
	self.n= 0.38908208460449534
	RGN updated loss=-9.906981508510357,dloss=-9.286929749663386e-07
step= 377

nparam= 1004
	dense amplitude time= 0.11874890327453613
	total non-zero amplitudes= 4900
	nsamples per process= 50
	sample time= 2.1466429233551025
	self.n= 0.3890820846044957
	collect g,h time= 4.1697564125061035
E=-9.906981508510356,dE=-9.286929731899818e-07,std=0
L=-9.906981508510356,dL=-9.286929731899818e-07,std=0
	gnorm= 5.8069977663235554e-05
	symmetric= True
	solver time=0.006589412689208984,exit status=0
	SR solver time= 0.006634950637817383
	symmetric= False
	niter= 37
	niter= 306
	solver time=0.0905296802520752,exit status=0
	RGN solver time= 0.09057116508483887
	xnorm=6.9687694261554975,dnorm=0.0208487291441104
	dense amplitude time= 0.025895118713378906
	total non-zero amplitudes= 4900
	nsamples per process= 50
	sample time= 0.4662809371948242
	self.n= 0.3889597141881124
	RGN updated loss=-9.906982427336855,dloss=-9.18826499329839e-07
step= 378

nparam= 1004
	dense amplitude time= 0.11229491233825684
	total non-zero amplitudes= 4900
	nsamples per process= 50
	sample time= 2.1473798751831055
	self.n= 0.3889597141881126
	collect g,h time= 4.16777491569519
E=-9.906982427336857,dE=-9.188265011061958e-07,std=0
L=-9.906982427336857,dL=-9.188265011061958e-07,std=0
	gnorm= 4.060463486924729e-05
	symmetric= True
	solver time=0.007839202880859375,exit status=0
	SR solver time= 0.007882118225097656
	symmetric= False
	niter= 34
	niter= 312
	solver time=0.10423421859741211,exit status=0
	RGN solver time= 0.10427284240722656
	xnorm=6.971970585105748,dnorm=0.02083022965613035
	dense amplitude time= 0.02587604522705078
	total non-zero amplitudes= 4900
	nsamples per process= 50
	sample time= 0.46379518508911133
	self.n= 0.38884404405736867
	RGN updated loss=-9.906983342704136,dloss=-9.153672788642098e-07
step= 379

nparam= 1004
	dense amplitude time= 0.09228825569152832
	total non-zero amplitudes= 4900
	nsamples per process= 50
	sample time= 2.1363792419433594
	self.n= 0.38884404405736883
	collect g,h time= 4.172607421875
E=-9.906983342704137,dE=-9.153672806405666e-07,std=0
L=-9.906983342704137,dL=-9.153672806405666e-07,std=0
	gnorm= 6.017341187886622e-05
	symmetric= True
	solver time=0.006898164749145508,exit status=0
	SR solver time= 0.006944894790649414
	symmetric= False
	niter= 37
	niter= 301
	solver time=0.08950996398925781,exit status=0
	RGN solver time= 0.08956170082092285
	xnorm=6.975149039936315,dnorm=0.020792489476818277
	dense amplitude time= 0.02638983726501465
	total non-zero amplitudes= 4900
	nsamples per process= 50
	sample time= 0.463533878326416
	self.n= 0.38872730589813526
	RGN updated loss=-9.90698425164828,dloss=-9.08944143063195e-07
step= 380

nparam= 1004
	dense amplitude time= 0.0483858585357666
	total non-zero amplitudes= 4900
	nsamples per process= 50
	sample time= 2.1396865844726562
	self.n= 0.38872730589813564
	collect g,h time= 4.165894031524658
E=-9.906984251648279,dE=-9.089441412868382e-07,std=0
L=-9.906984251648279,dL=-9.089441412868382e-07,std=0
	gnorm= 5.7224193519930386e-05
	symmetric= True
	solver time=0.007277250289916992,exit status=0
	SR solver time= 0.007318258285522461
	symmetric= False
	niter= 39
	niter= 310
	solver time=0.09494614601135254,exit status=0
	RGN solver time= 0.09499073028564453
	xnorm=6.978312485312656,dnorm=0.02090902788404168
	dense amplitude time= 0.025732040405273438
	total non-zero amplitudes= 4900
	nsamples per process= 50
	sample time= 0.46613383293151855
	self.n= 0.3886157869020338
	RGN updated loss=-9.906985156141944,dloss=-9.04493665743189e-07
step= 381

nparam= 1004
	dense amplitude time= 0.08593606948852539
	total non-zero amplitudes= 4900
	nsamples per process= 50
	sample time= 2.149831771850586
	self.n= 0.38861578690203413
	collect g,h time= 4.164850473403931
E=-9.90698515614195,dE=-9.044936710722595e-07,std=0
L=-9.90698515614195,dL=-9.044936710722595e-07,std=0
	gnorm= 7.134515313010533e-05
	symmetric= True
	solver time=0.007169246673583984,exit status=0
	SR solver time= 0.007210493087768555
	symmetric= False
	niter= 39
	niter= 302
	solver time=0.09056997299194336,exit status=0
	RGN solver time= 0.09061431884765625
	xnorm=6.981476130305895,dnorm=0.020875779798532147
	dense amplitude time= 0.025690793991088867
	total non-zero amplitudes= 4900
	nsamples per process= 50
	sample time= 0.46563076972961426
	self.n= 0.3884738071109699
	RGN updated loss=-9.906986077752116,dloss=-9.216101659603737e-07
step= 382

nparam= 1004
	dense amplitude time= 0.0583195686340332
	total non-zero amplitudes= 4900
	nsamples per process= 50
	sample time= 2.147463083267212
	self.n= 0.38847380711097035
	collect g,h time= 4.176664352416992
E=-9.906986077752112,dE=-9.2161016240766e-07,std=0
L=-9.906986077752112,dL=-9.2161016240766e-07,std=0
	gnorm= 4.9632689873653194e-05
	symmetric= True
	solver time=0.00771331787109375,exit status=0
	SR solver time= 0.007761955261230469
	symmetric= False
	niter= 37
	niter= 312
	solver time=0.0938866138458252,exit status=0
	RGN solver time= 0.09393453598022461
	xnorm=6.984664173180749,dnorm=0.020944814050882908
	dense amplitude time= 0.026018857955932617
	total non-zero amplitudes= 4900
	nsamples per process= 50
	sample time= 0.46513843536376953
	self.n= 0.388332187153578
	RGN updated loss=-9.906987000510004,dloss=-9.227578914305923e-07
step= 383

nparam= 1004
	dense amplitude time= 0.05818033218383789
	total non-zero amplitudes= 4900
	nsamples per process= 50
	sample time= 2.1409683227539062
	self.n= 0.38833218715357876
	collect g,h time= 4.165720462799072
E=-9.906987000510004,dE=-9.227578914305923e-07,std=0
L=-9.906987000510004,dL=-9.227578914305923e-07,std=0
	gnorm= 6.303121154908438e-05
	symmetric= True
	solver time=0.007085323333740234,exit status=0
	SR solver time= 0.00713348388671875
	symmetric= False
	niter= 38
	niter= 300
	solver time=0.08971929550170898,exit status=0
	RGN solver time= 0.08975958824157715
	xnorm=6.987818676522268,dnorm=0.02088602519421106
	dense amplitude time= 0.025905847549438477
	total non-zero amplitudes= 4900
	nsamples per process= 50
	sample time= 0.4648563861846924
	self.n= 0.38820223560666567
	RGN updated loss=-9.906987920252808,dloss=-9.197428045837341e-07
step= 384

nparam= 1004
	dense amplitude time= 0.16875815391540527
	total non-zero amplitudes= 4900
	nsamples per process= 50
	sample time= 2.1408700942993164
	self.n= 0.38820223560666633
	collect g,h time= 4.1684088706970215
E=-9.90698792025281,dE=-9.19742806360091e-07,std=0
L=-9.90698792025281,dL=-9.19742806360091e-07,std=0
	gnorm= 5.864025115268993e-05
	symmetric= True
	solver time=0.007988929748535156,exit status=0
	SR solver time= 0.008037090301513672
	symmetric= False
	niter= 39
	niter= 309
	solver time=0.09427833557128906,exit status=0
	RGN solver time= 0.09431886672973633
	xnorm=6.99101864788653,dnorm=0.02101492896017203
	dense amplitude time= 0.026163339614868164
	total non-zero amplitudes= 4900
	nsamples per process= 50
	sample time= 0.46148180961608887
	self.n= 0.3880807438008651
	RGN updated loss=-9.906988836254877,dloss=-9.160020670861968e-07
step= 385

nparam= 1004
	dense amplitude time= 0.029387474060058594
	total non-zero amplitudes= 4900
	nsamples per process= 50
	sample time= 2.142103910446167
	self.n= 0.38808074380086555
	collect g,h time= 4.172041177749634
E=-9.906988836254877,dE=-9.160020670861968e-07,std=0
L=-9.906988836254877,dL=-9.160020670861968e-07,std=0
	gnorm= 7.63469728910175e-05
	symmetric= True
	solver time=0.006838083267211914,exit status=0
	SR solver time= 0.006879329681396484
	symmetric= False
	niter= 39
	niter= 294
	solver time=0.08844137191772461,exit status=0
	RGN solver time= 0.0884847640991211
	xnorm=6.99421375658165,dnorm=0.021038386563998927
	dense amplitude time= 0.0261688232421875
	total non-zero amplitudes= 4900
	nsamples per process= 50
	sample time= 0.4632120132446289
	self.n= 0.3879321209853328
	RGN updated loss=-9.906989775850757,dloss=-9.395958802116411e-07
step= 386

nparam= 1004
	dense amplitude time= 0.06711506843566895
	total non-zero amplitudes= 4900
	nsamples per process= 50
	sample time= 2.1334378719329834
	self.n= 0.387932120985333
	collect g,h time= 4.170546531677246
E=-9.906989775850757,dE=-9.395958802116411e-07,std=0
L=-9.906989775850757,dL=-9.395958802116411e-07,std=0
	gnorm= 5.069519228965605e-05
	symmetric= True
	solver time=0.006735801696777344,exit status=0
	SR solver time= 0.006781578063964844
	symmetric= False
	niter= 36
	niter= 311
	solver time=0.09691929817199707,exit status=0
	RGN solver time= 0.09696698188781738
	xnorm=6.997426041839909,dnorm=0.021048608395699168
	dense amplitude time= 0.028766155242919922
	total non-zero amplitudes= 4900
	nsamples per process= 50
	sample time= 0.46042418479919434
	self.n= 0.38777981828835817
	RGN updated loss=-9.906990715490206,dloss=-9.396394489158411e-07
step= 387

nparam= 1004
	dense amplitude time= 0.03832268714904785
	total non-zero amplitudes= 4900
	nsamples per process= 50
	sample time= 2.1333117485046387
	self.n= 0.38777981828835884
	collect g,h time= 4.170443773269653
E=-9.90699071549021,dE=-9.396394524685547e-07,std=0
L=-9.90699071549021,dL=-9.396394524685547e-07,std=0
	gnorm= 3.447353655900514e-05
	symmetric= True
	solver time=0.0061511993408203125,exit status=0
	SR solver time= 0.006199359893798828
	symmetric= False
	niter= 33
	niter= 312
	solver time=0.09420943260192871,exit status=0
	RGN solver time= 0.09425711631774902
	xnorm=7.000635482779644,dnorm=0.021064220545032878
	dense amplitude time= 0.02533411979675293
	total non-zero amplitudes= 4900
	nsamples per process= 50
	sample time= 0.46081995964050293
	self.n= 0.3876239029779462
	RGN updated loss=-9.906991651838725,dloss=-9.363485151681061e-07
step= 388

nparam= 1004
	dense amplitude time= 0.057511329650878906
	total non-zero amplitudes= 4900
	nsamples per process= 50
	sample time= 2.1433467864990234
	self.n= 0.38762390297794613
	collect g,h time= 4.194189071655273
E=-9.906991651838725,dE=-9.363485151681061e-07,std=0
L=-9.906991651838725,dL=-9.363485151681061e-07,std=0
	gnorm= 3.6091744198461154e-05
	symmetric= True
	solver time=0.007004261016845703,exit status=0
	SR solver time= 0.007044792175292969
	symmetric= False
	niter= 33
	niter= 312
	solver time=0.09457945823669434,exit status=0
	RGN solver time= 0.0946197509765625
	xnorm=7.0038584081763915,dnorm=0.02110841256306768
	dense amplitude time= 0.025837182998657227
	total non-zero amplitudes= 4900
	nsamples per process= 50
	sample time= 0.45329713821411133
	self.n= 0.38746421479584026
	RGN updated loss=-9.906992592809852,dloss=-9.409711267949206e-07
step= 389

nparam= 1004
	dense amplitude time= 0.06155228614807129
	total non-zero amplitudes= 4900
	nsamples per process= 50
	sample time= 2.1341304779052734
	self.n= 0.38746421479584087
	collect g,h time= 4.167870283126831
E=-9.906992592809852,dE=-9.409711267949206e-07,std=0
L=-9.906992592809852,dL=-9.409711267949206e-07,std=0
	gnorm= 3.5068445499365876e-05
	symmetric= True
	solver time=0.0067789554595947266,exit status=0
	SR solver time= 0.006821155548095703
	symmetric= False
	niter= 33
	niter= 312
	solver time=0.09393024444580078,exit status=0
	RGN solver time= 0.09397101402282715
	xnorm=7.0070907015235075,dnorm=0.021146018947580066
	dense amplitude time= 0.026120901107788086
	total non-zero amplitudes= 4900
	nsamples per process= 50
	sample time= 0.4633021354675293
	self.n= 0.38731222281855515
	RGN updated loss=-9.906993538107761,dloss=-9.452979092827718e-07
step= 390

nparam= 1004
	dense amplitude time= 0.03371715545654297
	total non-zero amplitudes= 4900
	nsamples per process= 50
	sample time= 2.14117431640625
	self.n= 0.38731222281855493
	collect g,h time= 4.1646881103515625
E=-9.906993538107763,dE=-9.452979110591286e-07,std=0
L=-9.906993538107763,dL=-9.452979110591286e-07,std=0
	gnorm= 4.7383234617980016e-05
	symmetric= True
	solver time=0.0065097808837890625,exit status=0
	SR solver time= 0.006556034088134766
	symmetric= False
	niter= 37
	niter= 312
	solver time=0.09585785865783691,exit status=0
	RGN solver time= 0.09590601921081543
	xnorm=7.010300544432218,dnorm=0.021200090992238473
	dense amplitude time= 0.02732253074645996
	total non-zero amplitudes= 4900
	nsamples per process= 50
	sample time= 0.45917391777038574
	self.n= 0.38715843668133487
	RGN updated loss=-9.906994484756344,dloss=-9.46648581745535e-07
step= 391

nparam= 1004
	dense amplitude time= 0.12193036079406738
	total non-zero amplitudes= 4900
	nsamples per process= 50
	sample time= 2.139773368835449
	self.n= 0.38715843668133526
	collect g,h time= 4.175633668899536
E=-9.906994484756346,dE=-9.466485835218919e-07,std=0
L=-9.906994484756346,dL=-9.466485835218919e-07,std=0
	gnorm= 4.047139214405765e-05
	symmetric= True
	solver time=0.006840229034423828,exit status=0
	SR solver time= 0.006885051727294922
	symmetric= False
	niter= 35
	niter= 312
	solver time=0.09469723701477051,exit status=0
	RGN solver time= 0.0947408676147461
	xnorm=7.0135022558918125,dnorm=0.021270365879196937
	dense amplitude time= 0.026076316833496094
	total non-zero amplitudes= 4900
	nsamples per process= 50
	sample time= 0.46431517601013184
	self.n= 0.38700625156572094
	RGN updated loss=-9.906995442058625,dloss=-9.573022783371243e-07
step= 392

nparam= 1004
	dense amplitude time= 0.08139348030090332
	total non-zero amplitudes= 4900
	nsamples per process= 50
	sample time= 2.147495985031128
	self.n= 0.38700625156572144
	collect g,h time= 4.168838024139404
E=-9.906995442058625,dE=-9.573022783371243e-07,std=0
L=-9.906995442058625,dL=-9.573022783371243e-07,std=0
	gnorm= 4.640444689685709e-05
	symmetric= True
	solver time=0.007711887359619141,exit status=0
	SR solver time= 0.007749795913696289
	symmetric= False
	niter= 37
	niter= 312
	solver time=0.09202861785888672,exit status=0
	RGN solver time= 0.09207296371459961
	xnorm=7.016684846503223,dnorm=0.0213066687429806
	dense amplitude time= 0.0261232852935791
	total non-zero amplitudes= 4900
	nsamples per process= 50
	sample time= 0.45739078521728516
	self.n= 0.38684304986398277
	RGN updated loss=-9.906996399014753,dloss=-9.569561285616146e-07
step= 393

nparam= 1004
	dense amplitude time= 0.028915882110595703
	total non-zero amplitudes= 4900
	nsamples per process= 50
	sample time= 2.1441478729248047
	self.n= 0.3868430498639831
	collect g,h time= 4.1744043827056885
E=-9.906996399014755,dE=-9.569561303379714e-07,std=0
L=-9.906996399014755,dL=-9.569561303379714e-07,std=0
	gnorm= 4.2454810273191286e-05
	symmetric= True
	solver time=0.007364511489868164,exit status=0
	SR solver time= 0.0074062347412109375
	symmetric= False
	niter= 36
	niter= 312
	solver time=0.0938715934753418,exit status=0
	RGN solver time= 0.09391951560974121
	xnorm=7.019877680405532,dnorm=0.02139753605215563
	dense amplitude time= 0.025756120681762695
	total non-zero amplitudes= 4900
	nsamples per process= 50
	sample time= 0.4597001075744629
	self.n= 0.3866849707950337
	RGN updated loss=-9.906997369998521,dloss=-9.709837662796872e-07
step= 394

nparam= 1004
	dense amplitude time= 0.03799033164978027
	total non-zero amplitudes= 4900
	nsamples per process= 50
	sample time= 2.1335065364837646
	self.n= 0.38668497079503383
	collect g,h time= 4.20185399055481
E=-9.906997369998521,dE=-9.709837662796872e-07,std=0
L=-9.906997369998521,dL=-9.709837662796872e-07,std=0
	gnorm= 3.652048633986285e-05
	symmetric= True
	solver time=0.007369279861450195,exit status=0
	SR solver time= 0.007408618927001953
	symmetric= False
	niter= 33
	niter= 312
	solver time=0.09309816360473633,exit status=0
	RGN solver time= 0.09313631057739258
	xnorm=7.023064193240932,dnorm=0.021462123005561263
	dense amplitude time= 0.02824711799621582
	total non-zero amplitudes= 4900
	nsamples per process= 50
	sample time= 0.4598374366760254
	self.n= 0.386519116111859
	RGN updated loss=-9.906998343585528,dloss=-9.735870065696872e-07
step= 395

nparam= 1004
	dense amplitude time= 0.061734676361083984
	total non-zero amplitudes= 4900
	nsamples per process= 50
	sample time= 2.131953001022339
	self.n= 0.38651911611185913
	collect g,h time= 4.168798446655273
E=-9.90699834358553,dE=-9.73587008346044e-07,std=0
L=-9.90699834358553,dL=-9.73587008346044e-07,std=0
	gnorm= 3.481388086038916e-05
	symmetric= True
	solver time=0.006579160690307617,exit status=0
	SR solver time= 0.006638050079345703
	symmetric= False
	niter= 33
	niter= 315
	solver time=0.09533500671386719,exit status=0
	RGN solver time= 0.09538102149963379
	xnorm=7.026237152556385,dnorm=0.021537410316052566
	dense amplitude time= 0.025735855102539062
	total non-zero amplitudes= 4900
	nsamples per process= 50
	sample time= 0.45955848693847656
	self.n= 0.38635284485211585
	RGN updated loss=-9.906999322884735,dloss=-9.792992052837235e-07
step= 396

nparam= 1004
	dense amplitude time= 0.04234433174133301
	total non-zero amplitudes= 4900
	nsamples per process= 50
	sample time= 2.146096706390381
	self.n= 0.38635284485211596
	collect g,h time= 4.1767237186431885
E=-9.906999322884735,dE=-9.792992052837235e-07,std=0
L=-9.906999322884735,dL=-9.792992052837235e-07,std=0
	gnorm= 9.723602449375556e-05
	symmetric= True
	solver time=0.007319927215576172,exit status=0
	SR solver time= 0.007364034652709961
	symmetric= False
	niter= 43
	niter= 288
	solver time=0.08587646484375,exit status=0
	RGN solver time= 0.0859215259552002
	xnorm=7.029423931546055,dnorm=0.021676654238944906
	dense amplitude time= 0.029309511184692383
	total non-zero amplitudes= 4900
	nsamples per process= 50
	sample time= 0.4574165344238281
	self.n= 0.38619973583566625
	RGN updated loss=-9.907000269414818,dloss=-9.465300827571355e-07
step= 397

nparam= 1004
	dense amplitude time= 0.04728889465332031
	total non-zero amplitudes= 4900
	nsamples per process= 50
	sample time= 2.1414778232574463
	self.n= 0.3861997358356666
	collect g,h time= 4.1703338623046875
E=-9.907000269414818,dE=-9.465300827571355e-07,std=0
L=-9.907000269414818,dL=-9.465300827571355e-07,std=0
	gnorm= 6.724520892955567e-05
	symmetric= True
	solver time=0.00840616226196289,exit status=0
	SR solver time= 0.008452177047729492
	symmetric= False
	niter= 40
	solver time=0.09271049499511719,exit status=0
	RGN solver time= 0.09275364875793457
	xnorm=7.032691165349282,dnorm=0.021769424543003565
	niter= 304
	dense amplitude time= 0.027288198471069336
	total non-zero amplitudes= 4900
	nsamples per process= 50
	sample time= 0.45898890495300293
	self.n= 0.38600788281757636
	RGN updated loss=-9.907001300481218,dloss=-1.031066400258851e-06
step= 398

nparam= 1004
	dense amplitude time= 0.09712576866149902
	total non-zero amplitudes= 4900
	nsamples per process= 50
	sample time= 2.134336471557617
	self.n= 0.3860078828175768
	collect g,h time= 4.181544065475464
E=-9.90700130048122,dE=-1.0310664020352078e-06,std=0
L=-9.90700130048122,dL=-1.0310664020352078e-06,std=0
	gnorm= 3.6927299442111e-05
	symmetric= True
	solver time=0.007089376449584961,exit status=0
	SR solver time= 0.0071315765380859375
	symmetric= False
	niter= 33
	niter= 312
	solver time=0.09255123138427734,exit status=0
	RGN solver time= 0.09258842468261719
	xnorm=7.035816236066874,dnorm=0.021798900114128605
	dense amplitude time= 0.027248382568359375
	total non-zero amplitudes= 4900
	nsamples per process= 50
	sample time= 0.45926570892333984
	self.n= 0.38582869148993415
	RGN updated loss=-9.907002307665508,dloss=-1.0071842879710857e-06
step= 399

nparam= 1004
	dense amplitude time= 0.14535188674926758
	total non-zero amplitudes= 4900
	nsamples per process= 50
	sample time= 2.1329102516174316
	self.n= 0.38582869148993415
	collect g,h time= 4.179142236709595
E=-9.907002307665508,dE=-1.0071842879710857e-06,std=0
L=-9.907002307665508,dL=-1.0071842879710857e-06,std=0
	gnorm= 7.837091518349562e-05
	symmetric= True
	solver time=0.0079345703125,exit status=0
	SR solver time= 0.007978439331054688
	symmetric= False
	niter= 35
	niter= 290
	solver time=0.08741545677185059,exit status=0
	RGN solver time= 0.08745503425598145
	xnorm=7.038943968307433,dnorm=0.02188568616966938
	dense amplitude time= 0.0260012149810791
	total non-zero amplitudes= 4900
	nsamples per process= 50
	sample time= 0.4555203914642334
	self.n= 0.38564648665882517
	RGN updated loss=-9.907003321329816,dloss=-1.0136643080471686e-06
step= 400

nparam= 1004
	dense amplitude time= 0.07718992233276367
	total non-zero amplitudes= 4900
	nsamples per process= 50
	sample time= 2.1361918449401855
	self.n= 0.38564648665882517
	collect g,h time= 4.176341533660889
E=-9.907003321329817,dE=-1.0136643098235254e-06,std=0
L=-9.907003321329817,dL=-1.0136643098235254e-06,std=0
	gnorm= 8.942006267928508e-05
	symmetric= True
	solver time=0.008044719696044922,exit status=0
	SR solver time= 0.00808262825012207
	symmetric= False
	niter= 43
	niter= 290
	solver time=0.08585762977600098,exit status=0
	RGN solver time= 0.08589696884155273
	xnorm=7.042092187214211,dnorm=0.02207644340315771
	dense amplitude time= 0.02608966827392578
	total non-zero amplitudes= 4900
	nsamples per process= 50
	sample time= 0.455608606338501
	self.n= 0.38545741218994356
	RGN updated loss=-9.907004324781933,dloss=-1.003452116066228e-06
step= 401

nparam= 1004
	dense amplitude time= 0.045740604400634766
	total non-zero amplitudes= 4900
	nsamples per process= 50
	sample time= 2.1348888874053955
	self.n= 0.38545741218994334
	collect g,h time= 4.180055856704712
E=-9.907004324781933,dE=-1.003452116066228e-06,std=0
L=-9.907004324781933,dL=-1.003452116066228e-06,std=0
	gnorm= 8.770888235285238e-05
	symmetric= True
	solver time=0.008856534957885742,exit status=0
	SR solver time= 0.008903980255126953
	symmetric= False
	niter= 41
	niter= 287
	solver time=0.08589720726013184,exit status=0
	RGN solver time= 0.08594751358032227
	xnorm=7.045208546736414,dnorm=0.022124506275243636
	dense amplitude time= 0.02604079246520996
	total non-zero amplitudes= 4900
	nsamples per process= 50
	sample time= 0.4545111656188965
	self.n= 0.3852797631193779
	RGN updated loss=-9.907005382686144,dloss=-1.0579042104552627e-06
step= 402

nparam= 1004
	dense amplitude time= 0.1433722972869873
	total non-zero amplitudes= 4900
	nsamples per process= 50
	sample time= 2.1339967250823975
	self.n= 0.3852797631193777
	collect g,h time= 4.185190200805664
E=-9.907005382686142,dE=-1.0579042086789059e-06,std=0
L=-9.907005382686142,dL=-1.0579042086789059e-06,std=0
	gnorm= 5.385663559183299e-05
	symmetric= True
	solver time=0.014825105667114258,exit status=0
	SR solver time= 0.014867544174194336
	symmetric= False
	niter= 34
	niter= 310
	solver time=0.0913400650024414,exit status=0
	RGN solver time= 0.09138345718383789
	xnorm=7.048348546868784,dnorm=0.022228060767735727
	dense amplitude time= 0.025771379470825195
	total non-zero amplitudes= 4900
	nsamples per process= 50
	sample time= 0.4541449546813965
	self.n= 0.3850923435201941
	RGN updated loss=-9.907006432192533,dloss=-1.0495063911264424e-06
step= 403

nparam= 1004
	dense amplitude time= 0.1200857162475586
	total non-zero amplitudes= 4900
	nsamples per process= 50
	sample time= 2.134498119354248
	self.n= 0.38509234352019384
	collect g,h time= 4.174973726272583
E=-9.907006432192533,dE=-1.0495063911264424e-06,std=0
L=-9.907006432192533,dL=-1.0495063911264424e-06,std=0
	gnorm= 8.148687527597531e-05
	symmetric= True
	solver time=0.00678563117980957,exit status=0
	SR solver time= 0.00682377815246582
	symmetric= False
	niter= 36
	niter= 288
	solver time=0.08492326736450195,exit status=0
	RGN solver time= 0.08496546745300293
	xnorm=7.051469541913676,dnorm=0.022356252361711182
	dense amplitude time= 0.02808547019958496
	total non-zero amplitudes= 4900
	nsamples per process= 50
	sample time= 0.4587545394897461
	self.n= 0.38489858081856776
	RGN updated loss=-9.907007494496549,dloss=-1.062304015420068e-06
step= 404

nparam= 1004
	dense amplitude time= 0.13899946212768555
	total non-zero amplitudes= 4900
	nsamples per process= 50
	sample time= 2.1321582794189453
	self.n= 0.38489858081856787
	collect g,h time= 4.169327020645142
E=-9.907007494496547,dE=-1.0623040136437112e-06,std=0
L=-9.907007494496547,dL=-1.0623040136437112e-06,std=0
	gnorm= 6.411829841148199e-05
	symmetric= True
	solver time=0.006693840026855469,exit status=0
	SR solver time= 0.006734609603881836
	symmetric= False
	niter= 35
	niter= 306
	solver time=0.0964963436126709,exit status=0
	RGN solver time= 0.09654116630554199
	xnorm=7.054600893687192,dnorm=0.022491201885384143
	dense amplitude time= 0.027675628662109375
	total non-zero amplitudes= 4900
	nsamples per process= 50
	sample time= 0.45772337913513184
	self.n= 0.38469190287656485
	RGN updated loss=-9.907008566009809,dloss=-1.0715132621186285e-06
step= 405

nparam= 1004
	dense amplitude time= 0.16170287132263184
	total non-zero amplitudes= 4900
	nsamples per process= 50
	sample time= 2.1336581707000732
	self.n= 0.3846919028765652
	collect g,h time= 4.172595262527466
E=-9.907008566009807,dE=-1.0715132603422717e-06,std=0
L=-9.907008566009807,dL=-1.0715132603422717e-06,std=0
	gnorm= 4.596092712094597e-05
	symmetric= True
	solver time=0.006591796875,exit status=0
	SR solver time= 0.006628751754760742
	symmetric= False
	niter= 36
	niter= 312
	solver time=0.09225583076477051,exit status=0
	RGN solver time= 0.09229707717895508
	xnorm=7.0577553771554875,dnorm=0.02265441044856338
	dense amplitude time= 0.0258939266204834
	total non-zero amplitudes= 4900
	nsamples per process= 50
	sample time= 0.45496582984924316
	self.n= 0.38448962858871993
	RGN updated loss=-9.907009659280682,dloss=-1.09327087471911e-06
step= 406

nparam= 1004
	dense amplitude time= 0.08469104766845703
	total non-zero amplitudes= 4900
	nsamples per process= 50
	sample time= 2.121166706085205
	self.n= 0.38448962858872016
	collect g,h time= 4.1800737380981445
E=-9.907009659280684,dE=-1.0932708764954668e-06,std=0
L=-9.907009659280684,dL=-1.0932708764954668e-06,std=0
	gnorm= 4.6626685370131434e-05
	symmetric= True
	solver time=0.006980180740356445,exit status=0
	SR solver time= 0.007031679153442383
	symmetric= False
	niter= 35
	niter= 312
	solver time=0.0938117504119873,exit status=0
	RGN solver time= 0.0938572883605957
	xnorm=7.060859353482035,dnorm=0.02278436806800405
	dense amplitude time= 0.02582573890686035
	total non-zero amplitudes= 4900
	nsamples per process= 50
	sample time= 0.4530751705169678
	self.n= 0.3842708667982677
	RGN updated loss=-9.907010760983006,dloss=-1.101702322259257e-06
step= 407

nparam= 1004
	dense amplitude time= 0.1306602954864502
	total non-zero amplitudes= 4900
	nsamples per process= 50
	sample time= 2.1241891384124756
	self.n= 0.38427086679826783
	collect g,h time= 4.176545858383179
E=-9.907010760983002,dE=-1.1017023187065433e-06,std=0
L=-9.907010760983002,dL=-1.1017023187065433e-06,std=0
	gnorm= 4.6327720192384806e-05
	symmetric= True
	solver time=0.006056070327758789,exit status=0
	SR solver time= 0.0060961246490478516
	symmetric= False
	niter= 35
	niter= 312
	solver time=0.10875582695007324,exit status=0
	RGN solver time= 0.10879921913146973
	xnorm=7.063982667482034,dnorm=0.022943234588958698
	dense amplitude time= 0.0259857177734375
	total non-zero amplitudes= 4900
	nsamples per process= 50
	sample time= 0.4547886848449707
	self.n= 0.38405718372782394
	RGN updated loss=-9.907011884843813,dloss=-1.1238608106367565e-06
step= 408

nparam= 1004
	dense amplitude time= 0.08560562133789062
	total non-zero amplitudes= 4900
	nsamples per process= 50
	sample time= 2.1263251304626465
	self.n= 0.38405718372782394
	collect g,h time= 4.179527282714844
E=-9.907011884843811,dE=-1.1238608088603996e-06,std=0
L=-9.907011884843811,dL=-1.1238608088603996e-06,std=0
	gnorm= 0.0001952210130148938
	symmetric= True
	solver time=0.008982181549072266,exit status=0
	SR solver time= 0.009023904800415039
	symmetric= False
	niter= 45
	niter= 271
	solver time=0.08169841766357422,exit status=0
	RGN solver time= 0.08173871040344238
	xnorm=7.067046952336052,dnorm=0.023189886963704817
	dense amplitude time= 0.026108980178833008
	total non-zero amplitudes= 4900
	nsamples per process= 50
	sample time= 0.4550449848175049
	self.n= 0.3838289822499734
	RGN updated loss=-9.907013003998875,dloss=-1.1191550637335013e-06
step= 409

nparam= 1004
	dense amplitude time= 0.07701587677001953
	total non-zero amplitudes= 4900
	nsamples per process= 50
	sample time= 2.1256580352783203
	self.n= 0.38382898224997364
	collect g,h time= 4.178813934326172
E=-9.907013003998875,dE=-1.1191550637335013e-06,std=0
L=-9.907013003998875,dL=-1.1191550637335013e-06,std=0
	gnorm= 9.57465436568244e-05
	symmetric= True
	solver time=0.00887298583984375,exit status=0
	SR solver time= 0.008915901184082031
	symmetric= False
	niter= 40
	niter= 286
	solver time=0.0868830680847168,exit status=0
	RGN solver time= 0.08693051338195801
	xnorm=7.070110900856495,dnorm=0.023314976173708472
	dense amplitude time= 0.025838375091552734
	total non-zero amplitudes= 4900
	nsamples per process= 50
	sample time= 0.4461653232574463
	self.n= 0.3836018863129666
	RGN updated loss=-9.907014184513539,dloss=-1.180514663801091e-06
step= 410

nparam= 1004
	dense amplitude time= 0.11826372146606445
	total non-zero amplitudes= 4900
	nsamples per process= 50
	sample time= 2.112726926803589
	self.n= 0.38360188631296716
	collect g,h time= 4.180448770523071
E=-9.907014184513539,dE=-1.180514663801091e-06,std=0
L=-9.907014184513539,dL=-1.180514663801091e-06,std=0
	gnorm= 4.286184718466134e-05
	symmetric= True
	solver time=0.006871461868286133,exit status=0
	SR solver time= 0.006912708282470703
	symmetric= False
	niter= 34
	niter= 312
	solver time=0.09598326683044434,exit status=0
	RGN solver time= 0.09602832794189453
	xnorm=7.073160963023995,dnorm=0.023480308691866212
	dense amplitude time= 0.025955915451049805
	total non-zero amplitudes= 4900
	nsamples per process= 50
	sample time= 0.44716644287109375
	self.n= 0.38336494299988544
	RGN updated loss=-9.90701536089169,dloss=-1.1763781504470217e-06
step= 411

nparam= 1004
	dense amplitude time= 0.1074063777923584
	total non-zero amplitudes= 4900
	nsamples per process= 50
	sample time= 2.111818313598633
	self.n= 0.38336494299988555
	collect g,h time= 4.181057453155518
E=-9.907015360891688,dE=-1.1763781486706648e-06,std=0
L=-9.907015360891688,dL=-1.1763781486706648e-06,std=0
	gnorm= 4.211246232538035e-05
	symmetric= True
	solver time=0.006497859954833984,exit status=0
	SR solver time= 0.006539106369018555
	symmetric= False
	niter= 34
	niter= 314
	solver time=0.09647130966186523,exit status=0
	RGN solver time= 0.09651041030883789
	xnorm=7.0762081182661785,dnorm=0.023667272045633472
	dense amplitude time= 0.02642536163330078
	total non-zero amplitudes= 4900
	nsamples per process= 50
	sample time= 0.4434468746185303
	self.n= 0.38312189335603475
	RGN updated loss=-9.907016558852563,dloss=-1.1979608753875937e-06
step= 412

nparam= 1004
	dense amplitude time= 0.05372977256774902
	total non-zero amplitudes= 4900
	nsamples per process= 50
	sample time= 2.112257480621338
	self.n= 0.38312189335603497
	collect g,h time= 4.1761696338653564
E=-9.907016558852561,dE=-1.1979608736112368e-06,std=0
L=-9.907016558852561,dL=-1.1979608736112368e-06,std=0
	gnorm= 4.163714421513392e-05
	symmetric= True
	solver time=0.008073806762695312,exit status=0
	SR solver time= 0.008114814758300781
	symmetric= False
	niter= 33
	niter= 314
	solver time=0.0955972671508789,exit status=0
	RGN solver time= 0.0956423282623291
	xnorm=7.079243462960615,dnorm=0.023859753583262717
	dense amplitude time= 0.026119470596313477
	total non-zero amplitudes= 4900
	nsamples per process= 50
	sample time= 0.449371337890625
	self.n= 0.38287320987192575
	RGN updated loss=-9.907017777416955,dloss=-1.2185643942785873e-06
step= 413

nparam= 1004
	dense amplitude time= 0.1476271152496338
	total non-zero amplitudes= 4900
	nsamples per process= 50
	sample time= 2.109567880630493
	self.n= 0.38287320987192563
	collect g,h time= 4.174753904342651
E=-9.907017777416957,dE=-1.2185643960549442e-06,std=0
L=-9.907017777416957,dL=-1.2185643960549442e-06,std=0
	gnorm= 4.213855573343055e-05
	symmetric= True
	solver time=0.006635189056396484,exit status=0
	SR solver time= 0.0066754817962646484
	symmetric= False
	niter= 33
	niter= 315
	solver time=0.09462809562683105,exit status=0
	RGN solver time= 0.09467625617980957
	xnorm=7.082269776690197,dnorm=0.024065325416035732
	dense amplitude time= 0.02599930763244629
	total non-zero amplitudes= 4900
	nsamples per process= 50
	sample time= 0.4564082622528076
	self.n= 0.3826116030899306
	RGN updated loss=-9.907019018267867,dloss=-1.2408509100225729e-06
step= 414

nparam= 1004
	dense amplitude time= 0.1482236385345459
	total non-zero amplitudes= 4900
	nsamples per process= 50
	sample time= 2.1205387115478516
	self.n= 0.38261160308993114
	collect g,h time= 4.1759326457977295
E=-9.907019018267865,dE=-1.240850908246216e-06,std=0
L=-9.907019018267865,dL=-1.240850908246216e-06,std=0
	gnorm= 4.811143941902278e-05
	symmetric= True
	solver time=0.008094072341918945,exit status=0
	SR solver time= 0.008141756057739258
	symmetric= False
	niter= 34
	niter= 312
	solver time=0.10618042945861816,exit status=0
	RGN solver time= 0.10622286796569824
	xnorm=7.085282160061905,dnorm=0.024265944384175907
	dense amplitude time= 0.027941226959228516
	total non-zero amplitudes= 4900
	nsamples per process= 50
	sample time= 0.44644808769226074
	self.n= 0.3823457586197626
	RGN updated loss=-9.907020281777678,dloss=-1.263509812332586e-06
step= 415

nparam= 1004
	dense amplitude time= 0.0626523494720459
	total non-zero amplitudes= 4900
	nsamples per process= 50
	sample time= 2.100870370864868
	self.n= 0.3823457586197631
	collect g,h time= 4.174203634262085
E=-9.907020281777678,dE=-1.263509812332586e-06,std=0
L=-9.907020281777678,dL=-1.263509812332586e-06,std=0
	gnorm= 4.398326075477092e-05
	symmetric= True
	solver time=0.006136178970336914,exit status=0
	SR solver time= 0.0061817169189453125
	symmetric= False
	niter= 33
	niter= 314
	solver time=0.10164237022399902,exit status=0
	RGN solver time= 0.10169529914855957
	xnorm=7.0882805540254505,dnorm=0.024487939041911374
	dense amplitude time= 0.02591395378112793
	total non-zero amplitudes= 4900
	nsamples per process= 50
	sample time= 0.4463162422180176
	self.n= 0.38206827832950513
	RGN updated loss=-9.907021570844103,dloss=-1.2890664251585804e-06
step= 416

nparam= 1004
	dense amplitude time= 0.11190485954284668
	total non-zero amplitudes= 4900
	nsamples per process= 50
	sample time= 2.1012721061706543
	self.n= 0.3820682783295055
	collect g,h time= 4.210866689682007
E=-9.907021570844103,dE=-1.2890664251585804e-06,std=0
L=-9.907021570844103,dL=-1.2890664251585804e-06,std=0
	gnorm= 4.806002594779167e-05
	symmetric= True
	solver time=0.007474422454833984,exit status=0
	SR solver time= 0.007521629333496094
	symmetric= False
	niter= 34
	niter= 312
	solver time=0.09383296966552734,exit status=0
	RGN solver time= 0.09387683868408203
	xnorm=7.091263938213281,dnorm=0.024760702534444873
	dense amplitude time= 0.025830745697021484
	total non-zero amplitudes= 4900
	nsamples per process= 50
	sample time= 0.44872617721557617
	self.n= 0.38177541142190663
	RGN updated loss=-9.90702288974451,dloss=-1.3189004075542243e-06
step= 417

nparam= 1004
	dense amplitude time= 0.12799549102783203
	total non-zero amplitudes= 4900
	nsamples per process= 50
	sample time= 2.0994791984558105
	self.n= 0.38177541142190663
	collect g,h time= 4.184617042541504
E=-9.90702288974451,dE=-1.3189004075542243e-06,std=0
L=-9.90702288974451,dL=-1.3189004075542243e-06,std=0
	gnorm= 4.9185674180264875e-05
	symmetric= True
	solver time=0.007555246353149414,exit status=0
	SR solver time= 0.007604122161865234
	symmetric= False
	niter= 36
	niter= 312
	solver time=0.09346628189086914,exit status=0
	RGN solver time= 0.09351301193237305
	xnorm=7.094222274746024,dnorm=0.02499918205339524
	dense amplitude time= 0.02638983726501465
	total non-zero amplitudes= 4900
	nsamples per process= 50
	sample time= 0.44954729080200195
	self.n= 0.38147243108217943
	RGN updated loss=-9.907024231816793,dloss=-1.3420722826396059e-06
step= 418

nparam= 1004
	dense amplitude time= 0.08532285690307617
	total non-zero amplitudes= 4900
	nsamples per process= 50
	sample time= 2.110424280166626
	self.n= 0.38147243108217904
	collect g,h time= 4.175009489059448
E=-9.907024231816793,dE=-1.3420722826396059e-06,std=0
L=-9.907024231816793,dL=-1.3420722826396059e-06,std=0
	gnorm= 5.206496294514727e-05
	symmetric= True
	solver time=0.007093191146850586,exit status=0
	SR solver time= 0.007143974304199219
	symmetric= False
	niter= 36
	niter= 312
	solver time=0.09451079368591309,exit status=0
	RGN solver time= 0.09455132484436035
	xnorm=7.097151884476799,dnorm=0.025239201567555096
	dense amplitude time= 0.025769948959350586
	total non-zero amplitudes= 4900
	nsamples per process= 50
	sample time= 0.44866108894348145
	self.n= 0.3811638384942475
	RGN updated loss=-9.907025605089904,dloss=-1.3732731112270358e-06
step= 419

nparam= 1004
	dense amplitude time= 0.1392221450805664
	total non-zero amplitudes= 4900
	nsamples per process= 50
	sample time= 2.106431245803833
	self.n= 0.38116383849424784
	collect g,h time= 4.175646543502808
E=-9.907025605089904,dE=-1.3732731112270358e-06,std=0
L=-9.907025605089904,dL=-1.3732731112270358e-06,std=0
	gnorm= 5.9721057147772625e-05
	symmetric= True
	solver time=0.0062143802642822266,exit status=0
	SR solver time= 0.006255388259887695
	symmetric= False
	niter= 38
	niter= 312
	solver time=0.09275341033935547,exit status=0
	RGN solver time= 0.09279012680053711
	xnorm=7.100085177245768,dnorm=0.025524562131278263
	dense amplitude time= 0.025770187377929688
	total non-zero amplitudes= 4900
	nsamples per process= 50
	sample time= 0.4492511749267578
	self.n= 0.3808391255392313
	RGN updated loss=-9.907027005918334,dloss=-1.400828429254375e-06
step= 420

nparam= 1004
	dense amplitude time= 0.07898306846618652
	total non-zero amplitudes= 4900
	nsamples per process= 50
	sample time= 2.1096909046173096
	self.n= 0.3808391255392314
	collect g,h time= 4.170760869979858
E=-9.907027005918332,dE=-1.400828427478018e-06,std=0
L=-9.907027005918332,dL=-1.400828427478018e-06,std=0
	gnorm= 5.545380603793023e-05
	symmetric= True
	solver time=0.017180919647216797,exit status=0
	SR solver time= 0.017222881317138672
	symmetric= False
	niter= 36
	solver time=0.10371541976928711,exit status=0
	RGN solver time= 0.10375523567199707
	xnorm=7.10299315812962,dnorm=0.025759296397431717
	niter= 312
	dense amplitude time= 0.025955677032470703
	total non-zero amplitudes= 4900
	nsamples per process= 50
	sample time= 0.4494462013244629
	self.n= 0.38049517225326723
	RGN updated loss=-9.90702844396994,dloss=-1.4380516084600004e-06
step= 421

nparam= 1004
	dense amplitude time= 0.16304421424865723
	total non-zero amplitudes= 4900
	nsamples per process= 50
	sample time= 2.110452175140381
	self.n= 0.38049517225326723
	collect g,h time= 4.170536279678345
E=-9.907028443969937,dE=-1.4380516049072867e-06,std=0
L=-9.907028443969937,dL=-1.4380516049072867e-06,std=0
	gnorm= 8.47147031073943e-05
	symmetric= True
	solver time=0.007946968078613281,exit status=0
	SR solver time= 0.007990837097167969
	symmetric= False
	niter= 43
	solver time=0.09169244766235352,exit status=0
	RGN solver time= 0.0917348861694336
	xnorm=7.105852480832674,dnorm=0.02612701700317484
	niter= 308
	dense amplitude time= 0.026258230209350586
	total non-zero amplitudes= 4900
	nsamples per process= 50
	sample time= 0.45688462257385254
	self.n= 0.38010148227825413
	RGN updated loss=-9.907029874430625,dloss=-1.4304606885673365e-06
step= 422

nparam= 1004
	dense amplitude time= 0.15506625175476074
	total non-zero amplitudes= 4900
	nsamples per process= 50
	sample time= 2.124021053314209
	self.n= 0.3801014822782536
	collect g,h time= 4.181565284729004
E=-9.907029874430625,dE=-1.4304606885673365e-06,std=0
L=-9.907029874430625,dL=-1.4304606885673365e-06,std=0
	gnorm= 6.992891252951975e-05
	symmetric= True
	solver time=0.007035732269287109,exit status=0
	SR solver time= 0.007076740264892578
	symmetric= False
	niter= 40
	niter= 312
	solver time=0.09459757804870605,exit status=0
	RGN solver time= 0.09464168548583984
	xnorm=7.108682442674224,dnorm=0.026342485348586707
	dense amplitude time= 0.025797367095947266
	total non-zero amplitudes= 4900
	nsamples per process= 50
	sample time= 0.45262908935546875
	self.n= 0.3797338245007598
	RGN updated loss=-9.907031401277818,dloss=-1.5268471926788152e-06
step= 423

nparam= 1004
	dense amplitude time= 0.10438013076782227
	total non-zero amplitudes= 4900
	nsamples per process= 50
	sample time= 2.126143217086792
	self.n= 0.3797338245007599
	collect g,h time= 4.181995391845703
E=-9.907031401277818,dE=-1.5268471926788152e-06,std=0
L=-9.907031401277818,dL=-1.5268471926788152e-06,std=0
	gnorm= 5.106033971026795e-05
	symmetric= True
	solver time=0.006165504455566406,exit status=0
	SR solver time= 0.006214141845703125
	symmetric= False
	niter= 34
	niter= 314
	solver time=0.09531116485595703,exit status=0
	RGN solver time= 0.09535384178161621
	xnorm=7.111484159447991,dnorm=0.02656679114792024
	dense amplitude time= 0.028512001037597656
	total non-zero amplitudes= 4900
	nsamples per process= 50
	sample time= 0.4503796100616455
	self.n= 0.3793461865768101
	RGN updated loss=-9.907032931325684,dloss=-1.5300478661828265e-06
step= 424

nparam= 1004
	dense amplitude time= 0.04573774337768555
	total non-zero amplitudes= 4900
	nsamples per process= 50
	sample time= 2.10439133644104
	self.n= 0.37934618657681024
	collect g,h time= 4.178563117980957
E=-9.907032931325684,dE=-1.5300478661828265e-06,std=0
L=-9.907032931325684,dL=-1.5300478661828265e-06,std=0
	gnorm= 5.6399691985470274e-05
	symmetric= True
	solver time=0.006540536880493164,exit status=0
	SR solver time= 0.006577968597412109
	symmetric= False
	niter= 34
	niter= 312
	solver time=0.09453558921813965,exit status=0
	RGN solver time= 0.09457707405090332
	xnorm=7.1142817007614925,dnorm=0.02679392976639982
	dense amplitude time= 0.026211977005004883
	total non-zero amplitudes= 4900
	nsamples per process= 50
	sample time= 0.4533977508544922
	self.n= 0.37892747573805946
	RGN updated loss=-9.907034489361187,dloss=-1.5580355032795978e-06
step= 425

nparam= 1004
	dense amplitude time= 0.037465810775756836
	total non-zero amplitudes= 4900
	nsamples per process= 50
	sample time= 2.1264266967773438
	self.n= 0.3789274757380591
	collect g,h time= 4.176991701126099
E=-9.907034489361187,dE=-1.5580355032795978e-06,std=0
L=-9.907034489361187,dL=-1.5580355032795978e-06,std=0
	gnorm= 5.563956537238934e-05
	symmetric= True
	solver time=0.007002830505371094,exit status=0
	SR solver time= 0.007047891616821289
	symmetric= False
	niter= 34
	niter= 312
	solver time=0.09578442573547363,exit status=0
	RGN solver time= 0.09582901000976562
	xnorm=7.117067881334729,dnorm=0.027095749641168038
	dense amplitude time= 0.028566360473632812
	total non-zero amplitudes= 4900
	nsamples per process= 50
	sample time= 0.4557070732116699
	self.n= 0.37850476533033306
	RGN updated loss=-9.907036086690725,dloss=-1.597329537972314e-06
step= 426

nparam= 1004
	dense amplitude time= 0.07066726684570312
	total non-zero amplitudes= 4900
	nsamples per process= 50
	sample time= 2.1279196739196777
	self.n= 0.3785047653303329
	collect g,h time= 4.182469844818115
E=-9.907036086690725,dE=-1.597329537972314e-06,std=0
L=-9.907036086690725,dL=-1.597329537972314e-06,std=0
	gnorm= 0.00013322097338361598
	symmetric= True
	solver time=0.008838176727294922,exit status=0
	SR solver time= 0.008886575698852539
	symmetric= False
	niter= 44
	niter= 287
	solver time=0.0882112979888916,exit status=0
	RGN solver time= 0.08826470375061035
	xnorm=7.119807768462535,dnorm=0.027414651923332766
	dense amplitude time= 0.027332782745361328
	total non-zero amplitudes= 4900
	nsamples per process= 50
	sample time= 0.45619869232177734
	self.n= 0.37804227387862444
	RGN updated loss=-9.907037663971776,dloss=-1.5772810506575752e-06
step= 427

nparam= 1004
	dense amplitude time= 0.044673919677734375
	total non-zero amplitudes= 4900
	nsamples per process= 50
	sample time= 2.1266438961029053
	self.n= 0.3780422738786241
	collect g,h time= 4.179144859313965
E=-9.907037663971776,dE=-1.5772810506575752e-06,std=0
L=-9.907037663971776,dL=-1.5772810506575752e-06,std=0
	gnorm= 9.440473562244534e-05
	symmetric= True
	solver time=0.008808374404907227,exit status=0
	SR solver time= 0.008859872817993164
	symmetric= False
	niter= 42
	niter= 305
	solver time=0.0929572582244873,exit status=0
	RGN solver time= 0.09300613403320312
	xnorm=7.122465411485372,dnorm=0.027641243865767773
	dense amplitude time= 0.02609992027282715
	total non-zero amplitudes= 4900
	nsamples per process= 50
	sample time= 0.4553079605102539
	self.n= 0.37759408977301256
	RGN updated loss=-9.907039367774598,dloss=-1.7038028214955148e-06
step= 428

nparam= 1004
	dense amplitude time= 0.06551313400268555
	total non-zero amplitudes= 4900
	nsamples per process= 50
	sample time= 2.127838373184204
	self.n= 0.3775940897730129
	collect g,h time= 4.175649881362915
E=-9.907039367774596,dE=-1.703802819719158e-06,std=0
L=-9.907039367774596,dL=-1.703802819719158e-06,std=0
	gnorm= 0.00027209179578648366
	symmetric= True
	solver time=0.008812427520751953,exit status=0
	SR solver time= 0.00887298583984375
	symmetric= False
	niter= 46
	niter= 265
	solver time=0.08011007308959961,exit status=0
	RGN solver time= 0.08015871047973633
	xnorm=7.1251147998480855,dnorm=0.027905155471635947
	dense amplitude time= 0.02591562271118164
	total non-zero amplitudes= 4900
	nsamples per process= 50
	sample time= 0.45236873626708984
	self.n= 0.37711469966418865
	RGN updated loss=-9.907041028393822,dloss=-1.6606192261292563e-06
step= 429

nparam= 1004
	dense amplitude time= 0.04164266586303711
	total non-zero amplitudes= 4900
	nsamples per process= 50
	sample time= 2.1205942630767822
	self.n= 0.37711469966418903
	collect g,h time= 4.174256324768066
E=-9.907041028393824,dE=-1.6606192279056131e-06,std=0
L=-9.907041028393824,dL=-1.6606192279056131e-06,std=0
	gnorm= 0.00015327497149317693
	symmetric= True
	solver time=0.007436275482177734,exit status=0
	SR solver time= 0.0074863433837890625
	symmetric= False
	niter= 44
	niter= 284
	solver time=0.08520054817199707,exit status=0
	RGN solver time= 0.08524203300476074
	xnorm=7.12775135598415,dnorm=0.028151982473590857
	dense amplitude time= 0.028649568557739258
	total non-zero amplitudes= 4900
	nsamples per process= 50
	sample time= 0.4514937400817871
	self.n= 0.37658297531244755
	RGN updated loss=-9.907042748510268,dloss=-1.7201164439484273e-06
step= 430

nparam= 1004
	dense amplitude time= 0.09873318672180176
	total non-zero amplitudes= 4900
	nsamples per process= 50
	sample time= 2.1144556999206543
	self.n= 0.37658297531244744
	collect g,h time= 4.173105239868164
E=-9.907042748510268,dE=-1.7201164439484273e-06,std=0
L=-9.907042748510268,dL=-1.7201164439484273e-06,std=0
	gnorm= 7.561742893556906e-05
	symmetric= True
	solver time=0.007025957107543945,exit status=0
	SR solver time= 0.0070648193359375
	symmetric= False
	niter= 40
	niter= 312
	solver time=0.0929408073425293,exit status=0
	RGN solver time= 0.09297847747802734
	xnorm=7.130294565899289,dnorm=0.028347002579361315
	dense amplitude time= 0.026081562042236328
	total non-zero amplitudes= 4900
	nsamples per process= 50
	sample time= 0.45331501960754395
	self.n= 0.3760502168018957
	RGN updated loss=-9.907044532178801,dloss=-1.783668533761329e-06
step= 431

nparam= 1004
	dense amplitude time= 0.05804014205932617
	total non-zero amplitudes= 4900
	nsamples per process= 50
	sample time= 2.114839553833008
	self.n= 0.3760502168018959
	collect g,h time= 4.172227382659912
E=-9.907044532178798,dE=-1.7836685302086153e-06,std=0
L=-9.907044532178798,dL=-1.7836685302086153e-06,std=0
	gnorm= 6.0041399653295744e-05
	symmetric= True
	solver time=0.007653236389160156,exit status=0
	SR solver time= 0.007696628570556641
	symmetric= False
	niter= 35
	niter= 314
	solver time=0.09952068328857422,exit status=0
	RGN solver time= 0.09957122802734375
	xnorm=7.1327926854097505,dnorm=0.02859897172494532
	dense amplitude time= 0.026520729064941406
	total non-zero amplitudes= 4900
	nsamples per process= 50
	sample time= 0.4546685218811035
	self.n= 0.37549591590875997
	RGN updated loss=-9.907046323194644,dloss=-1.7910158458533942e-06
step= 432

nparam= 1004
	dense amplitude time= 0.04137682914733887
	total non-zero amplitudes= 4900
	nsamples per process= 50
	sample time= 2.1259841918945312
	self.n= 0.37549591590875986
	collect g,h time= 4.197862386703491
E=-9.907046323194644,dE=-1.7910158458533942e-06,std=0
L=-9.907046323194644,dL=-1.7910158458533942e-06,std=0
	gnorm= 0.00011115159862500358
	symmetric= True
	solver time=0.01648736000061035,exit status=0
	SR solver time= 0.016534805297851562
	symmetric= False
	niter= 43
	niter= 303
	solver time=0.10529446601867676,exit status=0
	RGN solver time= 0.10533308982849121
	xnorm=7.135329708201532,dnorm=0.028891492594493102
	dense amplitude time= 0.02579045295715332
	total non-zero amplitudes= 4900
	nsamples per process= 50
	sample time= 0.452106237411499
	self.n= 0.3749019977786686
	RGN updated loss=-9.907048092079261,dloss=-1.7688846174479522e-06
step= 433

nparam= 1004
	dense amplitude time= 0.0734858512878418
	total non-zero amplitudes= 4900
	nsamples per process= 50
	sample time= 2.102102756500244
	self.n= 0.3749019977786683
	collect g,h time= 4.174504041671753
E=-9.90704809207926,dE=-1.7688846156715954e-06,std=0
L=-9.90704809207926,dL=-1.7688846156715954e-06,std=0
	gnorm= 8.356010137572083e-05
	symmetric= True
	solver time=0.008422374725341797,exit status=0
	SR solver time= 0.008466958999633789
	symmetric= False
	niter= 41
	niter= 312
	solver time=0.09655261039733887,exit status=0
	RGN solver time= 0.09659790992736816
	xnorm=7.1378014375406265,dnorm=0.029046618388863743
	dense amplitude time= 0.028360366821289062
	total non-zero amplitudes= 4900
	nsamples per process= 50
	sample time= 0.454479455947876
	self.n= 0.37431325451823455
	RGN updated loss=-9.907049972659962,dloss=-1.8805807027177934e-06
step= 434

nparam= 1004
	dense amplitude time= 0.06775951385498047
	total non-zero amplitudes= 4900
	nsamples per process= 50
	sample time= 2.1116604804992676
	self.n= 0.3743132545182347
	collect g,h time= 4.175425291061401
E=-9.907049972659962,dE=-1.8805807027177934e-06,std=0
L=-9.907049972659962,dL=-1.8805807027177934e-06,std=0
	gnorm= 6.354700149447413e-05
	symmetric= True
	solver time=0.007609128952026367,exit status=0
	SR solver time= 0.0076520442962646484
	symmetric= False
	niter= 36
	niter= 314
	solver time=0.09733986854553223,exit status=0
	RGN solver time= 0.09738445281982422
	xnorm=7.1401880053445606,dnorm=0.029202134122721227
	dense amplitude time= 0.02614426612854004
	total non-zero amplitudes= 4900
	nsamples per process= 50
	sample time= 0.4530942440032959
	self.n= 0.3736785287170719
	RGN updated loss=-9.907051838758992,dloss=-1.866099029967927e-06
step= 435

nparam= 1004
	dense amplitude time= 0.07747006416320801
	total non-zero amplitudes= 4900
	nsamples per process= 50
	sample time= 2.1134424209594727
	self.n= 0.3736785287170725
	collect g,h time= 4.175706386566162
E=-9.907051838758996,dE=-1.8660990335206407e-06,std=0
L=-9.907051838758996,dL=-1.8660990335206407e-06,std=0
	gnorm= 0.00011074748350502797
	symmetric= True
	solver time=0.007189750671386719,exit status=0
	SR solver time= 0.00722956657409668
	symmetric= False
	niter= 43
	niter= 306
	solver time=0.0932924747467041,exit status=0
	RGN solver time= 0.09333443641662598
	xnorm=7.142594625853152,dnorm=0.02937226081218788
	dense amplitude time= 0.026109695434570312
	total non-zero amplitudes= 4900
	nsamples per process= 50
	sample time= 0.45493459701538086
	self.n= 0.37301031733065015
	RGN updated loss=-9.907053675006118,dloss=-1.8362471223554166e-06
step= 436

nparam= 1004
	dense amplitude time= 0.06510353088378906
	total non-zero amplitudes= 4900
	nsamples per process= 50
	sample time= 2.109422445297241
	self.n= 0.3730103173306495
	collect g,h time= 4.175881385803223
E=-9.907053675006118,dE=-1.8362471223554166e-06,std=0
L=-9.907053675006118,dL=-1.8362471223554166e-06,std=0
	gnorm= 9.496752032179638e-05
	symmetric= True
	solver time=0.008576393127441406,exit status=0
	SR solver time= 0.008615732192993164
	symmetric= False
	niter= 42
	niter= 312
	solver time=0.09438252449035645,exit status=0
	RGN solver time= 0.09442448616027832
	xnorm=7.144884965944279,dnorm=0.02948717126953936
	dense amplitude time= 0.029171466827392578
	total non-zero amplitudes= 4900
	nsamples per process= 50
	sample time= 0.452838659286499
	self.n= 0.3723540323282477
	RGN updated loss=-9.90705561474371,dloss=-1.9397375918828175e-06
step= 437

nparam= 1004
	dense amplitude time= 0.054126739501953125
	total non-zero amplitudes= 4900
	nsamples per process= 50
	sample time= 2.1192872524261475
	self.n= 0.3723540323282483
	collect g,h time= 4.173075914382935
E=-9.90705561474371,dE=-1.9397375918828175e-06,std=0
L=-9.90705561474371,dL=-1.9397375918828175e-06,std=0
	gnorm= 6.750259638468635e-05
	symmetric= True
	solver time=0.006137371063232422,exit status=0
	SR solver time= 0.006177186965942383
	symmetric= False
	niter= 35
	niter= 312
	solver time=0.09786295890808105,exit status=0
	RGN solver time= 0.09790563583374023
	xnorm=7.147064376710977,dnorm=0.02953247423767326
	dense amplitude time= 0.027431964874267578
	total non-zero amplitudes= 4900
	nsamples per process= 50
	sample time= 0.4561910629272461
	self.n= 0.37165577122581095
	RGN updated loss=-9.907057531381776,dloss=-1.916638066035148e-06
step= 438

nparam= 1004
	dense amplitude time= 0.06037116050720215
	total non-zero amplitudes= 4900
	nsamples per process= 50
	sample time= 2.1196255683898926
	self.n= 0.371655771225811
	collect g,h time= 4.207044363021851
E=-9.90705753138178,dE=-1.9166380695878615e-06,std=0
L=-9.90705753138178,dL=-1.9166380695878615e-06,std=0
	gnorm= 8.478118310829208e-05
	symmetric= True
	solver time=0.026861190795898438,exit status=0
	SR solver time= 0.02690720558166504
	symmetric= False
	niter= 38
	niter= 312
	solver time=0.09590721130371094,exit status=0
	RGN solver time= 0.09594941139221191
	xnorm=7.149179365438739,dnorm=0.029587762667339795
	dense amplitude time= 0.026132583618164062
	total non-zero amplitudes= 4900
	nsamples per process= 50
	sample time= 0.45110583305358887
	self.n= 0.3709477578886482
	RGN updated loss=-9.90705944691776,dloss=-1.915535980501204e-06
step= 439

nparam= 1004
	dense amplitude time= 0.15099096298217773
	total non-zero amplitudes= 4900
	nsamples per process= 50
	sample time= 2.1225016117095947
	self.n= 0.3709477578886482
	collect g,h time= 4.180955171585083
E=-9.90705944691776,dE=-1.915535980501204e-06,std=0
L=-9.90705944691776,dL=-1.915535980501204e-06,std=0
	gnorm= 9.057946692846765e-05
	symmetric= True
	solver time=0.006264209747314453,exit status=0
	SR solver time= 0.006304502487182617
	symmetric= False
	niter= 37
	niter= 312
	solver time=0.09287905693054199,exit status=0
	RGN solver time= 0.09292340278625488
	xnorm=7.151211842070197,dnorm=0.0296588704737634
	dense amplitude time= 0.026158809661865234
	total non-zero amplitudes= 4900
	nsamples per process= 50
	sample time= 0.4519796371459961
	self.n= 0.3702031404834589
	RGN updated loss=-9.90706137986057,dloss=-1.932942810256577e-06
step= 440

nparam= 1004
	dense amplitude time= 0.04436302185058594
	total non-zero amplitudes= 4900
	nsamples per process= 50
	sample time= 2.1214516162872314
	self.n= 0.3702031404834588
	collect g,h time= 4.175873041152954
E=-9.90706137986057,dE=-1.932942810256577e-06,std=0
L=-9.90706137986057,dL=-1.932942810256577e-06,std=0
	gnorm= 9.91376017245405e-05
	symmetric= True
	solver time=0.007006645202636719,exit status=0
	SR solver time= 0.00704646110534668
	symmetric= False
	niter= 39
	niter= 311
	solver time=0.09280848503112793,exit status=0
	RGN solver time= 0.09285283088684082
	xnorm=7.153191888860533,dnorm=0.0296455577441364
	dense amplitude time= 0.02803206443786621
	total non-zero amplitudes= 4900
	nsamples per process= 50
	sample time= 0.4521481990814209
	self.n= 0.369429177124184
	RGN updated loss=-9.907063301907309,dloss=-1.922046738656036e-06
step= 441

nparam= 1004
	dense amplitude time= 0.03727126121520996
	total non-zero amplitudes= 4900
	nsamples per process= 50
	sample time= 2.119119882583618
	self.n= 0.369429177124184
	collect g,h time= 4.17331075668335
E=-9.907063301907305,dE=-1.922046735103322e-06,std=0
L=-9.907063301907305,dL=-1.922046735103322e-06,std=0
	gnorm= 7.059130478412862e-05
	symmetric= True
	solver time=0.006394386291503906,exit status=0
	SR solver time= 0.006431102752685547
	symmetric= False
	niter= 37
	niter= 312
	solver time=0.09223103523254395,exit status=0
	RGN solver time= 0.09227108955383301
	xnorm=7.155072124430285,dnorm=0.029573773534082137
	dense amplitude time= 0.025882482528686523
	total non-zero amplitudes= 4900
	nsamples per process= 50
	sample time= 0.45401811599731445
	self.n= 0.3686308976688283
	RGN updated loss=-9.90706522976233,dloss=-1.927855024064229e-06
step= 442

nparam= 1004
	dense amplitude time= 0.07144737243652344
	total non-zero amplitudes= 4900
	nsamples per process= 50
	sample time= 2.112321376800537
	self.n= 0.3686308976688281
	collect g,h time= 4.1797096729278564
E=-9.907065229762328,dE=-1.927855022287872e-06,std=0
L=-9.907065229762328,dL=-1.927855022287872e-06,std=0
	gnorm= 9.271693901079443e-05
	symmetric= True
	solver time=0.0074481964111328125,exit status=0
	SR solver time= 0.007487058639526367
	symmetric= False
	niter= 39
	niter= 312
	solver time=0.09319090843200684,exit status=0
	RGN solver time= 0.0932307243347168
	xnorm=7.156815172186665,dnorm=0.029549494285264325
	dense amplitude time= 0.027919292449951172
	total non-zero amplitudes= 4900
	nsamples per process= 50
	sample time= 0.4506192207336426
	self.n= 0.367820110613166
	RGN updated loss=-9.907067137405216,dloss=-1.9076428880993035e-06
step= 443

nparam= 1004
	dense amplitude time= 0.11869215965270996
	total non-zero amplitudes= 4900
	nsamples per process= 50
	sample time= 2.115319013595581
	self.n= 0.367820110613166
	collect g,h time= 4.175530433654785
E=-9.907067137405216,dE=-1.9076428880993035e-06,std=0
L=-9.907067137405216,dL=-1.9076428880993035e-06,std=0
	gnorm= 0.00017670178739546413
	symmetric= True
	niter= 43
	solver time=0.008701801300048828,exit status=0
	SR solver time= 0.00875234603881836
	symmetric= False
	niter= 283
	solver time=0.08599519729614258,exit status=0
	RGN solver time= 0.08603906631469727
	xnorm=7.158514142694064,dnorm=0.029452845232313483
	dense amplitude time= 0.025850534439086914
	total non-zero amplitudes= 4900
	nsamples per process= 50
	sample time= 0.4534585475921631
	self.n= 0.3669891809023289
	RGN updated loss=-9.907069018775957,dloss=-1.8813707409748304e-06
step= 444

nparam= 1004
	dense amplitude time= 0.09041714668273926
	total non-zero amplitudes= 4900
	nsamples per process= 50
	sample time= 2.114156484603882
	self.n= 0.3669891809023288
	collect g,h time= 4.176451683044434
E=-9.907069018775955,dE=-1.8813707391984735e-06,std=0
L=-9.907069018775955,dL=-1.8813707391984735e-06,std=0
	gnorm= 0.00011001178004877881
	symmetric= True
	solver time=0.00890040397644043,exit status=0
	SR solver time= 0.008941650390625
	symmetric= False
	niter= 41
	niter= 310
	solver time=0.09394979476928711,exit status=0
	RGN solver time= 0.09399294853210449
	xnorm=7.160085799724352,dnorm=0.029362861737641053
	dense amplitude time= 0.025843381881713867
	total non-zero amplitudes= 4900
	nsamples per process= 50
	sample time= 0.4587743282318115
	self.n= 0.3661487399084199
	RGN updated loss=-9.907070929498987,dloss=-1.910723032239048e-06
step= 445

nparam= 1004
	dense amplitude time= 0.12734365463256836
	total non-zero amplitudes= 4900
	nsamples per process= 50
	sample time= 2.1258928775787354
	self.n= 0.36614873990842045
	collect g,h time= 4.171846628189087
E=-9.907070929498989,dE=-1.9107230340154047e-06,std=0
L=-9.907070929498989,dL=-1.9107230340154047e-06,std=0
	gnorm= 5.784601003618434e-05
	symmetric= True
	solver time=0.007085084915161133,exit status=0
	SR solver time= 0.007123470306396484
	symmetric= False
	niter= 34
	niter= 317
	solver time=0.09526395797729492,exit status=0
	RGN solver time= 0.09530949592590332
	xnorm=7.161573001383585,dnorm=0.029183969491581904
	dense amplitude time= 0.028897762298583984
	total non-zero amplitudes= 4900
	nsamples per process= 50
	sample time= 0.45530247688293457
	self.n= 0.36528842824423957
	RGN updated loss=-9.90707279343128,dloss=-1.863932290291359e-06
step= 446

nparam= 1004
	dense amplitude time= 0.12396979331970215
	total non-zero amplitudes= 4900
	nsamples per process= 50
	sample time= 2.1280956268310547
	self.n= 0.36528842824423957
	collect g,h time= 4.176469564437866
E=-9.90707279343128,dE=-1.863932290291359e-06,std=0
L=-9.90707279343128,dL=-1.863932290291359e-06,std=0
	gnorm= 0.000173350936463688
	symmetric= True
	solver time=0.008067846298217773,exit status=0
	SR solver time= 0.008106708526611328
	symmetric= False
	niter= 43
	niter= 283
	solver time=0.08823513984680176,exit status=0
	RGN solver time= 0.08828091621398926
	xnorm=7.162947265446251,dnorm=0.02902170169937704
	dense amplitude time= 0.02608513832092285
	total non-zero amplitudes= 4900
	nsamples per process= 50
	sample time= 0.4596128463745117
	self.n= 0.36441970487811814
	RGN updated loss=-9.90707460844946,dloss=-1.8150181801956933e-06
step= 447

nparam= 1004
	dense amplitude time= 0.0572052001953125
	total non-zero amplitudes= 4900
	nsamples per process= 50
	sample time= 2.126284599304199
	self.n= 0.36441970487811837
	collect g,h time= 4.170692443847656
E=-9.907074608449458,dE=-1.8150181784193364e-06,std=0
L=-9.907074608449458,dL=-1.8150181784193364e-06,std=0
	gnorm= 0.00010939940750465489
	symmetric= True
	solver time=0.008288145065307617,exit status=0
	SR solver time= 0.008329391479492188
	symmetric= False
	niter= 41
	niter= 308
	solver time=0.09116697311401367,exit status=0
	RGN solver time= 0.09120798110961914
	xnorm=7.164221212637118,dnorm=0.028811917044295265
	dense amplitude time= 0.025902509689331055
	total non-zero amplitudes= 4900
	nsamples per process= 50
	sample time= 0.4590108394622803
	self.n= 0.36355076201640213
	RGN updated loss=-9.907076446177905,dloss=-1.8377284476400746e-06
step= 448

nparam= 1004
	dense amplitude time= 0.10909485816955566
	total non-zero amplitudes= 4900
	nsamples per process= 50
	sample time= 2.12321400642395
	self.n= 0.36355076201640224
	collect g,h time= 4.175889015197754
E=-9.907076446177905,dE=-1.8377284476400746e-06,std=0
L=-9.907076446177905,dL=-1.8377284476400746e-06,std=0
	gnorm= 0.0001642597907188125
	symmetric= True
	solver time=0.0073854923248291016,exit status=0
	SR solver time= 0.007424354553222656
	symmetric= False
	niter= 43
	niter= 284
	solver time=0.08409309387207031,exit status=0
	RGN solver time= 0.08413434028625488
	xnorm=7.165401139079339,dnorm=0.028565324854181087
	dense amplitude time= 0.029767990112304688
	total non-zero amplitudes= 4900
	nsamples per process= 50
	sample time= 0.45663952827453613
	self.n= 0.3626665286046163
	RGN updated loss=-9.907078196123754,dloss=-1.7499458486724961e-06
step= 449

nparam= 1004
	dense amplitude time= 0.05068016052246094
	total non-zero amplitudes= 4900
	nsamples per process= 50
	sample time= 2.1275010108947754
	self.n= 0.36266652860461657
	collect g,h time= 4.172656774520874
E=-9.907078196123752,dE=-1.7499458468961393e-06,std=0
L=-9.907078196123752,dL=-1.7499458468961393e-06,std=0
	gnorm= 0.00010096666201170096
	symmetric= True
	solver time=0.008133649826049805,exit status=0
	SR solver time= 0.008172273635864258
	symmetric= False
	niter= 41
	niter= 311
	solver time=0.09480571746826172,exit status=0
	RGN solver time= 0.09485173225402832
	xnorm=7.16645697540275,dnorm=0.028312200849867148
	dense amplitude time= 0.02583479881286621
	total non-zero amplitudes= 4900
	nsamples per process= 50
	sample time= 0.4540679454803467
	self.n= 0.36177750855184554
	RGN updated loss=-9.907079964157715,dloss=-1.7680339627901276e-06
step= 450

nparam= 1004
	dense amplitude time= 0.13957762718200684
	total non-zero amplitudes= 4900
	nsamples per process= 50
	sample time= 2.122377395629883
	self.n= 0.3617775085518455
	collect g,h time= 4.176009178161621
E=-9.907079964157719,dE=-1.7680339663428413e-06,std=0
L=-9.907079964157719,dL=-1.7680339663428413e-06,std=0
	gnorm= 0.00015957837675479819
	symmetric= True
	solver time=0.008134841918945312,exit status=0
	SR solver time= 0.008175373077392578
	symmetric= False
	niter= 43
	niter= 284
	solver time=0.08549308776855469,exit status=0
	RGN solver time= 0.08553647994995117
	xnorm=7.16737727581094,dnorm=0.028064098253645003
	dense amplitude time= 0.02585744857788086
	total non-zero amplitudes= 4900
	nsamples per process= 50
	sample time= 0.45131635665893555
	self.n= 0.36088763064537344
	RGN updated loss=-9.907081648961698,dloss=-1.6848039798844638e-06
step= 451

nparam= 1004
	dense amplitude time= 0.12959742546081543
	total non-zero amplitudes= 4900
	nsamples per process= 50
	sample time= 2.1179356575012207
	self.n= 0.36088763064537355
	collect g,h time= 4.180201292037964
E=-9.9070816489617,dE=-1.6848039816608207e-06,std=0
L=-9.9070816489617,dL=-1.6848039816608207e-06,std=0
	gnorm= 0.00011049735709679789
	symmetric= True
	solver time=0.00785064697265625,exit status=0
	SR solver time= 0.007886409759521484
	symmetric= False
	niter= 41
	niter= 306
	solver time=0.09165716171264648,exit status=0
	RGN solver time= 0.09170699119567871
	xnorm=7.168211973115297,dnorm=0.027767904263323637
	dense amplitude time= 0.027063846588134766
	total non-zero amplitudes= 4900
	nsamples per process= 50
	sample time= 0.45599937438964844
	self.n= 0.35999627901726833
	RGN updated loss=-9.907083347729117,dloss=-1.6987674165136468e-06
step= 452

nparam= 1004
	dense amplitude time= 0.11514902114868164
	total non-zero amplitudes= 4900
	nsamples per process= 50
	sample time= 2.1161293983459473
	self.n= 0.35999627901726816
	collect g,h time= 4.16570782661438
E=-9.90708334772912,dE=-1.6987674200663605e-06,std=0
L=-9.90708334772912,dL=-1.6987674200663605e-06,std=0
	gnorm= 0.00016933198304466837
	symmetric= True
	solver time=0.008273124694824219,exit status=0
	SR solver time= 0.00832056999206543
	symmetric= False
	niter= 43
	niter= 281
	solver time=0.0856177806854248,exit status=0
	RGN solver time= 0.08566737174987793
	xnorm=7.168916359273348,dnorm=0.027498708721287363
	dense amplitude time= 0.025826454162597656
	total non-zero amplitudes= 4900
	nsamples per process= 50
	sample time= 0.45057249069213867
	self.n= 0.3591027085031992
	RGN updated loss=-9.907084956927873,dloss=-1.6091987529165408e-06
step= 453

nparam= 1004
	dense amplitude time= 0.07323813438415527
	total non-zero amplitudes= 4900
	nsamples per process= 50
	sample time= 2.1175711154937744
	self.n= 0.35910270850319903
	collect g,h time= 4.175456285476685
E=-9.907084956927873,dE=-1.6091987529165408e-06,std=0
L=-9.907084956927873,dL=-1.6091987529165408e-06,std=0
	gnorm= 0.00010233979880112785
	symmetric= True
	solver time=0.008519649505615234,exit status=0
	SR solver time= 0.008561849594116211
	symmetric= False
	niter= 41
	niter= 309
	solver time=0.09207367897033691,exit status=0
	RGN solver time= 0.09211564064025879
	xnorm=7.1695387168292575,dnorm=0.02716473856390988
	dense amplitude time= 0.02894282341003418
	total non-zero amplitudes= 4900
	nsamples per process= 50
	sample time= 0.45619988441467285
	self.n= 0.35822176590817595
	RGN updated loss=-9.907086577040877,dloss=-1.6201130037529765e-06
step= 454

nparam= 1004
	dense amplitude time= 0.07728791236877441
	total non-zero amplitudes= 4900
	nsamples per process= 50
	sample time= 2.1177749633789062
	self.n= 0.3582217659081762
	collect g,h time= 4.176011800765991
E=-9.907086577040879,dE=-1.6201130055293333e-06,std=0
L=-9.907086577040879,dL=-1.6201130055293333e-06,std=0
	gnorm= 0.00016701857991323284
	symmetric= True
	solver time=0.00940704345703125,exit status=0
	SR solver time= 0.009448766708374023
	symmetric= False
	niter= 44
	niter= 281
	solver time=0.08374595642089844,exit status=0
	RGN solver time= 0.08379840850830078
	xnorm=7.170047984200797,dnorm=0.026869921743693088
	dense amplitude time= 0.02602696418762207
	total non-zero amplitudes= 4900
	nsamples per process= 50
	sample time= 0.4555826187133789
	self.n= 0.3573369570557709
	RGN updated loss=-9.907088107684137,dloss=-1.5306432583628293e-06
step= 455

nparam= 1004
	dense amplitude time= 0.16263699531555176
	total non-zero amplitudes= 4900
	nsamples per process= 50
	sample time= 2.116485595703125
	self.n= 0.35733695705577107
	collect g,h time= 4.181449890136719
E=-9.907088107684137,dE=-1.5306432583628293e-06,std=0
L=-9.907088107684137,dL=-1.5306432583628293e-06,std=0
	gnorm= 0.00011474325196176427
	symmetric= True
	solver time=0.006896495819091797,exit status=0
	SR solver time= 0.00693511962890625
	symmetric= False
	niter= 41
	niter= 301
	solver time=0.09148287773132324,exit status=0
	RGN solver time= 0.0915219783782959
	xnorm=7.170453056286545,dnorm=0.02652558049375946
	dense amplitude time= 0.026211023330688477
	total non-zero amplitudes= 4900
	nsamples per process= 50
	sample time= 0.4559969902038574
	self.n= 0.3564803028360025
	RGN updated loss=-9.907089649082454,dloss=-1.5413983174283885e-06
step= 456

nparam= 1004
	dense amplitude time= 0.09323763847351074
	total non-zero amplitudes= 4900
	nsamples per process= 50
	sample time= 2.112245559692383
	self.n= 0.3564803028360025
	collect g,h time= 4.169973850250244
E=-9.907089649082456,dE=-1.5413983192047453e-06,std=0
L=-9.907089649082456,dL=-1.5413983192047453e-06,std=0
	gnorm= 6.66695180394852e-05
	symmetric= True
	solver time=0.00790858268737793,exit status=0
	SR solver time= 0.007953643798828125
	symmetric= False
	niter= 37
	niter= 315
	solver time=0.09611201286315918,exit status=0
	RGN solver time= 0.09615707397460938
	xnorm=7.1707007231693884,dnorm=0.02627453159454484
	dense amplitude time= 0.025786876678466797
	total non-zero amplitudes= 4900
	nsamples per process= 50
	sample time= 0.45525479316711426
	self.n= 0.3556260567894578
	RGN updated loss=-9.907091130173118,dloss=-1.4810906616702368e-06
step= 457

nparam= 1004
	dense amplitude time= 0.06065678596496582
	total non-zero amplitudes= 4900
	nsamples per process= 50
	sample time= 2.115299940109253
	self.n= 0.3556260567894579
	collect g,h time= 4.173930406570435
E=-9.907091130173118,dE=-1.4810906616702368e-06,std=0
L=-9.907091130173118,dL=-1.4810906616702368e-06,std=0
	gnorm= 6.427940648535697e-05
	symmetric= True
	solver time=0.007153987884521484,exit status=0
	SR solver time= 0.007205009460449219
	symmetric= False
	niter= 38
	niter= 315
	solver time=0.09499740600585938,exit status=0
	RGN solver time= 0.09504103660583496
	xnorm=7.170972441903575,dnorm=0.02589921503264803
	dense amplitude time= 0.025981903076171875
	total non-zero amplitudes= 4900
	nsamples per process= 50
	sample time= 0.4554786682128906
	self.n= 0.35479526817783125
	RGN updated loss=-9.907092567742659,dloss=-1.437569540740924e-06
step= 458

nparam= 1004
	dense amplitude time= 0.10815882682800293
	total non-zero amplitudes= 4900
	nsamples per process= 50
	sample time= 2.1187937259674072
	self.n= 0.35479526817783136
	collect g,h time= 4.1725921630859375
E=-9.907092567742657,dE=-1.437569538964567e-06,std=0
L=-9.907092567742657,dL=-1.437569538964567e-06,std=0
	gnorm= 5.449583564713523e-05
	symmetric= True
	solver time=0.006710529327392578,exit status=0
	SR solver time= 0.0067615509033203125
	symmetric= False
	niter= 36
	niter= 316
	solver time=0.09439945220947266,exit status=0
	RGN solver time= 0.09444880485534668
	xnorm=7.171075067930243,dnorm=0.025571587618040247
	dense amplitude time= 0.026243209838867188
	total non-zero amplitudes= 4900
	nsamples per process= 50
	sample time= 0.4591200351715088
	self.n= 0.35397589218662073
	RGN updated loss=-9.907093976178794,dloss=-1.4084361374955279e-06
step= 459

nparam= 1004
	dense amplitude time= 0.09502649307250977
	total non-zero amplitudes= 4900
	nsamples per process= 50
	sample time= 2.1244025230407715
	self.n= 0.35397589218662084
	collect g,h time= 4.1708550453186035
E=-9.907093976178796,dE=-1.4084361392718847e-06,std=0
L=-9.907093976178796,dL=-1.4084361392718847e-06,std=0
	gnorm= 5.611188395388288e-05
	symmetric= True
	solver time=0.007474422454833984,exit status=0
	SR solver time= 0.0075266361236572266
	symmetric= False
	niter= 37
	niter= 315
	solver time=0.09423542022705078,exit status=0
	RGN solver time= 0.09427833557128906
	xnorm=7.171164752873471,dnorm=0.02523921522540593
	dense amplitude time= 0.0260770320892334
	total non-zero amplitudes= 4900
	nsamples per process= 50
	sample time= 0.45293664932250977
	self.n= 0.3531732930882099
	RGN updated loss=-9.907095332913114,dloss=-1.3567343177811608e-06
step= 460

nparam= 1004
	dense amplitude time= 0.04742932319641113
	total non-zero amplitudes= 4900
	nsamples per process= 50
	sample time= 2.1169955730438232
	self.n= 0.35317329308820966
	collect g,h time= 4.188138008117676
E=-9.907095332913112,dE=-1.356734316004804e-06,std=0
L=-9.907095332913112,dL=-1.356734316004804e-06,std=0
	gnorm= 5.44174958338741e-05
	symmetric= True
	solver time=0.006489753723144531,exit status=0
	SR solver time= 0.00653529167175293
	symmetric= False
	niter= 36
	niter= 316
	solver time=0.09462904930114746,exit status=0
	RGN solver time= 0.09467601776123047
	xnorm=7.171139262836434,dnorm=0.0249466509681493
	dense amplitude time= 0.026163339614868164
	total non-zero amplitudes= 4900
	nsamples per process= 50
	sample time= 0.45756006240844727
	self.n= 0.35239363639024746
	RGN updated loss=-9.90709666977585,dloss=-1.3368627378440578e-06
step= 461

nparam= 1004
	dense amplitude time= 0.07222843170166016
	total non-zero amplitudes= 4900
	nsamples per process= 50
	sample time= 2.1226773262023926
	self.n= 0.3523936363902478
	collect g,h time= 4.18554949760437
E=-9.907096669775852,dE=-1.3368627396204147e-06,std=0
L=-9.907096669775852,dL=-1.3368627396204147e-06,std=0
	gnorm= 5.487088535989519e-05
	symmetric= True
	solver time=0.007001161575317383,exit status=0
	SR solver time= 0.0070459842681884766
	symmetric= False
	niter= 38
	niter= 315
	solver time=0.09438180923461914,exit status=0
	RGN solver time= 0.09442353248596191
	xnorm=7.171073699730463,dnorm=0.024660385835474793
	dense amplitude time= 0.025768518447875977
	total non-zero amplitudes= 4900
	nsamples per process= 50
	sample time= 0.45864248275756836
	self.n= 0.35163169795150284
	RGN updated loss=-9.907097962164697,dloss=-1.2923888448312937e-06
step= 462

nparam= 1004
	dense amplitude time= 0.12739849090576172
	total non-zero amplitudes= 4900
	nsamples per process= 50
	sample time= 2.1209828853607178
	self.n= 0.35163169795150306
	collect g,h time= 4.17035436630249
E=-9.907097962164697,dE=-1.2923888448312937e-06,std=0
L=-9.907097962164697,dL=-1.2923888448312937e-06,std=0
	gnorm= 6.184350407433013e-05
	symmetric= True
	solver time=0.006253242492675781,exit status=0
	SR solver time= 0.006291389465332031
	symmetric= False
	niter= 37
	niter= 312
	solver time=0.09452986717224121,exit status=0
	RGN solver time= 0.09457612037658691
	xnorm=7.170878570813684,dnorm=0.02436409241265459
	dense amplitude time= 0.025908231735229492
	total non-zero amplitudes= 4900
	nsamples per process= 50
	sample time= 0.4545571804046631
	self.n= 0.3509074100830283
	RGN updated loss=-9.907099232447775,dloss=-1.2702830787247876e-06
step= 463

nparam= 1004
	dense amplitude time= 0.09796714782714844
	total non-zero amplitudes= 4900
	nsamples per process= 50
	sample time= 2.1188929080963135
	self.n= 0.3509074100830279
	collect g,h time= 4.175318956375122
E=-9.907099232447774,dE=-1.2702830769484308e-06,std=0
L=-9.907099232447774,dL=-1.2702830769484308e-06,std=0
	gnorm= 7.61792361870997e-05
	symmetric= True
	solver time=0.007333278656005859,exit status=0
	SR solver time= 0.007376194000244141
	symmetric= False
	niter= 40
	niter= 312
	solver time=0.09384679794311523,exit status=0
	RGN solver time= 0.09389233589172363
	xnorm=7.170684862513132,dnorm=0.02412940941669083
	dense amplitude time= 0.026061296463012695
	total non-zero amplitudes= 4900
	nsamples per process= 50
	sample time= 0.4600856304168701
	self.n= 0.35019919994703996
	RGN updated loss=-9.907100457869124,dloss=-1.2254213501705635e-06
step= 464

nparam= 1004
	dense amplitude time= 0.16736507415771484
	total non-zero amplitudes= 4900
	nsamples per process= 50
	sample time= 2.120725631713867
	self.n= 0.3501991999470402
	collect g,h time= 4.17320442199707
E=-9.907100457869124,dE=-1.2254213501705635e-06,std=0
L=-9.907100457869124,dL=-1.2254213501705635e-06,std=0
	gnorm= 9.267719876671361e-05
	symmetric= True
	solver time=0.008665323257446289,exit status=0
	SR solver time= 0.008711814880371094
	symmetric= False
	niter= 41
	niter= 310
	solver time=0.09314179420471191,exit status=0
	RGN solver time= 0.09318733215332031
	xnorm=7.170349517968092,dnorm=0.023850460712838386
	dense amplitude time= 0.02605128288269043
	total non-zero amplitudes= 4900
	nsamples per process= 50
	sample time= 0.45654296875
	self.n= 0.3494924009299475
	RGN updated loss=-9.907101661852094,dloss=-1.2039829702104043e-06
step= 465

nparam= 1004
	dense amplitude time= 0.13389277458190918
	total non-zero amplitudes= 4900
	nsamples per process= 50
	sample time= 2.1172986030578613
	self.n= 0.3494924009299478
	collect g,h time= 4.174520254135132
E=-9.907101661852092,dE=-1.2039829684340475e-06,std=0
L=-9.907101661852092,dL=-1.2039829684340475e-06,std=0
	gnorm= 7.714536452823912e-05
	symmetric= True
	solver time=0.016814231872558594,exit status=0
	SR solver time= 0.01685786247253418
	symmetric= False
	niter= 41
	niter= 312
	solver time=0.09343743324279785,exit status=0
	RGN solver time= 0.0934903621673584
	xnorm=7.170067701099344,dnorm=0.023524819991445706
	dense amplitude time= 0.02717113494873047
	total non-zero amplitudes= 4900
	nsamples per process= 50
	sample time= 0.4610610008239746
	self.n= 0.3488362303909191
	RGN updated loss=-9.90710283617962,dloss=-1.1743275276643317e-06
step= 466

nparam= 1004
	dense amplitude time= 0.1428360939025879
	total non-zero amplitudes= 4900
	nsamples per process= 50
	sample time= 2.131546974182129
	self.n= 0.34883623039091916
	collect g,h time= 4.176048040390015
E=-9.907102836179618,dE=-1.1743275258879748e-06,std=0
L=-9.907102836179618,dL=-1.1743275258879748e-06,std=0
	gnorm= 5.817645419829977e-05
	symmetric= True
	solver time=0.00755000114440918,exit status=0
	SR solver time= 0.007592201232910156
	symmetric= False
	niter= 38
	niter= 314
	solver time=0.09271097183227539,exit status=0
	RGN solver time= 0.0927581787109375
	xnorm=7.169677135532903,dnorm=0.023266638741045734
	dense amplitude time= 0.02580571174621582
	total non-zero amplitudes= 4900
	nsamples per process= 50
	sample time= 0.4604072570800781
	self.n= 0.3481756371828415
	RGN updated loss=-9.90710398492828,dloss=-1.1487486624162102e-06
step= 467

nparam= 1004
	dense amplitude time= 0.039136648178100586
	total non-zero amplitudes= 4900
	nsamples per process= 50
	sample time= 2.127037525177002
	self.n= 0.34817563718284167
	collect g,h time= 4.176202774047852
E=-9.90710398492828,dE=-1.1487486624162102e-06,std=0
L=-9.90710398492828,dL=-1.1487486624162102e-06,std=0
	gnorm= 5.8144328520062077e-05
	symmetric= True
	solver time=0.006896257400512695,exit status=0
	SR solver time= 0.0069391727447509766
	symmetric= False
	niter= 39
	niter= 315
	solver time=0.0932776927947998,exit status=0
	RGN solver time= 0.09331870079040527
	xnorm=7.169192000054788,dnorm=0.023020894948299165
	dense amplitude time= 0.03001689910888672
	total non-zero amplitudes= 4900
	nsamples per process= 50
	sample time= 0.4594557285308838
	self.n= 0.3475487869103481
	RGN updated loss=-9.90710510342793,dloss=-1.118499650232252e-06
step= 468

nparam= 1004
	dense amplitude time= 0.0480194091796875
	total non-zero amplitudes= 4900
	nsamples per process= 50
	sample time= 2.1276068687438965
	self.n= 0.3475487869103481
	collect g,h time= 4.1711225509643555
E=-9.90710510342793,dE=-1.118499650232252e-06,std=0
L=-9.90710510342793,dL=-1.118499650232252e-06,std=0
	gnorm= 0.00011241292133941917
	symmetric= True
	solver time=0.01651477813720703,exit status=0
	SR solver time= 0.016562461853027344
	symmetric= False
	niter= 41
	niter= 298
	solver time=0.09035038948059082,exit status=0
	RGN solver time= 0.0903940200805664
	xnorm=7.168692002962005,dnorm=0.02276196757476317
	dense amplitude time= 0.02732563018798828
	total non-zero amplitudes= 4900
	nsamples per process= 50
	sample time= 0.459169864654541
	self.n= 0.34694342335116213
	RGN updated loss=-9.90710618780321,dloss=-1.0843752793476824e-06
step= 469

nparam= 1004
	dense amplitude time= 0.0865628719329834
	total non-zero amplitudes= 4900
	nsamples per process= 50
	sample time= 2.1257565021514893
	self.n= 0.34694342335116213
	collect g,h time= 4.172542572021484
E=-9.907106187803212,dE=-1.0843752811240392e-06,std=0
L=-9.907106187803212,dL=-1.0843752811240392e-06,std=0
	gnorm= 8.61918948263161e-05
	symmetric= True
	solver time=0.007341623306274414,exit status=0
	SR solver time= 0.007381916046142578
	symmetric= False
	niter= 41
	niter= 308
	solver time=0.09475398063659668,exit status=0
	RGN solver time= 0.09480547904968262
	xnorm=7.168122820051114,dnorm=0.022570986385016277
	dense amplitude time= 0.026157617568969727
	total non-zero amplitudes= 4900
	nsamples per process= 50
	sample time= 0.45839428901672363
	self.n= 0.34635959584698667
	RGN updated loss=-9.907107257857929,dloss=-1.070054716834079e-06
step= 470

nparam= 1004
	dense amplitude time= 0.14496302604675293
	total non-zero amplitudes= 4900
	nsamples per process= 50
	sample time= 2.129187822341919
	self.n= 0.3463595958469865
	collect g,h time= 4.176753282546997
E=-9.907107257857929,dE=-1.070054716834079e-06,std=0
L=-9.907107257857929,dL=-1.070054716834079e-06,std=0
	gnorm= 9.557025426211883e-05
	symmetric= True
	solver time=0.007125139236450195,exit status=0
	SR solver time= 0.00716853141784668
	symmetric= False
	niter= 41
	niter= 304
	solver time=0.0918419361114502,exit status=0
	RGN solver time= 0.09188222885131836
	xnorm=7.1675169732908985,dnorm=0.02226359645287257
	dense amplitude time= 0.02667069435119629
	total non-zero amplitudes= 4900
	nsamples per process= 50
	sample time= 0.46219754219055176
	self.n= 0.34580826560126354
	RGN updated loss=-9.90710829998415,dloss=-1.0421262217619187e-06
step= 471

nparam= 1004
	dense amplitude time= 0.041600704193115234
	total non-zero amplitudes= 4900
	nsamples per process= 50
	sample time= 2.1269824504852295
	self.n= 0.34580826560126376
	collect g,h time= 4.1738152503967285
E=-9.907108299984152,dE=-1.0421262235382756e-06,std=0
L=-9.907108299984152,dL=-1.0421262235382756e-06,std=0
	gnorm= 6.264710518039767e-05
	symmetric= True
	solver time=0.006415605545043945,exit status=0
	SR solver time= 0.006460666656494141
	symmetric= False
	niter= 36
	niter= 312
	solver time=0.09607100486755371,exit status=0
	RGN solver time= 0.09611821174621582
	xnorm=7.166884635963078,dnorm=0.022024766816318233
	dense amplitude time= 0.026262998580932617
	total non-zero amplitudes= 4900
	nsamples per process= 50
	sample time= 0.46117734909057617
	self.n= 0.3452646498566199
	RGN updated loss=-9.907109330057905,dloss=-1.030073752517069e-06
step= 472

nparam= 1004
	dense amplitude time= 0.05361676216125488
	total non-zero amplitudes= 4900
	nsamples per process= 50
	sample time= 2.126465082168579
	self.n= 0.3452646498566198
	collect g,h time= 4.17482590675354
E=-9.907109330057907,dE=-1.0300737542934257e-06,std=0
L=-9.907109330057907,dL=-1.0300737542934257e-06,std=0
	gnorm= 3.698027199528186e-05
	symmetric= True
	solver time=0.0058896541595458984,exit status=0
	SR solver time= 0.005937337875366211
	symmetric= False
	niter= 32
	niter= 318
	solver time=0.09918332099914551,exit status=0
	RGN solver time= 0.09922337532043457
	xnorm=7.166256253642624,dnorm=0.021771571460868867
	dense amplitude time= 0.028380155563354492
	total non-zero amplitudes= 4900
	nsamples per process= 50
	sample time= 0.4615187644958496
	self.n= 0.34473904578538694
	RGN updated loss=-9.907110329334078,dloss=-9.992761711430376e-07
step= 473

nparam= 1004
	dense amplitude time= 0.07831239700317383
	total non-zero amplitudes= 4900
	nsamples per process= 50
	sample time= 2.1300885677337646
	self.n= 0.3447390457853866
	collect g,h time= 4.167341709136963
E=-9.907110329334078,dE=-9.992761711430376e-07,std=0
L=-9.907110329334078,dL=-9.992761711430376e-07,std=0
	gnorm= 3.9176878407189894e-05
	symmetric= True
	solver time=0.007292747497558594,exit status=0
	SR solver time= 0.007333040237426758
	symmetric= False
	niter= 34
	niter= 321
	solver time=0.09818792343139648,exit status=0
	RGN solver time= 0.09822893142700195
	xnorm=7.1656026262294885,dnorm=0.021535410442999153
	dense amplitude time= 0.025776147842407227
	total non-zero amplitudes= 4900
	nsamples per process= 50
	sample time= 0.4550139904022217
	self.n= 0.3442381932076462
	RGN updated loss=-9.907111303739685,dloss=-9.744056068683449e-07
step= 474

nparam= 1004
	dense amplitude time= 0.07587766647338867
	total non-zero amplitudes= 4900
	nsamples per process= 50
	sample time= 2.126006603240967
	self.n= 0.3442381932076459
	collect g,h time= 4.163822412490845
E=-9.907111303739681,dE=-9.744056033156312e-07,std=0
L=-9.907111303739681,dL=-9.744056033156312e-07,std=0
	gnorm= 8.23554441182565e-05
	symmetric= True
	solver time=0.008134603500366211,exit status=0
	SR solver time= 0.008170843124389648
	symmetric= False
	niter= 36
	niter= 312
	solver time=0.09486579895019531,exit status=0
	RGN solver time= 0.09490633010864258
	xnorm=7.164890831105449,dnorm=0.021327358154714437
	dense amplitude time= 0.0262143611907959
	total non-zero amplitudes= 4900
	nsamples per process= 50
	sample time= 0.4622488021850586
	self.n= 0.34375507077814066
	RGN updated loss=-9.907112258336491,dloss=-9.545968104873737e-07
step= 475

nparam= 1004
	dense amplitude time= 0.05773496627807617
	total non-zero amplitudes= 4900
	nsamples per process= 50
	sample time= 2.127570867538452
	self.n= 0.3437550707781414
	collect g,h time= 4.168806552886963
E=-9.907112258336491,dE=-9.545968104873737e-07,std=0
L=-9.907112258336491,dL=-9.545968104873737e-07,std=0
	gnorm= 5.7050420689761406e-05
	symmetric= True
	solver time=0.0061528682708740234,exit status=0
	SR solver time= 0.006189584732055664
	symmetric= False
	niter= 33
	niter= 312
	solver time=0.0982351303100586,exit status=0
	RGN solver time= 0.09827613830566406
	xnorm=7.164210225256939,dnorm=0.021090073131982443
	dense amplitude time= 0.027360200881958008
	total non-zero amplitudes= 4900
	nsamples per process= 50
	sample time= 0.45792102813720703
	self.n= 0.34329643850131825
	RGN updated loss=-9.907113195120186,dloss=-9.367836941720498e-07
step= 476

nparam= 1004
	dense amplitude time= 0.05171918869018555
	total non-zero amplitudes= 4900
	nsamples per process= 50
	sample time= 2.129256010055542
	self.n= 0.3432964385013179
	collect g,h time= 4.170367240905762
E=-9.907113195120186,dE=-9.367836941720498e-07,std=0
L=-9.907113195120186,dL=-9.367836941720498e-07,std=0
	gnorm= 3.6666611815102254e-05
	symmetric= True
	solver time=0.007670402526855469,exit status=0
	SR solver time= 0.0077130794525146484
	symmetric= False
	niter= 33
	niter= 320
	solver time=0.10232758522033691,exit status=0
	RGN solver time= 0.10236883163452148
	xnorm=7.16351726832259,dnorm=0.020884647625865654
	dense amplitude time= 0.026358366012573242
	total non-zero amplitudes= 4900
	nsamples per process= 50
	sample time= 0.46026086807250977
	self.n= 0.3428442416487091
	RGN updated loss=-9.907114110404454,dloss=-9.152842679327478e-07
step= 477

nparam= 1004
	dense amplitude time= 0.02870798110961914
	total non-zero amplitudes= 4900
	nsamples per process= 50
	sample time= 2.1361167430877686
	self.n= 0.3428442416487094
	collect g,h time= 4.186854600906372
E=-9.907114110404452,dE=-9.152842661563909e-07,std=0
L=-9.907114110404452,dL=-9.152842661563909e-07,std=0
	gnorm= 3.3571902120794855e-05
	symmetric= True
	solver time=0.0065326690673828125,exit status=0
	SR solver time= 0.0065724849700927734
	symmetric= False
	niter= 32
	niter= 327
	solver time=0.09843134880065918,exit status=0
	RGN solver time= 0.09847211837768555
	xnorm=7.162814066795733,dnorm=0.02066856110378934
	dense amplitude time= 0.025775671005249023
	total non-zero amplitudes= 4900
	nsamples per process= 50
	sample time= 0.4620096683502197
	self.n= 0.34242648628547373
	RGN updated loss=-9.907115008917406,dloss=-8.985129547056658e-07
step= 478

nparam= 1004
	dense amplitude time= 0.15374016761779785
	total non-zero amplitudes= 4900
	nsamples per process= 50
	sample time= 2.1266231536865234
	self.n= 0.3424264862854734
	collect g,h time= 4.169968128204346
E=-9.907115008917403,dE=-8.985129511529522e-07,std=0
L=-9.907115008917403,dL=-8.985129511529522e-07,std=0
	gnorm= 8.824858192361692e-05
	symmetric= True
	solver time=0.009935379028320312,exit status=0
	SR solver time= 0.009978532791137695
	symmetric= False
	niter= 44
	niter= 305
	solver time=0.09117484092712402,exit status=0
	RGN solver time= 0.09121823310852051
	xnorm=7.1620954914194375,dnorm=0.02048465581455736
	dense amplitude time= 0.026034832000732422
	total non-zero amplitudes= 4900
	nsamples per process= 50
	sample time= 0.4618494510650635
	self.n= 0.3420170762635698
	RGN updated loss=-9.907115861870382,dloss=-8.52952979357724e-07
step= 479

nparam= 1004
	dense amplitude time= 0.13887929916381836
	total non-zero amplitudes= 4900
	nsamples per process= 50
	sample time= 2.1297316551208496
	self.n= 0.3420170762635695
	collect g,h time= 4.165239095687866
E=-9.90711586187038,dE=-8.529529775813671e-07,std=0
L=-9.90711586187038,dL=-8.529529775813671e-07,std=0
	gnorm= 0.00016475495326023112
	symmetric= True
	solver time=0.008545160293579102,exit status=0
	SR solver time= 0.008586406707763672
	symmetric= False
	niter= 46
	niter= 280
	solver time=0.08973002433776855,exit status=0
	RGN solver time= 0.0897674560546875
	xnorm=7.161269244273685,dnorm=0.020330872387136417
	dense amplitude time= 0.028006315231323242
	total non-zero amplitudes= 4900
	nsamples per process= 50
	sample time= 0.4604461193084717
	self.n= 0.34162049163701247
	RGN updated loss=-9.9071167346593,dloss=-8.727889202475581e-07
step= 480

nparam= 1004
	dense amplitude time= 0.07926774024963379
	total non-zero amplitudes= 4900
	nsamples per process= 50
	sample time= 2.132554292678833
	self.n= 0.3416204916370129
	collect g,h time= 4.168654918670654
E=-9.907116734659299,dE=-8.727889184712012e-07,std=0
L=-9.907116734659299,dL=-8.727889184712012e-07,std=0
	gnorm= 8.122247736727351e-05
	symmetric= True
	solver time=0.00786280632019043,exit status=0
	SR solver time= 0.007905244827270508
	symmetric= False
	niter= 40
	niter= 307
	solver time=0.09752106666564941,exit status=0
	RGN solver time= 0.09757018089294434
	xnorm=7.160586075944066,dnorm=0.020087943408153938
	dense amplitude time= 0.027295351028442383
	total non-zero amplitudes= 4900
	nsamples per process= 50
	sample time= 0.46109533309936523
	self.n= 0.341251881686088
	RGN updated loss=-9.90711758047272,dloss=-8.458134210798107e-07
step= 481

nparam= 1004
	dense amplitude time= 0.04246830940246582
	total non-zero amplitudes= 4900
	nsamples per process= 50
	sample time= 2.1252756118774414
	self.n= 0.3412518816860878
	collect g,h time= 4.167188405990601
E=-9.907117580472722,dE=-8.458134228561676e-07,std=0
L=-9.907117580472722,dL=-8.458134228561676e-07,std=0
	gnorm= 5.595442852769354e-05
	symmetric= True
	solver time=0.007947683334350586,exit status=0
	SR solver time= 0.007992744445800781
	symmetric= False
	niter= 38
	niter= 312
	solver time=0.09607601165771484,exit status=0
	RGN solver time= 0.09611988067626953
	xnorm=7.1598291448380795,dnorm=0.01989818242351537
	dense amplitude time= 0.02792811393737793
	total non-zero amplitudes= 4900
	nsamples per process= 50
	sample time= 0.45802760124206543
	self.n= 0.34088561921312527
	RGN updated loss=-9.90711840743603,dloss=-8.269633084978523e-07
step= 482

nparam= 1004
	dense amplitude time= 0.1084599494934082
	total non-zero amplitudes= 4900
	nsamples per process= 50
	sample time= 2.126502752304077
	self.n= 0.3408856192131252
	collect g,h time= 4.164387226104736
E=-9.907118407436032,dE=-8.269633102742091e-07,std=0
L=-9.907118407436032,dL=-8.269633102742091e-07,std=0
	gnorm= 5.9665829776113724e-05
	symmetric= True
	solver time=0.006947517395019531,exit status=0
	SR solver time= 0.0069921016693115234
	symmetric= False
	niter= 38
	niter= 312
	solver time=0.09436488151550293,exit status=0
	RGN solver time= 0.0944066047668457
	xnorm=7.1591204600208,dnorm=0.019707460043875837
	dense amplitude time= 0.025816917419433594
	total non-zero amplitudes= 4900
	nsamples per process= 50
	sample time= 0.46049952507019043
	self.n= 0.3405517606881334
	RGN updated loss=-9.90711921859692,dloss=-8.111608877925391e-07
step= 483

nparam= 1004
	dense amplitude time= 0.16483235359191895
	total non-zero amplitudes= 4900
	nsamples per process= 50
	sample time= 2.1262338161468506
	self.n= 0.3405517606881334
	collect g,h time= 4.194018840789795
E=-9.90711921859692,dE=-8.111608877925391e-07,std=0
L=-9.90711921859692,dL=-8.111608877925391e-07,std=0
	gnorm= 4.557838734693756e-05
	symmetric= True
	solver time=0.006270170211791992,exit status=0
	SR solver time= 0.006306648254394531
	symmetric= False
	niter= 37
	niter= 315
	solver time=0.09282803535461426,exit status=0
	RGN solver time= 0.09286832809448242
	xnorm=7.158391706755907,dnorm=0.019508458896495707
	dense amplitude time= 0.025858402252197266
	total non-zero amplitudes= 4900
	nsamples per process= 50
	sample time= 0.45685815811157227
	self.n= 0.34021616386349285
	RGN updated loss=-9.907120013022654,dloss=-7.944257340852801e-07
step= 484

nparam= 1004
	dense amplitude time= 0.1343388557434082
	total non-zero amplitudes= 4900
	nsamples per process= 50
	sample time= 2.125633478164673
	self.n= 0.3402161638634923
	collect g,h time= 4.169622421264648
E=-9.907120013022654,dE=-7.944257340852801e-07,std=0
L=-9.907120013022654,dL=-7.944257340852801e-07,std=0
	gnorm= 5.651963414999512e-05
	symmetric= True
	solver time=0.007973194122314453,exit status=0
	SR solver time= 0.008018016815185547
	symmetric= False
	niter= 38
	niter= 312
	solver time=0.0940999984741211,exit status=0
	RGN solver time= 0.09415102005004883
	xnorm=7.15767309279596,dnorm=0.01931354407830495
	dense amplitude time= 0.026048898696899414
	total non-zero amplitudes= 4900
	nsamples per process= 50
	sample time= 0.45879030227661133
	self.n= 0.3399076632595259
	RGN updated loss=-9.907120790760686,dloss=-7.777380321982719e-07
step= 485

nparam= 1004
	dense amplitude time= 0.043560028076171875
	total non-zero amplitudes= 4900
	nsamples per process= 50
	sample time= 2.1268558502197266
	self.n= 0.3399076632595259
	collect g,h time= 4.1653733253479
E=-9.907120790760684,dE=-7.77738030421915e-07,std=0
L=-9.907120790760684,dL=-7.77738030421915e-07,std=0
	gnorm= 4.6110717404053e-05
	symmetric= True
	solver time=0.006668567657470703,exit status=0
	SR solver time= 0.0067098140716552734
	symmetric= False
	niter= 37
	niter= 314
	solver time=0.09285473823547363,exit status=0
	RGN solver time= 0.0929102897644043
	xnorm=7.156926897665625,dnorm=0.019132602105135836
	dense amplitude time= 0.0303037166595459
	total non-zero amplitudes= 4900
	nsamples per process= 50
	sample time= 0.4591362476348877
	self.n= 0.33959823366816944
	RGN updated loss=-9.907121555985807,dloss=-7.652251223788653e-07
step= 486

nparam= 1004
	dense amplitude time= 0.11051034927368164
	total non-zero amplitudes= 4900
	nsamples per process= 50
	sample time= 2.1147313117980957
	self.n= 0.3395982336681694
	collect g,h time= 4.164634466171265
E=-9.907121555985807,dE=-7.652251223788653e-07,std=0
L=-9.907121555985807,dL=-7.652251223788653e-07,std=0
	gnorm= 3.4682153239271605e-05
	symmetric= True
	solver time=0.006569385528564453,exit status=0
	SR solver time= 0.006613731384277344
	symmetric= False
	niter= 34
	niter= 322
	solver time=0.09796380996704102,exit status=0
	RGN solver time= 0.09801244735717773
	xnorm=7.15619832127098,dnorm=0.018952844344181
	dense amplitude time= 0.027303695678710938
	total non-zero amplitudes= 4900
	nsamples per process= 50
	sample time= 0.46348142623901367
	self.n= 0.3393208697804238
	RGN updated loss=-9.907122305117378,dloss=-7.491315709984292e-07
step= 487

nparam= 1004
	dense amplitude time= 0.1703808307647705
	total non-zero amplitudes= 4900
	nsamples per process= 50
	sample time= 2.1261489391326904
	self.n= 0.33932086978042364
	collect g,h time= 4.163740873336792
E=-9.907122305117378,dE=-7.491315709984292e-07,std=0
L=-9.907122305117378,dL=-7.491315709984292e-07,std=0
	gnorm= 0.00027028887414677356
	symmetric= True
	solver time=0.009412288665771484,exit status=0
	SR solver time= 0.009448051452636719
	symmetric= False
	niter= 47
	niter= 255
	solver time=0.07708382606506348,exit status=0
	RGN solver time= 0.07712459564208984
	xnorm=7.155465018395178,dnorm=0.01889780511088037
	dense amplitude time= 0.026046037673950195
	total non-zero amplitudes= 4900
	nsamples per process= 50
	sample time= 0.46283817291259766
	self.n= 0.33904130814440503
	RGN updated loss=-9.907122982456329,dloss=-6.773389511494088e-07
step= 488

nparam= 1004
	dense amplitude time= 0.09318947792053223
	total non-zero amplitudes= 4900
	nsamples per process= 50
	sample time= 2.129607677459717
	self.n= 0.3390413081444048
	collect g,h time= 4.16438627243042
E=-9.907122982456329,dE=-6.773389511494088e-07,std=0
L=-9.907122982456329,dL=-6.773389511494088e-07,std=0
	gnorm= 0.00011517202395301552
	symmetric= True
	solver time=0.007811069488525391,exit status=0
	SR solver time= 0.007858514785766602
	symmetric= False
	niter= 46
	niter= 285
	solver time=0.08600139617919922,exit status=0
	RGN solver time= 0.0860438346862793
	xnorm=7.154759284271254,dnorm=0.018723296040876684
	dense amplitude time= 0.026022672653198242
	total non-zero amplitudes= 4900
	nsamples per process= 50
	sample time= 0.4596891403198242
	self.n= 0.33876674518190364
	RGN updated loss=-9.90712374252414,dloss=-7.600678113561798e-07
step= 489

nparam= 1004
	dense amplitude time= 0.1479027271270752
	total non-zero amplitudes= 4900
	nsamples per process= 50
	sample time= 2.122587203979492
	self.n= 0.3387667451819034
	collect g,h time= 4.164456367492676
E=-9.907123742524137,dE=-7.600678078034662e-07,std=0
L=-9.907123742524137,dL=-7.600678078034662e-07,std=0
	gnorm= 9.924282521107883e-05
	symmetric= True
	solver time=0.007962465286254883,exit status=0
	SR solver time= 0.008000850677490234
	symmetric= False
	niter= 45
	niter= 288
	solver time=0.08522915840148926,exit status=0
	RGN solver time= 0.08526611328125
	xnorm=7.154074732840338,dnorm=0.018482632204287145
	dense amplitude time= 0.025783061981201172
	total non-zero amplitudes= 4900
	nsamples per process= 50
	sample time= 0.45679283142089844
	self.n= 0.338498699751521
	RGN updated loss=-9.907124457851635,dloss=-7.153274985682856e-07
step= 490

nparam= 1004
	dense amplitude time= 0.05373191833496094
	total non-zero amplitudes= 4900
	nsamples per process= 50
	sample time= 2.1257636547088623
	self.n= 0.338498699751521
	collect g,h time= 4.158613443374634
E=-9.907124457851635,dE=-7.153274985682856e-07,std=0
L=-9.907124457851635,dL=-7.153274985682856e-07,std=0
	gnorm= 6.488407548498734e-05
	symmetric= True
	solver time=0.008170127868652344,exit status=0
	SR solver time= 0.00821232795715332
	symmetric= False
	niter= 42
	niter= 310
	solver time=0.09318685531616211,exit status=0
	RGN solver time= 0.09323263168334961
	xnorm=7.15332444103518,dnorm=0.018307644435463653
	dense amplitude time= 0.025830745697021484
	total non-zero amplitudes= 4900
	nsamples per process= 50
	sample time= 0.4620077610015869
	self.n= 0.33826009743419805
	RGN updated loss=-9.907125162731424,dloss=-7.048797883157931e-07
step= 491

nparam= 1004
	dense amplitude time= 0.12612199783325195
	total non-zero amplitudes= 4900
	nsamples per process= 50
	sample time= 2.1224708557128906
	self.n= 0.3382600974341979
	collect g,h time= 4.1677703857421875
E=-9.907125162731422,dE=-7.048797865394363e-07,std=0
L=-9.907125162731422,dL=-7.048797865394363e-07,std=0
	gnorm= 4.336326537146043e-05
	symmetric= True
	solver time=0.007350444793701172,exit status=0
	SR solver time= 0.007396221160888672
	symmetric= False
	niter= 36
	niter= 312
	solver time=0.09246134757995605,exit status=0
	RGN solver time= 0.09250712394714355
	xnorm=7.15259956915407,dnorm=0.018126926256942903
	dense amplitude time= 0.025812387466430664
	total non-zero amplitudes= 4900
	nsamples per process= 50
	sample time= 0.46231698989868164
	self.n= 0.33803222343134964
	RGN updated loss=-9.907125850117973,dloss=-6.873865512346811e-07
step= 492

nparam= 1004
	dense amplitude time= 0.038950204849243164
	total non-zero amplitudes= 4900
	nsamples per process= 50
	sample time= 2.1262142658233643
	self.n= 0.33803222343134975
	collect g,h time= 4.161526203155518
E=-9.907125850117975,dE=-6.873865530110379e-07,std=0
L=-9.907125850117975,dL=-6.873865530110379e-07,std=0
	gnorm= 7.980734972162601e-05
	symmetric= True
	solver time=0.008127689361572266,exit status=0
	SR solver time= 0.008173942565917969
	symmetric= False
	niter= 43
	niter= 299
	solver time=0.0955953598022461,exit status=0
	RGN solver time= 0.09564018249511719
	xnorm=7.151898342559653,dnorm=0.017950064270525763
	dense amplitude time= 0.028858661651611328
	total non-zero amplitudes= 4900
	nsamples per process= 50
	sample time= 0.4629096984863281
	self.n= 0.3378143446365551
	RGN updated loss=-9.907126506766836,dloss=-6.56648861507847e-07
step= 493

nparam= 1004
	dense amplitude time= 0.09928059577941895
	total non-zero amplitudes= 4900
	nsamples per process= 50
	sample time= 2.126148223876953
	self.n= 0.337814344636555
	collect g,h time= 4.163818359375
E=-9.907126506766835,dE=-6.566488597314901e-07,std=0
L=-9.907126506766835,dL=-6.566488597314901e-07,std=0
	gnorm= 6.410030940691281e-05
	symmetric= True
	solver time=0.010657072067260742,exit status=0
	SR solver time= 0.010702133178710938
	symmetric= False
	niter= 42
	niter= 310
	solver time=0.09811568260192871,exit status=0
	RGN solver time= 0.09816169738769531
	xnorm=7.151210772392906,dnorm=0.017836588581445573
	dense amplitude time= 0.026038408279418945
	total non-zero amplitudes= 4900
	nsamples per process= 50
	sample time= 0.4622361660003662
	self.n= 0.33759999077266706
	RGN updated loss=-9.907127175457473,dloss=-6.686906388608804e-07
step= 494

nparam= 1004
	dense amplitude time= 0.18791890144348145
	total non-zero amplitudes= 4900
	nsamples per process= 50
	sample time= 2.130230188369751
	self.n= 0.337599990772667
	collect g,h time= 4.16182541847229
E=-9.907127175457475,dE=-6.686906406372373e-07,std=0
L=-9.907127175457475,dL=-6.686906406372373e-07,std=0
	gnorm= 7.902962544110001e-05
	symmetric= True
	solver time=0.00848531723022461,exit status=0
	SR solver time= 0.008528947830200195
	symmetric= False
	niter= 43
	niter= 298
	solver time=0.09267067909240723,exit status=0
	RGN solver time= 0.09271883964538574
	xnorm=7.150522992394543,dnorm=0.01767796269589478
	dense amplitude time= 0.02610158920288086
	total non-zero amplitudes= 4900
	nsamples per process= 50
	sample time= 0.46181607246398926
	self.n= 0.3373916038837457
	RGN updated loss=-9.907127813541848,dloss=-6.380843728948093e-07
step= 495

nparam= 1004
	dense amplitude time= 0.07901191711425781
	total non-zero amplitudes= 4900
	nsamples per process= 50
	sample time= 2.124619245529175
	self.n= 0.337391603883745
	collect g,h time= 4.15711522102356
E=-9.907127813541848,dE=-6.380843728948093e-07,std=0
L=-9.907127813541848,dL=-6.380843728948093e-07,std=0
	gnorm= 5.08110716626256e-05
	symmetric= True
	solver time=0.0076143741607666016,exit status=0
	SR solver time= 0.007668972015380859
	symmetric= False
	niter= 40
	niter= 312
	solver time=0.09810662269592285,exit status=0
	RGN solver time= 0.09814763069152832
	xnorm=7.149878056898025,dnorm=0.017527067530373815
	dense amplitude time= 0.02896285057067871
	total non-zero amplitudes= 4900
	nsamples per process= 50
	sample time= 0.4614102840423584
	self.n= 0.33720548505800324
	RGN updated loss=-9.907128463506972,dloss=-6.499651235003512e-07
step= 496

nparam= 1004
	dense amplitude time= 0.13118219375610352
	total non-zero amplitudes= 4900
	nsamples per process= 50
	sample time= 2.116750955581665
	self.n= 0.3372054850580033
	collect g,h time= 4.164049863815308
E=-9.907128463506973,dE=-6.49965125276708e-07,std=0
L=-9.907128463506973,dL=-6.49965125276708e-07,std=0
	gnorm= 7.353203929407621e-05
	symmetric= True
	solver time=0.007047176361083984,exit status=0
	SR solver time= 0.007088899612426758
	symmetric= False
	niter= 42
	niter= 299
	solver time=0.0981285572052002,exit status=0
	RGN solver time= 0.09816837310791016
	xnorm=7.14920917469639,dnorm=0.017351722845275683
	dense amplitude time= 0.0292203426361084
	total non-zero amplitudes= 4900
	nsamples per process= 50
	sample time= 0.46184873580932617
	self.n= 0.3370185821092345
	RGN updated loss=-9.90712907426555,dloss=-6.107585761583323e-07
step= 497

nparam= 1004
	dense amplitude time= 0.11852192878723145
	total non-zero amplitudes= 4900
	nsamples per process= 50
	sample time= 2.121046781539917
	self.n= 0.33701858210923463
	collect g,h time= 4.1586222648620605
E=-9.90712907426555,dE=-6.107585761583323e-07,std=0
L=-9.90712907426555,dL=-6.107585761583323e-07,std=0
	gnorm= 9.656978778361737e-05
	symmetric= True
	solver time=0.00690913200378418,exit status=0
	SR solver time= 0.006949424743652344
	symmetric= False
	niter= 43
	niter= 290
	solver time=0.08758139610290527,exit status=0
	RGN solver time= 0.08762025833129883
	xnorm=7.148565937125115,dnorm=0.017264973807612567
	dense amplitude time= 0.025771617889404297
	total non-zero amplitudes= 4900
	nsamples per process= 50
	sample time= 0.4621541500091553
	self.n= 0.33685052617988887
	RGN updated loss=-9.907129701893256,dloss=-6.276277062511326e-07
step= 498

nparam= 1004
	dense amplitude time= 0.18409967422485352
	total non-zero amplitudes= 4900
	nsamples per process= 50
	sample time= 2.121230363845825
	self.n= 0.3368505261798891
	collect g,h time= 4.163422584533691
E=-9.907129701893256,dE=-6.276277062511326e-07,std=0
L=-9.907129701893256,dL=-6.276277062511326e-07,std=0
	gnorm= 5.0828260993314026e-05
	symmetric= True
	solver time=0.006157398223876953,exit status=0
	SR solver time= 0.006195783615112305
	symmetric= False
	niter= 36
	niter= 312
	solver time=0.09401273727416992,exit status=0
	RGN solver time= 0.09405112266540527
	xnorm=7.147911832749514,dnorm=0.017082594629393832
	dense amplitude time= 0.025787830352783203
	total non-zero amplitudes= 4900
	nsamples per process= 50
	sample time= 0.4616377353668213
	self.n= 0.336681592572983
	RGN updated loss=-9.907130311601202,dloss=-6.097079463529553e-07
step= 499

nparam= 1004
	dense amplitude time= 0.12325477600097656
	total non-zero amplitudes= 4900
	nsamples per process= 50
	sample time= 2.123995065689087
	self.n= 0.3366815925729829
	collect g,h time= 4.162770509719849
E=-9.907130311601204,dE=-6.097079481293122e-07,std=0
L=-9.907130311601204,dL=-6.097079481293122e-07,std=0
	gnorm= 2.463986127505451e-05
	symmetric= True
	solver time=0.005734682083129883,exit status=0
	SR solver time= 0.005776643753051758
	symmetric= False
	niter= 30
	niter= 324
	solver time=0.09573841094970703,exit status=0
	RGN solver time= 0.0957787036895752
	xnorm=7.147286153738989,dnorm=0.01693312718269296
	dense amplitude time= 0.026199817657470703
	total non-zero amplitudes= 4900
	nsamples per process= 50
	sample time= 0.46228694915771484
	self.n= 0.3365248203374297
	RGN updated loss=-9.907130907653851,dloss=-5.960526472392758e-07
layer= 0
nparam= 660
hop_ls= [(1, 5), (1, 8), (1, 9), (1, 13), (5, 8), (5, 9), (5, 13), (8, 9), (8, 13), (9, 13)]

layer= 1
nparam= 144
hop_ls= [(9, 14), (1, 6), (2, 5), (2, 8), (2, 14), (13, 14), (6, 8), (6, 14), (5, 6), (8, 14), (1, 2), (1, 14), (2, 13), (6, 13), (5, 14), (2, 9), (2, 6), (6, 9)]

layer= 2
nparam= 152
hop_ls= [(6, 12), (4, 9), (4, 6), (4, 12), (12, 13), (0, 2), (5, 10), (0, 5), (8, 12), (0, 8), (0, 14), (10, 12), (1, 12), (4, 5), (4, 8), (4, 14), (5, 12), (0, 1), (9, 10), (2, 4), (0, 4), (0, 10), (0, 13), (2, 10), (10, 14), (6, 10), (12, 14), (4, 10), (4, 13), (9, 12), (0, 9), (8, 10), (1, 4), (0, 6), (0, 12), (2, 12), (1, 10), (10, 13)]

layer= 3
nparam= 48
hop_ls= [(6, 15), (3, 4), (3, 10), (5, 7), (4, 15), (3, 13), (9, 11), (11, 14), (1, 3), (2, 11), (8, 15), (0, 11), (10, 15), (1, 15), (6, 11), (7, 10), (7, 13), (3, 9), (12, 15), (3, 6), (3, 12), (4, 11), (14, 15), (8, 11), (0, 7), (5, 15), (10, 11), (2, 7), (1, 11), (11, 13), (7, 9), (6, 7), (7, 12), (4, 7), (3, 5), (3, 8), (3, 14), (5, 11), (0, 3), (9, 15), (2, 3), (11, 12), (1, 7), (0, 15), (2, 15), (13, 15), (7, 8), (7, 14)]

step= 500

nparam= 1004
ntotal configs= 4900
	dense amplitude time= 0.06506776809692383
	total non-zero amplitudes= 4900
	nsamples per process= 50
	sample time= 6.182582139968872
	self.n= 0.3365248203374298
	collect g,h time= 6.5555524826049805
E=-9.907130907653853,dE=0,std=0
L=-9.907130907653853,dL=0,std=0
	gnorm= 3.0844081485911556e-05
	symmetric= True
	solver time=0.024728059768676758,exit status=0
	SR solver time= 0.02482295036315918
	symmetric= False
	niter= 35
	niter= 325
	solver time=0.10831356048583984,exit status=0
	RGN solver time= 0.10835838317871094
	xnorm=7.146668058483031,dnorm=0.016784430148830097
	dense amplitude time= 0.016941070556640625
	total non-zero amplitudes= 4900
	nsamples per process= 50
	sample time= 0.30797362327575684
	self.n= 0.3363729674049397
	RGN updated loss=-9.907131490720687,dloss=-5.830668339257272e-07
step= 501

nparam= 1004
	dense amplitude time= 0.17053794860839844
	total non-zero amplitudes= 4900
	nsamples per process= 50
	sample time= 1.5533552169799805
	self.n= 0.33637296740493994
	collect g,h time= 2.81178879737854
E=-9.907131490720685,dE=-5.830668321493704e-07,std=0
L=-9.907131490720685,dL=-5.830668321493704e-07,std=0
	gnorm= 2.6914006300001323e-05
	symmetric= True
	solver time=0.00857853889465332,exit status=0
	SR solver time= 0.00865793228149414
	symmetric= False
	niter= 34
	niter= 326
	solver time=0.12308168411254883,exit status=0
	RGN solver time= 0.12313032150268555
	xnorm=7.146073449953347,dnorm=0.016657645507274034
	dense amplitude time= 0.017977476119995117
	total non-zero amplitudes= 4900
	nsamples per process= 50
	sample time= 0.32073068618774414
	self.n= 0.3362295980138773
	RGN updated loss=-9.907132068488792,dloss=-5.777681071350571e-07
step= 502

nparam= 1004
	dense amplitude time= 0.017230987548828125
	total non-zero amplitudes= 4900
	nsamples per process= 50
	sample time= 1.6666696071624756
	self.n= 0.3362295980138777
	collect g,h time= 2.4677417278289795
E=-9.907132068488792,dE=-5.777681071350571e-07,std=0
L=-9.907132068488792,dL=-5.777681071350571e-07,std=0
	gnorm= 6.651168047771548e-05
	symmetric= True
	solver time=0.007566928863525391,exit status=0
	SR solver time= 0.007636308670043945
	symmetric= False
	niter= 37
	niter= 310
	solver time=0.07406330108642578,exit status=0
	RGN solver time= 0.07410788536071777
	xnorm=7.145485072967649,dnorm=0.016516452790089765
	dense amplitude time= 0.018314838409423828
	total non-zero amplitudes= 4900
	nsamples per process= 50
	sample time= 0.32068324089050293
	self.n= 0.3360904927567184
	RGN updated loss=-9.907132631658452,dloss=-5.631696602392822e-07
step= 503

nparam= 1004
	dense amplitude time= 0.017554283142089844
	total non-zero amplitudes= 4900
	nsamples per process= 50
	sample time= 1.6697468757629395
	self.n= 0.33609049275671865
	collect g,h time= 2.450296401977539
E=-9.907132631658454,dE=-5.63169662015639e-07,std=0
L=-9.907132631658454,dL=-5.63169662015639e-07,std=0
	gnorm= 4.9613771742169804e-05
	symmetric= True
	solver time=0.0076448917388916016,exit status=0
	SR solver time= 0.007687807083129883
	symmetric= False
	niter= 39
	niter= 312
	solver time=0.09356069564819336,exit status=0
	RGN solver time= 0.09360408782958984
	xnorm=7.144921131828376,dnorm=0.01639397827067819
	dense amplitude time= 0.01722264289855957
	total non-zero amplitudes= 4900
	nsamples per process= 50
	sample time= 0.3148667812347412
	self.n= 0.33595784532069106
	RGN updated loss=-9.90713318944424,dloss=-5.577857855598722e-07
step= 504

nparam= 1004
	dense amplitude time= 0.01701188087463379
	total non-zero amplitudes= 4900
	nsamples per process= 50
	sample time= 1.6268856525421143
	self.n= 0.33595784532069123
	collect g,h time= 2.4521994590759277
E=-9.907133189444242,dE=-5.577857873362291e-07,std=0
L=-9.907133189444242,dL=-5.577857873362291e-07,std=0
	gnorm= 6.39389408122011e-05
	symmetric= True
	solver time=0.007693767547607422,exit status=0
	SR solver time= 0.007769584655761719
	symmetric= False
	niter= 39
	solver time=0.08352470397949219,exit status=0
	RGN solver time= 0.08357071876525879
	xnorm=7.144364139703117,dnorm=0.01630099819518304
	niter= 309
	dense amplitude time= 0.01698613166809082
	total non-zero amplitudes= 4900
	nsamples per process= 50
	sample time= 0.3035154342651367
	self.n= 0.33583660501297297
	RGN updated loss=-9.90713373790966,dloss=-5.484654188592231e-07
step= 505

nparam= 1004
	dense amplitude time= 0.016576528549194336
	total non-zero amplitudes= 4900
	nsamples per process= 50
	sample time= 1.5634255409240723
	self.n= 0.33583660501297313
	collect g,h time= 2.4337656497955322
E=-9.907133737909664,dE=-5.484654224119367e-07,std=0
L=-9.907133737909664,dL=-5.484654224119367e-07,std=0
	gnorm= 4.847547672765172e-05
	symmetric= True
	solver time=0.00695347785949707,exit status=0
	SR solver time= 0.006994485855102539
	symmetric= False
	niter= 39
	niter= 312
	solver time=0.07115983963012695,exit status=0
	RGN solver time= 0.07120323181152344
	xnorm=7.143811228122912,dnorm=0.016156049115273026
	dense amplitude time= 0.01649951934814453
	total non-zero amplitudes= 4900
	nsamples per process= 50
	sample time= 0.3129301071166992
	self.n= 0.33571691385583724
	RGN updated loss=-9.907134281787203,dloss=-5.438775385613326e-07
step= 506

nparam= 1004
	dense amplitude time= 0.01682305335998535
	total non-zero amplitudes= 4900
	nsamples per process= 50
	sample time= 1.587538242340088
	self.n= 0.3357169138558372
	collect g,h time= 2.4279799461364746
E=-9.907134281787203,dE=-5.438775385613326e-07,std=0
L=-9.907134281787203,dL=-5.438775385613326e-07,std=0
	gnorm= 6.782431462481824e-05
	symmetric= True
	solver time=0.00799703598022461,exit status=0
	SR solver time= 0.008069038391113281
	symmetric= False
	niter= 39
	niter= 302
	solver time=0.07535290718078613,exit status=0
	RGN solver time= 0.07539796829223633
	xnorm=7.143274939395909,dnorm=0.016050965843948814
	dense amplitude time= 0.0197296142578125
	total non-zero amplitudes= 4900
	nsamples per process= 50
	sample time= 0.31993913650512695
	self.n= 0.33560319265529037
	RGN updated loss=-9.907134812222084,dloss=-5.304348817958271e-07
step= 507

nparam= 1004
	dense amplitude time= 0.016683340072631836
	total non-zero amplitudes= 4900
	nsamples per process= 50
	sample time= 1.5861833095550537
	self.n= 0.33560319265529037
	collect g,h time= 2.433377265930176
E=-9.907134812222083,dE=-5.304348800194703e-07,std=0
L=-9.907134812222083,dL=-5.304348800194703e-07,std=0
	gnorm= 0.00011569658738098119
	symmetric= True
	solver time=0.008460283279418945,exit status=0
	SR solver time= 0.008502960205078125
	symmetric= False
	niter= 46
	niter= 281
	solver time=0.06784701347351074,exit status=0
	RGN solver time= 0.06789422035217285
	xnorm=7.1427483044535816,dnorm=0.015956453264877254
	dense amplitude time= 0.017040729522705078
	total non-zero amplitudes= 4900
	nsamples per process= 50
	sample time= 0.3000221252441406
	self.n= 0.3354973743008295
	RGN updated loss=-9.907135329453869,dloss=-5.1723178629004e-07
step= 508

nparam= 1004
	dense amplitude time= 0.018920183181762695
	total non-zero amplitudes= 4900
	nsamples per process= 50
	sample time= 1.5916438102722168
	self.n= 0.3354973743008299
	collect g,h time= 2.521400213241577
E=-9.907135329453869,dE=-5.1723178629004e-07,std=0
L=-9.907135329453869,dL=-5.1723178629004e-07,std=0
	gnorm= 8.068802828196019e-05
	symmetric= True
	solver time=0.021430492401123047,exit status=0
	SR solver time= 0.021481037139892578
	symmetric= False
	niter= 42
	niter= 291
	solver time=0.08674311637878418,exit status=0
	RGN solver time= 0.08678531646728516
	xnorm=7.14227349237775,dnorm=0.015806884678654116
	dense amplitude time= 0.01762104034423828
	total non-zero amplitudes= 4900
	nsamples per process= 50
	sample time= 0.30940890312194824
	self.n= 0.3353982443942459
	RGN updated loss=-9.907135855686139,dloss=-5.262322702037636e-07
step= 509

nparam= 1004
	dense amplitude time= 0.017943620681762695
	total non-zero amplitudes= 4900
	nsamples per process= 50
	sample time= 1.5553483963012695
	self.n= 0.3353982443942458
	collect g,h time= 2.583810567855835
E=-9.90713585568614,dE=-5.262322719801205e-07,std=0
L=-9.90713585568614,dL=-5.262322719801205e-07,std=0
	gnorm= 6.040747498042925e-05
	symmetric= True
	solver time=0.007833719253540039,exit status=0
	SR solver time= 0.007911920547485352
	symmetric= False
	niter= 41
	niter= 306
	solver time=0.07685279846191406,exit status=0
	RGN solver time= 0.07689523696899414
	xnorm=7.141754196539148,dnorm=0.015670910820085426
	dense amplitude time= 0.017313718795776367
	total non-zero amplitudes= 4900
	nsamples per process= 50
	sample time= 0.29610586166381836
	self.n= 0.3353061761356834
	RGN updated loss=-9.907136362032137,dloss=-5.063459962428851e-07
step= 510

nparam= 1004
	dense amplitude time= 0.016123056411743164
	total non-zero amplitudes= 4900
	nsamples per process= 50
	sample time= 1.4582176208496094
	self.n= 0.33530617613568375
	collect g,h time= 2.4074151515960693
E=-9.907136362032137,dE=-5.063459962428851e-07,std=0
L=-9.907136362032137,dL=-5.063459962428851e-07,std=0
	gnorm= 7.353355642519835e-05
	symmetric= True
	solver time=0.007233142852783203,exit status=0
	SR solver time= 0.007267475128173828
	symmetric= False
	niter= 41
	niter= 293
	solver time=0.07156777381896973,exit status=0
	RGN solver time= 0.07161116600036621
	xnorm=7.141300577728206,dnorm=0.01556635693751455
	dense amplitude time= 0.015962839126586914
	total non-zero amplitudes= 4900
	nsamples per process= 50
	sample time= 0.308469295501709
	self.n= 0.33521593429192664
	RGN updated loss=-9.907136865505494,dloss=-5.034733572273353e-07
step= 511

nparam= 1004
	dense amplitude time= 0.1728677749633789
	total non-zero amplitudes= 4900
	nsamples per process= 50
	sample time= 1.4801619052886963
	self.n= 0.33521593429192637
	collect g,h time= 2.9948902130126953
E=-9.907136865505493,dE=-5.034733554509785e-07,std=0
L=-9.907136865505493,dL=-5.034733554509785e-07,std=0
	gnorm= 5.8599188762303496e-05
	symmetric= True
	solver time=0.007564067840576172,exit status=0
	SR solver time= 0.007597923278808594
	symmetric= False
	niter= 38
	niter= 307
	solver time=0.09950828552246094,exit status=0
	RGN solver time= 0.09954476356506348
	xnorm=7.14082566352666,dnorm=0.01545369046652204
	dense amplitude time= 0.01990962028503418
	total non-zero amplitudes= 4900
	nsamples per process= 50
	sample time= 0.2921614646911621
	self.n= 0.33513621264388355
	RGN updated loss=-9.907137360589095,dloss=-4.950836025585659e-07
step= 512

nparam= 1004
	dense amplitude time= 0.022928237915039062
	total non-zero amplitudes= 4900
	nsamples per process= 50
	sample time= 1.4303381443023682
	self.n= 0.3351362126438832
	collect g,h time= 2.575540781021118
E=-9.907137360589097,dE=-4.950836043349227e-07,std=0
L=-9.907137360589097,dL=-4.950836043349227e-07,std=0
	gnorm= 6.653268343177772e-05
	symmetric= True
	solver time=0.0075681209564208984,exit status=0
	SR solver time= 0.007609128952026367
	symmetric= False
	niter= 37
	niter= 307
	solver time=0.07454347610473633,exit status=0
	RGN solver time= 0.07457995414733887
	xnorm=7.14039695503121,dnorm=0.015358822382973952
	dense amplitude time= 0.017076492309570312
	total non-zero amplitudes= 4900
	nsamples per process= 50
	sample time= 0.3045191764831543
	self.n= 0.3350490447394122
	RGN updated loss=-9.907137849985574,dloss=-4.893964771213177e-07
step= 513

nparam= 1004
	dense amplitude time= 0.016476154327392578
	total non-zero amplitudes= 4900
	nsamples per process= 50
	sample time= 1.5315601825714111
	self.n= 0.33504904473941305
	collect g,h time= 2.3815486431121826
E=-9.907137849985576,dE=-4.893964788976746e-07,std=0
L=-9.907137849985576,dL=-4.893964788976746e-07,std=0
	gnorm= 4.541780311368771e-05
	symmetric= True
	solver time=0.016532182693481445,exit status=0
	SR solver time= 0.016579389572143555
	symmetric= False
	niter= 33
	niter= 309
	solver time=0.07483053207397461,exit status=0
	RGN solver time= 0.0748753547668457
	xnorm=7.139958407039841,dnorm=0.015248928875198284
	dense amplitude time= 0.016609668731689453
	total non-zero amplitudes= 4900
	nsamples per process= 50
	sample time= 0.2842562198638916
	self.n= 0.3349675795816392
	RGN updated loss=-9.90713833261897,dloss=-4.826333945828765e-07
step= 514

nparam= 1004
	dense amplitude time= 0.01703190803527832
	total non-zero amplitudes= 4900
	nsamples per process= 50
	sample time= 1.5505869388580322
	self.n= 0.3349675795816389
	collect g,h time= 2.530637741088867
E=-9.90713833261897,dE=-4.826333945828765e-07,std=0
L=-9.90713833261897,dL=-4.826333945828765e-07,std=0
	gnorm= 6.542982496112545e-05
	symmetric= True
	solver time=0.007492542266845703,exit status=0
	SR solver time= 0.007532596588134766
	symmetric= False
	niter= 37
	niter= 308
	solver time=0.10490846633911133,exit status=0
	RGN solver time= 0.10495185852050781
	xnorm=7.139540811090821,dnorm=0.015137507981839379
	dense amplitude time= 0.01857447624206543
	total non-zero amplitudes= 4900
	nsamples per process= 50
	sample time= 0.2924923896789551
	self.n= 0.33488346963336535
	RGN updated loss=-9.907138804323123,dloss=-4.7170415307107305e-07
step= 515

nparam= 1004
	dense amplitude time= 0.1325836181640625
	total non-zero amplitudes= 4900
	nsamples per process= 50
	sample time= 1.5420560836791992
	self.n= 0.33488346963336546
	collect g,h time= 2.510427951812744
E=-9.907138804323127,dE=-4.7170415662378673e-07,std=0
L=-9.907138804323127,dL=-4.7170415662378673e-07,std=0
	gnorm= 5.020470399128457e-05
	symmetric= True
	niter= 37
	solver time=0.011002302169799805,exit status=0
	SR solver time= 0.011046409606933594
	symmetric= False
	niter= 312
	solver time=0.0807192325592041,exit status=0
	RGN solver time= 0.08076119422912598
	xnorm=7.139136030780635,dnorm=0.015029004025705204
	dense amplitude time= 0.01721978187561035
	total non-zero amplitudes= 4900
	nsamples per process= 50
	sample time= 0.31549739837646484
	self.n= 0.33481075471149085
	RGN updated loss=-9.907139273335071,dloss=-4.6901194394877166e-07
step= 516

nparam= 1004
	dense amplitude time= 0.01786017417907715
	total non-zero amplitudes= 4900
	nsamples per process= 50
	sample time= 1.6198983192443848
	self.n= 0.3348107547114907
	collect g,h time= 2.5815505981445312
E=-9.907139273335071,dE=-4.6901194394877166e-07,std=0
L=-9.907139273335071,dL=-4.6901194394877166e-07,std=0
	gnorm= 3.0201285102762004e-05
	symmetric= True
	solver time=0.006889820098876953,exit status=0
	SR solver time= 0.00693202018737793
	symmetric= False
	niter= 36
	niter= 323
	solver time=0.07399272918701172,exit status=0
	RGN solver time= 0.07403397560119629
	xnorm=7.1387436445007255,dnorm=0.01492965819062077
	dense amplitude time= 0.01739788055419922
	total non-zero amplitudes= 4900
	nsamples per process= 50
	sample time= 0.3264484405517578
	self.n= 0.33473957187866066
	RGN updated loss=-9.90713973351651,dloss=-4.601814396210102e-07
step= 517

nparam= 1004
	dense amplitude time= 0.01784515380859375
	total non-zero amplitudes= 4900
	nsamples per process= 50
	sample time= 1.6410410404205322
	self.n= 0.3347395718786606
	collect g,h time= 2.4362785816192627
E=-9.90713973351651,dE=-4.601814396210102e-07,std=0
L=-9.90713973351651,dL=-4.601814396210102e-07,std=0
	gnorm= 3.064853530541123e-05
	symmetric= True
	solver time=0.007109880447387695,exit status=0
	SR solver time= 0.007154703140258789
	symmetric= False
	niter= 36
	niter= 319
	solver time=0.07926368713378906,exit status=0
	RGN solver time= 0.0793149471282959
	xnorm=7.138372429330157,dnorm=0.014822864291520433
	dense amplitude time= 0.017461538314819336
	total non-zero amplitudes= 4900
	nsamples per process= 50
	sample time= 0.31280064582824707
	self.n= 0.3346709808653664
	RGN updated loss=-9.90714018840729,dloss=-4.548907792667478e-07
step= 518

nparam= 1004
	dense amplitude time= 0.017308950424194336
	total non-zero amplitudes= 4900
	nsamples per process= 50
	sample time= 1.636394739151001
	self.n= 0.33467098086536623
	collect g,h time= 2.800361156463623
E=-9.90714018840729,dE=-4.548907792667478e-07,std=0
L=-9.90714018840729,dL=-4.548907792667478e-07,std=0
	gnorm= 3.0885088547995074e-05
	symmetric= True
	solver time=0.019098997116088867,exit status=0
	SR solver time= 0.01914358139038086
	symmetric= False
	niter= 36
	niter= 318
	solver time=0.12373185157775879,exit status=0
	RGN solver time= 0.12377786636352539
	xnorm=7.1380184645070335,dnorm=0.014728374919314379
	dense amplitude time= 0.019413232803344727
	total non-zero amplitudes= 4900
	nsamples per process= 50
	sample time= 0.3272101879119873
	self.n= 0.3346052871946748
	RGN updated loss=-9.907140636720017,dloss=-4.48312727385769e-07
step= 519

nparam= 1004
	dense amplitude time= 0.1424117088317871
	total non-zero amplitudes= 4900
	nsamples per process= 50
	sample time= 1.635413408279419
	self.n= 0.334605287194675
	collect g,h time= 2.553375244140625
E=-9.90714063672002,dE=-4.4831273093848267e-07,std=0
L=-9.90714063672002,dL=-4.4831273093848267e-07,std=0
	gnorm= 2.3797318932259843e-05
	symmetric= True
	solver time=0.007035732269287109,exit status=0
	SR solver time= 0.007077455520629883
	symmetric= False
	niter= 33
	niter= 322
	solver time=0.07777595520019531,exit status=0
	RGN solver time= 0.07781791687011719
	xnorm=7.137682150207553,dnorm=0.014642830172177334
	dense amplitude time= 0.017208576202392578
	total non-zero amplitudes= 4900
	nsamples per process= 50
	sample time= 0.32260584831237793
	self.n= 0.334542714705622
	RGN updated loss=-9.90714108073582,dloss=-4.440157983509607e-07
step= 520

nparam= 1004
	dense amplitude time= 0.018192291259765625
	total non-zero amplitudes= 4900
	nsamples per process= 50
	sample time= 1.5804362297058105
	self.n= 0.334542714705622
	collect g,h time= 2.4759581089019775
E=-9.907141080735821,dE=-4.4401580012731756e-07,std=0
L=-9.907141080735821,dL=-4.4401580012731756e-07,std=0
	gnorm= 2.5382380893481305e-05
	symmetric= True
	solver time=0.007305145263671875,exit status=0
	SR solver time= 0.007349491119384766
	symmetric= False
	niter= 34
	niter= 326
	solver time=0.08506464958190918,exit status=0
	RGN solver time= 0.0851144790649414
	xnorm=7.137372849263271,dnorm=0.014534447363890896
	dense amplitude time= 0.01777195930480957
	total non-zero amplitudes= 4900
	nsamples per process= 50
	sample time= 0.3284733295440674
	self.n= 0.33447768977949016
	RGN updated loss=-9.907141516653455,dloss=-4.3591763443373566e-07
step= 521

nparam= 1004
	dense amplitude time= 0.01739978790283203
	total non-zero amplitudes= 4900
	nsamples per process= 50
	sample time= 1.6324489116668701
	self.n= 0.3344776897794905
	collect g,h time= 2.464663505554199
E=-9.907141516653455,dE=-4.3591763443373566e-07,std=0
L=-9.907141516653455,dL=-4.3591763443373566e-07,std=0
	gnorm= 2.3320411743054996e-05
	symmetric= True
	solver time=0.007888078689575195,exit status=0
	SR solver time= 0.007924795150756836
	symmetric= False
	niter= 33
	niter= 325
	solver time=0.1152491569519043,exit status=0
	RGN solver time= 0.11528730392456055
	xnorm=7.13706853781744,dnorm=0.014448900019572749
	dense amplitude time= 0.020633697509765625
	total non-zero amplitudes= 4900
	nsamples per process= 50
	sample time= 0.32858920097351074
	self.n= 0.3344208092289626
	RGN updated loss=-9.907141949874864,dloss=-4.332214089686204e-07
step= 522

nparam= 1004
	dense amplitude time= 0.196181058883667
	total non-zero amplitudes= 4900
	nsamples per process= 50
	sample time= 1.616800308227539
	self.n= 0.3344208092289628
	collect g,h time= 2.912050724029541
E=-9.907141949874864,dE=-4.332214089686204e-07,std=0
L=-9.907141949874864,dL=-4.332214089686204e-07,std=0
	gnorm= 2.2591671861169e-05
	symmetric= True
	solver time=0.0064356327056884766,exit status=0
	SR solver time= 0.006471157073974609
	symmetric= False
	niter= 32
	niter= 328
	solver time=0.07531118392944336,exit status=0
	RGN solver time= 0.07535839080810547
	xnorm=7.136788609842083,dnorm=0.014336839074628542
	dense amplitude time= 0.017742633819580078
	total non-zero amplitudes= 4900
	nsamples per process= 50
	sample time= 0.32559704780578613
	self.n= 0.33436264083753364
	RGN updated loss=-9.90714237412618,dloss=-4.242513149677052e-07
step= 523

nparam= 1004
	dense amplitude time= 0.01671314239501953
	total non-zero amplitudes= 4900
	nsamples per process= 50
	sample time= 1.619640588760376
	self.n= 0.3343626408375334
	collect g,h time= 2.5851502418518066
E=-9.907142374126181,dE=-4.24251316744062e-07,std=0
L=-9.907142374126181,dL=-4.24251316744062e-07,std=0
	gnorm= 2.3444251905070887e-05
	symmetric= True
	solver time=0.010735511779785156,exit status=0
	SR solver time= 0.01080775260925293
	symmetric= False
	niter= 32
	niter= 319
	solver time=0.07956933975219727,exit status=0
	RGN solver time= 0.07960653305053711
	xnorm=7.136536236543546,dnorm=0.014256651331982706
	dense amplitude time= 0.01785421371459961
	total non-zero amplitudes= 4900
	nsamples per process= 50
	sample time= 0.3296685218811035
	self.n= 0.33431134854605704
	RGN updated loss=-9.907142794951763,dloss=-4.2082558238121237e-07
step= 524

nparam= 1004
	dense amplitude time= 0.01772284507751465
	total non-zero amplitudes= 4900
	nsamples per process= 50
	sample time= 1.6625900268554688
	self.n= 0.3343113485460568
	collect g,h time= 2.3867428302764893
E=-9.907142794951763,dE=-4.2082558238121237e-07,std=0
L=-9.907142794951763,dL=-4.2082558238121237e-07,std=0
	gnorm= 2.3187535584191e-05
	symmetric= True
	solver time=0.006374835968017578,exit status=0
	SR solver time= 0.006420612335205078
	symmetric= False
	niter= 32
	niter= 322
	solver time=0.07816576957702637,exit status=0
	RGN solver time= 0.07821321487426758
	xnorm=7.136292271132956,dnorm=0.01414472634326272
	dense amplitude time= 0.01739192008972168
	total non-zero amplitudes= 4900
	nsamples per process= 50
	sample time= 0.3135695457458496
	self.n= 0.3342584510446107
	RGN updated loss=-9.907143208103328,dloss=-4.131515645156014e-07
step= 525

nparam= 1004
	dense amplitude time= 0.018697500228881836
	total non-zero amplitudes= 4900
	nsamples per process= 50
	sample time= 1.624464988708496
	self.n= 0.3342584510446107
	collect g,h time= 2.885270833969116
E=-9.907143208103328,dE=-4.131515645156014e-07,std=0
L=-9.907143208103328,dL=-4.131515645156014e-07,std=0
	gnorm= 2.33630237497713e-05
	symmetric= True
	solver time=0.007108449935913086,exit status=0
	SR solver time= 0.0071489810943603516
	symmetric= False
	niter= 31
	niter= 319
	solver time=0.10901260375976562,exit status=0
	RGN solver time= 0.10905909538269043
	xnorm=7.136068681797464,dnorm=0.014052043293599784
	dense amplitude time= 0.019982337951660156
	total non-zero amplitudes= 4900
	nsamples per process= 50
	sample time= 0.3245065212249756
	self.n= 0.3342111687447449
	RGN updated loss=-9.90714361665501,dloss=-4.085516813745471e-07
step= 526

nparam= 1004
	dense amplitude time= 0.17148184776306152
	total non-zero amplitudes= 4900
	nsamples per process= 50
	sample time= 1.639667272567749
	self.n= 0.33421116874474477
	collect g,h time= 2.567638635635376
E=-9.907143616655011,dE=-4.0855168315090395e-07,std=0
L=-9.907143616655011,dL=-4.0855168315090395e-07,std=0
	gnorm= 2.2093222007210538e-05
	symmetric= True
	solver time=0.021019697189331055,exit status=0
	SR solver time= 0.02106499671936035
	symmetric= False
	niter= 32
	niter= 321
	solver time=0.11359095573425293,exit status=0
	RGN solver time= 0.11363029479980469
	xnorm=7.135858732248034,dnorm=0.013955353454712474
	dense amplitude time= 0.017591476440429688
	total non-zero amplitudes= 4900
	nsamples per process= 50
	sample time= 0.3170900344848633
	self.n= 0.3341666534162319
	RGN updated loss=-9.907144019604898,dloss=-4.0294988679079324e-07
step= 527

nparam= 1004
	dense amplitude time= 0.017669677734375
	total non-zero amplitudes= 4900
	nsamples per process= 50
	sample time= 1.595876932144165
	self.n= 0.3341666534162322
	collect g,h time= 2.48437237739563
E=-9.9071440196049,dE=-4.029498885671501e-07,std=0
L=-9.9071440196049,dL=-4.029498885671501e-07,std=0
	gnorm= 8.59961237009781e-05
	symmetric= True
	solver time=0.007048368453979492,exit status=0
	SR solver time= 0.007094621658325195
	symmetric= False
	niter= 43
	niter= 281
	solver time=0.06747817993164062,exit status=0
	RGN solver time= 0.0675199031829834
	xnorm=7.135657579381066,dnorm=0.013863731952256129
	dense amplitude time= 0.01624131202697754
	total non-zero amplitudes= 4900
	nsamples per process= 50
	sample time= 0.3043482303619385
	self.n= 0.33412826644799604
	RGN updated loss=-9.907144412138683,dloss=-3.925337832555442e-07
step= 528

nparam= 1004
	dense amplitude time= 0.018280744552612305
	total non-zero amplitudes= 4900
	nsamples per process= 50
	sample time= 1.6198420524597168
	self.n= 0.3341282664479964
	collect g,h time= 2.4851479530334473
E=-9.907144412138683,dE=-3.925337832555442e-07,std=0
L=-9.907144412138683,dL=-3.925337832555442e-07,std=0
	gnorm= 5.244041457753701e-05
	symmetric= True
	solver time=0.008786916732788086,exit status=0
	SR solver time= 0.008823871612548828
	symmetric= False
	niter= 39
	niter= 305
	solver time=0.10316729545593262,exit status=0
	RGN solver time= 0.10320782661437988
	xnorm=7.135504313529569,dnorm=0.013794141345393604
	dense amplitude time= 0.01979827880859375
	total non-zero amplitudes= 4900
	nsamples per process= 50
	sample time= 0.32630395889282227
	self.n= 0.33409014578987195
	RGN updated loss=-9.907144810527562,dloss=-3.983888792191692e-07
step= 529

nparam= 1004
	dense amplitude time= 0.16052031517028809
	total non-zero amplitudes= 4900
	nsamples per process= 50
	sample time= 1.631572961807251
	self.n= 0.33409014578987195
	collect g,h time= 2.876066207885742
E=-9.907144810527559,dE=-3.9838887566645553e-07,std=0
L=-9.907144810527559,dL=-3.9838887566645553e-07,std=0
	gnorm= 8.301567423683489e-05
	symmetric= True
	solver time=0.006761074066162109,exit status=0
	SR solver time= 0.00680232048034668
	symmetric= False
	niter= 43
	niter= 281
	solver time=0.0649724006652832,exit status=0
	RGN solver time= 0.06501197814941406
	xnorm=7.135297272952404,dnorm=0.01369802666773114
	dense amplitude time= 0.01748347282409668
	total non-zero amplitudes= 4900
	nsamples per process= 50
	sample time= 0.3239748477935791
	self.n= 0.3340517293065345
	RGN updated loss=-9.907145193435987,dloss=-3.829084285200679e-07
step= 530

nparam= 1004
	dense amplitude time= 0.01920294761657715
	total non-zero amplitudes= 4900
	nsamples per process= 50
	sample time= 1.6284778118133545
	self.n= 0.3340517293065345
	collect g,h time= 2.5559277534484863
E=-9.907145193435987,dE=-3.829084285200679e-07,std=0
L=-9.907145193435987,dL=-3.829084285200679e-07,std=0
	gnorm= 5.288049226117187e-05
	symmetric= True
	solver time=0.00756072998046875,exit status=0
	SR solver time= 0.007632017135620117
	niter= 40
	symmetric= False
	niter= 302
	solver time=0.07692742347717285,exit status=0
	RGN solver time= 0.07696914672851562
	xnorm=7.135151318497391,dnorm=0.013623006345468626
	dense amplitude time= 0.01756143569946289
	total non-zero amplitudes= 4900
	nsamples per process= 50
	sample time= 0.323652982711792
	self.n= 0.33400950838890897
	RGN updated loss=-9.907145581557765,dloss=-3.881217782719659e-07
step= 531

nparam= 1004
	dense amplitude time= 0.017563819885253906
	total non-zero amplitudes= 4900
	nsamples per process= 50
	sample time= 1.6369104385375977
	self.n= 0.3340095083889087
	collect g,h time= 2.414598226547241
E=-9.907145581557764,dE=-3.881217764956091e-07,std=0
L=-9.907145581557764,dL=-3.881217764956091e-07,std=0
	gnorm= 1.9951391611206058e-05
	symmetric= True
	solver time=0.005926847457885742,exit status=0
	SR solver time= 0.005970478057861328
	symmetric= False
	niter= 31
	niter= 327
	solver time=0.07796669006347656,exit status=0
	RGN solver time= 0.07801580429077148
	xnorm=7.134986766563207,dnorm=0.013540653435301194
	dense amplitude time= 0.017475128173828125
	total non-zero amplitudes= 4900
	nsamples per process= 50
	sample time= 0.3189260959625244
	self.n= 0.33396341220272446
	RGN updated loss=-9.907145960885083,dloss=-3.793273197771896e-07
step= 532

nparam= 1004
	dense amplitude time= 0.017714262008666992
	total non-zero amplitudes= 4900
	nsamples per process= 50
	sample time= 1.6245806217193604
	self.n= 0.3339634122027245
	collect g,h time= 2.75374698638916
E=-9.907145960885083,dE=-3.793273197771896e-07,std=0
L=-9.907145960885083,dL=-3.793273197771896e-07,std=0
	gnorm= 1.934991741586722e-05
	symmetric= True
	solver time=0.0058820247650146484,exit status=0
	SR solver time= 0.005921602249145508
	symmetric= False
	niter= 30
	niter= 329
	solver time=0.11286735534667969,exit status=0
	RGN solver time= 0.11290645599365234
	xnorm=7.134842755868803,dnorm=0.013447281042921025
	dense amplitude time= 0.020592212677001953
	total non-zero amplitudes= 4900
	nsamples per process= 50
	sample time= 0.3131856918334961
	self.n= 0.33392315801359174
	RGN updated loss=-9.90714633392603,dloss=-3.7304094746559713e-07
step= 533

nparam= 1004
	dense amplitude time= 0.09528970718383789
	total non-zero amplitudes= 4900
	nsamples per process= 50
	sample time= 1.6251215934753418
	self.n= 0.33392315801359207
	collect g,h time= 2.4938299655914307
E=-9.907146333926033,dE=-3.7304094924195397e-07,std=0
L=-9.907146333926033,dL=-3.7304094924195397e-07,std=0
	gnorm= 4.298321102983828e-05
	symmetric= True
	solver time=0.0064542293548583984,exit status=0
	SR solver time= 0.006499052047729492
	symmetric= False
	niter= 40
	niter= 310
	solver time=0.0746767520904541,exit status=0
	RGN solver time= 0.0747215747833252
	xnorm=7.134732843776355,dnorm=0.013384175158089468
	dense amplitude time= 0.018103837966918945
	total non-zero amplitudes= 4900
	nsamples per process= 50
	sample time= 0.32114338874816895
	self.n= 0.333888669642868
	RGN updated loss=-9.907146700610443,dloss=-3.666844108352052e-07
step= 534

nparam= 1004
	dense amplitude time= 0.0178985595703125
	total non-zero amplitudes= 4900
	nsamples per process= 50
	sample time= 1.6881554126739502
	self.n= 0.33388866964286856
	collect g,h time= 2.770232915878296
E=-9.907146700610443,dE=-3.666844108352052e-07,std=0
L=-9.907146700610443,dL=-3.666844108352052e-07,std=0
	gnorm= 3.2300552354733694e-05
	symmetric= True
	solver time=0.011704444885253906,exit status=0
	SR solver time= 0.011745214462280273
	symmetric= False
	niter= 38
	solver time=0.09746932983398438,exit status=0
	RGN solver time= 0.09751462936401367
	xnorm=7.134643934652875,dnorm=0.013282754842969776
	niter= 312
	dense amplitude time= 0.01752495765686035
	total non-zero amplitudes= 4900
	nsamples per process= 50
	sample time= 0.3101775646209717
	self.n= 0.3338482919208949
	RGN updated loss=-9.90714706816964,dloss=-3.675591973006931e-07
step= 535

nparam= 1004
	dense amplitude time= 0.01794123649597168
	total non-zero amplitudes= 4900
	nsamples per process= 50
	sample time= 1.7384247779846191
	self.n= 0.3338482919208953
	collect g,h time= 2.829190492630005
E=-9.907147068169644,dE=-3.6755920085340676e-07,std=0
L=-9.907147068169644,dL=-3.6755920085340676e-07,std=0
	gnorm= 1.815664967638592e-05
	symmetric= True
	solver time=0.005609035491943359,exit status=0
	SR solver time= 0.00564885139465332
	symmetric= False
	niter= 29
	niter= 331
	solver time=0.10459041595458984,exit status=0
	RGN solver time= 0.10463500022888184
	xnorm=7.134552638915553,dnorm=0.013195526128719107
	dense amplitude time= 0.017688274383544922
	total non-zero amplitudes= 4900
	nsamples per process= 50
	sample time= 0.32497334480285645
	self.n= 0.33380902960698594
	RGN updated loss=-9.90714742840928,dloss=-3.602396354551729e-07
step= 536

nparam= 1004
	dense amplitude time= 0.07367849349975586
	total non-zero amplitudes= 4900
	nsamples per process= 50
	sample time= 1.6721978187561035
	self.n= 0.3338090296069857
	collect g,h time= 2.703244209289551
E=-9.907147428409282,dE=-3.6023963723152974e-07,std=0
L=-9.907147428409282,dL=-3.6023963723152974e-07,std=0
	gnorm= 4.107388986475333e-05
	symmetric= True
	solver time=0.007253408432006836,exit status=0
	SR solver time= 0.00729680061340332
	symmetric= False
	niter= 40
	niter= 311
	solver time=0.0778505802154541,exit status=0
	RGN solver time= 0.07789397239685059
	xnorm=7.134484768982814,dnorm=0.013134134654105343
	dense amplitude time= 0.017396211624145508
	total non-zero amplitudes= 4900
	nsamples per process= 50
	sample time= 0.3107948303222656
	self.n= 0.3337764266958193
	RGN updated loss=-9.907147780774798,dloss=-3.5236551632067403e-07
step= 537

nparam= 1004
	dense amplitude time= 0.017223834991455078
	total non-zero amplitudes= 4900
	nsamples per process= 50
	sample time= 1.554856538772583
	self.n= 0.33377642669581936
	collect g,h time= 2.5095672607421875
E=-9.9071477807748,dE=-3.5236551809703087e-07,std=0
L=-9.9071477807748,dL=-3.5236551809703087e-07,std=0
	gnorm= 5.818646910615429e-05
	symmetric= True
	solver time=0.008370399475097656,exit status=0
	SR solver time= 0.00845479965209961
	symmetric= False
	niter= 42
	niter= 294
	solver time=0.08340978622436523,exit status=0
	RGN solver time= 0.0834493637084961
	xnorm=7.134441223449801,dnorm=0.013027082123349415
	dense amplitude time= 0.016759395599365234
	total non-zero amplitudes= 4900
	nsamples per process= 50
	sample time= 0.30316162109375
	self.n= 0.3337372841517497
	RGN updated loss=-9.9071481318472,dloss=-3.510723995958642e-07
step= 538

nparam= 1004
	dense amplitude time= 0.016329050064086914
	total non-zero amplitudes= 4900
	nsamples per process= 50
	sample time= 1.5108180046081543
	self.n= 0.3337372841517498
	collect g,h time= 2.5384490489959717
E=-9.907148131847196,dE=-3.5107239604315055e-07,std=0
L=-9.907148131847196,dL=-3.5107239604315055e-07,std=0
	gnorm= 3.821447347187805e-05
	symmetric= True
	solver time=0.006015777587890625,exit status=0
	SR solver time= 0.006066322326660156
	symmetric= False
	niter= 38
	niter= 312
	solver time=0.09089541435241699,exit status=0
	RGN solver time= 0.09094691276550293
	xnorm=7.1344314836862415,dnorm=0.012979542150653693
	dense amplitude time= 0.017095088958740234
	total non-zero amplitudes= 4900
	nsamples per process= 50
	sample time= 0.31624817848205566
	self.n= 0.3336980468196189
	RGN updated loss=-9.907148482963926,dloss=-3.511167303571483e-07
step= 539

nparam= 1004
	dense amplitude time= 0.01701521873474121
	total non-zero amplitudes= 4900
	nsamples per process= 50
	sample time= 1.5137221813201904
	self.n= 0.33369804681961845
	collect g,h time= 2.4275588989257812
E=-9.907148482963926,dE=-3.511167303571483e-07,std=0
L=-9.907148482963926,dL=-3.511167303571483e-07,std=0
	gnorm= 5.309673384152065e-05
	symmetric= True
	solver time=0.01475071907043457,exit status=0
	SR solver time= 0.01482701301574707
	symmetric= False
	niter= 40
	niter= 299
	solver time=0.06951189041137695,exit status=0
	RGN solver time= 0.06955456733703613
	xnorm=7.134382460687773,dnorm=0.012878289575644235
	dense amplitude time= 0.017411231994628906
	total non-zero amplitudes= 4900
	nsamples per process= 50
	sample time= 0.2996492385864258
	self.n= 0.33365988188494305
	RGN updated loss=-9.90714882266221,dloss=-3.3969828372448774e-07
step= 540

nparam= 1004
	dense amplitude time= 0.017558574676513672
	total non-zero amplitudes= 4900
	nsamples per process= 50
	sample time= 1.5437347888946533
	self.n= 0.33365988188494344
	collect g,h time= 2.405790328979492
E=-9.907148822662208,dE=-3.396982819481309e-07,std=0
L=-9.907148822662208,dL=-3.396982819481309e-07,std=0
	gnorm= 3.955758193877235e-05
	symmetric= True
	solver time=0.006881237030029297,exit status=0
	SR solver time= 0.006921529769897461
	symmetric= False
	niter= 38
	niter= 310
	solver time=0.07230710983276367,exit status=0
	RGN solver time= 0.07235360145568848
	xnorm=7.13439966724977,dnorm=0.012818612333108026
	dense amplitude time= 0.016707181930541992
	total non-zero amplitudes= 4900
	nsamples per process= 50
	sample time= 0.30184483528137207
	self.n= 0.33362567319290815
	RGN updated loss=-9.907149165240956,dloss=-3.425787475919151e-07
step= 541

nparam= 1004
	dense amplitude time= 0.01730942726135254
	total non-zero amplitudes= 4900
	nsamples per process= 50
	sample time= 1.5805232524871826
	self.n= 0.3336256731929079
	collect g,h time= 2.43904447555542
E=-9.907149165240957,dE=-3.4257874936827193e-07,std=0
L=-9.907149165240957,dL=-3.4257874936827193e-07,std=0
	gnorm= 2.0412500317708345e-05
	symmetric= True
	solver time=0.00606846809387207,exit status=0
	SR solver time= 0.006108760833740234
	symmetric= False
	niter= 34
	solver time=0.07558178901672363,exit status=0
	RGN solver time= 0.0756223201751709
	xnorm=7.134376020754021,dnorm=0.012723029343790396
	niter= 330
	dense amplitude time= 0.016831398010253906
	total non-zero amplitudes= 4900
	nsamples per process= 50
	sample time= 0.30028200149536133
	self.n= 0.3335933698111256
	RGN updated loss=-9.907149499311219,dloss=-3.340702612320001e-07
step= 542

nparam= 1004
	dense amplitude time= 0.016477584838867188
	total non-zero amplitudes= 4900
	nsamples per process= 50
	sample time= 1.5253105163574219
	self.n= 0.33359336981112564
	collect g,h time= 2.439415216445923
E=-9.907149499311217,dE=-3.340702594556433e-07,std=0
L=-9.907149499311217,dL=-3.340702594556433e-07,std=0
	gnorm= 6.092631452485667e-05
	symmetric= True
	solver time=0.0066950321197509766,exit status=0
	SR solver time= 0.0067365169525146484
	symmetric= False
	niter= 43
	niter= 287
	solver time=0.06865262985229492,exit status=0
	RGN solver time= 0.06869292259216309
	xnorm=7.134384702668915,dnorm=0.012664572066788138
	dense amplitude time= 0.017574071884155273
	total non-zero amplitudes= 4900
	nsamples per process= 50
	sample time= 0.3276042938232422
	self.n= 0.3335623719964762
	RGN updated loss=-9.907149823691539,dloss=-3.243803217145569e-07
step= 543

nparam= 1004
	dense amplitude time= 0.054572105407714844
	total non-zero amplitudes= 4900
	nsamples per process= 50
	sample time= 1.6224420070648193
	self.n= 0.3335623719964762
	collect g,h time= 2.745321035385132
E=-9.907149823691539,dE=-3.243803217145569e-07,std=0
L=-9.907149823691539,dL=-3.243803217145569e-07,std=0
	gnorm= 4.772565904473676e-05
	symmetric= True
	solver time=0.009379863739013672,exit status=0
	SR solver time= 0.009419441223144531
	symmetric= False
	niter= 42
	niter= 307
	solver time=0.08990311622619629,exit status=0
	RGN solver time= 0.08994603157043457
	xnorm=7.134441668364659,dnorm=0.012600548528444836
	dense amplitude time= 0.01862192153930664
	total non-zero amplitudes= 4900
	nsamples per process= 50
	sample time= 0.3193039894104004
	self.n= 0.33352737282399614
	RGN updated loss=-9.907150153568653,dloss=-3.2987711406917697e-07
step= 544

nparam= 1004
	dense amplitude time= 0.01694011688232422
	total non-zero amplitudes= 4900
	nsamples per process= 50
	sample time= 1.5605394840240479
	self.n= 0.33352737282399625
	collect g,h time= 2.7478585243225098
E=-9.90715015356865,dE=-3.2987711229282013e-07,std=0
L=-9.90715015356865,dL=-3.2987711229282013e-07,std=0
	gnorm= 2.6475591245758525e-05
	symmetric= True
	solver time=0.008038520812988281,exit status=0
	SR solver time= 0.008078575134277344
	symmetric= False
	niter= 38
	niter= 316
	solver time=0.09630846977233887,exit status=0
	RGN solver time= 0.09636163711547852
	xnorm=7.134475355163603,dnorm=0.012508680386055493
	dense amplitude time= 0.016008853912353516
	total non-zero amplitudes= 4900
	nsamples per process= 50
	sample time= 0.28682827949523926
	self.n= 0.33349532132107573
	RGN updated loss=-9.907150477091717,dloss=-3.2352306611471704e-07
step= 545

nparam= 1004
	dense amplitude time= 0.023045778274536133
	total non-zero amplitudes= 4900
	nsamples per process= 50
	sample time= 1.7279603481292725
	self.n= 0.3334953213210763
	collect g,h time= 2.516972541809082
E=-9.907150477091715,dE=-3.235230643383602e-07,std=0
L=-9.907150477091715,dL=-3.235230643383602e-07,std=0
	gnorm= 6.109959853447122e-05
	symmetric= True
	solver time=0.006275653839111328,exit status=0
	SR solver time= 0.006310939788818359
	symmetric= False
	niter= 42
	niter= 287
	solver time=0.0738985538482666,exit status=0
	RGN solver time= 0.07393670082092285
	xnorm=7.134533243663064,dnorm=0.01244094985144473
	dense amplitude time= 0.017518281936645508
	total non-zero amplitudes= 4900
	nsamples per process= 50
	sample time= 0.3025245666503906
	self.n= 0.333461457163525
	RGN updated loss=-9.907150793159131,dloss=-3.1606741579537356e-07
step= 546

nparam= 1004
	dense amplitude time= 0.017572641372680664
	total non-zero amplitudes= 4900
	nsamples per process= 50
	sample time= 1.5088517665863037
	self.n= 0.33346145716352515
	collect g,h time= 2.4508438110351562
E=-9.907150793159131,dE=-3.1606741579537356e-07,std=0
L=-9.907150793159131,dL=-3.1606741579537356e-07,std=0
	gnorm= 4.6252253653069134e-05
	symmetric= True
	solver time=0.0073223114013671875,exit status=0
	SR solver time= 0.007368803024291992
	symmetric= False
	niter= 41
	niter= 310
	solver time=0.07298159599304199,exit status=0
	RGN solver time= 0.07302284240722656
	xnorm=7.1346304498991495,dnorm=0.012377579992136845
	dense amplitude time= 0.016322851181030273
	total non-zero amplitudes= 4900
	nsamples per process= 50
	sample time= 0.2789919376373291
	self.n= 0.3334310190390962
	RGN updated loss=-9.907151109341566,dloss=-3.1618243490072473e-07
step= 547

nparam= 1004
	dense amplitude time= 0.01584768295288086
	total non-zero amplitudes= 4900
	nsamples per process= 50
	sample time= 1.5427658557891846
	self.n= 0.3334310190390966
	collect g,h time= 2.433439254760742
E=-9.907151109341568,dE=-3.1618243667708157e-07,std=0
L=-9.907151109341568,dL=-3.1618243667708157e-07,std=0
	gnorm= 5.909112906877604e-05
	symmetric= True
	solver time=0.017515897750854492,exit status=0
	SR solver time= 0.017559528350830078
	symmetric= False
	niter= 43
	niter= 288
	solver time=0.06981635093688965,exit status=0
	RGN solver time= 0.06986141204833984
	xnorm=7.134704196353728,dnorm=0.01229495316956484
	dense amplitude time= 0.01982855796813965
	total non-zero amplitudes= 4900
	nsamples per process= 50
	sample time= 0.3351879119873047
	self.n= 0.3333963993973062
	RGN updated loss=-9.907151418026059,dloss=-3.0868449130139197e-07
step= 548

nparam= 1004
	dense amplitude time= 0.018479585647583008
	total non-zero amplitudes= 4900
	nsamples per process= 50
	sample time= 1.7551178932189941
	self.n= 0.33339639939730625
	collect g,h time= 2.4258902072906494
E=-9.907151418026057,dE=-3.0868448952503513e-07,std=0
L=-9.907151418026057,dL=-3.0868448952503513e-07,std=0
	gnorm= 4.269326725859217e-05
	symmetric= True
	solver time=0.007185220718383789,exit status=0
	SR solver time= 0.007254838943481445
	symmetric= False
	niter= 40
	niter= 309
	solver time=0.07438516616821289,exit status=0
	RGN solver time= 0.07442760467529297
	xnorm=7.134823941005227,dnorm=0.012208613800698955
	dense amplitude time= 0.017353534698486328
	total non-zero amplitudes= 4900
	nsamples per process= 50
	sample time= 0.3125123977661133
	self.n= 0.3333659684629581
	RGN updated loss=-9.907151728591634,dloss=-3.1056557681097274e-07
step= 549

nparam= 1004
	dense amplitude time= 0.016766786575317383
	total non-zero amplitudes= 4900
	nsamples per process= 50
	sample time= 1.493628740310669
	self.n= 0.33336596846295796
	collect g,h time= 2.430276393890381
E=-9.907151728591634,dE=-3.1056557681097274e-07,std=0
L=-9.907151728591634,dL=-3.1056557681097274e-07,std=0
	gnorm= 5.8601517746465035e-05
	symmetric= True
	solver time=0.007904529571533203,exit status=0
	SR solver time= 0.007941722869873047
	symmetric= False
	niter= 42
	niter= 287
	solver time=0.06725311279296875,exit status=0
	RGN solver time= 0.06729269027709961
	xnorm=7.134917743322992,dnorm=0.012141030353558875
	dense amplitude time= 0.016548633575439453
	total non-zero amplitudes= 4900
	nsamples per process= 50
	sample time= 0.26207613945007324
	self.n= 0.3333305387707512
	RGN updated loss=-9.907152028215528,dloss=-2.9962389369586617e-07
step= 550

nparam= 1004
	dense amplitude time= 0.015299081802368164
	total non-zero amplitudes= 4900
	nsamples per process= 50
	sample time= 1.4302048683166504
	self.n= 0.33333053877075114
	collect g,h time= 2.4281413555145264
E=-9.907152028215526,dE=-2.9962389191950933e-07,std=0
L=-9.907152028215526,dL=-2.9962389191950933e-07,std=0
	gnorm= 4.292754122541068e-05
	symmetric= True
	solver time=0.006444454193115234,exit status=0
	SR solver time= 0.006482124328613281
	symmetric= False
	niter= 40
	niter= 309
	solver time=0.07248640060424805,exit status=0
	RGN solver time= 0.07253265380859375
	xnorm=7.135063813093551,dnorm=0.012063149688418906
	dense amplitude time= 0.01904129981994629
	total non-zero amplitudes= 4900
	nsamples per process= 50
	sample time= 0.32862329483032227
	self.n= 0.33329966467011474
	RGN updated loss=-9.90715233162039,dloss=-3.034048638994591e-07
step= 551

nparam= 1004
	dense amplitude time= 0.018659591674804688
	total non-zero amplitudes= 4900
	nsamples per process= 50
	sample time= 1.6887073516845703
	self.n= 0.3332996646701146
	collect g,h time= 2.5053720474243164
E=-9.907152331620392,dE=-3.0340486567581593e-07,std=0
L=-9.907152331620392,dL=-3.0340486567581593e-07,std=0
	gnorm= 5.950539750310239e-05
	symmetric= True
	solver time=0.008129596710205078,exit status=0
	SR solver time= 0.008168458938598633
	symmetric= False
	niter= 43
	niter= 285
	solver time=0.07002115249633789,exit status=0
	RGN solver time= 0.07006478309631348
	xnorm=7.135181488895737,dnorm=0.011996860158071004
	dense amplitude time= 0.014974355697631836
	total non-zero amplitudes= 4900
	nsamples per process= 50
	sample time= 0.2614016532897949
	self.n= 0.3332638181240526
	RGN updated loss=-9.907152624462151,dloss=-2.9284175973032234e-07
step= 552

nparam= 1004
	dense amplitude time= 0.015264272689819336
	total non-zero amplitudes= 4900
	nsamples per process= 50
	sample time= 1.387171983718872
	self.n= 0.3332638181240529
	collect g,h time= 2.5191688537597656
E=-9.907152624462151,dE=-2.9284175973032234e-07,std=0
L=-9.907152624462151,dL=-2.9284175973032234e-07,std=0
	gnorm= 4.142922500519378e-05
	symmetric= True
	solver time=0.0068552494049072266,exit status=0
	SR solver time= 0.006899595260620117
	symmetric= False
	niter= 40
	niter= 310
	solver time=0.07490229606628418,exit status=0
	RGN solver time= 0.07494544982910156
	xnorm=7.135353140688116,dnorm=0.011926725270672634
	dense amplitude time= 0.01578688621520996
	total non-zero amplitudes= 4900
	nsamples per process= 50
	sample time= 0.27908825874328613
	self.n= 0.3332296083240673
	RGN updated loss=-9.907152922600046,dloss=-2.9813789481636377e-07
step= 553

nparam= 1004
	dense amplitude time= 0.016201496124267578
	total non-zero amplitudes= 4900
	nsamples per process= 50
	sample time= 1.6136996746063232
	self.n= 0.3332296083240678
	collect g,h time= 2.414799213409424
E=-9.907152922600046,dE=-2.9813789481636377e-07,std=0
L=-9.907152922600046,dL=-2.9813789481636377e-07,std=0
	gnorm= 0.00018832278716369386
	symmetric= True
	solver time=0.00820159912109375,exit status=0
	SR solver time= 0.008245468139648438
	symmetric= False
	niter= 47
	niter= 250
	solver time=0.06933903694152832,exit status=0
	RGN solver time= 0.06938552856445312
	xnorm=7.135494741325231,dnorm=0.011877204000508935
	dense amplitude time= 0.01812124252319336
	total non-zero amplitudes= 4900
	nsamples per process= 50
	sample time= 0.32654476165771484
	self.n= 0.3331908103017931
	RGN updated loss=-9.90715319719691,dloss=-2.745968643580454e-07
step= 554

nparam= 1004
	dense amplitude time= 0.183882474899292
	total non-zero amplitudes= 4900
	nsamples per process= 50
	sample time= 1.648977279663086
	self.n= 0.3331908103017932
	collect g,h time= 2.858825206756592
E=-9.90715319719691,dE=-2.745968643580454e-07,std=0
L=-9.90715319719691,dL=-2.745968643580454e-07,std=0
	gnorm= 8.428365976136886e-05
	symmetric= True
	solver time=0.008491039276123047,exit status=0
	SR solver time= 0.008530378341674805
	symmetric= False
	niter= 43
	niter= 281
	solver time=0.06921863555908203,exit status=0
	RGN solver time= 0.0692605972290039
	xnorm=7.135680380460322,dnorm=0.011797515043744473
	dense amplitude time= 0.016353130340576172
	total non-zero amplitudes= 4900
	nsamples per process= 50
	sample time= 0.2866685390472412
	self.n= 0.3331583810818759
	RGN updated loss=-9.907153496091128,dloss=-2.988942178205889e-07
step= 555

nparam= 1004
	dense amplitude time= 0.016615867614746094
	total non-zero amplitudes= 4900
	nsamples per process= 50
	sample time= 1.5328166484832764
	self.n= 0.3331583810818757
	collect g,h time= 2.417806386947632
E=-9.907153496091125,dE=-2.988942142678752e-07,std=0
L=-9.907153496091125,dL=-2.988942142678752e-07,std=0
	gnorm= 5.968100003812767e-05
	symmetric= True
	solver time=0.006734132766723633,exit status=0
	SR solver time= 0.006772756576538086
	symmetric= False
	niter= 43
	niter= 285
	solver time=0.06817770004272461,exit status=0
	RGN solver time= 0.0682222843170166
	xnorm=7.135859930467845,dnorm=0.011711502661173715
	dense amplitude time= 0.01726245880126953
	total non-zero amplitudes= 4900
	nsamples per process= 50
	sample time= 0.3101537227630615
	self.n= 0.33312553926957417
	RGN updated loss=-9.907153774872969,dloss=-2.78781843832121e-07
step= 556

nparam= 1004
	dense amplitude time= 0.016959428787231445
	total non-zero amplitudes= 4900
	nsamples per process= 50
	sample time= 1.5541675090789795
	self.n= 0.33312553926957433
	collect g,h time= 2.6125192642211914
E=-9.907153774872967,dE=-2.7878184205576417e-07,std=0
L=-9.907153774872967,dL=-2.7878184205576417e-07,std=0
	gnorm= 0.00018348967293245575
	symmetric= True
	solver time=0.006230592727661133,exit status=0
	SR solver time= 0.0062694549560546875
	symmetric= False
	niter= 47
	niter= 250
	solver time=0.06730985641479492,exit status=0
	RGN solver time= 0.06735086441040039
	xnorm=7.136087418021776,dnorm=0.011665314847558115
	dense amplitude time= 0.016531705856323242
	total non-zero amplitudes= 4900
	nsamples per process= 50
	sample time= 0.30112171173095703
	self.n= 0.3330853024314594
	RGN updated loss=-9.907154048627046,dloss=-2.7375407896101933e-07
step= 557

nparam= 1004
	dense amplitude time= 0.031198740005493164
	total non-zero amplitudes= 4900
	nsamples per process= 50
	sample time= 1.5558648109436035
	self.n= 0.33308530243145884
	collect g,h time= 2.6335132122039795
E=-9.90715404862705,dE=-2.73754082513733e-07,std=0
L=-9.90715404862705,dL=-2.73754082513733e-07,std=0
	gnorm= 7.571321683479381e-05
	symmetric= True
	solver time=0.0068132877349853516,exit status=0
	SR solver time= 0.0068476200103759766
	symmetric= False
	niter= 42
	niter= 281
	solver time=0.08172798156738281,exit status=0
	RGN solver time= 0.08176803588867188
	xnorm=7.136269812654319,dnorm=0.011579693842573383
	dense amplitude time= 0.01779770851135254
	total non-zero amplitudes= 4900
	nsamples per process= 50
	sample time= 0.3103320598602295
	self.n= 0.3330536131025249
	RGN updated loss=-9.907154334194125,dloss=-2.8556707576399276e-07
step= 558

nparam= 1004
	dense amplitude time= 0.06354808807373047
	total non-zero amplitudes= 4900
	nsamples per process= 50
	sample time= 1.5487446784973145
	self.n= 0.33305361310252485
	collect g,h time= 2.63871693611145
E=-9.907154334194123,dE=-2.855670739876359e-07,std=0
L=-9.907154334194123,dL=-2.855670739876359e-07,std=0
	gnorm= 2.599750193545205e-05
	symmetric= True
	solver time=0.007262706756591797,exit status=0
	SR solver time= 0.007300853729248047
	symmetric= False
	niter= 39
	niter= 312
	solver time=0.09566903114318848,exit status=0
	RGN solver time= 0.0957179069519043
	xnorm=7.136503792668801,dnorm=0.011499608618828653
	dense amplitude time= 0.017525672912597656
	total non-zero amplitudes= 4900
	nsamples per process= 50
	sample time= 0.2914299964904785
	self.n= 0.333007178335183
	RGN updated loss=-9.907154603912458,dloss=-2.6971833477773544e-07
step= 559

nparam= 1004
	dense amplitude time= 0.07628107070922852
	total non-zero amplitudes= 4900
	nsamples per process= 50
	sample time= 1.6012649536132812
	self.n= 0.3330071783351825
	collect g,h time= 2.6663401126861572
E=-9.907154603912456,dE=-2.697183330013786e-07,std=0
L=-9.907154603912456,dL=-2.697183330013786e-07,std=0
	gnorm= 0.00018524239834201106
	symmetric= True
	solver time=0.0070726871490478516,exit status=0
	SR solver time= 0.007113933563232422
	symmetric= False
	niter= 47
	niter= 250
	solver time=0.07694625854492188,exit status=0
	RGN solver time= 0.07699918746948242
	xnorm=7.1367482290712925,dnorm=0.011453021034923181
	dense amplitude time= 0.016608715057373047
	total non-zero amplitudes= 4900
	nsamples per process= 50
	sample time= 0.30798840522766113
	self.n= 0.33297792360487144
	RGN updated loss=-9.907154865794224,dloss=-2.618817678268215e-07
step= 560

nparam= 1004
	dense amplitude time= 0.0656123161315918
	total non-zero amplitudes= 4900
	nsamples per process= 50
	sample time= 1.521921157836914
	self.n= 0.3329779236048713
	collect g,h time= 2.5513336658477783
E=-9.907154865794224,dE=-2.618817678268215e-07,std=0
L=-9.907154865794224,dL=-2.618817678268215e-07,std=0
	gnorm= 8.021549266245908e-05
	symmetric= True
	solver time=0.007500648498535156,exit status=0
	SR solver time= 0.00754547119140625
	symmetric= False
	niter= 43
	niter= 280
	solver time=0.08360147476196289,exit status=0
	RGN solver time= 0.08364486694335938
	xnorm=7.136987409855931,dnorm=0.011373755122441539
	dense amplitude time= 0.01692485809326172
	total non-zero amplitudes= 4900
	nsamples per process= 50
	sample time= 0.292738676071167
	self.n= 0.33293575512583923
	RGN updated loss=-9.907155139883306,dloss=-2.740890820973618e-07
step= 561

nparam= 1004
	dense amplitude time= 0.01633286476135254
	total non-zero amplitudes= 4900
	nsamples per process= 50
	sample time= 1.6024458408355713
	self.n= 0.3329357551258392
	collect g,h time= 2.445375919342041
E=-9.907155139883306,dE=-2.740890820973618e-07,std=0
L=-9.907155139883306,dL=-2.740890820973618e-07,std=0
	gnorm= 0.0001734139945936654
	symmetric= True
	solver time=0.008339405059814453,exit status=0
	SR solver time= 0.008379459381103516
	symmetric= False
	niter= 47
	niter= 250
	solver time=0.06270575523376465,exit status=0
	RGN solver time= 0.06274962425231934
	xnorm=7.137263301907182,dnorm=0.01131686099800216
	dense amplitude time= 0.01717972755432129
	total non-zero amplitudes= 4900
	nsamples per process= 50
	sample time= 0.3131399154663086
	self.n= 0.33290558039008744
	RGN updated loss=-9.907155380800143,dloss=-2.40916836702354e-07
step= 562

nparam= 1004
	dense amplitude time= 0.016741275787353516
	total non-zero amplitudes= 4900
	nsamples per process= 50
	sample time= 1.5112111568450928
	self.n= 0.33290558039008755
	collect g,h time= 2.5033538341522217
E=-9.907155380800143,dE=-2.40916836702354e-07,std=0
L=-9.907155380800143,dL=-2.40916836702354e-07,std=0
	gnorm= 0.00018481398846419538
	symmetric= True
	solver time=0.007756233215332031,exit status=0
	SR solver time= 0.007796764373779297
	symmetric= False
	niter= 48
	niter= 250
	solver time=0.07644271850585938,exit status=0
	RGN solver time= 0.07648515701293945
	xnorm=7.1374924762592045,dnorm=0.01126332475538249
	dense amplitude time= 0.01903557777404785
	total non-zero amplitudes= 4900
	nsamples per process= 50
	sample time= 0.30243802070617676
	self.n= 0.3328522631594067
	RGN updated loss=-9.907155648471479,dloss=-2.6767133576299784e-07
step= 563

nparam= 1004
	dense amplitude time= 0.016805171966552734
	total non-zero amplitudes= 4900
	nsamples per process= 50
	sample time= 1.590235710144043
	self.n= 0.3328522631594062
	collect g,h time= 2.483274459838867
E=-9.907155648471477,dE=-2.67671333986641e-07,std=0
L=-9.907155648471477,dL=-2.67671333986641e-07,std=0
	gnorm= 8.189582393987838e-05
	symmetric= True
	solver time=0.006891012191772461,exit status=0
	SR solver time= 0.00693511962890625
	symmetric= False
	niter= 43
	niter= 281
	solver time=0.07008695602416992,exit status=0
	RGN solver time= 0.07014203071594238
	xnorm=7.13776054838977,dnorm=0.011182196536073217
	dense amplitude time= 0.017310380935668945
	total non-zero amplitudes= 4900
	nsamples per process= 50
	sample time= 0.30654215812683105
	self.n= 0.33283317716843375
	RGN updated loss=-9.907155918318576,dloss=-2.698470993323099e-07
step= 564

nparam= 1004
	dense amplitude time= 0.017052888870239258
	total non-zero amplitudes= 4900
	nsamples per process= 50
	sample time= 1.4959332942962646
	self.n= 0.3328331771684334
	collect g,h time= 2.4274954795837402
E=-9.907155918318574,dE=-2.6984709755595304e-07,std=0
L=-9.907155918318574,dL=-2.6984709755595304e-07,std=0
	gnorm= 0.0002739242323874133
	symmetric= True
	solver time=0.006553173065185547,exit status=0
	SR solver time= 0.0066013336181640625
	symmetric= False
	niter= 47
	niter= 243
	solver time=0.06174159049987793,exit status=0
	RGN solver time= 0.06177806854248047
	xnorm=7.138075523547767,dnorm=0.011118405514347549
	dense amplitude time= 0.017876148223876953
	total non-zero amplitudes= 4900
	nsamples per process= 50
	sample time= 0.3031957149505615
	self.n= 0.3327768991220615
	RGN updated loss=-9.907156133912675,dloss=-2.1559410079419195e-07
step= 565

nparam= 1004
	dense amplitude time= 0.017149686813354492
	total non-zero amplitudes= 4900
	nsamples per process= 50
	sample time= 1.5604560375213623
	self.n= 0.33277689912206154
	collect g,h time= 2.4290308952331543
E=-9.907156133912677,dE=-2.1559410257054878e-07,std=0
L=-9.907156133912677,dL=-2.1559410257054878e-07,std=0
	gnorm= 0.00012419960608581096
	symmetric= True
	solver time=0.007371664047241211,exit status=0
	SR solver time= 0.007412433624267578
	symmetric= False
	niter= 46
	niter= 269
	solver time=0.07097601890563965,exit status=0
	RGN solver time= 0.07102084159851074
	xnorm=7.138332830936112,dnorm=0.011077899161698667
	dense amplitude time= 0.016702651977539062
	total non-zero amplitudes= 4900
	nsamples per process= 50
	sample time= 0.2946898937225342
	self.n= 0.33275606496530175
	RGN updated loss=-9.907156419664416,dloss=-2.8575173871558945e-07
step= 566

nparam= 1004
	dense amplitude time= 0.017336130142211914
	total non-zero amplitudes= 4900
	nsamples per process= 50
	sample time= 1.518951416015625
	self.n= 0.33275606496530163
	collect g,h time= 2.4319231510162354
E=-9.907156419664418,dE=-2.857517404919463e-07,std=0
L=-9.907156419664418,dL=-2.857517404919463e-07,std=0
	gnorm= 0.0001775991425015504
	symmetric= True
	solver time=0.007549285888671875,exit status=0
	SR solver time= 0.007593631744384766
	symmetric= False
	niter= 47
	niter= 250
	solver time=0.07881736755371094,exit status=0
	RGN solver time= 0.0788583755493164
	xnorm=7.138663221576979,dnorm=0.010976827492483267
	dense amplitude time= 0.017023801803588867
	total non-zero amplitudes= 4900
	nsamples per process= 50
	sample time= 0.3089613914489746
	self.n= 0.3327059530569764
	RGN updated loss=-9.907156653484613,dloss=-2.3382019520568065e-07
step= 567

nparam= 1004
	dense amplitude time= 0.017271995544433594
	total non-zero amplitudes= 4900
	nsamples per process= 50
	sample time= 1.5238125324249268
	self.n= 0.33270595305697637
	collect g,h time= 2.770616292953491
E=-9.907156653484613,dE=-2.3382019520568065e-07,std=0
L=-9.907156653484613,dL=-2.3382019520568065e-07,std=0
	gnorm= 8.348962889251268e-05
	symmetric= True
	solver time=0.009457588195800781,exit status=0
	SR solver time= 0.009494304656982422
	symmetric= False
	niter= 44
	niter= 280
	solver time=0.09159088134765625,exit status=0
	RGN solver time= 0.09163546562194824
	xnorm=7.1389967221142445,dnorm=0.010922841245555823
	dense amplitude time= 0.019151926040649414
	total non-zero amplitudes= 4900
	nsamples per process= 50
	sample time= 0.3037097454071045
	self.n= 0.33268832809024834
	RGN updated loss=-9.907156910770896,dloss=-2.5728628294530154e-07
step= 568

nparam= 1004
	dense amplitude time= 0.04450392723083496
	total non-zero amplitudes= 4900
	nsamples per process= 50
	sample time= 1.5482323169708252
	self.n= 0.33268832809024884
	collect g,h time= 2.7237353324890137
E=-9.907156910770896,dE=-2.5728628294530154e-07,std=0
L=-9.907156910770896,dL=-2.5728628294530154e-07,std=0
	gnorm= 0.0001820366455635785
	symmetric= True
	solver time=0.009087562561035156,exit status=0
	SR solver time= 0.009128093719482422
	symmetric= False
	niter= 47
	niter= 250
	solver time=0.07329845428466797,exit status=0
	RGN solver time= 0.07333493232727051
	xnorm=7.139364124242444,dnorm=0.010854089250516808
	dense amplitude time= 0.01681804656982422
	total non-zero amplitudes= 4900
	nsamples per process= 50
	sample time= 0.30739307403564453
	self.n= 0.33263840021428415
	RGN updated loss=-9.907157139449268,dloss=-2.2867837223827792e-07
step= 569

nparam= 1004
	dense amplitude time= 0.09863543510437012
	total non-zero amplitudes= 4900
	nsamples per process= 50
	sample time= 1.5744032859802246
	self.n= 0.33263840021428415
	collect g,h time= 2.465977668762207
E=-9.90715713944927,dE=-2.2867837401463476e-07,std=0
L=-9.90715713944927,dL=-2.2867837401463476e-07,std=0
	gnorm= 8.555268839082925e-05
	symmetric= True
	solver time=0.007854938507080078,exit status=0
	SR solver time= 0.00790262222290039
	symmetric= False
	niter= 44
	niter= 280
	solver time=0.07250285148620605,exit status=0
	RGN solver time= 0.07254600524902344
	xnorm=7.139711620089772,dnorm=0.010796667395115693
	dense amplitude time= 0.017628908157348633
	total non-zero amplitudes= 4900
	nsamples per process= 50
	sample time= 0.30498790740966797
	self.n= 0.33261798517321506
	RGN updated loss=-9.907157389848976,dloss=-2.503997063030283e-07
step= 570

nparam= 1004
	dense amplitude time= 0.017303466796875
	total non-zero amplitudes= 4900
	nsamples per process= 50
	sample time= 1.6875431537628174
	self.n= 0.33261798517321534
	collect g,h time= 2.4075303077697754
E=-9.907157389848976,dE=-2.503997063030283e-07,std=0
L=-9.907157389848976,dL=-2.503997063030283e-07,std=0
	gnorm= 0.00018277722299336703
	symmetric= True
	solver time=0.008552312850952148,exit status=0
	SR solver time= 0.008596181869506836
	symmetric= False
	niter= 47
	niter= 250
	solver time=0.060997962951660156,exit status=0
	RGN solver time= 0.06104397773742676
	xnorm=7.140102123230166,dnorm=0.010731526233812304
	dense amplitude time= 0.018765687942504883
	total non-zero amplitudes= 4900
	nsamples per process= 50
	sample time= 0.31926417350769043
	self.n= 0.33257988607407307
	RGN updated loss=-9.90715761637227,dloss=-2.265232943443607e-07
step= 571

nparam= 1004
	dense amplitude time= 0.017830848693847656
	total non-zero amplitudes= 4900
	nsamples per process= 50
	sample time= 1.6595635414123535
	self.n= 0.3325798860740732
	collect g,h time= 2.4538731575012207
E=-9.90715761637227,dE=-2.265232943443607e-07,std=0
L=-9.90715761637227,dL=-2.265232943443607e-07,std=0
	gnorm= 8.276436995037346e-05
	symmetric= True
	solver time=0.007921934127807617,exit status=0
	SR solver time= 0.007963180541992188
	symmetric= False
	niter= 44
	niter= 280
	solver time=0.06986069679260254,exit status=0
	RGN solver time= 0.06990742683410645
	xnorm=7.140462273598975,dnorm=0.010661510949686488
	dense amplitude time= 0.017246723175048828
	total non-zero amplitudes= 4900
	nsamples per process= 50
	sample time= 0.3033616542816162
	self.n= 0.3325426380411335
	RGN updated loss=-9.907157859599053,dloss=-2.4322678271460063e-07
step= 572

nparam= 1004
	dense amplitude time= 0.017670869827270508
	total non-zero amplitudes= 4900
	nsamples per process= 50
	sample time= 1.5260941982269287
	self.n= 0.33254263804113326
	collect g,h time= 2.4220683574676514
E=-9.907157859599053,dE=-2.4322678271460063e-07,std=0
L=-9.907157859599053,dL=-2.4322678271460063e-07,std=0
	gnorm= 1.9255337045042586e-05
	symmetric= True
	solver time=0.00525665283203125,exit status=0
	SR solver time= 0.005295991897583008
	symmetric= False
	niter= 35
	niter= 324
	solver time=0.07332921028137207,exit status=0
	RGN solver time= 0.07337164878845215
	xnorm=7.140875630705294,dnorm=0.010595568940771178
	dense amplitude time= 0.016224384307861328
	total non-zero amplitudes= 4900
	nsamples per process= 50
	sample time= 0.2953531742095947
	self.n= 0.3325087674057791
	RGN updated loss=-9.907158091192477,dloss=-2.3159342354972523e-07
step= 573

nparam= 1004
	dense amplitude time= 0.016978979110717773
	total non-zero amplitudes= 4900
	nsamples per process= 50
	sample time= 1.4501049518585205
	self.n= 0.3325087674057784
	collect g,h time= 2.4266304969787598
E=-9.907158091192477,dE=-2.3159342354972523e-07,std=0
L=-9.907158091192477,dL=-2.3159342354972523e-07,std=0
	gnorm= 1.8847544122543183e-05
	symmetric= True
	solver time=0.005893230438232422,exit status=0
	SR solver time= 0.0059299468994140625
	symmetric= False
	niter= 35
	niter= 327
	solver time=0.08054685592651367,exit status=0
	RGN solver time= 0.08059096336364746
	xnorm=7.1412698530641805,dnorm=0.01051564643101489
	dense amplitude time= 0.015703678131103516
	total non-zero amplitudes= 4900
	nsamples per process= 50
	sample time= 0.28177428245544434
	self.n= 0.3324654765290336
	RGN updated loss=-9.90715831818073,dloss=-2.2698825397071687e-07
step= 574

nparam= 1004
	dense amplitude time= 0.015681982040405273
	total non-zero amplitudes= 4900
	nsamples per process= 50
	sample time= 1.4252045154571533
	self.n= 0.33246547652903347
	collect g,h time= 2.437619686126709
E=-9.907158318180734,dE=-2.2698825752343055e-07,std=0
L=-9.907158318180734,dL=-2.2698825752343055e-07,std=0
	gnorm= 1.6335384461937928e-05
	symmetric= True
	solver time=0.00553441047668457,exit status=0
	SR solver time= 0.005572080612182617
	symmetric= False
	niter= 33
	niter= 336
	solver time=0.08975887298583984,exit status=0
	RGN solver time= 0.0897986888885498
	xnorm=7.141686933995265,dnorm=0.010468263637821619
	dense amplitude time= 0.016248226165771484
	total non-zero amplitudes= 4900
	nsamples per process= 50
	sample time= 0.2933528423309326
	self.n= 0.33242454690269496
	RGN updated loss=-9.907158544498635,dloss=-2.263179013084482e-07
step= 575

nparam= 1004
	dense amplitude time= 0.016432523727416992
	total non-zero amplitudes= 4900
	nsamples per process= 50
	sample time= 1.4831037521362305
	self.n= 0.33242454690269496
	collect g,h time= 2.6031806468963623
E=-9.907158544498635,dE=-2.263179013084482e-07,std=0
L=-9.907158544498635,dL=-2.263179013084482e-07,std=0
	gnorm= 1.913068604003973e-05
	symmetric= True
	solver time=0.005671501159667969,exit status=0
	SR solver time= 0.005743265151977539
	symmetric= False
	niter= 36
	niter= 321
	solver time=0.10006904602050781,exit status=0
	RGN solver time= 0.10010957717895508
	xnorm=7.142094736672942,dnorm=0.010392042918115043
	dense amplitude time= 0.017962932586669922
	total non-zero amplitudes= 4900
	nsamples per process= 50
	sample time= 0.29602694511413574
	self.n= 0.33237790231266595
	RGN updated loss=-9.907158766143688,dloss=-2.216450525338587e-07
step= 576

nparam= 1004
	dense amplitude time= 0.016393423080444336
	total non-zero amplitudes= 4900
	nsamples per process= 50
	sample time= 1.4614274501800537
	self.n= 0.33237790231266606
	collect g,h time= 2.4087045192718506
E=-9.907158766143688,dE=-2.216450525338587e-07,std=0
L=-9.907158766143688,dL=-2.216450525338587e-07,std=0
	gnorm= 1.6805500450673075e-05
	symmetric= True
	solver time=0.00526118278503418,exit status=0
	SR solver time= 0.005302906036376953
	symmetric= False
	niter= 35
	niter= 335
	solver time=0.0810089111328125,exit status=0
	RGN solver time= 0.0810554027557373
	xnorm=7.142523588870527,dnorm=0.01034773355424922
	dense amplitude time= 0.0160677433013916
	total non-zero amplitudes= 4900
	nsamples per process= 50
	sample time= 0.2923431396484375
	self.n= 0.3323365251684818
	RGN updated loss=-9.907158988212261,dloss=-2.2206857330786534e-07
step= 577

nparam= 1004
	dense amplitude time= 0.016143321990966797
	total non-zero amplitudes= 4900
	nsamples per process= 50
	sample time= 1.4669315814971924
	self.n= 0.3323365251684818
	collect g,h time= 2.735034704208374
E=-9.907158988212261,dE=-2.2206857330786534e-07,std=0
L=-9.907158988212261,dL=-2.2206857330786534e-07,std=0
	gnorm= 4.525098967945138e-05
	symmetric= True
	solver time=0.007742166519165039,exit status=0
	SR solver time= 0.007781982421875
	symmetric= False
	niter= 41
	niter= 285
	solver time=0.0999760627746582,exit status=0
	RGN solver time= 0.10001516342163086
	xnorm=7.142945006332056,dnorm=0.010290486798178605
	dense amplitude time= 0.019596576690673828
	total non-zero amplitudes= 4900
	nsamples per process= 50
	sample time= 0.3039109706878662
	self.n= 0.33228497546493174
	RGN updated loss=-9.907159203615244,dloss=-2.1540298256184087e-07
step= 578

nparam= 1004
	dense amplitude time= 0.13280963897705078
	total non-zero amplitudes= 4900
	nsamples per process= 50
	sample time= 1.5918419361114502
	self.n= 0.3322849754649315
	collect g,h time= 2.54453706741333
E=-9.907159203615246,dE=-2.154029843381977e-07,std=0
L=-9.907159203615246,dL=-2.154029843381977e-07,std=0
	gnorm= 3.6354795238781304e-05
	symmetric= True
	solver time=0.005340099334716797,exit status=0
	SR solver time= 0.0053768157958984375
	symmetric= False
	niter= 40
	niter= 300
	solver time=0.07760047912597656,exit status=0
	RGN solver time= 0.07764053344726562
	xnorm=7.143370346043633,dnorm=0.010238329876516244
	dense amplitude time= 0.016533613204956055
	total non-zero amplitudes= 4900
	nsamples per process= 50
	sample time= 0.2949559688568115
	self.n= 0.3322460529369522
	RGN updated loss=-9.907159421263595,dloss=-2.1764834912119113e-07
step= 579

nparam= 1004
	dense amplitude time= 0.016903400421142578
	total non-zero amplitudes= 4900
	nsamples per process= 50
	sample time= 1.5313422679901123
	self.n= 0.332246052936952
	collect g,h time= 2.5557117462158203
E=-9.907159421263593,dE=-2.176483473448343e-07,std=0
L=-9.907159421263593,dL=-2.176483473448343e-07,std=0
	gnorm= 4.3580520167819516e-05
	symmetric= True
	solver time=0.006560087203979492,exit status=0
	SR solver time= 0.006600379943847656
	symmetric= False
	niter= 40
	niter= 286
	solver time=0.06979227066040039,exit status=0
	RGN solver time= 0.06983661651611328
	xnorm=7.1438237329773955,dnorm=0.010173758760068631
	dense amplitude time= 0.0166318416595459
	total non-zero amplitudes= 4900
	nsamples per process= 50
	sample time= 0.30533456802368164
	self.n= 0.3321933983606632
	RGN updated loss=-9.907159632049979,dloss=-2.1078638567928465e-07
step= 580

nparam= 1004
	dense amplitude time= 0.016801834106445312
	total non-zero amplitudes= 4900
	nsamples per process= 50
	sample time= 1.4929070472717285
	self.n= 0.33219339836066286
	collect g,h time= 2.4037630558013916
E=-9.907159632049979,dE=-2.1078638567928465e-07,std=0
L=-9.907159632049979,dL=-2.1078638567928465e-07,std=0
	gnorm= 3.5097528836558176e-05
	symmetric= True
	solver time=0.006136178970336914,exit status=0
	SR solver time= 0.006176471710205078
	symmetric= False
	niter= 39
	niter= 304
	solver time=0.0710287094116211,exit status=0
	RGN solver time= 0.07107782363891602
	xnorm=7.144265292812577,dnorm=0.010125650744705396
	dense amplitude time= 0.016746044158935547
	total non-zero amplitudes= 4900
	nsamples per process= 50
	sample time= 0.29625725746154785
	self.n= 0.3321513682132096
	RGN updated loss=-9.907159845540566,dloss=-2.1349058698660883e-07
step= 581

nparam= 1004
	dense amplitude time= 0.135711669921875
	total non-zero amplitudes= 4900
	nsamples per process= 50
	sample time= 1.4467322826385498
	self.n= 0.33215136821320934
	collect g,h time= 3.0236546993255615
E=-9.907159845540567,dE=-2.1349058876296567e-07,std=0
L=-9.907159845540567,dL=-2.1349058876296567e-07,std=0
	gnorm= 4.5548070047081604e-05
	symmetric= True
	solver time=0.00913858413696289,exit status=0
	SR solver time= 0.009179115295410156
	symmetric= False
	niter= 43
	niter= 296
	solver time=0.10016155242919922,exit status=0
	RGN solver time= 0.10020709037780762
	xnorm=7.144736239219954,dnorm=0.010079318146795423
	dense amplitude time= 0.01753711700439453
	total non-zero amplitudes= 4900
	nsamples per process= 50
	sample time= 0.2972249984741211
	self.n= 0.33209927628898017
	RGN updated loss=-9.907160046642035,dloss=-2.011014679226264e-07
step= 582

nparam= 1004
	dense amplitude time= 0.016402721405029297
	total non-zero amplitudes= 4900
	nsamples per process= 50
	sample time= 1.4552409648895264
	self.n= 0.33209927628898056
	collect g,h time= 2.576702833175659
E=-9.907160046642035,dE=-2.011014679226264e-07,std=0
L=-9.907160046642035,dL=-2.011014679226264e-07,std=0
	gnorm= 5.074741297934979e-05
	symmetric= True
	solver time=0.007544517517089844,exit status=0
	SR solver time= 0.007582902908325195
	symmetric= False
	niter= 45
	niter= 291
	solver time=0.0726785659790039,exit status=0
	RGN solver time= 0.07271742820739746
	xnorm=7.145204359975089,dnorm=0.010033399932214344
	dense amplitude time= 0.016218900680541992
	total non-zero amplitudes= 4900
	nsamples per process= 50
	sample time= 0.2915489673614502
	self.n= 0.33204749067293987
	RGN updated loss=-9.90716025288428,dloss=-2.0624224461585072e-07
step= 583

nparam= 1004
	dense amplitude time= 0.016028404235839844
	total non-zero amplitudes= 4900
	nsamples per process= 50
	sample time= 1.4731671810150146
	self.n= 0.33204749067294004
	collect g,h time= 2.445415735244751
E=-9.90716025288428,dE=-2.0624224461585072e-07,std=0
L=-9.90716025288428,dL=-2.0624224461585072e-07,std=0
	gnorm= 4.91729389046158e-05
	symmetric= True
	solver time=0.006940126419067383,exit status=0
	SR solver time= 0.0070111751556396484
	symmetric= False
	niter= 43
	niter= 285
	solver time=0.06980204582214355,exit status=0
	RGN solver time= 0.06984925270080566
	xnorm=7.14568419074861,dnorm=0.009964993784979094
	dense amplitude time= 0.016567707061767578
	total non-zero amplitudes= 4900
	nsamples per process= 50
	sample time= 0.2989990711212158
	self.n= 0.3320010745209675
	RGN updated loss=-9.907160459179396,dloss=-2.0629511610081863e-07
step= 584

nparam= 1004
	dense amplitude time= 0.01668262481689453
	total non-zero amplitudes= 4900
	nsamples per process= 50
	sample time= 1.5050764083862305
	self.n= 0.3320010745209678
	collect g,h time= 2.55543851852417
E=-9.907160459179392,dE=-2.0629511254810495e-07,std=0
L=-9.907160459179392,dL=-2.0629511254810495e-07,std=0
	gnorm= 5.526418545532038e-05
	symmetric= True
	solver time=0.014379262924194336,exit status=0
	SR solver time= 0.014423370361328125
	symmetric= False
	niter= 45
	niter= 286
	solver time=0.10008835792541504,exit status=0
	RGN solver time= 0.1001284122467041
	xnorm=7.146136919726156,dnorm=0.009912330814929331
	dense amplitude time= 0.018327713012695312
	total non-zero amplitudes= 4900
	nsamples per process= 50
	sample time= 0.29180145263671875
	self.n= 0.331953713344961
	RGN updated loss=-9.907160652616747,dloss=-1.9343735502275194e-07
step= 585

nparam= 1004
	dense amplitude time= 0.13475275039672852
	total non-zero amplitudes= 4900
	nsamples per process= 50
	sample time= 1.5032107830047607
	self.n= 0.3319537133449604
	collect g,h time= 2.541668653488159
E=-9.907160652616747,dE=-1.9343735502275194e-07,std=0
L=-9.907160652616747,dL=-1.9343735502275194e-07,std=0
	gnorm= 5.12041157819961e-05
	symmetric= True
	solver time=0.007701873779296875,exit status=0
	SR solver time= 0.007737398147583008
	symmetric= False
	niter= 44
	niter= 287
	solver time=0.06860208511352539,exit status=0
	RGN solver time= 0.06863856315612793
	xnorm=7.146627984702558,dnorm=0.00987411561257227
	dense amplitude time= 0.016149520874023438
	total non-zero amplitudes= 4900
	nsamples per process= 50
	sample time= 0.2976059913635254
	self.n= 0.33190362607874135
	RGN updated loss=-9.90716085945887,dloss=-2.0684212209687303e-07
step= 586

nparam= 1004
	dense amplitude time= 0.03058910369873047
	total non-zero amplitudes= 4900
	nsamples per process= 50
	sample time= 1.4678385257720947
	self.n= 0.33190362607874124
	collect g,h time= 2.597569227218628
E=-9.90716085945887,dE=-2.0684212209687303e-07,std=0
L=-9.90716085945887,dL=-2.0684212209687303e-07,std=0
	gnorm= 7.559361137866779e-05
	symmetric= True
	solver time=0.008547782897949219,exit status=0
	SR solver time= 0.008585691452026367
	symmetric= False
	niter= 45
	niter= 281
	solver time=0.06759047508239746,exit status=0
	RGN solver time= 0.06762981414794922
	xnorm=7.147091072741454,dnorm=0.009836558962055963
	dense amplitude time= 0.01545405387878418
	total non-zero amplitudes= 4900
	nsamples per process= 50
	sample time= 0.28562235832214355
	self.n= 0.3318253646969692
	RGN updated loss=-9.90716104683192,dloss=-1.8737305040872343e-07
step= 587

nparam= 1004
	dense amplitude time= 0.01553034782409668
	total non-zero amplitudes= 4900
	nsamples per process= 50
	sample time= 1.4056494235992432
	self.n= 0.3318253646969692
	collect g,h time= 2.404287099838257
E=-9.907161046831922,dE=-1.8737305218508027e-07,std=0
L=-9.907161046831922,dL=-1.8737305218508027e-07,std=0
	gnorm= 5.753049599700904e-05
	symmetric= True
	solver time=0.007921457290649414,exit status=0
	SR solver time= 0.00796365737915039
	symmetric= False
	niter= 45
	solver time=0.06754899024963379,exit status=0
	RGN solver time= 0.0675971508026123
	xnorm=7.147601867333493,dnorm=0.009750987219991432
	niter= 284
	dense amplitude time= 0.01574563980102539
	total non-zero amplitudes= 4900
	nsamples per process= 50
	sample time= 0.2899739742279053
	self.n= 0.33177503372754547
	RGN updated loss=-9.90716124165082,dloss=-1.948188987910271e-07
step= 588

nparam= 1004
	dense amplitude time= 0.03020477294921875
	total non-zero amplitudes= 4900
	nsamples per process= 50
	sample time= 1.397432565689087
	self.n= 0.33177503372754524
	collect g,h time= 2.6251180171966553
E=-9.907161241650822,dE=-1.9481890056738393e-07,std=0
L=-9.907161241650822,dL=-1.9481890056738393e-07,std=0
	gnorm= 4.1424443970906156e-05
	symmetric= True
	solver time=0.007913589477539062,exit status=0
	SR solver time= 0.007953643798828125
	symmetric= False
	niter= 43
	niter= 301
	solver time=0.1271655559539795,exit status=0
	RGN solver time= 0.12720632553100586
	xnorm=7.148103457686015,dnorm=0.00970420097457906
	dense amplitude time= 0.019634246826171875
	total non-zero amplitudes= 4900
	nsamples per process= 50
	sample time= 0.29044151306152344
	self.n= 0.33172388440028966
	RGN updated loss=-9.907161436858182,dloss=-1.952073596100945e-07
step= 589

nparam= 1004
	dense amplitude time= 0.1761939525604248
	total non-zero amplitudes= 4900
	nsamples per process= 50
	sample time= 1.5159339904785156
	self.n= 0.3317238844002892
	collect g,h time= 2.5567619800567627
E=-9.907161436858184,dE=-1.9520736138645134e-07,std=0
L=-9.907161436858184,dL=-1.9520736138645134e-07,std=0
	gnorm= 5.158202853727006e-05
	symmetric= True
	solver time=0.018640995025634766,exit status=0
	SR solver time= 0.018686294555664062
	symmetric= False
	niter= 44
	niter= 284
	solver time=0.08921980857849121,exit status=0
	RGN solver time= 0.08926844596862793
	xnorm=7.148624966583424,dnorm=0.009622333888410006
	dense amplitude time= 0.016422748565673828
	total non-zero amplitudes= 4900
	nsamples per process= 50
	sample time= 0.3091917037963867
	self.n= 0.3316667838333701
	RGN updated loss=-9.907161622735803,dloss=-1.858776190744038e-07
step= 590

nparam= 1004
	dense amplitude time= 0.016589641571044922
	total non-zero amplitudes= 4900
	nsamples per process= 50
	sample time= 1.5202655792236328
	self.n= 0.33166678383336967
	collect g,h time= 2.5907063484191895
E=-9.9071616227358,dE=-1.8587761552169013e-07,std=0
L=-9.9071616227358,dL=-1.8587761552169013e-07,std=0
	gnorm= 4.30584428016642e-05
	symmetric= True
	solver time=0.008314371109008789,exit status=0
	SR solver time= 0.008357524871826172
	symmetric= False
	niter= 43
	niter= 301
	solver time=0.07407546043395996,exit status=0
	RGN solver time= 0.07411861419677734
	xnorm=7.149137811855536,dnorm=0.009600982207190622
	dense amplitude time= 0.016033411026000977
	total non-zero amplitudes= 4900
	nsamples per process= 50
	sample time= 0.28112292289733887
	self.n= 0.3316167775145248
	RGN updated loss=-9.907161814341814,dloss=-1.9160601461010174e-07
step= 591

nparam= 1004
	dense amplitude time= 0.015709400177001953
	total non-zero amplitudes= 4900
	nsamples per process= 50
	sample time= 1.4659440517425537
	self.n= 0.33161677751452534
	collect g,h time= 2.43206787109375
E=-9.907161814341816,dE=-1.9160601638645858e-07,std=0
L=-9.907161814341816,dL=-1.9160601638645858e-07,std=0
	gnorm= 5.763791190110077e-05
	symmetric= True
	solver time=0.007572650909423828,exit status=0
	SR solver time= 0.007616758346557617
	symmetric= False
	niter= 45
	niter= 283
	solver time=0.06674480438232422,exit status=0
	RGN solver time= 0.06679224967956543
	xnorm=7.149679527942547,dnorm=0.009530546708416661
	dense amplitude time= 0.01833653450012207
	total non-zero amplitudes= 4900
	nsamples per process= 50
	sample time= 0.32819247245788574
	self.n= 0.3315501768662745
	RGN updated loss=-9.907161993033949,dloss=-1.7869213309040788e-07
step= 592

nparam= 1004
	dense amplitude time= 0.14300084114074707
	total non-zero amplitudes= 4900
	nsamples per process= 50
	sample time= 1.6441984176635742
	self.n= 0.33155017686627447
	collect g,h time= 3.0543036460876465
E=-9.907161993033949,dE=-1.7869213309040788e-07,std=0
L=-9.907161993033949,dL=-1.7869213309040788e-07,std=0
	gnorm= 0.00026090397759652304
	symmetric= True
	solver time=0.02046060562133789,exit status=0
	SR solver time= 0.02053546905517578
	symmetric= False
	niter= 44
	niter= 250
	solver time=0.11010098457336426,exit status=0
	RGN solver time= 0.11014199256896973
	xnorm=7.150228939073242,dnorm=0.009687772587662622
	dense amplitude time= 0.018627405166625977
	total non-zero amplitudes= 4900
	nsamples per process= 50
	sample time= 0.29707980155944824
	self.n= 0.33150441220268767
	RGN updated loss=-9.907162128643536,dloss=-1.3560958755931551e-07
step= 593

nparam= 1004
	dense amplitude time= 0.017381906509399414
	total non-zero amplitudes= 4900
	nsamples per process= 50
	sample time= 1.6156747341156006
	self.n= 0.3315044122026874
	collect g,h time= 2.585944175720215
E=-9.907162128643536,dE=-1.3560958755931551e-07,std=0
L=-9.907162128643536,dL=-1.3560958755931551e-07,std=0
	gnorm= 0.0001199214111856113
	symmetric= True
	solver time=0.007651329040527344,exit status=0
	SR solver time= 0.007691383361816406
	symmetric= False
	niter= 48
	niter= 273
	solver time=0.08521747589111328,exit status=0
	RGN solver time= 0.08525943756103516
	xnorm=7.150798493784142,dnorm=0.0095389639762402
	dense amplitude time= 0.0180511474609375
	total non-zero amplitudes= 4900
	nsamples per process= 50
	sample time= 0.33017754554748535
	self.n= 0.3314132675715442
	RGN updated loss=-9.90716235421214,dloss=-2.255686037955229e-07
step= 594

nparam= 1004
	dense amplitude time= 0.017651796340942383
	total non-zero amplitudes= 4900
	nsamples per process= 50
	sample time= 1.6310865879058838
	self.n= 0.33141326757154443
	collect g,h time= 2.458035945892334
E=-9.907162354212138,dE=-2.2556860201916606e-07,std=0
L=-9.907162354212138,dL=-2.2556860201916606e-07,std=0
	gnorm= 5.2212677988301996e-05
	symmetric= True
	solver time=0.008068561553955078,exit status=0
	SR solver time= 0.008113384246826172
	symmetric= False
	niter= 44
	niter= 286
	solver time=0.06881189346313477,exit status=0
	RGN solver time= 0.06885385513305664
	xnorm=7.151370220550035,dnorm=0.00940007824126188
	dense amplitude time= 0.018195629119873047
	total non-zero amplitudes= 4900
	nsamples per process= 50
	sample time= 0.3057262897491455
	self.n= 0.3313749677821479
	RGN updated loss=-9.907162546215321,dloss=-1.9200318313039588e-07
step= 595

nparam= 1004
	dense amplitude time= 0.017304658889770508
	total non-zero amplitudes= 4900
	nsamples per process= 50
	sample time= 1.5584867000579834
	self.n= 0.3313749677821478
	collect g,h time= 2.4167892932891846
E=-9.907162546215321,dE=-1.9200318313039588e-07,std=0
L=-9.907162546215321,dL=-1.9200318313039588e-07,std=0
	gnorm= 6.265461374089827e-05
	symmetric= True
	solver time=0.00897359848022461,exit status=0
	SR solver time= 0.009012699127197266
	symmetric= False
	niter= 45
	niter= 281
	solver time=0.10834288597106934,exit status=0
	RGN solver time= 0.10838484764099121
	xnorm=7.151926797665651,dnorm=0.009320823419199696
	dense amplitude time= 0.01989269256591797
	total non-zero amplitudes= 4900
	nsamples per process= 50
	sample time= 0.3002431392669678
	self.n= 0.33130252187344056
	RGN updated loss=-9.907162715557433,dloss=-1.6934211188868176e-07
step= 596

nparam= 1004
	dense amplitude time= 0.1324939727783203
	total non-zero amplitudes= 4900
	nsamples per process= 50
	sample time= 1.6062004566192627
	self.n= 0.3313025218734399
	collect g,h time= 2.8847265243530273
E=-9.907162715557435,dE=-1.693421136650386e-07,std=0
L=-9.907162715557435,dL=-1.693421136650386e-07,std=0
	gnorm= 5.749675223727119e-05
	symmetric= True
	solver time=0.007318735122680664,exit status=0
	SR solver time= 0.007360935211181641
	symmetric= False
	niter= 45
	niter= 287
	solver time=0.07385420799255371,exit status=0
	RGN solver time= 0.0738973617553711
	xnorm=7.152495378884188,dnorm=0.009349932615337002
	dense amplitude time= 0.019572019577026367
	total non-zero amplitudes= 4900
	nsamples per process= 50
	sample time= 0.32858824729919434
	self.n= 0.3312865125012934
	RGN updated loss=-9.907162906171008,dloss=-1.9061357292571302e-07
step= 597

nparam= 1004
	dense amplitude time= 0.017629384994506836
	total non-zero amplitudes= 4900
	nsamples per process= 50
	sample time= 1.5943000316619873
	self.n= 0.33128651250129365
	collect g,h time= 2.5628092288970947
E=-9.907162906171012,dE=-1.906135764784267e-07,std=0
L=-9.907162906171012,dL=-1.906135764784267e-07,std=0
	gnorm= 0.0002789000522747888
	symmetric= True
	solver time=0.007932901382446289,exit status=0
	SR solver time= 0.007973670959472656
	symmetric= False
	niter= 44
	niter= 249
	solver time=0.06995677947998047,exit status=0
	RGN solver time= 0.06999897956848145
	xnorm=7.15307522515214,dnorm=0.009448301643574056
	dense amplitude time= 0.018438100814819336
	total non-zero amplitudes= 4900
	nsamples per process= 50
	sample time= 0.3021843433380127
	self.n= 0.33122058367638807
	RGN updated loss=-9.907163012813648,dloss=-1.0664263605519864e-07
step= 598

nparam= 1004
	dense amplitude time= 0.016916751861572266
	total non-zero amplitudes= 4900
	nsamples per process= 50
	sample time= 1.5828313827514648
	self.n= 0.331220583676388
	collect g,h time= 2.3918042182922363
E=-9.907163012813648,dE=-1.0664263605519864e-07,std=0
L=-9.907163012813648,dL=-1.0664263605519864e-07,std=0
	gnorm= 0.000124003441609192
	symmetric= True
	solver time=0.006315946578979492,exit status=0
	SR solver time= 0.006358146667480469
	symmetric= False
	niter= 47
	niter= 273
	solver time=0.06542611122131348,exit status=0
	RGN solver time= 0.06546854972839355
	xnorm=7.153665372508179,dnorm=0.009353350167041098
	dense amplitude time= 0.018187522888183594
	total non-zero amplitudes= 4900
	nsamples per process= 50
	sample time= 0.3354454040527344
	self.n= 0.3311726561097428
	RGN updated loss=-9.907163251201446,dloss=-2.3838779839024937e-07
step= 599

nparam= 1004
	dense amplitude time= 0.018069028854370117
	total non-zero amplitudes= 4900
	nsamples per process= 50
	sample time= 1.6563835144042969
	self.n= 0.3311726561097425
	collect g,h time= 2.5542407035827637
E=-9.907163251201448,dE=-2.383878001666062e-07,std=0
L=-9.907163251201448,dL=-2.383878001666062e-07,std=0
	gnorm= 4.5787603472642484e-05
	symmetric= True
	solver time=0.008362531661987305,exit status=0
	SR solver time= 0.008404254913330078
	symmetric= False
	niter= 44
	niter= 287
	solver time=0.11579203605651855,exit status=0
	RGN solver time= 0.11583399772644043
	xnorm=7.154261795542261,dnorm=0.009171038353667735
	dense amplitude time= 0.01953577995300293
	total non-zero amplitudes= 4900
	nsamples per process= 50
	sample time= 0.30602121353149414
	self.n= 0.33110969847763916
	RGN updated loss=-9.907163419474545,dloss=-1.68273096790017e-07
step= 600

nparam= 1004
	dense amplitude time= 0.1474595069885254
	total non-zero amplitudes= 4900
	nsamples per process= 50
	sample time= 1.537940502166748
	self.n= 0.331109698477639
	collect g,h time= 2.5244953632354736
E=-9.907163419474546,dE=-1.6827309856637385e-07,std=0
L=-9.907163419474546,dL=-1.6827309856637385e-07,std=0
	gnorm= 4.265075482504779e-05
	symmetric= True
	solver time=0.007647514343261719,exit status=0
	SR solver time= 0.0076901912689208984
	symmetric= False
	niter= 43
	niter= 297
	solver time=0.07091760635375977,exit status=0
	RGN solver time= 0.07096409797668457
	xnorm=7.154853971124801,dnorm=0.009144147763145732
	dense amplitude time= 0.017391681671142578
	total non-zero amplitudes= 4900
	nsamples per process= 50
	sample time= 0.3239247798919678
	self.n= 0.33107267497831483
	RGN updated loss=-9.907163595151667,dloss=-1.75677120850537e-07
step= 601

nparam= 1004
	dense amplitude time= 0.017704486846923828
	total non-zero amplitudes= 4900
	nsamples per process= 50
	sample time= 1.611560344696045
	self.n= 0.3310726749783149
	collect g,h time= 2.5687665939331055
E=-9.907163595151667,dE=-1.75677120850537e-07,std=0
L=-9.907163595151667,dL=-1.75677120850537e-07,std=0
	gnorm= 0.00027793725362893477
	symmetric= True
	solver time=0.011573314666748047,exit status=0
	SR solver time= 0.011656999588012695
	symmetric= False
	niter= 43
	niter= 250
	solver time=0.09402608871459961,exit status=0
	RGN solver time= 0.09406471252441406
	xnorm=7.155456043724709,dnorm=0.00927904156356295
	dense amplitude time= 0.01873493194580078
	total non-zero amplitudes= 4900
	nsamples per process= 50
	sample time= 0.3191030025482178
	self.n= 0.3310052026813033
	RGN updated loss=-9.907163695613304,dloss=-1.004616372313194e-07
step= 602

nparam= 1004
	dense amplitude time= 0.018584489822387695
	total non-zero amplitudes= 4900
	nsamples per process= 50
	sample time= 1.5765576362609863
	self.n= 0.3310052026813036
	collect g,h time= 2.879744529724121
E=-9.907163695613304,dE=-1.004616372313194e-07,std=0
L=-9.907163695613304,dL=-1.004616372313194e-07,std=0
	gnorm= 0.00011970289652434553
	symmetric= True
	solver time=0.009250402450561523,exit status=0
	SR solver time= 0.009289026260375977
	symmetric= False
	niter= 47
	niter= 273
	solver time=0.08934140205383301,exit status=0
	RGN solver time= 0.08938074111938477
	xnorm=7.156080060134027,dnorm=0.009196297492141282
	dense amplitude time= 0.0169219970703125
	total non-zero amplitudes= 4900
	nsamples per process= 50
	sample time= 0.31326746940612793
	self.n= 0.3309580705658217
	RGN updated loss=-9.907163928625364,dloss=-2.330120594251639e-07
step= 603

nparam= 1004
	dense amplitude time= 0.10253524780273438
	total non-zero amplitudes= 4900
	nsamples per process= 50
	sample time= 1.6533899307250977
	self.n= 0.3309580705658216
	collect g,h time= 2.9320051670074463
E=-9.907163928625362,dE=-2.3301205764880706e-07,std=0
L=-9.907163928625362,dL=-2.3301205764880706e-07,std=0
	gnorm= 4.375080809442906e-05
	symmetric= True
	solver time=0.007620573043823242,exit status=0
	SR solver time= 0.007662057876586914
	symmetric= False
	niter= 42
	niter= 292
	solver time=0.08470964431762695,exit status=0
	RGN solver time= 0.0847470760345459
	xnorm=7.156693726421364,dnorm=0.009022058629333377
	dense amplitude time= 0.018157482147216797
	total non-zero amplitudes= 4900
	nsamples per process= 50
	sample time= 0.33101892471313477
	self.n= 0.33090216683519014
	RGN updated loss=-9.907164090150063,dloss=-1.615247011699239e-07
step= 604

nparam= 1004
	dense amplitude time= 0.01795673370361328
	total non-zero amplitudes= 4900
	nsamples per process= 50
	sample time= 1.7215335369110107
	self.n= 0.3309021668351898
	collect g,h time= 2.4808144569396973
E=-9.907164090150061,dE=-1.6152469939356706e-07,std=0
L=-9.907164090150061,dL=-1.6152469939356706e-07,std=0
	gnorm= 0.0002660844449774607
	symmetric= True
	solver time=0.007873296737670898,exit status=0
	SR solver time= 0.007912397384643555
	symmetric= False
	niter= 43
	niter= 249
	solver time=0.061697959899902344,exit status=0
	RGN solver time= 0.06174349784851074
	xnorm=7.157337703560029,dnorm=0.009148315504034226
	dense amplitude time= 0.01704549789428711
	total non-zero amplitudes= 4900
	nsamples per process= 50
	sample time= 0.3112006187438965
	self.n= 0.3308355933798216
	RGN updated loss=-9.907164193750521,dloss=-1.0360045976653964e-07
step= 605

nparam= 1004
	dense amplitude time= 0.017390727996826172
	total non-zero amplitudes= 4900
	nsamples per process= 50
	sample time= 1.6161715984344482
	self.n= 0.3308355933798216
	collect g,h time= 2.5595571994781494
E=-9.907164193750521,dE=-1.0360045976653964e-07,std=0
L=-9.907164193750521,dL=-1.0360045976653964e-07,std=0
	gnorm= 0.00011679113461519993
	symmetric= True
	solver time=0.008133172988891602,exit status=0
	SR solver time= 0.008170366287231445
	symmetric= False
	niter= 47
	niter= 273
	solver time=0.0648491382598877,exit status=0
	RGN solver time= 0.06488847732543945
	xnorm=7.157930107807867,dnorm=0.009019366673608604
	dense amplitude time= 0.017455101013183594
	total non-zero amplitudes= 4900
	nsamples per process= 50
	sample time= 0.32760071754455566
	self.n= 0.33076927707398046
	RGN updated loss=-9.907164416132515,dloss=-2.2238199370860912e-07
step= 606

nparam= 1004
	dense amplitude time= 0.017325878143310547
	total non-zero amplitudes= 4900
	nsamples per process= 50
	sample time= 1.6043779850006104
	self.n= 0.33076927707398074
	collect g,h time= 2.445380687713623
E=-9.907164416132513,dE=-2.2238199193225228e-07,std=0
L=-9.907164416132513,dL=-2.2238199193225228e-07,std=0
	gnorm= 4.427320016463675e-05
	symmetric= True
	solver time=0.006756305694580078,exit status=0
	SR solver time= 0.006798982620239258
	symmetric= False
	niter= 42
	niter= 294
	solver time=0.0691535472869873,exit status=0
	RGN solver time= 0.06920099258422852
	xnorm=7.1585471298617405,dnorm=0.008877559666760753
	dense amplitude time= 0.017361879348754883
	total non-zero amplitudes= 4900
	nsamples per process= 50
	sample time= 0.3172116279602051
	self.n= 0.33071279967387324
	RGN updated loss=-9.907164578898213,dloss=-1.627656995850657e-07
step= 607

nparam= 1004
	dense amplitude time= 0.01636195182800293
	total non-zero amplitudes= 4900
	nsamples per process= 50
	sample time= 1.5635333061218262
	self.n= 0.33071279967387346
	collect g,h time= 2.428405284881592
E=-9.907164578898215,dE=-1.6276570136142254e-07,std=0
L=-9.907164578898215,dL=-1.6276570136142254e-07,std=0
	gnorm= 0.0002737646134251725
	symmetric= True
	solver time=0.006505489349365234,exit status=0
	SR solver time= 0.006546735763549805
	symmetric= False
	niter= 43
	niter= 248
	solver time=0.057092905044555664,exit status=0
	RGN solver time= 0.057135820388793945
	xnorm=7.1591665024223055,dnorm=0.008998925586921478
	dense amplitude time= 0.017194032669067383
	total non-zero amplitudes= 4900
	nsamples per process= 50
	sample time= 0.31153368949890137
	self.n= 0.3306460530205856
	RGN updated loss=-9.907164671641858,dloss=-9.274364387579226e-08
step= 608

nparam= 1004
	dense amplitude time= 0.017140626907348633
	total non-zero amplitudes= 4900
	nsamples per process= 50
	sample time= 1.5730934143066406
	self.n= 0.33064605302058614
	collect g,h time= 2.401399850845337
E=-9.907164671641855,dE=-9.274364032307858e-08,std=0
L=-9.907164671641855,dL=-9.274364032307858e-08,std=0
	gnorm= 0.00010135429779851979
	symmetric= True
	solver time=0.0069730281829833984,exit status=0
	SR solver time= 0.007015228271484375
	symmetric= False
	niter= 47
	niter= 280
	solver time=0.06913089752197266,exit status=0
	RGN solver time= 0.06917500495910645
	xnorm=7.159784492557464,dnorm=0.008894058013639747
	dense amplitude time= 0.016817569732666016
	total non-zero amplitudes= 4900
	nsamples per process= 50
	sample time= 0.3128187656402588
	self.n= 0.33056663415404863
	RGN updated loss=-9.907164884662606,dloss=-2.130207512607285e-07
step= 609

nparam= 1004
	dense amplitude time= 0.01770639419555664
	total non-zero amplitudes= 4900
	nsamples per process= 50
	sample time= 1.573957920074463
	self.n= 0.3305666341540482
	collect g,h time= 2.4079761505126953
E=-9.907164884662604,dE=-2.1302074948437166e-07,std=0
L=-9.907164884662604,dL=-2.1302074948437166e-07,std=0
	gnorm= 7.181637414529934e-05
	symmetric= True
	solver time=0.008013725280761719,exit status=0
	SR solver time= 0.008058309555053711
	symmetric= False
	niter= 46
	niter= 281
	solver time=0.0651862621307373,exit status=0
	RGN solver time= 0.0652306079864502
	xnorm=7.160398784860167,dnorm=0.008776595088573202
	dense amplitude time= 0.017031192779541016
	total non-zero amplitudes= 4900
	nsamples per process= 50
	sample time= 0.31158018112182617
	self.n= 0.33051500114624655
	RGN updated loss=-9.907165042738287,dloss=-1.580756823216234e-07
step= 610

nparam= 1004
	dense amplitude time= 0.01752948760986328
	total non-zero amplitudes= 4900
	nsamples per process= 50
	sample time= 1.529989242553711
	self.n= 0.33051500114624627
	collect g,h time= 2.586088180541992
E=-9.90716504273829,dE=-1.5807568587433707e-07,std=0
L=-9.90716504273829,dL=-1.5807568587433707e-07,std=0
	gnorm= 4.986113761602497e-05
	symmetric= True
	solver time=0.017925739288330078,exit status=0
	SR solver time= 0.01796889305114746
	symmetric= False
	niter= 43
	niter= 283
	solver time=0.09772229194641113,exit status=0
	RGN solver time= 0.09776139259338379
	xnorm=7.1610290594868,dnorm=0.008699005471673007
	dense amplitude time= 0.016837120056152344
	total non-zero amplitudes= 4900
	nsamples per process= 50
	sample time= 0.31499695777893066
	self.n= 0.33045852424059197
	RGN updated loss=-9.90716520483565,dloss=-1.6209735953509607e-07
step= 611

nparam= 1004
	dense amplitude time= 0.017579078674316406
	total non-zero amplitudes= 4900
	nsamples per process= 50
	sample time= 1.587796926498413
	self.n= 0.3304585242405923
	collect g,h time= 2.7601473331451416
E=-9.90716520483565,dE=-1.6209735953509607e-07,std=0
L=-9.90716520483565,dL=-1.6209735953509607e-07,std=0
	gnorm= 2.0385532826018196e-05
	symmetric= True
	solver time=0.007468223571777344,exit status=0
	SR solver time= 0.00750279426574707
	symmetric= False
	niter= 36
	niter= 312
	solver time=0.09954071044921875,exit status=0
	RGN solver time= 0.09958529472351074
	xnorm=7.161646522915411,dnorm=0.008634815466287943
	dense amplitude time= 0.01717829704284668
	total non-zero amplitudes= 4900
	nsamples per process= 50
	sample time= 0.3174142837524414
	self.n= 0.33039982372526017
	RGN updated loss=-9.907165358585884,dloss=-1.5375023387775855e-07
step= 612

nparam= 1004
	dense amplitude time= 0.01636481285095215
	total non-zero amplitudes= 4900
	nsamples per process= 50
	sample time= 1.543492078781128
	self.n= 0.33039982372526056
	collect g,h time= 2.579393148422241
E=-9.907165358585884,dE=-1.5375023387775855e-07,std=0
L=-9.907165358585884,dL=-1.5375023387775855e-07,std=0
	gnorm= 4.510466546362748e-05
	symmetric= True
	solver time=0.006178855895996094,exit status=0
	SR solver time= 0.00623011589050293
	symmetric= False
	niter= 44
	niter= 285
	solver time=0.06917476654052734,exit status=0
	RGN solver time= 0.06921672821044922
	xnorm=7.1622835606710025,dnorm=0.008634765822825652
	dense amplitude time= 0.016453981399536133
	total non-zero amplitudes= 4900
	nsamples per process= 50
	sample time= 0.30617761611938477
	self.n= 0.3303296983048991
	RGN updated loss=-9.907165506253216,dloss=-1.4766733258397835e-07
step= 613

nparam= 1004
	dense amplitude time= 0.017171144485473633
	total non-zero amplitudes= 4900
	nsamples per process= 50
	sample time= 1.5949506759643555
	self.n= 0.33032969830489933
	collect g,h time= 2.435962200164795
E=-9.907165506253214,dE=-1.476673308076215e-07,std=0
L=-9.907165506253214,dL=-1.476673308076215e-07,std=0
	gnorm= 0.0002668039129951599
	symmetric= True
	solver time=0.006245613098144531,exit status=0
	SR solver time= 0.006280183792114258
	symmetric= False
	niter= 41
	niter= 273
	solver time=0.06756353378295898,exit status=0
	RGN solver time= 0.06759929656982422
	xnorm=7.162919400982414,dnorm=0.010592223511452486
	dense amplitude time= 0.017917871475219727
	total non-zero amplitudes= 4900
	nsamples per process= 50
	sample time= 0.3202042579650879
	self.n= 0.3301470453815516
	RGN updated loss=-9.907165460953514,dloss=4.529969999111927e-08
	xnorm=7.162919400982414,dnorm=0.001179642655068133
step= 614

nparam= 1004
	dense amplitude time= 0.017170429229736328
	total non-zero amplitudes= 4900
	nsamples per process= 50
	sample time= 1.536423683166504
	self.n= 0.3303261754795789
	collect g,h time= 2.422651767730713
E=-9.907165493896336,dE=1.235687818734732e-08,std=0
L=-9.907165493896336,dL=1.235687818734732e-08,std=0
	gnorm= 5.398301279867032e-05
