layer= 0
nparam= 660
hop_ls= [(1, 5), (1, 8), (1, 9), (1, 13), (5, 8), (5, 9), (5, 13), (8, 9), (8, 13), (9, 13)]

layer= 1
nparam= 144
hop_ls= [(9, 14), (1, 6), (2, 5), (2, 8), (2, 14), (13, 14), (6, 8), (6, 14), (5, 6), (8, 14), (1, 2), (1, 14), (2, 13), (6, 13), (5, 14), (2, 9), (2, 6), (6, 9)]

layer= 2
nparam= 152
hop_ls= [(6, 12), (4, 9), (4, 6), (4, 12), (12, 13), (0, 2), (5, 10), (0, 5), (8, 12), (0, 8), (0, 14), (10, 12), (1, 12), (4, 5), (4, 8), (4, 14), (5, 12), (0, 1), (9, 10), (2, 4), (0, 4), (0, 10), (0, 13), (2, 10), (10, 14), (6, 10), (12, 14), (4, 10), (4, 13), (9, 12), (0, 9), (8, 10), (1, 4), (0, 6), (0, 12), (2, 12), (1, 10), (10, 13)]

layer= 3
nparam= 48
hop_ls= [(6, 15), (3, 4), (3, 10), (5, 7), (4, 15), (3, 13), (9, 11), (11, 14), (1, 3), (2, 11), (8, 15), (0, 11), (10, 15), (1, 15), (6, 11), (7, 10), (7, 13), (3, 9), (12, 15), (3, 6), (3, 12), (4, 11), (14, 15), (8, 11), (0, 7), (5, 15), (10, 11), (2, 7), (1, 11), (11, 13), (7, 9), (6, 7), (7, 12), (4, 7), (3, 5), (3, 8), (3, 14), (5, 11), (0, 3), (9, 15), (2, 3), (11, 12), (1, 7), (0, 15), (2, 15), (13, 15), (7, 8), (7, 14)]

step= 0

nparam= 1004
ntotal configs= 4900
        dense amplitude time= 0.04804730415344238
        total non-zero amplitudes= 4900
        nsamples per process= 159
        sample time= 14.889710903167725
        self.n= 0.7254749584017676
        collect g,h time= 16.90880560874939
E=-9.402181990809005,dE=0,std=0
L=-9.402181990809005,dL=0,std=0
        gnorm= 0.5151357085036348
        symmetric= True
        solver time=0.0072557926177978516,exit status=0
        SR solver time= 0.0073392391204833984
        symmetric= False
        niter= 40
        niter= 219
        solver time=0.09412145614624023,exit status=0
        RGN solver time= 0.09415650367736816
        xnorm=1.7750642127935852,dnorm=9.325248031577482
        dense amplitude time= 0.04570603370666504
        total non-zero amplitudes= 4900
        nsamples per process= 159
        sample time= 0.5912072658538818
        self.n= 0.332714081496042
        RGN updated loss=-7.6453124441255085,dloss=1.7568695466834967
        xnorm=1.7750642127935852,dnorm=0.22533639428180496
step= 1

nparam= 1004
        dense amplitude time= 0.053321123123168945
        total non-zero amplitudes= 4900
        nsamples per process= 159
        sample time= 2.4448652267456055
        self.n= 0.7482884542487245
        collect g,h time= 4.224782943725586
E=-9.480277144659093,dE=-0.07809515385008758,std=0
L=-9.480277144659093,dL=-0.07809515385008758,std=0
        gnorm= 0.4632712742662841
        symmetric= True
        solver time=0.006365776062011719,exit status=0
        SR solver time= 0.006406545639038086
        symmetric= False
        niter= 41
        niter= 157
        solver time=0.04958534240722656,exit status=0
        RGN solver time= 0.04961729049682617
        xnorm=1.677667680252204,dnorm=4.074658704850865
        dense amplitude time= 0.046012163162231445
        total non-zero amplitudes= 4900
        nsamples per process= 159
        sample time= 0.5114367008209229
        self.n= 0.585385132761719
        RGN updated loss=-9.424078847581312,dloss=0.056198297077781234
        xnorm=1.677667680252204,dnorm=0.21432182478381623
step= 2

nparam= 1004
        dense amplitude time= 0.04596877098083496
        total non-zero amplitudes= 4900
        nsamples per process= 159
        sample time= 2.457906723022461
        self.n= 0.7675922745571815
        collect g,h time= 4.177958726882935
E=-9.54499281367511,dE=-0.06471566901601733,std=0
L=-9.54499281367511,dL=-0.06471566901601733,std=0
        gnorm= 0.41764540240729026
        symmetric= True
        solver time=0.005905866622924805,exit status=0
        SR solver time= 0.005942344665527344
        symmetric= False
        niter= 42
        niter= 156
        solver time=0.047319650650024414,exit status=0
        RGN solver time= 0.04735088348388672
        xnorm=1.6095787077862638,dnorm=3.289880744328524
        dense amplitude time= 0.045745134353637695
        total non-zero amplitudes= 4900
        nsamples per process= 159
        sample time= 0.5102441310882568
        self.n= 0.6651679770875443
        RGN updated loss=-9.660845112901438,dloss=-0.11585229922632756
step= 3

nparam= 1004
        dense amplitude time= 0.046445608139038086
        total non-zero amplitudes= 4900
        nsamples per process= 159
        sample time= 2.4647767543792725
        self.n= 0.6651679770875452
        collect g,h time= 4.203307867050171
E=-9.660845112901434,dE=-0.11585229922632401,std=0
L=-9.660845112901434,dL=-0.11585229922632401,std=0
        gnorm= 0.38440007516743024
        symmetric= True
        solver time=0.006125211715698242,exit status=0
        SR solver time= 0.006192445755004883
        symmetric= False
        niter= 41
        niter= 157
        solver time=0.048775672912597656,exit status=0
        RGN solver time= 0.04880690574645996
        xnorm=3.4913247921388044,dnorm=2.38212672147605
        dense amplitude time= 0.04567122459411621
        total non-zero amplitudes= 4900
        nsamples per process= 159
        sample time= 0.5102205276489258
        self.n= 0.7891700514799089
        RGN updated loss=-9.847527678172527,dloss=-0.18668256527109328
step= 4

nparam= 1004
        dense amplitude time= 0.04603934288024902
        total non-zero amplitudes= 4900
        nsamples per process= 159
        sample time= 2.479429006576538
        self.n= 0.789170051479908
        collect g,h time= 4.193429708480835
E=-9.84752767817253,dE=-0.18668256527109506,std=0
L=-9.84752767817253,dL=-0.18668256527109506,std=0
        gnorm= 0.11997671398907785
        symmetric= True
        solver time=0.005517482757568359,exit status=0
        SR solver time= 0.0055577754974365234
        symmetric= False
        niter= 41
        niter= 176
        solver time=0.05364823341369629,exit status=0
        RGN solver time= 0.05368638038635254
        xnorm=3.4811936895397273,dnorm=1.4287607648214815
        dense amplitude time= 0.04561114311218262
        total non-zero amplitudes= 4900
        nsamples per process= 159
        sample time= 0.5105891227722168
        self.n= 0.813214604651251
        RGN updated loss=-9.880937118687399,dloss=-0.033409440514869715
step= 5

nparam= 1004
        dense amplitude time= 0.04702401161193848
        total non-zero amplitudes= 4900
        nsamples per process= 159
        sample time= 2.4646849632263184
        self.n= 0.8132146046512507
        collect g,h time= 4.273706436157227
E=-9.8809371186874,dE=-0.03340944051487149,std=0
L=-9.8809371186874,dL=-0.03340944051487149,std=0
        gnorm= 0.07069728733949816
        symmetric= True
        solver time=0.0060231685638427734,exit status=0
        SR solver time= 0.006061553955078125
        symmetric= False
        niter= 43
        niter= 186
        solver time=0.05641460418701172,exit status=0
        RGN solver time= 0.056462764739990234
        xnorm=3.876078088040542,dnorm=1.066491133859241
        dense amplitude time= 0.04567265510559082
        total non-zero amplitudes= 4900
        nsamples per process= 159
        sample time= 0.5084245204925537
        self.n= 0.8051033026388372
        RGN updated loss=-9.892308966851928,dloss=-0.01137184816452752
step= 6

nparam= 1004
        dense amplitude time= 0.04615926742553711
        total non-zero amplitudes= 4900
        nsamples per process= 159
        sample time= 2.455960988998413
        self.n= 0.8051033026388366
        collect g,h time= 4.162689685821533
E=-9.89230896685193,dE=-0.011371848164529297,std=0
L=-9.89230896685193,dL=-0.011371848164529297,std=0
        gnorm= 0.03835775525864158
        symmetric= True
        solver time=0.005895137786865234,exit status=0
        SR solver time= 0.005959987640380859
        symmetric= False
        niter= 43
        niter= 194
        solver time=0.059216976165771484,exit status=0
        RGN solver time= 0.05924558639526367
        xnorm=4.111801440373808,dnorm=0.9022105141675307
        dense amplitude time= 0.045649051666259766
        total non-zero amplitudes= 4900
        nsamples per process= 159
        sample time= 0.5162985324859619
        self.n= 0.7743349213817394
        RGN updated loss=-9.893881463976927,dloss=-0.0015724971249966302
step= 7

nparam= 1004
        dense amplitude time= 0.04598641395568848
        total non-zero amplitudes= 4900
        nsamples per process= 159
        sample time= 2.4760711193084717
        self.n= 0.774334921381739
        collect g,h time= 4.23767876625061
E=-9.893881463976925,dE=-0.0015724971249948538,std=0
L=-9.893881463976925,dL=-0.0015724971249948538,std=0
        gnorm= 0.03782501645312918
        symmetric= True
        solver time=0.005806446075439453,exit status=0
        SR solver time= 0.005845308303833008
        symmetric= False
        niter= 43
        niter= 190
        solver time=0.05777740478515625,exit status=0
        RGN solver time= 0.05780792236328125
        xnorm=4.326271704249839,dnorm=0.7085194980287943
        dense amplitude time= 0.04572892189025879
        total non-zero amplitudes= 4900
        nsamples per process= 159
        sample time= 0.5076408386230469
        self.n= 0.7778984203999786
        RGN updated loss=-9.89836462780211,dloss=-0.004483163825184988
step= 8

nparam= 1004
        dense amplitude time= 0.0578007698059082
        total non-zero amplitudes= 4900
        nsamples per process= 159
        sample time= 2.4647598266601562
        self.n= 0.7778984203999777
        collect g,h time= 4.202329158782959
E=-9.898364627802113,dE=-0.004483163825188541,std=0
L=-9.898364627802113,dL=-0.004483163825188541,std=0
        gnorm= 0.01977893017331825
        symmetric= True
        solver time=0.005642890930175781,exit status=0
        SR solver time= 0.005681037902832031
        symmetric= False
        niter= 42
        niter= 214
        solver time=0.06395649909973145,exit status=0
        RGN solver time= 0.06399178504943848
        xnorm=4.453642955258875,dnorm=0.6850331391077794
        dense amplitude time= 0.04574227333068848
        total non-zero amplitudes= 4900
        nsamples per process= 159
        sample time= 0.5062320232391357
        self.n= 0.7237507062460835
        RGN updated loss=-9.898770093647737,dloss=-0.0004054658456240645
step= 9

nparam= 1004
        dense amplitude time= 0.04633307456970215
        total non-zero amplitudes= 4900
        nsamples per process= 159
        sample time= 2.4725847244262695
        self.n= 0.7237507062460831
        collect g,h time= 4.2113566398620605
E=-9.898770093647736,dE=-0.00040546584562228816,std=0
L=-9.898770093647736,dL=-0.00040546584562228816,std=0
        gnorm= 0.023677121160421706
        symmetric= True
        solver time=0.00566864013671875,exit status=0
        SR solver time= 0.0057086944580078125
        symmetric= False
        niter= 43
        niter= 208
        solver time=0.06303930282592773,exit status=0
        RGN solver time= 0.06307768821716309
        xnorm=4.611465877242986,dnorm=0.584410388112346
        dense amplitude time= 0.04574298858642578
        total non-zero amplitudes= 4900
        nsamples per process= 159
        sample time= 0.5096859931945801
        self.n= 0.7281580721384409
        RGN updated loss=-9.901307548136359,dloss=-0.00253745448862297
step= 10

nparam= 1004
        dense amplitude time= 0.04616069793701172
        total non-zero amplitudes= 4900
        nsamples per process= 159
        sample time= 2.5230376720428467
        self.n= 0.7281580721384404
        collect g,h time= 4.2753050327301025
E=-9.901307548136359,dE=-0.00253745448862297,std=0
L=-9.901307548136359,dL=-0.00253745448862297,std=0
        gnorm= 0.012760066829024709
        symmetric= True
        solver time=0.006226301193237305,exit status=0
        SR solver time= 0.006293773651123047
        symmetric= False
        niter= 43
        niter= 219
        solver time=0.06787467002868652,exit status=0
        RGN solver time= 0.06790709495544434
        xnorm=4.69416869877415,dnorm=0.5426106493146143
        dense amplitude time= 0.04407191276550293
        total non-zero amplitudes= 4900
        nsamples per process= 159
        sample time= 0.5110480785369873
        self.n= 0.6739219446010258
        RGN updated loss=-9.902241588868435,dloss=-0.0009340407320763688
step= 11

nparam= 1004
        dense amplitude time= 0.05382847785949707
        total non-zero amplitudes= 4900
        nsamples per process= 159
        sample time= 2.498375415802002
        self.n= 0.6739219446010254
        collect g,h time= 4.274220943450928
E=-9.902241588868433,dE=-0.0009340407320745925,std=0
L=-9.902241588868433,dL=-0.0009340407320745925,std=0
        gnorm= 0.014482606817978699
        symmetric= True
        solver time=0.006314277648925781,exit status=0
        SR solver time= 0.006352424621582031
        symmetric= False
        niter= 43
        niter= 219
        solver time=0.06626343727111816,exit status=0
        RGN solver time= 0.06629276275634766
        xnorm=4.801639309954295,dnorm=0.47937945122715175
        dense amplitude time= 0.04816794395446777
        total non-zero amplitudes= 4900
        nsamples per process= 159
        sample time= 0.5097408294677734
        self.n= 0.6646369975535513
        RGN updated loss=-9.903266662923505,dloss=-0.0010250740550716841
step= 12

nparam= 1004
        dense amplitude time= 0.0589144229888916
        total non-zero amplitudes= 4900
        nsamples per process= 159
        sample time= 2.4734137058258057
        self.n= 0.6646369975535504
        collect g,h time= 4.372657060623169
E=-9.903266662923505,dE=-0.0010250740550716841,std=0
L=-9.903266662923505,dL=-0.0010250740550716841,std=0
        gnorm= 0.009360283634220557
        symmetric= True
        solver time=0.006090402603149414,exit status=0
        SR solver time= 0.006175518035888672
        symmetric= False
        niter= 44
        niter= 233
        solver time=0.0705420970916748,exit status=0
        RGN solver time= 0.07057476043701172
        xnorm=4.875700780422645,dnorm=0.43486608967701057
        dense amplitude time= 0.04576277732849121
        total non-zero amplitudes= 4900
        nsamples per process= 159
        sample time= 0.5064346790313721
        self.n= 0.6323594062690598
        RGN updated loss=-9.903954839957773,dloss=-0.000688177034268378
step= 13

nparam= 1004
        dense amplitude time= 0.04636812210083008
        total non-zero amplitudes= 4900
        nsamples per process= 159
        sample time= 2.4898173809051514
        self.n= 0.632359406269059
        collect g,h time= 4.344119310379028
E=-9.903954839957771,dE=-0.0006881770342666016,std=0
L=-9.903954839957771,dL=-0.0006881770342666016,std=0
        gnorm= 0.010047253861164486
        symmetric= True
        solver time=0.0057604312896728516,exit status=0
        SR solver time= 0.005797386169433594
        symmetric= False
        niter= 43
        niter= 232
        solver time=0.0696861743927002,exit status=0
        RGN solver time= 0.06971454620361328
        xnorm=4.93660463449446,dnorm=0.3843538547304515
        dense amplitude time= 0.045679569244384766
        total non-zero amplitudes= 4900
        nsamples per process= 159
        sample time= 0.5085620880126953
        self.n= 0.6159601253974174
        RGN updated loss=-9.904626856525008,dloss=-0.0006720165672362555
step= 14

nparam= 1004
        dense amplitude time= 0.04630279541015625
        total non-zero amplitudes= 4900
        nsamples per process= 159
        sample time= 2.4948160648345947
        self.n= 0.615960125397416
        collect g,h time= 4.291483163833618
E=-9.904626856525006,dE=-0.0006720165672344791,std=0
L=-9.904626856525006,dL=-0.0006720165672344791,std=0
        gnorm= 0.006583168546374568
        symmetric= True
        solver time=0.005942106246948242,exit status=0
        SR solver time= 0.005976438522338867
        symmetric= False
        niter= 44
        niter= 246
        solver time=0.07539677619934082,exit status=0
        RGN solver time= 0.07542562484741211
        xnorm=5.003372838871269,dnorm=0.33406266750983593
        dense amplitude time= 0.0468142032623291
        total non-zero amplitudes= 4900
        nsamples per process= 159
        sample time= 0.5091216564178467
        self.n= 0.5933672602656679
        RGN updated loss=-9.90508331712716,dloss=-0.0004564606021535411
step= 15

nparam= 1004
        dense amplitude time= 0.05657148361206055
        total non-zero amplitudes= 4900
        nsamples per process= 159
        sample time= 2.543067455291748
        self.n= 0.5933672602656666
        collect g,h time= 4.239741325378418
E=-9.90508331712716,dE=-0.0004564606021535411,std=0
L=-9.90508331712716,dL=-0.0004564606021535411,std=0
        gnorm= 0.006528265678676634
        symmetric= True
        solver time=0.005921125411987305,exit status=0
        SR solver time= 0.0059893131256103516
        symmetric= False
        niter= 44
        niter= 239
        solver time=0.07179951667785645,exit status=0
        RGN solver time= 0.07183337211608887
        xnorm=5.050441736098201,dnorm=0.28405994619399244
        dense amplitude time= 0.045821428298950195
        total non-zero amplitudes= 4900
        nsamples per process= 159
        sample time= 0.5071680545806885
        self.n= 0.5784586473134509
        RGN updated loss=-9.90544577921543,dloss=-0.0003624620882707319
step= 16

nparam= 1004
        dense amplitude time= 0.04596233367919922
        total non-zero amplitudes= 4900
        nsamples per process= 159
        sample time= 2.5124847888946533
        self.n= 0.5784586473134499
        collect g,h time= 4.225794076919556
E=-9.905445779215428,dE=-0.00036246208826895554,std=0
L=-9.905445779215428,dL=-0.00036246208826895554,std=0
        gnorm= 0.004305997007592537
        symmetric= True
        solver time=0.005907535552978516,exit status=0
        SR solver time= 0.00594329833984375
        symmetric= False
        niter= 44
        niter= 250
        solver time=0.07523679733276367,exit status=0
        RGN solver time= 0.07526445388793945
        xnorm=5.102884788278143,dnorm=0.24229060169967356
        dense amplitude time= 0.04562020301818848
        total non-zero amplitudes= 4900
        nsamples per process= 159
        sample time= 0.5090117454528809
        self.n= 0.5634487996510172
        RGN updated loss=-9.905672301105565,dloss=-0.0002265218901360555
step= 17

nparam= 1004
        dense amplitude time= 0.06269145011901855
        total non-zero amplitudes= 4900
        nsamples per process= 159
        sample time= 2.499171018600464
        self.n= 0.5634487996510165
        collect g,h time= 4.323863744735718
E=-9.905672301105563,dE=-0.00022652189013427915,std=0
L=-9.905672301105563,dL=-0.00022652189013427915,std=0
        gnorm= 0.004013153917806898
        symmetric= True
        solver time=0.005972146987915039,exit status=0
        SR solver time= 0.006008148193359375
        symmetric= False
        niter= 44
        niter= 244
        solver time=0.07405233383178711,exit status=0
        RGN solver time= 0.07407999038696289
        xnorm=5.139173525262233,dnorm=0.20938369559744455
        dense amplitude time= 0.045853376388549805
        total non-zero amplitudes= 4900
        nsamples per process= 159
        sample time= 0.5085461139678955
        self.n= 0.5536554663616623
        RGN updated loss=-9.90583765826843,dloss=-0.00016535716286725233
step= 18

nparam= 1004
        dense amplitude time= 0.05767369270324707
        total non-zero amplitudes= 4900
        nsamples per process= 159
        sample time= 2.5098624229431152
        self.n= 0.5536554663616615
        collect g,h time= 4.345271587371826
E=-9.90583765826843,dE=-0.00016535716286725233,std=0
L=-9.90583765826843,dL=-0.00016535716286725233,std=0
        gnorm= 0.0028371114170604498
        symmetric= True
        solver time=0.006132841110229492,exit status=0
        SR solver time= 0.006170988082885742
        symmetric= False
        niter= 43
        niter= 250
        solver time=0.07599282264709473,exit status=0
        RGN solver time= 0.07602548599243164
        xnorm=5.176426605253712,dnorm=0.1849895408989309
        dense amplitude time= 0.04581117630004883
        total non-zero amplitudes= 4900
        nsamples per process= 159
        sample time= 0.5089292526245117
        self.n= 0.5442972496388762
        RGN updated loss=-9.90595278644463,dloss=-0.00011512817619951932
step= 19

nparam= 1004
        dense amplitude time= 0.046477317810058594
        total non-zero amplitudes= 4900
        nsamples per process= 159
        sample time= 2.482950448989868
        self.n= 0.544297249638875
        collect g,h time= 4.290086030960083
E=-9.905952786444628,dE=-0.00011512817619774296,std=0
L=-9.905952786444628,dL=-0.00011512817619774296,std=0
        gnorm= 0.002475764118846368
        symmetric= True
        solver time=0.005563497543334961,exit status=0
        SR solver time= 0.005599260330200195
        symmetric= False
        niter= 41
        niter= 249
        solver time=0.07564568519592285,exit status=0
        RGN solver time= 0.07568693161010742
        xnorm=5.205079796078553,dnorm=0.16827372907274168
        dense amplitude time= 0.045819997787475586
        total non-zero amplitudes= 4900
        nsamples per process= 159
        sample time= 0.5071213245391846
        self.n= 0.5376592935715236
        RGN updated loss=-9.906041210895982,dloss=-8.842445135393007e-05
step= 20

nparam= 1004
        dense amplitude time= 0.04620170593261719
        total non-zero amplitudes= 4900
        nsamples per process= 159
        sample time= 2.488762855529785
        self.n= 0.5376592935715228
        collect g,h time= 4.2808144092559814
E=-9.90604121089598,dE=-8.842445135215371e-05,std=0
L=-9.90604121089598,dL=-8.842445135215371e-05,std=0
        gnorm= 0.0018855439566620663
        symmetric= True
        solver time=0.005367755889892578,exit status=0
        SR solver time= 0.005403280258178711
        symmetric= False
        niter= 40
        niter= 250
        solver time=0.0752859115600586,exit status=0
        RGN solver time= 0.07531595230102539
        xnorm=5.233553248223654,dnorm=0.15586609493331072
        dense amplitude time= 0.0456392765045166
        total non-zero amplitudes= 4900
        nsamples per process= 159
        sample time= 0.5084216594696045
        self.n= 0.5313575624161478
        RGN updated loss=-9.906111516827428,dloss=-7.030593144818909e-05
step= 21

nparam= 1004
        dense amplitude time= 0.05693793296813965
        total non-zero amplitudes= 4900
        nsamples per process= 159
        sample time= 2.5113871097564697
        self.n= 0.5313575624161483
        collect g,h time= 4.278997898101807
E=-9.906111516827428,dE=-7.030593144818909e-05,std=0
L=-9.906111516827428,dL=-7.030593144818909e-05,std=0
        gnorm= 0.0016188559854041368
        symmetric= True
        solver time=0.005276679992675781,exit status=0
        SR solver time= 0.005312442779541016
        symmetric= False
        niter= 39
        niter= 250
        solver time=0.07500147819519043,exit status=0
        RGN solver time= 0.07503628730773926
        xnorm=5.2580841514870205,dnorm=0.14743895673090954
        dense amplitude time= 0.04557657241821289
        total non-zero amplitudes= 4900
        nsamples per process= 159
        sample time= 0.5105137825012207
        self.n= 0.5262276741756728
        RGN updated loss=-9.906170814508574,dloss=-5.9297681145764614e-05
step= 22

nparam= 1004
        dense amplitude time= 0.04782915115356445
        total non-zero amplitudes= 4900
        nsamples per process= 159
        sample time= 2.508396863937378
        self.n= 0.5262276741756715
        collect g,h time= 4.3153300285339355
E=-9.906170814508572,dE=-5.929768114398826e-05,std=0
L=-9.906170814508572,dL=-5.929768114398826e-05,std=0
        gnorm= 0.0013338778167724238
        symmetric= True
        solver time=0.005239248275756836,exit status=0
        SR solver time= 0.0053043365478515625
        symmetric= False
        niter= 38
        niter= 250
        solver time=0.07595539093017578,exit status=0
        RGN solver time= 0.07598638534545898
        xnorm=5.282199851230246,dnorm=0.1405653492214012
        dense amplitude time= 0.04566478729248047
        total non-zero amplitudes= 4900
        nsamples per process= 159
        sample time= 0.5103857517242432
        self.n= 0.5212613259294578
        RGN updated loss=-9.906222521364874,dloss=-5.170685630240257e-05
step= 23

nparam= 1004
        dense amplitude time= 0.04603695869445801
        total non-zero amplitudes= 4900
        nsamples per process= 159
        sample time= 2.502415657043457
        self.n= 0.5212613259294567
        collect g,h time= 4.371598243713379
E=-9.906222521364871,dE=-5.170685629884986e-05,std=0
L=-9.906222521364871,dL=-5.170685629884986e-05,std=0
        gnorm= 0.001154097703434351
        symmetric= True
        solver time=0.0054509639739990234,exit status=0
        SR solver time= 0.005488872528076172
        symmetric= False
        niter= 38
        niter= 253
        solver time=0.07705807685852051,exit status=0
        RGN solver time= 0.07708883285522461
        xnorm=5.304698231214303,dnorm=0.13514565207068827
        dense amplitude time= 0.04590797424316406
        total non-zero amplitudes= 4900
        nsamples per process= 159
        sample time= 0.5077760219573975
        self.n= 0.5167295671736374
        RGN updated loss=-9.906268983117718,dloss=-4.646175284683807e-05
step= 24

nparam= 1004
        dense amplitude time= 0.05634903907775879
        total non-zero amplitudes= 4900
        nsamples per process= 159
        sample time= 2.504838705062866
        self.n= 0.516729567173637
        collect g,h time= 4.328640699386597
E=-9.906268983117716,dE=-4.646175284506171e-05,std=0
L=-9.906268983117716,dL=-4.646175284506171e-05,std=0
        gnorm= 0.0010202622671280001
        symmetric= True
        solver time=0.005604267120361328,exit status=0
        SR solver time= 0.00564122200012207
        symmetric= False
        niter= 38
        niter= 253
        solver time=0.07715797424316406,exit status=0
        RGN solver time= 0.07718729972839355
        xnorm=5.326742665081225,dnorm=0.13044020352454885
        dense amplitude time= 0.048131465911865234
        total non-zero amplitudes= 4900
        nsamples per process= 159
        sample time= 0.5101785659790039
        self.n= 0.5122267058866194
        RGN updated loss=-9.90631141764699,dloss=-4.2434529273549515e-05
step= 25

nparam= 1004
        dense amplitude time= 0.05786275863647461
        total non-zero amplitudes= 4900
        nsamples per process= 159
        sample time= 2.496744394302368
        self.n= 0.5122267058866189
        collect g,h time= 4.336036920547485
E=-9.906311417646991,dE=-4.243452927532587e-05,std=0
L=-9.906311417646991,dL=-4.243452927532587e-05,std=0
        gnorm= 0.0009321782478513249
        symmetric= True
        solver time=0.005151987075805664,exit status=0
        SR solver time= 0.00518798828125
        symmetric= False
        niter= 37
        niter= 262
        solver time=0.07944655418395996,exit status=0
        RGN solver time= 0.07947492599487305
        xnorm=5.347872916294822,dnorm=0.1258691445437645
        dense amplitude time= 0.04574394226074219
        total non-zero amplitudes= 4900
        nsamples per process= 159
        sample time= 0.5105900764465332
        self.n= 0.5078336172696566
        RGN updated loss=-9.906350381678283,dloss=-3.8964031292110235e-05
step= 26

nparam= 1004
        dense amplitude time= 0.04620504379272461
        total non-zero amplitudes= 4900
        nsamples per process= 159
        sample time= 2.506518840789795
        self.n= 0.5078336172696559
        collect g,h time= 4.3094353675842285
E=-9.906350381678287,dE=-3.896403129566295e-05,std=0
L=-9.906350381678287,dL=-3.896403129566295e-05,std=0
        gnorm= 0.0008619631046502757
        symmetric= True
        solver time=0.005240917205810547,exit status=0
        SR solver time= 0.00527644157409668
        symmetric= False
        niter= 38
        niter= 266
        solver time=0.07993674278259277,exit status=0
        RGN solver time= 0.07996368408203125
        xnorm=5.368436140001438,dnorm=0.12131574351299027
        dense amplitude time= 0.04557633399963379
        total non-zero amplitudes= 4900
        nsamples per process= 159
        sample time= 0.5102598667144775
        self.n= 0.5035060604033281
        RGN updated loss=-9.906386198383359,dloss=-3.5816705072022614e-05
step= 27

nparam= 1004
        dense amplitude time= 0.04628944396972656
        total non-zero amplitudes= 4900
        nsamples per process= 159
        sample time= 2.502138614654541
        self.n= 0.5035060604033278
        collect g,h time= 4.318995952606201
E=-9.906386198383359,dE=-3.5816705072022614e-05,std=0
L=-9.906386198383359,dL=-3.5816705072022614e-05,std=0
        gnorm= 0.0008068530121966994
        symmetric= True
        solver time=0.005021810531616211,exit status=0
        SR solver time= 0.0050580501556396484
        symmetric= False
        niter= 37
        niter= 269
        solver time=0.08031558990478516,exit status=0
        RGN solver time= 0.08034729957580566
        xnorm=5.387992575069801,dnorm=0.11686974626550084
        dense amplitude time= 0.045655250549316406
        total non-zero amplitudes= 4900
        nsamples per process= 159
        sample time= 0.5085983276367188
        self.n= 0.4992512065587135
        RGN updated loss=-9.906419160175647,dloss=-3.2961792287622416e-05
step= 28

nparam= 1004
        dense amplitude time= 0.04642796516418457
        total non-zero amplitudes= 4900
        nsamples per process= 159
        sample time= 2.4942941665649414
        self.n= 0.4992512065587136
        collect g,h time= 4.280578136444092
E=-9.906419160175645,dE=-3.296179228584606e-05,std=0
L=-9.906419160175645,dL=-3.296179228584606e-05,std=0
        gnorm= 0.0008140198780515228
        symmetric= True
        solver time=0.005509376525878906,exit status=0
        SR solver time= 0.0055463314056396484
        symmetric= False
        niter= 40
        niter= 264
        solver time=0.07891321182250977,exit status=0
        RGN solver time= 0.07894134521484375
        xnorm=5.406877736499196,dnorm=0.11225155910903836
        dense amplitude time= 0.04554939270019531
        total non-zero amplitudes= 4900
        nsamples per process= 159
        sample time= 0.5079033374786377
        self.n= 0.4951935191010066
        RGN updated loss=-9.906449156115086,dloss=-2.9995939440752295e-05
step= 29

nparam= 1004
        dense amplitude time= 0.05650758743286133
        total non-zero amplitudes= 4900
        nsamples per process= 159
        sample time= 2.50881290435791
        self.n= 0.49519351910100606
        collect g,h time= 4.274828672409058
E=-9.906449156115086,dE=-2.9995939440752295e-05,std=0
L=-9.906449156115086,dL=-2.9995939440752295e-05,std=0
        gnorm= 0.0007473213436205953
        symmetric= True
        solver time=0.005110740661621094,exit status=0
        SR solver time= 0.005148172378540039
        symmetric= False
        niter= 37
        niter= 267
        solver time=0.08009791374206543,exit status=0
        RGN solver time= 0.0801248550415039
        xnorm=5.424571587369383,dnorm=0.10820640945072717
        dense amplitude time= 0.045774221420288086
        total non-zero amplitudes= 4900
        nsamples per process= 159
        sample time= 0.5094618797302246
        self.n= 0.4910492362423876
        RGN updated loss=-9.906477141437575,dloss=-2.798532248959873e-05
step= 30

nparam= 1004
        dense amplitude time= 0.0465242862701416
        total non-zero amplitudes= 4900
        nsamples per process= 159
        sample time= 2.49446177482605
        self.n= 0.4910492362423873
        collect g,h time= 4.2621071338653564
E=-9.906477141437573,dE=-2.7985322487822373e-05,std=0
L=-9.906477141437573,dL=-2.7985322487822373e-05,std=0
        gnorm= 0.000656235927328712
        symmetric= True
        solver time=0.005274057388305664,exit status=0
        SR solver time= 0.0053386688232421875
        symmetric= False
        niter= 37
        niter= 275
        solver time=0.08365082740783691,exit status=0
        RGN solver time= 0.08368563652038574
        xnorm=5.441746239221057,dnorm=0.1042727356649753
        dense amplitude time= 0.045766353607177734
        total non-zero amplitudes= 4900
        nsamples per process= 159
        sample time= 0.5095763206481934
        self.n= 0.4870634052978474
        RGN updated loss=-9.90650277015545,dloss=-2.5628717876813312e-05
step= 31

nparam= 1004
        dense amplitude time= 0.05501508712768555
        total non-zero amplitudes= 4900
        nsamples per process= 159
        sample time= 2.5123794078826904
        self.n= 0.4870634052978467
        collect g,h time= 4.341179847717285
E=-9.906502770155454,dE=-2.5628717880366025e-05,std=0
L=-9.906502770155454,dL=-2.5628717880366025e-05,std=0
        gnorm= 0.0006076585078137542
        symmetric= True
        solver time=0.005393505096435547,exit status=0
        SR solver time= 0.0054302215576171875
        symmetric= False
        niter= 37
        niter= 273
        solver time=0.08320236206054688,exit status=0
        RGN solver time= 0.08323025703430176
        xnorm=5.457981507853729,dnorm=0.1008286955852343
        dense amplitude time= 0.04575157165527344
        total non-zero amplitudes= 4900
        nsamples per process= 159
        sample time= 0.509188175201416
        self.n= 0.483175178535987
        RGN updated loss=-9.9065265979786,dloss=-2.3827823145694538e-05
step= 32

nparam= 1004
        dense amplitude time= 0.05857992172241211
        total non-zero amplitudes= 4900
        nsamples per process= 159
        sample time= 2.507176637649536
        self.n= 0.48317517853598657
        collect g,h time= 4.304931402206421
E=-9.9065265979786,dE=-2.3827823145694538e-05,std=0
L=-9.9065265979786,dL=-2.3827823145694538e-05,std=0
        gnorm= 0.0006042090195118371
        symmetric= True
        solver time=0.0051555633544921875,exit status=0
        SR solver time= 0.005192756652832031
        symmetric= False
        niter= 38
        niter= 276
        solver time=0.0833890438079834,exit status=0
        RGN solver time= 0.08346128463745117
        xnorm=5.473146595065227,dnorm=0.09758844733174314
        dense amplitude time= 0.04580259323120117
        total non-zero amplitudes= 4900
        nsamples per process= 159
        sample time= 0.5104982852935791
        self.n= 0.479364205795626
        RGN updated loss=-9.90654873263883,dloss=-2.2134660230932468e-05
step= 33

nparam= 1004
        dense amplitude time= 0.05769228935241699
        total non-zero amplitudes= 4900
        nsamples per process= 159
        sample time= 2.515157699584961
        self.n= 0.4793642057956249
        collect g,h time= 4.35539174079895
E=-9.906548732638829,dE=-2.213466022915611e-05,std=0
L=-9.906548732638829,dL=-2.213466022915611e-05,std=0
        gnorm= 0.0005353526779672752
        symmetric= True
        solver time=0.005312204360961914,exit status=0
        SR solver time= 0.00534820556640625
        symmetric= False
        niter= 38
        niter= 280
        solver time=0.08520674705505371,exit status=0
        RGN solver time= 0.08523750305175781
        xnorm=5.48745667490611,dnorm=0.0948975643292727
        dense amplitude time= 0.04576873779296875
        total non-zero amplitudes= 4900
        nsamples per process= 159
        sample time= 0.5046145915985107
        self.n= 0.475672037019063
        RGN updated loss=-9.906569766460404,dloss=-2.1033821575144884e-05
step= 34

nparam= 1004
        dense amplitude time= 0.04610276222229004
        total non-zero amplitudes= 4900
        nsamples per process= 159
        sample time= 2.491194725036621
        self.n= 0.47567203701906224
        collect g,h time= 4.309351444244385
E=-9.906569766460404,dE=-2.1033821575144884e-05,std=0
L=-9.906569766460404,dL=-2.1033821575144884e-05,std=0
        gnorm= 0.0004987715543690349
        symmetric= True
        solver time=0.004920244216918945,exit status=0
        SR solver time= 0.0049555301666259766
        symmetric= False
        niter= 36
        niter= 281
        solver time=0.08380007743835449,exit status=0
        RGN solver time= 0.0838325023651123
        xnorm=5.500850946787799,dnorm=0.09263370612010198
        dense amplitude time= 0.04589581489562988
        total non-zero amplitudes= 4900
        nsamples per process= 159
        sample time= 0.5067310333251953
        self.n= 0.47202300125675967
        RGN updated loss=-9.906589704424734,dloss=-1.9937964330196678e-05
step= 35

nparam= 1004
        dense amplitude time= 0.05767512321472168
        total non-zero amplitudes= 4900
        nsamples per process= 159
        sample time= 2.4969770908355713
        self.n= 0.4720230012567588
        collect g,h time= 4.312306642532349
E=-9.906589704424734,dE=-1.9937964330196678e-05,std=0
L=-9.906589704424734,dL=-1.9937964330196678e-05,std=0
        gnorm= 0.0004530240305366045
        symmetric= True
        solver time=0.004991054534912109,exit status=0
        SR solver time= 0.005029439926147461
        symmetric= False
        niter= 36
        niter= 281
        solver time=0.08506941795349121,exit status=0
        RGN solver time= 0.08510136604309082
        xnorm=5.513300029382424,dnorm=0.09067673144124655
        dense amplitude time= 0.045778512954711914
        total non-zero amplitudes= 4900
        nsamples per process= 159
        sample time= 0.5061581134796143
        self.n= 0.4683723610064396
        RGN updated loss=-9.906608793729216,dloss=-1.908930448202284e-05
step= 36

nparam= 1004
        dense amplitude time= 0.0460047721862793
        total non-zero amplitudes= 4900
        nsamples per process= 159
        sample time= 2.5160138607025146
        self.n= 0.46837236100643964
        collect g,h time= 4.316512107849121
E=-9.906608793729214,dE=-1.9089304480246483e-05,std=0
L=-9.906608793729214,dL=-1.9089304480246483e-05,std=0
        gnorm= 0.00043227764390891556
        symmetric= True
        solver time=0.004865169525146484,exit status=0
        SR solver time= 0.004900455474853516
        symmetric= False
        niter= 36
        niter= 281
        solver time=0.08476519584655762,exit status=0
        RGN solver time= 0.08479666709899902
        xnorm=5.52491238529584,dnorm=0.08900826688968934
        dense amplitude time= 0.045865774154663086
        total non-zero amplitudes= 4900
        nsamples per process= 159
        sample time= 0.511627197265625
        self.n= 0.46473721072963226
        RGN updated loss=-9.90662721790024,dloss=-1.8424171026154568e-05
step= 37

nparam= 1004
        dense amplitude time= 0.04664349555969238
        total non-zero amplitudes= 4900
        nsamples per process= 159
        sample time= 2.5418903827667236
        self.n= 0.4647372107296326
        collect g,h time= 4.322781562805176
E=-9.90662721790024,dE=-1.8424171026154568e-05,std=0
L=-9.90662721790024,dL=-1.8424171026154568e-05,std=0
        gnorm= 0.0004090251023271448
        symmetric= True
        solver time=0.00516510009765625,exit status=0
        SR solver time= 0.005201101303100586
        symmetric= False
        niter= 38
        niter= 281
        solver time=0.08558130264282227,exit status=0
        RGN solver time= 0.08561515808105469
        xnorm=5.535663490165895,dnorm=0.08762249874383365
        dense amplitude time= 0.045884132385253906
        total non-zero amplitudes= 4900
        nsamples per process= 159
        sample time= 0.5073065757751465
        self.n= 0.4610948885267469
        RGN updated loss=-9.906645084610625,dloss=-1.786671038495058e-05
step= 38

nparam= 1004
        dense amplitude time= 0.057756662368774414
        total non-zero amplitudes= 4900
        nsamples per process= 159
        sample time= 2.5190885066986084
        self.n= 0.4610948885267466
        collect g,h time= 4.347541570663452
E=-9.906645084610627,dE=-1.7866710386726936e-05,std=0
L=-9.906645084610627,dL=-1.7866710386726936e-05,std=0
        gnorm= 0.000489307491989416
        symmetric= True
        solver time=0.005449533462524414,exit status=0
        SR solver time= 0.005486488342285156
        symmetric= False
        niter= 40
        niter= 281
        solver time=0.08458614349365234,exit status=0
        RGN solver time= 0.08461523056030273
        xnorm=5.545648651324701,dnorm=0.08641796513075808
        dense amplitude time= 0.04585456848144531
        total non-zero amplitudes= 4900
        nsamples per process= 159
        sample time= 0.5054793357849121
        self.n= 0.4573482138844054
        RGN updated loss=-9.906662491554624,dloss=-1.7406943996434165e-05
step= 39

nparam= 1004
        dense amplitude time= 0.04619169235229492
        total non-zero amplitudes= 4900
        nsamples per process= 159
        sample time= 2.513129711151123
        self.n= 0.45734821388440494
        collect g,h time= 4.3103556632995605
E=-9.906662491554625,dE=-1.7406943998210522e-05,std=0
L=-9.906662491554625,dL=-1.7406943998210522e-05,std=0
        gnorm= 0.00039684657050298054
        symmetric= True
        solver time=0.005518198013305664,exit status=0
        SR solver time= 0.005553722381591797
        symmetric= False
        niter= 38
        niter= 281
        solver time=0.08511090278625488,exit status=0
        RGN solver time= 0.08515214920043945
        xnorm=5.554739115120209,dnorm=0.08556210624563897
        dense amplitude time= 0.04428219795227051
        total non-zero amplitudes= 4900
        nsamples per process= 159
        sample time= 0.5102412700653076
        self.n= 0.45359988445866334
        RGN updated loss=-9.90667978676537,dloss=-1.7295210744450173e-05
step= 40

nparam= 1004
        dense amplitude time= 0.04654192924499512
        total non-zero amplitudes= 4900
        nsamples per process= 159
        sample time= 2.5228750705718994
        self.n= 0.4535998844586623
        collect g,h time= 4.316372394561768
E=-9.906679786765368,dE=-1.7295210742673817e-05,std=0
L=-9.906679786765368,dL=-1.7295210742673817e-05,std=0
        gnorm= 0.0003723210847728618
        symmetric= True
        solver time=0.005101680755615234,exit status=0
        SR solver time= 0.005135774612426758
        symmetric= False
        niter= 37
        niter= 285
        solver time=0.08568286895751953,exit status=0
        RGN solver time= 0.08571195602416992
        xnorm=5.562828358377844,dnorm=0.08484324523100645
        dense amplitude time= 0.045757293701171875
        total non-zero amplitudes= 4900
        nsamples per process= 159
        sample time= 0.5097289085388184
        self.n= 0.4498184513988045
        RGN updated loss=-9.90669681829248,dloss=-1.7031527111299738e-05
step= 41

nparam= 1004
        dense amplitude time= 0.05231738090515137
        total non-zero amplitudes= 4900
        nsamples per process= 159
        sample time= 2.518239974975586
        self.n= 0.4498184513988038
        collect g,h time= 4.414367437362671
E=-9.906696818292481,dE=-1.7031527113076095e-05,std=0
L=-9.906696818292481,dL=-1.7031527113076095e-05,std=0
        gnorm= 0.0003670392319341254
        symmetric= True
        solver time=0.005457639694213867,exit status=0
        SR solver time= 0.005522489547729492
        symmetric= False
        niter= 38
        niter= 286
        solver time=0.08728623390197754,exit status=0
        RGN solver time= 0.08731651306152344
        xnorm=5.569990232796308,dnorm=0.08431207571712801
        dense amplitude time= 0.045693159103393555
        total non-zero amplitudes= 4900
        nsamples per process= 159
        sample time= 0.5098276138305664
        self.n= 0.4459492762789994
        RGN updated loss=-9.906713742915285,dloss=-1.692462280367124e-05
step= 42

nparam= 1004
        dense amplitude time= 0.046109676361083984
        total non-zero amplitudes= 4900
        nsamples per process= 159
        sample time= 2.526381015777588
        self.n= 0.4459492762789983
        collect g,h time= 4.351407289505005
E=-9.906713742915283,dE=-1.6924622801894884e-05,std=0
L=-9.906713742915283,dL=-1.6924622801894884e-05,std=0
        gnorm= 0.0003516118832062387
        symmetric= True
        solver time=0.005280971527099609,exit status=0
        SR solver time= 0.005318403244018555
        symmetric= False
        niter= 38
        niter= 287
        solver time=0.08648967742919922,exit status=0
        RGN solver time= 0.08652091026306152
        xnorm=5.576154313135978,dnorm=0.08400097125085303
        dense amplitude time= 0.04566144943237305
        total non-zero amplitudes= 4900
        nsamples per process= 159
        sample time= 0.5091841220855713
        self.n= 0.4419840917922091
        RGN updated loss=-9.906730681243479,dloss=-1.693832819604779e-05
step= 43

nparam= 1004
        dense amplitude time= 0.058650970458984375
        total non-zero amplitudes= 4900
        nsamples per process= 159
        sample time= 2.52305006980896
        self.n= 0.4419840917922089
        collect g,h time= 4.294932842254639
E=-9.90673068124348,dE=-1.693832819782415e-05,std=0
L=-9.90673068124348,dL=-1.693832819782415e-05,std=0
        gnorm= 0.00035193267604513443
        symmetric= True
        solver time=0.005274772644042969,exit status=0
        SR solver time= 0.005311727523803711
        symmetric= False
        niter= 38
        niter= 289
        solver time=0.08762812614440918,exit status=0
        RGN solver time= 0.08765792846679688
        xnorm=5.581239269014599,dnorm=0.08394742486113665
        dense amplitude time= 0.0456387996673584
        total non-zero amplitudes= 4900
        nsamples per process= 159
        sample time= 0.5091323852539062
        self.n= 0.4379311458376223
        RGN updated loss=-9.906747753653969,dloss=-1.7072410487983802e-05
step= 44

nparam= 1004
        dense amplitude time= 0.057564735412597656
        total non-zero amplitudes= 4900
        nsamples per process= 159
        sample time= 2.513232946395874
        self.n= 0.43793114583762227
        collect g,h time= 4.3122522830963135
E=-9.90674775365397,dE=-1.707241048976016e-05,std=0
L=-9.90674775365397,dL=-1.707241048976016e-05,std=0
        gnorm= 0.0003555261536869874
        symmetric= True
        solver time=0.005125284194946289,exit status=0
        SR solver time= 0.005161285400390625
        symmetric= False
        niter= 38
        niter= 290
        solver time=0.08709263801574707,exit status=0
        RGN solver time= 0.08712315559387207
        xnorm=5.585127000543031,dnorm=0.08419354209826813
        dense amplitude time= 0.04570603370666504
        total non-zero amplitudes= 4900
        nsamples per process= 159
        sample time= 0.5098700523376465
        self.n= 0.4337446038241358
        RGN updated loss=-9.906765093451321,dloss=-1.733979735085711e-05
step= 45

nparam= 1004
        dense amplitude time= 0.04618215560913086
        total non-zero amplitudes= 4900
        nsamples per process= 159
        sample time= 2.5078279972076416
        self.n= 0.4337446038241347
        collect g,h time= 4.326125383377075
E=-9.906765093451323,dE=-1.7339797352633468e-05,std=0
L=-9.906765093451323,dL=-1.7339797352633468e-05,std=0
        gnorm= 0.00037293378840906735
        symmetric= True
        solver time=0.0053141117095947266,exit status=0
        SR solver time= 0.00535273551940918
        symmetric= False
        niter= 39
        niter= 290
        solver time=0.08753705024719238,exit status=0
        RGN solver time= 0.08756637573242188
        xnorm=5.587834726741299,dnorm=0.08475987865829161
        dense amplitude time= 0.045625925064086914
        total non-zero amplitudes= 4900
        nsamples per process= 159
        sample time= 0.5101783275604248
        self.n= 0.42943904125796445
        RGN updated loss=-9.906782840194568,dloss=-1.774674324472869e-05
step= 46

nparam= 1004
        dense amplitude time= 0.04624128341674805
        total non-zero amplitudes= 4900
        nsamples per process= 159
        sample time= 2.5193469524383545
        self.n= 0.4294390412579643
        collect g,h time= 4.269904851913452
E=-9.906782840194568,dE=-1.774674324472869e-05,std=0
L=-9.906782840194568,dL=-1.774674324472869e-05,std=0
        gnorm= 0.00036281736012810304
        symmetric= True
        solver time=0.008202075958251953,exit status=0
        SR solver time= 0.008237361907958984
        symmetric= False
        niter= 39
        niter= 294
        solver time=0.09511828422546387,exit status=0
        RGN solver time= 0.09514880180358887
        xnorm=5.589171696411208,dnorm=0.08573554199818641
        dense amplitude time= 0.04687356948852539
        total non-zero amplitudes= 4900
        nsamples per process= 159
        sample time= 0.5123624801635742
        self.n= 0.42498147051042845
        RGN updated loss=-9.906801147909464,dloss=-1.830771489608196e-05
step= 47

nparam= 1004
        dense amplitude time= 0.05775308609008789
        total non-zero amplitudes= 4900
        nsamples per process= 159
        sample time= 2.5100388526916504
        self.n= 0.4249814705104281
        collect g,h time= 4.351724863052368
E=-9.906801147909464,dE=-1.830771489608196e-05,std=0
L=-9.906801147909464,dL=-1.830771489608196e-05,std=0
        gnorm= 0.00038121385435168194
        symmetric= True
        solver time=0.005214691162109375,exit status=0
        SR solver time= 0.005252838134765625
        symmetric= False
        niter= 39
        niter= 294
        solver time=0.08953142166137695,exit status=0
        RGN solver time= 0.08956170082092285
        xnorm=5.589111580938114,dnorm=0.08697518906283952
        dense amplitude time= 0.04571938514709473
        total non-zero amplitudes= 4900
        nsamples per process= 159
        sample time= 0.5088505744934082
        self.n= 0.4203682747566943
        RGN updated loss=-9.906820117243562,dloss=-1.8969334098173363e-05
step= 48

nparam= 1004
        dense amplitude time= 0.046135902404785156
        total non-zero amplitudes= 4900
        nsamples per process= 159
        sample time= 2.5024547576904297
        self.n= 0.42036827475669347
        collect g,h time= 4.286458492279053
E=-9.906820117243562,dE=-1.8969334098173363e-05,std=0
L=-9.906820117243562,dL=-1.8969334098173363e-05,std=0
        gnorm= 0.0003904691640983071
        symmetric= True
        solver time=0.005535602569580078,exit status=0
        SR solver time= 0.005568504333496094
        symmetric= False
        niter= 39
        niter= 296
        solver time=0.09410524368286133,exit status=0
        RGN solver time= 0.09413361549377441
        xnorm=5.587630868393133,dnorm=0.08816435908360462
        dense amplitude time= 0.04627513885498047
        total non-zero amplitudes= 4900
        nsamples per process= 159
        sample time= 0.5109553337097168
        self.n= 0.41556179136682714
        RGN updated loss=-9.906839698099173,dloss=-1.9580855610712433e-05
step= 49

nparam= 1004
        dense amplitude time= 0.04550957679748535
        total non-zero amplitudes= 4900
        nsamples per process= 159
        sample time= 2.5284063816070557
        self.n= 0.4155617913668266
        collect g,h time= 4.406694173812866
E=-9.906839698099173,dE=-1.9580855610712433e-05,std=0
L=-9.906839698099173,dL=-1.9580855610712433e-05,std=0
        gnorm= 0.0004094009214822843
        symmetric= True
        solver time=0.005376338958740234,exit status=0
        SR solver time= 0.005410432815551758
        symmetric= False
        niter= 39
        niter= 295
        solver time=0.08965373039245605,exit status=0
        RGN solver time= 0.08968973159790039
        xnorm=5.58463367039314,dnorm=0.08935960110489292
        dense amplitude time= 0.0458526611328125
        total non-zero amplitudes= 4900
        nsamples per process= 159
        sample time= 0.5087652206420898
        self.n= 0.4106113797835421
        RGN updated loss=-9.906859849435037,dloss=-2.0151335863971553e-05
layer= 0
nparam= 660
hop_ls= [(1, 5), (1, 8), (1, 9), (1, 13), (5, 8), (5, 9), (5, 13), (8, 9), (8, 13), (9, 13)]

layer= 1
nparam= 144
hop_ls= [(9, 14), (1, 6), (2, 5), (2, 8), (2, 14), (13, 14), (6, 8), (6, 14), (5, 6), (8, 14), (1, 2), (1, 14), (2, 13), (6, 13), (5, 14), (2, 9), (2, 6), (6, 9)]

layer= 2
nparam= 152
hop_ls= [(6, 12), (4, 9), (4, 6), (4, 12), (12, 13), (0, 2), (5, 10), (0, 5), (8, 12), (0, 8), (0, 14), (10, 12), (1, 12), (4, 5), (4, 8), (4, 14), (5, 12), (0, 1), (9, 10), (2, 4), (0, 4), (0, 10), (0, 13), (2, 10), (10, 14), (6, 10), (12, 14), (4, 10), (4, 13), (9, 12), (0, 9), (8, 10), (1, 4), (0, 6), (0, 12), (2, 12), (1, 10), (10, 13)]

layer= 3
nparam= 48
hop_ls= [(6, 15), (3, 4), (3, 10), (5, 7), (4, 15), (3, 13), (9, 11), (11, 14), (1, 3), (2, 11), (8, 15), (0, 11), (10, 15), (1, 15), (6, 11), (7, 10), (7, 13), (3, 9), (12, 15), (3, 6), (3, 12), (4, 11), (14, 15), (8, 11), (0, 7), (5, 15), (10, 11), (2, 7), (1, 11), (11, 13), (7, 9), (6, 7), (7, 12), (4, 7), (3, 5), (3, 8), (3, 14), (5, 11), (0, 3), (9, 15), (2, 3), (11, 12), (1, 7), (0, 15), (2, 15), (13, 15), (7, 8), (7, 14)]

step= 50

nparam= 1004
ntotal configs= 4900
        dense amplitude time= 0.052890777587890625
        total non-zero amplitudes= 4900
        nsamples per process= 159
        sample time= 14.95530915260315
        self.n= 0.41061137978354184
        collect g,h time= 18.138420343399048
E=-9.906859849435039,dE=0,std=0
L=-9.906859849435039,dL=0,std=0
        gnorm= 0.00043629350082616204
        symmetric= True
        solver time=0.008610010147094727,exit status=0
        SR solver time= 0.008704185485839844
        symmetric= False
        niter= 39
        niter= 294
        solver time=0.10879755020141602,exit status=0
        RGN solver time= 0.10883426666259766
        xnorm=5.580354499634089,dnorm=0.09029622144168475
        dense amplitude time= 0.04803895950317383
        total non-zero amplitudes= 4900
        nsamples per process= 159
        sample time= 0.5837066173553467
        self.n= 0.4054269257876188
        RGN updated loss=-9.906880341736594,dloss=-2.0492301555208314e-05
step= 51

nparam= 1004
        dense amplitude time= 0.04633808135986328
        total non-zero amplitudes= 4900
        nsamples per process= 159
        sample time= 2.5013461112976074
        self.n= 0.40542692578761835
        collect g,h time= 4.498547077178955
E=-9.906880341736597,dE=-2.0492301558761028e-05,std=0
L=-9.906880341736597,dL=-2.0492301558761028e-05,std=0
        gnorm= 0.0004485018711166634
        symmetric= True
        solver time=0.005551815032958984,exit status=0
        SR solver time= 0.005589962005615234
        symmetric= False
        niter= 39
        niter= 294
        solver time=0.08925747871398926,exit status=0
        RGN solver time= 0.08929324150085449
        xnorm=5.574947530205837,dnorm=0.09090743495697187
        dense amplitude time= 0.04588460922241211
        total non-zero amplitudes= 4900
        nsamples per process= 159
        sample time= 0.5068833827972412
        self.n= 0.4000295526441454
        RGN updated loss=-9.906901026584952,dloss=-2.0684848355045915e-05
step= 52

nparam= 1004
        dense amplitude time= 0.04589104652404785
        total non-zero amplitudes= 4900
        nsamples per process= 159
        sample time= 2.499218702316284
        self.n= 0.4000295526441449
        collect g,h time= 4.351789712905884
E=-9.906901026584952,dE=-2.0684848355045915e-05,std=0
L=-9.906901026584952,dL=-2.0684848355045915e-05,std=0
        gnorm= 0.0004702923124109799
        symmetric= True
        solver time=0.005288362503051758,exit status=0
        SR solver time= 0.0053250789642333984
        symmetric= False
        niter= 38
        niter= 292
        solver time=0.08875155448913574,exit status=0
        RGN solver time= 0.08877873420715332
        xnorm=5.568624571808871,dnorm=0.0909912887757131
        dense amplitude time= 0.04708576202392578
        total non-zero amplitudes= 4900
        nsamples per process= 159
        sample time= 0.5079858303070068
        self.n= 0.39438430222966125
        RGN updated loss=-9.906921571191521,dloss=-2.0544606568861923e-05
step= 53

nparam= 1004
        dense amplitude time= 0.04667973518371582
        total non-zero amplitudes= 4900
        nsamples per process= 159
        sample time= 2.5011918544769287
        self.n= 0.3943843022296605
        collect g,h time= 4.3669257164001465
E=-9.906921571191521,dE=-2.0544606568861923e-05,std=0
L=-9.906921571191521,dL=-2.0544606568861923e-05,std=0
        gnorm= 0.0004932751328594753
        symmetric= True
        solver time=0.005537271499633789,exit status=0
        SR solver time= 0.005610942840576172
        symmetric= False
        niter= 38
        niter= 289
        solver time=0.08871793746948242,exit status=0
        RGN solver time= 0.08875346183776855
        xnorm=5.561657286551276,dnorm=0.09047587480109974
        dense amplitude time= 0.04602694511413574
        total non-zero amplitudes= 4900
        nsamples per process= 159
        sample time= 0.5044302940368652
        self.n= 0.38849785113226837
        RGN updated loss=-9.906941689949013,dloss=-2.011875749197145e-05
step= 54

nparam= 1004
        dense amplitude time= 0.04611539840698242
        total non-zero amplitudes= 4900
        nsamples per process= 159
        sample time= 2.5229668617248535
        self.n= 0.38849785113226765
        collect g,h time= 4.352836847305298
E=-9.906941689949013,dE=-2.011875749197145e-05,std=0
L=-9.906941689949013,dL=-2.011875749197145e-05,std=0
        gnorm= 0.0005082385778924542
        symmetric= True
        solver time=0.0054931640625,exit status=0
        SR solver time= 0.005528688430786133
        symmetric= False
        niter= 39
        niter= 289
        solver time=0.08817338943481445,exit status=0
        RGN solver time= 0.08820343017578125
        xnorm=5.5543199302603785,dnorm=0.08950582244812937
        dense amplitude time= 0.0475618839263916
        total non-zero amplitudes= 4900
        nsamples per process= 159
        sample time= 0.5106804370880127
        self.n= 0.3824603531793475
        RGN updated loss=-9.906961230250262,dloss=-1.9540301249065806e-05
step= 55

nparam= 1004
        dense amplitude time= 0.04566502571105957
        total non-zero amplitudes= 4900
        nsamples per process= 159
        sample time= 2.522080183029175
        self.n= 0.38246035317934723
        collect g,h time= 4.37733268737793
E=-9.906961230250264,dE=-1.9540301250842163e-05,std=0
L=-9.906961230250264,dL=-1.9540301250842163e-05,std=0
        gnorm= 0.0005176039834829477
        symmetric= True
        solver time=0.00540924072265625,exit status=0
        SR solver time= 0.0054743289947509766
        symmetric= False
        niter= 39
        niter= 286
        solver time=0.08788061141967773,exit status=0
        RGN solver time= 0.08791518211364746
        xnorm=5.546723165898992,dnorm=0.0880757161337531
        dense amplitude time= 0.04990863800048828
        total non-zero amplitudes= 4900
        nsamples per process= 159
        sample time= 0.5070829391479492
        self.n= 0.3762541048477685
        RGN updated loss=-9.906979996751529,dloss=-1.8766501264977364e-05
step= 56

nparam= 1004
        dense amplitude time= 0.04590463638305664
        total non-zero amplitudes= 4900
        nsamples per process= 159
        sample time= 2.489715814590454
        self.n= 0.37625410484776806
        collect g,h time= 4.400707006454468
E=-9.906979996751529,dE=-1.8766501264977364e-05,std=0
L=-9.906979996751529,dL=-1.8766501264977364e-05,std=0
        gnorm= 0.0005156116772522834
        symmetric= True
        solver time=0.00500035285949707,exit status=0
        SR solver time= 0.005035400390625
        symmetric= False
        niter= 38
        niter= 287
        solver time=0.08826208114624023,exit status=0
        RGN solver time= 0.08829140663146973
        xnorm=5.538976916837079,dnorm=0.08613966693576194
        dense amplitude time= 0.04584336280822754
        total non-zero amplitudes= 4900
        nsamples per process= 159
        sample time= 0.503227710723877
        self.n= 0.369974164073703
        RGN updated loss=-9.9069978173095,dloss=-1.782055797150406e-05
step= 57

nparam= 1004
        dense amplitude time= 0.057511091232299805
        total non-zero amplitudes= 4900
        nsamples per process= 159
        sample time= 2.506215810775757
        self.n= 0.3699741640737022
        collect g,h time= 4.344838380813599
E=-9.9069978173095,dE=-1.782055797150406e-05,std=0
L=-9.9069978173095,dL=-1.782055797150406e-05,std=0
        gnorm= 0.0005097046894485081
        symmetric= True
        solver time=0.005515098571777344,exit status=0
        SR solver time= 0.005580902099609375
        symmetric= False
        niter= 37
        niter= 287
        solver time=0.09107732772827148,exit status=0
        RGN solver time= 0.09110569953918457
        xnorm=5.531212885253677,dnorm=0.08398012527738967
        dense amplitude time= 0.04616189002990723
        total non-zero amplitudes= 4900
        nsamples per process= 159
        sample time= 0.5093765258789062
        self.n= 0.3636820881202072
        RGN updated loss=-9.90701461746998,dloss=-1.6800160478780413e-05
step= 58

nparam= 1004
        dense amplitude time= 0.04584789276123047
        total non-zero amplitudes= 4900
        nsamples per process= 159
        sample time= 2.4939348697662354
        self.n= 0.3636820881202071
        collect g,h time= 4.313299655914307
E=-9.907014617469981,dE=-1.680016048055677e-05,std=0
L=-9.907014617469981,dL=-1.680016048055677e-05,std=0
        gnorm= 0.0004970445376066712
        symmetric= True
        solver time=0.004805564880371094,exit status=0
        SR solver time= 0.004840850830078125
        symmetric= False
        niter= 37
        niter= 288
        solver time=0.08641409873962402,exit status=0
        RGN solver time= 0.0864410400390625
        xnorm=5.523481231730904,dnorm=0.08163416930306458
        dense amplitude time= 0.04581308364868164
        total non-zero amplitudes= 4900
        nsamples per process= 159
        sample time= 0.5045578479766846
        self.n= 0.35740932758351973
        RGN updated loss=-9.907030358844986,dloss=-1.5741375005262626e-05
step= 59

nparam= 1004
        dense amplitude time= 0.05522465705871582
        total non-zero amplitudes= 4900
        nsamples per process= 159
        sample time= 2.503152370452881
        self.n= 0.35740932758351934
        collect g,h time= 4.368778944015503
E=-9.907030358844986,dE=-1.5741375005262626e-05,std=0
L=-9.907030358844986,dL=-1.5741375005262626e-05,std=0
        gnorm= 0.0004928445921190558
        symmetric= True
        solver time=0.005469322204589844,exit status=0
        SR solver time= 0.005506277084350586
        symmetric= False
        niter= 39
        niter= 289
        solver time=0.08748698234558105,exit status=0
        RGN solver time= 0.08751511573791504
        xnorm=5.515847809308367,dnorm=0.079177073408595
        dense amplitude time= 0.04621410369873047
        total non-zero amplitudes= 4900
        nsamples per process= 159
        sample time= 0.5039377212524414
        self.n= 0.3512592192879778
        RGN updated loss=-9.907045038306793,dloss=-1.4679461806110794e-05
step= 60

nparam= 1004
        dense amplitude time= 0.0579371452331543
        total non-zero amplitudes= 4900
        nsamples per process= 159
        sample time= 2.4909780025482178
        self.n= 0.3512592192879779
        collect g,h time= 4.323626518249512
E=-9.907045038306794,dE=-1.467946180788715e-05,std=0
L=-9.907045038306794,dL=-1.467946180788715e-05,std=0
        gnorm= 0.0004645843195582851
        symmetric= True
        solver time=0.004846334457397461,exit status=0
        SR solver time= 0.004887104034423828
        symmetric= False
        niter= 37
        niter= 287
        solver time=0.08937525749206543,exit status=0
        RGN solver time= 0.08940339088439941
        xnorm=5.508374118156812,dnorm=0.07679618963367416
        dense amplitude time= 0.0443873405456543
        total non-zero amplitudes= 4900
        nsamples per process= 159
        sample time= 0.5059726238250732
        self.n= 0.34520360803135985
        RGN updated loss=-9.907058765020958,dloss=-1.372671416355331e-05
step= 61

nparam= 1004
        dense amplitude time= 0.04829764366149902
        total non-zero amplitudes= 4900
        nsamples per process= 159
        sample time= 2.5181024074554443
        self.n= 0.3452036080313593
        collect g,h time= 4.361533880233765
E=-9.907058765020958,dE=-1.372671416355331e-05,std=0
L=-9.907058765020958,dL=-1.372671416355331e-05,std=0
        gnorm= 0.0004313108375724331
        symmetric= True
        solver time=0.004823923110961914,exit status=0
        SR solver time= 0.004858255386352539
        symmetric= False
        niter= 36
        solver time=0.0884089469909668,exit status=0
        RGN solver time= 0.08844351768493652
        xnorm=5.500912487919449,dnorm=0.07443925054447845
        niter= 291
        dense amplitude time= 0.04582476615905762
        total non-zero amplitudes= 4900
        nsamples per process= 159
        sample time= 0.5009360313415527
        self.n= 0.33929821968342333
        RGN updated loss=-9.90707155175532,dloss=-1.2786734362890684e-05
step= 62

nparam= 1004
        dense amplitude time= 0.05871987342834473
        total non-zero amplitudes= 4900
        nsamples per process= 159
        sample time= 2.478200674057007
        self.n= 0.33929821968342383
        collect g,h time= 4.32617974281311
E=-9.907071551755323,dE=-1.278673436466704e-05,std=0
L=-9.907071551755323,dL=-1.278673436466704e-05,std=0
        gnorm= 0.0004126025270120594
        symmetric= True
        solver time=0.004670858383178711,exit status=0
        SR solver time= 0.004703521728515625
        symmetric= False
        niter= 36
        niter= 297
        solver time=0.08881974220275879,exit status=0
        RGN solver time= 0.08884692192077637
        xnorm=5.493600240203826,dnorm=0.07221555528604912
        dense amplitude time= 0.04587388038635254
        total non-zero amplitudes= 4900
        nsamples per process= 159
        sample time= 0.49907565116882324
        self.n= 0.33355039603845227
        RGN updated loss=-9.907083509460909,dloss=-1.1957705586596035e-05
step= 63

nparam= 1004
        dense amplitude time= 0.04502296447753906
        total non-zero amplitudes= 4900
        nsamples per process= 159
        sample time= 2.4800519943237305
        self.n= 0.33355039603845227
        collect g,h time= 4.328082799911499
E=-9.907083509460909,dE=-1.1957705586596035e-05,std=0
L=-9.907083509460909,dL=-1.1957705586596035e-05,std=0
        gnorm= 0.0003903936287492773
        symmetric= True
        solver time=0.004955768585205078,exit status=0
        SR solver time= 0.004992246627807617
        symmetric= False
        niter= 37
        niter= 301
        solver time=0.09096932411193848,exit status=0
        RGN solver time= 0.09099841117858887
        xnorm=5.486341604064675,dnorm=0.07021469217583425
        dense amplitude time= 0.04588747024536133
        total non-zero amplitudes= 4900
        nsamples per process= 159
        sample time= 0.502544641494751
        self.n= 0.3279712098180451
        RGN updated loss=-9.907094724044889,dloss=-1.121458397967956e-05
step= 64

nparam= 1004
        dense amplitude time= 0.05550551414489746
        total non-zero amplitudes= 4900
        nsamples per process= 159
        sample time= 2.4735047817230225
        self.n= 0.32797120981804506
        collect g,h time= 4.34379243850708
E=-9.90709472404489,dE=-1.1214583981455917e-05,std=0
L=-9.90709472404489,dL=-1.1214583981455917e-05,std=0
        gnorm= 0.0003586844260237588
        symmetric= True
        solver time=0.004735708236694336,exit status=0
        SR solver time= 0.004770040512084961
        symmetric= False
        niter= 36
        niter= 303
        solver time=0.09244942665100098,exit status=0
        RGN solver time= 0.0924835205078125
        xnorm=5.479200800101681,dnorm=0.06832597208195874
        dense amplitude time= 0.04606795310974121
        total non-zero amplitudes= 4900
        nsamples per process= 159
        sample time= 0.5025203227996826
        self.n= 0.32258262719470265
        RGN updated loss=-9.907105298470112,dloss=-1.057442522167662e-05
step= 65

nparam= 1004
        dense amplitude time= 0.057758331298828125
        total non-zero amplitudes= 4900
        nsamples per process= 159
        sample time= 2.512409210205078
        self.n= 0.3225826271947024
        collect g,h time= 4.3085668087005615
E=-9.907105298470114,dE=-1.0574425223452977e-05,std=0
L=-9.907105298470114,dL=-1.0574425223452977e-05,std=0
        gnorm= 0.0003444390759161892
        symmetric= True
        solver time=0.004887580871582031,exit status=0
        SR solver time= 0.004956245422363281
        symmetric= False
        niter= 36
        niter= 307
        solver time=0.09243035316467285,exit status=0
        RGN solver time= 0.09246110916137695
        xnorm=5.472152763066363,dnorm=0.06662234629495487
        dense amplitude time= 0.04582953453063965
        total non-zero amplitudes= 4900
        nsamples per process= 159
        sample time= 0.49768662452697754
        self.n= 0.317377069920915
        RGN updated loss=-9.907115296093005,dloss=-9.997622891333435e-06
step= 66

nparam= 1004
        dense amplitude time= 0.04581785202026367
        total non-zero amplitudes= 4900
        nsamples per process= 159
        sample time= 2.4466278553009033
        self.n= 0.31737706992091463
        collect g,h time= 4.372652530670166
E=-9.907115296093005,dE=-9.997622891333435e-06,std=0
L=-9.907115296093005,dL=-9.997622891333435e-06,std=0
        gnorm= 0.00031348569289981723
        symmetric= True
        solver time=0.005079507827758789,exit status=0
        SR solver time= 0.0051152706146240234
        symmetric= False
        niter= 36
        niter= 310
        solver time=0.09673237800598145,exit status=0
        RGN solver time= 0.09676671028137207
        xnorm=5.4652163474232776,dnorm=0.06511240048910825
        dense amplitude time= 0.046202659606933594
        total non-zero amplitudes= 4900
        nsamples per process= 159
        sample time= 0.500192403793335
        self.n= 0.31233498111515773
        RGN updated loss=-9.9071248035545,dloss=-9.507461495417147e-06
step= 67

nparam= 1004
        dense amplitude time= 0.057564496994018555
        total non-zero amplitudes= 4900
        nsamples per process= 159
        sample time= 2.4787769317626953
        self.n= 0.3123349811151579
        collect g,h time= 4.4342780113220215
E=-9.907124803554497,dE=-9.507461491864433e-06,std=0
L=-9.907124803554497,dL=-9.507461491864433e-06,std=0
        gnorm= 0.00030364043499288984
        symmetric= True
        solver time=0.004718780517578125,exit status=0
        SR solver time= 0.004757404327392578
        symmetric= False
        niter= 35
        niter= 312
        solver time=0.09569144248962402,exit status=0
        RGN solver time= 0.09572339057922363
        xnorm=5.458376639427188,dnorm=0.06382012706233137
        dense amplitude time= 0.04641461372375488
        total non-zero amplitudes= 4900
        nsamples per process= 159
        sample time= 0.4993762969970703
        self.n= 0.30745497710747804
        RGN updated loss=-9.907133901709413,dloss=-9.09815491567656e-06
step= 68

nparam= 1004
        dense amplitude time= 0.04483675956726074
        total non-zero amplitudes= 4900
        nsamples per process= 159
        sample time= 2.4706146717071533
        self.n= 0.30745497710747804
        collect g,h time= 4.309931993484497
E=-9.907133901709415,dE=-9.098154917452916e-06,std=0
L=-9.907133901709415,dL=-9.098154917452916e-06,std=0
        gnorm= 0.0002743021922353355
        symmetric= True
        solver time=0.004640102386474609,exit status=0
        SR solver time= 0.004674196243286133
        symmetric= False
        niter= 35
        niter= 312
        solver time=0.09516048431396484,exit status=0
        RGN solver time= 0.09519100189208984
        xnorm=5.451600858181412,dnorm=0.06267209564187316
        dense amplitude time= 0.04585385322570801
        total non-zero amplitudes= 4900
        nsamples per process= 159
        sample time= 0.4989745616912842
        self.n= 0.3027185500729869
        RGN updated loss=-9.907142647026205,dloss=-8.745316790736979e-06
step= 69

nparam= 1004
        dense amplitude time= 0.046019792556762695
        total non-zero amplitudes= 4900
        nsamples per process= 159
        sample time= 2.4599697589874268
        self.n= 0.3027185500729867
        collect g,h time= 4.291327953338623
E=-9.907142647026205,dE=-8.745316790736979e-06,std=0
L=-9.907142647026205,dL=-8.745316790736979e-06,std=0
        gnorm= 0.00026116883812796893
        symmetric= True
        solver time=0.004770994186401367,exit status=0
        SR solver time= 0.00480341911315918
        symmetric= False
        niter= 36
        niter= 312
        solver time=0.09546875953674316,exit status=0
        RGN solver time= 0.09550094604492188
        xnorm=5.444880324961743,dnorm=0.06167436687225721
        dense amplitude time= 0.045928001403808594
        total non-zero amplitudes= 4900
        nsamples per process= 159
        sample time= 0.5000417232513428
        self.n= 0.29813174620577554
        RGN updated loss=-9.907151082686775,dloss=-8.435660570071946e-06
step= 70

nparam= 1004
        dense amplitude time= 0.046187639236450195
        total non-zero amplitudes= 4900
        nsamples per process= 159
        sample time= 2.447150707244873
        self.n= 0.2981317462057751
        collect g,h time= 4.298844814300537
E=-9.907151082686774,dE=-8.435660568295589e-06,std=0
L=-9.907151082686774,dL=-8.435660568295589e-06,std=0
        gnorm= 0.0002553440770279371
        symmetric= True
        solver time=0.0048215389251708984,exit status=0
        SR solver time= 0.00488734245300293
        symmetric= False
        niter= 35
        niter= 312
        solver time=0.09538865089416504,exit status=0
        RGN solver time= 0.09542202949523926
        xnorm=5.438226281483166,dnorm=0.06074977999716001
        dense amplitude time= 0.04607272148132324
        total non-zero amplitudes= 4900
        nsamples per process= 159
        sample time= 0.49359941482543945
        self.n= 0.2936886752232791
        RGN updated loss=-9.907159265549376,dloss=-8.182862602623686e-06
step= 71

nparam= 1004
        dense amplitude time= 0.04564404487609863
        total non-zero amplitudes= 4900
        nsamples per process= 159
        sample time= 2.474656105041504
        self.n= 0.2936886752232792
        collect g,h time= 4.420666217803955
E=-9.907159265549376,dE=-8.182862602623686e-06,std=0
L=-9.907159265549376,dL=-8.182862602623686e-06,std=0
        gnorm= 0.00023799961474229827
        symmetric= True
        solver time=0.005013465881347656,exit status=0
        SR solver time= 0.005046844482421875
        symmetric= False
        niter= 35
        niter= 312
        solver time=0.09565234184265137,exit status=0
        RGN solver time= 0.09568405151367188
        xnorm=5.431573492991798,dnorm=0.05996527881264051
        dense amplitude time= 0.04614543914794922
        total non-zero amplitudes= 4900
        nsamples per process= 159
        sample time= 0.4958353042602539
        self.n= 0.28937544450900676
        RGN updated loss=-9.907167219860819,dloss=-7.954311442404105e-06
step= 72

nparam= 1004
        dense amplitude time= 0.05779457092285156
        total non-zero amplitudes= 4900
        nsamples per process= 159
        sample time= 2.456082820892334
        self.n= 0.28937544450900665
        collect g,h time= 4.336433410644531
E=-9.907167219860815,dE=-7.954311438851391e-06,std=0
L=-9.907167219860815,dL=-7.954311438851391e-06,std=0
        gnorm= 0.0002331648388839433
        symmetric= True
        solver time=0.0049397945404052734,exit status=0
        SR solver time= 0.004973649978637695
        symmetric= False
        niter= 37
        niter= 312
        solver time=0.09811902046203613,exit status=0
        RGN solver time= 0.09815120697021484
        xnorm=5.424962572918631,dnorm=0.05922617296223971
        dense amplitude time= 0.04598259925842285
        total non-zero amplitudes= 4900
        nsamples per process= 159
        sample time= 0.49933934211730957
        self.n= 0.28518482628416436
        RGN updated loss=-9.907174964196882,dloss=-7.744336066650703e-06
step= 73

nparam= 1004
        dense amplitude time= 0.057297706604003906
        total non-zero amplitudes= 4900
        nsamples per process= 159
        sample time= 2.4704489707946777
        self.n= 0.2851848262841642
        collect g,h time= 4.292004346847534
E=-9.907174964196885,dE=-7.744336070203417e-06,std=0
L=-9.907174964196885,dL=-7.744336070203417e-06,std=0
        gnorm= 0.00022579634647986672
        symmetric= True
        solver time=0.004877567291259766,exit status=0
        SR solver time= 0.004911899566650391
        symmetric= False
        niter= 36
        niter= 314
        solver time=0.09916400909423828,exit status=0
        RGN solver time= 0.09919166564941406
        xnorm=5.418393565223537,dnorm=0.058647523346344814
        dense amplitude time= 0.04597067832946777
        total non-zero amplitudes= 4900
        nsamples per process= 159
        sample time= 0.4962029457092285
        self.n= 0.2811097049184118
        RGN updated loss=-9.907182573878515,dloss=-7.609681629716647e-06
step= 74

nparam= 1004
        dense amplitude time= 0.05553078651428223
        total non-zero amplitudes= 4900
        nsamples per process= 159
        sample time= 2.4770593643188477
        self.n= 0.2811097049184116
        collect g,h time= 4.353743314743042
E=-9.907182573878517,dE=-7.609681631493004e-06,std=0
L=-9.907182573878517,dL=-7.609681631493004e-06,std=0
        gnorm= 0.0002076880181533342
        symmetric= True
        solver time=0.004686117172241211,exit status=0
        SR solver time= 0.004723310470581055
        symmetric= False
        niter= 35
        niter= 316
        solver time=0.09662008285522461,exit status=0
        RGN solver time= 0.0966498851776123
        xnorm=5.411828555432029,dnorm=0.05810974935036973
        dense amplitude time= 0.04584908485412598
        total non-zero amplitudes= 4900
        nsamples per process= 159
        sample time= 0.4969065189361572
        self.n= 0.2771506640563607
        RGN updated loss=-9.907190025028536,dloss=-7.451150018766839e-06
step= 75

nparam= 1004
        dense amplitude time= 0.05635499954223633
        total non-zero amplitudes= 4900
        nsamples per process= 159
        sample time= 2.4739205837249756
        self.n= 0.277150664056361
        collect g,h time= 4.423666715621948
E=-9.907190025028536,dE=-7.451150018766839e-06,std=0
L=-9.907190025028536,dL=-7.451150018766839e-06,std=0
        gnorm= 0.00020259142128226687
        symmetric= True
        solver time=0.005047798156738281,exit status=0
        SR solver time= 0.005082845687866211
        symmetric= False
        niter= 35
        niter= 317
        solver time=0.0975487232208252,exit status=0
        RGN solver time= 0.09757685661315918
        xnorm=5.405234195181518,dnorm=0.057743294632259724
        dense amplitude time= 0.04664969444274902
        total non-zero amplitudes= 4900
        nsamples per process= 159
        sample time= 0.5009114742279053
        self.n= 0.2732873589808195
        RGN updated loss=-9.907197376318999,dloss=-7.3512904634753795e-06
step= 76

nparam= 1004
        dense amplitude time= 0.045812368392944336
        total non-zero amplitudes= 4900
        nsamples per process= 159
        sample time= 2.4603261947631836
        self.n= 0.27328735898082
        collect g,h time= 4.423039197921753
E=-9.907197376318996,dE=-7.351290459922666e-06,std=0
L=-9.907197376318996,dL=-7.351290459922666e-06,std=0
        gnorm= 0.00021133104776833805
        symmetric= True
        solver time=0.004965066909790039,exit status=0
        SR solver time= 0.005002260208129883
        symmetric= False
        niter= 38
        niter= 314
        solver time=0.09473538398742676,exit status=0
        RGN solver time= 0.09476494789123535
        xnorm=5.3986686712742324,dnorm=0.05717459403946826
        dense amplitude time= 0.04595303535461426
        total non-zero amplitudes= 4900
        nsamples per process= 159
        sample time= 0.502680778503418
        self.n= 0.2695401776553842
        RGN updated loss=-9.907204565238048,dloss=-7.188919052936171e-06
step= 77

nparam= 1004
        dense amplitude time= 0.055185794830322266
        total non-zero amplitudes= 4900
        nsamples per process= 159
        sample time= 2.47268009185791
        self.n= 0.2695401776553841
        collect g,h time= 4.296445369720459
E=-9.907204565238047,dE=-7.1889190511598144e-06,std=0
L=-9.907204565238047,dL=-7.1889190511598144e-06,std=0
        gnorm= 0.00020633243445777386
        symmetric= True
        solver time=0.004873037338256836,exit status=0
        SR solver time= 0.004908084869384766
        symmetric= False
        niter= 37
        niter= 318
        solver time=0.09579157829284668,exit status=0
        RGN solver time= 0.09582090377807617
        xnorm=5.392097547772796,dnorm=0.05680032627042499
        dense amplitude time= 0.04599118232727051
        total non-zero amplitudes= 4900
        nsamples per process= 159
        sample time= 0.5008680820465088
        self.n= 0.265847411566725
        RGN updated loss=-9.907211706456867,dloss=-7.141218819839423e-06
step= 78

nparam= 1004
        dense amplitude time= 0.046384572982788086
        total non-zero amplitudes= 4900
        nsamples per process= 159
        sample time= 2.487431287765503
        self.n= 0.26584741156672465
        collect g,h time= 4.296606063842773
E=-9.907211706456868,dE=-7.14121882161578e-06,std=0
L=-9.907211706456868,dL=-7.14121882161578e-06,std=0
        gnorm= 0.00019263988198505285
        symmetric= True
        solver time=0.004705190658569336,exit status=0
        SR solver time= 0.004739999771118164
        symmetric= False
        niter= 35
        niter= 316
        solver time=0.09610986709594727,exit status=0
        RGN solver time= 0.09613704681396484
        xnorm=5.3855664094517035,dnorm=0.056514678738016355
        dense amplitude time= 0.046245574951171875
        total non-zero amplitudes= 4900
        nsamples per process= 159
        sample time= 0.5018534660339355
        self.n= 0.26222274161404685
        RGN updated loss=-9.907218744480042,dloss=-7.038023174033015e-06
step= 79

nparam= 1004
        dense amplitude time= 0.045188188552856445
        total non-zero amplitudes= 4900
        nsamples per process= 159
        sample time= 2.473625898361206
        self.n= 0.2622227416140468
        collect g,h time= 4.360805511474609
E=-9.907218744480042,dE=-7.038023174033015e-06,std=0
L=-9.907218744480042,dL=-7.038023174033015e-06,std=0
        gnorm= 0.00018200916802872455
        symmetric= True
        solver time=0.004777431488037109,exit status=0
        SR solver time= 0.004812717437744141
        symmetric= False
        niter= 36
        niter= 331
        solver time=0.10228633880615234,exit status=0
        RGN solver time= 0.10231781005859375
        xnorm=5.379118600272489,dnorm=0.056189228638051515
        dense amplitude time= 0.04705381393432617
        total non-zero amplitudes= 4900
        nsamples per process= 159
        sample time= 0.5018017292022705
        self.n= 0.25862898068917756
        RGN updated loss=-9.907225682482343,dloss=-6.938002300671542e-06
step= 80

nparam= 1004
        dense amplitude time= 0.05813241004943848
        total non-zero amplitudes= 4900
        nsamples per process= 159
        sample time= 2.494997978210449
        self.n= 0.25862898068917733
        collect g,h time= 4.3956522941589355
E=-9.907225682482341,dE=-6.938002298895185e-06,std=0
L=-9.907225682482341,dL=-6.938002298895185e-06,std=0
        gnorm= 0.00019809132990494444
        symmetric= True
        solver time=0.005111217498779297,exit status=0
        SR solver time= 0.0051479339599609375
        symmetric= False
        niter= 36
        niter= 318
        solver time=0.09711337089538574,exit status=0
        RGN solver time= 0.09714627265930176
        xnorm=5.372707346479657,dnorm=0.05570551240153202
        dense amplitude time= 0.04754042625427246
        total non-zero amplitudes= 4900
        nsamples per process= 159
        sample time= 0.4995570182800293
        self.n= 0.2551577988986179
        RGN updated loss=-9.907232522293912,dloss=-6.83981157045821e-06
step= 81

nparam= 1004
        dense amplitude time= 0.059381723403930664
        total non-zero amplitudes= 4900
        nsamples per process= 159
        sample time= 2.474472999572754
        self.n= 0.255157798898618
        collect g,h time= 4.319454669952393
E=-9.907232522293912,dE=-6.83981157045821e-06,std=0
L=-9.907232522293912,dL=-6.83981157045821e-06,std=0
        gnorm= 0.00018136072546848437
        symmetric= True
        solver time=0.0049817562103271484,exit status=0
        SR solver time= 0.005108833312988281
        symmetric= False
        niter= 37
        niter= 333
        solver time=0.10142087936401367,exit status=0
        RGN solver time= 0.10145139694213867
        xnorm=5.3663652684276615,dnorm=0.055280699430415664
        dense amplitude time= 0.04579806327819824
        total non-zero amplitudes= 4900
        nsamples per process= 159
        sample time= 0.5004687309265137
        self.n= 0.2517355584151095
        RGN updated loss=-9.907239238620605,dloss=-6.716326693023689e-06
step= 82

nparam= 1004
        dense amplitude time= 0.045668601989746094
        total non-zero amplitudes= 4900
        nsamples per process= 159
        sample time= 2.4599967002868652
        self.n= 0.25173555841510936
        collect g,h time= 4.406499147415161
E=-9.907239238620607,dE=-6.7163266948000455e-06,std=0
L=-9.907239238620607,dL=-6.7163266948000455e-06,std=0
        gnorm= 0.0001853920099738381
        symmetric= True
        solver time=0.004637718200683594,exit status=0
        SR solver time= 0.00467371940612793
        symmetric= False
        niter= 35
        niter= 332
        solver time=0.10200357437133789,exit status=0
        RGN solver time= 0.10203170776367188
        xnorm=5.360131070405173,dnorm=0.054780418854412496
        dense amplitude time= 0.045768022537231445
        total non-zero amplitudes= 4900
        nsamples per process= 159
        sample time= 0.49872589111328125
        self.n= 0.24839393733572535
        RGN updated loss=-9.907245842706788,dloss=-6.604086181027924e-06
step= 83

nparam= 1004
        dense amplitude time= 0.0460057258605957
        total non-zero amplitudes= 4900
        nsamples per process= 159
        sample time= 2.4618215560913086
        self.n= 0.24839393733572512
        collect g,h time= 4.3444883823394775
E=-9.907245842706786,dE=-6.604086179251567e-06,std=0
L=-9.907245842706786,dL=-6.604086179251567e-06,std=0
        gnorm= 0.0001830377581525962
        symmetric= True
        solver time=0.004882335662841797,exit status=0
        SR solver time= 0.00491786003112793
        symmetric= False
        niter= 37
        niter= 334
        solver time=0.10135245323181152,exit status=0
        RGN solver time= 0.10138249397277832
        xnorm=5.353927715106939,dnorm=0.05421023878605221
        dense amplitude time= 0.045886993408203125
        total non-zero amplitudes= 4900
        nsamples per process= 159
        sample time= 0.49997711181640625
        self.n= 0.24510609379595003
        RGN updated loss=-9.907252298374729,dloss=-6.455667943328081e-06
step= 84

nparam= 1004
        dense amplitude time= 0.0554049015045166
        total non-zero amplitudes= 4900
        nsamples per process= 159
        sample time= 2.479703664779663
        self.n= 0.2451060937959499
        collect g,h time= 4.37058687210083
E=-9.90725229837473,dE=-6.455667945104437e-06,std=0
L=-9.90725229837473,dL=-6.455667945104437e-06,std=0
        gnorm= 0.00017642784937246074
        symmetric= True
        solver time=0.0046575069427490234,exit status=0
        SR solver time= 0.00469207763671875
        symmetric= False
        niter= 36
        niter= 339
        solver time=0.10259175300598145,exit status=0
        RGN solver time= 0.10261940956115723
        xnorm=5.347969376611228,dnorm=0.053689900568489865
        dense amplitude time= 0.04587435722351074
        total non-zero amplitudes= 4900
        nsamples per process= 159
        sample time= 0.5011889934539795
        self.n= 0.24187295811204185
        RGN updated loss=-9.90725862887425,dloss=-6.3304995183699475e-06
step= 85

nparam= 1004
        dense amplitude time= 0.05601859092712402
        total non-zero amplitudes= 4900
        nsamples per process= 159
        sample time= 2.4666709899902344
        self.n= 0.2418729581120418
        collect g,h time= 4.323453903198242
E=-9.90725862887425,dE=-6.3304995183699475e-06,std=0
L=-9.90725862887425,dL=-6.3304995183699475e-06,std=0
        gnorm= 0.0001709587143522535
        symmetric= True
        solver time=0.004603862762451172,exit status=0
        SR solver time= 0.004639625549316406
        symmetric= False
        niter= 34
        niter= 342
        solver time=0.10398173332214355,exit status=0
        RGN solver time= 0.10401058197021484
        xnorm=5.342101865660269,dnorm=0.05304707266664456
        dense amplitude time= 0.04586386680603027
        total non-zero amplitudes= 4900
        nsamples per process= 159
        sample time= 0.4981350898742676
        self.n= 0.23871571757260207
        RGN updated loss=-9.90726479673112,dloss=-6.167856870575861e-06
step= 86

nparam= 1004
        dense amplitude time= 0.04475069046020508
        total non-zero amplitudes= 4900
        nsamples per process= 159
        sample time= 2.5324349403381348
        self.n= 0.23871571757260196
        collect g,h time= 4.353900671005249
E=-9.907264796731116,dE=-6.167856867023147e-06,std=0
L=-9.907264796731116,dL=-6.167856867023147e-06,std=0
        gnorm= 0.00017991758145865808
        symmetric= True
        solver time=0.005448579788208008,exit status=0
        SR solver time= 0.005515575408935547
        symmetric= False
        niter= 37
        niter= 334
        solver time=0.10165238380432129,exit status=0
        RGN solver time= 0.10168743133544922
        xnorm=5.3363833737401345,dnorm=0.05229433459930108
        dense amplitude time= 0.046187639236450195
        total non-zero amplitudes= 4900
        nsamples per process= 159
        sample time= 0.5007472038269043
        self.n= 0.2356165920279472
        RGN updated loss=-9.907270776962644,dloss=-5.980231527757951e-06
step= 87

nparam= 1004
        dense amplitude time= 0.04575371742248535
        total non-zero amplitudes= 4900
        nsamples per process= 159
        sample time= 2.475275993347168
        self.n= 0.23561659202794719
        collect g,h time= 4.327202081680298
E=-9.907270776962642,dE=-5.980231525981594e-06,std=0
L=-9.907270776962642,dL=-5.980231525981594e-06,std=0
        gnorm= 0.0001852348857112269
        symmetric= True
        solver time=0.004910945892333984,exit status=0
        SR solver time= 0.004944562911987305
        symmetric= False
        niter= 37
        niter= 335
        solver time=0.10211181640625,exit status=0
        RGN solver time= 0.10214090347290039
        xnorm=5.330883306197384,dnorm=0.051572955121968335
        dense amplitude time= 0.04584980010986328
        total non-zero amplitudes= 4900
        nsamples per process= 159
        sample time= 0.5044465065002441
        self.n= 0.23260494955802807
        RGN updated loss=-9.907276586724512,dloss=-5.809761869812746e-06
step= 88

nparam= 1004
        dense amplitude time= 0.0453333854675293
        total non-zero amplitudes= 4900
        nsamples per process= 159
        sample time= 2.462648868560791
        self.n= 0.23260494955802802
        collect g,h time= 4.3873090744018555
E=-9.907276586724514,dE=-5.809761871589103e-06,std=0
L=-9.907276586724514,dL=-5.809761871589103e-06,std=0
        gnorm= 0.00018509682541332985
        symmetric= True
        solver time=0.004851579666137695,exit status=0
        SR solver time= 0.004891395568847656
        symmetric= False
        niter= 38
        niter= 339
        solver time=0.10131716728210449,exit status=0
        RGN solver time= 0.10134530067443848
        xnorm=5.32555345871525,dnorm=0.05076243494906684
        dense amplitude time= 0.045702457427978516
        total non-zero amplitudes= 4900
        nsamples per process= 159
        sample time= 0.5002985000610352
        self.n= 0.22963387947569397
        RGN updated loss=-9.907282189272056,dloss=-5.602547542338243e-06
step= 89

nparam= 1004
        dense amplitude time= 0.055753469467163086
        total non-zero amplitudes= 4900
        nsamples per process= 159
        sample time= 2.4683678150177
        self.n= 0.22963387947569383
        collect g,h time= 4.346939563751221
E=-9.907282189272056,dE=-5.602547542338243e-06,std=0
L=-9.907282189272056,dL=-5.602547542338243e-06,std=0
        gnorm= 0.0001772254103489227
        symmetric= True
        solver time=0.004923343658447266,exit status=0
        SR solver time= 0.004960298538208008
        symmetric= False
        niter= 37
        niter= 340
        solver time=0.10333561897277832,exit status=0
        RGN solver time= 0.10336661338806152
        xnorm=5.320503308009899,dnorm=0.05004654546848736
        dense amplitude time= 0.04592323303222656
        total non-zero amplitudes= 4900
        nsamples per process= 159
        sample time= 0.4994173049926758
        self.n= 0.22674191186186862
        RGN updated loss=-9.907287647761043,dloss=-5.458488987031274e-06
step= 90

nparam= 1004
        dense amplitude time= 0.04598212242126465
        total non-zero amplitudes= 4900
        nsamples per process= 159
        sample time= 2.458944320678711
        self.n= 0.2267419118618686
        collect g,h time= 4.367951393127441
E=-9.907287647761045,dE=-5.4584889888076304e-06,std=0
L=-9.907287647761045,dL=-5.4584889888076304e-06,std=0
        gnorm= 0.00016034768584291705
        symmetric= True
        solver time=0.004769563674926758,exit status=0
        SR solver time= 0.004807472229003906
        symmetric= False
        niter= 36
        niter= 343
        solver time=0.1042780876159668,exit status=0
        RGN solver time= 0.1043095588684082
        xnorm=5.31567538306879,dnorm=0.04905544370897156
        dense amplitude time= 0.046175479888916016
        total non-zero amplitudes= 4900
        nsamples per process= 159
        sample time= 0.4994626045227051
        self.n= 0.22392815031589353
        RGN updated loss=-9.90729287437637,dloss=-5.226615325426565e-06
step= 91

nparam= 1004
        dense amplitude time= 0.05774569511413574
        total non-zero amplitudes= 4900
        nsamples per process= 159
        sample time= 2.452472686767578
        self.n= 0.22392815031589333
        collect g,h time= 4.357645034790039
E=-9.907292874376372,dE=-5.2266153272029214e-06,std=0
L=-9.907292874376372,dL=-5.2266153272029214e-06,std=0
        gnorm= 0.00016048907525905576
        symmetric= True
        solver time=0.004751682281494141,exit status=0
        SR solver time= 0.00478816032409668
        symmetric= False
        niter= 36
        niter= 343
        solver time=0.10299205780029297,exit status=0
        RGN solver time= 0.10302305221557617
        xnorm=5.311026791978759,dnorm=0.048163925540180806
        dense amplitude time= 0.04588627815246582
        total non-zero amplitudes= 4900
        nsamples per process= 159
        sample time= 0.4978814125061035
        self.n= 0.2211910357516121
        RGN updated loss=-9.907297901558948,dloss=-5.027182576000655e-06
step= 92

nparam= 1004
        dense amplitude time= 0.057230472564697266
        total non-zero amplitudes= 4900
        nsamples per process= 159
        sample time= 2.476311206817627
        self.n= 0.22119103575161206
        collect g,h time= 4.342378616333008
E=-9.907297901558948,dE=-5.027182576000655e-06,std=0
L=-9.907297901558948,dL=-5.027182576000655e-06,std=0
        gnorm= 0.00015575609772039867
        symmetric= True
        solver time=0.004940509796142578,exit status=0
        SR solver time= 0.004977703094482422
        symmetric= False
        niter= 35
        niter= 343
        solver time=0.1043095588684082,exit status=0
        RGN solver time= 0.10434699058532715
        xnorm=5.306692665015213,dnorm=0.04730075152666921
        dense amplitude time= 0.045928239822387695
        total non-zero amplitudes= 4900
        nsamples per process= 159
        sample time= 0.4975874423980713
        self.n= 0.21851739257331654
        RGN updated loss=-9.907302739429017,dloss=-4.837870068996608e-06
step= 93

nparam= 1004
        dense amplitude time= 0.04574418067932129
        total non-zero amplitudes= 4900
        nsamples per process= 159
        sample time= 2.469986915588379
        self.n= 0.21851739257331632
        collect g,h time= 4.350099802017212
E=-9.907302739429019,dE=-4.837870070772965e-06,std=0
L=-9.907302739429019,dL=-4.837870070772965e-06,std=0
        gnorm= 0.00014822361449704806
        symmetric= True
        solver time=0.0048542022705078125,exit status=0
        SR solver time= 0.004891872406005859
        symmetric= False
        niter= 34
        niter= 343
        solver time=0.10445404052734375,exit status=0
        RGN solver time= 0.10448431968688965
        xnorm=5.302538020229163,dnorm=0.046380381710382876
        dense amplitude time= 0.04584455490112305
        total non-zero amplitudes= 4900
        nsamples per process= 159
        sample time= 0.49591803550720215
        self.n= 0.2159310198769217
        RGN updated loss=-9.907307381405781,dloss=-4.641976762087552e-06
step= 94

nparam= 1004
        dense amplitude time= 0.054201602935791016
        total non-zero amplitudes= 4900
        nsamples per process= 159
        sample time= 2.502890110015869
        self.n= 0.21593101987692165
        collect g,h time= 4.394775390625
E=-9.90730738140578,dE=-4.641976760311195e-06,std=0
L=-9.90730738140578,dL=-4.641976760311195e-06,std=0
        gnorm= 0.00014819126578264336
        symmetric= True
        solver time=0.004609584808349609,exit status=0
        SR solver time= 0.0046465396881103516
        symmetric= False
        niter= 35
        niter= 343
        solver time=0.10506439208984375,exit status=0
        RGN solver time= 0.10509824752807617
        xnorm=5.298606986604869,dnorm=0.045429801900612896
        dense amplitude time= 0.04574012756347656
        total non-zero amplitudes= 4900
        nsamples per process= 159
        sample time= 0.4956037998199463
        self.n= 0.21341582400108144
        RGN updated loss=-9.907311821873886,dloss=-4.440468106992057e-06
step= 95

nparam= 1004
        dense amplitude time= 0.04602980613708496
        total non-zero amplitudes= 4900
        nsamples per process= 159
        sample time= 2.4583590030670166
        self.n= 0.2134158240010813
        collect g,h time= 4.35507607460022
E=-9.907311821873886,dE=-4.440468106992057e-06,std=0
L=-9.907311821873886,dL=-4.440468106992057e-06,std=0
        gnorm= 0.00015728572672412208
        symmetric= True
        solver time=0.004789590835571289,exit status=0
        SR solver time= 0.004824638366699219
        symmetric= False
        niter= 36
        niter= 343
        solver time=0.10364913940429688,exit status=0
        RGN solver time= 0.10367894172668457
        xnorm=5.294932054518242,dnorm=0.04448501530577343
        dense amplitude time= 0.04593372344970703
        total non-zero amplitudes= 4900
        nsamples per process= 159
        sample time= 0.4979982376098633
        self.n= 0.2109579246561018
        RGN updated loss=-9.907316067579012,dloss=-4.2457051261379775e-06
step= 96

nparam= 1004
        dense amplitude time= 0.055296897888183594
        total non-zero amplitudes= 4900
        nsamples per process= 159
        sample time= 2.507905960083008
        self.n= 0.21095792465610183
        collect g,h time= 4.306989669799805
E=-9.90731606757901,dE=-4.245705124361621e-06,std=0
L=-9.90731606757901,dL=-4.245705124361621e-06,std=0
        gnorm= 0.00014627882429319963
        symmetric= True
        solver time=0.004807472229003906,exit status=0
        SR solver time= 0.0048444271087646484
        symmetric= False
        niter= 37
        niter= 343
        solver time=0.10442614555358887,exit status=0
        RGN solver time= 0.10445833206176758
        xnorm=5.291472962291912,dnorm=0.04361187069153588
        dense amplitude time= 0.04581594467163086
        total non-zero amplitudes= 4900
        nsamples per process= 159
        sample time= 0.5007345676422119
        self.n= 0.20862060045920117
        RGN updated loss=-9.907320143127205,dloss=-4.075548194037992e-06
step= 97

nparam= 1004
        dense amplitude time= 0.055324554443359375
        total non-zero amplitudes= 4900
        nsamples per process= 159
        sample time= 2.486386775970459
        self.n= 0.2086206004592012
        collect g,h time= 4.340113401412964
E=-9.907320143127206,dE=-4.075548195814349e-06,std=0
L=-9.907320143127206,dL=-4.075548195814349e-06,std=0
        gnorm= 0.00015353620100589375
        symmetric= True
        solver time=0.004976987838745117,exit status=0
        SR solver time= 0.005045890808105469
        symmetric= False
        niter= 37
        niter= 343
        solver time=0.10382962226867676,exit status=0
        RGN solver time= 0.10386824607849121
        xnorm=5.2882827415256655,dnorm=0.0426664486520803
        dense amplitude time= 0.045787811279296875
        total non-zero amplitudes= 4900
        nsamples per process= 159
        sample time= 0.49843668937683105
        self.n= 0.20631623309657313
        RGN updated loss=-9.907324036155199,dloss=-3.893027992418752e-06
step= 98

nparam= 1004
        dense amplitude time= 0.04583168029785156
        total non-zero amplitudes= 4900
        nsamples per process= 159
        sample time= 2.465184450149536
        self.n= 0.20631623309657293
        collect g,h time= 4.378297805786133
E=-9.907324036155197,dE=-3.893027990642395e-06,std=0
L=-9.907324036155197,dL=-3.893027990642395e-06,std=0
        gnorm= 0.00018227471332371407
        symmetric= True
        solver time=0.0055599212646484375,exit status=0
        SR solver time= 0.00559544563293457
        symmetric= False
        niter= 40
        niter= 337
        solver time=0.10183596611022949,exit status=0
        RGN solver time= 0.10191822052001953
        xnorm=5.285295383496972,dnorm=0.041815073850558056
        dense amplitude time= 0.044316768646240234
        total non-zero amplitudes= 4900
        nsamples per process= 159
        sample time= 0.5013823509216309
        self.n= 0.20412104348999996
        RGN updated loss=-9.907327760097306,dloss=-3.7239421093460123e-06
step= 99

nparam= 1004
        dense amplitude time= 0.04514288902282715
        total non-zero amplitudes= 4900
        nsamples per process= 159
        sample time= 2.492189407348633
        self.n= 0.20412104349000004
        collect g,h time= 4.301549434661865
E=-9.907327760097305,dE=-3.7239421075696555e-06,std=0
L=-9.907327760097305,dL=-3.7239421075696555e-06,std=0
        gnorm= 0.00013993004287432147
        symmetric= True
        solver time=0.0048410892486572266,exit status=0
        SR solver time= 0.004875659942626953
        symmetric= False
        niter= 37
        niter= 343
        solver time=0.10425543785095215,exit status=0
        RGN solver time= 0.10428357124328613
        xnorm=5.28255563802042,dnorm=0.04096273525936027
        dense amplitude time= 0.045890092849731445
        total non-zero amplitudes= 4900
        nsamples per process= 159
        sample time= 0.5012173652648926
        self.n= 0.20198742612109777
        RGN updated loss=-9.907331340047486,dloss=-3.579950181631375e-06
layer= 0
nparam= 660
hop_ls= [(1, 5), (1, 8), (1, 9), (1, 13), (5, 8), (5, 9), (5, 13), (8, 9), (8, 13), (9, 13)]

layer= 1
nparam= 144
hop_ls= [(9, 14), (1, 6), (2, 5), (2, 8), (2, 14), (13, 14), (6, 8), (6, 14), (5, 6), (8, 14), (1, 2), (1, 14), (2, 13), (6, 13), (5, 14), (2, 9), (2, 6), (6, 9)]

layer= 2
nparam= 152
hop_ls= [(6, 12), (4, 9), (4, 6), (4, 12), (12, 13), (0, 2), (5, 10), (0, 5), (8, 12), (0, 8), (0, 14), (10, 12), (1, 12), (4, 5), (4, 8), (4, 14), (5, 12), (0, 1), (9, 10), (2, 4), (0, 4), (0, 10), (0, 13), (2, 10), (10, 14), (6, 10), (12, 14), (4, 10), (4, 13), (9, 12), (0, 9), (8, 10), (1, 4), (0, 6), (0, 12), (2, 12), (1, 10), (10, 13)]

layer= 3
nparam= 48
hop_ls= [(6, 15), (3, 4), (3, 10), (5, 7), (4, 15), (3, 13), (9, 11), (11, 14), (1, 3), (2, 11), (8, 15), (0, 11), (10, 15), (1, 15), (6, 11), (7, 10), (7, 13), (3, 9), (12, 15), (3, 6), (3, 12), (4, 11), (14, 15), (8, 11), (0, 7), (5, 15), (10, 11), (2, 7), (1, 11), (11, 13), (7, 9), (6, 7), (7, 12), (4, 7), (3, 5), (3, 8), (3, 14), (5, 11), (0, 3), (9, 15), (2, 3), (11, 12), (1, 7), (0, 15), (2, 15), (13, 15), (7, 8), (7, 14)]

step= 100

nparam= 1004
ntotal configs= 4900
        dense amplitude time= 0.048139333724975586
        total non-zero amplitudes= 4900
        nsamples per process= 159
        sample time= 14.392374038696289
        self.n= 0.20198742612109766
        collect g,h time= 18.732508659362793
E=-9.907331340047488,dE=0,std=0
L=-9.907331340047488,dL=0,std=0
        gnorm= 0.00012619014703867983
        symmetric= True
        solver time=0.008455038070678711,exit status=0
        SR solver time= 0.008544445037841797
        symmetric= False
        niter= 36
        niter= 345
        solver time=0.12360262870788574,exit status=0
        RGN solver time= 0.12363886833190918
        xnorm=5.280032965872644,dnorm=0.04011061210181308
        dense amplitude time= 0.046912193298339844
        total non-zero amplitudes= 4900
        nsamples per process= 159
        sample time= 0.5815422534942627
        self.n= 0.19992941643540135
        RGN updated loss=-9.907334763522094,dloss=-3.4234746060235466e-06
step= 101

nparam= 1004
        dense amplitude time= 0.04850625991821289
        total non-zero amplitudes= 4900
        nsamples per process= 159
        sample time= 2.5806663036346436
        self.n= 0.1999294164354013
        collect g,h time= 4.3377556800842285
E=-9.907334763522096,dE=-3.4234746077999034e-06,std=0
L=-9.907334763522096,dL=-3.4234746077999034e-06,std=0
        gnorm= 0.00011990323179742554
        symmetric= True
        solver time=0.005232095718383789,exit status=0
        SR solver time= 0.005297422409057617
        symmetric= False
        niter= 34
        niter= 346
        solver time=0.12174463272094727,exit status=0
        RGN solver time= 0.1217811107635498
        xnorm=5.277705296150732,dnorm=0.03932277773501802
        dense amplitude time= 0.04867410659790039
        total non-zero amplitudes= 4900
        nsamples per process= 159
        sample time= 0.5826666355133057
        self.n= 0.19794150950363676
        RGN updated loss=-9.907338051107098,dloss=-3.2875850024538522e-06
step= 102

nparam= 1004
        dense amplitude time= 0.04828691482543945
        total non-zero amplitudes= 4900
        nsamples per process= 159
        sample time= 2.484659433364868
        self.n= 0.1979415095036367
        collect g,h time= 4.36064076423645
E=-9.907338051107098,dE=-3.2875850024538522e-06,std=0
L=-9.907338051107098,dL=-3.2875850024538522e-06,std=0
        gnorm= 0.00022148904306022022
        symmetric= True
        solver time=0.0063250064849853516,exit status=0
        SR solver time= 0.006362199783325195
        symmetric= False
        niter= 42
        niter= 333
        solver time=0.10291361808776855,exit status=0
        RGN solver time= 0.10294914245605469
        xnorm=5.275574864975469,dnorm=0.038532154698256715
        dense amplitude time= 0.05138278007507324
        total non-zero amplitudes= 4900
        nsamples per process= 159
        sample time= 0.5031399726867676
        self.n= 0.19600524297397093
        RGN updated loss=-9.90734115163468,dloss=-3.1005275822337808e-06
step= 103

nparam= 1004
        dense amplitude time= 0.04796957969665527
        total non-zero amplitudes= 4900
        nsamples per process= 159
        sample time= 2.4972341060638428
        self.n= 0.1960052429739708
        collect g,h time= 4.291264057159424
E=-9.90734115163468,dE=-3.1005275822337808e-06,std=0
L=-9.90734115163468,dL=-3.1005275822337808e-06,std=0
        gnorm= 0.00014086526357972697
        symmetric= True
        solver time=0.005747795104980469,exit status=0
        SR solver time= 0.005811214447021484
        symmetric= False
        niter= 39
        niter= 343
        solver time=0.10513758659362793,exit status=0
        RGN solver time= 0.10516786575317383
        xnorm=5.2736410424820335,dnorm=0.03791202164439115
        dense amplitude time= 0.04869556427001953
        total non-zero amplitudes= 4900
        nsamples per process= 159
        sample time= 0.4978973865509033
        self.n= 0.19414204322414122
        RGN updated loss=-9.907344219708083,dloss=-3.068073402445748e-06
step= 104

nparam= 1004
        dense amplitude time= 0.048386335372924805
        total non-zero amplitudes= 4900
        nsamples per process= 159
        sample time= 2.4915900230407715
        self.n= 0.19414204322414125
        collect g,h time= 4.29010272026062
E=-9.907344219708087,dE=-3.0680734059984616e-06,std=0
L=-9.907344219708087,dL=-3.0680734059984616e-06,std=0
        gnorm= 0.000164913192777623
        symmetric= True
        solver time=0.005625486373901367,exit status=0
        SR solver time= 0.0056591033935546875
        symmetric= False
        niter= 41
        niter= 343
        solver time=0.11388778686523438,exit status=0
        RGN solver time= 0.11391782760620117
        xnorm=5.271954073683042,dnorm=0.037142467600481045
        dense amplitude time= 0.05117917060852051
        total non-zero amplitudes= 4900
        nsamples per process= 159
        sample time= 0.4996066093444824
        self.n= 0.19233017465386737
        RGN updated loss=-9.907347107628702,dloss=-2.887920615535222e-06
step= 105

nparam= 1004
        dense amplitude time= 0.04824995994567871
        total non-zero amplitudes= 4900
        nsamples per process= 159
        sample time= 2.506164312362671
        self.n= 0.19233017465386743
        collect g,h time= 4.380601406097412
E=-9.907347107628702,dE=-2.887920615535222e-06,std=0
L=-9.907347107628702,dL=-2.887920615535222e-06,std=0
        gnorm= 0.00013773742697571967
        symmetric= True
        solver time=0.005530357360839844,exit status=0
        SR solver time= 0.005597114562988281
        symmetric= False
        niter= 39
        niter= 343
        solver time=0.10431289672851562,exit status=0
        RGN solver time= 0.10434341430664062
        xnorm=5.270405171154788,dnorm=0.03661622331575242
        dense amplitude time= 0.04860663414001465
        total non-zero amplitudes= 4900
        nsamples per process= 159
        sample time= 0.5000910758972168
        self.n= 0.19059722711795693
        RGN updated loss=-9.90734996722963,dloss=-2.8596009276071754e-06
step= 106

nparam= 1004
        dense amplitude time= 0.048750877380371094
        total non-zero amplitudes= 4900
        nsamples per process= 159
        sample time= 2.549535036087036
        self.n= 0.19059722711795693
        collect g,h time= 4.433099269866943
E=-9.90734996722963,dE=-2.8596009276071754e-06,std=0
L=-9.90734996722963,dL=-2.8596009276071754e-06,std=0
        gnorm= 0.0001756870327094974
        symmetric= True
        solver time=0.005984783172607422,exit status=0
        SR solver time= 0.006022214889526367
        symmetric= False
        niter= 41
        niter= 342
        solver time=0.10429668426513672,exit status=0
        RGN solver time= 0.10432815551757812
        xnorm=5.269030403383959,dnorm=0.03601805513931884
        dense amplitude time= 0.04862070083618164
        total non-zero amplitudes= 4900
        nsamples per process= 159
        sample time= 0.4976975917816162
        self.n= 0.18889164201493538
        RGN updated loss=-9.907352681802061,dloss=-2.714572431727902e-06
step= 107

nparam= 1004
        dense amplitude time= 0.06055092811584473
        total non-zero amplitudes= 4900
        nsamples per process= 159
        sample time= 2.4979944229125977
        self.n= 0.18889164201493525
        collect g,h time= 4.298042297363281
E=-9.907352681802061,dE=-2.714572431727902e-06,std=0
L=-9.907352681802061,dL=-2.714572431727902e-06,std=0
        gnorm= 0.00011580797207838443
        symmetric= True
        solver time=0.005640268325805664,exit status=0
        SR solver time= 0.0056726932525634766
        symmetric= False
        niter= 38
        niter= 345
        solver time=0.10633683204650879,exit status=0
        RGN solver time= 0.10636472702026367
        xnorm=5.267823619215622,dnorm=0.03544699329438785
        dense amplitude time= 0.04715228080749512
        total non-zero amplitudes= 4900
        nsamples per process= 159
        sample time= 0.4982869625091553
        self.n= 0.18724742999007854
        RGN updated loss=-9.907355332218634,dloss=-2.650416572436143e-06
step= 108

nparam= 1004
        dense amplitude time= 0.048348426818847656
        total non-zero amplitudes= 4900
        nsamples per process= 159
        sample time= 2.4880788326263428
        self.n= 0.18724742999007837
        collect g,h time= 4.337502479553223
E=-9.907355332218636,dE=-2.6504165742124997e-06,std=0
L=-9.907355332218636,dL=-2.6504165742124997e-06,std=0
        gnorm= 0.00011019478640811245
        symmetric= True
        solver time=0.005106925964355469,exit status=0
        SR solver time= 0.005175352096557617
        symmetric= False
        niter= 36
        niter= 354
        solver time=0.10809969902038574,exit status=0
        RGN solver time= 0.10814356803894043
        xnorm=5.266777937945965,dnorm=0.03492799559586465
        dense amplitude time= 0.04865765571594238
        total non-zero amplitudes= 4900
        nsamples per process= 159
        sample time= 0.49795055389404297
        self.n= 0.18564561534285123
        RGN updated loss=-9.907357898619724,dloss=-2.56640108808881e-06
step= 109

nparam= 1004
        dense amplitude time= 0.05644845962524414
        total non-zero amplitudes= 4900
        nsamples per process= 159
        sample time= 2.478440761566162
        self.n= 0.1856456153428515
        collect g,h time= 4.308732032775879
E=-9.907357898619725,dE=-2.566401089865167e-06,std=0
L=-9.907357898619725,dL=-2.566401089865167e-06,std=0
        gnorm= 0.00010583460184634128
        symmetric= True
        solver time=0.0043239593505859375,exit status=0
        SR solver time= 0.004357337951660156
        symmetric= False
        niter= 32
        niter= 347
        solver time=0.10486507415771484,exit status=0
        RGN solver time= 0.10489964485168457
        xnorm=5.265874463192807,dnorm=0.03442124841008044
        dense amplitude time= 0.04850316047668457
        total non-zero amplitudes= 4900
        nsamples per process= 159
        sample time= 0.4971308708190918
        self.n= 0.18408850724803494
        RGN updated loss=-9.907360383214275,dloss=-2.484594549656549e-06
step= 110

nparam= 1004
        dense amplitude time= 0.06134653091430664
        total non-zero amplitudes= 4900
        nsamples per process= 159
        sample time= 2.474255084991455
        self.n= 0.18408850724803463
        collect g,h time= 4.298951864242554
E=-9.907360383214273,dE=-2.4845945478801923e-06,std=0
L=-9.907360383214273,dL=-2.4845945478801923e-06,std=0
        gnorm= 0.0001300563035640227
        symmetric= True
        solver time=0.004891157150268555,exit status=0
        SR solver time= 0.0049245357513427734
        symmetric= False
        niter= 36
        niter= 343
        solver time=0.1045832633972168,exit status=0
        RGN solver time= 0.1046147346496582
        xnorm=5.2651230299200265,dnorm=0.033983434555600135
        dense amplitude time= 0.04849815368652344
        total non-zero amplitudes= 4900
        nsamples per process= 159
        sample time= 0.5779683589935303
        self.n= 0.18256534609068276
        RGN updated loss=-9.907362798540461,dloss=-2.4153261879433785e-06
step= 111

nparam= 1004
        dense amplitude time= 0.04841184616088867
        total non-zero amplitudes= 4900
        nsamples per process= 159
        sample time= 2.5642940998077393
        self.n= 0.1825653460906828
        collect g,h time= 4.28384256362915
E=-9.907362798540461,dE=-2.4153261879433785e-06,std=0
L=-9.907362798540461,dL=-2.4153261879433785e-06,std=0
        gnorm= 0.00013687245827971817
        symmetric= True
        solver time=0.005545616149902344,exit status=0
        SR solver time= 0.005579471588134766
        symmetric= False
        niter= 40
        niter= 343
        solver time=0.10794734954833984,exit status=0
        RGN solver time= 0.10797452926635742
        xnorm=5.264537324300329,dnorm=0.0335838846262062
        dense amplitude time= 0.04849648475646973
        total non-zero amplitudes= 4900
        nsamples per process= 159
        sample time= 0.4967319965362549
        self.n= 0.18106547796769534
        RGN updated loss=-9.907365142593278,dloss=-2.34405281673844e-06
step= 112

nparam= 1004
        dense amplitude time= 0.048241615295410156
        total non-zero amplitudes= 4900
        nsamples per process= 159
        sample time= 2.477869987487793
        self.n= 0.18106547796769512
        collect g,h time= 4.3137290477752686
E=-9.907365142593278,dE=-2.34405281673844e-06,std=0
L=-9.907365142593278,dL=-2.34405281673844e-06,std=0
        gnorm= 0.00012021395582022766
        symmetric= True
        solver time=0.005192279815673828,exit status=0
        SR solver time= 0.0052263736724853516
        symmetric= False
        niter= 38
        niter= 345
        solver time=0.10548853874206543,exit status=0
        RGN solver time= 0.10552191734313965
        xnorm=5.264111123504034,dnorm=0.03313477849370949
        dense amplitude time= 0.04863452911376953
        total non-zero amplitudes= 4900
        nsamples per process= 159
        sample time= 0.4972951412200928
        self.n= 0.17963317570455734
        RGN updated loss=-9.907367448954812,dloss=-2.3063615337548526e-06
step= 113

nparam= 1004
        dense amplitude time= 0.05649876594543457
        total non-zero amplitudes= 4900
        nsamples per process= 159
        sample time= 2.5210013389587402
        self.n= 0.17963317570455728
        collect g,h time= 4.284494400024414
E=-9.907367448954812,dE=-2.3063615337548526e-06,std=0
L=-9.907367448954812,dL=-2.3063615337548526e-06,std=0
        gnorm= 0.00010273643955499544
        symmetric= True
        solver time=0.004262685775756836,exit status=0
        SR solver time= 0.0042955875396728516
        symmetric= False
        niter= 31
        niter= 343
        solver time=0.1038522720336914,exit status=0
        RGN solver time= 0.1038818359375
        xnorm=5.263758398821792,dnorm=0.032752252811793094
        dense amplitude time= 0.04852604866027832
        total non-zero amplitudes= 4900
        nsamples per process= 159
        sample time= 0.49602770805358887
        self.n= 0.17822698327677003
        RGN updated loss=-9.90736969018641,dloss=-2.2412315985320674e-06
step= 114

nparam= 1004
        dense amplitude time= 0.0483856201171875
        total non-zero amplitudes= 4900
        nsamples per process= 159
        sample time= 2.472888469696045
        self.n= 0.17822698327676967
        collect g,h time= 4.353342294692993
E=-9.90736969018641,dE=-2.2412315985320674e-06,std=0
L=-9.90736969018641,dL=-2.2412315985320674e-06,std=0
        gnorm= 0.0001134926430083352
        symmetric= True
        solver time=0.004931926727294922,exit status=0
        SR solver time= 0.00496673583984375
        symmetric= False
        niter= 36
        niter= 345
        solver time=0.10453271865844727,exit status=0
        RGN solver time= 0.10456299781799316
        xnorm=5.2635564988977634,dnorm=0.032369439947565914
        dense amplitude time= 0.04868030548095703
        total non-zero amplitudes= 4900
        nsamples per process= 159
        sample time= 0.4988389015197754
        self.n= 0.1768445202794374
        RGN updated loss=-9.907371871122551,dloss=-2.180936141016332e-06
step= 115

nparam= 1004
        dense amplitude time= 0.061086416244506836
        total non-zero amplitudes= 4900
        nsamples per process= 159
        sample time= 2.547633647918701
        self.n= 0.17684452027943715
        collect g,h time= 4.3941545486450195
E=-9.907371871122551,dE=-2.180936141016332e-06,std=0
L=-9.907371871122551,dL=-2.180936141016332e-06,std=0
        gnorm= 0.00010513437444367466
        symmetric= True
        solver time=0.00479435920715332,exit status=0
        SR solver time= 0.004828691482543945
        symmetric= False
        niter= 35
        niter= 348
        solver time=0.10639739036560059,exit status=0
        RGN solver time= 0.10642504692077637
        xnorm=5.263490422369832,dnorm=0.03207663407843673
        dense amplitude time= 0.04865288734436035
        total non-zero amplitudes= 4900
        nsamples per process= 159
        sample time= 0.49959230422973633
        self.n= 0.17549852544412647
        RGN updated loss=-9.907374016902907,dloss=-2.1457803551783172e-06
step= 116

nparam= 1004
        dense amplitude time= 0.04826974868774414
        total non-zero amplitudes= 4900
        nsamples per process= 159
        sample time= 2.4880497455596924
        self.n= 0.17549852544412656
        collect g,h time= 4.311276912689209
E=-9.907374016902905,dE=-2.1457803534019604e-06,std=0
L=-9.907374016902905,dL=-2.1457803534019604e-06,std=0
        gnorm= 0.00010472924485474938
        symmetric= True
        solver time=0.004895210266113281,exit status=0
        SR solver time= 0.004960298538208008
        symmetric= False
        niter= 36
        solver time=0.10981130599975586,exit status=0
        RGN solver time= 0.10984277725219727
        xnorm=5.263552107476692,dnorm=0.0317154544670696
        niter= 350
        dense amplitude time= 0.04842114448547363
        total non-zero amplitudes= 4900
        nsamples per process= 159
        sample time= 0.4954349994659424
        self.n= 0.17418647383107216
        RGN updated loss=-9.907376110952155,dloss=-2.094049250445096e-06
step= 117

nparam= 1004
        dense amplitude time= 0.05689644813537598
        total non-zero amplitudes= 4900
        nsamples per process= 159
        sample time= 2.451809883117676
        self.n= 0.17418647383107194
        collect g,h time= 4.283060789108276
E=-9.907376110952153,dE=-2.094049248668739e-06,std=0
L=-9.907376110952153,dL=-2.094049248668739e-06,std=0
        gnorm= 0.0001091720344728362
        symmetric= True
        solver time=0.004891872406005859,exit status=0
        SR solver time= 0.004927635192871094
        symmetric= False
        niter= 36
        niter= 349
        solver time=0.10740160942077637,exit status=0
        RGN solver time= 0.10743141174316406
        xnorm=5.263719984797426,dnorm=0.03143634026536816
        dense amplitude time= 0.04842662811279297
        total non-zero amplitudes= 4900
        nsamples per process= 159
        sample time= 0.49587416648864746
        self.n= 0.17289536844015407
        RGN updated loss=-9.907378164941482,dloss=-2.053989328842931e-06
step= 118

nparam= 1004
        dense amplitude time= 0.05664181709289551
        total non-zero amplitudes= 4900
        nsamples per process= 159
        sample time= 2.46433162689209
        self.n= 0.1728953684401539
        collect g,h time= 4.319128036499023
E=-9.907378164941486,dE=-2.053989332395645e-06,std=0
L=-9.907378164941486,dL=-2.053989332395645e-06,std=0
        gnorm= 0.0001013437046799193
        symmetric= True
        solver time=0.004891157150268555,exit status=0
        SR solver time= 0.004927396774291992
        symmetric= False
        niter= 36
        niter= 355
        solver time=0.1087028980255127,exit status=0
        RGN solver time= 0.1087338924407959
        xnorm=5.264006710083452,dnorm=0.031149848759491915
        dense amplitude time= 0.04851675033569336
        total non-zero amplitudes= 4900
        nsamples per process= 159
        sample time= 0.5000629425048828
        self.n= 0.17162818490271828
        RGN updated loss=-9.907380186665197,dloss=-2.0217237111097575e-06
step= 119

nparam= 1004
        dense amplitude time= 0.048249244689941406
        total non-zero amplitudes= 4900
        nsamples per process= 159
        sample time= 2.47469425201416
        self.n= 0.17162818490271808
        collect g,h time= 4.3055360317230225
E=-9.907380186665195,dE=-2.0217237093334006e-06,std=0
L=-9.907380186665195,dL=-2.0217237093334006e-06,std=0
        gnorm= 0.00010772557545882626
        symmetric= True
        solver time=0.004624605178833008,exit status=0
        SR solver time= 0.0046575069427490234
        symmetric= False
        niter= 34
        niter= 343
        solver time=0.10459780693054199,exit status=0
        RGN solver time= 0.10463142395019531
        xnorm=5.264390003800254,dnorm=0.03087469029481799
        dense amplitude time= 0.04844355583190918
        total non-zero amplitudes= 4900
        nsamples per process= 159
        sample time= 0.4964170455932617
        self.n= 0.17038415636988416
        RGN updated loss=-9.90738216821404,dloss=-1.981548845009229e-06
step= 120

nparam= 1004
        dense amplitude time= 0.04851174354553223
        total non-zero amplitudes= 4900
        nsamples per process= 159
        sample time= 2.4567503929138184
        self.n= 0.17038415636988424
        collect g,h time= 4.347219467163086
E=-9.90738216821404,dE=-1.981548845009229e-06,std=0
L=-9.90738216821404,dL=-1.981548845009229e-06,std=0
        gnorm= 0.00010221874153622339
        symmetric= True
        solver time=0.004807472229003906,exit status=0
        SR solver time= 0.0048427581787109375
        symmetric= False
        niter= 33
        niter= 349
        solver time=0.10790896415710449,exit status=0
        RGN solver time= 0.10793876647949219
        xnorm=5.264886306144817,dnorm=0.030641795968611305
        dense amplitude time= 0.04851269721984863
        total non-zero amplitudes= 4900
        nsamples per process= 159
        sample time= 0.49465227127075195
        self.n= 0.16916225105378555
        RGN updated loss=-9.907384121405448,dloss=-1.953191407721988e-06
step= 121

nparam= 1004
        dense amplitude time= 0.04835367202758789
        total non-zero amplitudes= 4900
        nsamples per process= 159
        sample time= 2.4883389472961426
        self.n= 0.1691622510537851
        collect g,h time= 4.336128234863281
E=-9.907384121405448,dE=-1.953191407721988e-06,std=0
L=-9.907384121405448,dL=-1.953191407721988e-06,std=0
        gnorm= 0.00010355869957333576
        symmetric= True
        solver time=0.004708290100097656,exit status=0
        SR solver time= 0.0047419071197509766
        symmetric= False
        niter= 34
        niter= 349
        solver time=0.11203837394714355,exit status=0
        RGN solver time= 0.11206531524658203
        xnorm=5.265496526771358,dnorm=0.030411353609753864
        dense amplitude time= 0.04866981506347656
        total non-zero amplitudes= 4900
        nsamples per process= 159
        sample time= 0.4951050281524658
        self.n= 0.16794912482466884
        RGN updated loss=-9.907386039726855,dloss=-1.9183214075013666e-06
step= 122

nparam= 1004
        dense amplitude time= 0.048750877380371094
        total non-zero amplitudes= 4900
        nsamples per process= 159
        sample time= 2.4660587310791016
        self.n= 0.1679491248246688
        collect g,h time= 4.347344398498535
E=-9.907386039726855,dE=-1.9183214075013666e-06,std=0
L=-9.907386039726855,dL=-1.9183214075013666e-06,std=0
        gnorm= 0.0001038728283949556
        symmetric= True
        solver time=0.004810333251953125,exit status=0
        SR solver time= 0.004845142364501953
        symmetric= False
        niter= 35
        niter= 349
        solver time=0.10580849647521973,exit status=0
        RGN solver time= 0.10583829879760742
        xnorm=5.266216702097907,dnorm=0.030155295257887415
        dense amplitude time= 0.04854226112365723
        total non-zero amplitudes= 4900
        nsamples per process= 159
        sample time= 0.49262428283691406
        self.n= 0.1667649353290494
        RGN updated loss=-9.90738792860685,dloss=-1.8888799946381596e-06
step= 123

nparam= 1004
        dense amplitude time= 0.05593514442443848
        total non-zero amplitudes= 4900
        nsamples per process= 159
        sample time= 2.471182107925415
        self.n= 0.16676493532904932
        collect g,h time= 4.330062627792358
E=-9.907387928606852,dE=-1.8888799964145164e-06,std=0
L=-9.907387928606852,dL=-1.8888799964145164e-06,std=0
        gnorm= 0.00010322846252656297
        symmetric= True
        solver time=0.0046710968017578125,exit status=0
        SR solver time= 0.004704952239990234
        symmetric= False
        niter= 34
        niter= 351
        solver time=0.1067342758178711,exit status=0
        RGN solver time= 0.1067647933959961
        xnorm=5.26701619321792,dnorm=0.0299207666889138
        dense amplitude time= 0.048659324645996094
        total non-zero amplitudes= 4900
        nsamples per process= 159
        sample time= 0.49462032318115234
        self.n= 0.1655993768043777
        RGN updated loss=-9.907389785310267,dloss=-1.856703415015204e-06
step= 124

nparam= 1004
        dense amplitude time= 0.05611872673034668
        total non-zero amplitudes= 4900
        nsamples per process= 159
        sample time= 2.460766315460205
        self.n= 0.1655993768043778
        collect g,h time= 4.28591251373291
E=-9.907389785310269,dE=-1.8567034167915608e-06,std=0
L=-9.907389785310269,dL=-1.8567034167915608e-06,std=0
        gnorm= 9.706672253859948e-05
        symmetric= True
        solver time=0.004449605941772461,exit status=0
        SR solver time= 0.004484891891479492
        symmetric= False
        niter= 32
        niter= 350
        solver time=0.10727548599243164,exit status=0
        RGN solver time= 0.10730361938476562
        xnorm=5.267899972901286,dnorm=0.02971958613066227
        dense amplitude time= 0.048506736755371094
        total non-zero amplitudes= 4900
        nsamples per process= 159
        sample time= 0.49222540855407715
        self.n= 0.16445906674786642
        RGN updated loss=-9.907391617924697,dloss=-1.8326144282099222e-06
step= 125

nparam= 1004
        dense amplitude time= 0.05590629577636719
        total non-zero amplitudes= 4900
        nsamples per process= 159
        sample time= 2.483234167098999
        self.n= 0.16445906674786642
        collect g,h time= 4.34290337562561
E=-9.907391617924697,dE=-1.8326144282099222e-06,std=0
L=-9.907391617924697,dL=-1.8326144282099222e-06,std=0
        gnorm= 0.00010367886087483373
        symmetric= True
        solver time=0.004821062088012695,exit status=0
        SR solver time= 0.004886627197265625
        symmetric= False
        niter= 34
        niter= 355
        solver time=0.10777902603149414,exit status=0
        RGN solver time= 0.10782289505004883
        xnorm=5.268879449039915,dnorm=0.02951971161822762
        dense amplitude time= 0.04854989051818848
        total non-zero amplitudes= 4900
        nsamples per process= 159
        sample time= 0.4938979148864746
        self.n= 0.16333060854227782
        RGN updated loss=-9.907393424165736,dloss=-1.8062410394037443e-06
step= 126

nparam= 1004
        dense amplitude time= 0.05635833740234375
        total non-zero amplitudes= 4900
        nsamples per process= 159
        sample time= 2.4614217281341553
        self.n= 0.1633306085422777
        collect g,h time= 4.403838872909546
E=-9.907393424165738,dE=-1.806241041180101e-06,std=0
L=-9.907393424165738,dL=-1.806241041180101e-06,std=0
        gnorm= 9.558754174247238e-05
        symmetric= True
        solver time=0.00444340705871582,exit status=0
        SR solver time= 0.0044786930084228516
        symmetric= False
        niter= 32
        niter= 364
        solver time=0.11138129234313965,exit status=0
        RGN solver time= 0.11141037940979004
        xnorm=5.2699507859681125,dnorm=0.029330139910266093
        dense amplitude time= 0.048460960388183594
        total non-zero amplitudes= 4900
        nsamples per process= 159
        sample time= 0.49393439292907715
        self.n= 0.16222383457425954
        RGN updated loss=-9.907395208439137,dloss=-1.7842733992523563e-06
step= 127

nparam= 1004
        dense amplitude time= 0.048174142837524414
        total non-zero amplitudes= 4900
        nsamples per process= 159
        sample time= 2.4767661094665527
        self.n= 0.16222383457425937
        collect g,h time= 4.325791120529175
E=-9.907395208439135,dE=-1.7842733974759994e-06,std=0
L=-9.907395208439135,dL=-1.7842733974759994e-06,std=0
        gnorm= 9.509866453980196e-05
        symmetric= True
        solver time=0.004456758499145508,exit status=0
        SR solver time= 0.004492044448852539
        symmetric= False
        niter= 31
        niter= 350
        solver time=0.10662078857421875,exit status=0
        RGN solver time= 0.10664725303649902
        xnorm=5.271110526064419,dnorm=0.029137451086329744
        dense amplitude time= 0.04848289489746094
        total non-zero amplitudes= 4900
        nsamples per process= 159
        sample time= 0.49321651458740234
        self.n= 0.1611267173001834
        RGN updated loss=-9.907396968052659,dloss=-1.7596135233333143e-06
step= 128

nparam= 1004
        dense amplitude time= 0.04837918281555176
        total non-zero amplitudes= 4900
        nsamples per process= 159
        sample time= 2.4922783374786377
        self.n= 0.16112671730018324
        collect g,h time= 4.339825868606567
E=-9.907396968052657,dE=-1.7596135215569575e-06,std=0
L=-9.907396968052657,dL=-1.7596135215569575e-06,std=0
        gnorm= 9.447738831302405e-05
        symmetric= True
        solver time=0.00466609001159668,exit status=0
        SR solver time= 0.004700660705566406
        symmetric= False
        niter= 31
        niter= 348
        solver time=0.10741305351257324,exit status=0
        RGN solver time= 0.10744309425354004
        xnorm=5.272354443971213,dnorm=0.02894820753058064
        dense amplitude time= 0.04728341102600098
        total non-zero amplitudes= 4900
        nsamples per process= 159
        sample time= 0.49593424797058105
        self.n= 0.16004498154712904
        RGN updated loss=-9.907398704330646,dloss=-1.7362779889396052e-06
step= 129

nparam= 1004
        dense amplitude time= 0.048357486724853516
        total non-zero amplitudes= 4900
        nsamples per process= 159
        sample time= 2.4810431003570557
        self.n= 0.1600449815471289
        collect g,h time= 4.394846200942993
E=-9.907398704330646,dE=-1.7362779889396052e-06,std=0
L=-9.907398704330646,dL=-1.7362779889396052e-06,std=0
        gnorm= 9.379448053671115e-05
        symmetric= True
        solver time=0.004170656204223633,exit status=0
        SR solver time= 0.0042040348052978516
        symmetric= False
        niter= 31
        niter= 349
        solver time=0.10629463195800781,exit status=0
        RGN solver time= 0.1063230037689209
        xnorm=5.2736787108089045,dnorm=0.028763447911536538
        dense amplitude time= 0.048322439193725586
        total non-zero amplitudes= 4900
        nsamples per process= 159
        sample time= 0.4935030937194824
        self.n= 0.1589775408894172
        RGN updated loss=-9.907400418307699,dloss=-1.7139770527307974e-06
step= 130

nparam= 1004
        dense amplitude time= 0.05574440956115723
        total non-zero amplitudes= 4900
        nsamples per process= 159
        sample time= 2.471626043319702
        self.n= 0.15897754088941715
        collect g,h time= 4.34734582901001
E=-9.9074004183077,dE=-1.7139770545071542e-06,std=0
L=-9.9074004183077,dL=-1.7139770545071542e-06,std=0
        gnorm= 9.970837722607567e-05
        symmetric= True
        solver time=0.004540920257568359,exit status=0
        SR solver time= 0.004576444625854492
        symmetric= False
        niter= 33
        niter= 352
        solver time=0.10765480995178223,exit status=0
        RGN solver time= 0.10768461227416992
        xnorm=5.275078947971366,dnorm=0.0285786023192109
        dense amplitude time= 0.04870867729187012
        total non-zero amplitudes= 4900
        nsamples per process= 159
        sample time= 0.49358129501342773
        self.n= 0.1579206668538342
        RGN updated loss=-9.907402110871205,dloss=-1.6925635044628962e-06
step= 131

nparam= 1004
        dense amplitude time= 0.061453819274902344
        total non-zero amplitudes= 4900
        nsamples per process= 159
        sample time= 2.469491481781006
        self.n= 0.1579206668538342
        collect g,h time= 4.369476318359375
E=-9.907402110871205,dE=-1.6925635044628962e-06,std=0
L=-9.907402110871205,dL=-1.6925635044628962e-06,std=0
        gnorm= 8.920099238682644e-05
        symmetric= True
        solver time=0.004381418228149414,exit status=0
        SR solver time= 0.004414558410644531
        symmetric= False
        niter= 31
        niter= 366
        solver time=0.11107492446899414,exit status=0
        RGN solver time= 0.11110448837280273
        xnorm=5.276555919444009,dnorm=0.02840913954817036
        dense amplitude time= 0.048499107360839844
        total non-zero amplitudes= 4900
        nsamples per process= 159
        sample time= 0.49207282066345215
        self.n= 0.15688144166138562
        RGN updated loss=-9.907403784670464,dloss=-1.6737992591941975e-06
step= 132

nparam= 1004
        dense amplitude time= 0.04813957214355469
        total non-zero amplitudes= 4900
        nsamples per process= 159
        sample time= 2.4819180965423584
        self.n= 0.15688144166138573
        collect g,h time= 4.404896974563599
E=-9.907403784670466,dE=-1.6737992609705543e-06,std=0
L=-9.907403784670466,dL=-1.6737992609705543e-06,std=0
        gnorm= 0.00014497426104395267
        symmetric= True
        solver time=0.005701303482055664,exit status=0
        SR solver time= 0.005735874176025391
        symmetric= False
        niter= 42
        niter= 343
        solver time=0.10391378402709961,exit status=0
        RGN solver time= 0.10394787788391113
        xnorm=5.2780938147476375,dnorm=0.028232738831482796
        dense amplitude time= 0.04859161376953125
        total non-zero amplitudes= 4900
        nsamples per process= 159
        sample time= 0.4937765598297119
        self.n= 0.1558608367008439
        RGN updated loss=-9.907405427056466,dloss=-1.6423859996450574e-06
step= 133

nparam= 1004
        dense amplitude time= 0.048462629318237305
        total non-zero amplitudes= 4900
        nsamples per process= 159
        sample time= 2.458036422729492
        self.n= 0.1558608367008438
        collect g,h time= 4.3067848682403564
E=-9.907405427056467,dE=-1.6423860014214142e-06,std=0
L=-9.907405427056467,dL=-1.6423860014214142e-06,std=0
        gnorm= 9.867379423436867e-05
        symmetric= True
        solver time=0.005641460418701172,exit status=0
        SR solver time= 0.005708217620849609
        symmetric= False
        niter= 38
        niter= 372
        solver time=0.11480093002319336,exit status=0
        RGN solver time= 0.11483120918273926
        xnorm=5.2797245488104325,dnorm=0.028081803691473513
        dense amplitude time= 0.04856157302856445
        total non-zero amplitudes= 4900
        nsamples per process= 159
        sample time= 0.49491238594055176
        self.n= 0.15484732344819846
        RGN updated loss=-9.907407067573759,dloss=-1.6405172917899336e-06
step= 134

nparam= 1004
        dense amplitude time= 0.05628824234008789
        total non-zero amplitudes= 4900
        nsamples per process= 159
        sample time= 2.502716541290283
        self.n= 0.15484732344819838
        collect g,h time= 4.364363670349121
E=-9.90740706757376,dE=-1.6405172935662904e-06,std=0
L=-9.90740706757376,dL=-1.6405172935662904e-06,std=0
        gnorm= 8.954184118215212e-05
        symmetric= True
        solver time=0.0043354034423828125,exit status=0
        SR solver time= 0.0043714046478271484
        symmetric= False
        niter= 31
        niter= 367
        solver time=0.11169314384460449,exit status=0
        RGN solver time= 0.1117255687713623
        xnorm=5.281385795598086,dnorm=0.027914161915408596
        dense amplitude time= 0.04852724075317383
        total non-zero amplitudes= 4900
        nsamples per process= 159
        sample time= 0.49169063568115234
        self.n= 0.15384859145965352
        RGN updated loss=-9.907408682466228,dloss=-1.6148924668613063e-06
step= 135

nparam= 1004
        dense amplitude time= 0.0484466552734375
        total non-zero amplitudes= 4900
        nsamples per process= 159
        sample time= 2.46893572807312
        self.n= 0.1538485914596535
        collect g,h time= 4.341200351715088
E=-9.907408682466228,dE=-1.6148924668613063e-06,std=0
L=-9.907408682466228,dL=-1.6148924668613063e-06,std=0
        gnorm= 8.895743600965067e-05
        symmetric= True
        solver time=0.004294633865356445,exit status=0
        SR solver time= 0.00432896614074707
        symmetric= False
        niter= 31
        niter= 364
        solver time=0.11038732528686523,exit status=0
        RGN solver time= 0.1104135513305664
        xnorm=5.283115694787775,dnorm=0.02775642000828773
        dense amplitude time= 0.04849100112915039
        total non-zero amplitudes= 4900
        nsamples per process= 159
        sample time= 0.4943671226501465
        self.n= 0.15286223690238623
        RGN updated loss=-9.90741027798417,dloss=-1.5955179417659338e-06
step= 136

nparam= 1004
        dense amplitude time= 0.0565342903137207
        total non-zero amplitudes= 4900
        nsamples per process= 159
        sample time= 2.481036901473999
        self.n= 0.15286223690238612
        collect g,h time= 4.380822420120239
E=-9.907410277984168,dE=-1.595517939989577e-06,std=0
L=-9.907410277984168,dL=-1.595517939989577e-06,std=0
        gnorm= 8.70802733727555e-05
        symmetric= True
        solver time=0.004249095916748047,exit status=0
        SR solver time= 0.004282474517822266
        symmetric= False
        niter= 31
        niter= 365
        solver time=0.11168265342712402,exit status=0
        RGN solver time= 0.11171102523803711
        xnorm=5.284912604294129,dnorm=0.027592591952736455
        dense amplitude time= 0.0485079288482666
        total non-zero amplitudes= 4900
        nsamples per process= 159
        sample time= 0.4909241199493408
        self.n= 0.15188815731303734
        RGN updated loss=-9.907411855320282,dloss=-1.577336114166883e-06
step= 137

nparam= 1004
        dense amplitude time= 0.04825711250305176
        total non-zero amplitudes= 4900
        nsamples per process= 159
        sample time= 2.478102445602417
        self.n= 0.15188815731303734
        collect g,h time= 4.304307222366333
E=-9.907411855320282,dE=-1.577336114166883e-06,std=0
L=-9.907411855320282,dL=-1.577336114166883e-06,std=0
        gnorm= 8.653760658802021e-05
        symmetric= True
        solver time=0.0043337345123291016,exit status=0
        SR solver time= 0.004366397857666016
        symmetric= False
        niter= 31
        niter= 366
        solver time=0.11132454872131348,exit status=0
        RGN solver time= 0.11135363578796387
        xnorm=5.286765385582033,dnorm=0.027428812180073578
        dense amplitude time= 0.04846477508544922
        total non-zero amplitudes= 4900
        nsamples per process= 159
        sample time= 0.4920918941497803
        self.n= 0.15092503012369834
        RGN updated loss=-9.907413414004587,dloss=-1.558684305180691e-06
step= 138

nparam= 1004
        dense amplitude time= 0.04837918281555176
        total non-zero amplitudes= 4900
        nsamples per process= 159
        sample time= 2.4729368686676025
        self.n= 0.15092503012369834
        collect g,h time= 4.331183195114136
E=-9.907413414004585,dE=-1.558684303404334e-06,std=0
L=-9.907413414004585,dL=-1.558684303404334e-06,std=0
        gnorm= 8.524654817353074e-05
        symmetric= True
        solver time=0.004400968551635742,exit status=0
        SR solver time= 0.004436016082763672
        symmetric= False
        niter= 32
        niter= 373
        solver time=0.11393332481384277,exit status=0
        RGN solver time= 0.11396336555480957
        xnorm=5.288669134930088,dnorm=0.027257301441761292
        dense amplitude time= 0.04866147041320801
        total non-zero amplitudes= 4900
        nsamples per process= 159
        sample time= 0.4906578063964844
        self.n= 0.14997387891703667
        RGN updated loss=-9.907414953432015,dloss=-1.5394274299751487e-06
step= 139

nparam= 1004
        dense amplitude time= 0.04822564125061035
        total non-zero amplitudes= 4900
        nsamples per process= 159
        sample time= 2.5324792861938477
        self.n= 0.14997387891703662
        collect g,h time= 4.317156553268433
E=-9.907414953432019,dE=-1.5394274335278624e-06,std=0
L=-9.907414953432019,dL=-1.5394274335278624e-06,std=0
        gnorm= 8.629054387028968e-05
        symmetric= True
        solver time=0.005045890808105469,exit status=0
        SR solver time= 0.005080223083496094
        symmetric= False
        niter= 37
        niter= 374
        solver time=0.11478400230407715,exit status=0
        RGN solver time= 0.11481404304504395
        xnorm=5.2906415815510535,dnorm=0.027078785963740776
        dense amplitude time= 0.048575401306152344
        total non-zero amplitudes= 4900
        nsamples per process= 159
        sample time= 0.49254465103149414
        self.n= 0.14903660594991425
        RGN updated loss=-9.907416468101584,dloss=-1.514669564883775e-06
step= 140

nparam= 1004
        dense amplitude time= 0.0550227165222168
        total non-zero amplitudes= 4900
        nsamples per process= 159
        sample time= 2.469369888305664
        self.n= 0.1490366059499142
        collect g,h time= 4.271970748901367
E=-9.907416468101585,dE=-1.5146695666601317e-06,std=0
L=-9.907416468101585,dL=-1.5146695666601317e-06,std=0
        gnorm= 8.601783220045637e-05
        symmetric= True
        solver time=0.0050563812255859375,exit status=0
        SR solver time= 0.005091190338134766
        symmetric= False
        niter= 37
        niter= 374
        solver time=0.1133279800415039,exit status=0
        RGN solver time= 0.11336088180541992
        xnorm=5.292642405401244,dnorm=0.02693569809541389
        dense amplitude time= 0.04850125312805176
        total non-zero amplitudes= 4900
        nsamples per process= 159
        sample time= 0.4892451763153076
        self.n= 0.14811410325485386
        RGN updated loss=-9.907417973492807,dloss=-1.5053912214568754e-06
step= 141

nparam= 1004
        dense amplitude time= 0.061045169830322266
        total non-zero amplitudes= 4900
        nsamples per process= 159
        sample time= 2.449704885482788
        self.n= 0.1481141032548535
        collect g,h time= 4.337706565856934
E=-9.907417973492809,dE=-1.5053912232332323e-06,std=0
L=-9.907417973492809,dL=-1.5053912232332323e-06,std=0
        gnorm= 8.768784344494068e-05
        symmetric= True
        solver time=0.005097866058349609,exit status=0
        SR solver time= 0.0051364898681640625
        symmetric= False
        niter= 37
        niter= 374
        solver time=0.11421036720275879,exit status=0
        RGN solver time= 0.11424016952514648
        xnorm=5.294716639400298,dnorm=0.026724652547600487
        dense amplitude time= 0.04835987091064453
        total non-zero amplitudes= 4900
        nsamples per process= 159
        sample time= 0.4908714294433594
        self.n= 0.1471990181992756
        RGN updated loss=-9.907419449763408,dloss=-1.4762705990989389e-06
step= 142

nparam= 1004
        dense amplitude time= 0.05617022514343262
        total non-zero amplitudes= 4900
        nsamples per process= 159
        sample time= 2.5531773567199707
        self.n= 0.1471990181992755
        collect g,h time= 4.358875751495361
E=-9.907419449763408,dE=-1.4762705990989389e-06,std=0
L=-9.907419449763408,dL=-1.4762705990989389e-06,std=0
        gnorm= 8.485434358481184e-05
        symmetric= True
        solver time=0.005131721496582031,exit status=0
        SR solver time= 0.0051691532135009766
        symmetric= False
        niter= 37
        niter= 376
        solver time=0.11450648307800293,exit status=0
        RGN solver time= 0.11453652381896973
        xnorm=5.296815377871643,dnorm=0.026599501350740417
        dense amplitude time= 0.048553466796875
        total non-zero amplitudes= 4900
        nsamples per process= 159
        sample time= 0.4893777370452881
        self.n= 0.14629794090188378
        RGN updated loss=-9.907420919678561,dloss=-1.4699151531516463e-06
step= 143

nparam= 1004
        dense amplitude time= 0.04819846153259277
        total non-zero amplitudes= 4900
        nsamples per process= 159
        sample time= 2.4809837341308594
        self.n= 0.14629794090188358
        collect g,h time= 4.30611252784729
E=-9.90742091967856,dE=-1.4699151513752895e-06,std=0
L=-9.90742091967856,dL=-1.4699151513752895e-06,std=0
        gnorm= 8.45125968043042e-05
        symmetric= True
        solver time=0.004716157913208008,exit status=0
        SR solver time= 0.004751920700073242
        symmetric= False
        niter= 34
        niter= 374
        solver time=0.11482834815979004,exit status=0
        RGN solver time= 0.11485576629638672
        xnorm=5.29897116648599,dnorm=0.026422450606963258
        dense amplitude time= 0.04852461814880371
        total non-zero amplitudes= 4900
        nsamples per process= 159
        sample time= 0.4876594543457031
        self.n= 0.14540232912842582
        RGN updated loss=-9.907422367709582,dloss=-1.4480310230879923e-06
step= 144

nparam= 1004
        dense amplitude time= 0.04853034019470215
        total non-zero amplitudes= 4900
        nsamples per process= 159
        sample time= 2.445819616317749
        self.n= 0.14540232912842588
        collect g,h time= 4.372799873352051
E=-9.907422367709584,dE=-1.448031024864349e-06,std=0
L=-9.907422367709584,dL=-1.448031024864349e-06,std=0
        gnorm= 7.726074485055496e-05
        symmetric= True
        solver time=0.004464626312255859,exit status=0
        SR solver time= 0.0045011043548583984
        symmetric= False
        niter= 33
        niter= 377
        solver time=0.11437845230102539,exit status=0
        RGN solver time= 0.11441326141357422
        xnorm=5.3011491145832075,dnorm=0.026235983266933757
        dense amplitude time= 0.04856300354003906
        total non-zero amplitudes= 4900
        nsamples per process= 159
        sample time= 0.48819732666015625
        self.n= 0.14452731629100002
        RGN updated loss=-9.907423793791528,dloss=-1.4260819440892192e-06
step= 145

nparam= 1004
        dense amplitude time= 0.05655360221862793
        total non-zero amplitudes= 4900
        nsamples per process= 159
        sample time= 2.4622297286987305
        self.n= 0.1445273162909998
        collect g,h time= 4.370316743850708
E=-9.907423793791528,dE=-1.4260819440892192e-06,std=0
L=-9.907423793791528,dL=-1.4260819440892192e-06,std=0
        gnorm= 8.047568561450396e-05
        symmetric= True
        solver time=0.0048694610595703125,exit status=0
        SR solver time= 0.00490570068359375
        symmetric= False
        niter= 33
        niter= 374
        solver time=0.11441278457641602,exit status=0
        RGN solver time= 0.11444759368896484
        xnorm=5.303361594764711,dnorm=0.026079782109552266
        dense amplitude time= 0.048575639724731445
        total non-zero amplitudes= 4900
        nsamples per process= 159
        sample time= 0.4908170700073242
        self.n= 0.1436567364353154
        RGN updated loss=-9.907425204776287,dloss=-1.41098475836543e-06
step= 146

nparam= 1004
        dense amplitude time= 0.056008338928222656
        total non-zero amplitudes= 4900
        nsamples per process= 159
        sample time= 2.453416347503662
        self.n= 0.14365673643531524
        collect g,h time= 4.38409948348999
E=-9.907425204776285,dE=-1.4109847565890732e-06,std=0
L=-9.907425204776285,dL=-1.4109847565890732e-06,std=0
        gnorm= 7.447096492304264e-05
        symmetric= True
        solver time=0.0046672821044921875,exit status=0
        SR solver time= 0.004702568054199219
        symmetric= False
        niter= 33
        niter= 381
        solver time=0.11743307113647461,exit status=0
        RGN solver time= 0.11746335029602051
        xnorm=5.305587110844428,dnorm=0.025884982622295428
        dense amplitude time= 0.048609018325805664
        total non-zero amplitudes= 4900
        nsamples per process= 159
        sample time= 0.49068117141723633
        self.n= 0.1428009798384411
        RGN updated loss=-9.90742659385849,dloss=-1.3890822057049945e-06
step= 147

nparam= 1004
        dense amplitude time= 0.048421382904052734
        total non-zero amplitudes= 4900
        nsamples per process= 159
        sample time= 2.4885189533233643
        self.n= 0.14280097983844117
        collect g,h time= 4.297210931777954
E=-9.90742659385849,dE=-1.3890822057049945e-06,std=0
L=-9.90742659385849,dL=-1.3890822057049945e-06,std=0
        gnorm= 0.00012522987827418822
        symmetric= True
        solver time=0.0064239501953125,exit status=0
        SR solver time= 0.006459712982177734
        symmetric= False
        niter= 43
        niter= 372
        solver time=0.11481904983520508,exit status=0
        RGN solver time= 0.1148524284362793
        xnorm=5.307835388959595,dnorm=0.025705935449524563
        dense amplitude time= 0.04863381385803223
        total non-zero amplitudes= 4900
        nsamples per process= 159
        sample time= 0.49045586585998535
        self.n= 0.14192685307730935
        RGN updated loss=-9.907427947050543,dloss=-1.3531920526332897e-06
step= 148

nparam= 1004
        dense amplitude time= 0.04835104942321777
        total non-zero amplitudes= 4900
        nsamples per process= 159
        sample time= 2.4980669021606445
        self.n= 0.14192685307730923
        collect g,h time= 4.302623510360718
E=-9.907427947050543,dE=-1.3531920526332897e-06,std=0
L=-9.907427947050543,dL=-1.3531920526332897e-06,std=0
        gnorm= 0.00010436318799231969
        symmetric= True
        solver time=0.005669832229614258,exit status=0
        SR solver time= 0.0057086944580078125
        symmetric= False
        niter= 41
        niter= 374
        solver time=0.11556839942932129,exit status=0
        RGN solver time= 0.11560392379760742
        xnorm=5.3101317497409335,dnorm=0.025571372948395937
        dense amplitude time= 0.04868125915527344
        total non-zero amplitudes= 4900
        nsamples per process= 159
        sample time= 0.49019956588745117
        self.n= 0.14107130478288282
        RGN updated loss=-9.907429307750993,dloss=-1.3607004500926223e-06
step= 149

nparam= 1004
        dense amplitude time= 0.048598289489746094
        total non-zero amplitudes= 4900
        nsamples per process= 159
        sample time= 2.4976961612701416
        self.n= 0.14107130478288282
        collect g,h time= 4.4594292640686035
E=-9.907429307750993,dE=-1.3607004500926223e-06,std=0
L=-9.907429307750993,dL=-1.3607004500926223e-06,std=0
        gnorm= 9.231394768168719e-05
        symmetric= True
        solver time=0.005227804183959961,exit status=0
        SR solver time= 0.005265712738037109
        symmetric= False
        niter= 38
        niter= 374
        solver time=0.11444687843322754,exit status=0
        RGN solver time= 0.11449384689331055
        xnorm=5.312469979525119,dnorm=0.025331351738184814
        dense amplitude time= 0.04873323440551758
        total non-zero amplitudes= 4900
        nsamples per process= 159
        sample time= 0.4893627166748047
        self.n= 0.14025622284188527
        RGN updated loss=-9.907430635848563,dloss=-1.3280975696972064e-06
(mpi4py) [rpeng@holy8a24102 pmg4]$

layer= 0
nparam= 660
hop_ls= [(1, 5), (1, 8), (1, 9), (1, 13), (5, 8), (5, 9), (5, 13), (8, 9), (8, 13), (9, 13)]

layer= 1
nparam= 144
hop_ls= [(9, 14), (1, 6), (2, 5), (2, 8), (2, 14), (13, 14), (6, 8), (6, 14), (5, 6), (8, 14), (1, 2), (1, 14), (2, 13), (6, 13), (5, 14), (2, 9), (2, 6), (6, 9)]

layer= 2
nparam= 152
hop_ls= [(6, 12), (4, 9), (4, 6), (4, 12), (12, 13), (0, 2), (5, 10), (0, 5), (8, 12), (0, 8), (0, 14), (10, 12), (1, 12), (4, 5), (4, 8), (4, 14), (5, 12), (0, 1), (9, 10), (2, 4), (0, 4), (0, 10), (0, 13), (2, 10), (10, 14), (6, 10), (12, 14), (4, 10), (4, 13), (9, 12), (0, 9), (8, 10), (1, 4), (0, 6), (0, 12), (2, 12), (1, 10), (10, 13)]

layer= 3
nparam= 48
hop_ls= [(6, 15), (3, 4), (3, 10), (5, 7), (4, 15), (3, 13), (9, 11), (11, 14), (1, 3), (2, 11), (8, 15), (0, 11), (10, 15), (1, 15), (6, 11), (7, 10), (7, 13), (3, 9), (12, 15), (3, 6), (3, 12), (4, 11), (14, 15), (8, 11), (0, 7), (5, 15), (10, 11), (2, 7), (1, 11), (11, 13), (7, 9), (6, 7), (7, 12), (4, 7), (3, 5), (3, 8), (3, 14), (5, 11), (0, 3), (9, 15), (2, 3), (11, 12), (1, 7), (0, 15), (2, 15), (13, 15), (7, 8), (7, 14)]

step= 150

nparam= 1004
ntotal configs= 4900
        dense amplitude time= 0.04817056655883789
        total non-zero amplitudes= 4900
        nsamples per process= 159
        sample time= 13.590806484222412
        self.n= 0.14025622284188527
        collect g,h time= 17.499954223632812
E=-9.907430635848563,dE=0,std=0
L=-9.907430635848563,dL=0,std=0
        gnorm= 0.00012347086616023336
        symmetric= True
        solver time=0.009085893630981445,exit status=0
        SR solver time= 0.009175777435302734
        symmetric= False
        niter= 43
        niter= 373
        solver time=0.12256312370300293,exit status=0
        RGN solver time= 0.12260556221008301
        xnorm=5.31475863513299,dnorm=0.025109034541035274
        dense amplitude time= 0.04604077339172363
        total non-zero amplitudes= 4900
        nsamples per process= 159
        sample time= 0.49275946617126465
        self.n= 0.13942284490685253
        RGN updated loss=-9.907431928769329,dloss=-1.2929207660050679e-06
step= 151

nparam= 1004
        dense amplitude time= 0.05394887924194336
        total non-zero amplitudes= 4900
        nsamples per process= 159
        sample time= 2.471881866455078
        self.n= 0.13942284490685244
        collect g,h time= 4.315758466720581
E=-9.907431928769332,dE=-1.2929207695577816e-06,std=0
L=-9.907431928769332,dL=-1.2929207695577816e-06,std=0
        gnorm= 0.00010530204168324681
        symmetric= True
        solver time=0.006258964538574219,exit status=0
        SR solver time= 0.006295919418334961
        symmetric= False
        niter= 41
        niter= 374
        solver time=0.11527371406555176,exit status=0
        RGN solver time= 0.1153099536895752
        xnorm=5.3170983146059445,dnorm=0.0249309035870577
        dense amplitude time= 0.045693159103393555
        total non-zero amplitudes= 4900
        nsamples per process= 159
        sample time= 0.4950284957885742
        self.n= 0.13862927113842127
        RGN updated loss=-9.907433227349308,dloss=-1.2985799759945849e-06
step= 152

nparam= 1004
        dense amplitude time= 0.04728817939758301
        total non-zero amplitudes= 4900
        nsamples per process= 159
        sample time= 2.4725124835968018
        self.n= 0.13862927113842116
        collect g,h time= 4.425100803375244
E=-9.907433227349308,dE=-1.2985799759945849e-06,std=0
L=-9.907433227349308,dL=-1.2985799759945849e-06,std=0
        gnorm= 0.00011566882104107796
        symmetric= True
        solver time=0.005985260009765625,exit status=0
        SR solver time= 0.0060350894927978516
        symmetric= False
        niter= 43
        niter= 374
        solver time=0.11376738548278809,exit status=0
        RGN solver time= 0.11380434036254883
        xnorm=5.319369770879493,dnorm=0.024709895310223867
        dense amplitude time= 0.04736137390136719
        total non-zero amplitudes= 4900
        nsamples per process= 159
        sample time= 0.4903709888458252
        self.n= 0.13781878734438474
        RGN updated loss=-9.907434480532448,dloss=-1.2531831394824167e-06
step= 153

nparam= 1004
        dense amplitude time= 0.04657173156738281
        total non-zero amplitudes= 4900
        nsamples per process= 159
        sample time= 2.5211033821105957
        self.n= 0.13781878734438477
        collect g,h time= 4.358405351638794
E=-9.907434480532448,dE=-1.2531831394824167e-06,std=0
L=-9.907434480532448,dL=-1.2531831394824167e-06,std=0
        gnorm= 0.00010801753846161353
        symmetric= True
        solver time=0.009046316146850586,exit status=0
        SR solver time= 0.009113311767578125
        symmetric= False
        niter= 42
        niter= 374
        solver time=0.11381840705871582,exit status=0
        RGN solver time= 0.11385178565979004
        xnorm=5.321717445898186,dnorm=0.024506065271023315
        dense amplitude time= 0.0474090576171875
        total non-zero amplitudes= 4900
        nsamples per process= 159
        sample time= 0.655104398727417
        self.n= 0.13703775328836706
        RGN updated loss=-9.90743573746354,dloss=-1.2569310925414356e-06
step= 154

nparam= 1004
        dense amplitude time= 0.0471949577331543
        total non-zero amplitudes= 4900
        nsamples per process= 159
        sample time= 2.4576351642608643
        self.n= 0.13703775328836693
        collect g,h time= 4.386467456817627
E=-9.907435737463539,dE=-1.2569310907650788e-06,std=0
L=-9.907435737463539,dL=-1.2569310907650788e-06,std=0
        gnorm= 8.279887515861428e-05
        symmetric= True
        solver time=0.005118846893310547,exit status=0
        SR solver time= 0.005153179168701172
        symmetric= False
        niter= 37
        niter= 381
        solver time=0.1148676872253418,exit status=0
        RGN solver time= 0.11489701271057129
        xnorm=5.324023126959607,dnorm=0.024322749806936772
        dense amplitude time= 0.0472562313079834
        total non-zero amplitudes= 4900
        nsamples per process= 159
        sample time= 0.5716736316680908
        self.n= 0.13628138144394694
        RGN updated loss=-9.907436967538189,dloss=-1.2300746501381354e-06
step= 155

nparam= 1004
        dense amplitude time= 0.04645109176635742
        total non-zero amplitudes= 4900
        nsamples per process= 159
        sample time= 2.4706265926361084
        self.n= 0.13628138144394725
        collect g,h time= 4.3124680519104
E=-9.907436967538189,dE=-1.2300746501381354e-06,std=0
L=-9.907436967538189,dL=-1.2300746501381354e-06,std=0
        gnorm= 8.226960303470215e-05
        symmetric= True
        solver time=0.005593538284301758,exit status=0
        SR solver time= 0.005666494369506836
        symmetric= False
        niter= 38
        niter= 385
        solver time=0.11807942390441895,exit status=0
        RGN solver time= 0.11811661720275879
        xnorm=5.326340518276223,dnorm=0.02411702028222015
        dense amplitude time= 0.04748988151550293
        total non-zero amplitudes= 4900
        nsamples per process= 159
        sample time= 0.49299144744873047
        self.n= 0.1355204197561588
        RGN updated loss=-9.907438170126527,dloss=-1.2025883382449365e-06
step= 156

nparam= 1004
        dense amplitude time= 0.04787564277648926
        total non-zero amplitudes= 4900
        nsamples per process= 159
        sample time= 2.4735662937164307
        self.n= 0.1355204197561586
        collect g,h time= 4.355484962463379
E=-9.907438170126524,dE=-1.2025883346922228e-06,std=0
L=-9.907438170126524,dL=-1.2025883346922228e-06,std=0
        gnorm= 6.98842433411173e-05
        symmetric= True
        solver time=0.005088329315185547,exit status=0
        SR solver time= 0.005129098892211914
        symmetric= False
        niter= 35
        niter= 403
        solver time=0.12295198440551758,exit status=0
        RGN solver time= 0.12298202514648438
        xnorm=5.3286887852412335,dnorm=0.02392533846625331
        dense amplitude time= 0.04726219177246094
        total non-zero amplitudes= 4900
        nsamples per process= 159
        sample time= 0.4925501346588135
        self.n= 0.13478432426653844
        RGN updated loss=-9.907439356926842,dloss=-1.1868003184645204e-06
step= 157

nparam= 1004
        dense amplitude time= 0.059502601623535156
        total non-zero amplitudes= 4900
        nsamples per process= 159
        sample time= 2.4736809730529785
        self.n= 0.13478432426653844
        collect g,h time= 4.414841175079346
E=-9.907439356926842,dE=-1.1868003184645204e-06,std=0
L=-9.907439356926842,dL=-1.1868003184645204e-06,std=0
        gnorm= 9.816027187846413e-05
        symmetric= True
        solver time=0.0055866241455078125,exit status=0
        SR solver time= 0.005623340606689453
        symmetric= False
        niter= 39
        niter= 378
        solver time=0.11712479591369629,exit status=0
        RGN solver time= 0.11718535423278809
        xnorm=5.3310153969422975,dnorm=0.02368469656939919
        dense amplitude time= 0.04578208923339844
        total non-zero amplitudes= 4900
        nsamples per process= 159
        sample time= 0.4940829277038574
        self.n= 0.13404138094405949
        RGN updated loss=-9.907440514251306,dloss=-1.1573244638185542e-06
step= 158

nparam= 1004
        dense amplitude time= 0.04765439033508301
        total non-zero amplitudes= 4900
        nsamples per process= 159
        sample time= 2.4452154636383057
        self.n= 0.1340413809440595
        collect g,h time= 4.335531711578369
E=-9.907440514251308,dE=-1.157324465594911e-06,std=0
L=-9.907440514251308,dL=-1.157324465594911e-06,std=0
        gnorm= 8.267756634476757e-05
        symmetric= True
        solver time=0.0051021575927734375,exit status=0
        SR solver time= 0.00513768196105957
        symmetric= False
        niter= 38
        niter= 385
        solver time=0.1169590950012207,exit status=0
        RGN solver time= 0.11700105667114258
        xnorm=5.333349292333,dnorm=0.023494143787793086
        dense amplitude time= 0.047276973724365234
        total non-zero amplitudes= 4900
        nsamples per process= 159
        sample time= 0.5728213787078857
        self.n= 0.13333466182428028
        RGN updated loss=-9.907441660843693,dloss=-1.1465923854814264e-06
step= 159

nparam= 1004
        dense amplitude time= 0.058988094329833984
        total non-zero amplitudes= 4900
        nsamples per process= 159
        sample time= 2.4538841247558594
        self.n= 0.13333466182428028
        collect g,h time= 4.43289041519165
E=-9.907441660843693,dE=-1.1465923854814264e-06,std=0
L=-9.907441660843693,dL=-1.1465923854814264e-06,std=0
        gnorm= 8.926476376508155e-05
        symmetric= True
        solver time=0.005272388458251953,exit status=0
        SR solver time= 0.005307435989379883
        symmetric= False
        niter= 39
        niter= 386
        solver time=0.1172037124633789,exit status=0
        RGN solver time= 0.11722970008850098
        xnorm=5.33565431027288,dnorm=0.02328437092315043
        dense amplitude time= 0.047255754470825195
        total non-zero amplitudes= 4900
        nsamples per process= 159
        sample time= 0.49260807037353516
        self.n= 0.13263403810711386
        RGN updated loss=-9.907442778012909,dloss=-1.11716921580296e-06
step= 160

nparam= 1004
        dense amplitude time= 0.059831857681274414
        total non-zero amplitudes= 4900
        nsamples per process= 159
        sample time= 2.4388480186462402
        self.n= 0.13263403810711388
        collect g,h time= 4.365090608596802
E=-9.907442778012912,dE=-1.1171692193556737e-06,std=0
L=-9.907442778012912,dL=-1.1171692193556737e-06,std=0
        gnorm= 8.080930456714374e-05
        symmetric= True
        solver time=0.005077838897705078,exit status=0
        SR solver time= 0.005113124847412109
        symmetric= False
        niter= 37
        niter= 395
        solver time=0.11908578872680664,exit status=0
        RGN solver time= 0.11911392211914062
        xnorm=5.337929106550993,dnorm=0.02307543584799129
        dense amplitude time= 0.04754948616027832
        total non-zero amplitudes= 4900
        nsamples per process= 159
        sample time= 0.49103260040283203
        self.n= 0.13195876632082276
        RGN updated loss=-9.907443883350659,dloss=-1.1053377466652137e-06
step= 161

nparam= 1004
        dense amplitude time= 0.05253481864929199
        total non-zero amplitudes= 4900
        nsamples per process= 159
        sample time= 2.4745335578918457
        self.n= 0.13195876632082273
        collect g,h time= 4.393817186355591
E=-9.90744388335066,dE=-1.1053377484415705e-06,std=0
L=-9.90744388335066,dL=-1.1053377484415705e-06,std=0
        gnorm= 9.285976277599474e-05
        symmetric= True
        solver time=0.005280256271362305,exit status=0
        SR solver time= 0.0053174495697021484
        symmetric= False
        niter= 39
        niter= 382
        solver time=0.1168527603149414,exit status=0
        RGN solver time= 0.11689519882202148
        xnorm=5.3401799044761535,dnorm=0.02283283134094104
        dense amplitude time= 0.04950237274169922
        total non-zero amplitudes= 4900
        nsamples per process= 159
        sample time= 0.49192190170288086
        self.n= 0.13127870933448194
        RGN updated loss=-9.907444956430872,dloss=-1.0730802113556592e-06
step= 162

nparam= 1004
        dense amplitude time= 0.04740595817565918
        total non-zero amplitudes= 4900
        nsamples per process= 159
        sample time= 2.439655065536499
        self.n= 0.1312787093344819
        collect g,h time= 4.30005955696106
E=-9.907444956430872,dE=-1.0730802113556592e-06,std=0
L=-9.907444956430872,dL=-1.0730802113556592e-06,std=0
        gnorm= 8.032920849786955e-05
        symmetric= True
        solver time=0.005213022232055664,exit status=0
        SR solver time= 0.0052490234375
        symmetric= False
        niter= 39
        niter= 391
        solver time=0.11771821975708008,exit status=0
        RGN solver time= 0.11774635314941406
        xnorm=5.342418579527006,dnorm=0.022587860005265976
        dense amplitude time= 0.04722404479980469
        total non-zero amplitudes= 4900
        nsamples per process= 159
        sample time= 0.4919164180755615
        self.n= 0.1306205675423997
        RGN updated loss=-9.907446011660648,dloss=-1.0552297755594964e-06
step= 163

nparam= 1004
        dense amplitude time= 0.05639314651489258
        total non-zero amplitudes= 4900
        nsamples per process= 159
        sample time= 2.4483001232147217
        self.n= 0.1306205675423996
        collect g,h time= 4.350727081298828
E=-9.907446011660648,dE=-1.0552297755594964e-06,std=0
L=-9.907446011660648,dL=-1.0552297755594964e-06,std=0
        gnorm= 9.327836531058659e-05
        symmetric= True
        solver time=0.005427122116088867,exit status=0
        SR solver time= 0.005467653274536133
        symmetric= False
        niter= 40
        niter= 380
        solver time=0.11536645889282227,exit status=0
        RGN solver time= 0.11539649963378906
        xnorm=5.344635682069968,dnorm=0.02240482046410008
        dense amplitude time= 0.047121286392211914
        total non-zero amplitudes= 4900
        nsamples per process= 159
        sample time= 0.4924204349517822
        self.n= 0.12996285031627558
        RGN updated loss=-9.90744704559236,dloss=-1.0339317118024383e-06
step= 164

nparam= 1004
        dense amplitude time= 0.04759788513183594
        total non-zero amplitudes= 4900
        nsamples per process= 159
        sample time= 2.4583065509796143
        self.n= 0.12996285031627527
        collect g,h time= 4.324256420135498
E=-9.907447045592361,dE=-1.033931713578795e-06,std=0
L=-9.907447045592361,dL=-1.033931713578795e-06,std=0
        gnorm= 0.00013814338731298008
        symmetric= True
        solver time=0.00598597526550293,exit status=0
        SR solver time= 0.006020784378051758
        symmetric= False
        niter= 45
        niter= 374
        solver time=0.11259174346923828,exit status=0
        RGN solver time= 0.11262011528015137
        xnorm=5.346829395382843,dnorm=0.022250535554908087
        dense amplitude time= 0.04719424247741699
        total non-zero amplitudes= 4900
        nsamples per process= 159
        sample time= 0.4914734363555908
        self.n= 0.12933322406714337
        RGN updated loss=-9.907448061320972,dloss=-1.0157286105538788e-06
step= 165

nparam= 1004
        dense amplitude time= 0.05949044227600098
        total non-zero amplitudes= 4900
        nsamples per process= 159
        sample time= 2.4857563972473145
        self.n= 0.12933322406714326
        collect g,h time= 4.336138725280762
E=-9.90744806132097,dE=-1.015728608777522e-06,std=0
L=-9.90744806132097,dL=-1.015728608777522e-06,std=0
        gnorm= 8.303857249698921e-05
        symmetric= True
        solver time=0.005953311920166016,exit status=0
        SR solver time= 0.006020069122314453
        symmetric= False
        niter= 41
        niter= 395
        solver time=0.11970782279968262,exit status=0
        RGN solver time= 0.11974358558654785
        xnorm=5.348980937051578,dnorm=0.022015414135188056
        dense amplitude time= 0.047202110290527344
        total non-zero amplitudes= 4900
        nsamples per process= 159
        sample time= 0.5719125270843506
        self.n= 0.12870943014222735
        RGN updated loss=-9.907449068045565,dloss=-1.0067245952427584e-06
step= 166

nparam= 1004
        dense amplitude time= 0.047394752502441406
        total non-zero amplitudes= 4900
        nsamples per process= 159
        sample time= 2.461250066757202
        self.n= 0.12870943014222747
        collect g,h time= 4.334355592727661
E=-9.907449068045564,dE=-1.0067245934664015e-06,std=0
L=-9.907449068045564,dL=-1.0067245934664015e-06,std=0
        gnorm= 6.668433898394736e-05
        symmetric= True
        solver time=0.005224943161010742,exit status=0
        SR solver time= 0.005258798599243164
        symmetric= False
        niter= 38
        niter= 404
        solver time=0.12908220291137695,exit status=0
        RGN solver time= 0.12911343574523926
        xnorm=5.3511082945172,dnorm=0.021783127452411944
        dense amplitude time= 0.04932260513305664
        total non-zero amplitudes= 4900
        nsamples per process= 159
        sample time= 0.5736689567565918
        self.n= 0.12809339995750985
        RGN updated loss=-9.90745004730317,dloss=-9.792576065592584e-07
step= 167

nparam= 1004
        dense amplitude time= 0.04650092124938965
        total non-zero amplitudes= 4900
        nsamples per process= 159
        sample time= 2.4495084285736084
        self.n= 0.1280933999575099
        collect g,h time= 4.347846269607544
E=-9.90745004730317,dE=-9.792576065592584e-07,std=0
L=-9.90745004730317,dL=-9.792576065592584e-07,std=0
        gnorm= 7.270494568711511e-05
        symmetric= True
        solver time=0.005479574203491211,exit status=0
        SR solver time= 0.0055141448974609375
        symmetric= False
        niter= 38
        niter= 397
        solver time=0.12049460411071777,exit status=0
        RGN solver time= 0.12052249908447266
        xnorm=5.353223057394866,dnorm=0.021614494902091476
        dense amplitude time= 0.047257184982299805
        total non-zero amplitudes= 4900
        nsamples per process= 159
        sample time= 0.49249720573425293
        self.n= 0.1274849157110178
        RGN updated loss=-9.907451010580386,dloss=-9.632772162149195e-07
step= 168

nparam= 1004
        dense amplitude time= 0.05652451515197754
        total non-zero amplitudes= 4900
        nsamples per process= 159
        sample time= 2.5083601474761963
        self.n= 0.12748491571101778
        collect g,h time= 4.282872676849365
E=-9.907451010580386,dE=-9.632772162149195e-07,std=0
L=-9.907451010580386,dL=-9.632772162149195e-07,std=0
        gnorm= 6.655846397961732e-05
        symmetric= True
        solver time=0.0050122737884521484,exit status=0
        SR solver time= 0.00504755973815918
        symmetric= False
        niter= 38
        niter= 404
        solver time=0.12206578254699707,exit status=0
        RGN solver time= 0.12209367752075195
        xnorm=5.355308044784318,dnorm=0.02138940058793279
        dense amplitude time= 0.047307491302490234
        total non-zero amplitudes= 4900
        nsamples per process= 159
        sample time= 0.49401092529296875
        self.n= 0.12688938020382068
        RGN updated loss=-9.907451952569371,dloss=-9.419889845929674e-07
step= 169

nparam= 1004
        dense amplitude time= 0.047530174255371094
        total non-zero amplitudes= 4900
        nsamples per process= 159
        sample time= 2.5289318561553955
        self.n= 0.12688938020382065
        collect g,h time= 4.373452425003052
E=-9.90745195256937,dE=-9.419889828166106e-07,std=0
L=-9.90745195256937,dL=-9.419889828166106e-07,std=0
        gnorm= 6.888267327212853e-05
        symmetric= True
        solver time=0.0052337646484375,exit status=0
        SR solver time= 0.005266666412353516
        symmetric= False
        niter= 38
        niter= 400
        solver time=0.12092089653015137,exit status=0
        RGN solver time= 0.12094950675964355
        xnorm=5.357372547515021,dnorm=0.021204151394761894
        dense amplitude time= 0.04744553565979004
        total non-zero amplitudes= 4900
        nsamples per process= 159
        sample time= 0.49428868293762207
        self.n= 0.1263065227803885
        RGN updated loss=-9.90745287727819,dloss=-9.247088215147414e-07
step= 170

nparam= 1004
        dense amplitude time= 0.0476076602935791
        total non-zero amplitudes= 4900
        nsamples per process= 159
        sample time= 2.4572861194610596
        self.n= 0.12630652278038834
        collect g,h time= 4.341189622879028
E=-9.90745287727819,dE=-9.247088215147414e-07,std=0
L=-9.90745287727819,dL=-9.247088215147414e-07,std=0
        gnorm= 6.46023617556228e-05
        symmetric= True
        solver time=0.00535130500793457,exit status=0
        SR solver time= 0.005412101745605469
        symmetric= False
        niter= 38
        niter= 404
        solver time=0.12302660942077637,exit status=0
        RGN solver time= 0.1230618953704834
        xnorm=5.359396059291809,dnorm=0.020990825599944272
        dense amplitude time= 0.04753875732421875
        total non-zero amplitudes= 4900
        nsamples per process= 159
        sample time= 0.49405622482299805
        self.n= 0.1257360799764461
        RGN updated loss=-9.907453783520777,dloss=-9.062425867512047e-07
step= 171

nparam= 1004
        dense amplitude time= 0.04745841026306152
        total non-zero amplitudes= 4900
        nsamples per process= 159
        sample time= 2.468806266784668
        self.n= 0.12573607997644598
        collect g,h time= 4.381779670715332
E=-9.907453783520776,dE=-9.062425849748479e-07,std=0
L=-9.907453783520776,dL=-9.062425849748479e-07,std=0
        gnorm= 5.3163999086611984e-05
        symmetric= True
        solver time=0.004828929901123047,exit status=0
        SR solver time= 0.004865169525146484
        symmetric= False
        niter= 36
        niter= 405
        solver time=0.12271237373352051,exit status=0
        RGN solver time= 0.12274289131164551
        xnorm=5.361393414021628,dnorm=0.02080699518165756
        dense amplitude time= 0.047315359115600586
        total non-zero amplitudes= 4900
        nsamples per process= 159
        sample time= 0.49523234367370605
        self.n= 0.1251788155378204
        RGN updated loss=-9.907454676700223,dloss=-8.931794468480803e-07
step= 172

nparam= 1004
        dense amplitude time= 0.04776740074157715
        total non-zero amplitudes= 4900
        nsamples per process= 159
        sample time= 2.476436138153076
        self.n= 0.1251788155378204
        collect g,h time= 4.317159414291382
E=-9.90745467670022,dE=-8.931794450717234e-07,std=0
L=-9.90745467670022,dL=-8.931794450717234e-07,std=0
        gnorm= 5.936718782348596e-05
        symmetric= True
        solver time=0.005203723907470703,exit status=0
        SR solver time= 0.005237102508544922
        symmetric= False
        niter= 38
        niter= 405
        solver time=0.12333321571350098,exit status=0
        RGN solver time= 0.12336587905883789
        xnorm=5.363346964415132,dnorm=0.02062229431397076
        dense amplitude time= 0.04740428924560547
        total non-zero amplitudes= 4900
        nsamples per process= 159
        sample time= 0.4948313236236572
        self.n= 0.12462825662414112
        RGN updated loss=-9.907455548374767,dloss=-8.716745458769992e-07
step= 173

nparam= 1004
        dense amplitude time= 0.0592801570892334
        total non-zero amplitudes= 4900
        nsamples per process= 159
        sample time= 2.4683587551116943
        self.n= 0.12462825662414119
        collect g,h time= 4.326360464096069
E=-9.907455548374767,dE=-8.716745458769992e-07,std=0
L=-9.907455548374767,dL=-8.716745458769992e-07,std=0
        gnorm= 5.219853815887033e-05
        symmetric= True
        solver time=0.004967689514160156,exit status=0
        SR solver time= 0.0050008296966552734
        symmetric= False
        niter= 37
        niter= 409
        solver time=0.12384271621704102,exit status=0
        RGN solver time= 0.123870849609375
        xnorm=5.365278427985601,dnorm=0.020445630210079103
        dense amplitude time= 0.04726576805114746
        total non-zero amplitudes= 4900
        nsamples per process= 159
        sample time= 0.495680570602417
        self.n= 0.12409261139837552
        RGN updated loss=-9.907456408476333,dloss=-8.601015668574519e-07
step= 174

nparam= 1004
        dense amplitude time= 0.05848193168640137
        total non-zero amplitudes= 4900
        nsamples per process= 159
        sample time= 2.5525166988372803
        self.n= 0.12409261139837562
        collect g,h time= 4.307007074356079
E=-9.907456408476333,dE=-8.601015668574519e-07,std=0
L=-9.907456408476333,dL=-8.601015668574519e-07,std=0
        gnorm= 5.513362916652107e-05
        symmetric= True
        solver time=0.004984378814697266,exit status=0
        SR solver time= 0.005020618438720703
        symmetric= False
        niter= 37
        niter= 405
        solver time=0.12302398681640625,exit status=0
        RGN solver time= 0.12305402755737305
        xnorm=5.367166231611401,dnorm=0.02026942229682791
        dense amplitude time= 0.04740190505981445
        total non-zero amplitudes= 4900
        nsamples per process= 159
        sample time= 0.49489474296569824
        self.n= 0.12356273592808341
        RGN updated loss=-9.907457249509084,dloss=-8.410327509977833e-07
step= 175

nparam= 1004
        dense amplitude time= 0.04737973213195801
        total non-zero amplitudes= 4900
        nsamples per process= 159
        sample time= 2.5016093254089355
        self.n= 0.12356273592808313
        collect g,h time= 4.3548057079315186
E=-9.907457249509084,dE=-8.410327509977833e-07,std=0
L=-9.907457249509084,dL=-8.410327509977833e-07,std=0
        gnorm= 0.00016042352445721375
        symmetric= True
        solver time=0.005822420120239258,exit status=0
        SR solver time= 0.005890607833862305
        symmetric= False
        niter= 43
        niter= 373
        solver time=0.11317706108093262,exit status=0
        RGN solver time= 0.11321258544921875
        xnorm=5.369020136209118,dnorm=0.020182888146532598
        dense amplitude time= 0.04724526405334473
        total non-zero amplitudes= 4900
        nsamples per process= 159
        sample time= 0.5757346153259277
        self.n= 0.12305865800107837
        RGN updated loss=-9.907458073838287,dloss=-8.243292022314108e-07
step= 176

nparam= 1004
        dense amplitude time= 0.0605473518371582
        total non-zero amplitudes= 4900
        nsamples per process= 159
        sample time= 2.474510431289673
        self.n= 0.12305865800107843
        collect g,h time= 4.390290975570679
E=-9.907458073838285,dE=-8.24329200455054e-07,std=0
L=-9.907458073838285,dL=-8.24329200455054e-07,std=0
        gnorm= 0.00010671228252849061
        symmetric= True
        solver time=0.005594968795776367,exit status=0
        SR solver time= 0.005632162094116211
        symmetric= False
        niter= 42
        niter= 377
        solver time=0.11476588249206543,exit status=0
        RGN solver time= 0.1148078441619873
        xnorm=5.370856548879564,dnorm=0.019925313920959736
        dense amplitude time= 0.047513723373413086
        total non-zero amplitudes= 4900
        nsamples per process= 159
        sample time= 0.494586706161499
        self.n= 0.12253649517233808
        RGN updated loss=-9.907458892903353,dloss=-8.190650682138312e-07
step= 177

nparam= 1004
        dense amplitude time= 0.04759359359741211
        total non-zero amplitudes= 4900
        nsamples per process= 159
        sample time= 2.468215227127075
        self.n= 0.12253649517233796
        collect g,h time= 4.32525372505188
E=-9.907458892903353,dE=-8.190650682138312e-07,std=0
L=-9.907458892903353,dL=-8.190650682138312e-07,std=0
        gnorm= 5.362926500803004e-05
        symmetric= True
        solver time=0.005552768707275391,exit status=0
        SR solver time= 0.00558924674987793
        symmetric= False
        niter= 39
        niter= 407
        solver time=0.12304377555847168,exit status=0
        RGN solver time= 0.12307071685791016
        xnorm=5.37265507048985,dnorm=0.019795569158957395
        dense amplitude time= 0.04726409912109375
        total non-zero amplitudes= 4900
        nsamples per process= 159
        sample time= 0.4974327087402344
        self.n= 0.12204748110916913
        RGN updated loss=-9.907459699037133,dloss=-8.06133780173468e-07
step= 178

nparam= 1004
        dense amplitude time= 0.04728293418884277
        total non-zero amplitudes= 4900
        nsamples per process= 159
        sample time= 2.496220827102661
        self.n= 0.12204748110916927
        collect g,h time= 4.362428665161133
E=-9.907459699037133,dE=-8.06133780173468e-07,std=0
L=-9.907459699037133,dL=-8.06133780173468e-07,std=0
        gnorm= 5.986224767383743e-05
        symmetric= True
        solver time=0.0055730342864990234,exit status=0
        SR solver time= 0.005609035491943359
        symmetric= False
        niter= 39
        niter= 405
        solver time=0.12318897247314453,exit status=0
        RGN solver time= 0.12321662902832031
        xnorm=5.374384777678933,dnorm=0.019595300229864877
        dense amplitude time= 0.0457148551940918
        total non-zero amplitudes= 4900
        nsamples per process= 159
        sample time= 0.4978656768798828
        self.n= 0.12155257835131908
        RGN updated loss=-9.907460484694342,dloss=-7.856572086240021e-07
step= 179

nparam= 1004
        dense amplitude time= 0.047173261642456055
        total non-zero amplitudes= 4900
        nsamples per process= 159
        sample time= 2.4915945529937744
        self.n= 0.12155257835131905
        collect g,h time= 4.480023384094238
E=-9.907460484694344,dE=-7.85657210400359e-07,std=0
L=-9.907460484694344,dL=-7.85657210400359e-07,std=0
        gnorm= 5.1317151309330154e-05
        symmetric= True
        solver time=0.00522613525390625,exit status=0
        SR solver time= 0.0052623748779296875
        symmetric= False
        niter= 39
        niter= 405
        solver time=0.1226949691772461,exit status=0
        RGN solver time= 0.12273240089416504
        xnorm=5.376119613487571,dnorm=0.019435639691950023
        dense amplitude time= 0.047168731689453125
        total non-zero amplitudes= 4900
        nsamples per process= 159
        sample time= 0.4985480308532715
        self.n= 0.12107520737603816
        RGN updated loss=-9.907461257397557,dloss=-7.727032134141609e-07
step= 180

nparam= 1004
        dense amplitude time= 0.05940890312194824
        total non-zero amplitudes= 4900
        nsamples per process= 159
        sample time= 2.5110795497894287
        self.n= 0.12107520737603815
        collect g,h time= 4.369442939758301
E=-9.907461257397555,dE=-7.727032116378041e-07,std=0
L=-9.907461257397555,dL=-7.727032116378041e-07,std=0
        gnorm= 6.098735285893113e-05
        symmetric= True
        solver time=0.0053327083587646484,exit status=0
        SR solver time= 0.005368709564208984
        symmetric= False
        niter= 40
        niter= 405
        solver time=0.12267184257507324,exit status=0
        RGN solver time= 0.12269902229309082
        xnorm=5.377807349980186,dnorm=0.01930526430984068
        dense amplitude time= 0.047470808029174805
        total non-zero amplitudes= 4900
        nsamples per process= 159
        sample time= 0.49510788917541504
        self.n= 0.12059233403257452
        RGN updated loss=-9.907462017516119,dloss=-7.601185636474384e-07
step= 181

nparam= 1004
        dense amplitude time= 0.062098026275634766
        total non-zero amplitudes= 4900
        nsamples per process= 159
        sample time= 2.4752659797668457
        self.n= 0.12059233403257434
        collect g,h time= 4.377441644668579
E=-9.907462017516119,dE=-7.601185636474384e-07,std=0
L=-9.907462017516119,dL=-7.601185636474384e-07,std=0
        gnorm= 5.1222172644683473e-05
        symmetric= True
        solver time=0.00550389289855957,exit status=0
        SR solver time= 0.0055408477783203125
        symmetric= False
        niter= 38
        niter= 405
        solver time=0.12318897247314453,exit status=0
        RGN solver time= 0.12322115898132324
        xnorm=5.379469512326153,dnorm=0.019157734518235905
        dense amplitude time= 0.047495365142822266
        total non-zero amplitudes= 4900
        nsamples per process= 159
        sample time= 0.4969453811645508
        self.n= 0.12013867453838983
        RGN updated loss=-9.907462773488414,dloss=-7.55972294541607e-07
step= 182

nparam= 1004
        dense amplitude time= 0.06004643440246582
        total non-zero amplitudes= 4900
        nsamples per process= 159
        sample time= 2.468881368637085
        self.n= 0.12013867453838964
        collect g,h time= 4.335084915161133
E=-9.907462773488412,dE=-7.559722927652501e-07,std=0
L=-9.907462773488412,dL=-7.559722927652501e-07,std=0
        gnorm= 7.253597685105866e-05
        symmetric= True
        solver time=0.00564885139465332,exit status=0
        SR solver time= 0.005684375762939453
        symmetric= False
        niter= 41
        niter= 400
        solver time=0.12140750885009766,exit status=0
        RGN solver time= 0.12143445014953613
        xnorm=5.381093847711256,dnorm=0.019014941810927458
        dense amplitude time= 0.04736948013305664
        total non-zero amplitudes= 4900
        nsamples per process= 159
        sample time= 0.4975705146789551
        self.n= 0.11967854646527341
        RGN updated loss=-9.907463508988597,dloss=-7.355001852005216e-07
step= 183

nparam= 1004
        dense amplitude time= 0.047736406326293945
        total non-zero amplitudes= 4900
        nsamples per process= 159
        sample time= 2.474365472793579
        self.n= 0.11967854646527323
        collect g,h time= 4.417085647583008
E=-9.907463508988597,dE=-7.355001852005216e-07,std=0
L=-9.907463508988597,dL=-7.355001852005216e-07,std=0
        gnorm= 5.963908476962773e-05
        symmetric= True
        solver time=0.005609750747680664,exit status=0
        SR solver time= 0.005644798278808594
        symmetric= False
        niter= 41
        niter= 405
        solver time=0.12386369705200195,exit status=0
        RGN solver time= 0.12389349937438965
        xnorm=5.382687559670395,dnorm=0.01896476478598427
        dense amplitude time= 0.0472867488861084
        total non-zero amplitudes= 4900
        nsamples per process= 159
        sample time= 0.4968376159667969
        self.n= 0.11925563286932034
        RGN updated loss=-9.907464254377052,dloss=-7.453884549590839e-07
step= 184

nparam= 1004
        dense amplitude time= 0.04662966728210449
        total non-zero amplitudes= 4900
        nsamples per process= 159
        sample time= 2.4875473976135254
        self.n= 0.11925563286932032
        collect g,h time= 4.4237425327301025
E=-9.90746425437705,dE=-7.453884531827271e-07,std=0
L=-9.90746425437705,dL=-7.453884531827271e-07,std=0
        gnorm= 7.22742235659588e-05
        symmetric= True
        solver time=0.005432844161987305,exit status=0
        SR solver time= 0.0054666996002197266
        symmetric= False
        niter= 41
        niter= 401
        solver time=0.12221431732177734,exit status=0
        RGN solver time= 0.12224340438842773
        xnorm=5.384220817771572,dnorm=0.01882716619945691
        dense amplitude time= 0.04728507995605469
        total non-zero amplitudes= 4900
        nsamples per process= 159
        sample time= 0.49460577964782715
        self.n= 0.11882039829102425
        RGN updated loss=-9.907464972384076,dloss=-7.180070262791105e-07
step= 185

nparam= 1004
        dense amplitude time= 0.04755043983459473
        total non-zero amplitudes= 4900
        nsamples per process= 159
        sample time= 2.4783620834350586
        self.n= 0.11882039829102425
        collect g,h time= 4.4066383838653564
E=-9.907464972384076,dE=-7.180070262791105e-07,std=0
L=-9.907464972384076,dL=-7.180070262791105e-07,std=0
        gnorm= 5.740888660174923e-05
        symmetric= True
        solver time=0.005239248275756836,exit status=0
        SR solver time= 0.005273103713989258
        symmetric= False
        niter= 39
        niter= 405
        solver time=0.12099218368530273,exit status=0
        RGN solver time= 0.12102007865905762
        xnorm=5.385744303744927,dnorm=0.018710161521681604
        dense amplitude time= 0.04740715026855469
        total non-zero amplitudes= 4900
        nsamples per process= 159
        sample time= 0.4964261054992676
        self.n= 0.11840658860533208
        RGN updated loss=-9.907465694979548,dloss=-7.225954714584759e-07
step= 186

nparam= 1004
        dense amplitude time= 0.05643916130065918
        total non-zero amplitudes= 4900
        nsamples per process= 159
        sample time= 2.4847803115844727
        self.n= 0.11840658860533204
        collect g,h time= 4.346285343170166
E=-9.907465694979548,dE=-7.225954714584759e-07,std=0
L=-9.907465694979548,dL=-7.225954714584759e-07,std=0
        gnorm= 7.226077617234012e-05
        symmetric= True
        solver time=0.005657196044921875,exit status=0
        SR solver time= 0.005725383758544922
        symmetric= False
        niter= 41
        niter= 404
        solver time=0.12343978881835938,exit status=0
        RGN solver time= 0.12347078323364258
        xnorm=5.387238887299478,dnorm=0.018575001332932713
        dense amplitude time= 0.0474553108215332
        total non-zero amplitudes= 4900
        nsamples per process= 159
        sample time= 0.49582982063293457
        self.n= 0.11797858578270523
        RGN updated loss=-9.907466390986098,dloss=-6.960065501715462e-07
step= 187

nparam= 1004
        dense amplitude time= 0.0597529411315918
        total non-zero amplitudes= 4900
        nsamples per process= 159
        sample time= 2.46364688873291
        self.n= 0.1179785857827052
        collect g,h time= 4.308881521224976
E=-9.907466390986102,dE=-6.960065537242599e-07,std=0
L=-9.907466390986102,dL=-6.960065537242599e-07,std=0
        gnorm= 5.753557616482798e-05
        symmetric= True
        solver time=0.005254983901977539,exit status=0
        SR solver time= 0.00529026985168457
        symmetric= False
        niter= 39
        niter= 405
        solver time=0.12578773498535156,exit status=0
        RGN solver time= 0.12581872940063477
        xnorm=5.388709236652691,dnorm=0.01849050043719321
        dense amplitude time= 0.04720878601074219
        total non-zero amplitudes= 4900
        nsamples per process= 159
        sample time= 0.4954357147216797
        self.n= 0.11757567123594291
        RGN updated loss=-9.907467097058586,dloss=-7.06072484035758e-07
step= 188

nparam= 1004
        dense amplitude time= 0.04702353477478027
        total non-zero amplitudes= 4900
        nsamples per process= 159
        sample time= 2.5396506786346436
        self.n= 0.11757567123594288
        collect g,h time= 4.337877988815308
E=-9.907467097058587,dE=-7.060724858121148e-07,std=0
L=-9.907467097058587,dL=-7.060724858121148e-07,std=0
        gnorm= 7.140559732049981e-05
        symmetric= True
        solver time=0.0055158138275146484,exit status=0
        SR solver time= 0.0055506229400634766
        symmetric= False
        niter= 41
        niter= 404
        solver time=0.12249350547790527,exit status=0
        RGN solver time= 0.12252211570739746
        xnorm=5.390164976332207,dnorm=0.018362788306788322
        dense amplitude time= 0.04717373847961426
        total non-zero amplitudes= 4900
        nsamples per process= 159
        sample time= 0.4949347972869873
        self.n= 0.11716043012514737
        RGN updated loss=-9.907467776994293,dloss=-6.799357059605882e-07
step= 189

nparam= 1004
        dense amplitude time= 0.05577206611633301
        total non-zero amplitudes= 4900
        nsamples per process= 159
        sample time= 2.5000858306884766
        self.n= 0.11716043012514737
        collect g,h time= 4.383272409439087
E=-9.907467776994293,dE=-6.799357059605882e-07,std=0
L=-9.907467776994293,dL=-6.799357059605882e-07,std=0
        gnorm= 5.6684603212533486e-05
        symmetric= True
        solver time=0.0053615570068359375,exit status=0
        SR solver time= 0.005396366119384766
        symmetric= False
        niter= 40
        niter= 405
        solver time=0.12257742881774902,exit status=0
        RGN solver time= 0.12260699272155762
        xnorm=5.391590208947105,dnorm=0.018289637894411424
        dense amplitude time= 0.047422170639038086
        total non-zero amplitudes= 4900
        nsamples per process= 159
        sample time= 0.49715757369995117
        self.n= 0.11677172545648828
        RGN updated loss=-9.907468468608329,dloss=-6.916140353752098e-07
step= 190

nparam= 1004
        dense amplitude time= 0.059638023376464844
        total non-zero amplitudes= 4900
        nsamples per process= 159
        sample time= 2.479212760925293
        self.n= 0.11677172545648798
        collect g,h time= 4.312435150146484
E=-9.90746846860833,dE=-6.916140371515667e-07,std=0
L=-9.90746846860833,dL=-6.916140371515667e-07,std=0
        gnorm= 6.10506074047852e-05
        symmetric= True
        solver time=0.005446910858154297,exit status=0
        SR solver time= 0.0054819583892822266
        symmetric= False
        niter= 40
        niter= 405
        solver time=0.12298083305358887,exit status=0
        RGN solver time= 0.12300896644592285
        xnorm=5.393002525374927,dnorm=0.018174883877259653
        dense amplitude time= 0.04716610908508301
        total non-zero amplitudes= 4900
        nsamples per process= 159
        sample time= 0.49414610862731934
        self.n= 0.11637197508570811
        RGN updated loss=-9.90746913632498,dloss=-6.677166499713394e-07
step= 191

nparam= 1004
        dense amplitude time= 0.0604555606842041
        total non-zero amplitudes= 4900
        nsamples per process= 159
        sample time= 2.468173027038574
        self.n= 0.1163719750857081
        collect g,h time= 4.321346044540405
E=-9.907469136324979,dE=-6.677166481949826e-07,std=0
L=-9.907469136324979,dL=-6.677166481949826e-07,std=0
        gnorm= 5.175163339370546e-05
        symmetric= True
        solver time=0.005277156829833984,exit status=0
        SR solver time= 0.005344390869140625
        symmetric= False
        niter= 38
        niter= 405
        solver time=0.12309813499450684,exit status=0
        RGN solver time= 0.12313556671142578
        xnorm=5.394390949512805,dnorm=0.018097022911188147
        dense amplitude time= 0.047344207763671875
        total non-zero amplitudes= 4900
        nsamples per process= 159
        sample time= 0.4944162368774414
        self.n= 0.11599147716469102
        RGN updated loss=-9.907469811111518,dloss=-6.747865395340114e-07
step= 192

nparam= 1004
        dense amplitude time= 0.05794858932495117
        total non-zero amplitudes= 4900
        nsamples per process= 159
        sample time= 2.4570868015289307
        self.n= 0.11599147716469103
        collect g,h time= 4.300545692443848
E=-9.907469811111518,dE=-6.747865395340114e-07,std=0
L=-9.907469811111518,dL=-6.747865395340114e-07,std=0
        gnorm= 6.290746798470323e-05
        symmetric= True
        solver time=0.0053827762603759766,exit status=0
        SR solver time= 0.005421876907348633
        symmetric= False
        niter= 40
        niter= 405
        solver time=0.12260842323303223,exit status=0
        RGN solver time= 0.12263941764831543
        xnorm=5.395759484751213,dnorm=0.017994732443193818
        dense amplitude time= 0.04752182960510254
        total non-zero amplitudes= 4900
        nsamples per process= 159
        sample time= 0.49217963218688965
        self.n= 0.11560365462515532
        RGN updated loss=-9.907470466840973,dloss=-6.557294547349102e-07
step= 193

nparam= 1004
        dense amplitude time= 0.0584564208984375
        total non-zero amplitudes= 4900
        nsamples per process= 159
        sample time= 2.4683427810668945
        self.n= 0.11560365462515546
        collect g,h time= 4.331883907318115
E=-9.907470466840973,dE=-6.557294547349102e-07,std=0
L=-9.907470466840973,dL=-6.557294547349102e-07,std=0
        gnorm= 5.155910926142937e-05
        symmetric= True
        solver time=0.005205869674682617,exit status=0
        SR solver time= 0.005239009857177734
        symmetric= False
        niter= 39
        niter= 407
        solver time=0.12395882606506348,exit status=0
        RGN solver time= 0.123992919921875
        xnorm=5.397107656149378,dnorm=0.01794734334772802
        dense amplitude time= 0.04741954803466797
        total non-zero amplitudes= 4900
        nsamples per process= 159
        sample time= 0.494067907333374
        self.n= 0.11523575316088008
        RGN updated loss=-9.907471131076388,dloss=-6.642354151153995e-07
step= 194

nparam= 1004
        dense amplitude time= 0.059230804443359375
        total non-zero amplitudes= 4900
        nsamples per process= 159
        sample time= 2.4937968254089355
        self.n= 0.11523575316088003
        collect g,h time= 4.374574899673462
E=-9.907471131076388,dE=-6.642354151153995e-07,std=0
L=-9.907471131076388,dL=-6.642354151153995e-07,std=0
        gnorm= 4.184039262139678e-05
        symmetric= True
        solver time=0.0049936771392822266,exit status=0
        SR solver time= 0.00503087043762207
        symmetric= False
        niter= 38
        niter= 423
        solver time=0.12827658653259277,exit status=0
        RGN solver time= 0.12830352783203125
        xnorm=5.3984499426885515,dnorm=0.017852175141309806
        dense amplitude time= 0.047295570373535156
        total non-zero amplitudes= 4900
        nsamples per process= 159
        sample time= 0.5745434761047363
        self.n= 0.11486277278158705
        RGN updated loss=-9.90747177730794,dloss=-6.46231551826304e-07
step= 195

nparam= 1004
        dense amplitude time= 0.04753565788269043
        total non-zero amplitudes= 4900
        nsamples per process= 159
        sample time= 2.486834764480591
        self.n= 0.11486277278158691
        collect g,h time= 4.2943642139434814
E=-9.90747177730794,dE=-6.46231551826304e-07,std=0
L=-9.90747177730794,dL=-6.46231551826304e-07,std=0
        gnorm= 3.802126499726802e-05
        symmetric= True
        solver time=0.004835367202758789,exit status=0
        SR solver time= 0.004870891571044922
        symmetric= False
        niter= 36
        niter= 427
        solver time=0.12825536727905273,exit status=0
        RGN solver time= 0.1282820701599121
        xnorm=5.399765659969405,dnorm=0.01778430762978913
        dense amplitude time= 0.04731035232543945
        total non-zero amplitudes= 4900
        nsamples per process= 159
        sample time= 0.4948921203613281
        self.n= 0.11450157031069683
        RGN updated loss=-9.907472426747498,dloss=-6.494395581313483e-07
step= 196

nparam= 1004
        dense amplitude time= 0.04369616508483887
        total non-zero amplitudes= 4900
        nsamples per process= 159
        sample time= 2.494206666946411
        self.n= 0.1145015703106967
        collect g,h time= 4.315329313278198
E=-9.9074724267475,dE=-6.494395599077052e-07,std=0
L=-9.9074724267475,dL=-6.494395599077052e-07,std=0
        gnorm= 4.3238504851494324e-05
        symmetric= True
        solver time=0.0050466060638427734,exit status=0
        SR solver time= 0.005082845687866211
        symmetric= False
        niter= 38
        niter= 427
        solver time=0.1294550895690918,exit status=0
        RGN solver time= 0.1294856071472168
        xnorm=5.401072160725588,dnorm=0.017704317392710885
        dense amplitude time= 0.047368764877319336
        total non-zero amplitudes= 4900
        nsamples per process= 159
        sample time= 0.49198317527770996
        self.n= 0.11413843426772849
        RGN updated loss=-9.907473063688728,dloss=-6.369412286488796e-07
step= 197

nparam= 1004
        dense amplitude time= 0.06260895729064941
        total non-zero amplitudes= 4900
        nsamples per process= 159
        sample time= 2.4547863006591797
        self.n= 0.11413843426772849
        collect g,h time= 4.4261369705200195
E=-9.907473063688728,dE=-6.369412286488796e-07,std=0
L=-9.907473063688728,dL=-6.369412286488796e-07,std=0
        gnorm= 3.453451948506971e-05
        symmetric= True
        solver time=0.004848957061767578,exit status=0
        SR solver time= 0.004884004592895508
        symmetric= False
        niter= 34
        niter= 436
        solver time=0.13115859031677246,exit status=0
        RGN solver time= 0.13119173049926758
        xnorm=5.402352108598249,dnorm=0.01762944741436572
        dense amplitude time= 0.04763507843017578
        total non-zero amplitudes= 4900
        nsamples per process= 159
        sample time= 0.492962121963501
        self.n= 0.11378539014749858
        RGN updated loss=-9.907473701412139,dloss=-6.377234100796159e-07
step= 198

nparam= 1004
        dense amplitude time= 0.06009697914123535
        total non-zero amplitudes= 4900
        nsamples per process= 159
        sample time= 2.4564995765686035
        self.n= 0.11378539014749861
        collect g,h time= 4.313253164291382
E=-9.90747370141214,dE=-6.377234118559727e-07,std=0
L=-9.90747370141214,dL=-6.377234118559727e-07,std=0
        gnorm= 3.965096080507553e-05
        symmetric= True
        solver time=0.005374908447265625,exit status=0
        SR solver time= 0.0054094791412353516
        symmetric= False
        niter= 37
        niter= 425
        solver time=0.12956881523132324,exit status=0
        RGN solver time= 0.12959647178649902
        xnorm=5.403625435350502,dnorm=0.017562669637525986
        dense amplitude time= 0.045743465423583984
        total non-zero amplitudes= 4900
        nsamples per process= 159
        sample time= 0.4910557270050049
        self.n= 0.11342778324427465
        RGN updated loss=-9.907474328638967,dloss=-6.27226826921401e-07
step= 199

nparam= 1004
        dense amplitude time= 0.047281503677368164
        total non-zero amplitudes= 4900
        nsamples per process= 159
        sample time= 2.4846599102020264
        self.n= 0.11342778324427466
        collect g,h time= 4.422194480895996
E=-9.907474328638969,dE=-6.272268286977578e-07,std=0
L=-9.907474328638969,dL=-6.272268286977578e-07,std=0
        gnorm= 3.476021879278259e-05
        symmetric= True
        solver time=0.0047686100006103516,exit status=0
        SR solver time= 0.004805564880371094
        symmetric= False
        niter= 35
        niter= 436
        solver time=0.13272738456726074,exit status=0
        RGN solver time= 0.13275527954101562
        xnorm=5.404877767079518,dnorm=0.01749755301327399
        dense amplitude time= 0.04729437828063965
        total non-zero amplitudes= 4900
        nsamples per process= 159
        sample time= 0.4898793697357178
        self.n= 0.11308167063006645
        RGN updated loss=-9.907474956695014,dloss=-6.280560445048877e-07
(mpi4py) [rpeng@holy8a24102 pmg4]$
