layer= 0
nparam= 660
hop_ls= [(1, 5), (1, 8), (1, 9), (1, 13), (5, 8), (5, 9), (5, 13), (8, 9), (8, 13), (9, 13)]

layer= 1
nparam= 144
hop_ls= [(9, 14), (1, 6), (2, 5), (2, 8), (2, 14), (13, 14), (6, 8), (6, 14), (5, 6), (8, 14), (1, 2), (1, 14), (2, 13), (6, 13), (5, 14), (2, 9), (2, 6), (6, 9)]

layer= 2
nparam= 152
hop_ls= [(6, 12), (4, 9), (4, 6), (4, 12), (12, 13), (0, 2), (5, 10), (0, 5), (8, 12), (0, 8), (0, 14), (10, 12), (1, 12), (4, 5), (4, 8), (4, 14), (5, 12), (0, 1), (9, 10), (2, 4), (0, 4), (0, 10), (0, 13), (2, 10), (10, 14), (6, 10), (12, 14), (4, 10), (4, 13), (9, 12), (0, 9), (8, 10), (1, 4), (0, 6), (0, 12), (2, 12), (1, 10), (10, 13)]

layer= 3
nparam= 48
hop_ls= [(6, 15), (3, 4), (3, 10), (5, 7), (4, 15), (3, 13), (9, 11), (11, 14), (1, 3), (2, 11), (8, 15), (0, 11), (10, 15), (1, 15), (6, 11), (7, 10), (7, 13), (3, 9), (12, 15), (3, 6), (3, 12), (4, 11), (14, 15), (8, 11), (0, 7), (5, 15), (10, 11), (2, 7), (1, 11), (11, 13), (7, 9), (6, 7), (7, 12), (4, 7), (3, 5), (3, 8), (3, 14), (5, 11), (0, 3), (9, 15), (2, 3), (11, 12), (1, 7), (0, 15), (2, 15), (13, 15), (7, 8), (7, 14)]

step= 0

nparam= 1004
ntotal configs= 4900
        dense amplitude time= 0.046950340270996094
        total non-zero amplitudes= 4900
        nsamples per process= 159
        sample time= 14.91374945640564
        self.n= 0.7794605675000925
        collect g,h time= 17.44994044303894
E=-9.369056609585424,dE=0,std=0
L=-9.369056609585424,dL=0,std=0
        gnorm= 0.4736164981812755
        symmetric= True
        solver time=0.00765228271484375,exit status=0
        SR solver time= 0.0077364444732666016
        symmetric= False
        niter= 41
        niter= 343
        solver time=0.10782837867736816,exit status=0
        RGN solver time= 0.10787224769592285
        xnorm=1.823581632969056,dnorm=8.022026872769324
        dense amplitude time= 0.0460972785949707
        total non-zero amplitudes= 4900
        nsamples per process= 159
        sample time= 0.5065734386444092
        self.n= 0.37635409874174564
        RGN updated loss=-8.03187883278354,dloss=1.3371777768018838
        xnorm=1.823581632969056,dnorm=0.23961148731753207
step= 1

nparam= 1004
        dense amplitude time= 0.04773259162902832
        total non-zero amplitudes= 4900
        nsamples per process= 159
        sample time= 2.425910234451294
        self.n= 0.7970295868963171
        collect g,h time= 4.224356174468994
E=-9.452187365612591,dE=-0.0831307560271668,std=0
L=-9.452187365612591,dL=-0.0831307560271668,std=0
        gnorm= 0.4357864257610626
        symmetric= True
        solver time=0.006659984588623047,exit status=0
        SR solver time= 0.006720781326293945
        symmetric= False
        niter= 42
        niter= 278
        solver time=0.08526301383972168,exit status=0
        RGN solver time= 0.08529424667358398
        xnorm=1.7271424212977924,dnorm=272.2571535246021
        dense amplitude time= 0.04722738265991211
        total non-zero amplitudes= 4900
        nsamples per process= 159
        sample time= 0.5079736709594727
        self.n= 0.3572183662122893
        RGN updated loss=-7.561185646601105,dloss=1.891001719011486
        xnorm=1.7271424212977924,dnorm=0.2231067209298366
step= 2

nparam= 1004
        dense amplitude time= 0.045565128326416016
        total non-zero amplitudes= 4900
        nsamples per process= 159
        sample time= 2.4226882457733154
        self.n= 0.8072672159834386
        collect g,h time= 4.2181947231292725
E=-9.522119063910365,dE=-0.06993169829777379,std=0
L=-9.522119063910365,dL=-0.06993169829777379,std=0
        gnorm= 0.4015917628579495
        symmetric= True
        solver time=0.0058438777923583984,exit status=0
        SR solver time= 0.00587916374206543
        symmetric= False
        niter= 42
        niter= 156
        solver time=0.04705238342285156,exit status=0
        RGN solver time= 0.047083139419555664
        xnorm=1.660867413570702,dnorm=3.9359166860717045
        dense amplitude time= 0.04605269432067871
        total non-zero amplitudes= 4900
        nsamples per process= 159
        sample time= 0.5023772716522217
        self.n= 0.5662117078707045
        RGN updated loss=-9.440050956712872,dloss=0.08206810719749313
        xnorm=1.660867413570702,dnorm=0.2064480531649692
step= 3

nparam= 1004
        dense amplitude time= 0.04570150375366211
        total non-zero amplitudes= 4900
        nsamples per process= 159
        sample time= 2.403878927230835
        self.n= 0.8095092841497025
        collect g,h time= 4.137945175170898
E=-9.580672518861595,dE=-0.05855345495123032,std=0
L=-9.580672518861595,dL=-0.05855345495123032,std=0
        gnorm= 0.3706507485464453
        symmetric= True
        solver time=0.006237030029296875,exit status=0
        SR solver time= 0.006298065185546875
        symmetric= False
        niter= 42
        niter= 154
        solver time=0.05058574676513672,exit status=0
        RGN solver time= 0.05061984062194824
        xnorm=1.620998370327705,dnorm=3.11689490907286
        dense amplitude time= 0.04695272445678711
        total non-zero amplitudes= 4900
        nsamples per process= 159
        sample time= 0.5021097660064697
        self.n= 0.5723020935032648
        RGN updated loss=-9.703827762081657,dloss=-0.12315524322006155
step= 4

nparam= 1004
        dense amplitude time= 0.04542660713195801
        total non-zero amplitudes= 4900
        nsamples per process= 159
        sample time= 2.539607048034668
        self.n= 0.5723020935032643
        collect g,h time= 4.27640700340271
E=-9.703827762081655,dE=-0.12315524322005977,std=0
L=-9.703827762081655,dL=-0.12315524322005977,std=0
        gnorm= 0.35990538730257615
        symmetric= True
        solver time=0.00557708740234375,exit status=0
        SR solver time= 0.005612850189208984
        symmetric= False
        niter= 41
        niter= 157
        solver time=0.04718828201293945,exit status=0
        RGN solver time= 0.047219276428222656
        xnorm=3.4188324985285337,dnorm=1.9694333959793353
        dense amplitude time= 0.0459284782409668
        total non-zero amplitudes= 4900
        nsamples per process= 159
        sample time= 0.5012357234954834
        self.n= 0.6381448569643866
        RGN updated loss=-9.860885434516486,dloss=-0.15705767243483137
step= 5

nparam= 1004
        dense amplitude time= 0.05718040466308594
        total non-zero amplitudes= 4900
        nsamples per process= 159
        sample time= 2.435011148452759
        self.n= 0.6381448569643862
        collect g,h time= 4.247798204421997
E=-9.860885434516485,dE=-0.1570576724348296,std=0
L=-9.860885434516485,dL=-0.1570576724348296,std=0
        gnorm= 0.12563800626971441
        symmetric= True
        solver time=0.0062067508697509766,exit status=0
        SR solver time= 0.006268739700317383
        symmetric= False
        niter= 42
        niter= 182
        solver time=0.0558924674987793,exit status=0
        RGN solver time= 0.05592536926269531
        xnorm=3.283122080314092,dnorm=1.2333549648179718
        dense amplitude time= 0.043951988220214844
        total non-zero amplitudes= 4900
        nsamples per process= 159
        sample time= 0.5017194747924805
        self.n= 0.6378443976318997
        RGN updated loss=-9.889690959236122,dloss=-0.02880552471963682
step= 6

nparam= 1004
        dense amplitude time= 0.0466001033782959
        total non-zero amplitudes= 4900
        nsamples per process= 159
        sample time= 2.4430761337280273
        self.n= 0.6378443976318992
        collect g,h time= 4.25166392326355
E=-9.889690959236123,dE=-0.028805524719638598,std=0
L=-9.889690959236123,dL=-0.028805524719638598,std=0
        gnorm= 0.05718883267906501
        symmetric= True
        solver time=0.005799293518066406,exit status=0
        SR solver time= 0.0058324337005615234
        symmetric= False
        niter= 43
        niter= 201
        solver time=0.060292959213256836,exit status=0
        RGN solver time= 0.060320377349853516
        xnorm=3.4522052843337856,dnorm=0.9540175003773619
        dense amplitude time= 0.04579734802246094
        total non-zero amplitudes= 4900
        nsamples per process= 159
        sample time= 0.5007846355438232
        self.n= 0.5668378622311852
        RGN updated loss=-9.897975947290814,dloss=-0.008284988054690245
step= 7

nparam= 1004
        dense amplitude time= 0.04328513145446777
        total non-zero amplitudes= 4900
        nsamples per process= 159
        sample time= 2.4919509887695312
        self.n= 0.5668378622311854
        collect g,h time= 4.212337255477905
E=-9.897975947290814,dE=-0.008284988054690245,std=0
L=-9.897975947290814,dL=-0.008284988054690245,std=0
        gnorm= 0.03945934970023156
        symmetric= True
        solver time=0.006063222885131836,exit status=0
        SR solver time= 0.006098031997680664
        symmetric= False
        niter= 45
        niter= 219
        solver time=0.06600069999694824,exit status=0
        RGN solver time= 0.06603264808654785
        xnorm=3.7569505030928307,dnorm=0.6985536435690836
        dense amplitude time= 0.04575800895690918
        total non-zero amplitudes= 4900
        nsamples per process= 159
        sample time= 0.4974708557128906
        self.n= 0.509298811950435
        RGN updated loss=-9.902186516590673,dloss=-0.004210569299859301
step= 8

nparam= 1004
        dense amplitude time= 0.05756044387817383
        total non-zero amplitudes= 4900
        nsamples per process= 159
        sample time= 2.458430528640747
        self.n= 0.5092988119504349
        collect g,h time= 4.231752872467041
E=-9.902186516590673,dE=-0.004210569299859301,std=0
L=-9.902186516590673,dL=-0.004210569299859301,std=0
        gnorm= 0.022429149984840017
        symmetric= True
        solver time=0.0060389041900634766,exit status=0
        SR solver time= 0.006075382232666016
        symmetric= False
        niter= 44
        niter= 233
        solver time=0.07345914840698242,exit status=0
        RGN solver time= 0.0734870433807373
        xnorm=3.899561431432883,dnorm=0.5490030228899994
        dense amplitude time= 0.045742034912109375
        total non-zero amplitudes= 4900
        nsamples per process= 159
        sample time= 0.49742913246154785
        self.n= 0.4547242417957875
        RGN updated loss=-9.90384215590536,dloss=-0.0016556393146878179
step= 9

nparam= 1004
        dense amplitude time= 0.04584503173828125
        total non-zero amplitudes= 4900
        nsamples per process= 159
        sample time= 2.433878183364868
        self.n= 0.45472424179578763
        collect g,h time= 4.245887517929077
E=-9.90384215590536,dE=-0.0016556393146878179,std=0
L=-9.90384215590536,dL=-0.0016556393146878179,std=0
        gnorm= 0.018714424364802223
        symmetric= True
        solver time=0.005964994430541992,exit status=0
        SR solver time= 0.006001949310302734
        symmetric= False
        niter= 45
        niter= 242
        solver time=0.07222127914428711,exit status=0
        RGN solver time= 0.07225275039672852
        xnorm=4.052635262884434,dnorm=0.41089951109977224
        dense amplitude time= 0.04580187797546387
        total non-zero amplitudes= 4900
        nsamples per process= 159
        sample time= 0.493680477142334
        self.n= 0.41473252666906246
        RGN updated loss=-9.90514682341294,dloss=-0.0013046675075791825
step= 10

nparam= 1004
        dense amplitude time= 0.04341864585876465
        total non-zero amplitudes= 4900
        nsamples per process= 159
        sample time= 2.420949935913086
        self.n= 0.414732526669062
        collect g,h time= 4.203996419906616
E=-9.905146823412943,dE=-0.0013046675075827352,std=0
L=-9.905146823412943,dL=-0.0013046675075827352,std=0
        gnorm= 0.009262412001141807
        symmetric= True
        solver time=0.0056307315826416016,exit status=0
        SR solver time= 0.005667924880981445
        symmetric= False
        niter= 43
        niter= 257
        solver time=0.07738065719604492,exit status=0
        RGN solver time= 0.07741141319274902
        xnorm=4.160000114608244,dnorm=0.33481508464164317
        dense amplitude time= 0.04572486877441406
        total non-zero amplitudes= 4900
        nsamples per process= 159
        sample time= 0.49689555168151855
        self.n= 0.3848253601560009
        RGN updated loss=-9.90562971025796,dloss=-0.00048288684501685
step= 11

nparam= 1004
        dense amplitude time= 0.05582094192504883
        total non-zero amplitudes= 4900
        nsamples per process= 159
        sample time= 2.437006711959839
        self.n= 0.38482536015600066
        collect g,h time= 4.263461351394653
E=-9.905629710257958,dE=-0.0004828868450150736,std=0
L=-9.905629710257958,dL=-0.0004828868450150736,std=0
        gnorm= 0.007839590509091473
        symmetric= True
        solver time=0.006237983703613281,exit status=0
        SR solver time= 0.006300449371337891
        symmetric= False
        niter= 43
        niter= 256
        solver time=0.07780337333679199,exit status=0
        RGN solver time= 0.07783126831054688
        xnorm=4.248088205394065,dnorm=0.26960710067129146
        dense amplitude time= 0.04577946662902832
        total non-zero amplitudes= 4900
        nsamples per process= 159
        sample time= 0.49743008613586426
        self.n= 0.36630248667243837
        RGN updated loss=-9.905933286997788,dloss=-0.00030357673982983613
step= 12

nparam= 1004
        dense amplitude time= 0.04587078094482422
        total non-zero amplitudes= 4900
        nsamples per process= 159
        sample time= 2.4948253631591797
        self.n= 0.36630248667243853
        collect g,h time= 4.272235155105591
E=-9.905933286997788,dE=-0.00030357673982983613,std=0
L=-9.905933286997788,dL=-0.00030357673982983613,std=0
        gnorm= 0.005430232634680674
        symmetric= True
        solver time=0.005823612213134766,exit status=0
        SR solver time= 0.005856513977050781
        symmetric= False
        niter= 41
        niter= 269
        solver time=0.08231854438781738,exit status=0
        RGN solver time= 0.08234786987304688
        xnorm=4.324287576837452,dnorm=0.2277437107150828
        dense amplitude time= 0.04578113555908203
        total non-zero amplitudes= 4900
        nsamples per process= 159
        sample time= 0.4996297359466553
        self.n= 0.35096000849808706
        RGN updated loss=-9.906114817538318,dloss=-0.0001815305405301615
step= 13

nparam= 1004
        dense amplitude time= 0.04601788520812988
        total non-zero amplitudes= 4900
        nsamples per process= 159
        sample time= 2.439274311065674
        self.n= 0.35096000849808695
        collect g,h time= 4.314636468887329
E=-9.90611481753832,dE=-0.00018153054053193785,std=0
L=-9.90611481753832,dL=-0.00018153054053193785,std=0
        gnorm= 0.00405440613053116
        symmetric= True
        solver time=0.005481243133544922,exit status=0
        SR solver time= 0.0055158138275146484
        symmetric= False
        niter= 41
        niter= 278
        solver time=0.08390331268310547,exit status=0
        RGN solver time= 0.08393645286560059
        xnorm=4.389680872619465,dnorm=0.19615680504235505
        dense amplitude time= 0.04558920860290527
        total non-zero amplitudes= 4900
        nsamples per process= 159
        sample time= 0.49614882469177246
        self.n= 0.3393259972321806
        RGN updated loss=-9.906239425617958,dloss=-0.00012460807963776688
step= 14

nparam= 1004
        dense amplitude time= 0.04559612274169922
        total non-zero amplitudes= 4900
        nsamples per process= 159
        sample time= 2.4314215183258057
        self.n= 0.3393259972321802
        collect g,h time= 4.298279523849487
E=-9.906239425617958,dE=-0.00012460807963776688,std=0
L=-9.906239425617958,dL=-0.00012460807963776688,std=0
        gnorm= 0.0030176910540308426
        symmetric= True
        solver time=0.005443096160888672,exit status=0
        SR solver time= 0.0054779052734375
        symmetric= False
        niter= 40
        niter= 281
        solver time=0.08484458923339844,exit status=0
        RGN solver time= 0.08487558364868164
        xnorm=4.445920396975619,dnorm=0.17416802449956734
        dense amplitude time= 0.045660972595214844
        total non-zero amplitudes= 4900
        nsamples per process= 159
        sample time= 0.4972357749938965
        self.n= 0.3304364036928601
        RGN updated loss=-9.906332166283129,dloss=-9.274066517050983e-05
step= 15

nparam= 1004
        dense amplitude time= 0.046006202697753906
        total non-zero amplitudes= 4900
        nsamples per process= 159
        sample time= 2.4167613983154297
        self.n= 0.3304364036928601
        collect g,h time= 4.153360605239868
E=-9.906332166283132,dE=-9.274066517406254e-05,std=0
L=-9.906332166283132,dL=-9.274066517406254e-05,std=0
        gnorm= 0.0023154318736435453
        symmetric= True
        solver time=0.005913496017456055,exit status=0
        SR solver time= 0.005973100662231445
        symmetric= False
        niter= 40
        niter= 285
        solver time=0.08671975135803223,exit status=0
        RGN solver time= 0.08674955368041992
        xnorm=4.495131321143044,dnorm=0.15684194068018045
        dense amplitude time= 0.04453754425048828
        total non-zero amplitudes= 4900
        nsamples per process= 159
        sample time= 0.49611878395080566
        self.n= 0.32300864306569566
        RGN updated loss=-9.906404252721098,dloss=-7.208643796552394e-05
step= 16

nparam= 1004
        dense amplitude time= 0.04571866989135742
        total non-zero amplitudes= 4900
        nsamples per process= 159
        sample time= 2.4220340251922607
        self.n= 0.3230086430656958
        collect g,h time= 4.209807634353638
E=-9.906404252721098,dE=-7.208643796552394e-05,std=0
L=-9.906404252721098,dL=-7.208643796552394e-05,std=0
        gnorm= 0.0018357939007169989
        symmetric= True
        solver time=0.00543665885925293,exit status=0
        SR solver time= 0.005471229553222656
        symmetric= False
        niter= 40
        niter= 298
        solver time=0.08904457092285156,exit status=0
        RGN solver time= 0.08907866477966309
        xnorm=4.5387509025099595,dnorm=0.1426319895554289
        dense amplitude time= 0.04571127891540527
        total non-zero amplitudes= 4900
        nsamples per process= 159
        sample time= 0.49610257148742676
        self.n= 0.31680167366328765
        RGN updated loss=-9.906461281088283,dloss=-5.7028367185907314e-05
step= 17

nparam= 1004
        dense amplitude time= 0.0551300048828125
        total non-zero amplitudes= 4900
        nsamples per process= 159
        sample time= 2.4201903343200684
        self.n= 0.3168016736632873
        collect g,h time= 4.226823329925537
E=-9.906461281088283,dE=-5.7028367185907314e-05,std=0
L=-9.906461281088283,dL=-5.7028367185907314e-05,std=0
        gnorm= 0.0015140260329093076
        symmetric= True
        solver time=0.005247592926025391,exit status=0
        SR solver time= 0.00528264045715332
        symmetric= False
        niter= 39
        niter= 304
        solver time=0.09090733528137207,exit status=0
        RGN solver time= 0.09093570709228516
        xnorm=4.576102241069102,dnorm=0.13141809408591443
        dense amplitude time= 0.04594230651855469
        total non-zero amplitudes= 4900
        nsamples per process= 159
        sample time= 0.495715856552124
        self.n= 0.3115045722312443
        RGN updated loss=-9.906507504742816,dloss=-4.622365453244015e-05
step= 18

nparam= 1004
        dense amplitude time= 0.045821189880371094
        total non-zero amplitudes= 4900
        nsamples per process= 159
        sample time= 2.416844606399536
        self.n= 0.3115045722312445
        collect g,h time= 4.203395843505859
E=-9.906507504742816,dE=-4.622365453244015e-05,std=0
L=-9.906507504742816,dL=-4.622365453244015e-05,std=0
        gnorm= 0.001262790028161273
        symmetric= True
        solver time=0.005121469497680664,exit status=0
        SR solver time= 0.0051577091217041016
        symmetric= False
        niter= 38
        niter= 307
        solver time=0.09228086471557617,exit status=0
        RGN solver time= 0.09231305122375488
        xnorm=4.608326750337126,dnorm=0.12292869402924338
        dense amplitude time= 0.04557371139526367
        total non-zero amplitudes= 4900
        nsamples per process= 159
        sample time= 0.49816393852233887
        self.n= 0.30692321818099155
        RGN updated loss=-9.906546437296816,dloss=-3.8932554000226105e-05
step= 19

nparam= 1004
        dense amplitude time= 0.05832552909851074
        total non-zero amplitudes= 4900
        nsamples per process= 159
        sample time= 2.4673519134521484
        self.n= 0.3069232181809912
        collect g,h time= 4.175661563873291
E=-9.90654643729682,dE=-3.893255400377882e-05,std=0
L=-9.90654643729682,dL=-3.893255400377882e-05,std=0
        gnorm= 0.0010868504767757214
        symmetric= True
        solver time=0.005223751068115234,exit status=0
        SR solver time= 0.005257606506347656
        symmetric= False
        niter= 39
        niter= 311
        solver time=0.09412479400634766,exit status=0
        RGN solver time= 0.09415221214294434
        xnorm=4.636620019752849,dnorm=0.11642089553995905
        dense amplitude time= 0.04577469825744629
        total non-zero amplitudes= 4900
        nsamples per process= 159
        sample time= 0.49691033363342285
        self.n= 0.30283134612088025
        RGN updated loss=-9.906580261569486,dloss=-3.3824272666294064e-05
step= 20

nparam= 1004
        dense amplitude time= 0.04544854164123535
        total non-zero amplitudes= 4900
        nsamples per process= 159
        sample time= 2.4072041511535645
        self.n= 0.3028313461208805
        collect g,h time= 4.225493907928467
E=-9.90658026156949,dE=-3.382427266984678e-05,std=0
L=-9.90658026156949,dL=-3.382427266984678e-05,std=0
        gnorm= 0.0009248719705919046
        symmetric= True
        solver time=0.005184650421142578,exit status=0
        SR solver time= 0.005220174789428711
        symmetric= False
        niter= 39
        niter= 312
        solver time=0.09325432777404785,exit status=0
        RGN solver time= 0.09328675270080566
        xnorm=4.6620808689652815,dnorm=0.11123208381634464
        dense amplitude time= 0.04578351974487305
        total non-zero amplitudes= 4900
        nsamples per process= 159
        sample time= 0.49417924880981445
        self.n= 0.29918296699129066
        RGN updated loss=-9.90661049169977,dloss=-3.0230130279917944e-05
step= 21

nparam= 1004
        dense amplitude time= 0.04839372634887695
        total non-zero amplitudes= 4900
        nsamples per process= 159
        sample time= 2.4251766204833984
        self.n= 0.29918296699129043
        collect g,h time= 4.253974676132202
E=-9.906610491699768,dE=-3.0230130278141587e-05,std=0
L=-9.906610491699768,dL=-3.0230130278141587e-05,std=0
        gnorm= 0.0008518205815185724
        symmetric= True
        solver time=0.00533604621887207,exit status=0
        SR solver time= 0.005396127700805664
        symmetric= False
        niter= 39
        niter= 312
        solver time=0.0943613052368164,exit status=0
        RGN solver time= 0.09439206123352051
        xnorm=4.68516439668961,dnorm=0.1069649085259553
        dense amplitude time= 0.046602725982666016
        total non-zero amplitudes= 4900
        nsamples per process= 159
        sample time= 0.4949514865875244
        self.n= 0.29577804395300433
        RGN updated loss=-9.906637935068996,dloss=-2.7443369228663528e-05
step= 22

nparam= 1004
        dense amplitude time= 0.04431343078613281
        total non-zero amplitudes= 4900
        nsamples per process= 159
        sample time= 2.420426368713379
        self.n= 0.295778043953004
        collect g,h time= 4.234576463699341
E=-9.906637935068993,dE=-2.7443369225110814e-05,std=0
L=-9.906637935068993,dL=-2.7443369225110814e-05,std=0
        gnorm= 0.0007860098918794139
        symmetric= True
        solver time=0.005324840545654297,exit status=0
        SR solver time= 0.00536036491394043
        symmetric= False
        niter= 39
        niter= 312
        solver time=0.09385514259338379,exit status=0
        RGN solver time= 0.09388375282287598
        xnorm=4.706733029095618,dnorm=0.10321152202875915
        dense amplitude time= 0.04569411277770996
        total non-zero amplitudes= 4900
        nsamples per process= 159
        sample time= 0.49402594566345215
        self.n= 0.29250272978259517
        RGN updated loss=-9.90666309055856,dloss=-2.515548956694147e-05
step= 23

nparam= 1004
        dense amplitude time= 0.0433955192565918
        total non-zero amplitudes= 4900
        nsamples per process= 159
        sample time= 2.444843053817749
        self.n= 0.29250272978259495
        collect g,h time= 4.234978437423706
E=-9.90666309055856,dE=-2.515548956694147e-05,std=0
L=-9.90666309055856,dL=-2.515548956694147e-05,std=0
        gnorm= 0.0006857974770592756
        symmetric= True
        solver time=0.005056142807006836,exit status=0
        SR solver time= 0.005091190338134766
        symmetric= False
        niter= 38
        niter= 314
        solver time=0.09491586685180664,exit status=0
        RGN solver time= 0.09494328498840332
        xnorm=4.727519216359116,dnorm=0.09972860279628848
        dense amplitude time= 0.04569888114929199
        total non-zero amplitudes= 4900
        nsamples per process= 159
        sample time= 0.49196863174438477
        self.n= 0.28948114010101383
        RGN updated loss=-9.90668641334656,dloss=-2.332278799954679e-05
step= 24

nparam= 1004
        dense amplitude time= 0.0453343391418457
        total non-zero amplitudes= 4900
        nsamples per process= 159
        sample time= 2.4184086322784424
        self.n= 0.28948114010101367
        collect g,h time= 4.248982906341553
E=-9.90668641334656,dE=-2.332278799954679e-05,std=0
L=-9.90668641334656,dL=-2.332278799954679e-05,std=0
        gnorm= 0.000625877783921161
        symmetric= True
        solver time=0.005369901657104492,exit status=0
        SR solver time= 0.00540471076965332
        symmetric= False
        niter= 37
        niter= 316
        solver time=0.09626555442810059,exit status=0
        RGN solver time= 0.09629487991333008
        xnorm=4.7472566781790935,dnorm=0.09635480438399802
        dense amplitude time= 0.04577231407165527
        total non-zero amplitudes= 4900
        nsamples per process= 159
        sample time= 0.4926338195800781
        self.n= 0.28657040652411386
        RGN updated loss=-9.906707974968745,dloss=-2.1561622185473084e-05
step= 25

nparam= 1004
        dense amplitude time= 0.05760049819946289
        total non-zero amplitudes= 4900
        nsamples per process= 159
        sample time= 2.4137074947357178
        self.n= 0.28657040652411386
        collect g,h time= 4.197144508361816
E=-9.906707974968745,dE=-2.1561622185473084e-05,std=0
L=-9.906707974968745,dL=-2.1561622185473084e-05,std=0
        gnorm= 0.0005817491219739143
        symmetric= True
        solver time=0.005350351333618164,exit status=0
        SR solver time= 0.0053863525390625
        symmetric= False
        niter= 38
        niter= 320
        solver time=0.09547114372253418,exit status=0
        RGN solver time= 0.09549927711486816
        xnorm=4.766476618673574,dnorm=0.0931597386740953
        dense amplitude time= 0.046062469482421875
        total non-zero amplitudes= 4900
        nsamples per process= 159
        sample time= 0.49603915214538574
        self.n= 0.2837600238921013
        RGN updated loss=-9.906727986502583,dloss=-2.0011533838015794e-05
step= 26

nparam= 1004
        dense amplitude time= 0.05853867530822754
        total non-zero amplitudes= 4900
        nsamples per process= 159
        sample time= 2.4436330795288086
        self.n= 0.283760023892101
        collect g,h time= 4.235674619674683
E=-9.906727986502585,dE=-2.001153383979215e-05,std=0
L=-9.906727986502585,dL=-2.001153383979215e-05,std=0
        gnorm= 0.0005397716054775886
        symmetric= True
        solver time=0.0052890777587890625,exit status=0
        SR solver time= 0.005323648452758789
        symmetric= False
        niter= 37
        niter= 326
        solver time=0.09798765182495117,exit status=0
        RGN solver time= 0.09801483154296875
        xnorm=4.785191400816044,dnorm=0.08998427382024561
        dense amplitude time= 0.04451417922973633
        total non-zero amplitudes= 4900
        nsamples per process= 159
        sample time= 0.49881696701049805
        self.n= 0.281009561167368
        RGN updated loss=-9.90674654311615,dloss=-1.8556613564868485e-05
step= 27

nparam= 1004
        dense amplitude time= 0.04604673385620117
        total non-zero amplitudes= 4900
        nsamples per process= 159
        sample time= 2.418933629989624
        self.n= 0.2810095611673675
        collect g,h time= 4.243083238601685
E=-9.906746543116151,dE=-1.8556613566644842e-05,std=0
L=-9.906746543116151,dL=-1.8556613566644842e-05,std=0
        gnorm= 0.0004986912305970254
        symmetric= True
        solver time=0.0050563812255859375,exit status=0
        SR solver time= 0.005092620849609375
        symmetric= False
        niter= 37
        niter= 329
        solver time=0.09868431091308594,exit status=0
        RGN solver time= 0.09871387481689453
        xnorm=4.803442529237765,dnorm=0.08689100804944405
        dense amplitude time= 0.04579329490661621
        total non-zero amplitudes= 4900
        nsamples per process= 159
        sample time= 0.49108314514160156
        self.n= 0.2783450557816436
        RGN updated loss=-9.906763762251465,dloss=-1.7219135314050504e-05
step= 28

nparam= 1004
        dense amplitude time= 0.055258750915527344
        total non-zero amplitudes= 4900
        nsamples per process= 159
        sample time= 2.397547960281372
        self.n= 0.27834505578164337
        collect g,h time= 4.265469312667847
E=-9.906763762251465,dE=-1.7219135314050504e-05,std=0
L=-9.906763762251465,dL=-1.7219135314050504e-05,std=0
        gnorm= 0.00045992979374250427
        symmetric= True
        solver time=0.004914045333862305,exit status=0
        SR solver time= 0.004949331283569336
        symmetric= False
        niter= 37
        niter= 331
        solver time=0.09885454177856445,exit status=0
        RGN solver time= 0.09888434410095215
        xnorm=4.821212310135582,dnorm=0.08393428339129136
        dense amplitude time= 0.04577016830444336
        total non-zero amplitudes= 4900
        nsamples per process= 159
        sample time= 0.4953486919403076
        self.n= 0.2757255368541032
        RGN updated loss=-9.90677977530225,dloss=-1.601305078402504e-05
step= 29

nparam= 1004
        dense amplitude time= 0.04549717903137207
        total non-zero amplitudes= 4900
        nsamples per process= 159
        sample time= 2.417699098587036
        self.n= 0.2757255368541033
        collect g,h time= 4.222199440002441
E=-9.906779775302248,dE=-1.6013050782248683e-05,std=0
L=-9.906779775302248,dL=-1.6013050782248683e-05,std=0
        gnorm= 0.0004507141820409468
        symmetric= True
        solver time=0.005128622055053711,exit status=0
        SR solver time= 0.005192995071411133
        symmetric= False
        niter= 37
        niter= 333
        solver time=0.10089945793151855,exit status=0
        RGN solver time= 0.10092997550964355
        xnorm=4.838323055840685,dnorm=0.08098622306155825
        dense amplitude time= 0.04580187797546387
        total non-zero amplitudes= 4900
        nsamples per process= 159
        sample time= 0.49248814582824707
        self.n= 0.27314140826966277
        RGN updated loss=-9.906794605185922,dloss=-1.4829883674849498e-05
step= 30

nparam= 1004
        dense amplitude time= 0.0566248893737793
        total non-zero amplitudes= 4900
        nsamples per process= 159
        sample time= 2.453470230102539
        self.n= 0.2731414082696625
        collect g,h time= 4.264296531677246
E=-9.906794605185922,dE=-1.4829883674849498e-05,std=0
L=-9.906794605185922,dL=-1.4829883674849498e-05,std=0
        gnorm= 0.0004245067586292048
        symmetric= True
        solver time=0.004988431930541992,exit status=0
        SR solver time= 0.0050237178802490234
        symmetric= False
        niter= 37
        niter= 333
        solver time=0.1002950668334961,exit status=0
        RGN solver time= 0.10032916069030762
        xnorm=4.854880524562797,dnorm=0.07834876258917667
        dense amplitude time= 0.045922040939331055
        total non-zero amplitudes= 4900
        nsamples per process= 159
        sample time= 0.494312047958374
        self.n= 0.2705830378835245
        RGN updated loss=-9.906808462655015,dloss=-1.3857469092215524e-05
step= 31

nparam= 1004
        dense amplitude time= 0.04355907440185547
        total non-zero amplitudes= 4900
        nsamples per process= 159
        sample time= 2.438215970993042
        self.n= 0.2705830378835242
        collect g,h time= 4.327123641967773
E=-9.906808462655015,dE=-1.3857469092215524e-05,std=0
L=-9.906808462655015,dL=-1.3857469092215524e-05,std=0
        gnorm= 0.00041147027196346573
        symmetric= True
        solver time=0.005006313323974609,exit status=0
        SR solver time= 0.005041360855102539
        symmetric= False
        niter= 37
        niter= 336
        solver time=0.10085558891296387,exit status=0
        RGN solver time= 0.10088634490966797
        xnorm=4.8707235842943,dnorm=0.07571466237522756
        dense amplitude time= 0.04590177536010742
        total non-zero amplitudes= 4900
        nsamples per process= 159
        sample time= 0.49576234817504883
        self.n= 0.26807925424720513
        RGN updated loss=-9.906821354500252,dloss=-1.2891845237561483e-05
step= 32

nparam= 1004
        dense amplitude time= 0.04539084434509277
        total non-zero amplitudes= 4900
        nsamples per process= 159
        sample time= 2.4206411838531494
        self.n= 0.2680792542472049
        collect g,h time= 4.2487568855285645
E=-9.906821354500256,dE=-1.2891845241114197e-05,std=0
L=-9.906821354500256,dL=-1.2891845241114197e-05,std=0
        gnorm= 0.00040340410892455997
        symmetric= True
        solver time=0.005094766616821289,exit status=0
        SR solver time= 0.005129337310791016
        symmetric= False
        niter= 37
        niter= 335
        solver time=0.10082840919494629,exit status=0
        RGN solver time= 0.1008598804473877
        xnorm=4.886106433508491,dnorm=0.07326295304480464
        dense amplitude time= 0.04572010040283203
        total non-zero amplitudes= 4900
        nsamples per process= 159
        sample time= 0.49599266052246094
        self.n= 0.2655710211540254
        RGN updated loss=-9.906833397841636,dloss=-1.2043341380163497e-05
step= 33

nparam= 1004
        dense amplitude time= 0.0441892147064209
        total non-zero amplitudes= 4900
        nsamples per process= 159
        sample time= 2.4170145988464355
        self.n= 0.2655710211540253
        collect g,h time= 4.2456955909729
E=-9.906833397841636,dE=-1.2043341380163497e-05,std=0
L=-9.906833397841636,dL=-1.2043341380163497e-05,std=0
        gnorm= 0.00039887371969433364
        symmetric= True
        solver time=0.005141258239746094,exit status=0
        SR solver time= 0.005177021026611328
        symmetric= False
        niter= 38
        niter= 336
        solver time=0.10113716125488281,exit status=0
        RGN solver time= 0.10116958618164062
        xnorm=4.9005827758855105,dnorm=0.07095201926802748
        dense amplitude time= 0.04574465751647949
        total non-zero amplitudes= 4900
        nsamples per process= 159
        sample time= 0.4951341152191162
        self.n= 0.2629800311283105
        RGN updated loss=-9.906844686448798,dloss=-1.1288607161930031e-05
step= 34

nparam= 1004
        dense amplitude time= 0.045557498931884766
        total non-zero amplitudes= 4900
        nsamples per process= 159
        sample time= 2.4102792739868164
        self.n= 0.2629800311283105
        collect g,h time= 4.228772401809692
E=-9.906844686448798,dE=-1.1288607161930031e-05,std=0
L=-9.906844686448798,dL=-1.1288607161930031e-05,std=0
        gnorm= 0.00037853562872467106
        symmetric= True
        solver time=0.005326271057128906,exit status=0
        SR solver time= 0.005362510681152344
        symmetric= False
        niter= 37
        niter= 333
        solver time=0.10367465019226074,exit status=0
        RGN solver time= 0.10370564460754395
        xnorm=4.914384627118745,dnorm=0.06883995878889586
        dense amplitude time= 0.04600787162780762
        total non-zero amplitudes= 4900
        nsamples per process= 159
        sample time= 0.4968235492706299
        self.n= 0.26040978356954675
        RGN updated loss=-9.906855300640611,dloss=-1.0614191813473894e-05
step= 35

nparam= 1004
        dense amplitude time= 0.058313608169555664
        total non-zero amplitudes= 4900
        nsamples per process= 159
        sample time= 2.433741331100464
        self.n= 0.2604097835695467
        collect g,h time= 4.210858583450317
E=-9.90685530064061,dE=-1.0614191811697538e-05,std=0
L=-9.90685530064061,dL=-1.0614191811697538e-05,std=0
        gnorm= 0.00037135285567450324
        symmetric= True
        solver time=0.004912137985229492,exit status=0
        SR solver time= 0.004947185516357422
        symmetric= False
        niter= 36
        niter= 338
        solver time=0.10183024406433105,exit status=0
        RGN solver time= 0.10185885429382324
        xnorm=4.927549035094686,dnorm=0.0668704525266487
        dense amplitude time= 0.045749664306640625
        total non-zero amplitudes= 4900
        nsamples per process= 159
        sample time= 0.496046781539917
        self.n= 0.2578402863093868
        RGN updated loss=-9.906865297664353,dloss=-9.997023743935074e-06
step= 36

nparam= 1004
        dense amplitude time= 0.04541134834289551
        total non-zero amplitudes= 4900
        nsamples per process= 159
        sample time= 2.467360496520996
        self.n= 0.25784028630938677
        collect g,h time= 4.313554763793945
E=-9.906865297664353,dE=-9.997023743935074e-06,std=0
L=-9.906865297664353,dL=-9.997023743935074e-06,std=0
        gnorm= 0.00035019704789239926
        symmetric= True
        solver time=0.004984855651855469,exit status=0
        SR solver time= 0.005021810531616211
        symmetric= False
        niter= 37
        niter= 340
        solver time=0.1015021800994873,exit status=0
        RGN solver time= 0.1015322208404541
        xnorm=4.940141073037758,dnorm=0.06512393144302138
        dense amplitude time= 0.04564690589904785
        total non-zero amplitudes= 4900
        nsamples per process= 159
        sample time= 0.49816417694091797
        self.n= 0.2552572413636768
        RGN updated loss=-9.906874763972606,dloss=-9.466308252825684e-06
step= 37

nparam= 1004
        dense amplitude time= 0.05802154541015625
        total non-zero amplitudes= 4900
        nsamples per process= 159
        sample time= 2.4165282249450684
        self.n= 0.25525724136367667
        collect g,h time= 4.244414567947388
E=-9.906874763972606,dE=-9.466308252825684e-06,std=0
L=-9.906874763972606,dL=-9.466308252825684e-06,std=0
        gnorm= 0.00036202041893684524
        symmetric= True
        solver time=0.005455493927001953,exit status=0
        SR solver time= 0.005498170852661133
        symmetric= False
        niter= 37
        niter= 337
        solver time=0.10177421569824219,exit status=0
        RGN solver time= 0.1018059253692627
        xnorm=4.952186059970202,dnorm=0.06351475059724315
        dense amplitude time= 0.044600725173950195
        total non-zero amplitudes= 4900
        nsamples per process= 159
        sample time= 0.49819374084472656
        self.n= 0.25262269054966036
        RGN updated loss=-9.906883775743456,dloss=-9.011770849554068e-06
step= 38

nparam= 1004
        dense amplitude time= 0.04397439956665039
        total non-zero amplitudes= 4900
        nsamples per process= 159
        sample time= 2.4426703453063965
        self.n= 0.25262269054965997
        collect g,h time= 4.188374042510986
E=-9.906883775743458,dE=-9.011770851330425e-06,std=0
L=-9.906883775743458,dL=-9.011770851330425e-06,std=0
        gnorm= 0.0003366945978493016
        symmetric= True
        solver time=0.005377531051635742,exit status=0
        SR solver time= 0.00541234016418457
        symmetric= False
        niter= 38
        niter= 343
        solver time=0.10374689102172852,exit status=0
        RGN solver time= 0.10378313064575195
        xnorm=4.963687786062617,dnorm=0.062164241004365135
        dense amplitude time= 0.045777082443237305
        total non-zero amplitudes= 4900
        nsamples per process= 159
        sample time= 0.4954102039337158
        self.n= 0.24993872417511204
        RGN updated loss=-9.906892380186415,dloss=-8.604442957249603e-06
step= 39

nparam= 1004
        dense amplitude time= 0.05534172058105469
        total non-zero amplitudes= 4900
        nsamples per process= 159
        sample time= 2.391237497329712
        self.n= 0.24993872417511187
        collect g,h time= 4.189122676849365
E=-9.906892380186413,dE=-8.604442955473246e-06,std=0
L=-9.906892380186413,dL=-8.604442955473246e-06,std=0
        gnorm= 0.00034463149521410944
        symmetric= True
        solver time=0.00504612922668457,exit status=0
        SR solver time= 0.005082845687866211
        symmetric= False
        niter= 37
        niter= 343
        solver time=0.10363388061523438,exit status=0
        RGN solver time= 0.10366415977478027
        xnorm=4.974660670595577,dnorm=0.06088324218771854
        dense amplitude time= 0.04562807083129883
        total non-zero amplitudes= 4900
        nsamples per process= 159
        sample time= 0.49464845657348633
        self.n= 0.24721851533742328
        RGN updated loss=-9.906900629050497,dloss=-8.248864084237084e-06
step= 40

nparam= 1004
        dense amplitude time= 0.05688834190368652
        total non-zero amplitudes= 4900
        nsamples per process= 159
        sample time= 2.412879705429077
        self.n= 0.24721851533742312
        collect g,h time= 4.351114273071289
E=-9.906900629050499,dE=-8.248864086013441e-06,std=0
L=-9.906900629050499,dL=-8.248864086013441e-06,std=0
        gnorm= 0.00036928812247469337
        symmetric= True
        solver time=0.005196571350097656,exit status=0
        SR solver time= 0.005231618881225586
        symmetric= False
        niter= 38
        niter= 342
        solver time=0.10341715812683105,exit status=0
        RGN solver time= 0.10344862937927246
        xnorm=4.985249832592124,dnorm=0.059793821769881086
        dense amplitude time= 0.04574871063232422
        total non-zero amplitudes= 4900
        nsamples per process= 159
        sample time= 0.5008127689361572
        self.n= 0.24442410235533601
        RGN updated loss=-9.906908589509614,dloss=-7.96045911499732e-06
step= 41

nparam= 1004
        dense amplitude time= 0.047879695892333984
        total non-zero amplitudes= 4900
        nsamples per process= 159
        sample time= 2.402832508087158
        self.n= 0.24442410235533626
        collect g,h time= 4.250119209289551
E=-9.90690858950961,dE=-7.960459111444607e-06,std=0
L=-9.90690858950961,dL=-7.960459111444607e-06,std=0
        gnorm= 0.00032757253974266575
        symmetric= True
        solver time=0.005613565444946289,exit status=0
        SR solver time= 0.005648612976074219
        symmetric= False
        niter= 38
        niter= 343
        solver time=0.10325932502746582,exit status=0
        RGN solver time= 0.1032874584197998
        xnorm=4.995440040805778,dnorm=0.058856047044194365
        dense amplitude time= 0.045632362365722656
        total non-zero amplitudes= 4900
        nsamples per process= 159
        sample time= 0.49605560302734375
        self.n= 0.24159702444971254
        RGN updated loss=-9.906916293810529,dloss=-7.704300918121021e-06
step= 42

nparam= 1004
        dense amplitude time= 0.043527841567993164
        total non-zero amplitudes= 4900
        nsamples per process= 159
        sample time= 2.413532257080078
        self.n= 0.2415970244497124
        collect g,h time= 4.269500970840454
E=-9.906916293810527,dE=-7.704300916344664e-06,std=0
L=-9.906916293810527,dL=-7.704300916344664e-06,std=0
        gnorm= 0.000363706465361585
        symmetric= True
        solver time=0.005298137664794922,exit status=0
        SR solver time= 0.00533747673034668
        symmetric= False
        niter= 39
        niter= 343
        solver time=0.10602188110351562,exit status=0
        RGN solver time= 0.10605382919311523
        xnorm=5.005305335413233,dnorm=0.05798857839680431
        dense amplitude time= 0.04558086395263672
        total non-zero amplitudes= 4900
        nsamples per process= 159
        sample time= 0.49448108673095703
        self.n= 0.23871221814035748
        RGN updated loss=-9.906923778039234,dloss=-7.484228706999829e-06
step= 43

nparam= 1004
        dense amplitude time= 0.04543781280517578
        total non-zero amplitudes= 4900
        nsamples per process= 159
        sample time= 2.425935745239258
        self.n= 0.2387122181403576
        collect g,h time= 4.2058703899383545
E=-9.906923778039232,dE=-7.484228705223472e-06,std=0
L=-9.906923778039232,dL=-7.484228705223472e-06,std=0
        gnorm= 0.0003238116878509414
        symmetric= True
        solver time=0.004953622817993164,exit status=0
        SR solver time= 0.004993438720703125
        symmetric= False
        niter= 37
        niter= 343
        solver time=0.10311222076416016,exit status=0
        RGN solver time= 0.10314035415649414
        xnorm=5.014867958207709,dnorm=0.05730746042346637
        dense amplitude time= 0.04581952095031738
        total non-zero amplitudes= 4900
        nsamples per process= 159
        sample time= 0.4950141906738281
        self.n= 0.23577080730226463
        RGN updated loss=-9.906931115755983,dloss=-7.337716750654977e-06
step= 44

nparam= 1004
        dense amplitude time= 0.043961286544799805
        total non-zero amplitudes= 4900
        nsamples per process= 159
        sample time= 2.4171087741851807
        self.n= 0.23577080730226435
        collect g,h time= 4.245612621307373
E=-9.906931115755983,dE=-7.337716750654977e-06,std=0
L=-9.906931115755983,dL=-7.337716750654977e-06,std=0
        gnorm= 0.0003240774022156188
        symmetric= True
        solver time=0.0050258636474609375,exit status=0
        SR solver time= 0.0050601959228515625
        symmetric= False
        niter= 37
        niter= 343
        solver time=0.10358953475952148,exit status=0
        RGN solver time= 0.10362029075622559
        xnorm=5.024191895051294,dnorm=0.0566650113399805
        dense amplitude time= 0.045546770095825195
        total non-zero amplitudes= 4900
        nsamples per process= 159
        sample time= 0.4949071407318115
        self.n= 0.2327924074296421
        RGN updated loss=-9.906938263877711,dloss=-7.148121728306478e-06
step= 45

nparam= 1004
        dense amplitude time= 0.05847644805908203
        total non-zero amplitudes= 4900
        nsamples per process= 159
        sample time= 2.4054267406463623
        self.n= 0.2327924074296422
        collect g,h time= 4.157879114151001
E=-9.906938263877707,dE=-7.148121724753764e-06,std=0
L=-9.906938263877707,dL=-7.148121724753764e-06,std=0
        gnorm= 0.00033420039140200276
        symmetric= True
        solver time=0.005272388458251953,exit status=0
        SR solver time= 0.005311250686645508
        symmetric= False
        niter= 38
        niter= 343
        solver time=0.10351181030273438,exit status=0
        RGN solver time= 0.10354375839233398
        xnorm=5.033308082372988,dnorm=0.05615933755771222
        dense amplitude time= 0.04571723937988281
        total non-zero amplitudes= 4900
        nsamples per process= 159
        sample time= 0.49528932571411133
        self.n= 0.2297436152058665
        RGN updated loss=-9.906945286439283,dloss=-7.02256157580905e-06
step= 46

nparam= 1004
        dense amplitude time= 0.04552960395812988
        total non-zero amplitudes= 4900
        nsamples per process= 159
        sample time= 2.3869471549987793
        self.n= 0.22974361520586625
        collect g,h time= 4.3510422706604
E=-9.90694528643928,dE=-7.022561572256336e-06,std=0
L=-9.90694528643928,dL=-7.022561572256336e-06,std=0
        gnorm= 0.0003211982114430365
        symmetric= True
        solver time=0.005457639694213867,exit status=0
        SR solver time= 0.005495309829711914
        symmetric= False
        niter= 38
        niter= 343
        solver time=0.10413575172424316,exit status=0
        RGN solver time= 0.10416841506958008
        xnorm=5.042246918637065,dnorm=0.05582847685064892
        dense amplitude time= 0.04571866989135742
        total non-zero amplitudes= 4900
        nsamples per process= 159
        sample time= 0.4969935417175293
        self.n= 0.22662364758601383
        RGN updated loss=-9.906952243480072,dloss=-6.957040792343605e-06
step= 47

nparam= 1004
        dense amplitude time= 0.05786848068237305
        total non-zero amplitudes= 4900
        nsamples per process= 159
        sample time= 2.4077200889587402
        self.n= 0.2266236475860139
        collect g,h time= 4.227258205413818
E=-9.906952243480072,dE=-6.957040792343605e-06,std=0
L=-9.906952243480072,dL=-6.957040792343605e-06,std=0
        gnorm= 0.00031020672438506375
        symmetric= True
        solver time=0.005022764205932617,exit status=0
        SR solver time= 0.005059957504272461
        symmetric= False
        niter= 37
        niter= 345
        solver time=0.10447525978088379,exit status=0
        RGN solver time= 0.10450887680053711
        xnorm=5.051132830415077,dnorm=0.0554599045446075
        dense amplitude time= 0.045777082443237305
        total non-zero amplitudes= 4900
        nsamples per process= 159
        sample time= 0.4961678981781006
        self.n= 0.2234683285220637
        RGN updated loss=-9.906959117208647,dloss=-6.873728574774418e-06
step= 48

nparam= 1004
        dense amplitude time= 0.056899070739746094
        total non-zero amplitudes= 4900
        nsamples per process= 159
        sample time= 2.450998067855835
        self.n= 0.2234683285220634
        collect g,h time= 4.176452398300171
E=-9.906959117208649,dE=-6.873728576550775e-06,std=0
L=-9.906959117208649,dL=-6.873728576550775e-06,std=0
        gnorm= 0.00030729971076473973
        symmetric= True
        solver time=0.00546574592590332,exit status=0
        SR solver time= 0.005499839782714844
        symmetric= False
        niter= 37
        niter= 346
        solver time=0.10465049743652344,exit status=0
        RGN solver time= 0.10467910766601562
        xnorm=5.059802374728801,dnorm=0.05520391246670223
        dense amplitude time= 0.04449129104614258
        total non-zero amplitudes= 4900
        nsamples per process= 159
        sample time= 0.4963090419769287
        self.n= 0.22026771786750657
        RGN updated loss=-9.906965910489395,dloss=-6.793280746819619e-06
step= 49

nparam= 1004
        dense amplitude time= 0.046193838119506836
        total non-zero amplitudes= 4900
        nsamples per process= 159
        sample time= 2.413165330886841
        self.n= 0.22026771786750632
        collect g,h time= 4.255472660064697
E=-9.906965910489397,dE=-6.793280748595976e-06,std=0
L=-9.906965910489397,dL=-6.793280748595976e-06,std=0
        gnorm= 0.00031126460691076145
        symmetric= True
        solver time=0.004987001419067383,exit status=0
        SR solver time= 0.005020618438720703
        symmetric= False
        niter= 37
        niter= 346
        solver time=0.10399818420410156,exit status=0
        RGN solver time= 0.10402679443359375
        xnorm=5.068441478328694,dnorm=0.05501508888263243
        dense amplitude time= 0.04564046859741211
        total non-zero amplitudes= 4900
        nsamples per process= 159
        sample time= 0.4938211441040039
        self.n= 0.21699469063164134
        RGN updated loss=-9.906972683014759,dloss=-6.772525361853354e-06
(mpi4py) [rpeng@holy8a24102 pmg4]$
layer= 0
nparam= 660
hop_ls= [(1, 5), (1, 8), (1, 9), (1, 13), (5, 8), (5, 9), (5, 13), (8, 9), (8, 13), (9, 13)]

layer= 1
nparam= 144
hop_ls= [(9, 14), (1, 6), (2, 5), (2, 8), (2, 14), (13, 14), (6, 8), (6, 14), (5, 6), (8, 14), (1, 2), (1, 14), (2, 13), (6, 13), (5, 14), (2, 9), (2, 6), (6, 9)]

layer= 2
nparam= 152
hop_ls= [(6, 12), (4, 9), (4, 6), (4, 12), (12, 13), (0, 2), (5, 10), (0, 5), (8, 12), (0, 8), (0, 14), (10, 12), (1, 12), (4, 5), (4, 8), (4, 14), (5, 12), (0, 1), (9, 10), (2, 4), (0, 4), (0, 10), (0, 13), (2, 10), (10, 14), (6, 10), (12, 14), (4, 10), (4, 13), (9, 12), (0, 9), (8, 10), (1, 4), (0, 6), (0, 12), (2, 12), (1, 10), (10, 13)]

layer= 3
nparam= 48
hop_ls= [(6, 15), (3, 4), (3, 10), (5, 7), (4, 15), (3, 13), (9, 11), (11, 14), (1, 3), (2, 11), (8, 15), (0, 11), (10, 15), (1, 15), (6, 11), (7, 10), (7, 13), (3, 9), (12, 15), (3, 6), (3, 12), (4, 11), (14, 15), (8, 11), (0, 7), (5, 15), (10, 11), (2, 7), (1, 11), (11, 13), (7, 9), (6, 7), (7, 12), (4, 7), (3, 5), (3, 8), (3, 14), (5, 11), (0, 3), (9, 15), (2, 3), (11, 12), (1, 7), (0, 15), (2, 15), (13, 15), (7, 8), (7, 14)]

step= 50

nparam= 1004
ntotal configs= 4900
        dense amplitude time= 0.04859161376953125
        total non-zero amplitudes= 4900
        nsamples per process= 159
        sample time= 14.19161081314087
        self.n= 0.21699469063164137
        collect g,h time= 18.017951726913452
E=-9.90697268301476,dE=0,std=0
L=-9.90697268301476,dL=0,std=0
        gnorm= 0.0003152688330097471
        symmetric= True
        solver time=0.00841522216796875,exit status=0
        SR solver time= 0.008509397506713867
        symmetric= False
        niter= 37
        niter= 347
        solver time=0.1322615146636963,exit status=0
        RGN solver time= 0.13230514526367188
        xnorm=5.0769468958350155,dnorm=0.05490642926432931
        dense amplitude time= 0.048116207122802734
        total non-zero amplitudes= 4900
        nsamples per process= 159
        sample time= 0.4966239929199219
        self.n= 0.2136994712827195
        RGN updated loss=-9.906979424842694,dloss=-6.741827933254285e-06
step= 51

nparam= 1004
        dense amplitude time= 0.048048973083496094
        total non-zero amplitudes= 4900
        nsamples per process= 159
        sample time= 2.4071104526519775
        self.n= 0.21369947128271932
        collect g,h time= 4.299562454223633
E=-9.906979424842696,dE=-6.741827935030642e-06,std=0
L=-9.906979424842696,dL=-6.741827935030642e-06,std=0
        gnorm= 0.00030955495453701624
        symmetric= True
        solver time=0.005934715270996094,exit status=0
        SR solver time= 0.006000041961669922
        symmetric= False
        niter= 37
        niter= 353
        solver time=0.10823559761047363,exit status=0
        RGN solver time= 0.10827016830444336
        xnorm=5.085335550090783,dnorm=0.05483996802163479
        dense amplitude time= 0.04834794998168945
        total non-zero amplitudes= 4900
        nsamples per process= 159
        sample time= 0.5719466209411621
        self.n= 0.21035511098936704
        RGN updated loss=-9.906986135936306,dloss=-6.711093609723662e-06
step= 52

nparam= 1004
        dense amplitude time= 0.04816150665283203
        total non-zero amplitudes= 4900
        nsamples per process= 159
        sample time= 2.415590763092041
        self.n= 0.2103551109893669
        collect g,h time= 4.217968940734863
E=-9.906986135936304,dE=-6.711093607947305e-06,std=0
L=-9.906986135936304,dL=-6.711093607947305e-06,std=0
        gnorm= 0.0003247261948752721
        symmetric= True
        solver time=0.005471706390380859,exit status=0
        SR solver time= 0.005509614944458008
        symmetric= False
        niter= 37
        niter= 350
        solver time=0.10721611976623535,exit status=0
        RGN solver time= 0.10724925994873047
        xnorm=5.093713726300235,dnorm=0.054691589502983265
        dense amplitude time= 0.04792022705078125
        total non-zero amplitudes= 4900
        nsamples per process= 159
        sample time= 0.6527681350708008
        self.n= 0.20698315724650435
        RGN updated loss=-9.906992836995228,dloss=-6.701058923752612e-06
step= 53

nparam= 1004
        dense amplitude time= 0.05786919593811035
        total non-zero amplitudes= 4900
        nsamples per process= 159
        sample time= 2.4051458835601807
        self.n= 0.20698315724650412
        collect g,h time= 4.229951858520508
E=-9.90699283699523,dE=-6.701058925528969e-06,std=0
L=-9.90699283699523,dL=-6.701058925528969e-06,std=0
        gnorm= 0.00034075408337634464
        symmetric= True
        solver time=0.005953550338745117,exit status=0
        SR solver time= 0.006018877029418945
        symmetric= False
        niter= 39
        niter= 350
        solver time=0.10836362838745117,exit status=0
        RGN solver time= 0.10839605331420898
        xnorm=5.101965252438905,dnorm=0.05480056683583503
        dense amplitude time= 0.04801130294799805
        total non-zero amplitudes= 4900
        nsamples per process= 159
        sample time= 0.4933135509490967
        self.n= 0.20364838322084555
        RGN updated loss=-9.90699952094164,dloss=-6.683946411456532e-06
step= 54

nparam= 1004
        dense amplitude time= 0.04811358451843262
        total non-zero amplitudes= 4900
        nsamples per process= 159
        sample time= 2.39489483833313
        self.n= 0.20364838322084539
        collect g,h time= 4.203974008560181
E=-9.906999520941639,dE=-6.683946409680175e-06,std=0
L=-9.906999520941639,dL=-6.683946409680175e-06,std=0
        gnorm= 0.00032583517448391317
        symmetric= True
        solver time=0.005169391632080078,exit status=0
        SR solver time= 0.005205869674682617
        symmetric= False
        niter= 38
        niter= 357
        solver time=0.10881400108337402,exit status=0
        RGN solver time= 0.10884499549865723
        xnorm=5.110347295609003,dnorm=0.05467248323089174
        dense amplitude time= 0.04803276062011719
        total non-zero amplitudes= 4900
        nsamples per process= 159
        sample time= 0.49375224113464355
        self.n= 0.20021654592157984
        RGN updated loss=-9.907006223637474,dloss=-6.702695834803762e-06
step= 55

nparam= 1004
        dense amplitude time= 0.057939767837524414
        total non-zero amplitudes= 4900
        nsamples per process= 159
        sample time= 2.396989345550537
        self.n= 0.20021654592157978
        collect g,h time= 4.30888819694519
E=-9.907006223637472,dE=-6.7026958330274056e-06,std=0
L=-9.907006223637472,dL=-6.7026958330274056e-06,std=0
        gnorm= 0.0003266351470140134
        symmetric= True
        solver time=0.005385637283325195,exit status=0
        SR solver time= 0.005452632904052734
        symmetric= False
        niter= 38
        niter= 363
        solver time=0.1121368408203125,exit status=0
        RGN solver time= 0.11216855049133301
        xnorm=5.11844327859606,dnorm=0.05464176144482234
        dense amplitude time= 0.04800271987915039
        total non-zero amplitudes= 4900
        nsamples per process= 159
        sample time= 0.49367189407348633
        self.n= 0.19681028257273453
        RGN updated loss=-9.907012880133726,dloss=-6.656496253754085e-06
step= 56

nparam= 1004
        dense amplitude time= 0.045237064361572266
        total non-zero amplitudes= 4900
        nsamples per process= 159
        sample time= 2.410395860671997
        self.n= 0.19681028257273436
        collect g,h time= 4.2378575801849365
E=-9.907012880133724,dE=-6.656496251977728e-06,std=0
L=-9.907012880133724,dL=-6.656496251977728e-06,std=0
        gnorm= 0.00034428485050998556
        symmetric= True
        solver time=0.005414247512817383,exit status=0
        SR solver time= 0.005450010299682617
        symmetric= False
        niter= 39
        niter= 363
        solver time=0.11143875122070312,exit status=0
        RGN solver time= 0.11146903038024902
        xnorm=5.126532552765098,dnorm=0.054439955727813266
        dense amplitude time= 0.04782247543334961
        total non-zero amplitudes= 4900
        nsamples per process= 159
        sample time= 0.4954705238342285
        self.n= 0.19345067496539822
        RGN updated loss=-9.907019499095139,dloss=-6.618961414517344e-06
step= 57

nparam= 1004
        dense amplitude time= 0.044951677322387695
        total non-zero amplitudes= 4900
        nsamples per process= 159
        sample time= 2.399390935897827
        self.n= 0.19345067496539808
        collect g,h time= 4.247072458267212
E=-9.907019499095139,dE=-6.618961414517344e-06,std=0
L=-9.907019499095139,dL=-6.618961414517344e-06,std=0
        gnorm= 0.00033688848431602883
        symmetric= True
        solver time=0.00550079345703125,exit status=0
        SR solver time= 0.005534172058105469
        symmetric= False
        niter= 38
        niter= 368
        solver time=0.12871193885803223,exit status=0
        RGN solver time= 0.12874054908752441
        xnorm=5.134566000992463,dnorm=0.05437529469765558
        dense amplitude time= 0.05092287063598633
        total non-zero amplitudes= 4900
        nsamples per process= 159
        sample time= 0.49173498153686523
        self.n= 0.19007632366667218
        RGN updated loss=-9.907026083461622,dloss=-6.584366483153303e-06
step= 58

nparam= 1004
        dense amplitude time= 0.04827880859375
        total non-zero amplitudes= 4900
        nsamples per process= 159
        sample time= 2.421689748764038
        self.n= 0.19007632366667215
        collect g,h time= 4.236610651016235
E=-9.907026083461622,dE=-6.584366483153303e-06,std=0
L=-9.907026083461622,dL=-6.584366483153303e-06,std=0
        gnorm= 0.0003762810248880365
        symmetric= True
        solver time=0.00550532341003418,exit status=0
        SR solver time= 0.005573272705078125
        symmetric= False
        niter= 40
        niter= 364
        solver time=0.11090874671936035,exit status=0
        RGN solver time= 0.11094546318054199
        xnorm=5.142500214481697,dnorm=0.05415440851410086
        dense amplitude time= 0.04781794548034668
        total non-zero amplitudes= 4900
        nsamples per process= 159
        sample time= 0.493377685546875
        self.n= 0.18682278116498177
        RGN updated loss=-9.907032569338817,dloss=-6.4858771953169025e-06
step= 59

nparam= 1004
        dense amplitude time= 0.05750870704650879
        total non-zero amplitudes= 4900
        nsamples per process= 159
        sample time= 2.399967908859253
        self.n= 0.18682278116498172
        collect g,h time= 4.23975944519043
E=-9.907032569338817,dE=-6.4858771953169025e-06,std=0
L=-9.907032569338817,dL=-6.4858771953169025e-06,std=0
        gnorm= 0.0003453412177628185
        symmetric= True
        solver time=0.00535273551940918,exit status=0
        SR solver time= 0.005392551422119141
        symmetric= False
        niter= 39
        niter= 370
        solver time=0.11578011512756348,exit status=0
        RGN solver time= 0.11581039428710938
        xnorm=5.1504992461425365,dnorm=0.053757393827073376
        dense amplitude time= 0.046423912048339844
        total non-zero amplitudes= 4900
        nsamples per process= 159
        sample time= 0.49883604049682617
        self.n= 0.18356040268789298
        RGN updated loss=-9.90703899946594,dloss=-6.4301271223143885e-06
step= 60

nparam= 1004
        dense amplitude time= 0.04379415512084961
        total non-zero amplitudes= 4900
        nsamples per process= 159
        sample time= 2.3933486938476562
        self.n= 0.18356040268789264
        collect g,h time= 4.254685163497925
E=-9.907038999465941,dE=-6.430127124090745e-06,std=0
L=-9.907038999465941,dL=-6.430127124090745e-06,std=0
        gnorm= 0.00036047941298827284
        symmetric= True
        solver time=0.00555729866027832,exit status=0
        SR solver time= 0.00559234619140625
        symmetric= False
        niter= 40
        niter= 368
        solver time=0.1114189624786377,exit status=0
        RGN solver time= 0.11144661903381348
        xnorm=5.158103145400352,dnorm=0.05344603501233013
        dense amplitude time= 0.0478215217590332
        total non-zero amplitudes= 4900
        nsamples per process= 159
        sample time= 0.4914431571960449
        self.n= 0.18038947264437055
        RGN updated loss=-9.90704530578164,dloss=-6.3063156989784375e-06
step= 61

nparam= 1004
        dense amplitude time= 0.0572819709777832
        total non-zero amplitudes= 4900
        nsamples per process= 159
        sample time= 2.40832781791687
        self.n= 0.18038947264437039
        collect g,h time= 4.319019794464111
E=-9.90704530578164,dE=-6.3063156989784375e-06,std=0
L=-9.90704530578164,dL=-6.3063156989784375e-06,std=0
        gnorm= 0.0004148734553392665
        symmetric= True
        solver time=0.005478382110595703,exit status=0
        SR solver time= 0.005512714385986328
        symmetric= False
        niter= 40
        niter= 361
        solver time=0.10913753509521484,exit status=0
        RGN solver time= 0.10917139053344727
        xnorm=5.165631971720364,dnorm=0.05283692934003636
        dense amplitude time= 0.047987937927246094
        total non-zero amplitudes= 4900
        nsamples per process= 159
        sample time= 0.4924612045288086
        self.n= 0.17730822244244476
        RGN updated loss=-9.907051450223857,dloss=-6.144442217248525e-06
step= 62

nparam= 1004
        dense amplitude time= 0.04857492446899414
        total non-zero amplitudes= 4900
        nsamples per process= 159
        sample time= 2.4307215213775635
        self.n= 0.17730822244244454
        collect g,h time= 4.276992321014404
E=-9.907051450223854,dE=-6.144442213695811e-06,std=0
L=-9.907051450223854,dL=-6.144442213695811e-06,std=0
        gnorm= 0.0003392083509971467
        symmetric= True
        solver time=0.005588531494140625,exit status=0
        SR solver time= 0.005625724792480469
        symmetric= False
        niter= 40
        niter= 373
        solver time=0.1138906478881836,exit status=0
        RGN solver time= 0.11392021179199219
        xnorm=5.173162166638833,dnorm=0.05226743477737452
        dense amplitude time= 0.047791481018066406
        total non-zero amplitudes= 4900
        nsamples per process= 159
        sample time= 0.4940674304962158
        self.n= 0.1742926467607286
        RGN updated loss=-9.90705747700944,dloss=-6.026785586144001e-06
step= 63

nparam= 1004
        dense amplitude time= 0.05745220184326172
        total non-zero amplitudes= 4900
        nsamples per process= 159
        sample time= 2.387744903564453
        self.n= 0.17429264676072853
        collect g,h time= 4.226201295852661
E=-9.90705747700944,dE=-6.026785586144001e-06,std=0
L=-9.90705747700944,dL=-6.026785586144001e-06,std=0
        gnorm= 0.00036566736549156846
        symmetric= True
        solver time=0.00543212890625,exit status=0
        SR solver time= 0.005465507507324219
        symmetric= False
        niter= 40
        niter= 370
        solver time=0.11235237121582031,exit status=0
        RGN solver time= 0.11237883567810059
        xnorm=5.180412684882146,dnorm=0.05179421839505869
        dense amplitude time= 0.04770970344543457
        total non-zero amplitudes= 4900
        nsamples per process= 159
        sample time= 0.6513931751251221
        self.n= 0.17139956186652533
        RGN updated loss=-9.907063331531166,dloss=-5.8545217260785876e-06
step= 64

nparam= 1004
        dense amplitude time= 0.048156023025512695
        total non-zero amplitudes= 4900
        nsamples per process= 159
        sample time= 2.3982393741607666
        self.n= 0.17139956186652516
        collect g,h time= 4.21941065788269
E=-9.907063331531168,dE=-5.854521727854944e-06,std=0
L=-9.907063331531168,dL=-5.854521727854944e-06,std=0
        gnorm= 0.00034075159455189554
        symmetric= True
        solver time=0.008690834045410156,exit status=0
        SR solver time= 0.008724212646484375
        symmetric= False
        niter= 40
        niter= 374
        solver time=0.11471843719482422,exit status=0
        RGN solver time= 0.11474895477294922
        xnorm=5.187778433120728,dnorm=0.05115153061774403
        dense amplitude time= 0.04633617401123047
        total non-zero amplitudes= 4900
        nsamples per process= 159
        sample time= 0.49848079681396484
        self.n= 0.16854420898196484
        RGN updated loss=-9.907069055615995,dloss=-5.724084827463116e-06
step= 65

nparam= 1004
        dense amplitude time= 0.044995784759521484
        total non-zero amplitudes= 4900
        nsamples per process= 159
        sample time= 2.3878979682922363
        self.n= 0.1685442089819647
        collect g,h time= 4.288524627685547
E=-9.907069055615995,dE=-5.724084827463116e-06,std=0
L=-9.907069055615995,dL=-5.724084827463116e-06,std=0
        gnorm= 0.000334580556887243
        symmetric= True
        solver time=0.005416154861450195,exit status=0
        SR solver time= 0.00545048713684082
        symmetric= False
        niter= 38
        niter= 374
        solver time=0.11453890800476074,exit status=0
        RGN solver time= 0.11457633972167969
        xnorm=5.194927827442917,dnorm=0.050442210994399043
        dense amplitude time= 0.04854226112365723
        total non-zero amplitudes= 4900
        nsamples per process= 159
        sample time= 0.4969494342803955
        self.n= 0.1657858646795874
        RGN updated loss=-9.907074598081348,dloss=-5.542465352448289e-06
step= 66

nparam= 1004
        dense amplitude time= 0.04845309257507324
        total non-zero amplitudes= 4900
        nsamples per process= 159
        sample time= 2.459566593170166
        self.n= 0.1657858646795874
        collect g,h time= 4.237824440002441
E=-9.907074598081348,dE=-5.542465352448289e-06,std=0
L=-9.907074598081348,dL=-5.542465352448289e-06,std=0
        gnorm= 0.00032860759915679977
        symmetric= True
        solver time=0.005297183990478516,exit status=0
        SR solver time= 0.005332469940185547
        symmetric= False
        niter= 38
        niter= 374
        solver time=0.11506390571594238,exit status=0
        RGN solver time= 0.11509132385253906
        xnorm=5.201936008370416,dnorm=0.04972540592216968
        dense amplitude time= 0.04803299903869629
        total non-zero amplitudes= 4900
        nsamples per process= 159
        sample time= 0.578352689743042
        self.n= 0.16313514871638218
        RGN updated loss=-9.907079976500658,dloss=-5.378419309920446e-06
step= 67

nparam= 1004
        dense amplitude time= 0.05738091468811035
        total non-zero amplitudes= 4900
        nsamples per process= 159
        sample time= 2.3954761028289795
        self.n= 0.16313514871638185
        collect g,h time= 4.240162372589111
E=-9.907079976500658,dE=-5.378419309920446e-06,std=0
L=-9.907079976500658,dL=-5.378419309920446e-06,std=0
        gnorm= 0.0003219337928666923
        symmetric= True
        solver time=0.005146026611328125,exit status=0
        SR solver time= 0.005181550979614258
        symmetric= False
        niter= 38
        niter= 374
        solver time=0.11458921432495117,exit status=0
        RGN solver time= 0.11461949348449707
        xnorm=5.208771009075594,dnorm=0.049002125762042305
        dense amplitude time= 0.047885894775390625
        total non-zero amplitudes= 4900
        nsamples per process= 159
        sample time= 0.5758776664733887
        self.n= 0.16057530322979433
        RGN updated loss=-9.907085178540425,dloss=-5.2020397678376185e-06
step= 68

nparam= 1004
        dense amplitude time= 0.058525800704956055
        total non-zero amplitudes= 4900
        nsamples per process= 159
        sample time= 2.446418523788452
        self.n= 0.16057530322979408
        collect g,h time= 4.357832431793213
E=-9.907085178540427,dE=-5.202039769613975e-06,std=0
L=-9.907085178540427,dL=-5.202039769613975e-06,std=0
        gnorm= 0.0003221618703973511
        symmetric= True
        solver time=0.005072593688964844,exit status=0
        SR solver time= 0.00510859489440918
        symmetric= False
        niter= 38
        niter= 374
        solver time=0.11350345611572266,exit status=0
        RGN solver time= 0.11353206634521484
        xnorm=5.2154850061903755,dnorm=0.04821859688421539
        dense amplitude time= 0.04805254936218262
        total non-zero amplitudes= 4900
        nsamples per process= 159
        sample time= 0.49608898162841797
        self.n= 0.1581156653583769
        RGN updated loss=-9.90709021125627,dloss=-5.0327158422902585e-06
step= 69

nparam= 1004
        dense amplitude time= 0.048070669174194336
        total non-zero amplitudes= 4900
        nsamples per process= 159
        sample time= 2.399672031402588
        self.n= 0.158115665358377
        collect g,h time= 4.201907396316528
E=-9.90709021125627,dE=-5.0327158422902585e-06,std=0
L=-9.90709021125627,dL=-5.0327158422902585e-06,std=0
        gnorm= 0.0003040102703210524
        symmetric= True
        solver time=0.005041360855102539,exit status=0
        SR solver time= 0.005075216293334961
        symmetric= False
        niter= 38
        niter= 374
        solver time=0.11334848403930664,exit status=0
        RGN solver time= 0.11337757110595703
        xnorm=5.222095924638614,dnorm=0.047497223357517736
        dense amplitude time= 0.04786324501037598
        total non-zero amplitudes= 4900
        nsamples per process= 159
        sample time= 0.4975123405456543
        self.n= 0.1557423041354024
        RGN updated loss=-9.907095084059359,dloss=-4.872803089028821e-06
step= 70

nparam= 1004
        dense amplitude time= 0.04816699028015137
        total non-zero amplitudes= 4900
        nsamples per process= 159
        sample time= 2.386228561401367
        self.n= 0.15574230413540216
        collect g,h time= 4.241833448410034
E=-9.90709508405936,dE=-4.872803090805178e-06,std=0
L=-9.90709508405936,dL=-4.872803090805178e-06,std=0
        gnorm= 0.0003060836290900561
        symmetric= True
        solver time=0.005166769027709961,exit status=0
        SR solver time= 0.005201101303100586
        symmetric= False
        niter= 39
        niter= 374
        solver time=0.1146385669708252,exit status=0
        RGN solver time= 0.11467981338500977
        xnorm=5.2286081427493905,dnorm=0.046828558762526666
        dense amplitude time= 0.04781746864318848
        total non-zero amplitudes= 4900
        nsamples per process= 159
        sample time= 0.4974994659423828
        self.n= 0.1534545145168994
        RGN updated loss=-9.907099816123845,dloss=-4.732064484258558e-06
step= 71

nparam= 1004
        dense amplitude time= 0.057758331298828125
        total non-zero amplitudes= 4900
        nsamples per process= 159
        sample time= 2.3981566429138184
        self.n= 0.15345451451689926
        collect g,h time= 4.286255359649658
E=-9.907099816123845,dE=-4.732064484258558e-06,std=0
L=-9.907099816123845,dL=-4.732064484258558e-06,std=0
        gnorm= 0.0002861863205086176
        symmetric= True
        solver time=0.005190610885620117,exit status=0
        SR solver time= 0.005225181579589844
        symmetric= False
        niter= 39
        niter= 374
        solver time=0.11581969261169434,exit status=0
        RGN solver time= 0.11586546897888184
        xnorm=5.235001441770693,dnorm=0.046137985753243536
        dense amplitude time= 0.048088788986206055
        total non-zero amplitudes= 4900
        nsamples per process= 159
        sample time= 0.49684667587280273
        self.n= 0.15125970206850772
        RGN updated loss=-9.907104404375504,dloss=-4.58825165949861e-06
step= 72

nparam= 1004
        dense amplitude time= 0.04801440238952637
        total non-zero amplitudes= 4900
        nsamples per process= 159
        sample time= 2.4302096366882324
        self.n= 0.1512597020685077
        collect g,h time= 4.193147659301758
E=-9.907104404375502,dE=-4.588251657722253e-06,std=0
L=-9.907104404375502,dL=-4.588251657722253e-06,std=0
        gnorm= 0.00028010576696711975
        symmetric= True
        solver time=0.004945039749145508,exit status=0
        SR solver time= 0.00497889518737793
        symmetric= False
        niter= 37
        niter= 374
        solver time=0.11395049095153809,exit status=0
        RGN solver time= 0.11398530006408691
        xnorm=5.241165921788664,dnorm=0.045481137113334125
        dense amplitude time= 0.047789812088012695
        total non-zero amplitudes= 4900
        nsamples per process= 159
        sample time= 0.49768805503845215
        self.n= 0.1491305059242652
        RGN updated loss=-9.907108859918226,dloss=-4.455542724102202e-06
step= 73

nparam= 1004
        dense amplitude time= 0.04852628707885742
        total non-zero amplitudes= 4900
        nsamples per process= 159
        sample time= 2.4006402492523193
        self.n= 0.1491305059242653
        collect g,h time= 4.255861282348633
E=-9.907108859918225,dE=-4.455542722325845e-06,std=0
L=-9.907108859918225,dL=-4.455542722325845e-06,std=0
        gnorm= 0.0002791982426931569
        symmetric= True
        solver time=0.005584716796875,exit status=0
        SR solver time= 0.00565648078918457
        symmetric= False
        niter= 40
        niter= 376
        solver time=0.11588597297668457,exit status=0
        RGN solver time= 0.11591696739196777
        xnorm=5.247167372891339,dnorm=0.04489297469252948
        dense amplitude time= 0.04783916473388672
        total non-zero amplitudes= 4900
        nsamples per process= 159
        sample time= 0.4969949722290039
        self.n= 0.14708019188769478
        RGN updated loss=-9.907113165111863,dloss=-4.305193638032279e-06
step= 74

nparam= 1004
        dense amplitude time= 0.048323869705200195
        total non-zero amplitudes= 4900
        nsamples per process= 159
        sample time= 2.392204761505127
        self.n= 0.14708019188769456
        collect g,h time= 4.253415584564209
E=-9.907113165111866,dE=-4.305193641584992e-06,std=0
L=-9.907113165111866,dL=-4.305193641584992e-06,std=0
        gnorm= 0.000264559284966792
        symmetric= True
        solver time=0.005358695983886719,exit status=0
        SR solver time= 0.005394697189331055
        symmetric= False
        niter= 39
        niter= 382
        solver time=0.11717438697814941,exit status=0
        RGN solver time= 0.11720395088195801
        xnorm=5.25314934471192,dnorm=0.04432239459773674
        dense amplitude time= 0.047891855239868164
        total non-zero amplitudes= 4900
        nsamples per process= 159
        sample time= 0.49741530418395996
        self.n= 0.14510200741598273
        RGN updated loss=-9.907117400159485,dloss=-4.235047619260968e-06
step= 75

nparam= 1004
        dense amplitude time= 0.05840945243835449
        total non-zero amplitudes= 4900
        nsamples per process= 159
        sample time= 2.4438114166259766
        self.n= 0.14510200741598242
        collect g,h time= 4.252830266952515
E=-9.907117400159484,dE=-4.235047617484611e-06,std=0
L=-9.907117400159484,dL=-4.235047617484611e-06,std=0
        gnorm= 0.0002530813689805765
        symmetric= True
        solver time=0.005268573760986328,exit status=0
        SR solver time= 0.005305767059326172
        symmetric= False
        niter= 39
        niter= 384
        solver time=0.11816215515136719,exit status=0
        RGN solver time= 0.11820268630981445
        xnorm=5.258909432525944,dnorm=0.04376899514038637
        dense amplitude time= 0.048011064529418945
        total non-zero amplitudes= 4900
        nsamples per process= 159
        sample time= 0.49938249588012695
        self.n= 0.14319255666809286
        RGN updated loss=-9.907121513165185,dloss=-4.113005701356087e-06
step= 76

nparam= 1004
        dense amplitude time= 0.054230451583862305
        total non-zero amplitudes= 4900
        nsamples per process= 159
        sample time= 2.4108831882476807
        self.n= 0.1431925566680927
        collect g,h time= 4.284153461456299
E=-9.907121513165183,dE=-4.11300569957973e-06,std=0
L=-9.907121513165183,dL=-4.11300569957973e-06,std=0
        gnorm= 0.0002606414206704392
        symmetric= True
        solver time=0.005521297454833984,exit status=0
        SR solver time= 0.005555152893066406
        symmetric= False
        niter= 40
        niter= 389
        solver time=0.1183464527130127,exit status=0
        RGN solver time= 0.11838030815124512
        xnorm=5.264579888882991,dnorm=0.04325568773466175
        dense amplitude time= 0.04778790473937988
        total non-zero amplitudes= 4900
        nsamples per process= 159
        sample time= 0.4984457492828369
        self.n= 0.1413408400822703
        RGN updated loss=-9.907125500722277,dloss=-3.987557093410032e-06
step= 77

nparam= 1004
        dense amplitude time= 0.05745220184326172
        total non-zero amplitudes= 4900
        nsamples per process= 159
        sample time= 2.4055514335632324
        self.n= 0.14134084008227032
        collect g,h time= 4.304921865463257
E=-9.907125500722277,dE=-3.987557093410032e-06,std=0
L=-9.907125500722277,dL=-3.987557093410032e-06,std=0
        gnorm= 0.00023704140977223346
        symmetric= True
        solver time=0.005404233932495117,exit status=0
        SR solver time= 0.005440950393676758
        symmetric= False
        niter= 40
        niter= 395
        solver time=0.12094783782958984,exit status=0
        RGN solver time= 0.12097859382629395
        xnorm=5.270235508967401,dnorm=0.04279487577953374
        dense amplitude time= 0.047844648361206055
        total non-zero amplitudes= 4900
        nsamples per process= 159
        sample time= 0.4993717670440674
        self.n= 0.1395570091209238
        RGN updated loss=-9.907129446199368,dloss=-3.945477091704674e-06
step= 78

nparam= 1004
        dense amplitude time= 0.05496048927307129
        total non-zero amplitudes= 4900
        nsamples per process= 159
        sample time= 2.4159739017486572
        self.n= 0.13955700912092367
        collect g,h time= 4.249739408493042
E=-9.907129446199368,dE=-3.945477091704674e-06,std=0
L=-9.907129446199368,dL=-3.945477091704674e-06,std=0
        gnorm= 0.00023705048165148203
        symmetric= True
        solver time=0.0054013729095458984,exit status=0
        SR solver time= 0.005437374114990234
        symmetric= False
        niter= 40
        niter= 397
        solver time=0.1221160888671875,exit status=0
        RGN solver time= 0.1221468448638916
        xnorm=5.275683250055395,dnorm=0.04236220749834168
        dense amplitude time= 0.04802393913269043
        total non-zero amplitudes= 4900
        nsamples per process= 159
        sample time= 0.4967324733734131
        self.n= 0.1378149701094893
        RGN updated loss=-9.907133291273965,dloss=-3.845074596497966e-06
step= 79

nparam= 1004
        dense amplitude time= 0.04896378517150879
        total non-zero amplitudes= 4900
        nsamples per process= 159
        sample time= 2.445202112197876
        self.n= 0.137814970109489
        collect g,h time= 4.262291669845581
E=-9.907133291273968,dE=-3.84507460005068e-06,std=0
L=-9.907133291273968,dL=-3.84507460005068e-06,std=0
        gnorm= 0.00023592837337871648
        symmetric= True
        solver time=0.005445241928100586,exit status=0
        SR solver time= 0.005480527877807617
        symmetric= False
        niter= 40
        niter= 403
        solver time=0.12332296371459961,exit status=0
        RGN solver time= 0.1233513355255127
        xnorm=5.281072137805664,dnorm=0.04195502819253459
        dense amplitude time= 0.04783296585083008
        total non-zero amplitudes= 4900
        nsamples per process= 159
        sample time= 0.49495792388916016
        self.n= 0.13613156987060165
        RGN updated loss=-9.907137038967154,dloss=-3.7476931851188056e-06
step= 80

nparam= 1004
        dense amplitude time= 0.042824745178222656
        total non-zero amplitudes= 4900
        nsamples per process= 159
        sample time= 2.406881093978882
        self.n= 0.13613156987060154
        collect g,h time= 4.246535301208496
E=-9.90713703896715,dE=-3.747693181566092e-06,std=0
L=-9.90713703896715,dL=-3.747693181566092e-06,std=0
        gnorm= 0.00022144865097758375
        symmetric= True
        solver time=0.005281925201416016,exit status=0
        SR solver time= 0.005317211151123047
        symmetric= False
        niter= 40
        niter= 403
        solver time=0.12265229225158691,exit status=0
        RGN solver time= 0.12268662452697754
        xnorm=5.286373602172245,dnorm=0.041611260706310486
        dense amplitude time= 0.047655344009399414
        total non-zero amplitudes= 4900
        nsamples per process= 159
        sample time= 0.494509220123291
        self.n= 0.13450426777700414
        RGN updated loss=-9.907140770041101,dloss=-3.7310739511298152e-06
step= 81

nparam= 1004
        dense amplitude time= 0.04453921318054199
        total non-zero amplitudes= 4900
        nsamples per process= 159
        sample time= 2.390249729156494
        self.n= 0.13450426777700397
        collect g,h time= 4.1955742835998535
E=-9.9071407700411,dE=-3.7310739493534584e-06,std=0
L=-9.9071407700411,dL=-3.7310739493534584e-06,std=0
        gnorm= 0.0002084795464103808
        symmetric= True
        solver time=0.0055294036865234375,exit status=0
        SR solver time= 0.005594968795776367
        symmetric= False
        niter= 39
        niter= 405
        solver time=0.12778997421264648,exit status=0
        RGN solver time= 0.12781953811645508
        xnorm=5.291570329099109,dnorm=0.04125629276073773
        dense amplitude time= 0.04774212837219238
        total non-zero amplitudes= 4900
        nsamples per process= 159
        sample time= 0.4971580505371094
        self.n= 0.13291680097762976
        RGN updated loss=-9.90714443116702,dloss=-3.6611259197627533e-06
step= 82

nparam= 1004
        dense amplitude time= 0.05687880516052246
        total non-zero amplitudes= 4900
        nsamples per process= 159
        sample time= 2.3775229454040527
        self.n= 0.13291680097762956
        collect g,h time= 4.242838144302368
E=-9.907144431167017,dE=-3.6611259179863964e-06,std=0
L=-9.907144431167017,dL=-3.6611259179863964e-06,std=0
        gnorm= 0.00020819645079098883
        symmetric= True
        solver time=0.00537419319152832,exit status=0
        SR solver time= 0.005408287048339844
        symmetric= False
        niter= 40
        niter= 405
        solver time=0.12421107292175293,exit status=0
        RGN solver time= 0.12424159049987793
        xnorm=5.296743035693899,dnorm=0.040941330952039265
        dense amplitude time= 0.048012495040893555
        total non-zero amplitudes= 4900
        nsamples per process= 159
        sample time= 0.4944117069244385
        self.n= 0.13137045782166706
        RGN updated loss=-9.907148025312782,dloss=-3.5941457650068287e-06
step= 83

nparam= 1004
        dense amplitude time= 0.057507991790771484
        total non-zero amplitudes= 4900
        nsamples per process= 159
        sample time= 2.3956429958343506
        self.n= 0.13137045782166687
        collect g,h time= 4.25024676322937
E=-9.907148025312782,dE=-3.5941457650068287e-06,std=0
L=-9.907148025312782,dL=-3.5941457650068287e-06,std=0
        gnorm= 0.00019002922871539738
        symmetric= True
        solver time=0.005423069000244141,exit status=0
        SR solver time= 0.00545954704284668
        symmetric= False
        niter= 38
        niter= 405
        solver time=0.12398076057434082,exit status=0
        RGN solver time= 0.12401032447814941
        xnorm=5.301886419782364,dnorm=0.04063774724820125
        dense amplitude time= 0.04773974418640137
        total non-zero amplitudes= 4900
        nsamples per process= 159
        sample time= 0.49248504638671875
        self.n= 0.1298625085286666
        RGN updated loss=-9.907151577925463,dloss=-3.552612680479683e-06
step= 84

nparam= 1004
        dense amplitude time= 0.058801889419555664
        total non-zero amplitudes= 4900
        nsamples per process= 159
        sample time= 2.395512580871582
        self.n= 0.12986250852866665
        collect g,h time= 4.165098428726196
E=-9.907151577925466,dE=-3.552612684032397e-06,std=0
L=-9.907151577925466,dL=-3.552612684032397e-06,std=0
        gnorm= 0.00018942518100416135
        symmetric= True
        solver time=0.005426168441772461,exit status=0
        SR solver time= 0.005463838577270508
        symmetric= False
        niter= 40
        niter= 405
        solver time=0.12392997741699219,exit status=0
        RGN solver time= 0.12396669387817383
        xnorm=5.3069603432112356,dnorm=0.040427553978441125
        dense amplitude time= 0.047926902770996094
        total non-zero amplitudes= 4900
        nsamples per process= 159
        sample time= 0.49755406379699707
        self.n= 0.128396689445832
        RGN updated loss=-9.907155083328075,dloss=-3.505402608183772e-06
step= 85

nparam= 1004
        dense amplitude time= 0.048197269439697266
        total non-zero amplitudes= 4900
        nsamples per process= 159
        sample time= 2.4447484016418457
        self.n= 0.12839668944583196
        collect g,h time= 4.249314069747925
E=-9.907155083328076,dE=-3.5054026099601288e-06,std=0
L=-9.907155083328076,dL=-3.5054026099601288e-06,std=0
        gnorm= 0.00017975947692072658
        symmetric= True
        solver time=0.005583047866821289,exit status=0
        SR solver time= 0.005618572235107422
        symmetric= False
        niter= 39
        niter= 407
        solver time=0.12432551383972168,exit status=0
        RGN solver time= 0.12435293197631836
        xnorm=5.311971222995626,dnorm=0.040175293667715606
        dense amplitude time= 0.047736167907714844
        total non-zero amplitudes= 4900
        nsamples per process= 159
        sample time= 0.49366188049316406
        self.n= 0.126965178688472
        RGN updated loss=-9.907158556763921,dloss=-3.473435844725259e-06
step= 86

nparam= 1004
        dense amplitude time= 0.057595252990722656
        total non-zero amplitudes= 4900
        nsamples per process= 159
        sample time= 2.3748950958251953
        self.n= 0.12696517868847185
        collect g,h time= 4.164767265319824
E=-9.907158556763921,dE=-3.473435844725259e-06,std=0
L=-9.907158556763921,dL=-3.473435844725259e-06,std=0
        gnorm= 0.0001766827728797813
        symmetric= True
        solver time=0.005013227462768555,exit status=0
        SR solver time= 0.0050504207611083984
        symmetric= False
        niter= 37
        niter= 407
        solver time=0.12273693084716797,exit status=0
        RGN solver time= 0.12277865409851074
        xnorm=5.316921607284882,dnorm=0.039940485002223886
        dense amplitude time= 0.048097848892211914
        total non-zero amplitudes= 4900
        nsamples per process= 159
        sample time= 0.4924297332763672
        self.n= 0.12555779283752377
        RGN updated loss=-9.907161984708864,dloss=-3.427944943013017e-06
step= 87

nparam= 1004
        dense amplitude time= 0.04814338684082031
        total non-zero amplitudes= 4900
        nsamples per process= 159
        sample time= 2.382730007171631
        self.n= 0.12555779283752366
        collect g,h time= 4.160504341125488
E=-9.907161984708864,dE=-3.427944943013017e-06,std=0
L=-9.907161984708864,dL=-3.427944943013017e-06,std=0
        gnorm= 0.00016798196937375243
        symmetric= True
        solver time=0.005060672760009766,exit status=0
        SR solver time= 0.005099773406982422
        symmetric= False
        niter= 38
        niter= 413
        solver time=0.12627291679382324,exit status=0
        RGN solver time= 0.12630558013916016
        xnorm=5.321883875487383,dnorm=0.03974027834737698
        dense amplitude time= 0.047830820083618164
        total non-zero amplitudes= 4900
        nsamples per process= 159
        sample time= 0.49260950088500977
        self.n= 0.12418371801536018
        RGN updated loss=-9.907165385360136,dloss=-3.4006512716899806e-06
step= 88

nparam= 1004
        dense amplitude time= 0.05672311782836914
        total non-zero amplitudes= 4900
        nsamples per process= 159
        sample time= 2.396066188812256
        self.n= 0.12418371801536002
        collect g,h time= 4.2035298347473145
E=-9.907165385360138,dE=-3.4006512734663374e-06,std=0
L=-9.907165385360138,dL=-3.4006512734663374e-06,std=0
        gnorm= 0.00016906405571676865
        symmetric= True
        solver time=0.0053060054779052734,exit status=0
        SR solver time= 0.0053403377532958984
        symmetric= False
        niter= 38
        niter= 415
        solver time=0.12569594383239746,exit status=0
        RGN solver time= 0.12572550773620605
        xnorm=5.326805918487024,dnorm=0.03954262325415236
        dense amplitude time= 0.0509335994720459
        total non-zero amplitudes= 4900
        nsamples per process= 159
        sample time= 0.4934871196746826
        self.n= 0.12284766074567269
        RGN updated loss=-9.907168743422389,dloss=-3.358062251379579e-06
step= 89

nparam= 1004
        dense amplitude time= 0.048143863677978516
        total non-zero amplitudes= 4900
        nsamples per process= 159
        sample time= 2.375638723373413
        self.n= 0.12284766074567263
        collect g,h time= 4.268233060836792
E=-9.90716874342239,dE=-3.3580622531559357e-06,std=0
L=-9.90716874342239,dL=-3.3580622531559357e-06,std=0
        gnorm= 0.00016293603202120188
        symmetric= True
        solver time=0.005215167999267578,exit status=0
        SR solver time= 0.0052490234375
        symmetric= False
        niter= 38
        niter= 419
        solver time=0.12794709205627441,exit status=0
        RGN solver time= 0.12797880172729492
        xnorm=5.331705502619817,dnorm=0.03937251047024911
        dense amplitude time= 0.047806501388549805
        total non-zero amplitudes= 4900
        nsamples per process= 159
        sample time= 0.49146032333374023
        self.n= 0.1215381694151914
        RGN updated loss=-9.907172086177331,dloss=-3.342754940405257e-06
step= 90

nparam= 1004
        dense amplitude time= 0.043234825134277344
        total non-zero amplitudes= 4900
        nsamples per process= 159
        sample time= 2.3929848670959473
        self.n= 0.1215381694151913
        collect g,h time= 4.152957439422607
E=-9.907172086177333,dE=-3.342754942181614e-06,std=0
L=-9.907172086177333,dL=-3.342754942181614e-06,std=0
        gnorm= 0.00015861534011165084
        symmetric= True
        solver time=0.004977703094482422,exit status=0
        SR solver time= 0.005012989044189453
        symmetric= False
        niter= 38
        niter= 425
        solver time=0.128983736038208,exit status=0
        RGN solver time= 0.129011869430542
        xnorm=5.336576787185836,dnorm=0.03915336234252522
        dense amplitude time= 0.047930002212524414
        total non-zero amplitudes= 4900
        nsamples per process= 159
        sample time= 0.49346351623535156
        self.n= 0.12024409449154204
        RGN updated loss=-9.907175382800016,dloss=-3.296622683279793e-06
step= 91

nparam= 1004
        dense amplitude time= 0.05483365058898926
        total non-zero amplitudes= 4900
        nsamples per process= 159
        sample time= 2.4006941318511963
        self.n= 0.12024409449154191
        collect g,h time= 4.2157580852508545
E=-9.907175382800018,dE=-3.2966226850561497e-06,std=0
L=-9.907175382800018,dL=-3.2966226850561497e-06,std=0
        gnorm= 0.00015510266197687233
        symmetric= True
        solver time=0.004987239837646484,exit status=0
        SR solver time= 0.005021810531616211
        symmetric= False
        niter= 38
        niter= 430
        solver time=0.12932872772216797,exit status=0
        RGN solver time= 0.12937283515930176
        xnorm=5.341467365673707,dnorm=0.03902623586404829
        dense amplitude time= 0.04795694351196289
        total non-zero amplitudes= 4900
        nsamples per process= 159
        sample time= 0.49220919609069824
        self.n= 0.11897080501136563
        RGN updated loss=-9.9071786640045,dloss=-3.2812044814534147e-06
step= 92

nparam= 1004
        dense amplitude time= 0.04459238052368164
        total non-zero amplitudes= 4900
        nsamples per process= 159
        sample time= 2.381199359893799
        self.n= 0.11897080501136541
        collect g,h time= 4.197995662689209
E=-9.9071786640045,dE=-3.2812044814534147e-06,std=0
L=-9.9071786640045,dL=-3.2812044814534147e-06,std=0
        gnorm= 0.0001488806509394341
        symmetric= True
        solver time=0.0051746368408203125,exit status=0
        SR solver time= 0.005244731903076172
        symmetric= False
        niter= 38
        niter= 434
        solver time=0.13610124588012695,exit status=0
        RGN solver time= 0.13613605499267578
        xnorm=5.346331553370815,dnorm=0.038804843645075165
        dense amplitude time= 0.04796862602233887
        total non-zero amplitudes= 4900
        nsamples per process= 159
        sample time= 0.4935886859893799
        self.n= 0.11773017343971942
        RGN updated loss=-9.907181911768177,dloss=-3.247763677549642e-06
step= 93

nparam= 1004
        dense amplitude time= 0.058003902435302734
        total non-zero amplitudes= 4900
        nsamples per process= 159
        sample time= 2.38334059715271
        self.n= 0.11773017343971928
        collect g,h time= 4.222203969955444
E=-9.907181911768173,dE=-3.2477636739969284e-06,std=0
L=-9.907181911768173,dL=-3.2477636739969284e-06,std=0
        gnorm= 0.00014614311016146976
        symmetric= True
        solver time=0.0051839351654052734,exit status=0
        SR solver time= 0.005219936370849609
        symmetric= False
        niter= 37
        niter= 435
        solver time=0.13257837295532227,exit status=0
        RGN solver time= 0.13260602951049805
        xnorm=5.351226063411541,dnorm=0.03867254545579772
        dense amplitude time= 0.047832489013671875
        total non-zero amplitudes= 4900
        nsamples per process= 159
        sample time= 0.49060702323913574
        self.n= 0.116526740796803
        RGN updated loss=-9.907185137116269,dloss=-3.2253480952704194e-06
step= 94

nparam= 1004
        dense amplitude time= 0.057084083557128906
        total non-zero amplitudes= 4900
        nsamples per process= 159
        sample time= 2.3740954399108887
        self.n= 0.11652674079680286
        collect g,h time= 4.177455186843872
E=-9.907185137116269,dE=-3.2253480952704194e-06,std=0
L=-9.907185137116269,dL=-3.2253480952704194e-06,std=0
        gnorm= 0.00014449643648058104
        symmetric= True
        solver time=0.005045652389526367,exit status=0
        SR solver time= 0.005076885223388672
        symmetric= False
        niter= 37
        niter= 436
        solver time=0.1316678524017334,exit status=0
        RGN solver time= 0.1317000389099121
        xnorm=5.356113472396184,dnorm=0.038502539534675854
        dense amplitude time= 0.04803204536437988
        total non-zero amplitudes= 4900
        nsamples per process= 159
        sample time= 0.4918792247772217
        self.n= 0.1153405694843681
        RGN updated loss=-9.907188332087472,dloss=-3.1949712031575928e-06
step= 95

nparam= 1004
        dense amplitude time= 0.0480039119720459
        total non-zero amplitudes= 4900
        nsamples per process= 159
        sample time= 2.3744056224823
        self.n= 0.11534056948436802
        collect g,h time= 4.219174861907959
E=-9.907188332087472,dE=-3.1949712031575928e-06,std=0
L=-9.907188332087472,dL=-3.1949712031575928e-06,std=0
        gnorm= 0.0001410658796334072
        symmetric= True
        solver time=0.005280256271362305,exit status=0
        SR solver time= 0.005315303802490234
        symmetric= False
        niter= 38
        niter= 436
        solver time=0.13227319717407227,exit status=0
        RGN solver time= 0.13230419158935547
        xnorm=5.36104812804721,dnorm=0.03832014897794422
        dense amplitude time= 0.0480501651763916
        total non-zero amplitudes= 4900
        nsamples per process= 159
        sample time= 0.49223780632019043
        self.n= 0.11417344059527462
        RGN updated loss=-9.907191494034006,dloss=-3.1619465339360886e-06
step= 96

nparam= 1004
        dense amplitude time= 0.04810762405395508
        total non-zero amplitudes= 4900
        nsamples per process= 159
        sample time= 2.399653911590576
        self.n= 0.11417344059527457
        collect g,h time= 4.27055287361145
E=-9.907191494034006,dE=-3.1619465339360886e-06,std=0
L=-9.907191494034006,dL=-3.1619465339360886e-06,std=0
        gnorm= 0.00013883956211485418
        symmetric= True
        solver time=0.00541377067565918,exit status=0
        SR solver time= 0.005449056625366211
        symmetric= False
        niter= 38
        niter= 436
        solver time=0.1314525604248047,exit status=0
        RGN solver time= 0.1314830780029297
        xnorm=5.365999229249321,dnorm=0.03818985700843399
        dense amplitude time= 0.048062801361083984
        total non-zero amplitudes= 4900
        nsamples per process= 159
        sample time= 0.4916045665740967
        self.n= 0.11303238205085983
        RGN updated loss=-9.907194633234983,dloss=-3.1392009773867358e-06
step= 97

nparam= 1004
        dense amplitude time= 0.058432579040527344
        total non-zero amplitudes= 4900
        nsamples per process= 159
        sample time= 2.39346981048584
        self.n= 0.11303238205085965
        collect g,h time= 4.206820726394653
E=-9.907194633234983,dE=-3.1392009773867358e-06,std=0
L=-9.907194633234983,dL=-3.1392009773867358e-06,std=0
        gnorm= 0.0001360448680091125
        symmetric= True
        solver time=0.004938840866088867,exit status=0
        SR solver time= 0.004975318908691406
        symmetric= False
        niter= 37
        niter= 436
        solver time=0.13205432891845703,exit status=0
        RGN solver time= 0.13208627700805664
        xnorm=5.370901582803617,dnorm=0.037961728008075714
        dense amplitude time= 0.04781818389892578
        total non-zero amplitudes= 4900
        nsamples per process= 159
        sample time= 0.49125051498413086
        self.n= 0.11191482831175774
        RGN updated loss=-9.907197743294613,dloss=-3.110059630273554e-06
step= 98

nparam= 1004
        dense amplitude time= 0.059468746185302734
        total non-zero amplitudes= 4900
        nsamples per process= 159
        sample time= 2.3676671981811523
        self.n= 0.11191482831175781
        collect g,h time= 4.2930238246917725
E=-9.907197743294615,dE=-3.1100596320499108e-06,std=0
L=-9.907197743294615,dL=-3.1100596320499108e-06,std=0
        gnorm= 0.00012867581680213762
        symmetric= True
        solver time=0.0050203800201416016,exit status=0
        SR solver time= 0.005054473876953125
        symmetric= False
        niter= 37
        niter= 436
        solver time=0.13249492645263672,exit status=0
        RGN solver time= 0.13252687454223633
        xnorm=5.375821584348339,dnorm=0.0378250182212383
        dense amplitude time= 0.047971248626708984
        total non-zero amplitudes= 4900
        nsamples per process= 159
        sample time= 0.4908735752105713
        self.n= 0.11081345379950543
        RGN updated loss=-9.907200818429228,dloss=-3.0751346127289025e-06
step= 99

nparam= 1004
        dense amplitude time= 0.05887413024902344
        total non-zero amplitudes= 4900
        nsamples per process= 159
        sample time= 2.4167959690093994
        self.n= 0.11081345379950541
        collect g,h time= 4.214753150939941
E=-9.90720081842923,dE=-3.0751346145052594e-06,std=0
L=-9.90720081842923,dL=-3.0751346145052594e-06,std=0
        gnorm= 0.00013143575258630152
        symmetric= True
        solver time=0.005278825759887695,exit status=0
        SR solver time= 0.005312442779541016
        symmetric= False
        niter= 37
        niter= 436
        solver time=0.132094144821167,exit status=0
        RGN solver time= 0.1321277618408203
        xnorm=5.380791640725137,dnorm=0.037619008162470075
        dense amplitude time= 0.04841303825378418
        total non-zero amplitudes= 4900
        nsamples per process= 159
        sample time= 0.49057435989379883
        self.n= 0.10972669100840722
        RGN updated loss=-9.907203866874763,dloss=-3.04844553333794e-06
(mpi4py) [rpeng@holy8a24102 pmg4]$
layer= 0
nparam= 660
hop_ls= [(1, 5), (1, 8), (1, 9), (1, 13), (5, 8), (5, 9), (5, 13), (8, 9), (8, 13), (9, 13)]

layer= 1
nparam= 144
hop_ls= [(9, 14), (1, 6), (2, 5), (2, 8), (2, 14), (13, 14), (6, 8), (6, 14), (5, 6), (8, 14), (1, 2), (1, 14), (2, 13), (6, 13), (5, 14), (2, 9), (2, 6), (6, 9)]

layer= 2
nparam= 152
hop_ls= [(6, 12), (4, 9), (4, 6), (4, 12), (12, 13), (0, 2), (5, 10), (0, 5), (8, 12), (0, 8), (0, 14), (10, 12), (1, 12), (4, 5), (4, 8), (4, 14), (5, 12), (0, 1), (9, 10), (2, 4), (0, 4), (0, 10), (0, 13), (2, 10), (10, 14), (6, 10), (12, 14), (4, 10), (4, 13), (9, 12), (0, 9), (8, 10), (1, 4), (0, 6), (0, 12), (2, 12), (1, 10), (10, 13)]

layer= 3
nparam= 48
hop_ls= [(6, 15), (3, 4), (3, 10), (5, 7), (4, 15), (3, 13), (9, 11), (11, 14), (1, 3), (2, 11), (8, 15), (0, 11), (10, 15), (1, 15), (6, 11), (7, 10), (7, 13), (3, 9), (12, 15), (3, 6), (3, 12), (4, 11), (14, 15), (8, 11), (0, 7), (5, 15), (10, 11), (2, 7), (1, 11), (11, 13), (7, 9), (6, 7), (7, 12), (4, 7), (3, 5), (3, 8), (3, 14), (5, 11), (0, 3), (9, 15), (2, 3), (11, 12), (1, 7), (0, 15), (2, 15), (13, 15), (7, 8), (7, 14)]

step= 100

nparam= 1004
ntotal configs= 4900
        dense amplitude time= 0.045920610427856445
        total non-zero amplitudes= 4900
        nsamples per process= 159
        sample time= 14.254319429397583
        self.n= 0.1097266910084072
        collect g,h time= 16.823939323425293
E=-9.907203866874761,dE=0,std=0
L=-9.907203866874761,dL=0,std=0
        gnorm= 0.00012796279565507329
        symmetric= True
        solver time=0.00730443000793457,exit status=0
        SR solver time= 0.007385969161987305
        symmetric= False
        niter= 38
        niter= 436
        solver time=0.13637542724609375,exit status=0
        RGN solver time= 0.1364145278930664
        xnorm=5.385803613352532,dnorm=0.037499455082924044
        dense amplitude time= 0.04553532600402832
        total non-zero amplitudes= 4900
        nsamples per process= 159
        sample time= 0.49496889114379883
        self.n= 0.10867509258717944
        RGN updated loss=-9.907206889271846,dloss=-3.0223970846066095e-06
step= 101

nparam= 1004
        dense amplitude time= 0.04697132110595703
        total non-zero amplitudes= 4900
        nsamples per process= 159
        sample time= 2.384474992752075
        self.n= 0.1086750925871795
        collect g,h time= 4.2031450271606445
E=-9.907206889271848,dE=-3.0223970863829663e-06,std=0
L=-9.907206889271848,dL=-3.0223970863829663e-06,std=0
        gnorm= 0.00013353769517156515
        symmetric= True
        solver time=0.00603485107421875,exit status=0
        SR solver time= 0.006075620651245117
        symmetric= False
        niter= 40
        niter= 436
        solver time=0.13964152336120605,exit status=0
        RGN solver time= 0.13967275619506836
        xnorm=5.390829181732604,dnorm=0.0372541310834509
        dense amplitude time= 0.047576904296875
        total non-zero amplitudes= 4900
        nsamples per process= 159
        sample time= 0.4970686435699463
        self.n= 0.10763445834137135
        RGN updated loss=-9.907209873810011,dloss=-2.9845381632753742e-06
step= 102

nparam= 1004
        dense amplitude time= 0.044730424880981445
        total non-zero amplitudes= 4900
        nsamples per process= 159
        sample time= 2.4135167598724365
        self.n= 0.10763445834137148
        collect g,h time= 4.208617687225342
E=-9.907209873810011,dE=-2.9845381632753742e-06,std=0
L=-9.907209873810011,dL=-2.9845381632753742e-06,std=0
        gnorm= 0.0001238372289606568
        symmetric= True
        solver time=0.005717754364013672,exit status=0
        SR solver time= 0.005783796310424805
        symmetric= False
        niter= 38
        niter= 442
        solver time=0.13625001907348633,exit status=0
        RGN solver time= 0.13628792762756348
        xnorm=5.395904489522099,dnorm=0.0371152724922697
        dense amplitude time= 0.04571413993835449
        total non-zero amplitudes= 4900
        nsamples per process= 159
        sample time= 0.4942021369934082
        self.n= 0.1066108295279683
        RGN updated loss=-9.907212829961734,dloss=-2.9561517234100165e-06
step= 103

nparam= 1004
        dense amplitude time= 0.044634103775024414
        total non-zero amplitudes= 4900
        nsamples per process= 159
        sample time= 2.378965377807617
        self.n= 0.10661082952796827
        collect g,h time= 4.173124074935913
E=-9.907212829961736,dE=-2.9561517251863734e-06,std=0
L=-9.907212829961736,dL=-2.9561517251863734e-06,std=0
        gnorm= 0.00018606571617752992
        symmetric= True
        solver time=0.006262063980102539,exit status=0
        SR solver time= 0.006295919418334961
        symmetric= False
        niter= 43
        niter= 427
        solver time=0.13025331497192383,exit status=0
        RGN solver time= 0.13029122352600098
        xnorm=5.400998680628057,dnorm=0.03683954021010558
        dense amplitude time= 0.04539918899536133
        total non-zero amplitudes= 4900
        nsamples per process= 159
        sample time= 0.4933640956878662
        self.n= 0.1056370074826219
        RGN updated loss=-9.907215711257459,dloss=-2.881295722900745e-06
step= 104

nparam= 1004
        dense amplitude time= 0.04322528839111328
        total non-zero amplitudes= 4900
        nsamples per process= 159
        sample time= 2.4330081939697266
        self.n= 0.10563700748262184
        collect g,h time= 4.226060628890991
E=-9.907215711257457,dE=-2.8812957211243884e-06,std=0
L=-9.907215711257457,dL=-2.8812957211243884e-06,std=0
        gnorm= 0.00014276791001448656
        symmetric= True
        solver time=0.0055408477783203125,exit status=0
        SR solver time= 0.005576372146606445
        symmetric= False
        niter= 41
        niter= 436
        solver time=0.13265562057495117,exit status=0
        RGN solver time= 0.13268685340881348
        xnorm=5.406185587206222,dnorm=0.036648260122321724
        dense amplitude time= 0.0455937385559082
        total non-zero amplitudes= 4900
        nsamples per process= 159
        sample time= 0.5763046741485596
        self.n= 0.10467158577426569
        RGN updated loss=-9.907218612948293,dloss=-2.9016908360546267e-06
step= 105

nparam= 1004
        dense amplitude time= 0.044628143310546875
        total non-zero amplitudes= 4900
        nsamples per process= 159
        sample time= 2.3957271575927734
        self.n= 0.10467158577426582
        collect g,h time= 4.191388368606567
E=-9.907218612948295,dE=-2.9016908378309836e-06,std=0
L=-9.907218612948295,dL=-2.9016908378309836e-06,std=0
        gnorm= 0.000170552828775217
        symmetric= True
        solver time=0.00637364387512207,exit status=0
        SR solver time= 0.006442070007324219
        symmetric= False
        niter= 41
        niter= 436
        solver time=0.1351313591003418,exit status=0
        RGN solver time= 0.13517260551452637
        xnorm=5.411289203923776,dnorm=0.03641819079177329
        dense amplitude time= 0.04624176025390625
        total non-zero amplitudes= 4900
        nsamples per process= 159
        sample time= 0.5743060111999512
        self.n= 0.1037410642160877
        RGN updated loss=-9.907221435994852,dloss=-2.823046557409725e-06
step= 106

nparam= 1004
        dense amplitude time= 0.044692039489746094
        total non-zero amplitudes= 4900
        nsamples per process= 159
        sample time= 2.4022483825683594
        self.n= 0.10374106421608752
        collect g,h time= 4.149181365966797
E=-9.907221435994852,dE=-2.823046557409725e-06,std=0
L=-9.907221435994852,dL=-2.823046557409725e-06,std=0
        gnorm= 0.00016109054811168182
        symmetric= True
        solver time=0.005532264709472656,exit status=0
        SR solver time= 0.005570173263549805
        symmetric= False
        niter= 42
        niter= 436
        solver time=0.1349952220916748,exit status=0
        RGN solver time= 0.1350231170654297
        xnorm=5.416460794102684,dnorm=0.03617610682311901
        dense amplitude time= 0.04471111297607422
        total non-zero amplitudes= 4900
        nsamples per process= 159
        sample time= 0.4936821460723877
        self.n= 0.10281937806860836
        RGN updated loss=-9.907224246883278,dloss=-2.8108884251309973e-06
step= 107

nparam= 1004
        dense amplitude time= 0.04481172561645508
        total non-zero amplitudes= 4900
        nsamples per process= 159
        sample time= 2.4099864959716797
        self.n= 0.10281937806860836
        collect g,h time= 4.175666809082031
E=-9.907224246883278,dE=-2.8108884251309973e-06,std=0
L=-9.907224246883278,dL=-2.8108884251309973e-06,std=0
        gnorm= 0.00014943128034710062
        symmetric= True
        solver time=0.005613803863525391,exit status=0
        SR solver time= 0.00564885139465332
        symmetric= False
        niter= 41
        niter= 436
        solver time=0.13393163681030273,exit status=0
        RGN solver time= 0.13396143913269043
        xnorm=5.421590196710232,dnorm=0.035931922332489145
        dense amplitude time= 0.04546976089477539
        total non-zero amplitudes= 4900
        nsamples per process= 159
        sample time= 0.4919862747192383
        self.n= 0.10191091299223055
        RGN updated loss=-9.907227011516072,dloss=-2.7646327946939664e-06
step= 108

nparam= 1004
        dense amplitude time= 0.04477429389953613
        total non-zero amplitudes= 4900
        nsamples per process= 159
        sample time= 2.3679680824279785
        self.n= 0.1019109129922304
        collect g,h time= 4.137130975723267
E=-9.907227011516072,dE=-2.7646327946939664e-06,std=0
L=-9.907227011516072,dL=-2.7646327946939664e-06,std=0
        gnorm= 0.00014148325495146272
        symmetric= True
        solver time=0.0060520172119140625,exit status=0
        SR solver time= 0.006118059158325195
        symmetric= False
        niter= 41
        niter= 436
        solver time=0.13535284996032715,exit status=0
        RGN solver time= 0.1353914737701416
        xnorm=5.4267247959490845,dnorm=0.03571135095486561
        dense amplitude time= 0.04608964920043945
        total non-zero amplitudes= 4900
        nsamples per process= 159
        sample time= 0.49421191215515137
        self.n= 0.10103925380819112
        RGN updated loss=-9.907229746550527,dloss=-2.735034454914853e-06
step= 109

nparam= 1004
        dense amplitude time= 0.044866085052490234
        total non-zero amplitudes= 4900
        nsamples per process= 159
        sample time= 2.3772482872009277
        self.n= 0.10103925380819107
        collect g,h time= 4.218357563018799
E=-9.907229746550525,dE=-2.7350344531384962e-06,std=0
L=-9.907229746550525,dL=-2.7350344531384962e-06,std=0
        gnorm= 0.00013238999524567698
        symmetric= True
        solver time=0.005268096923828125,exit status=0
        SR solver time= 0.005307435989379883
        symmetric= False
        niter= 39
        niter= 439
        solver time=0.1322622299194336,exit status=0
        RGN solver time= 0.1322934627532959
        xnorm=5.431924222928901,dnorm=0.03548001832335587
        dense amplitude time= 0.04525947570800781
        total non-zero amplitudes= 4900
        nsamples per process= 159
        sample time= 0.49309635162353516
        self.n= 0.10018481522933942
        RGN updated loss=-9.907232438340698,dloss=-2.6917901720935333e-06
step= 110

nparam= 1004
        dense amplitude time= 0.04488229751586914
        total non-zero amplitudes= 4900
        nsamples per process= 159
        sample time= 2.3965182304382324
        self.n= 0.10018481522933939
        collect g,h time= 4.165207386016846
E=-9.907232438340698,dE=-2.6917901720935333e-06,std=0
L=-9.907232438340698,dL=-2.6917901720935333e-06,std=0
        gnorm= 0.00014312804756467295
        symmetric= True
        solver time=0.005666494369506836,exit status=0
        SR solver time= 0.005699872970581055
        symmetric= False
        niter= 39
        niter= 436
        solver time=0.13299298286437988,exit status=0
        RGN solver time= 0.13302040100097656
        xnorm=5.437152455389505,dnorm=0.035185915389484436
        dense amplitude time= 0.043732404708862305
        total non-zero amplitudes= 4900
        nsamples per process= 159
        sample time= 0.4916214942932129
        self.n= 0.09934903316411878
        RGN updated loss=-9.90723508160973,dloss=-2.64326903298695e-06
step= 111

nparam= 1004
        dense amplitude time= 0.047451019287109375
        total non-zero amplitudes= 4900
        nsamples per process= 159
        sample time= 2.3872439861297607
        self.n= 0.09934903316411872
        collect g,h time= 4.1711485385894775
E=-9.907235081609729,dE=-2.6432690312105933e-06,std=0
L=-9.907235081609729,dL=-2.6432690312105933e-06,std=0
        gnorm= 0.00014703631881626147
        symmetric= True
        solver time=0.005308389663696289,exit status=0
        SR solver time= 0.0053424835205078125
        symmetric= False
        niter= 38
        niter= 436
        solver time=0.1336374282836914,exit status=0
        RGN solver time= 0.1336686611175537
        xnorm=5.442371968448082,dnorm=0.034956555178432276
        dense amplitude time= 0.04542112350463867
        total non-zero amplitudes= 4900
        nsamples per process= 159
        sample time= 0.493072509765625
        self.n= 0.0985253301178596
        RGN updated loss=-9.907237688050124,dloss=-2.6064403950698534e-06
step= 112

nparam= 1004
        dense amplitude time= 0.04463458061218262
        total non-zero amplitudes= 4900
        nsamples per process= 159
        sample time= 2.373749256134033
        self.n= 0.09852533011785955
        collect g,h time= 4.220409393310547
E=-9.907237688050124,dE=-2.6064403950698534e-06,std=0
L=-9.907237688050124,dL=-2.6064403950698534e-06,std=0
        gnorm= 0.00012904381957227874
        symmetric= True
        solver time=0.005175590515136719,exit status=0
        SR solver time= 0.005242347717285156
        symmetric= False
        niter= 37
        niter= 439
        solver time=0.13500285148620605,exit status=0
        RGN solver time= 0.1350393295288086
        xnorm=5.4476169290705405,dnorm=0.03467661969593048
        dense amplitude time= 0.045383453369140625
        total non-zero amplitudes= 4900
        nsamples per process= 159
        sample time= 0.5776302814483643
        self.n= 0.09772669174373036
        RGN updated loss=-9.907240259771621,dloss=-2.571721497091062e-06
step= 113

nparam= 1004
        dense amplitude time= 0.057183265686035156
        total non-zero amplitudes= 4900
        nsamples per process= 159
        sample time= 2.3907148838043213
        self.n= 0.0977266917437304
        collect g,h time= 4.223036527633667
E=-9.907240259771621,dE=-2.571721497091062e-06,std=0
L=-9.907240259771621,dL=-2.571721497091062e-06,std=0
        gnorm= 0.0001356000395637469
        symmetric= True
        solver time=0.005126476287841797,exit status=0
        SR solver time= 0.005162239074707031
        symmetric= False
        niter= 37
        niter= 436
        solver time=0.13333606719970703,exit status=0
        RGN solver time= 0.13336849212646484
        xnorm=5.452851209814938,dnorm=0.034457225066835746
        dense amplitude time= 0.04519009590148926
        total non-zero amplitudes= 4900
        nsamples per process= 159
        sample time= 0.49515724182128906
        self.n= 0.09695409357499268
        RGN updated loss=-9.907242782652427,dloss=-2.5228808055999252e-06
step= 114

nparam= 1004
        dense amplitude time= 0.04467940330505371
        total non-zero amplitudes= 4900
        nsamples per process= 159
        sample time= 2.4371020793914795
        self.n= 0.09695409357499277
        collect g,h time= 4.191957712173462
E=-9.907242782652425,dE=-2.5228808038235684e-06,std=0
L=-9.907242782652425,dL=-2.5228808038235684e-06,std=0
        gnorm= 0.0001292497993657199
        symmetric= True
        solver time=0.004920244216918945,exit status=0
        SR solver time= 0.004956722259521484
        symmetric= False
        niter= 36
        niter= 436
        solver time=0.13223052024841309,exit status=0
        RGN solver time= 0.1322634220123291
        xnorm=5.458044780140197,dnorm=0.03415779756090961
        dense amplitude time= 0.04541730880737305
        total non-zero amplitudes= 4900
        nsamples per process= 159
        sample time= 0.49569177627563477
        self.n= 0.0961936613503219
        RGN updated loss=-9.907245265490937,dloss=-2.4828385125630348e-06
step= 115

nparam= 1004
        dense amplitude time= 0.04494166374206543
        total non-zero amplitudes= 4900
        nsamples per process= 159
        sample time= 2.4072394371032715
        self.n= 0.09619366135032187
        collect g,h time= 4.18664026260376
E=-9.907245265490939,dE=-2.4828385143393916e-06,std=0
L=-9.907245265490939,dL=-2.4828385143393916e-06,std=0
        gnorm= 0.00013190480118975277
        symmetric= True
        solver time=0.005051136016845703,exit status=0
        SR solver time= 0.005085945129394531
        symmetric= False
        niter= 37
        niter= 439
        solver time=0.13373947143554688,exit status=0
        RGN solver time= 0.13376712799072266
        xnorm=5.463243205645261,dnorm=0.03384849735329061
        dense amplitude time= 0.04509615898132324
        total non-zero amplitudes= 4900
        nsamples per process= 159
        sample time= 0.4923567771911621
        self.n= 0.09544321684191162
        RGN updated loss=-9.907247695369444,dloss=-2.429878504628391e-06
step= 116

nparam= 1004
        dense amplitude time= 0.04464530944824219
        total non-zero amplitudes= 4900
        nsamples per process= 159
        sample time= 2.386920928955078
        self.n= 0.09544321684191161
        collect g,h time= 4.213189125061035
E=-9.907247695369442,dE=-2.4298785028520342e-06,std=0
L=-9.907247695369442,dL=-2.4298785028520342e-06,std=0
        gnorm= 0.00013642593957061296
        symmetric= True
        solver time=0.005099773406982422,exit status=0
        SR solver time= 0.0051343441009521484
        symmetric= False
        niter= 38
        niter= 440
        solver time=0.13249969482421875,exit status=0
        RGN solver time= 0.13252711296081543
        xnorm=5.468416490808394,dnorm=0.03359284452772945
        dense amplitude time= 0.04526686668395996
        total non-zero amplitudes= 4900
        nsamples per process= 159
        sample time= 0.4921441078186035
        self.n= 0.09471648752572573
        RGN updated loss=-9.907250076911426,dloss=-2.3815419840644836e-06
step= 117

nparam= 1004
        dense amplitude time= 0.0574040412902832
        total non-zero amplitudes= 4900
        nsamples per process= 159
        sample time= 2.398101806640625
        self.n= 0.09471648752572581
        collect g,h time= 4.170834302902222
E=-9.907250076911428,dE=-2.3815419858408404e-06,std=0
L=-9.907250076911428,dL=-2.3815419858408404e-06,std=0
        gnorm= 0.0001367936635720394
        symmetric= True
        solver time=0.005213737487792969,exit status=0
        SR solver time= 0.0052492618560791016
        symmetric= False
        niter= 38
        niter= 438
        solver time=0.13393163681030273,exit status=0
        RGN solver time= 0.13396358489990234
        xnorm=5.473498295171152,dnorm=0.03329007610524108
        dense amplitude time= 0.04551362991333008
        total non-zero amplitudes= 4900
        nsamples per process= 159
        sample time= 0.49556493759155273
        self.n= 0.09400808687298486
        RGN updated loss=-9.907252432976486,dloss=-2.3560650586063048e-06
step= 118

nparam= 1004
        dense amplitude time= 0.04465222358703613
        total non-zero amplitudes= 4900
        nsamples per process= 159
        sample time= 2.4046318531036377
        self.n= 0.09400808687298498
        collect g,h time= 4.14506721496582
E=-9.907252432976488,dE=-2.3560650603826616e-06,std=0
L=-9.907252432976488,dL=-2.3560650603826616e-06,std=0
        gnorm= 0.00013721426370224172
        symmetric= True
        solver time=0.005948543548583984,exit status=0
        SR solver time= 0.006022214889526367
        symmetric= False
        niter= 40
        niter= 436
        solver time=0.13441920280456543,exit status=0
        RGN solver time= 0.1344590187072754
        xnorm=5.478704556937466,dnorm=0.03297187503429806
        dense amplitude time= 0.04599142074584961
        total non-zero amplitudes= 4900
        nsamples per process= 159
        sample time= 0.49562644958496094
        self.n= 0.0933018521534351
        RGN updated loss=-9.90725472971563,dloss=-2.2967391419825844e-06
step= 119

nparam= 1004
        dense amplitude time= 0.056464433670043945
        total non-zero amplitudes= 4900
        nsamples per process= 159
        sample time= 2.384312391281128
        self.n= 0.09330185215343526
        collect g,h time= 4.1716673374176025
E=-9.90725472971563,dE=-2.2967391419825844e-06,std=0
L=-9.90725472971563,dL=-2.2967391419825844e-06,std=0
        gnorm= 0.00013672912026427931
        symmetric= True
        solver time=0.005179166793823242,exit status=0
        SR solver time= 0.005214214324951172
        symmetric= False
        niter= 39
        niter= 436
        solver time=0.1326296329498291,exit status=0
        RGN solver time= 0.1326587200164795
        xnorm=5.483863131161025,dnorm=0.03266714325511494
        dense amplitude time= 0.04517936706542969
        total non-zero amplitudes= 4900
        nsamples per process= 159
        sample time= 0.4957563877105713
        self.n= 0.09261375083007009
        RGN updated loss=-9.907256991970504,dloss=-2.262254874096925e-06
step= 120

nparam= 1004
        dense amplitude time= 0.044803619384765625
        total non-zero amplitudes= 4900
        nsamples per process= 159
        sample time= 2.428327798843384
        self.n= 0.09261375083007017
        collect g,h time= 4.175634384155273
E=-9.907256991970502,dE=-2.262254872320568e-06,std=0
L=-9.907256991970502,dL=-2.262254872320568e-06,std=0
        gnorm= 0.00014620856483394358
        symmetric= True
        solver time=0.005457878112792969,exit status=0
        SR solver time= 0.005492210388183594
        symmetric= False
        niter= 41
        niter= 436
        solver time=0.1325240135192871,exit status=0
        RGN solver time= 0.13255620002746582
        xnorm=5.489009926395711,dnorm=0.032335541302528255
        dense amplitude time= 0.045383453369140625
        total non-zero amplitudes= 4900
        nsamples per process= 159
        sample time= 0.49547696113586426
        self.n= 0.09193291704532965
        RGN updated loss=-9.907259194892175,dloss=-2.2029216726338063e-06
step= 121

nparam= 1004
        dense amplitude time= 0.046797990798950195
        total non-zero amplitudes= 4900
        nsamples per process= 159
        sample time= 2.4344122409820557
        self.n= 0.09193291704532969
        collect g,h time= 4.130934953689575
E=-9.907259194892175,dE=-2.2029216726338063e-06,std=0
L=-9.907259194892175,dL=-2.2029216726338063e-06,std=0
        gnorm= 0.00014061815503406427
        symmetric= True
        solver time=0.005597591400146484,exit status=0
        SR solver time= 0.0056340694427490234
        symmetric= False
        niter= 40
        niter= 436
        solver time=0.13199853897094727,exit status=0
        RGN solver time= 0.13203692436218262
        xnorm=5.494116170990716,dnorm=0.03208649266755543
        dense amplitude time= 0.04503178596496582
        total non-zero amplitudes= 4900
        nsamples per process= 159
        sample time= 0.4983947277069092
        self.n= 0.09127357360479338
        RGN updated loss=-9.907261363724896,dloss=-2.1688327205282576e-06
step= 122

nparam= 1004
        dense amplitude time= 0.04474496841430664
        total non-zero amplitudes= 4900
        nsamples per process= 159
        sample time= 2.4504129886627197
        self.n= 0.09127357360479352
        collect g,h time= 4.160948991775513
E=-9.907261363724896,dE=-2.1688327205282576e-06,std=0
L=-9.907261363724896,dL=-2.1688327205282576e-06,std=0
        gnorm= 0.00014635969926213215
        symmetric= True
        solver time=0.005472421646118164,exit status=0
        SR solver time= 0.0055081844329833984
        symmetric= False
        niter= 41
        niter= 436
        solver time=0.13420987129211426,exit status=0
        RGN solver time= 0.13423871994018555
        xnorm=5.499240122902091,dnorm=0.03172324289302319
        dense amplitude time= 0.04539132118225098
        total non-zero amplitudes= 4900
        nsamples per process= 159
        sample time= 0.4971458911895752
        self.n= 0.09061991348784754
        RGN updated loss=-9.90726348701325,dloss=-2.1232883540278635e-06
step= 123

nparam= 1004
        dense amplitude time= 0.057546138763427734
        total non-zero amplitudes= 4900
        nsamples per process= 159
        sample time= 2.3992722034454346
        self.n= 0.09061991348784763
        collect g,h time= 4.225247144699097
E=-9.907263487013248,dE=-2.1232883522515067e-06,std=0
L=-9.907263487013248,dL=-2.1232883522515067e-06,std=0
        gnorm= 0.0001394422214741971
        symmetric= True
        solver time=0.0053598880767822266,exit status=0
        SR solver time= 0.00539398193359375
        symmetric= False
        niter= 40
        niter= 436
        solver time=0.13336181640625,exit status=0
        RGN solver time= 0.1333932876586914
        xnorm=5.504313796275314,dnorm=0.03141579385406214
        dense amplitude time= 0.04528236389160156
        total non-zero amplitudes= 4900
        nsamples per process= 159
        sample time= 0.49651670455932617
        self.n= 0.08997800432094614
        RGN updated loss=-9.907265576671852,dloss=-2.0896586043761545e-06
step= 124

nparam= 1004
        dense amplitude time= 0.055252790451049805
        total non-zero amplitudes= 4900
        nsamples per process= 159
        sample time= 2.407489776611328
        self.n= 0.08997800432094608
        collect g,h time= 4.1887359619140625
E=-9.907265576671856,dE=-2.089658607928868e-06,std=0
L=-9.907265576671856,dL=-2.089658607928868e-06,std=0
        gnorm= 0.00022187272735003913
        symmetric= True
        solver time=0.005891084671020508,exit status=0
        SR solver time= 0.005927324295043945
        symmetric= False
        niter= 44
        niter= 424
        solver time=0.12923216819763184,exit status=0
        RGN solver time= 0.12926173210144043
        xnorm=5.509341604768218,dnorm=0.031161638207972443
        dense amplitude time= 0.04528212547302246
        total non-zero amplitudes= 4900
        nsamples per process= 159
        sample time= 0.5762143135070801
        self.n= 0.08931861193200145
        RGN updated loss=-9.907267567390136,dloss=-1.9907182799983048e-06
step= 125

nparam= 1004
        dense amplitude time= 0.0447847843170166
        total non-zero amplitudes= 4900
        nsamples per process= 159
        sample time= 2.3994295597076416
        self.n= 0.08931861193200151
        collect g,h time= 4.155802249908447
E=-9.907267567390136,dE=-1.9907182799983048e-06,std=0
L=-9.907267567390136,dL=-1.9907182799983048e-06,std=0
        gnorm= 0.00019039011675096046
        symmetric= True
        solver time=0.005656242370605469,exit status=0
        SR solver time= 0.005695343017578125
        symmetric= False
        niter= 43
        niter= 433
        solver time=0.13147854804992676,exit status=0
        RGN solver time= 0.13151192665100098
        xnorm=5.514327529910746,dnorm=0.0308079259268303
        dense amplitude time= 0.045358896255493164
        total non-zero amplitudes= 4900
        nsamples per process= 159
        sample time= 0.4944307804107666
        self.n= 0.08873123664107366
        RGN updated loss=-9.907269607498701,dloss=-2.0401085656374107e-06
step= 126

nparam= 1004
        dense amplitude time= 0.04461550712585449
        total non-zero amplitudes= 4900
        nsamples per process= 159
        sample time= 2.411524534225464
        self.n= 0.0887312366410736
        collect g,h time= 4.195303440093994
E=-9.907269607498701,dE=-2.0401085656374107e-06,std=0
L=-9.907269607498701,dL=-2.0401085656374107e-06,std=0
        gnorm= 0.0002267007451521244
        symmetric= True
        solver time=0.005815982818603516,exit status=0
        SR solver time= 0.0058515071868896484
        symmetric= False
        niter= 44
        niter= 422
        solver time=0.12793469429016113,exit status=0
        RGN solver time= 0.12796568870544434
        xnorm=5.519306450248238,dnorm=0.030550621675961034
        dense amplitude time= 0.04525589942932129
        total non-zero amplitudes= 4900
        nsamples per process= 159
        sample time= 0.4954853057861328
        self.n= 0.08807980519175565
        RGN updated loss=-9.90727151705968,dloss=-1.9095609786745626e-06
step= 127

nparam= 1004
        dense amplitude time= 0.056134939193725586
        total non-zero amplitudes= 4900
        nsamples per process= 159
        sample time= 2.397012710571289
        self.n= 0.08807980519175573
        collect g,h time= 4.22663140296936
E=-9.907271517059682,dE=-1.9095609804509195e-06,std=0
L=-9.907271517059682,dL=-1.9095609804509195e-06,std=0
        gnorm= 0.00021505332854921557
        symmetric= True
        solver time=0.005794525146484375,exit status=0
        SR solver time= 0.005827426910400391
        symmetric= False
        niter= 44
        niter= 425
        solver time=0.1281752586364746,exit status=0
        RGN solver time= 0.12820959091186523
        xnorm=5.52436287532122,dnorm=0.030239468367073075
        dense amplitude time= 0.04541492462158203
        total non-zero amplitudes= 4900
        nsamples per process= 159
        sample time= 0.49521803855895996
        self.n= 0.08750051285015174
        RGN updated loss=-9.907273489387803,dloss=-1.972328121269129e-06
step= 128

nparam= 1004
        dense amplitude time= 0.05666065216064453
        total non-zero amplitudes= 4900
        nsamples per process= 159
        sample time= 2.4078257083892822
        self.n= 0.08750051285015173
        collect g,h time= 4.22265362739563
E=-9.907273489387805,dE=-1.972328123045486e-06,std=0
L=-9.907273489387805,dL=-1.972328123045486e-06,std=0
        gnorm= 0.00024593967141566225
        symmetric= True
        solver time=0.005952596664428711,exit status=0
        SR solver time= 0.0059893131256103516
        symmetric= False
        niter= 45
        niter= 414
        solver time=0.12558436393737793,exit status=0
        RGN solver time= 0.12561511993408203
        xnorm=5.5292721641250395,dnorm=0.029969064475883544
        dense amplitude time= 0.045215606689453125
        total non-zero amplitudes= 4900
        nsamples per process= 159
        sample time= 0.4962327480316162
        self.n= 0.08688597403716225
        RGN updated loss=-9.907275317430063,dloss=-1.8280422580119193e-06
step= 129

nparam= 1004
        dense amplitude time= 0.044747352600097656
        total non-zero amplitudes= 4900
        nsamples per process= 159
        sample time= 2.4107682704925537
        self.n= 0.0868859740371623
        collect g,h time= 4.162826776504517
E=-9.907275317430065,dE=-1.8280422597882762e-06,std=0
L=-9.907275317430065,dL=-1.8280422597882762e-06,std=0
        gnorm= 0.00024112785440996387
        symmetric= True
        solver time=0.006131172180175781,exit status=0
        SR solver time= 0.006166219711303711
        symmetric= False
        niter= 44
        niter= 418
        solver time=0.12765765190124512,exit status=0
        RGN solver time= 0.127685546875
        xnorm=5.534108793004374,dnorm=0.029615852192927873
        dense amplitude time= 0.04705810546875
        total non-zero amplitudes= 4900
        nsamples per process= 159
        sample time= 0.4981570243835449
        self.n= 0.08631821977384725
        RGN updated loss=-9.907277215692762,dloss=-1.898262697253017e-06
step= 130

nparam= 1004
        dense amplitude time= 0.04533052444458008
        total non-zero amplitudes= 4900
        nsamples per process= 159
        sample time= 2.404606342315674
        self.n= 0.0863182197738472
        collect g,h time= 4.155896186828613
E=-9.907277215692764,dE=-1.8982626990293738e-06,std=0
L=-9.907277215692764,dL=-1.8982626990293738e-06,std=0
        gnorm= 0.00017621016458922232
        symmetric= True
        solver time=0.0059359073638916016,exit status=0
        SR solver time= 0.005972623825073242
        symmetric= False
        niter= 45
        niter= 432
        solver time=0.13135766983032227,exit status=0
        RGN solver time= 0.13138914108276367
        xnorm=5.538999071266792,dnorm=0.02933029253747682
        dense amplitude time= 0.04532885551452637
        total non-zero amplitudes= 4900
        nsamples per process= 159
        sample time= 0.49399662017822266
        self.n= 0.08572837143763004
        RGN updated loss=-9.907279017180793,dloss=-1.8014880289740631e-06
step= 131

nparam= 1004
        dense amplitude time= 0.0488438606262207
        total non-zero amplitudes= 4900
        nsamples per process= 159
        sample time= 2.3920950889587402
        self.n= 0.08572837143763003
        collect g,h time= 4.183743953704834
E=-9.907279017180791,dE=-1.8014880271977063e-06,std=0
L=-9.907279017180791,dL=-1.8014880271977063e-06,std=0
        gnorm= 0.00018852437827005723
        symmetric= True
        solver time=0.005767345428466797,exit status=0
        SR solver time= 0.005802631378173828
        symmetric= False
        niter= 43
        niter= 433
        solver time=0.13169407844543457,exit status=0
        RGN solver time= 0.13173151016235352
        xnorm=5.543842244382336,dnorm=0.029069095315521067
        dense amplitude time= 0.04556846618652344
        total non-zero amplitudes= 4900
        nsamples per process= 159
        sample time= 0.4948103427886963
        self.n= 0.08515059092035814
        RGN updated loss=-9.907280792649521,dloss=-1.775468730258467e-06
step= 132

nparam= 1004
        dense amplitude time= 0.058553457260131836
        total non-zero amplitudes= 4900
        nsamples per process= 159
        sample time= 2.427532434463501
        self.n= 0.08515059092035818
        collect g,h time= 4.203262567520142
E=-9.907280792649521,dE=-1.775468730258467e-06,std=0
L=-9.907280792649521,dL=-1.775468730258467e-06,std=0
        gnorm= 0.00014429258137705074
        symmetric= True
        solver time=0.005732297897338867,exit status=0
        SR solver time= 0.005765676498413086
        symmetric= False
        niter= 42
        niter= 436
        solver time=0.13416481018066406,exit status=0
        RGN solver time= 0.1341996192932129
        xnorm=5.548578433259045,dnorm=0.028753617626577892
        dense amplitude time= 0.04549551010131836
        total non-zero amplitudes= 4900
        nsamples per process= 159
        sample time= 0.4956483840942383
        self.n= 0.08457025432772373
        RGN updated loss=-9.90728254753547,dloss=-1.7548859485572166e-06
step= 133

nparam= 1004
        dense amplitude time= 0.04463362693786621
        total non-zero amplitudes= 4900
        nsamples per process= 159
        sample time= 2.4152448177337646
        self.n= 0.0845702543277238
        collect g,h time= 4.218598127365112
E=-9.90728254753547,dE=-1.7548859485572166e-06,std=0
L=-9.90728254753547,dL=-1.7548859485572166e-06,std=0
        gnorm= 0.00017514671161188906
        symmetric= True
        solver time=0.006015300750732422,exit status=0
        SR solver time= 0.006051301956176758
        symmetric= False
        niter= 44
        niter= 436
        solver time=0.13202595710754395,exit status=0
        RGN solver time= 0.13205862045288086
        xnorm=5.553388884342022,dnorm=0.02864818485757037
        dense amplitude time= 0.045386314392089844
        total non-zero amplitudes= 4900
        nsamples per process= 159
        sample time= 0.49599123001098633
        self.n= 0.08399294054006928
        RGN updated loss=-9.907284274749566,dloss=-1.7272140961921423e-06
step= 134

nparam= 1004
        dense amplitude time= 0.04470014572143555
        total non-zero amplitudes= 4900
        nsamples per process= 159
        sample time= 2.4241726398468018
        self.n= 0.08399294054006923
        collect g,h time= 4.245904207229614
E=-9.907284274749568,dE=-1.7272140979684991e-06,std=0
L=-9.907284274749568,dL=-1.7272140979684991e-06,std=0
        gnorm= 0.00015215252328141293
        symmetric= True
        solver time=0.005917072296142578,exit status=0
        SR solver time= 0.005950212478637695
        symmetric= False
        niter= 43
        niter= 436
        solver time=0.13312387466430664,exit status=0
        RGN solver time= 0.13315653800964355
        xnorm=5.558235863823034,dnorm=0.028473571294868428
        dense amplitude time= 0.04789996147155762
        total non-zero amplitudes= 4900
        nsamples per process= 159
        sample time= 0.4956932067871094
        self.n= 0.08341855422962485
        RGN updated loss=-9.907285984963224,dloss=-1.7102136560254166e-06
step= 135

nparam= 1004
        dense amplitude time= 0.04462313652038574
        total non-zero amplitudes= 4900
        nsamples per process= 159
        sample time= 2.391831636428833
        self.n= 0.08341855422962494
        collect g,h time= 4.204128742218018
E=-9.907285984963222,dE=-1.7102136542490598e-06,std=0
L=-9.907285984963222,dL=-1.7102136542490598e-06,std=0
        gnorm= 0.00016175111031663882
        symmetric= True
        solver time=0.005613565444946289,exit status=0
        SR solver time= 0.005649566650390625
        symmetric= False
        niter= 41
        niter= 436
        solver time=0.13335776329040527,exit status=0
        RGN solver time= 0.13338971138000488
        xnorm=5.562956621440197,dnorm=0.02824403513350679
        dense amplitude time= 0.04527401924133301
        total non-zero amplitudes= 4900
        nsamples per process= 159
        sample time= 0.4944121837615967
        self.n= 0.08286654266984718
        RGN updated loss=-9.907287651434084,dloss=-1.6664708617497581e-06
step= 136

nparam= 1004
        dense amplitude time= 0.04464554786682129
        total non-zero amplitudes= 4900
        nsamples per process= 159
        sample time= 2.385617971420288
        self.n= 0.08286654266984717
        collect g,h time= 4.229986906051636
E=-9.907287651434084,dE=-1.6664708617497581e-06,std=0
L=-9.907287651434084,dL=-1.6664708617497581e-06,std=0
        gnorm= 0.00016072695269795037
        symmetric= True
        solver time=0.0063440799713134766,exit status=0
        SR solver time= 0.006411314010620117
        symmetric= False
        niter= 44
        niter= 436
        solver time=0.13561749458312988,exit status=0
        RGN solver time= 0.13565278053283691
        xnorm=5.56762547423504,dnorm=0.028028657208096993
        dense amplitude time= 0.04600858688354492
        total non-zero amplitudes= 4900
        nsamples per process= 159
        sample time= 0.4956045150756836
        self.n= 0.0823030817102692
        RGN updated loss=-9.907289308659022,dloss=-1.6572249386115345e-06
step= 137

nparam= 1004
        dense amplitude time= 0.05638933181762695
        total non-zero amplitudes= 4900
        nsamples per process= 159
        sample time= 2.3991785049438477
        self.n= 0.08230308171026923
        collect g,h time= 4.259428977966309
E=-9.907289308659022,dE=-1.6572249386115345e-06,std=0
L=-9.907289308659022,dL=-1.6572249386115345e-06,std=0
        gnorm= 0.00014786600753284075
        symmetric= True
        solver time=0.0057222843170166016,exit status=0
        SR solver time= 0.005757331848144531
        symmetric= False
        niter= 42
        niter= 436
        solver time=0.13323354721069336,exit status=0
        RGN solver time= 0.13326644897460938
        xnorm=5.572361728891533,dnorm=0.02775761592872107
        dense amplitude time= 0.04557490348815918
        total non-zero amplitudes= 4900
        nsamples per process= 159
        sample time= 0.4937150478363037
        self.n= 0.08174336140851124
        RGN updated loss=-9.907290934494547,dloss=-1.6258355248766065e-06
step= 138

nparam= 1004
        dense amplitude time= 0.04500746726989746
        total non-zero amplitudes= 4900
        nsamples per process= 159
        sample time= 2.388354778289795
        self.n= 0.08174336140851116
        collect g,h time= 4.211899995803833
E=-9.907290934494547,dE=-1.6258355248766065e-06,std=0
L=-9.907290934494547,dL=-1.6258355248766065e-06,std=0
        gnorm= 0.0001436689928280385
        symmetric= True
        solver time=0.005597114562988281,exit status=0
        SR solver time= 0.005640506744384766
        symmetric= False
        niter= 41
        niter= 438
        solver time=0.13517332077026367,exit status=0
        RGN solver time= 0.13520407676696777
        xnorm=5.577066440817253,dnorm=0.027611163020439464
        dense amplitude time= 0.04537653923034668
        total non-zero amplitudes= 4900
        nsamples per process= 159
        sample time= 0.4952988624572754
        self.n= 0.08118394022503934
        RGN updated loss=-9.907292551608917,dloss=-1.617114369523165e-06
step= 139

nparam= 1004
        dense amplitude time= 0.04455447196960449
        total non-zero amplitudes= 4900
        nsamples per process= 159
        sample time= 2.39548659324646
        self.n= 0.08118394022503944
        collect g,h time= 4.19445276260376
E=-9.907292551608915,dE=-1.617114367746808e-06,std=0
L=-9.907292551608915,dL=-1.617114367746808e-06,std=0
        gnorm= 0.00015049081850935657
        symmetric= True
        solver time=0.006125211715698242,exit status=0
        SR solver time= 0.006159305572509766
        symmetric= False
        niter= 45
        niter= 436
        solver time=0.1326298713684082,exit status=0
        RGN solver time= 0.13266277313232422
        xnorm=5.581652689971131,dnorm=0.02739675967051938
        dense amplitude time= 0.0451359748840332
        total non-zero amplitudes= 4900
        nsamples per process= 159
        sample time= 0.5022439956665039
        self.n= 0.0806171165047224
        RGN updated loss=-9.907294125880723,dloss=-1.5742718080247187e-06
step= 140

nparam= 1004
        dense amplitude time= 0.04511380195617676
        total non-zero amplitudes= 4900
        nsamples per process= 159
        sample time= 2.4235267639160156
        self.n= 0.08061711650472246
        collect g,h time= 4.219299554824829
E=-9.907294125880725,dE=-1.5742718098010755e-06,std=0
L=-9.907294125880725,dL=-1.5742718098010755e-06,std=0
        gnorm= 0.0001406054718718382
        symmetric= True
        solver time=0.005529642105102539,exit status=0
        SR solver time= 0.005563259124755859
        symmetric= False
        niter= 41
        niter= 440
        solver time=0.13390827178955078,exit status=0
        RGN solver time= 0.13393664360046387
        xnorm=5.586259185886142,dnorm=0.02729042019375708
        dense amplitude time= 0.045331478118896484
        total non-zero amplitudes= 4900
        nsamples per process= 159
        sample time= 0.495042085647583
        self.n= 0.08005137169815757
        RGN updated loss=-9.9072957049308,dloss=-1.5790500746959424e-06
step= 141

nparam= 1004
        dense amplitude time= 0.04710125923156738
        total non-zero amplitudes= 4900
        nsamples per process= 159
        sample time= 2.3977530002593994
        self.n= 0.0800513716981576
        collect g,h time= 4.192629337310791
E=-9.9072957049308,dE=-1.5790500746959424e-06,std=0
L=-9.9072957049308,dL=-1.5790500746959424e-06,std=0
        gnorm= 0.00012114229262835724
        symmetric= True
        solver time=0.004954099655151367,exit status=0
        SR solver time= 0.004988431930541992
        symmetric= False
        niter= 36
        niter= 445
        solver time=0.13525056838989258,exit status=0
        RGN solver time= 0.13527989387512207
        xnorm=5.590898100084048,dnorm=0.026968289483398616
        dense amplitude time= 0.04533791542053223
        total non-zero amplitudes= 4900
        nsamples per process= 159
        sample time= 0.4951319694519043
        self.n= 0.07949941363398919
        RGN updated loss=-9.907297241492003,dloss=-1.5365612036077891e-06
step= 142

nparam= 1004
        dense amplitude time= 0.04482579231262207
        total non-zero amplitudes= 4900
        nsamples per process= 159
        sample time= 2.3964829444885254
        self.n= 0.07949941363398927
        collect g,h time= 4.217244386672974
E=-9.907297241492005,dE=-1.536561205384146e-06,std=0
L=-9.907297241492005,dL=-1.536561205384146e-06,std=0
        gnorm= 0.00014564336804125498
        symmetric= True
        solver time=0.005636930465698242,exit status=0
        SR solver time= 0.0056760311126708984
        symmetric= False
        niter= 44
        niter= 436
        solver time=0.13284063339233398,exit status=0
        RGN solver time= 0.13288283348083496
        xnorm=5.595493640321467,dnorm=0.026701947440904632
        dense amplitude time= 0.04538750648498535
        total non-zero amplitudes= 4900
        nsamples per process= 159
        sample time= 0.4938936233520508
        self.n= 0.07894899464854932
        RGN updated loss=-9.907298740042721,dloss=-1.498550716405589e-06
step= 143

nparam= 1004
        dense amplitude time= 0.05608844757080078
        total non-zero amplitudes= 4900
        nsamples per process= 159
        sample time= 2.415351629257202
        self.n= 0.07894899464854926
        collect g,h time= 4.167313575744629
E=-9.90729874004272,dE=-1.498550714629232e-06,std=0
L=-9.90729874004272,dL=-1.498550714629232e-06,std=0
        gnorm= 0.00013384814403725562
        symmetric= True
        solver time=0.0057489871978759766,exit status=0
        SR solver time= 0.0057849884033203125
        symmetric= False
        niter= 41
        niter= 442
        solver time=0.13532328605651855,exit status=0
        RGN solver time= 0.13535499572753906
        xnorm=5.600080927858617,dnorm=0.02647938667668981
        dense amplitude time= 0.04525279998779297
        total non-zero amplitudes= 4900
        nsamples per process= 159
        sample time= 0.4944326877593994
        self.n= 0.07842061601297165
        RGN updated loss=-9.907300231627264,dloss=-1.4915845447660558e-06
step= 144

nparam= 1004
        dense amplitude time= 0.04458451271057129
        total non-zero amplitudes= 4900
        nsamples per process= 159
        sample time= 2.41314435005188
        self.n= 0.07842061601297165
        collect g,h time= 4.200881242752075
E=-9.90730023162726,dE=-1.4915845412133422e-06,std=0
L=-9.90730023162726,dL=-1.4915845412133422e-06,std=0
        gnorm= 0.00013896856765748574
        symmetric= True
        solver time=0.006203413009643555,exit status=0
        SR solver time= 0.006242275238037109
        symmetric= False
        niter= 45
        niter= 441
        solver time=0.13342928886413574,exit status=0
        RGN solver time= 0.13346195220947266
        xnorm=5.604634946018681,dnorm=0.026184467328459273
        dense amplitude time= 0.04527544975280762
        total non-zero amplitudes= 4900
        nsamples per process= 159
        sample time= 0.49022436141967773
        self.n= 0.07789126970470145
        RGN updated loss=-9.907301667727316,dloss=-1.4361000548746006e-06
step= 145

nparam= 1004
        dense amplitude time= 0.04477405548095703
        total non-zero amplitudes= 4900
        nsamples per process= 159
        sample time= 2.393488645553589
        self.n= 0.07789126970470157
        collect g,h time= 4.151002407073975
E=-9.907301667727316,dE=-1.4361000548746006e-06,std=0
L=-9.907301667727316,dL=-1.4361000548746006e-06,std=0
        gnorm= 0.0001382227738730794
        symmetric= True
        solver time=0.005521297454833984,exit status=0
        SR solver time= 0.005556344985961914
        symmetric= False
        niter= 42
        niter= 442
        solver time=0.13383197784423828,exit status=0
        RGN solver time= 0.1338636875152588
        xnorm=5.609193121493247,dnorm=0.02588667296886447
        dense amplitude time= 0.04566788673400879
        total non-zero amplitudes= 4900
        nsamples per process= 159
        sample time= 0.5750887393951416
        self.n= 0.07738103498318427
        RGN updated loss=-9.907303092488748,dloss=-1.4247614323892321e-06
step= 146

nparam= 1004
        dense amplitude time= 0.05628204345703125
        total non-zero amplitudes= 4900
        nsamples per process= 159
        sample time= 2.4529597759246826
        self.n= 0.07738103498318433
        collect g,h time= 4.170290946960449
E=-9.90730309248875,dE=-1.424761434165589e-06,std=0
L=-9.90730309248875,dL=-1.424761434165589e-06,std=0
        gnorm= 0.00014143033043914258
        symmetric= True
        solver time=0.0059833526611328125,exit status=0
        SR solver time= 0.006018161773681641
        symmetric= False
        niter= 44
        niter= 440
        solver time=0.1343984603881836,exit status=0
        RGN solver time= 0.134429931640625
        xnorm=5.613744514727172,dnorm=0.025555409729944308
        dense amplitude time= 0.04533720016479492
        total non-zero amplitudes= 4900
        nsamples per process= 159
        sample time= 0.4941225051879883
        self.n= 0.07687816142474196
        RGN updated loss=-9.90730445621521,dloss=-1.363726459757686e-06
step= 147

nparam= 1004
        dense amplitude time= 0.0448002815246582
        total non-zero amplitudes= 4900
        nsamples per process= 159
        sample time= 2.383451461791992
        self.n= 0.076878161424742
        collect g,h time= 4.15059494972229
E=-9.907304456215211,dE=-1.3637264615340428e-06,std=0
L=-9.907304456215211,dL=-1.3637264615340428e-06,std=0
        gnorm= 0.0001308677317162629
        symmetric= True
        solver time=0.005598783493041992,exit status=0
        SR solver time= 0.00563359260559082
        symmetric= False
        niter= 42
        niter= 453
        solver time=0.13758635520935059,exit status=0
        RGN solver time= 0.13761663436889648
        xnorm=5.618244846666394,dnorm=0.0253127039738916
        dense amplitude time= 0.04548001289367676
        total non-zero amplitudes= 4900
        nsamples per process= 159
        sample time= 0.4966003894805908
        self.n= 0.07638363251896578
        RGN updated loss=-9.907305820626599,dloss=-1.3644113874278219e-06
step= 148

nparam= 1004
        dense amplitude time= 0.04457235336303711
        total non-zero amplitudes= 4900
        nsamples per process= 159
        sample time= 2.3879432678222656
        self.n= 0.07638363251896566
        collect g,h time= 4.221631288528442
E=-9.907305820626599,dE=-1.3644113874278219e-06,std=0
L=-9.907305820626599,dL=-1.3644113874278219e-06,std=0
        gnorm= 0.00012341914978622524
        symmetric= True
        solver time=0.00606226921081543,exit status=0
        SR solver time= 0.006128072738647461
        symmetric= False
        niter= 44
        niter= 448
        solver time=0.13628196716308594,exit status=0
        RGN solver time= 0.13631963729858398
        xnorm=5.622757265448001,dnorm=0.024959768000628508
        dense amplitude time= 0.045256614685058594
        total non-zero amplitudes= 4900
        nsamples per process= 159
        sample time= 0.49498987197875977
        self.n= 0.07590786335277752
        RGN updated loss=-9.907307131664417,dloss=-1.31103781875197e-06
step= 149

nparam= 1004
        dense amplitude time= 0.056936025619506836
        total non-zero amplitudes= 4900
        nsamples per process= 159
        sample time= 2.4055135250091553
        self.n= 0.07590786335277755
        collect g,h time= 4.246791839599609
E=-9.907307131664416,dE=-1.3110378169756132e-06,std=0
L=-9.907307131664416,dL=-1.3110378169756132e-06,std=0
        gnorm= 0.00010843781445383949
        symmetric= True
        solver time=0.005663871765136719,exit status=0
        SR solver time= 0.0056993961334228516
        symmetric= False
        niter= 42
        niter= 462
        solver time=0.14017558097839355,exit status=0
        RGN solver time= 0.14020943641662598
        xnorm=5.62722916353825,dnorm=0.024664138909474404
        dense amplitude time= 0.04555034637451172
        total non-zero amplitudes= 4900
        nsamples per process= 159
        sample time= 0.4933152198791504
        self.n= 0.07543437690144886
        RGN updated loss=-9.907308413226628,dloss=-1.2815622127959614e-06
(mpi4py) [rpeng@holy8a24102 pmg4]$
layer= 0
nparam= 660
hop_ls= [(1, 5), (1, 8), (1, 9), (1, 13), (5, 8), (5, 9), (5, 13), (8, 9), (8, 13), (9, 13)]

layer= 1
nparam= 144
hop_ls= [(9, 14), (1, 6), (2, 5), (2, 8), (2, 14), (13, 14), (6, 8), (6, 14), (5, 6), (8, 14), (1, 2), (1, 14), (2, 13), (6, 13), (5, 14), (2, 9), (2, 6), (6, 9)]

layer= 2
nparam= 152
hop_ls= [(6, 12), (4, 9), (4, 6), (4, 12), (12, 13), (0, 2), (5, 10), (0, 5), (8, 12), (0, 8), (0, 14), (10, 12), (1, 12), (4, 5), (4, 8), (4, 14), (5, 12), (0, 1), (9, 10), (2, 4), (0, 4), (0, 10), (0, 13), (2, 10), (10, 14), (6, 10), (12, 14), (4, 10), (4, 13), (9, 12), (0, 9), (8, 10), (1, 4), (0, 6), (0, 12), (2, 12), (1, 10), (10, 13)]

layer= 3
nparam= 48
hop_ls= [(6, 15), (3, 4), (3, 10), (5, 7), (4, 15), (3, 13), (9, 11), (11, 14), (1, 3), (2, 11), (8, 15), (0, 11), (10, 15), (1, 15), (6, 11), (7, 10), (7, 13), (3, 9), (12, 15), (3, 6), (3, 12), (4, 11), (14, 15), (8, 11), (0, 7), (5, 15), (10, 11), (2, 7), (1, 11), (11, 13), (7, 9), (6, 7), (7, 12), (4, 7), (3, 5), (3, 8), (3, 14), (5, 11), (0, 3), (9, 15), (2, 3), (11, 12), (1, 7), (0, 15), (2, 15), (13, 15), (7, 8), (7, 14)]

step= 150

nparam= 1004
ntotal configs= 4900
        dense amplitude time= 0.04505801200866699
        total non-zero amplitudes= 4900
        nsamples per process= 159
        sample time= 13.75990343093872
        self.n= 0.07543437690144891
        collect g,h time= 17.1729576587677
E=-9.907308413226632,dE=0,std=0
L=-9.907308413226632,dL=0,std=0
        gnorm= 0.00015894360654505695
        symmetric= True
        solver time=0.009958982467651367,exit status=0
        SR solver time= 0.010055780410766602
        symmetric= False
        niter= 45
        niter= 436
        solver time=0.14901161193847656,exit status=0
        RGN solver time= 0.1490480899810791
        xnorm=5.63171910581546,dnorm=0.024313667161271774
        dense amplitude time= 0.043221235275268555
        total non-zero amplitudes= 4900
        nsamples per process= 159
        sample time= 0.4908757209777832
        self.n= 0.07497466601186638
        RGN updated loss=-9.90730963959606,dloss=-1.2263694273428882e-06
step= 151

nparam= 1004
        dense amplitude time= 0.04881715774536133
        total non-zero amplitudes= 4900
        nsamples per process= 159
        sample time= 2.386216878890991
        self.n= 0.07497466601186625
        collect g,h time= 4.228681564331055
E=-9.907309639596061,dE=-1.226369429119245e-06,std=0
L=-9.907309639596061,dL=-1.226369429119245e-06,std=0
        gnorm= 0.00013299518531107696
        symmetric= True
        solver time=0.006681203842163086,exit status=0
        SR solver time= 0.006743669509887695
        symmetric= False
        niter= 43
        niter= 454
        solver time=0.13881158828735352,exit status=0
        RGN solver time= 0.13884305953979492
        xnorm=5.63616095215294,dnorm=0.024013693554108005
        dense amplitude time= 0.04560208320617676
        total non-zero amplitudes= 4900
        nsamples per process= 159
        sample time= 0.5712292194366455
        self.n= 0.07452796175638213
        RGN updated loss=-9.907310870711344,dloss=-1.2311152826072203e-06
step= 152

nparam= 1004
        dense amplitude time= 0.057860612869262695
        total non-zero amplitudes= 4900
        nsamples per process= 159
        sample time= 2.383589506149292
        self.n= 0.07452796175638202
        collect g,h time= 4.260484218597412
E=-9.907310870711346,dE=-1.231115284383577e-06,std=0
L=-9.907310870711346,dL=-1.231115284383577e-06,std=0
        gnorm= 0.00011120533415341963
        symmetric= True
        solver time=0.0063517093658447266,exit status=0
        SR solver time= 0.00638890266418457
        symmetric= False
        niter= 43
        niter= 458
        solver time=0.14163422584533691,exit status=0
        RGN solver time= 0.1416771411895752
        xnorm=5.640603340410565,dnorm=0.02363279389704039
        dense amplitude time= 0.04465937614440918
        total non-zero amplitudes= 4900
        nsamples per process= 159
        sample time= 0.49175596237182617
        self.n= 0.07409487502756582
        RGN updated loss=-9.90731203545004,dloss=-1.1647386948254734e-06
step= 153

nparam= 1004
        dense amplitude time= 0.04489779472351074
        total non-zero amplitudes= 4900
        nsamples per process= 159
        sample time= 2.3768036365509033
        self.n= 0.07409487502756586
        collect g,h time= 4.198192834854126
E=-9.907312035450042,dE=-1.1647386966018303e-06,std=0
L=-9.907312035450042,dL=-1.1647386966018303e-06,std=0
        gnorm= 0.00010559389295339625
        symmetric= True
        solver time=0.00561976432800293,exit status=0
        SR solver time= 0.005684614181518555
        symmetric= False
        niter= 40
        niter= 465
        solver time=0.1466352939605713,exit status=0
        RGN solver time= 0.1466665267944336
        xnorm=5.6450094791925975,dnorm=0.02328702863758255
        dense amplitude time= 0.045778512954711914
        total non-zero amplitudes= 4900
        nsamples per process= 159
        sample time= 0.4886915683746338
        self.n= 0.07366964146571012
        RGN updated loss=-9.907313182382191,dloss=-1.1469321492540985e-06
step= 154

nparam= 1004
        dense amplitude time= 0.04467010498046875
        total non-zero amplitudes= 4900
        nsamples per process= 159
        sample time= 2.3796775341033936
        self.n= 0.07366964146571015
        collect g,h time= 4.204413414001465
E=-9.90731318238219,dE=-1.1469321474777416e-06,std=0
L=-9.90731318238219,dL=-1.1469321474777416e-06,std=0
        gnorm= 0.00010576383425782306
        symmetric= True
        solver time=0.005880594253540039,exit status=0
        SR solver time= 0.005918264389038086
        symmetric= False
        niter= 43
        niter= 458
        solver time=0.1371603012084961,exit status=0
        RGN solver time= 0.1371920108795166
        xnorm=5.649401516486881,dnorm=0.02292014030873175
        dense amplitude time= 0.04427051544189453
        total non-zero amplitudes= 4900
        nsamples per process= 159
        sample time= 0.5729594230651855
        self.n= 0.07325590052516368
        RGN updated loss=-9.907314277889887,dloss=-1.0955076970020627e-06
step= 155

nparam= 1004
        dense amplitude time= 0.057448387145996094
        total non-zero amplitudes= 4900
        nsamples per process= 159
        sample time= 2.3995110988616943
        self.n= 0.07325590052516366
        collect g,h time= 4.208454608917236
E=-9.907314277889887,dE=-1.0955076970020627e-06,std=0
L=-9.907314277889887,dL=-1.0955076970020627e-06,std=0
        gnorm= 9.865218930392901e-05
        symmetric= True
        solver time=0.005686759948730469,exit status=0
        SR solver time= 0.0057506561279296875
        symmetric= False
        niter= 40
        niter= 462
        solver time=0.14237546920776367,exit status=0
        RGN solver time= 0.1424093246459961
        xnorm=5.653803586323448,dnorm=0.02261034463535942
        dense amplitude time= 0.0460507869720459
        total non-zero amplitudes= 4900
        nsamples per process= 159
        sample time= 0.5708367824554443
        self.n= 0.07285549747793199
        RGN updated loss=-9.907315356118819,dloss=-1.0782289319166694e-06
step= 156

nparam= 1004
        dense amplitude time= 0.04407191276550293
        total non-zero amplitudes= 4900
        nsamples per process= 159
        sample time= 2.3916568756103516
        self.n= 0.07285549747793202
        collect g,h time= 4.328831195831299
E=-9.907315356118817,dE=-1.0782289301403125e-06,std=0
L=-9.907315356118817,dL=-1.0782289301403125e-06,std=0
        gnorm= 0.00010374378909783799
        symmetric= True
        solver time=0.0062618255615234375,exit status=0
        SR solver time= 0.006299257278442383
        symmetric= False
        niter= 43
        niter= 460
        solver time=0.13857746124267578,exit status=0
        RGN solver time= 0.13860845565795898
        xnorm=5.658146028878282,dnorm=0.022259430235165956
        dense amplitude time= 0.04590654373168945
        total non-zero amplitudes= 4900
        nsamples per process= 159
        sample time= 0.49114489555358887
        self.n= 0.07246664324537191
        RGN updated loss=-9.907316391059936,dloss=-1.034941119471e-06
step= 157

nparam= 1004
        dense amplitude time= 0.04442191123962402
        total non-zero amplitudes= 4900
        nsamples per process= 159
        sample time= 2.3770179748535156
        self.n= 0.07246664324537194
        collect g,h time= 4.171669006347656
E=-9.907316391059934,dE=-1.0349411176946433e-06,std=0
L=-9.907316391059934,dL=-1.0349411176946433e-06,std=0
        gnorm= 9.462644058694068e-05
        symmetric= True
        solver time=0.005677700042724609,exit status=0
        SR solver time= 0.005715370178222656
        symmetric= False
        niter= 41
        niter= 467
        solver time=0.13948464393615723,exit status=0
        RGN solver time= 0.13952040672302246
        xnorm=5.662513144485373,dnorm=0.022027374724796024
        dense amplitude time= 0.04419708251953125
        total non-zero amplitudes= 4900
        nsamples per process= 159
        sample time= 0.49078941345214844
        self.n= 0.0720908060504383
        RGN updated loss=-9.90731741440103,dloss=-1.0233410954185729e-06
step= 158

nparam= 1004
        dense amplitude time= 0.05671811103820801
        total non-zero amplitudes= 4900
        nsamples per process= 159
        sample time= 2.3996927738189697
        self.n= 0.07209080605043836
        collect g,h time= 4.2157065868377686
E=-9.907317414401026,dE=-1.0233410918658592e-06,std=0
L=-9.907317414401026,dL=-1.0233410918658592e-06,std=0
        gnorm= 0.00010240520170737166
        symmetric= True
        solver time=0.005858182907104492,exit status=0
        SR solver time= 0.005895137786865234
        symmetric= False
        niter= 44
        niter= 461
        solver time=0.13761186599731445,exit status=0
        RGN solver time= 0.13764142990112305
        xnorm=5.666852293365059,dnorm=0.021668671375367994
        dense amplitude time= 0.044098615646362305
        total non-zero amplitudes= 4900
        nsamples per process= 159
        sample time= 0.49059033393859863
        self.n= 0.07172549805171206
        RGN updated loss=-9.907318392168513,dloss=-9.777674865318886e-07
step= 159

nparam= 1004
        dense amplitude time= 0.044188499450683594
        total non-zero amplitudes= 4900
        nsamples per process= 159
        sample time= 2.4439311027526855
        self.n= 0.07172549805171219
        collect g,h time= 4.195741415023804
E=-9.907318392168513,dE=-9.777674865318886e-07,std=0
L=-9.907318392168513,dL=-9.777674865318886e-07,std=0
        gnorm= 9.139257857244203e-05
        symmetric= True
        solver time=0.005554676055908203,exit status=0
        SR solver time= 0.005589723587036133
        symmetric= False
        niter= 41
        niter= 466
        solver time=0.13991641998291016,exit status=0
        RGN solver time= 0.13994765281677246
        xnorm=5.67122425680728,dnorm=0.021391879488460937
        dense amplitude time= 0.04418659210205078
        total non-zero amplitudes= 4900
        nsamples per process= 159
        sample time= 0.49054813385009766
        self.n= 0.07136836808088884
        RGN updated loss=-9.907319356230447,dloss=-9.640619342832224e-07
step= 160

nparam= 1004
        dense amplitude time= 0.046356201171875
        total non-zero amplitudes= 4900
        nsamples per process= 159
        sample time= 2.3934898376464844
        self.n= 0.07136836808088884
        collect g,h time= 4.297338962554932
E=-9.90731935623045,dE=-9.64061937835936e-07,std=0
L=-9.90731935623045,dL=-9.64061937835936e-07,std=0
        gnorm= 9.328197165925463e-05
        symmetric= True
        solver time=0.006166696548461914,exit status=0
        SR solver time= 0.0062024593353271484
        symmetric= False
        niter= 43
        niter= 462
        solver time=0.1376950740814209,exit status=0
        RGN solver time= 0.1377255916595459
        xnorm=5.675539146611409,dnorm=0.021101427218307395
        dense amplitude time= 0.045491933822631836
        total non-zero amplitudes= 4900
        nsamples per process= 159
        sample time= 0.49010229110717773
        self.n= 0.07102933605262136
        RGN updated loss=-9.907320284649614,dloss=-9.284191637703998e-07
step= 161

nparam= 1004
        dense amplitude time= 0.050765037536621094
        total non-zero amplitudes= 4900
        nsamples per process= 159
        sample time= 2.3809547424316406
        self.n= 0.07102933605262143
        collect g,h time= 4.271604299545288
E=-9.907320284649613,dE=-9.28419161994043e-07,std=0
L=-9.907320284649613,dL=-9.28419161994043e-07,std=0
        gnorm= 8.323628981045924e-05
        symmetric= True
        solver time=0.005995273590087891,exit status=0
        SR solver time= 0.0060596466064453125
        symmetric= False
        niter= 41
        niter= 467
        solver time=0.1409621238708496,exit status=0
        RGN solver time= 0.14099478721618652
        xnorm=5.6798497713453875,dnorm=0.020783221801071654
        dense amplitude time= 0.04634428024291992
        total non-zero amplitudes= 4900
        nsamples per process= 159
        sample time= 0.49022960662841797
        self.n= 0.07069371061142238
        RGN updated loss=-9.907321190676749,dloss=-9.060271359828675e-07
step= 162

nparam= 1004
        dense amplitude time= 0.05853009223937988
        total non-zero amplitudes= 4900
        nsamples per process= 159
        sample time= 2.38972806930542
        self.n= 0.07069371061142232
        collect g,h time= 4.219149351119995
E=-9.907321190676747,dE=-9.060271342065107e-07,std=0
L=-9.907321190676747,dL=-9.060271342065107e-07,std=0
        gnorm= 9.563891614080823e-05
        symmetric= True
        solver time=0.006182432174682617,exit status=0
        SR solver time= 0.006220817565917969
        symmetric= False
        niter= 43
        niter= 466
        solver time=0.138869047164917,exit status=0
        RGN solver time= 0.13889789581298828
        xnorm=5.684090453030498,dnorm=0.020491221357675556
        dense amplitude time= 0.043170928955078125
        total non-zero amplitudes= 4900
        nsamples per process= 159
        sample time= 0.49078989028930664
        self.n= 0.07037726914924428
        RGN updated loss=-9.907322069557798,dloss=-8.788810514914758e-07
step= 163

nparam= 1004
        dense amplitude time= 0.04443526268005371
        total non-zero amplitudes= 4900
        nsamples per process= 159
        sample time= 2.383044719696045
        self.n= 0.07037726914924425
        collect g,h time= 4.1703643798828125
E=-9.9073220695578,dE=-8.788810532678326e-07,std=0
L=-9.9073220695578,dL=-8.788810532678326e-07,std=0
        gnorm= 8.507895371331824e-05
        symmetric= True
        solver time=0.005560159683227539,exit status=0
        SR solver time= 0.005596637725830078
        symmetric= False
        niter= 41
        niter= 467
        solver time=0.1431427001953125,exit status=0
        RGN solver time= 0.143174409866333
        xnorm=5.688386079031355,dnorm=0.020204464692859764
        dense amplitude time= 0.046360015869140625
        total non-zero amplitudes= 4900
        nsamples per process= 159
        sample time= 0.49296998977661133
        self.n= 0.07005724703997825
        RGN updated loss=-9.907322920905383,dloss=-8.513475826532613e-07
step= 164

nparam= 1004
        dense amplitude time= 0.05621600151062012
        total non-zero amplitudes= 4900
        nsamples per process= 159
        sample time= 2.382277727127075
        self.n= 0.0700572470399783
        collect g,h time= 4.224811792373657
E=-9.907322920905383,dE=-8.513475826532613e-07,std=0
L=-9.907322920905383,dL=-8.513475826532613e-07,std=0
        gnorm= 6.658091793502151e-05
        symmetric= True
        solver time=0.0052738189697265625,exit status=0
        SR solver time= 0.005309581756591797
        symmetric= False
        niter= 39
        niter= 471
        solver time=0.14130854606628418,exit status=0
        RGN solver time= 0.14133596420288086
        xnorm=5.692582195736492,dnorm=0.01994396695768319
        dense amplitude time= 0.04423213005065918
        total non-zero amplitudes= 4900
        nsamples per process= 159
        sample time= 0.5793659687042236
        self.n= 0.06974516039352849
        RGN updated loss=-9.907323756259103,dloss=-8.353537204186523e-07
step= 165

nparam= 1004
        dense amplitude time= 0.045996904373168945
        total non-zero amplitudes= 4900
        nsamples per process= 159
        sample time= 2.402536630630493
        self.n= 0.06974516039352849
        collect g,h time= 4.219412565231323
E=-9.907323756259103,dE=-8.353537204186523e-07,std=0
L=-9.907323756259103,dL=-8.353537204186523e-07,std=0
        gnorm= 8.917090413796726e-05
        symmetric= True
        solver time=0.0058858394622802734,exit status=0
        SR solver time= 0.005922555923461914
        symmetric= False
        niter= 41
        niter= 467
        solver time=0.13989663124084473,exit status=0
        RGN solver time= 0.13992667198181152
        xnorm=5.696842922048652,dnorm=0.01963477407820499
        dense amplitude time= 0.045560359954833984
        total non-zero amplitudes= 4900
        nsamples per process= 159
        sample time= 0.4942471981048584
        self.n= 0.06945154279951465
        RGN updated loss=-9.907324552289232,dloss=-7.960301289244853e-07
step= 166

nparam= 1004
        dense amplitude time= 0.0571744441986084
        total non-zero amplitudes= 4900
        nsamples per process= 159
        sample time= 2.389516830444336
        self.n= 0.06945154279951463
        collect g,h time= 4.232242584228516
E=-9.907324552289234,dE=-7.960301307008422e-07,std=0
L=-9.907324552289234,dL=-7.960301307008422e-07,std=0
        gnorm= 7.957441125343827e-05
        symmetric= True
        solver time=0.005463123321533203,exit status=0
        SR solver time= 0.005502223968505859
        symmetric= False
        niter= 40
        niter= 467
        solver time=0.13961505889892578,exit status=0
        RGN solver time= 0.1396481990814209
        xnorm=5.70106281138862,dnorm=0.019397054576738057
        dense amplitude time= 0.04655599594116211
        total non-zero amplitudes= 4900
        nsamples per process= 159
        sample time= 0.5730633735656738
        self.n= 0.06915434352609806
        RGN updated loss=-9.90732534898187,dloss=-7.966926354185944e-07
step= 167

nparam= 1004
        dense amplitude time= 0.05732464790344238
        total non-zero amplitudes= 4900
        nsamples per process= 159
        sample time= 2.399904251098633
        self.n= 0.06915434352609803
        collect g,h time= 4.209423065185547
E=-9.907325348981868,dE=-7.966926336422375e-07,std=0
L=-9.907325348981868,dL=-7.966926336422375e-07,std=0
        gnorm= 7.839538338170516e-05
        symmetric= True
        solver time=0.005512237548828125,exit status=0
        SR solver time= 0.005547046661376953
        symmetric= False
        niter= 41
        niter= 467
        solver time=0.13921260833740234,exit status=0
        RGN solver time= 0.13924503326416016
        xnorm=5.705274100535704,dnorm=0.019093573032344092
        dense amplitude time= 0.04424023628234863
        total non-zero amplitudes= 4900
        nsamples per process= 159
        sample time= 0.49505043029785156
        self.n= 0.06887124865480584
        RGN updated loss=-9.907326101534554,dloss=-7.525526868334964e-07
step= 168

nparam= 1004
        dense amplitude time= 0.056072235107421875
        total non-zero amplitudes= 4900
        nsamples per process= 159
        sample time= 2.4264590740203857
        self.n= 0.06887124865480583
        collect g,h time= 4.1857476234436035
E=-9.907326101534556,dE=-7.525526886098532e-07,std=0
L=-9.907326101534556,dL=-7.525526886098532e-07,std=0
        gnorm= 7.610248747726585e-05
        symmetric= True
        solver time=0.005445003509521484,exit status=0
        SR solver time= 0.005482912063598633
        symmetric= False
        niter= 40
        niter= 467
        solver time=0.13966608047485352,exit status=0
        RGN solver time= 0.13969874382019043
        xnorm=5.709477329146409,dnorm=0.018873788395683523
        dense amplitude time= 0.04407024383544922
        total non-zero amplitudes= 4900
        nsamples per process= 159
        sample time= 0.4951751232147217
        self.n= 0.0685918203071975
        RGN updated loss=-9.907326852069277,dloss=-7.50534720594942e-07
step= 169

nparam= 1004
        dense amplitude time= 0.0444636344909668
        total non-zero amplitudes= 4900
        nsamples per process= 159
        sample time= 2.409982442855835
        self.n= 0.06859182030719749
        collect g,h time= 4.244632244110107
E=-9.907326852069275,dE=-7.505347188185851e-07,std=0
L=-9.907326852069275,dL=-7.505347188185851e-07,std=0
        gnorm= 7.604856045208103e-05
        symmetric= True
        solver time=0.005693197250366211,exit status=0
        SR solver time= 0.00572967529296875
        symmetric= False
        niter= 41
        niter= 467
        solver time=0.13925766944885254,exit status=0
        RGN solver time= 0.13929533958435059
        xnorm=5.713642484188409,dnorm=0.01856980128153476
        dense amplitude time= 0.04442548751831055
        total non-zero amplitudes= 4900
        nsamples per process= 159
        sample time= 0.49648594856262207
        self.n= 0.0683252581196061
        RGN updated loss=-9.9073275680523,dloss=-7.159830257563726e-07
step= 170

nparam= 1004
        dense amplitude time= 0.05602431297302246
        total non-zero amplitudes= 4900
        nsamples per process= 159
        sample time= 2.4040141105651855
        self.n= 0.0683252581196062
        collect g,h time= 4.233107089996338
E=-9.9073275680523,dE=-7.159830257563726e-07,std=0
L=-9.9073275680523,dL=-7.159830257563726e-07,std=0
        gnorm= 0.00011318094203808489
        symmetric= True
        solver time=0.005698204040527344,exit status=0
        SR solver time= 0.005733489990234375
        symmetric= False
        niter= 43
        niter= 463
        solver time=0.1385054588317871,exit status=0
        RGN solver time= 0.13854193687438965
        xnorm=5.717809308264417,dnorm=0.018343138910700447
        dense amplitude time= 0.044164180755615234
        total non-zero amplitudes= 4900
        nsamples per process= 159
        sample time= 0.4965708255767822
        self.n= 0.06805397278905966
        RGN updated loss=-9.9073282636378,dloss=-6.955854985335463e-07
step= 171

nparam= 1004
        dense amplitude time= 0.0458531379699707
        total non-zero amplitudes= 4900
        nsamples per process= 159
        sample time= 2.4399683475494385
        self.n= 0.0680539727890598
        collect g,h time= 4.280938148498535
E=-9.9073282636378,dE=-6.955854985335463e-07,std=0
L=-9.9073282636378,dL=-6.955854985335463e-07,std=0
        gnorm= 8.432332971121212e-05
        symmetric= True
        solver time=0.006120920181274414,exit status=0
        SR solver time= 0.006182193756103516
        symmetric= False
        niter= 43
        niter= 467
        solver time=0.14031195640563965,exit status=0
        RGN solver time= 0.14034581184387207
        xnorm=5.7219550285607355,dnorm=0.018073124858939728
        dense amplitude time= 0.04617166519165039
        total non-zero amplitudes= 4900
        nsamples per process= 159
        sample time= 0.4949944019317627
        self.n= 0.06780605753783303
        RGN updated loss=-9.907328949033893,dloss=-6.853960936581416e-07
step= 172

nparam= 1004
        dense amplitude time= 0.04434037208557129
        total non-zero amplitudes= 4900
        nsamples per process= 159
        sample time= 2.3938138484954834
        self.n= 0.06780605753783313
        collect g,h time= 4.21457576751709
E=-9.907328949033891,dE=-6.853960918817847e-07,std=0
L=-9.907328949033891,dL=-6.853960918817847e-07,std=0
        gnorm= 9.485669524901098e-05
        symmetric= True
        solver time=0.0057790279388427734,exit status=0
        SR solver time= 0.0058155059814453125
        symmetric= False
        niter= 43
        niter= 463
        solver time=0.13682866096496582,exit status=0
        RGN solver time= 0.13685846328735352
        xnorm=5.726058125195975,dnorm=0.017822448056451175
        dense amplitude time= 0.0442507266998291
        total non-zero amplitudes= 4900
        nsamples per process= 159
        sample time= 0.4955887794494629
        self.n= 0.06755367885567874
        RGN updated loss=-9.907329610553207,dloss=-6.61519315769965e-07
step= 173

nparam= 1004
        dense amplitude time= 0.043346405029296875
        total non-zero amplitudes= 4900
        nsamples per process= 159
        sample time= 2.4051530361175537
        self.n= 0.06755367885567878
        collect g,h time= 4.205742597579956
E=-9.907329610553209,dE=-6.615193175463219e-07,std=0
L=-9.907329610553209,dL=-6.615193175463219e-07,std=0
        gnorm= 0.0001071349495886254
        symmetric= True
        solver time=0.005945920944213867,exit status=0
        SR solver time= 0.0059812068939208984
        symmetric= False
        niter= 44
        niter= 465
        solver time=0.13840484619140625,exit status=0
        RGN solver time= 0.13843441009521484
        xnorm=5.730123864581551,dnorm=0.017566467195741137
        dense amplitude time= 0.04424691200256348
        total non-zero amplitudes= 4900
        nsamples per process= 159
        sample time= 0.4945955276489258
        self.n= 0.06732035097035607
        RGN updated loss=-9.907330244945458,dloss=-6.343922489548959e-07
step= 174

nparam= 1004
        dense amplitude time= 0.056301116943359375
        total non-zero amplitudes= 4900
        nsamples per process= 159
        sample time= 2.3978781700134277
        self.n= 0.06732035097035614
        collect g,h time= 4.19884991645813
E=-9.90733024494546,dE=-6.343922507312527e-07,std=0
L=-9.90733024494546,dL=-6.343922507312527e-07,std=0
        gnorm= 8.503813472123441e-05
        symmetric= True
        solver time=0.00602412223815918,exit status=0
        SR solver time= 0.006060123443603516
        symmetric= False
        niter= 42
        niter= 467
        solver time=0.1395857334136963,exit status=0
        RGN solver time= 0.13962006568908691
        xnorm=5.734211922986527,dnorm=0.017359806100507726
        dense amplitude time= 0.04521536827087402
        total non-zero amplitudes= 4900
        nsamples per process= 159
        sample time= 0.49623823165893555
        self.n= 0.06708111831596397
        RGN updated loss=-9.907330884002059,dloss=-6.390565996383657e-07
step= 175

nparam= 1004
        dense amplitude time= 0.05745720863342285
        total non-zero amplitudes= 4900
        nsamples per process= 159
        sample time= 2.408360719680786
        self.n= 0.06708111831596396
        collect g,h time= 4.240607738494873
E=-9.907330884002059,dE=-6.390565996383657e-07,std=0
L=-9.907330884002059,dL=-6.390565996383657e-07,std=0
        gnorm= 0.0001136871881386176
        symmetric= True
        solver time=0.005987405776977539,exit status=0
        SR solver time= 0.006022214889526367
        symmetric= False
        niter= 44
        niter= 457
        solver time=0.13788437843322754,exit status=0
        RGN solver time= 0.13791513442993164
        xnorm=5.7382132862777055,dnorm=0.01708140079524564
        dense amplitude time= 0.0444638729095459
        total non-zero amplitudes= 4900
        nsamples per process= 159
        sample time= 0.5789039134979248
        self.n= 0.06686252310528273
        RGN updated loss=-9.907331477299191,dloss=-5.932971323119318e-07
step= 176

nparam= 1004
        dense amplitude time= 0.05598878860473633
        total non-zero amplitudes= 4900
        nsamples per process= 159
        sample time= 2.405078411102295
        self.n= 0.06686252310528268
        collect g,h time= 4.216806173324585
E=-9.90733147729919,dE=-5.93297130535575e-07,std=0
L=-9.90733147729919,dL=-5.93297130535575e-07,std=0
        gnorm= 9.432212989182639e-05
        symmetric= True
        solver time=0.006180524826049805,exit status=0
        SR solver time= 0.006215095520019531
        symmetric= False
        niter= 43
        niter= 467
        solver time=0.14058709144592285,exit status=0
        RGN solver time= 0.1406257152557373
        xnorm=5.742276807321614,dnorm=0.01691018253364795
        dense amplitude time= 0.04375767707824707
        total non-zero amplitudes= 4900
        nsamples per process= 159
        sample time= 0.4970417022705078
        self.n= 0.06663117940216165
        RGN updated loss=-9.907332088725795,dloss=-6.11426605345855e-07
step= 177

nparam= 1004
        dense amplitude time= 0.04441642761230469
        total non-zero amplitudes= 4900
        nsamples per process= 159
        sample time= 2.4820892810821533
        self.n= 0.06663117940216168
        collect g,h time= 4.174189567565918
E=-9.907332088725799,dE=-6.114266088985687e-07,std=0
L=-9.907332088725799,dL=-6.114266088985687e-07,std=0
        gnorm= 0.00020307246632126914
        symmetric= True
        solver time=0.005712747573852539,exit status=0
        SR solver time= 0.005747556686401367
        symmetric= False
        niter= 42
        niter= 436
        solver time=0.13040852546691895,exit status=0
        RGN solver time= 0.13043737411499023
        xnorm=5.746234909887818,dnorm=0.016634705472048456
        dense amplitude time= 0.044345855712890625
        total non-zero amplitudes= 4900
        nsamples per process= 159
        sample time= 0.4968535900115967
        self.n= 0.06643716795191273
        RGN updated loss=-9.907332615243346,dloss=-5.265175477831008e-07
step= 178

nparam= 1004
        dense amplitude time= 0.04497694969177246
        total non-zero amplitudes= 4900
        nsamples per process= 159
        sample time= 2.400531053543091
        self.n= 0.06643716795191275
        collect g,h time= 4.176601409912109
E=-9.907332615243348,dE=-5.265175495594576e-07,std=0
L=-9.907332615243348,dL=-5.265175495594576e-07,std=0
        gnorm= 0.00015679578476197778
        symmetric= True
        solver time=0.0061380863189697266,exit status=0
        SR solver time= 0.0061740875244140625
        symmetric= False
        niter= 43
        niter= 450
        solver time=0.13298654556274414,exit status=0
        RGN solver time= 0.13302111625671387
        xnorm=5.7502458200938085,dnorm=0.0165510362653813
        dense amplitude time= 0.04540514945983887
        total non-zero amplitudes= 4900
        nsamples per process= 159
        sample time= 0.4958951473236084
        self.n= 0.06621748442514538
        RGN updated loss=-9.907333221455675,dloss=-6.0621232655933e-07
step= 179

nparam= 1004
        dense amplitude time= 0.044847965240478516
        total non-zero amplitudes= 4900
        nsamples per process= 159
        sample time= 2.4064903259277344
        self.n= 0.06621748442514543
        collect g,h time= 4.236269950866699
E=-9.907333221455673,dE=-6.062123247829732e-07,std=0
L=-9.907333221455673,dL=-6.062123247829732e-07,std=0
        gnorm= 0.00019028175583500625
        symmetric= True
        solver time=0.0058248043060302734,exit status=0
        SR solver time= 0.005889177322387695
        symmetric= False
        niter= 42
        niter= 436
        solver time=0.13031291961669922,exit status=0
        RGN solver time= 0.13034534454345703
        xnorm=5.754105267045082,dnorm=0.016183288739531582
        dense amplitude time= 0.044336795806884766
        total non-zero amplitudes= 4900
        nsamples per process= 159
        sample time= 0.4928886890411377
        self.n= 0.06602541116609593
        RGN updated loss=-9.90733372376746,dloss=-5.023117868319105e-07
step= 180

nparam= 1004
        dense amplitude time= 0.044551849365234375
        total non-zero amplitudes= 4900
        nsamples per process= 159
        sample time= 2.4024975299835205
        self.n= 0.06602541116609593
        collect g,h time= 4.158482551574707
E=-9.90733372376746,dE=-5.023117868319105e-07,std=0
L=-9.90733372376746,dL=-5.023117868319105e-07,std=0
        gnorm= 0.00014929974051432971
        symmetric= True
        solver time=0.005829334259033203,exit status=0
        SR solver time= 0.005869150161743164
        symmetric= False
        niter= 43
        niter= 453
        solver time=0.13723516464233398,exit status=0
        RGN solver time= 0.13727188110351562
        xnorm=5.758023424221916,dnorm=0.016113419120159227
        dense amplitude time= 0.04854106903076172
        total non-zero amplitudes= 4900
        nsamples per process= 159
        sample time= 0.49807095527648926
        self.n= 0.06582457329525661
        RGN updated loss=-9.907334295253648,dloss=-5.71486188150061e-07
step= 181

nparam= 1004
        dense amplitude time= 0.048894405364990234
        total non-zero amplitudes= 4900
        nsamples per process= 159
        sample time= 2.4138054847717285
        self.n= 0.06582457329525673
        collect g,h time= 4.231099367141724
E=-9.907334295253648,dE=-5.71486188150061e-07,std=0
L=-9.907334295253648,dL=-5.71486188150061e-07,std=0
        gnorm= 0.00016467017253017394
        symmetric= True
        solver time=0.005791902542114258,exit status=0
        SR solver time= 0.005827426910400391
        symmetric= False
        niter= 43
        niter= 440
        solver time=0.13083314895629883,exit status=0
        RGN solver time= 0.13086342811584473
        xnorm=5.7618557481659805,dnorm=0.015796320736979143
        dense amplitude time= 0.044332027435302734
        total non-zero amplitudes= 4900
        nsamples per process= 159
        sample time= 0.5752608776092529
        self.n= 0.0656545158418948
        RGN updated loss=-9.907334776648206,dloss=-4.813945579940082e-07
step= 182

nparam= 1004
        dense amplitude time= 0.05524420738220215
        total non-zero amplitudes= 4900
        nsamples per process= 159
        sample time= 2.43645977973938
        self.n= 0.06565451584189487
        collect g,h time= 4.197103977203369
E=-9.907334776648204,dE=-4.813945562176514e-07,std=0
L=-9.907334776648204,dL=-4.813945562176514e-07,std=0
        gnorm= 0.00014077306376026306
        symmetric= True
        solver time=0.005759477615356445,exit status=0
        SR solver time= 0.00579524040222168
        symmetric= False
        niter= 43
        niter= 457
        solver time=0.13668036460876465,exit status=0
        RGN solver time= 0.13671016693115234
        xnorm=5.765696119763212,dnorm=0.015713707651078056
        dense amplitude time= 0.044231414794921875
        total non-zero amplitudes= 4900
        nsamples per process= 159
        sample time= 0.49988555908203125
        self.n= 0.0654614458620997
        RGN updated loss=-9.907335320594822,dloss=-5.439466175261032e-07
step= 183

nparam= 1004
        dense amplitude time= 0.0579378604888916
        total non-zero amplitudes= 4900
        nsamples per process= 159
        sample time= 2.4639785289764404
        self.n= 0.06546144586209973
        collect g,h time= 4.3137125968933105
E=-9.90733532059482,dE=-5.439466157497463e-07,std=0
L=-9.90733532059482,dL=-5.439466157497463e-07,std=0
        gnorm= 0.00015202343448593997
        symmetric= True
        solver time=0.006333351135253906,exit status=0
        SR solver time= 0.00637054443359375
        symmetric= False
        niter= 44
        niter= 448
        solver time=0.13494634628295898,exit status=0
        RGN solver time= 0.13497567176818848
        xnorm=5.769468409723015,dnorm=0.015470103091828228
        dense amplitude time= 0.046544551849365234
        total non-zero amplitudes= 4900
        nsamples per process= 159
        sample time= 0.49677324295043945
        self.n= 0.06528898207297396
        RGN updated loss=-9.907335796529422,dloss=-4.7593460195116677e-07
step= 184

nparam= 1004
        dense amplitude time= 0.05642557144165039
        total non-zero amplitudes= 4900
        nsamples per process= 159
        sample time= 2.4080958366394043
        self.n= 0.06528898207297394
        collect g,h time= 4.267668962478638
E=-9.90733579652942,dE=-4.7593460017480993e-07,std=0
L=-9.90733579652942,dL=-4.7593460017480993e-07,std=0
        gnorm= 0.0001261014559726104
        symmetric= True
        solver time=0.006095170974731445,exit status=0
        SR solver time= 0.006131410598754883
        symmetric= False
        niter= 45
        niter= 461
        solver time=0.13725566864013672,exit status=0
        RGN solver time= 0.1372833251953125
        xnorm=5.773276515482825,dnorm=0.015276137662900159
        dense amplitude time= 0.044266462326049805
        total non-zero amplitudes= 4900
        nsamples per process= 159
        sample time= 0.4971332550048828
        self.n= 0.0651101707913963
        RGN updated loss=-9.907336298131069,dloss=-5.016016491055098e-07
step= 185

nparam= 1004
        dense amplitude time= 0.055992841720581055
        total non-zero amplitudes= 4900
        nsamples per process= 159
        sample time= 2.409872055053711
        self.n= 0.06511017079139633
        collect g,h time= 4.169597625732422
E=-9.907336298131069,dE=-5.016016491055098e-07,std=0
L=-9.907336298131069,dL=-5.016016491055098e-07,std=0
        gnorm= 7.218009026114032e-05
        symmetric= True
        solver time=0.005765676498413086,exit status=0
        SR solver time= 0.005802154541015625
        symmetric= False
        niter= 43
        niter= 467
        solver time=0.14027953147888184,exit status=0
        RGN solver time= 0.14031338691711426
        xnorm=5.777024919464839,dnorm=0.01504326559368923
        dense amplitude time= 0.044239044189453125
        total non-zero amplitudes= 4900
        nsamples per process= 159
        sample time= 0.4982473850250244
        self.n= 0.06493407374679942
        RGN updated loss=-9.907336774578159,dloss=-4.7644708978111794e-07
step= 186

nparam= 1004
        dense amplitude time= 0.05721688270568848
        total non-zero amplitudes= 4900
        nsamples per process= 159
        sample time= 2.421391010284424
        self.n= 0.06493407374679949
        collect g,h time= 4.226273536682129
E=-9.907336774578157,dE=-4.764470880047611e-07,std=0
L=-9.907336774578157,dL=-4.764470880047611e-07,std=0
        gnorm= 7.649898311807103e-05
        symmetric= True
        solver time=0.005767107009887695,exit status=0
        SR solver time= 0.0058062076568603516
        symmetric= False
        niter= 42
        niter= 475
        solver time=0.1431288719177246,exit status=0
        RGN solver time= 0.1431574821472168
        xnorm=5.780772798395017,dnorm=0.014824627645791719
        dense amplitude time= 0.04419755935668945
        total non-zero amplitudes= 4900
        nsamples per process= 159
        sample time= 0.49910950660705566
        self.n= 0.06477081200157794
        RGN updated loss=-9.907337221631485,dloss=-4.4705332769012784e-07
step= 187

nparam= 1004
        dense amplitude time= 0.044020652770996094
        total non-zero amplitudes= 4900
        nsamples per process= 159
        sample time= 2.388529062271118
        self.n= 0.06477081200157807
        collect g,h time= 4.226832151412964
E=-9.907337221631483,dE=-4.47053325913771e-07,std=0
L=-9.907337221631483,dL=-4.47053325913771e-07,std=0
        gnorm= 7.203242760805414e-05
        symmetric= True
        solver time=0.00637054443359375,exit status=0
        SR solver time= 0.006408214569091797
        symmetric= False
        niter= 43
        niter= 471
        solver time=0.14098453521728516,exit status=0
        RGN solver time= 0.14101505279541016
        xnorm=5.784510649451152,dnorm=0.014662217570135317
        dense amplitude time= 0.045423269271850586
        total non-zero amplitudes= 4900
        nsamples per process= 159
        sample time= 0.4978008270263672
        self.n= 0.06460811803909283
        RGN updated loss=-9.907337676670698,dloss=-4.550392151969618e-07
step= 188

nparam= 1004
        dense amplitude time= 0.057764530181884766
        total non-zero amplitudes= 4900
        nsamples per process= 159
        sample time= 2.405343532562256
        self.n= 0.0646081180390928
        collect g,h time= 4.20300030708313
E=-9.907337676670702,dE=-4.5503921874967546e-07,std=0
L=-9.907337676670702,dL=-4.5503921874967546e-07,std=0
        gnorm= 7.15934261976942e-05
        symmetric= True
        solver time=0.005620718002319336,exit status=0
        SR solver time= 0.0056552886962890625
        symmetric= False
        niter= 42
        niter= 477
        solver time=0.14130830764770508,exit status=0
        RGN solver time= 0.14133667945861816
        xnorm=5.788171710734723,dnorm=0.014440160659389675
        dense amplitude time= 0.044225454330444336
        total non-zero amplitudes= 4900
        nsamples per process= 159
        sample time= 0.49718642234802246
        self.n= 0.064453244665145
        RGN updated loss=-9.90733809984616,dloss=-4.231754591188519e-07
step= 189

nparam= 1004
        dense amplitude time= 0.04510378837585449
        total non-zero amplitudes= 4900
        nsamples per process= 159
        sample time= 2.395761013031006
        self.n= 0.06445324466514502
        collect g,h time= 4.206696033477783
E=-9.907338099846164,dE=-4.231754626715656e-07,std=0
L=-9.907338099846164,dL=-4.231754626715656e-07,std=0
        gnorm= 6.995520031410556e-05
        symmetric= True
        solver time=0.006026744842529297,exit status=0
        SR solver time= 0.006094932556152344
        symmetric= False
        niter= 43
        niter= 478
        solver time=0.14369606971740723,exit status=0
        RGN solver time= 0.14372777938842773
        xnorm=5.791848640999011,dnorm=0.014303252048658276
        dense amplitude time= 0.04435896873474121
        total non-zero amplitudes= 4900
        nsamples per process= 159
        sample time= 0.4982016086578369
        self.n= 0.06430467482940226
        RGN updated loss=-9.907338532702612,dloss=-4.328564475741814e-07
step= 190

nparam= 1004
        dense amplitude time= 0.05655312538146973
        total non-zero amplitudes= 4900
        nsamples per process= 159
        sample time= 2.407819986343384
        self.n= 0.06430467482940228
        collect g,h time= 4.203774929046631
E=-9.907338532702617,dE=-4.328564529032519e-07,std=0
L=-9.907338532702617,dL=-4.328564529032519e-07,std=0
        gnorm= 8.543815783671275e-05
        symmetric= True
        solver time=0.005755424499511719,exit status=0
        SR solver time= 0.005793094635009766
        symmetric= False
        niter= 43
        niter= 467
        solver time=0.13956093788146973,exit status=0
        RGN solver time= 0.13958954811096191
        xnorm=5.795454329170706,dnorm=0.014086034790478534
        dense amplitude time= 0.04425215721130371
        total non-zero amplitudes= 4900
        nsamples per process= 159
        sample time= 0.49885988235473633
        self.n= 0.06415986922100737
        RGN updated loss=-9.907338938982964,dloss=-4.0628034625456166e-07
step= 191

nparam= 1004
        dense amplitude time= 0.045998573303222656
        total non-zero amplitudes= 4900
        nsamples per process= 159
        sample time= 2.413503885269165
        self.n= 0.06415986922100748
        collect g,h time= 4.312485933303833
E=-9.907338938982964,dE=-4.0628034625456166e-07,std=0
L=-9.907338938982964,dL=-4.0628034625456166e-07,std=0
        gnorm= 5.874114213700527e-05
        symmetric= True
        solver time=0.005901336669921875,exit status=0
        SR solver time= 0.005938291549682617
        symmetric= False
        niter= 42
        niter= 490
        solver time=0.14493870735168457,exit status=0
        RGN solver time= 0.1449718475341797
        xnorm=5.799070298553364,dnorm=0.013966035658822875
        dense amplitude time= 0.046006202697753906
        total non-zero amplitudes= 4900
        nsamples per process= 159
        sample time= 0.49932336807250977
        self.n= 0.06401775417232008
        RGN updated loss=-9.907339353499864,dloss=-4.145169008040739e-07
step= 192

nparam= 1004
        dense amplitude time= 0.04313540458679199
        total non-zero amplitudes= 4900
        nsamples per process= 159
        sample time= 2.4064292907714844
        self.n= 0.06401775417232011
        collect g,h time= 4.196993589401245
E=-9.907339353499868,dE=-4.1451690435678756e-07,std=0
L=-9.907339353499868,dL=-4.1451690435678756e-07,std=0
        gnorm= 6.742544958379527e-05
        symmetric= True
        solver time=0.005536317825317383,exit status=0
        SR solver time= 0.005574464797973633
        symmetric= False
        niter= 42
        niter= 472
        solver time=0.13973331451416016,exit status=0
        RGN solver time= 0.13976049423217773
        xnorm=5.802612025841651,dnorm=0.013721731242971187
        dense amplitude time= 0.04410505294799805
        total non-zero amplitudes= 4900
        nsamples per process= 159
        sample time= 0.4987983703613281
        self.n= 0.06388144761930545
        RGN updated loss=-9.907339736461465,dloss=-3.82961596656628e-07
step= 193

nparam= 1004
        dense amplitude time= 0.05565834045410156
        total non-zero amplitudes= 4900
        nsamples per process= 159
        sample time= 2.4093542098999023
        self.n= 0.0638814476193055
        collect g,h time= 4.168017625808716
E=-9.907339736461463,dE=-3.8296159488027115e-07,std=0
L=-9.907339736461463,dL=-3.8296159488027115e-07,std=0
        gnorm= 7.16429802454944e-05
        symmetric= True
        solver time=0.0055806636810302734,exit status=0
        SR solver time= 0.005616426467895508
        symmetric= False
        niter= 42
        niter= 470
        solver time=0.14004015922546387,exit status=0
        RGN solver time= 0.14006733894348145
        xnorm=5.80613450910303,dnorm=0.013640836306806672
        dense amplitude time= 0.04424452781677246
        total non-zero amplitudes= 4900
        nsamples per process= 159
        sample time= 0.4978013038635254
        self.n= 0.06374990655348042
        RGN updated loss=-9.907340121670547,dloss=-3.852090841860445e-07
step= 194

nparam= 1004
        dense amplitude time= 0.05783390998840332
        total non-zero amplitudes= 4900
        nsamples per process= 159
        sample time= 2.467240810394287
        self.n= 0.06374990655348045
        collect g,h time= 4.166720390319824
E=-9.907340121670545,dE=-3.8520908240968765e-07,std=0
L=-9.907340121670545,dL=-3.8520908240968765e-07,std=0
        gnorm= 5.419331451307985e-05
        symmetric= True
        solver time=0.005689859390258789,exit status=0
        SR solver time= 0.00572657585144043
        symmetric= False
        niter= 41
        niter= 497
        solver time=0.1525864601135254,exit status=0
        RGN solver time= 0.15262389183044434
        xnorm=5.809561875436874,dnorm=0.013416704519024906
        dense amplitude time= 0.046027421951293945
        total non-zero amplitudes= 4900
        nsamples per process= 159
        sample time= 0.49837708473205566
        self.n= 0.0636250093854032
        RGN updated loss=-9.907340501044091,dloss=-3.793735459112213e-07
step= 195

nparam= 1004
        dense amplitude time= 0.05995774269104004
        total non-zero amplitudes= 4900
        nsamples per process= 159
        sample time= 2.4268031120300293
        self.n= 0.06362500938540325
        collect g,h time= 4.291145324707031
E=-9.907340501044091,dE=-3.793735459112213e-07,std=0
L=-9.907340501044091,dL=-3.793735459112213e-07,std=0
        gnorm= 5.128217815980336e-05
        symmetric= True
        solver time=0.00562739372253418,exit status=0
        SR solver time= 0.00566411018371582
        symmetric= False
        niter= 42
        niter= 497
        solver time=0.1484074592590332,exit status=0
        RGN solver time= 0.1484367847442627
        xnorm=5.813023641735085,dnorm=0.013327773188793773
        dense amplitude time= 0.04435157775878906
        total non-zero amplitudes= 4900
        nsamples per process= 159
        sample time= 0.49784231185913086
        self.n= 0.06350043389959534
        RGN updated loss=-9.90734086785202,dloss=-3.6680792803167606e-07
step= 196

nparam= 1004
        dense amplitude time= 0.044938087463378906
        total non-zero amplitudes= 4900
        nsamples per process= 159
        sample time= 2.450065851211548
        self.n= 0.06350043389959538
        collect g,h time= 4.168668746948242
E=-9.90734086785202,dE=-3.6680792803167606e-07,std=0
L=-9.90734086785202,dL=-3.6680792803167606e-07,std=0
        gnorm= 3.777385536432362e-05
        symmetric= True
        solver time=0.005758523941040039,exit status=0
        SR solver time= 0.005793333053588867
        symmetric= False
        niter= 40
        niter= 498
        solver time=0.14886760711669922,exit status=0
        RGN solver time= 0.14890289306640625
        xnorm=5.816420928851962,dnorm=0.013136441371061737
        dense amplitude time= 0.04526829719543457
        total non-zero amplitudes= 4900
        nsamples per process= 159
        sample time= 0.49711060523986816
        self.n= 0.06338117920448261
        RGN updated loss=-9.907341230489214,dloss=-3.6263719493945246e-07
step= 197

nparam= 1004
        dense amplitude time= 0.055512428283691406
        total non-zero amplitudes= 4900
        nsamples per process= 159
        sample time= 2.4248573780059814
        self.n= 0.06338117920448252
        collect g,h time= 4.177586793899536
E=-9.907341230489214,dE=-3.6263719493945246e-07,std=0
L=-9.907341230489214,dL=-3.6263719493945246e-07,std=0
        gnorm= 0.00029158683572267323
        symmetric= True
        solver time=0.005458831787109375,exit status=0
        SR solver time= 0.005495548248291016
        symmetric= False
        niter= 41
        niter= 405
        solver time=0.12081050872802734,exit status=0
        RGN solver time= 0.12084317207336426
        xnorm=5.819819482998608,dnorm=0.013171064485391227
        dense amplitude time= 0.044309139251708984
        total non-zero amplitudes= 4900
        nsamples per process= 159
        sample time= 0.498457670211792
        self.n= 0.06323653621713554
        RGN updated loss=-9.907341539731705,dloss=-3.092424911699254e-07
step= 198

nparam= 1004
        dense amplitude time= 0.04517054557800293
        total non-zero amplitudes= 4900
        nsamples per process= 159
        sample time= 2.4341721534729004
        self.n= 0.06323653621713554
        collect g,h time= 4.188352823257446
E=-9.907341539731705,dE=-3.092424911699254e-07,std=0
L=-9.907341539731705,dL=-3.092424911699254e-07,std=0
        gnorm= 0.0001552786635662071
        symmetric= True
        solver time=0.006017923355102539,exit status=0
        SR solver time= 0.006055593490600586
        symmetric= False
        niter= 43
        niter= 436
        solver time=0.14327430725097656,exit status=0
        RGN solver time= 0.1433088779449463
        xnorm=5.823254461026909,dnorm=0.012892513547700227
        dense amplitude time= 0.04581284523010254
        total non-zero amplitudes= 4900
        nsamples per process= 159
        sample time= 0.49869489669799805
        self.n= 0.06314607350578968
        RGN updated loss=-9.907341932321177,dloss=-3.925894720424594e-07
step= 199

nparam= 1004
        dense amplitude time= 0.04441356658935547
        total non-zero amplitudes= 4900
        nsamples per process= 159
        sample time= 2.415133237838745
        self.n= 0.06314607350578967
        collect g,h time= 4.240799903869629
E=-9.907341932321176,dE=-3.925894702661026e-07,std=0
L=-9.907341932321176,dL=-3.925894702661026e-07,std=0
        gnorm= 3.8136283159397116e-05
        symmetric= True
        solver time=0.005423784255981445,exit status=0
        SR solver time= 0.005460023880004883
        symmetric= False
        niter= 41
        niter= 498
        solver time=0.148207426071167,exit status=0
        RGN solver time= 0.14824175834655762
        xnorm=5.826564907242854,dnorm=0.012750301878359373
        dense amplitude time= 0.04419732093811035
        total non-zero amplitudes= 4900
        nsamples per process= 159
        sample time= 0.49806785583496094
        self.n= 0.0630412398190752
        RGN updated loss=-9.907342275100333,dloss=-3.4277915794689306e-07
(mpi4py) [rpeng@holy8a24102 pmg4]$
