layer= 0
nparam= 252

layer= 1
nparam= 63

step= 0

nparam= 435
ntotal configs= 4900
        dense amplitude time= 0.006726980209350586
        total non-zero amplitudes= 4900
        nsamples per process= 159
        sample time= 1.7433595657348633
        self.n= 1.4128516700382314
        collect g,h time= 2.4621493816375732
E=-13.301788688466562,dE=0,std=0
L=-13.301788688466562,dL=0,std=0
        gnorm= 1.1386131235945443
        symmetric= True
        solver time=0.005182504653930664,exit status=0
        SR solver time= 0.005265712738037109
        symmetric= False
        niter= 37
        niter= 157
        solver time=0.02605605125427246,exit status=0
        RGN solver time= 0.026089906692504883
        xnorm=1.22635232652947,dnorm=1.3525562009664553
        dense amplitude time= 0.006483793258666992
        total non-zero amplitudes= 4900
        nsamples per process= 159
        sample time= 0.1269528865814209
        self.n= 1.397960420774552
        RGN updated loss=-13.924907614245178,dloss=-0.6231189257786163
step= 1

nparam= 435
        dense amplitude time= 0.008962154388427734
        total non-zero amplitudes= 4900
        nsamples per process= 159
        sample time= 1.4749865531921387
        self.n= 1.3979604207745489
        collect g,h time= 2.302643060684204
E=-13.924907614245177,dE=-0.6231189257786145,std=0
L=-13.924907614245177,dL=-0.6231189257786145,std=0
        gnorm= 0.3800718057227866
        symmetric= True
        solver time=0.003765583038330078,exit status=0
        SR solver time= 0.003827333450317383
        symmetric= False
        niter= 39
        niter= 176
        solver time=0.024604320526123047,exit status=0
        RGN solver time= 0.024635791778564453
        xnorm=1.4553236881564022,dnorm=0.5818661535891132
        dense amplitude time= 0.0068798065185546875
        total non-zero amplitudes= 4900
        nsamples per process= 159
        sample time= 0.12650728225708008
        self.n= 1.687475038615931
        RGN updated loss=-13.988936499151862,dloss=-0.06402888490668524
step= 2

nparam= 435
        dense amplitude time= 0.006353139877319336
        total non-zero amplitudes= 4900
        nsamples per process= 159
        sample time= 1.487135648727417
        self.n= 1.6874750386159283
        collect g,h time= 2.206678867340088
E=-13.988936499151862,dE=-0.06402888490668524,std=0
L=-13.988936499151862,dL=-0.06402888490668524,std=0
        gnorm= 0.14968916393711565
        symmetric= True
        solver time=0.0034742355346679688,exit status=0
        SR solver time= 0.003509044647216797
        symmetric= False
        niter= 41
        niter= 198
        solver time=0.02570176124572754,exit status=0
        RGN solver time= 0.02573370933532715
        xnorm=1.3580972521958432,dnorm=0.3564710806906702
        dense amplitude time= 0.006545543670654297
        total non-zero amplitudes= 4900
        nsamples per process= 159
        sample time= 0.12574529647827148
        self.n= 1.7645702390780929
        RGN updated loss=-14.000394585947438,dloss=-0.01145808679557625
step= 3

nparam= 435
        dense amplitude time= 0.006470441818237305
        total non-zero amplitudes= 4900
        nsamples per process= 159
        sample time= 1.5521776676177979
        self.n= 1.7645702390780926
        collect g,h time= 2.2401909828186035
E=-14.000394585947436,dE=-0.011458086795574474,std=0
L=-14.000394585947436,dL=-0.011458086795574474,std=0
        gnorm= 0.06712040429985733
        symmetric= True
        solver time=0.00366973876953125,exit status=0
        SR solver time= 0.003730297088623047
        symmetric= False
        niter= 42
        niter= 219
        solver time=0.02873373031616211,exit status=0
        RGN solver time= 0.028764963150024414
        xnorm=1.3771199364402287,dnorm=0.22701735978807416
        dense amplitude time= 0.006967782974243164
        total non-zero amplitudes= 4900
        nsamples per process= 159
        sample time= 0.1262648105621338
        self.n= 1.75345815146345
        RGN updated loss=-14.002786568482453,dloss=-0.0023919825350162682
step= 4

nparam= 435
        dense amplitude time= 0.0072977542877197266
        total non-zero amplitudes= 4900
        nsamples per process= 159
        sample time= 1.488067865371704
        self.n= 1.7534581514634515
        collect g,h time= 2.1990346908569336
E=-14.002786568482453,dE=-0.0023919825350162682,std=0
L=-14.002786568482453,dL=-0.0023919825350162682,std=0
        gnorm= 0.03422044413692402
        symmetric= True
        solver time=0.0033087730407714844,exit status=0
        SR solver time= 0.0033435821533203125
        symmetric= False
        niter= 43
        niter= 222
        solver time=0.02855372428894043,exit status=0
        RGN solver time= 0.028583765029907227
        xnorm=1.4255773364333797,dnorm=0.1529252240275988
        dense amplitude time= 0.0063326358795166016
        total non-zero amplitudes= 4900
        nsamples per process= 159
        sample time= 0.12499189376831055
        self.n= 1.7382688281469916
        RGN updated loss=-14.003437220471135,dloss=-0.0006506519886819717
step= 5

nparam= 435
        dense amplitude time= 0.006334066390991211
        total non-zero amplitudes= 4900
        nsamples per process= 159
        sample time= 1.484731674194336
        self.n= 1.7382688281469916
        collect g,h time= 2.239912271499634
E=-14.003437220471135,dE=-0.0006506519886819717,std=0
L=-14.003437220471135,dL=-0.0006506519886819717,std=0
        gnorm= 0.019183738794550032
        symmetric= True
        solver time=0.0057871341705322266,exit status=0
        SR solver time= 0.0059010982513427734
        symmetric= False
        niter= 43
        niter= 241
        solver time=0.03101515769958496,exit status=0
        RGN solver time= 0.03104543685913086
        xnorm=1.4696131525874945,dnorm=0.11525397054540615
        dense amplitude time= 0.006919384002685547
        total non-zero amplitudes= 4900
        nsamples per process= 159
        sample time= 0.12444734573364258
        self.n= 1.7340105365766618
        RGN updated loss=-14.003664779576802,dloss=-0.00022755910566729654
step= 6

nparam= 435
        dense amplitude time= 0.006329774856567383
        total non-zero amplitudes= 4900
        nsamples per process= 159
        sample time= 1.4641528129577637
        self.n= 1.7340105365766627
        collect g,h time= 2.192979574203491
E=-14.0036647795768,dE=-0.00022755910566552018,std=0
L=-14.0036647795768,dL=-0.00022755910566552018,std=0
        gnorm= 0.01197562647363514
        symmetric= True
        solver time=0.0032253265380859375,exit status=0
        SR solver time= 0.0032618045806884766
        symmetric= False
        niter= 42
        niter= 250
        solver time=0.031828880310058594,exit status=0
        RGN solver time= 0.031861305236816406
        xnorm=1.5048998275995547,dnorm=0.09557545035285062
        dense amplitude time= 0.0064067840576171875
        total non-zero amplitudes= 4900
        nsamples per process= 159
        sample time= 0.12531471252441406
        self.n= 1.7358672309555994
        RGN updated loss=-14.003766732804872,dloss=-0.0001019532280714941
step= 7

nparam= 435
        dense amplitude time= 0.007259368896484375
        total non-zero amplitudes= 4900
        nsamples per process= 159
        sample time= 1.4803833961486816
        self.n= 1.735867230955603
        collect g,h time= 2.2833237648010254
E=-14.003766732804872,dE=-0.0001019532280714941,std=0
L=-14.003766732804872,dL=-0.0001019532280714941,std=0
        gnorm= 0.008217109302832908
        symmetric= True
        solver time=0.0031173229217529297,exit status=0
        SR solver time= 0.0031523704528808594
        symmetric= False
        niter= 40
        niter= 250
        solver time=0.03174424171447754,exit status=0
        RGN solver time= 0.03177380561828613
        xnorm=1.5340808571127442,dnorm=0.08388009564428806
        dense amplitude time= 0.006294965744018555
        total non-zero amplitudes= 4900
        nsamples per process= 159
        sample time= 0.12655258178710938
        self.n= 1.7397307424589616
        RGN updated loss=-14.003822713869033,dloss=-5.598106416115911e-05
step= 8

nparam= 435
        dense amplitude time= 0.006162166595458984
        total non-zero amplitudes= 4900
        nsamples per process= 159
        sample time= 1.5032243728637695
        self.n= 1.7397307424589594
        collect g,h time= 2.2390263080596924
E=-14.003822713869027,dE=-5.598106415583004e-05,std=0
L=-14.003822713869027,dL=-5.598106415583004e-05,std=0
        gnorm= 0.006013362599613029
        symmetric= True
        solver time=0.0034308433532714844,exit status=0
        SR solver time= 0.0035326480865478516
        symmetric= False
        niter= 40
        niter= 253
        solver time=0.03242850303649902,exit status=0
        RGN solver time= 0.03246045112609863
        xnorm=1.5593240246585787,dnorm=0.0762261140414152
        dense amplitude time= 0.0068628787994384766
        total non-zero amplitudes= 4900
        nsamples per process= 159
        sample time= 0.12550830841064453
        self.n= 1.743610927778188
        RGN updated loss=-14.003858115366413,dloss=-3.540149738512355e-05
step= 9

nparam= 435
        dense amplitude time= 0.006796836853027344
        total non-zero amplitudes= 4900
        nsamples per process= 159
        sample time= 1.4767837524414062
        self.n= 1.743610927778188
        collect g,h time= 2.2427337169647217
E=-14.003858115366414,dE=-3.5401497386899905e-05,std=0
L=-14.003858115366414,dL=-3.5401497386899905e-05,std=0
        gnorm= 0.0045829432566205
        symmetric= True
        solver time=0.0029745101928710938,exit status=0
        SR solver time= 0.0030069351196289062
        symmetric= False
        niter= 38
        niter= 264
        solver time=0.033760786056518555,exit status=0
        RGN solver time= 0.03379368782043457
        xnorm=1.581989641779033,dnorm=0.0707851738320689
        dense amplitude time= 0.006310224533081055
        total non-zero amplitudes= 4900
        nsamples per process= 159
        sample time= 0.12518739700317383
        self.n= 1.746583468441479
        RGN updated loss=-14.003882806983889,dloss=-2.469161747420401e-05
step= 10

nparam= 435
        dense amplitude time= 0.006124973297119141
        total non-zero amplitudes= 4900
        nsamples per process= 159
        sample time= 1.4714186191558838
        self.n= 1.7465834684414772
        collect g,h time= 2.224119186401367
E=-14.003882806983887,dE=-2.469161747242765e-05,std=0
L=-14.003882806983887,dL=-2.469161747242765e-05,std=0
        gnorm= 0.003587200231198956
        symmetric= True
        solver time=0.002899646759033203,exit status=0
        SR solver time= 0.0029342174530029297
        symmetric= False
        niter= 37
        niter= 276
        solver time=0.03490781784057617,exit status=0
        RGN solver time= 0.03493857383728027
        xnorm=1.6029105438073705,dnorm=0.06658583094454437
        dense amplitude time= 0.006303071975708008
        total non-zero amplitudes= 4900
        nsamples per process= 159
        sample time= 0.12568187713623047
        self.n= 1.7481534605138929
        RGN updated loss=-14.003901305405282,dloss=-1.8498421395563014e-05
step= 11

nparam= 435
        dense amplitude time= 0.016668319702148438
        total non-zero amplitudes= 4900
        nsamples per process= 159
        sample time= 1.4972460269927979
        self.n= 1.7481534605138918
        collect g,h time= 2.24894118309021
E=-14.003901305405282,dE=-1.8498421395563014e-05,std=0
L=-14.003901305405282,dL=-1.8498421395563014e-05,std=0
        gnorm= 0.0028605232836781706
        symmetric= True
        solver time=0.0028808116912841797,exit status=0
        SR solver time= 0.0029129981994628906
        symmetric= False
        niter= 37
        niter= 281
        solver time=0.036016225814819336,exit status=0
        RGN solver time= 0.0360565185546875
        xnorm=1.6226351310369653,dnorm=0.06292827974619637
        dense amplitude time= 0.006455421447753906
        total non-zero amplitudes= 4900
        nsamples per process= 159
        sample time= 0.12584352493286133
        self.n= 1.7481826232969895
        RGN updated loss=-14.003915886723417,dloss=-1.4581318135142851e-05
step= 12

nparam= 435
        dense amplitude time= 0.0063130855560302734
        total non-zero amplitudes= 4900
        nsamples per process= 159
        sample time= 1.514702558517456
        self.n= 1.74818262329699
        collect g,h time= 2.210198402404785
E=-14.003915886723417,dE=-1.4581318135142851e-05,std=0
L=-14.003915886723417,dL=-1.4581318135142851e-05,std=0
        gnorm= 0.0023094859859972556
        symmetric= True
        solver time=0.0033795833587646484,exit status=0
        SR solver time= 0.0034439563751220703
        symmetric= False
        niter= 37
        niter= 286
        solver time=0.03664708137512207,exit status=0
        RGN solver time= 0.03667473793029785
        xnorm=1.6414662108111961,dnorm=0.05940095864291483
        dense amplitude time= 0.006770610809326172
        total non-zero amplitudes= 4900
        nsamples per process= 159
        sample time= 0.1259751319885254
        self.n= 1.7466854842059707
        RGN updated loss=-14.003927747927372,dloss=-1.1861203955021438e-05
step= 13

nparam= 435
        dense amplitude time= 0.007306337356567383
        total non-zero amplitudes= 4900
        nsamples per process= 159
        sample time= 1.5094032287597656
        self.n= 1.7466854842059738
        collect g,h time= 2.2819857597351074
E=-14.00392774792737,dE=-1.186120395324508e-05,std=0
L=-14.00392774792737,dL=-1.186120395324508e-05,std=0
        gnorm= 0.0018744142374271958
        symmetric= True
        solver time=0.0028693675994873047,exit status=0
        SR solver time= 0.0029032230377197266
        symmetric= False
        niter= 36
        niter= 297
        solver time=0.03801584243774414,exit status=0
        RGN solver time= 0.03804779052734375
        xnorm=1.6595464644826514,dnorm=0.05588129187229296
        dense amplitude time= 0.006484508514404297
        total non-zero amplitudes= 4900
        nsamples per process= 159
        sample time= 0.12636137008666992
        self.n= 1.743739908006809
        RGN updated loss=-14.003937553765965,dloss=-9.805838594445504e-06
step= 14

nparam= 435
        dense amplitude time= 0.018819570541381836
        total non-zero amplitudes= 4900
        nsamples per process= 159
        sample time= 1.5203075408935547
        self.n= 1.7437399080068086
        collect g,h time= 2.204038381576538
E=-14.003937553765969,dE=-9.805838597998218e-06,std=0
L=-14.003937553765969,dL=-9.805838597998218e-06,std=0
        gnorm= 0.0015165325766045698
        symmetric= True
        solver time=0.0029587745666503906,exit status=0
        SR solver time= 0.0029909610748291016
        symmetric= False
        niter= 37
        niter= 310
        solver time=0.039429664611816406,exit status=0
        RGN solver time= 0.039459943771362305
        xnorm=1.676923291654765,dnorm=0.052425606814643
        dense amplitude time= 0.006287574768066406
        total non-zero amplitudes= 4900
        nsamples per process= 159
        sample time= 0.12598085403442383
        self.n= 1.739562283509465
        RGN updated loss=-14.00394572475346,dloss=-8.17098749195111e-06
step= 15

nparam= 435
        dense amplitude time= 0.0063250064849853516
        total non-zero amplitudes= 4900
        nsamples per process= 159
        sample time= 1.5835628509521484
        self.n= 1.739562283509466
        collect g,h time= 2.221700668334961
E=-14.003945724753462,dE=-8.170987493727466e-06,std=0
L=-14.003945724753462,dL=-8.170987493727466e-06,std=0
        gnorm= 0.001215515313347861
        symmetric= True
        solver time=0.002879619598388672,exit status=0
        SR solver time= 0.0029125213623046875
        symmetric= False
        niter= 37
        niter= 312
        solver time=0.04389309883117676,exit status=0
        RGN solver time= 0.04392218589782715
        xnorm=1.6936026996441536,dnorm=0.04917732363627479
        dense amplitude time= 0.006773233413696289
        total non-zero amplitudes= 4900
        nsamples per process= 159
        sample time= 0.12659978866577148
        self.n= 1.7344026822717278
        RGN updated loss=-14.003952579159701,dloss=-6.854406239042987e-06
step= 16

nparam= 435
        dense amplitude time= 0.01819467544555664
        total non-zero amplitudes= 4900
        nsamples per process= 159
        sample time= 1.4801223278045654
        self.n= 1.7344026822717273
        collect g,h time= 2.235650062561035
E=-14.003952579159701,dE=-6.854406239042987e-06,std=0
L=-14.003952579159701,dL=-6.854406239042987e-06,std=0
        gnorm= 0.0009624862157701339
        symmetric= True
        solver time=0.002899169921875,exit status=0
        SR solver time= 0.0029304027557373047
        symmetric= False
        niter= 36
        niter= 315
        solver time=0.04027557373046875,exit status=0
        RGN solver time= 0.04030561447143555
        xnorm=1.709590309945105,dnorm=0.0462498470639176
        dense amplitude time= 0.00634002685546875
        total non-zero amplitudes= 4900
        nsamples per process= 159
        sample time= 0.12578558921813965
        self.n= 1.728481505867418
        RGN updated loss=-14.003958383548628,dloss=-5.804388926833326e-06
step= 17

nparam= 435
        dense amplitude time= 0.006819725036621094
        total non-zero amplitudes= 4900
        nsamples per process= 159
        sample time= 1.5142312049865723
        self.n= 1.728481505867417
        collect g,h time= 2.200930595397949
E=-14.003958383548628,dE=-5.804388926833326e-06,std=0
L=-14.003958383548628,dL=-5.804388926833326e-06,std=0
        gnorm= 0.0007562965823661959
        symmetric= True
        solver time=0.0029332637786865234,exit status=0
        SR solver time= 0.00299835205078125
        symmetric= False
        niter= 36
        niter= 330
        solver time=0.04181957244873047,exit status=0
        RGN solver time= 0.04185009002685547
        xnorm=1.7249066138442926,dnorm=0.04367311014305649
        dense amplitude time= 0.006285905838012695
        total non-zero amplitudes= 4900
        nsamples per process= 159
        sample time= 0.1261460781097412
        self.n= 1.722028048900874
        RGN updated loss=-14.003963357698074,dloss=-4.974149446113074e-06
step= 18

nparam= 435
        dense amplitude time= 0.007257938385009766
        total non-zero amplitudes= 4900
        nsamples per process= 159
        sample time= 1.526947259902954
        self.n= 1.722028048900873
        collect g,h time= 2.3005855083465576
E=-14.003963357698073,dE=-4.974149444336717e-06,std=0
L=-14.003963357698073,dL=-4.974149444336717e-06,std=0
        gnorm= 0.0005972194709120915
        symmetric= True
        solver time=0.002769947052001953,exit status=0
        SR solver time= 0.0028035640716552734
        symmetric= False
        niter= 35
        niter= 341
        solver time=0.04304051399230957,exit status=0
        RGN solver time= 0.04307079315185547
        xnorm=1.7395896256015666,dnorm=0.04139799014763133
        dense amplitude time= 0.0062847137451171875
        total non-zero amplitudes= 4900
        nsamples per process= 159
        sample time= 0.126115083694458
        self.n= 1.7152679273890006
        RGN updated loss=-14.003967674585626,dloss=-4.316887553201809e-06
step= 19

nparam= 435
        dense amplitude time= 0.01770758628845215
        total non-zero amplitudes= 4900
        nsamples per process= 159
        sample time= 1.530524492263794
        self.n= 1.715267927388997
        collect g,h time= 2.234245538711548
E=-14.003967674585628,dE=-4.316887554978166e-06,std=0
L=-14.003967674585628,dL=-4.316887554978166e-06,std=0
        gnorm= 0.0004848949587554755
        symmetric= True
        solver time=0.002706289291381836,exit status=0
        SR solver time= 0.0027399063110351562
        symmetric= False
        niter= 35
        niter= 343
        solver time=0.043152570724487305,exit status=0
        RGN solver time= 0.04318523406982422
        xnorm=1.753688476878678,dnorm=0.03935348332040266
        dense amplitude time= 0.00630497932434082
        total non-zero amplitudes= 4900
        nsamples per process= 159
        sample time= 0.12503337860107422
        self.n= 1.7084051054084735
        RGN updated loss=-14.003971461752451,dloss=-3.78716682369884e-06
step= 20

nparam= 435
        dense amplitude time= 0.01751995086669922
        total non-zero amplitudes= 4900
        nsamples per process= 159
        sample time= 1.4849011898040771
        self.n= 1.7084051054084717
        collect g,h time= 2.272230863571167
E=-14.003971461752453,dE=-3.7871668254751967e-06,std=0
L=-14.003971461752453,dL=-3.7871668254751967e-06,std=0
        gnorm= 0.00041477909385306827
        symmetric= True
        solver time=0.0029692649841308594,exit status=0
        SR solver time= 0.0030014514923095703
        symmetric= False
        niter= 34
        niter= 343
        solver time=0.04377460479736328,exit status=0
        RGN solver time= 0.04380655288696289
        xnorm=1.7672507027648203,dnorm=0.03745986992867055
        dense amplitude time= 0.007074117660522461
        total non-zero amplitudes= 4900
        nsamples per process= 159
        sample time= 0.12643170356750488
        self.n= 1.701621882289401
        RGN updated loss=-14.003974812035604,dloss=-3.3502831513487763e-06
step= 21

nparam= 435
        dense amplitude time= 0.017922639846801758
        total non-zero amplitudes= 4900
        nsamples per process= 159
        sample time= 1.4719209671020508
        self.n= 1.7016218822894005
        collect g,h time= 2.232506513595581
E=-14.003974812035604,dE=-3.3502831513487763e-06,std=0
L=-14.003974812035604,dL=-3.3502831513487763e-06,std=0
        gnorm= 0.0003762897776456639
        symmetric= True
        solver time=0.002588987350463867,exit status=0
        SR solver time= 0.0026297569274902344
        symmetric= False
        niter= 33
        niter= 346
        solver time=0.04386115074157715,exit status=0
        RGN solver time= 0.04388880729675293
        xnorm=1.7803326315277916,dnorm=0.03566403199712666
        dense amplitude time= 0.0063631534576416016
        total non-zero amplitudes= 4900
        nsamples per process= 159
        sample time= 0.12522578239440918
        self.n= 1.695055891418488
        RGN updated loss=-14.003977791186148,dloss=-2.979150544035747e-06
step= 22

nparam= 435
        dense amplitude time= 0.0063419342041015625
        total non-zero amplitudes= 4900
        nsamples per process= 159
        sample time= 1.5337355136871338
        self.n= 1.695055891418488
        collect g,h time= 2.2777152061462402
E=-14.003977791186148,dE=-2.979150544035747e-06,std=0
L=-14.003977791186148,dL=-2.979150544035747e-06,std=0
        gnorm= 0.0003557786453570856
        symmetric= True
        solver time=0.002599477767944336,exit status=0
        SR solver time= 0.0026319026947021484
        symmetric= False
        niter= 33
        niter= 343
        solver time=0.04334664344787598,exit status=0
        RGN solver time= 0.043379783630371094
        xnorm=1.7929791552966179,dnorm=0.03396341762454981
        dense amplitude time= 0.006309986114501953
        total non-zero amplitudes= 4900
        nsamples per process= 159
        sample time= 0.12639236450195312
        self.n= 1.6888306420036243
        RGN updated loss=-14.00398045135314,dloss=-2.660166991574897e-06
step= 23

nparam= 435
        dense amplitude time= 0.0064487457275390625
        total non-zero amplitudes= 4900
        nsamples per process= 159
        sample time= 1.5234367847442627
        self.n= 1.6888306420036274
        collect g,h time= 2.3101117610931396
E=-14.003980451353142,dE=-2.660166993351254e-06,std=0
L=-14.003980451353142,dL=-2.660166993351254e-06,std=0
        gnorm= 0.00034545961564158133
        symmetric= True
        solver time=0.002904176712036133,exit status=0
        SR solver time= 0.0029654502868652344
        symmetric= False
        niter= 32
        niter= 343
        solver time=0.04431629180908203,exit status=0
        RGN solver time= 0.04435586929321289
        xnorm=1.8052348684738928,dnorm=0.03235050618438044
        dense amplitude time= 0.006754398345947266
        total non-zero amplitudes= 4900
        nsamples per process= 159
        sample time= 0.1259145736694336
        self.n= 1.68297624388352
        RGN updated loss=-14.003982835140805,dloss=-2.3837876632626376e-06
step= 24

nparam= 435
        dense amplitude time= 0.00904393196105957
        total non-zero amplitudes= 4900
        nsamples per process= 159
        sample time= 1.4871866703033447
        self.n= 1.6829762438835203
        collect g,h time= 2.2098588943481445
E=-14.003982835140805,dE=-2.3837876632626376e-06,std=0
L=-14.003982835140805,dL=-2.3837876632626376e-06,std=0
        gnorm= 0.0003375138100281992
        symmetric= True
        solver time=0.0025327205657958984,exit status=0
        SR solver time= 0.0025641918182373047
        symmetric= False
        niter= 32
        solver time=0.04361081123352051,exit status=0
        RGN solver time= 0.043639421463012695
        xnorm=1.817128363499568,dnorm=0.03086118571902028
        niter= 343
        dense amplitude time= 0.006393909454345703
        total non-zero amplitudes= 4900
        nsamples per process= 159
        sample time= 0.12625861167907715
        self.n= 1.67751081681191
        RGN updated loss=-14.003984982133785,dloss=-2.1469929798456633e-06
step= 25

nparam= 435
        dense amplitude time= 0.006248950958251953
        total non-zero amplitudes= 4900
        nsamples per process= 159
        sample time= 1.4736595153808594
        self.n= 1.67751081681191
        collect g,h time= 2.2250452041625977
E=-14.003984982133785,dE=-2.1469929798456633e-06,std=0
L=-14.003984982133785,dL=-2.1469929798456633e-06,std=0
        gnorm= 0.00032987125054711054
        symmetric= True
        solver time=0.0024788379669189453,exit status=0
        SR solver time= 0.0025103092193603516
        symmetric= False
        niter= 31
        niter= 343
        solver time=0.04377484321594238,exit status=0
        RGN solver time= 0.04380154609680176
        xnorm=1.8286928686505597,dnorm=0.029503750229259326
        dense amplitude time= 0.006272554397583008
        total non-zero amplitudes= 4900
        nsamples per process= 159
        sample time= 0.12631583213806152
        self.n= 1.67242449584859
        RGN updated loss=-14.003986928103517,dloss=-1.945969732020103e-06
step= 26

nparam= 435
        dense amplitude time= 0.0063703060150146484
        total non-zero amplitudes= 4900
        nsamples per process= 159
        sample time= 1.555738925933838
        self.n= 1.6724244958485874
        collect g,h time= 2.2345502376556396
E=-14.003986928103522,dE=-1.9459697373491736e-06,std=0
L=-14.003986928103522,dL=-1.9459697373491736e-06,std=0
        gnorm= 0.0003218738874445637
        symmetric= True
        solver time=0.002393007278442383,exit status=0
        SR solver time= 0.0024254322052001953
        symmetric= False
        niter= 30
        niter= 342
        solver time=0.04351353645324707,exit status=0
        RGN solver time= 0.043543338775634766
        xnorm=1.8399559326497446,dnorm=0.028283876894890498
        dense amplitude time= 0.006384134292602539
        total non-zero amplitudes= 4900
        nsamples per process= 159
        sample time= 0.12577366828918457
        self.n= 1.6676690746716154
        RGN updated loss=-14.00398870455555,dloss=-1.7764520272578466e-06
step= 27

nparam= 435
        dense amplitude time= 0.007064104080200195
        total non-zero amplitudes= 4900
        nsamples per process= 159
        sample time= 1.469252586364746
        self.n= 1.6676690746716143
        collect g,h time= 2.3483669757843018
E=-14.003988704555551,dE=-1.7764520290342034e-06,std=0
L=-14.003988704555551,dL=-1.7764520290342034e-06,std=0
        gnorm= 0.0003129011905205799
        symmetric= True
        solver time=0.0024695396423339844,exit status=0
        SR solver time= 0.00250244140625
        symmetric= False
        niter= 31
        niter= 339
        solver time=0.0427396297454834,exit status=0
        RGN solver time= 0.042771100997924805
        xnorm=1.8509434674717455,dnorm=0.027220118280413357
        dense amplitude time= 0.0063779354095458984
        total non-zero amplitudes= 4900
        nsamples per process= 159
        sample time= 0.12548112869262695
        self.n= 1.6632143396530803
        RGN updated loss=-14.003990341602659,dloss=-1.6370471076498916e-06
step= 28

nparam= 435
        dense amplitude time= 0.01738262176513672
        total non-zero amplitudes= 4900
        nsamples per process= 159
        sample time= 1.4784953594207764
        self.n= 1.6632143396530794
        collect g,h time= 2.2348148822784424
E=-14.003990341602663,dE=-1.6370471112026053e-06,std=0
L=-14.003990341602663,dL=-1.6370471112026053e-06,std=0
        gnorm= 0.000302464281823298
        symmetric= True
        solver time=0.002407550811767578,exit status=0
        SR solver time= 0.0024390220642089844
        symmetric= False
        niter= 30
        niter= 335
        solver time=0.042733192443847656,exit status=0
        RGN solver time= 0.04276132583618164
        xnorm=1.8616750417149237,dnorm=0.02630341523994833
        dense amplitude time= 0.006346225738525391
        total non-zero amplitudes= 4900
        nsamples per process= 159
        sample time= 0.12637758255004883
        self.n= 1.6590462687390803
        RGN updated loss=-14.003991863654758,dloss=-1.5220520950265382e-06
step= 29

nparam= 435
        dense amplitude time= 0.006403446197509766
        total non-zero amplitudes= 4900
        nsamples per process= 159
        sample time= 1.5228605270385742
        self.n= 1.6590462687390812
        collect g,h time= 2.2973289489746094
E=-14.003991863654756,dE=-1.5220520932501813e-06,std=0
L=-14.003991863654756,dL=-1.5220520932501813e-06,std=0
        gnorm= 0.00029282736022846555
        symmetric= True
        solver time=0.0024008750915527344,exit status=0
        SR solver time= 0.002431631088256836
        symmetric= False
        niter= 30
        niter= 338
        solver time=0.04279041290283203,exit status=0
        RGN solver time= 0.04282021522521973
        xnorm=1.8721754740048548,dnorm=0.025505236258084915
        dense amplitude time= 0.006377696990966797
        total non-zero amplitudes= 4900
        nsamples per process= 159
        sample time= 0.12619853019714355
        self.n= 1.6551076552137016
        RGN updated loss=-14.003993290693906,dloss=-1.4270391499593416e-06
step= 30

nparam= 435
        dense amplitude time= 0.008073806762695312
        total non-zero amplitudes= 4900
        nsamples per process= 159
        sample time= 1.52958083152771
        self.n= 1.6551076552136985
        collect g,h time= 2.2890231609344482
E=-14.003993290693904,dE=-1.4270391481829847e-06,std=0
L=-14.003993290693904,dL=-1.4270391481829847e-06,std=0
        gnorm= 0.0002823589283747066
        symmetric= True
        solver time=0.0024261474609375,exit status=0
        SR solver time= 0.0024580955505371094
        symmetric= False
        niter= 31
        niter= 341
        solver time=0.04337191581726074,exit status=0
        RGN solver time= 0.04340386390686035
        xnorm=1.8824670520296094,dnorm=0.024794936036128604
        dense amplitude time= 0.006318569183349609
        total non-zero amplitudes= 4900
        nsamples per process= 159
        sample time= 0.12660598754882812
        self.n= 1.6513337183288739
        RGN updated loss=-14.003994637183599,dloss=-1.3464896948534033e-06
step= 31

nparam= 435
        dense amplitude time= 0.017364501953125
        total non-zero amplitudes= 4900
        nsamples per process= 159
        sample time= 1.4863581657409668
        self.n= 1.6513337183288732
        collect g,h time= 2.2167418003082275
E=-14.003994637183593,dE=-1.3464896895243328e-06,std=0
L=-14.003994637183593,dL=-1.3464896895243328e-06,std=0
        gnorm= 0.00027260232118866897
        symmetric= True
        solver time=0.0025818347930908203,exit status=0
        SR solver time= 0.0026466846466064453
        symmetric= False
        niter= 30
        niter= 342
        solver time=0.04371809959411621,exit status=0
        RGN solver time= 0.04374980926513672
        xnorm=1.8925762858547306,dnorm=0.024196093632322987
        dense amplitude time= 0.0063266754150390625
        total non-zero amplitudes= 4900
        nsamples per process= 159
        sample time= 0.12537384033203125
        self.n= 1.647743531607504
        RGN updated loss=-14.003995917910643,dloss=-1.2807270497461332e-06
step= 32

nparam= 435
        dense amplitude time= 0.010297536849975586
        total non-zero amplitudes= 4900
        nsamples per process= 159
        sample time= 1.498945951461792
        self.n= 1.6477435316075026
        collect g,h time= 2.2974021434783936
E=-14.003995917910641,dE=-1.2807270479697763e-06,std=0
L=-14.003995917910641,dL=-1.2807270479697763e-06,std=0
        gnorm= 0.0002635253291377866
        symmetric= True
        solver time=0.002426624298095703,exit status=0
        SR solver time= 0.0024585723876953125
        symmetric= False
        niter= 31
        niter= 343
        solver time=0.0435791015625,exit status=0
        RGN solver time= 0.0436100959777832
        xnorm=1.9025024279989886,dnorm=0.023689975270329136
        dense amplitude time= 0.0063097476959228516
        total non-zero amplitudes= 4900
        nsamples per process= 159
        sample time= 0.1260528564453125
        self.n= 1.6443537474435428
        RGN updated loss=-14.00399714303042,dloss=-1.2251197780699385e-06
step= 33

nparam= 435
        dense amplitude time= 0.01685953140258789
        total non-zero amplitudes= 4900
        nsamples per process= 159
        sample time= 1.4708812236785889
        self.n= 1.6443537474435423
        collect g,h time= 2.239238977432251
E=-14.00399714303042,dE=-1.2251197780699385e-06,std=0
L=-14.00399714303042,dL=-1.2251197780699385e-06,std=0
        gnorm= 0.00025367090901717366
        symmetric= True
        solver time=0.002365589141845703,exit status=0
        SR solver time= 0.0023953914642333984
        symmetric= False
        niter= 30
        niter= 343
        solver time=0.043624162673950195,exit status=0
        RGN solver time= 0.0436558723449707
        xnorm=1.9122463915656496,dnorm=0.023214246918105995
        dense amplitude time= 0.006247282028198242
        total non-zero amplitudes= 4900
        nsamples per process= 159
        sample time= 0.12537240982055664
        self.n= 1.6411081014734412
        RGN updated loss=-14.00399831851853,dloss=-1.1754881104053538e-06
step= 34

nparam= 435
        dense amplitude time= 0.006272315979003906
        total non-zero amplitudes= 4900
        nsamples per process= 159
        sample time= 1.4946014881134033
        self.n= 1.6411081014734432
        collect g,h time= 2.2459194660186768
E=-14.00399831851853,dE=-1.1754881104053538e-06,std=0
L=-14.00399831851853,dL=-1.1754881104053538e-06,std=0
        gnorm= 0.0002443228984032906
        symmetric= True
        solver time=0.0024940967559814453,exit status=0
        SR solver time= 0.0025255680084228516
        symmetric= False
        niter= 31
        niter= 343
        solver time=0.04357576370239258,exit status=0
        RGN solver time= 0.04360246658325195
        xnorm=1.921831436400446,dnorm=0.022779357025544074
        dense amplitude time= 0.006353139877319336
        total non-zero amplitudes= 4900
        nsamples per process= 159
        sample time= 0.12562036514282227
        self.n= 1.6380110019798924
        RGN updated loss=-14.003999449394172,dloss=-1.1308756420191912e-06
step= 35

nparam= 435
        dense amplitude time= 0.0063054561614990234
        total non-zero amplitudes= 4900
        nsamples per process= 159
        sample time= 1.487380027770996
        self.n= 1.6380110019798937
        collect g,h time= 2.2173423767089844
E=-14.003999449394168,dE=-1.1308756384664775e-06,std=0
L=-14.003999449394168,dL=-1.1308756384664775e-06,std=0
        gnorm= 0.00023520861500974
        symmetric= True
        solver time=0.0024602413177490234,exit status=0
        SR solver time= 0.002492666244506836
        symmetric= False
        niter= 31
        niter= 343
        solver time=0.04352235794067383,exit status=0
        RGN solver time= 0.04354977607727051
        xnorm=1.931260837676552,dnorm=0.022374184674551593
        dense amplitude time= 0.006354808807373047
        total non-zero amplitudes= 4900
        nsamples per process= 159
        sample time= 0.1256256103515625
        self.n= 1.6350717690411671
        RGN updated loss=-14.004000539440387,dloss=-1.09004621862141e-06
step= 36

nparam= 435
        dense amplitude time= 0.006356477737426758
        total non-zero amplitudes= 4900
        nsamples per process= 159
        sample time= 1.561976671218872
        self.n= 1.6350717690411671
        collect g,h time= 2.248277187347412
E=-14.004000539440385,dE=-1.090046216845053e-06,std=0
L=-14.004000539440385,dL=-1.090046216845053e-06,std=0
        gnorm= 0.0002261691580768671
        symmetric= True
        solver time=0.002424955368041992,exit status=0
        SR solver time= 0.0024569034576416016
        symmetric= False
        niter= 30
        niter= 343
        solver time=0.04359579086303711,exit status=0
        RGN solver time= 0.04362630844116211
        xnorm=1.9405367285752149,dnorm=0.02198945280106783
        dense amplitude time= 0.006319761276245117
        total non-zero amplitudes= 4900
        nsamples per process= 159
        sample time= 0.12553763389587402
        self.n= 1.6323007916668164
        RGN updated loss=-14.004001591316543,dloss=-1.0518761577316127e-06
step= 37

nparam= 435
        dense amplitude time= 0.007251262664794922
        total non-zero amplitudes= 4900
        nsamples per process= 159
        sample time= 1.4762940406799316
        self.n= 1.632300791666819
        collect g,h time= 2.3367486000061035
E=-14.004001591316541,dE=-1.0518761559552559e-06,std=0
L=-14.004001591316541,dL=-1.0518761559552559e-06,std=0
        gnorm= 0.00021723650997267172
        symmetric= True
        solver time=0.002381563186645508,exit status=0
        SR solver time= 0.0024139881134033203
        symmetric= False
        niter= 30
        niter= 345
        solver time=0.043608903884887695,exit status=0
        RGN solver time= 0.0436406135559082
        xnorm=1.949660529621071,dnorm=0.02161976096821503
        dense amplitude time= 0.006289958953857422
        total non-zero amplitudes= 4900
        nsamples per process= 159
        sample time= 0.1259293556213379
        self.n= 1.629710469865277
        RGN updated loss=-14.004002606842638,dloss=-1.015526096992403e-06
step= 38

nparam= 435
        dense amplitude time= 0.0191192626953125
        total non-zero amplitudes= 4900
        nsamples per process= 159
        sample time= 1.497734785079956
        self.n= 1.6297104698652802
        collect g,h time= 2.2166452407836914
E=-14.00400260684264,dE=-1.0155260987687598e-06,std=0
L=-14.00400260684264,dL=-1.0155260987687598e-06,std=0
        gnorm= 0.00020842278371265382
        symmetric= True
        solver time=0.002335071563720703,exit status=0
        SR solver time= 0.002367258071899414
        symmetric= False
        niter= 30
        niter= 346
        solver time=0.04413008689880371,exit status=0
        RGN solver time= 0.04416227340698242
        xnorm=1.95863319017941,dnorm=0.021257362101005525
        dense amplitude time= 0.006398439407348633
        total non-zero amplitudes= 4900
        nsamples per process= 159
        sample time= 0.12623810768127441
        self.n= 1.6273116009594373
        RGN updated loss=-14.004003587268144,dloss=-9.804255043377452e-07
step= 39

nparam= 435
        dense amplitude time= 0.00638580322265625
        total non-zero amplitudes= 4900
        nsamples per process= 159
        sample time= 1.490652084350586
        self.n= 1.627311600959437
        collect g,h time= 2.2419228553771973
E=-14.004003587268151,dE=-9.804255114431726e-07,std=0
L=-14.004003587268151,dL=-9.804255114431726e-07,std=0
        gnorm= 0.00019955729369473252
        symmetric= True
        solver time=0.0023827552795410156,exit status=0
        SR solver time= 0.0024144649505615234
        symmetric= False
        niter= 30
        niter= 347
        solver time=0.04393124580383301,exit status=0
        RGN solver time= 0.04395699501037598
        xnorm=1.9674546376635447,dnorm=0.020900763094953517
        dense amplitude time= 0.006319999694824219
        total non-zero amplitudes= 4900
        nsamples per process= 159
        sample time= 0.12601327896118164
        self.n= 1.6251184373409153
        RGN updated loss=-14.004004533820078,dloss=-9.465519266171896e-07
step= 40

nparam= 435
        dense amplitude time= 0.017876625061035156
        total non-zero amplitudes= 4900
        nsamples per process= 159
        sample time= 1.4799695014953613
        self.n= 1.6251184373409147
        collect g,h time= 2.307579755783081
E=-14.004004533820078,dE=-9.465519266171896e-07,std=0
L=-14.004004533820078,dL=-9.465519266171896e-07,std=0
        gnorm= 0.00019083894536019952
        symmetric= True
        solver time=0.002464771270751953,exit status=0
        SR solver time= 0.0024979114532470703
        symmetric= False
        niter= 30
        niter= 347
        solver time=0.04390835762023926,exit status=0
        RGN solver time= 0.04393815994262695
        xnorm=1.976124567148989,dnorm=0.020549676559299603
        dense amplitude time= 0.0063555240631103516
        total non-zero amplitudes= 4900
        nsamples per process= 159
        sample time= 0.1261310577392578
        self.n= 1.6231412742895128
        RGN updated loss=-14.004005447357214,dloss=-9.135371357160693e-07
step= 41

nparam= 435
        dense amplitude time= 0.017293214797973633
        total non-zero amplitudes= 4900
        nsamples per process= 159
        sample time= 1.473109483718872
        self.n= 1.623141274289511
        collect g,h time= 2.2737176418304443
E=-14.004005447357214,dE=-9.135371357160693e-07,std=0
L=-14.004005447357214,dL=-9.135371357160693e-07,std=0
        gnorm= 0.0001821393447965238
        symmetric= True
        solver time=0.002337932586669922,exit status=0
        SR solver time= 0.0023691654205322266
        symmetric= False
        niter= 29
        niter= 345
        solver time=0.04365420341491699,exit status=0
        RGN solver time= 0.04368734359741211
        xnorm=1.9846435769870863,dnorm=0.020198616814916172
        dense amplitude time= 0.006302833557128906
        total non-zero amplitudes= 4900
        nsamples per process= 159
        sample time= 0.12622570991516113
        self.n= 1.621387392272994
        RGN updated loss=-14.00400632863799,dloss=-8.812807763547426e-07
step= 42

nparam= 435
        dense amplitude time= 0.010848522186279297
        total non-zero amplitudes= 4900
        nsamples per process= 159
        sample time= 1.487717628479004
        self.n= 1.6213873922729949
        collect g,h time= 2.2438457012176514
E=-14.00400632863799,dE=-8.812807763547426e-07,std=0
L=-14.00400632863799,dL=-8.812807763547426e-07,std=0
        gnorm= 0.00017334809083687733
        symmetric= True
        solver time=0.002302885055541992,exit status=0
        SR solver time= 0.002333402633666992
        symmetric= False
        niter= 29
        niter= 343
        solver time=0.04374957084655762,exit status=0
        RGN solver time= 0.04378032684326172
        xnorm=1.9930124764475123,dnorm=0.01985055663782897
        dense amplitude time= 0.006462574005126953
        total non-zero amplitudes= 4900
        nsamples per process= 159
        sample time= 0.12567615509033203
        self.n= 1.6198643277598177
        RGN updated loss=-14.004007178327717,dloss=-8.496897265786174e-07
step= 43

nparam= 435
        dense amplitude time= 0.017770767211914062
        total non-zero amplitudes= 4900
        nsamples per process= 159
        sample time= 1.4880914688110352
        self.n= 1.6198643277598213
        collect g,h time= 2.275632858276367
E=-14.004007178327711,dE=-8.496897212495469e-07,std=0
L=-14.004007178327711,dL=-8.496897212495469e-07,std=0
        gnorm= 0.00016478115159052908
        symmetric= True
        solver time=0.0023500919342041016,exit status=0
        SR solver time= 0.002382993698120117
        symmetric= False
        niter= 29
        niter= 343
        solver time=0.043593645095825195,exit status=0
        RGN solver time= 0.04362225532531738
        xnorm=2.001232749862992,dnorm=0.01949930198555482
        dense amplitude time= 0.0062906742095947266
        total non-zero amplitudes= 4900
        nsamples per process= 159
        sample time= 0.1263868808746338
        self.n= 1.6185727739726574
        RGN updated loss=-14.004007996949316,dloss=-8.186216042815886e-07
step= 44

nparam= 435
        dense amplitude time= 0.017206907272338867
        total non-zero amplitudes= 4900
        nsamples per process= 159
        sample time= 1.4822947978973389
        self.n= 1.6185727739726583
        collect g,h time= 2.2304470539093018
E=-14.00400799694932,dE=-8.186216078343023e-07,std=0
L=-14.00400799694932,dL=-8.186216078343023e-07,std=0
        gnorm= 0.0001562374179139364
        symmetric= True
        solver time=0.0023000240325927734,exit status=0
        SR solver time= 0.002331256866455078
        symmetric= False
        niter= 29
        niter= 343
        solver time=0.043760061264038086,exit status=0
        RGN solver time= 0.0437924861907959
        xnorm=2.0093045450798703,dnorm=0.01914935121106004
        dense amplitude time= 0.006302595138549805
        total non-zero amplitudes= 4900
        nsamples per process= 159
        sample time= 0.12601518630981445
        self.n= 1.6175149809229097
        RGN updated loss=-14.0040087854869,dloss=-7.885375801208738e-07
step= 45

nparam= 435
        dense amplitude time= 0.006292104721069336
        total non-zero amplitudes= 4900
        nsamples per process= 159
        sample time= 1.5181818008422852
        self.n= 1.6175149809229108
        collect g,h time= 2.225248336791992
E=-14.004008785486903,dE=-7.885375836735875e-07,std=0
L=-14.004008785486903,dL=-7.885375836735875e-07,std=0
        gnorm= 0.00014730334614480598
        symmetric= True
        solver time=0.0022125244140625,exit status=0
        SR solver time= 0.002243518829345703
        symmetric= False
        niter= 29
        niter= 343
        solver time=0.043561458587646484,exit status=0
        RGN solver time= 0.043591976165771484
        xnorm=2.017229637980761,dnorm=0.018805197182146214
        dense amplitude time= 0.0062923431396484375
        total non-zero amplitudes= 4900
        nsamples per process= 159
        sample time= 0.12577486038208008
        self.n= 1.6167026060094423
        RGN updated loss=-14.004009544461423,dloss=-7.589745205649479e-07
step= 46

nparam= 435
        dense amplitude time= 0.006486177444458008
        total non-zero amplitudes= 4900
        nsamples per process= 159
        sample time= 1.4977459907531738
        self.n= 1.61670260600944
        collect g,h time= 2.2639925479888916
E=-14.004009544461425,dE=-7.589745223413047e-07,std=0
L=-14.004009544461425,dL=-7.589745223413047e-07,std=0
        gnorm= 0.00013940596632693386
        symmetric= True
        solver time=0.0022394657135009766,exit status=0
        SR solver time= 0.0022704601287841797
        symmetric= False
        niter= 29
        niter= 343
        solver time=0.043697357177734375,exit status=0
        RGN solver time= 0.043737173080444336
        xnorm=2.025013066782078,dnorm=0.018455369807964996
        dense amplitude time= 0.0063021183013916016
        total non-zero amplitudes= 4900
        nsamples per process= 159
        sample time= 0.12598347663879395
        self.n= 1.6161220126809401
        RGN updated loss=-14.004010274535279,dloss=-7.300738538162932e-07
step= 47

nparam= 435
        dense amplitude time= 0.006311893463134766
        total non-zero amplitudes= 4900
        nsamples per process= 159
        sample time= 1.496840238571167
        self.n= 1.61612201268094
        collect g,h time= 2.324982166290283
E=-14.004010274535283,dE=-7.300738573690069e-07,std=0
L=-14.004010274535283,dL=-7.300738573690069e-07,std=0
        gnorm= 0.00013122304447011997
        symmetric= True
        solver time=0.0023093223571777344,exit status=0
        SR solver time= 0.002343893051147461
        symmetric= False
        niter= 29
        niter= 347
        solver time=0.04406142234802246,exit status=0
        RGN solver time= 0.044092416763305664
        xnorm=2.032653969372682,dnorm=0.018109502146593764
        dense amplitude time= 0.0062792301177978516
        total non-zero amplitudes= 4900
        nsamples per process= 159
        sample time= 0.12580084800720215
        self.n= 1.6157689531685695
        RGN updated loss=-14.004010976518881,dloss=-7.019835983612666e-07
step= 48

nparam= 435
        dense amplitude time= 0.006317138671875
        total non-zero amplitudes= 4900
        nsamples per process= 159
        sample time= 1.488943099975586
        self.n= 1.6157689531685686
        collect g,h time= 2.2383739948272705
E=-14.00401097651888,dE=-7.019835965849097e-07,std=0
L=-14.00401097651888,dL=-7.019835965849097e-07,std=0
        gnorm= 0.00012338006340057933
        symmetric= True
        solver time=0.0022394657135009766,exit status=0
        SR solver time= 0.0022699832916259766
        symmetric= False
        niter= 29
        niter= 348
        solver time=0.043939828872680664,exit status=0
        RGN solver time= 0.04397082328796387
        xnorm=2.040155276804282,dnorm=0.0177642687485297
        dense amplitude time= 0.006254434585571289
        total non-zero amplitudes= 4900
        nsamples per process= 159
        sample time= 0.12573909759521484
        self.n= 1.6156391031615946
        RGN updated loss=-14.00401165114632,dloss=-6.746274401336905e-07
step= 49

nparam= 435
        dense amplitude time= 0.006328105926513672
        total non-zero amplitudes= 4900
        nsamples per process= 159
        sample time= 1.5190117359161377
        self.n= 1.6156391031615898
        collect g,h time= 2.281277656555176
E=-14.004011651146316,dE=-6.746274365809768e-07,std=0
L=-14.004011651146316,dL=-6.746274365809768e-07,std=0
        gnorm= 0.00011572576006102907
        symmetric= True
        solver time=0.0022783279418945312,exit status=0
        SR solver time= 0.002308368682861328
        symmetric= False
        niter= 29
        niter= 354
        solver time=0.04497861862182617,exit status=0
        RGN solver time= 0.04500627517700195
        xnorm=2.047519181128291,dnorm=0.017422783365993295
        dense amplitude time= 0.006344795227050781
        total non-zero amplitudes= 4900
        nsamples per process= 159
        sample time= 0.12470412254333496
        self.n= 1.6157264544435195
        RGN updated loss=-14.004012299324721,dloss=-6.481784051715067e-07
(mpi4py) [rpeng@holy8a24601 J-pmg1]$
layer= 0
nparam= 252

layer= 1
nparam= 63

step= 50

nparam= 435
ntotal configs= 4900
        dense amplitude time= 0.0069293975830078125
        total non-zero amplitudes= 4900
        nsamples per process= 159
        sample time= 1.662017822265625
        self.n= 1.6157264544435175
        collect g,h time= 2.467653751373291
E=-14.004012299324723,dE=0,std=0
L=-14.004012299324723,dL=0,std=0
        gnorm= 0.00010836607262793763
        symmetric= True
        solver time=0.0042269229888916016,exit status=0
        SR solver time= 0.0043065547943115234
        symmetric= False
        niter= 29
        niter= 294
        solver time=0.043501853942871094,exit status=0
        RGN solver time= 0.04353833198547363
        xnorm=2.0547488132886,dnorm=0.01731328413510169
        dense amplitude time= 0.006429195404052734
        total non-zero amplitudes= 4900
        nsamples per process= 159
        sample time= 0.12441515922546387
        self.n= 1.6158846152460158
        RGN updated loss=-14.00401293356548,dloss=-6.342407576909181e-07
step= 51

nparam= 435
        dense amplitude time= 0.0076715946197509766
        total non-zero amplitudes= 4900
        nsamples per process= 159
        sample time= 1.4555978775024414
        self.n= 1.615884615246017
        collect g,h time= 2.253176689147949
E=-14.004012933565479,dE=-6.342407559145613e-07,std=0
L=-14.004012933565479,dL=-6.342407559145613e-07,std=0
        gnorm= 6.656884740343872e-05
        symmetric= True
        solver time=0.0026731491088867188,exit status=0
        SR solver time= 0.0027065277099609375
        symmetric= False
        niter= 27
        niter= 312
        solver time=0.04234957695007324,exit status=0
        RGN solver time= 0.04238390922546387
        xnorm=2.0619462218239177,dnorm=0.016981347982897108
        dense amplitude time= 0.006869316101074219
        total non-zero amplitudes= 4900
        nsamples per process= 159
        sample time= 0.12495708465576172
        self.n= 1.6162963542081668
        RGN updated loss=-14.004013539869748,dloss=-6.063042690129805e-07
step= 52

nparam= 435
        dense amplitude time= 0.006927013397216797
        total non-zero amplitudes= 4900
        nsamples per process= 159
        sample time= 1.504333257675171
        self.n= 1.6162963542081656
        collect g,h time= 2.25376033782959
E=-14.00401353986975,dE=-6.063042707893374e-07,std=0
L=-14.00401353986975,dL=-6.063042707893374e-07,std=0
        gnorm= 5.90042452366894e-05
        symmetric= True
        solver time=0.0025725364685058594,exit status=0
        SR solver time= 0.0026345252990722656
        symmetric= False
        niter= 28
        niter= 312
        solver time=0.04122018814086914,exit status=0
        RGN solver time= 0.041255950927734375
        xnorm=2.06900737577069,dnorm=0.01664165108765283
        dense amplitude time= 0.006372213363647461
        total non-zero amplitudes= 4900
        nsamples per process= 159
        sample time= 0.12450122833251953
        self.n= 1.6169363015702745
        RGN updated loss=-14.004014121184012,dloss=-5.813142625044065e-07
step= 53

nparam= 435
        dense amplitude time= 0.006247997283935547
        total non-zero amplitudes= 4900
        nsamples per process= 159
        sample time= 1.4704022407531738
        self.n= 1.6169363015702736
        collect g,h time= 2.3136165142059326
E=-14.004014121184014,dE=-5.813142642807634e-07,std=0
L=-14.004014121184014,dL=-5.813142642807634e-07,std=0
        gnorm= 5.448903322740226e-05
        symmetric= True
        solver time=0.0022001266479492188,exit status=0
        SR solver time= 0.002230405807495117
        symmetric= False
        niter= 27
        niter= 312
        solver time=0.04019308090209961,exit status=0
        RGN solver time= 0.04022550582885742
        xnorm=2.075935634685743,dnorm=0.016306224797110743
        dense amplitude time= 0.006489992141723633
        total non-zero amplitudes= 4900
        nsamples per process= 159
        sample time= 0.12455153465270996
        self.n= 1.6177869431698806
        RGN updated loss=-14.004014678753077,dloss=-5.57569062920038e-07
step= 54

nparam= 435
        dense amplitude time= 0.0062520503997802734
        total non-zero amplitudes= 4900
        nsamples per process= 159
        sample time= 1.5028018951416016
        self.n= 1.617786943169878
        collect g,h time= 2.2279694080352783
E=-14.004014678753078,dE=-5.575690646963949e-07,std=0
L=-14.004014678753078,dL=-5.575690646963949e-07,std=0
        gnorm= 5.068582921523697e-05
        symmetric= True
        solver time=0.002610921859741211,exit status=0
        SR solver time= 0.0026683807373046875
        symmetric= False
        niter= 28
        niter= 312
        solver time=0.04070258140563965,exit status=0
        RGN solver time= 0.040735483169555664
        xnorm=2.0827347257540105,dnorm=0.015976914494316635
        dense amplitude time= 0.006722211837768555
        total non-zero amplitudes= 4900
        nsamples per process= 159
        sample time= 0.12480616569519043
        self.n= 1.6188350777440843
        RGN updated loss=-14.004015213624537,dloss=-5.348714591235648e-07
step= 55

nparam= 435
        dense amplitude time= 0.007677316665649414
        total non-zero amplitudes= 4900
        nsamples per process= 159
        sample time= 1.4645657539367676
        self.n= 1.6188350777440828
        collect g,h time= 2.3136727809906006
E=-14.004015213624536,dE=-5.34871457347208e-07,std=0
L=-14.004015213624536,dL=-5.34871457347208e-07,std=0
        gnorm= 4.725528383570561e-05
        symmetric= True
        solver time=0.0023157596588134766,exit status=0
        SR solver time= 0.002347230911254883
        symmetric= False
        niter= 28
        niter= 312
        solver time=0.04069685935974121,exit status=0
        RGN solver time= 0.04073452949523926
        xnorm=2.08940832202661,dnorm=0.0156536115487361
        dense amplitude time= 0.006361961364746094
        total non-zero amplitudes= 4900
        nsamples per process= 159
        sample time= 0.12495589256286621
        self.n= 1.6200691083991146
        RGN updated loss=-14.004015726757585,dloss=-5.131330489405173e-07
step= 56

nparam= 435
        dense amplitude time= 0.006130695343017578
        total non-zero amplitudes= 4900
        nsamples per process= 159
        sample time= 1.4655177593231201
        self.n= 1.620069108399114
        collect g,h time= 2.3425514698028564
E=-14.004015726757585,dE=-5.131330489405173e-07,std=0
L=-14.004015726757585,dL=-5.131330489405173e-07,std=0
        gnorm= 4.414148420007917e-05
        symmetric= True
        solver time=0.002208709716796875,exit status=0
        SR solver time= 0.0022430419921875
        symmetric= False
        niter= 28
        niter= 312
        solver time=0.04045557975769043,exit status=0
        RGN solver time= 0.04048466682434082
        xnorm=2.0959597968477297,dnorm=0.01533838864827381
        dense amplitude time= 0.006337404251098633
        total non-zero amplitudes= 4900
        nsamples per process= 159
        sample time= 0.1248931884765625
        self.n= 1.6214788711713517
        RGN updated loss=-14.004016219137476,dloss=-4.923798915257294e-07
step= 57

nparam= 435
        dense amplitude time= 0.011214733123779297
        total non-zero amplitudes= 4900
        nsamples per process= 159
        sample time= 1.4511358737945557
        self.n= 1.6214788711713513
        collect g,h time= 2.256242513656616
E=-14.00401621913747,dE=-4.923798861966588e-07,std=0
L=-14.00401621913747,dL=-4.923798861966588e-07,std=0
        gnorm= 4.1293055188314055e-05
        symmetric= True
        solver time=0.002581357955932617,exit status=0
        SR solver time= 0.002641439437866211
        symmetric= False
        niter= 28
        niter= 316
        solver time=0.041284799575805664,exit status=0
        RGN solver time= 0.04131889343261719
        xnorm=2.1023930560213246,dnorm=0.015029126434762428
        dense amplitude time= 0.0067901611328125
        total non-zero amplitudes= 4900
        nsamples per process= 159
        sample time= 0.12401366233825684
        self.n= 1.6230546060559972
        RGN updated loss=-14.004016691636417,dloss=-4.7249894663536907e-07
step= 58

nparam= 435
        dense amplitude time= 0.00686335563659668
        total non-zero amplitudes= 4900
        nsamples per process= 159
        sample time= 1.4541189670562744
        self.n= 1.6230546060559958
        collect g,h time= 2.334791898727417
E=-14.004016691636416,dE=-4.7249894485901223e-07,std=0
L=-14.004016691636416,dL=-4.7249894485901223e-07,std=0
        gnorm= 3.869947297064215e-05
        symmetric= True
        solver time=0.002542257308959961,exit status=0
        SR solver time= 0.0025742053985595703
        symmetric= False
        niter= 28
        niter= 320
        solver time=0.0412290096282959,exit status=0
        RGN solver time= 0.04126119613647461
        xnorm=2.108710985363057,dnorm=0.014726905574534148
        dense amplitude time= 0.0066912174224853516
        total non-zero amplitudes= 4900
        nsamples per process= 159
        sample time= 0.12489604949951172
        self.n= 1.6247872243076706
        RGN updated loss=-14.004017145125761,dloss=-4.534893456309419e-07
step= 59

nparam= 435
        dense amplitude time= 0.0060770511627197266
        total non-zero amplitudes= 4900
        nsamples per process= 159
        sample time= 1.4809622764587402
        self.n= 1.624787224307668
        collect g,h time= 2.304659128189087
E=-14.004017145125763,dE=-4.5348934740729874e-07,std=0
L=-14.004017145125763,dL=-4.5348934740729874e-07,std=0
        gnorm= 3.6337835887140756e-05
        symmetric= True
        solver time=0.0022673606872558594,exit status=0
        SR solver time= 0.0022974014282226562
        symmetric= False
        niter= 28
        niter= 327
        solver time=0.041672468185424805,exit status=0
        RGN solver time= 0.04170489311218262
        xnorm=2.114916601728197,dnorm=0.014431976014392753
        dense amplitude time= 0.0063304901123046875
        total non-zero amplitudes= 4900
        nsamples per process= 159
        sample time= 0.12529492378234863
        self.n= 1.626668070660296
        RGN updated loss=-14.004017580463502,dloss=-4.3533773919079977e-07
step= 60

nparam= 435
        dense amplitude time= 0.007069826126098633
        total non-zero amplitudes= 4900
        nsamples per process= 159
        sample time= 1.5075159072875977
        self.n= 1.6266680706602963
        collect g,h time= 2.277139902114868
E=-14.004017580463506,dE=-4.3533774274351345e-07,std=0
L=-14.004017580463506,dL=-4.3533774274351345e-07,std=0
        gnorm= 3.419672714750869e-05
        symmetric= True
        solver time=0.002680540084838867,exit status=0
        SR solver time= 0.002739429473876953
        symmetric= False
        niter= 28
        niter= 329
        solver time=0.042970895767211914,exit status=0
        RGN solver time= 0.04300403594970703
        xnorm=2.121012889205939,dnorm=0.014143892686914543
        dense amplitude time= 0.006720304489135742
        total non-zero amplitudes= 4900
        nsamples per process= 159
        sample time= 0.125291109085083
        self.n= 1.6286890131075686
        RGN updated loss=-14.004017998431609,dloss=-4.1796810279493e-07
step= 61

nparam= 435
        dense amplitude time= 0.013587713241577148
        total non-zero amplitudes= 4900
        nsamples per process= 159
        sample time= 1.5167689323425293
        self.n= 1.6286890131075669
        collect g,h time= 2.313717842102051
E=-14.004017998431607,dE=-4.179681010185732e-07,std=0
L=-14.004017998431607,dL=-4.179681010185732e-07,std=0
        gnorm= 3.226738084957157e-05
        symmetric= True
        solver time=0.0024428367614746094,exit status=0
        SR solver time= 0.0024743080139160156
        symmetric= False
        niter= 28
        niter= 331
        solver time=0.04272770881652832,exit status=0
        RGN solver time= 0.04276084899902344
        xnorm=2.127002424037174,dnorm=0.01386364196839425
        dense amplitude time= 0.006819486618041992
        total non-zero amplitudes= 4900
        nsamples per process= 159
        sample time= 0.12685418128967285
        self.n= 1.6308429301997087
        RGN updated loss=-14.00401839990762,dloss=-4.014760133230766e-07
step= 62

nparam= 435
        dense amplitude time= 0.01949143409729004
        total non-zero amplitudes= 4900
        nsamples per process= 159
        sample time= 1.4999372959136963
        self.n= 1.6308429301997096
        collect g,h time= 2.246183156967163
E=-14.00401839990762,dE=-4.014760133230766e-07,std=0
L=-14.00401839990762,dL=-4.014760133230766e-07,std=0
        gnorm= 3.049843325693798e-05
        symmetric= True
        solver time=0.0025687217712402344,exit status=0
        SR solver time= 0.0026001930236816406
        symmetric= False
        niter= 28
        niter= 334
        solver time=0.04519939422607422,exit status=0
        RGN solver time= 0.045227766036987305
        xnorm=2.132887640677122,dnorm=0.013590274287002534
        dense amplitude time= 0.0067560672760009766
        total non-zero amplitudes= 4900
        nsamples per process= 159
        sample time= 0.1261448860168457
        self.n= 1.633121859897542
        RGN updated loss=-14.00401878560602,dloss=-3.856983994410257e-07
step= 63

nparam= 435
        dense amplitude time= 0.007083415985107422
        total non-zero amplitudes= 4900
        nsamples per process= 159
        sample time= 1.4603652954101562
        self.n= 1.633121859897543
        collect g,h time= 2.3355181217193604
E=-14.004018785606021,dE=-3.856984012173825e-07,std=0
L=-14.004018785606021,dL=-3.856984012173825e-07,std=0
        gnorm= 2.8908595486078906e-05
        symmetric= True
        solver time=0.002300739288330078,exit status=0
        SR solver time= 0.0023338794708251953
        symmetric= False
        niter= 28
        niter= 336
        solver time=0.0433964729309082,exit status=0
        RGN solver time= 0.04342913627624512
        xnorm=2.1386711905477727,dnorm=0.013324246607623358
        dense amplitude time= 0.00644683837890625
        total non-zero amplitudes= 4900
        nsamples per process= 159
        sample time= 0.12464380264282227
        self.n= 1.635518893708354
        RGN updated loss=-14.004019156266816,dloss=-3.7066079450198686e-07
step= 64

nparam= 435
        dense amplitude time= 0.006319522857666016
        total non-zero amplitudes= 4900
        nsamples per process= 159
        sample time= 1.4553277492523193
        self.n= 1.6355188937083522
        collect g,h time= 2.3082919120788574
E=-14.004019156266816,dE=-3.7066079450198686e-07,std=0
L=-14.004019156266816,dL=-3.7066079450198686e-07,std=0
        gnorm= 2.7474454428743253e-05
        symmetric= True
        solver time=0.0023674964904785156,exit status=0
        SR solver time= 0.0024068355560302734
        symmetric= False
        niter= 29
        niter= 339
        solver time=0.04352450370788574,exit status=0
        RGN solver time= 0.04355430603027344
        xnorm=2.144355418649058,dnorm=0.013065573487216231
        dense amplitude time= 0.006310224533081055
        total non-zero amplitudes= 4900
        nsamples per process= 159
        sample time= 0.12528014183044434
        self.n= 1.6380275078871316
        RGN updated loss=-14.004019512603266,dloss=-3.563364501246724e-07
step= 65

nparam= 435
        dense amplitude time= 0.015866756439208984
        total non-zero amplitudes= 4900
        nsamples per process= 159
        sample time= 1.4777400493621826
        self.n= 1.6380275078871316
        collect g,h time= 2.3714253902435303
E=-14.004019512603266,dE=-3.563364501246724e-07,std=0
L=-14.004019512603266,dL=-3.563364501246724e-07,std=0
        gnorm= 2.61795614636752e-05
        symmetric= True
        solver time=0.0025501251220703125,exit status=0
        SR solver time= 0.0026161670684814453
        symmetric= False
        niter= 29
        niter= 341
        solver time=0.04460024833679199,exit status=0
        RGN solver time= 0.04462909698486328
        xnorm=2.149942536780447,dnorm=0.012814284636338824
        dense amplitude time= 0.0063745975494384766
        total non-zero amplitudes= 4900
        nsamples per process= 159
        sample time= 0.12435650825500488
        self.n= 1.6406415220708315
        RGN updated loss=-14.004019855301452,dloss=-3.426981862730827e-07
step= 66

nparam= 435
        dense amplitude time= 0.007590293884277344
        total non-zero amplitudes= 4900
        nsamples per process= 159
        sample time= 1.4604249000549316
        self.n= 1.6406415220708304
        collect g,h time= 2.3764541149139404
E=-14.004019855301452,dE=-3.426981862730827e-07,std=0
L=-14.004019855301452,dL=-3.426981862730827e-07,std=0
        gnorm= 2.5010350543146583e-05
        symmetric= True
        solver time=0.0023686885833740234,exit status=0
        SR solver time= 0.002399921417236328
        symmetric= False
        niter= 29
        niter= 341
        solver time=0.04401516914367676,exit status=0
        RGN solver time= 0.04404282569885254
        xnorm=2.1554346774524995,dnorm=0.012570174970901812
        dense amplitude time= 0.006326198577880859
        total non-zero amplitudes= 4900
        nsamples per process= 159
        sample time= 0.12443661689758301
        self.n= 1.6433549935750191
        RGN updated loss=-14.004020185023386,dloss=-3.297219333120438e-07
step= 67

nparam= 435
        dense amplitude time= 0.006992340087890625
        total non-zero amplitudes= 4900
        nsamples per process= 159
        sample time= 1.4460227489471436
        self.n= 1.643354993575017
        collect g,h time= 2.311767339706421
E=-14.004020185023387,dE=-3.2972193508840064e-07,std=0
L=-14.004020185023387,dL=-3.2972193508840064e-07,std=0
        gnorm= 2.3955563431207313e-05
        symmetric= True
        solver time=0.0025773048400878906,exit status=0
        SR solver time= 0.002618074417114258
        symmetric= False
        niter= 29
        niter= 342
        solver time=0.044222116470336914,exit status=0
        RGN solver time= 0.044251441955566406
        xnorm=2.1608338044909945,dnorm=0.012333544340816868
        dense amplitude time= 0.006812572479248047
        total non-zero amplitudes= 4900
        nsamples per process= 159
        sample time= 0.12520551681518555
        self.n= 1.6461623555777312
        RGN updated loss=-14.004020502416074,dloss=-3.1739268635533335e-07
step= 68

nparam= 435
        dense amplitude time= 0.018517732620239258
        total non-zero amplitudes= 4900
        nsamples per process= 159
        sample time= 1.4760205745697021
        self.n= 1.646162355577732
        collect g,h time= 2.2255101203918457
E=-14.00402050241607,dE=-3.173926828026197e-07,std=0
L=-14.00402050241607,dL=-3.173926828026197e-07,std=0
        gnorm= 2.30036870070676e-05
        symmetric= True
        solver time=0.002402782440185547,exit status=0
        SR solver time= 0.0024347305297851562
        symmetric= False
        niter= 29
        niter= 342
        solver time=0.044005632400512695,exit status=0
        RGN solver time= 0.04403567314147949
        xnorm=2.166141953375677,dnorm=0.012104218915975223
        dense amplitude time= 0.006381034851074219
        total non-zero amplitudes= 4900
        nsamples per process= 159
        sample time= 0.12728214263916016
        self.n= 1.6490581587368716
        RGN updated loss=-14.004020808076326,dloss=-3.056602562168109e-07
step= 69

nparam= 435
        dense amplitude time= 0.007185935974121094
        total non-zero amplitudes= 4900
        nsamples per process= 159
        sample time= 1.4726922512054443
        self.n= 1.6490581587368691
        collect g,h time= 2.2733314037323
E=-14.004020808076325,dE=-3.056602544404541e-07,std=0
L=-14.004020808076325,dL=-3.056602544404541e-07,std=0
        gnorm= 2.2142687578649807e-05
        symmetric= True
        solver time=0.0026159286499023438,exit status=0
        SR solver time= 0.0026488304138183594
        symmetric= False
        niter= 29
        niter= 342
        solver time=0.044083356857299805,exit status=0
        RGN solver time= 0.04412412643432617
        xnorm=2.1713610225281643,dnorm=0.011882297060007548
        dense amplitude time= 0.0065975189208984375
        total non-zero amplitudes= 4900
        nsamples per process= 159
        sample time= 0.12540984153747559
        self.n= 1.6520373102395522
        RGN updated loss=-14.004021102603838,dloss=-2.94527513489129e-07
step= 70

nparam= 435
        dense amplitude time= 0.0161895751953125
        total non-zero amplitudes= 4900
        nsamples per process= 159
        sample time= 1.4989349842071533
        self.n= 1.6520373102395505
        collect g,h time= 2.3094940185546875
E=-14.004021102603838,dE=-2.94527513489129e-07,std=0
L=-14.004021102603838,dL=-2.94527513489129e-07,std=0
        gnorm= 2.136435770732959e-05
        symmetric= True
        solver time=0.0023729801177978516,exit status=0
        SR solver time= 0.0024039745330810547
        symmetric= False
        niter= 29
        niter= 342
        solver time=0.04386281967163086,exit status=0
        RGN solver time= 0.043894290924072266
        xnorm=2.176492951531145,dnorm=0.011667653389634358
        dense amplitude time= 0.006509065628051758
        total non-zero amplitudes= 4900
        nsamples per process= 159
        sample time= 0.12474727630615234
        self.n= 1.6550948356190784
        RGN updated loss=-14.004021386565805,dloss=-2.8396196682933805e-07
step= 71

nparam= 435
        dense amplitude time= 0.006239891052246094
        total non-zero amplitudes= 4900
        nsamples per process= 159
        sample time= 1.4745750427246094
        self.n= 1.655094835619081
        collect g,h time= 2.323732614517212
E=-14.004021386565807,dE=-2.839619686056949e-07,std=0
L=-14.004021386565807,dL=-2.839619686056949e-07,std=0
        gnorm= 2.0659517575335916e-05
        symmetric= True
        solver time=0.0026869773864746094,exit status=0
        SR solver time= 0.0027527809143066406
        symmetric= False
        niter= 29
        niter= 342
        solver time=0.0443267822265625,exit status=0
        RGN solver time= 0.0443577766418457
        xnorm=2.181539581498551,dnorm=0.011460323028791103
        dense amplitude time= 0.006687164306640625
        total non-zero amplitudes= 4900
        nsamples per process= 159
        sample time= 0.12494874000549316
        self.n= 1.658225972034102
        RGN updated loss=-14.004021660514452,dloss=-2.739486451019957e-07
step= 72

nparam= 435
        dense amplitude time= 0.007421970367431641
        total non-zero amplitudes= 4900
        nsamples per process= 159
        sample time= 1.4990031719207764
        self.n= 1.6582259720340984
        collect g,h time= 2.236482620239258
E=-14.004021660514452,dE=-2.739486451019957e-07,std=0
L=-14.004021660514452,dL=-2.739486451019957e-07,std=0
        gnorm= 2.002026357345784e-05
        symmetric= True
        solver time=0.0025331974029541016,exit status=0
        SR solver time= 0.0025641918182373047
        symmetric= False
        niter= 29
        niter= 343
        solver time=0.04428434371948242,exit status=0
        RGN solver time= 0.04431653022766113
        xnorm=2.186502764841268,dnorm=0.01126022477389172
        dense amplitude time= 0.006669759750366211
        total non-zero amplitudes= 4900
        nsamples per process= 159
        sample time= 0.12460517883300781
        self.n= 1.661426034042559
        RGN updated loss=-14.004021924963505,dloss=-2.644490528780352e-07
step= 73

nparam= 435
        dense amplitude time= 0.016802310943603516
        total non-zero amplitudes= 4900
        nsamples per process= 159
        sample time= 1.4610135555267334
        self.n= 1.661426034042556
        collect g,h time= 2.2311792373657227
E=-14.004021924963505,dE=-2.644490528780352e-07,std=0
L=-14.004021924963505,dL=-2.644490528780352e-07,std=0
        gnorm= 1.9439443567893626e-05
        symmetric= True
        solver time=0.002310514450073242,exit status=0
        SR solver time= 0.002341747283935547
        symmetric= False
        niter= 29
        niter= 343
        solver time=0.04414772987365723,exit status=0
        RGN solver time= 0.0441746711730957
        xnorm=2.191384308301136,dnorm=0.011067336908762897
        dense amplitude time= 0.006400585174560547
        total non-zero amplitudes= 4900
        nsamples per process= 159
        sample time= 0.12547874450683594
        self.n= 1.6646905681977346
        RGN updated loss=-14.00402218044541,dloss=-2.554819058531166e-07
step= 74

nparam= 435
        dense amplitude time= 0.006206512451171875
        total non-zero amplitudes= 4900
        nsamples per process= 159
        sample time= 1.4493532180786133
        self.n= 1.6646905681977353
        collect g,h time= 2.2854437828063965
E=-14.004022180445409,dE=-2.5548190407675975e-07,std=0
L=-14.004022180445409,dL=-2.5548190407675975e-07,std=0
        gnorm= 1.890560497020054e-05
        symmetric= True
        solver time=0.002286672592163086,exit status=0
        SR solver time= 0.0023186206817626953
        symmetric= False
        niter= 29
        niter= 339
        solver time=0.04375100135803223,exit status=0
        RGN solver time= 0.04379129409790039
        xnorm=2.1961860354317655,dnorm=0.01088142994586392
        dense amplitude time= 0.006247758865356445
        total non-zero amplitudes= 4900
        nsamples per process= 159
        sample time= 0.12413549423217773
        self.n= 1.668014874639232
        RGN updated loss=-14.004022427392131,dloss=-2.4694672262626227e-07
step= 75

nparam= 435
        dense amplitude time= 0.00623631477355957
        total non-zero amplitudes= 4900
        nsamples per process= 159
        sample time= 1.481139898300171
        self.n= 1.668014874639232
        collect g,h time= 2.2934088706970215
E=-14.004022427392131,dE=-2.4694672262626227e-07,std=0
L=-14.004022427392131,dL=-2.4694672262626227e-07,std=0
        gnorm= 1.8427391892264884e-05
        symmetric= True
        solver time=0.0023021697998046875,exit status=0
        SR solver time= 0.002334117889404297
        symmetric= False
        niter= 29
        niter= 341
        solver time=0.043970346450805664,exit status=0
        RGN solver time= 0.04400038719177246
        xnorm=2.2009096986313894,dnorm=0.01070291745830658
        dense amplitude time= 0.0063664913177490234
        total non-zero amplitudes= 4900
        nsamples per process= 159
        sample time= 0.12537431716918945
        self.n= 1.6713950537826
        RGN updated loss=-14.004022666294441,dloss=-2.389023094906406e-07
step= 76

nparam= 435
        dense amplitude time= 0.01869058609008789
        total non-zero amplitudes= 4900
        nsamples per process= 159
        sample time= 1.4711945056915283
        self.n= 1.6713950537825977
        collect g,h time= 2.3057827949523926
E=-14.00402266629444,dE=-2.389023077142838e-07,std=0
L=-14.00402266629444,dL=-2.389023077142838e-07,std=0
        gnorm= 1.7985633047314627e-05
        symmetric= True
        solver time=0.0023953914642333984,exit status=0
        SR solver time= 0.002427339553833008
        symmetric= False
        niter= 29
        niter= 342
        solver time=0.04413414001464844,exit status=0
        RGN solver time= 0.04416656494140625
        xnorm=2.205557209313564,dnorm=0.010531173826532689
        dense amplitude time= 0.00627589225769043
        total non-zero amplitudes= 4900
        nsamples per process= 159
        sample time= 0.12497448921203613
        self.n= 1.6748267479770238
        RGN updated loss=-14.00402289758832,dloss=-2.3129388004861084e-07
step= 77

nparam= 435
        dense amplitude time= 0.006655454635620117
        total non-zero amplitudes= 4900
        nsamples per process= 159
        sample time= 1.5050249099731445
        self.n= 1.6748267479770222
        collect g,h time= 2.267475128173828
E=-14.004022897588317,dE=-2.31293878272254e-07,std=0
L=-14.004022897588317,dL=-2.31293878272254e-07,std=0
        gnorm= 1.7580003938219943e-05
        symmetric= True
        solver time=0.0023529529571533203,exit status=0
        SR solver time= 0.0023849010467529297
        symmetric= False
        niter= 29
        niter= 342
        solver time=0.04394030570983887,exit status=0
        RGN solver time= 0.04397320747375488
        xnorm=2.210130243374582,dnorm=0.01036618690400668
        dense amplitude time= 0.006301164627075195
        total non-zero amplitudes= 4900
        nsamples per process= 159
        sample time= 0.12467312812805176
        self.n= 1.6783057322486734
        RGN updated loss=-14.00402312169325,dloss=-2.2410493194513492e-07
step= 78

nparam= 435
        dense amplitude time= 0.0062520503997802734
        total non-zero amplitudes= 4900
        nsamples per process= 159
        sample time= 1.4651379585266113
        self.n= 1.6783057322486754
        collect g,h time= 2.2471024990081787
E=-14.004023121693246,dE=-2.2410492839242124e-07,std=0
L=-14.004023121693246,dL=-2.2410492839242124e-07,std=0
        gnorm= 1.7206619783064102e-05
        symmetric= True
        solver time=0.002567768096923828,exit status=0
        SR solver time= 0.0026051998138427734
        symmetric= False
        niter= 29
        niter= 342
        solver time=0.04374194145202637,exit status=0
        RGN solver time= 0.04377150535583496
        xnorm=2.214630530817577,dnorm=0.010208082103985532
        dense amplitude time= 0.006749153137207031
        total non-zero amplitudes= 4900
        nsamples per process= 159
        sample time= 0.12470197677612305
        self.n= 1.6818279214696554
        RGN updated loss=-14.004023338962558,dloss=-2.1726931187515675e-07
step= 79

nparam= 435
        dense amplitude time= 0.006990194320678711
        total non-zero amplitudes= 4900
        nsamples per process= 159
        sample time= 1.4550354480743408
        self.n= 1.681827921469654
        collect g,h time= 2.262143611907959
E=-14.004023338962556,dE=-2.172693100987999e-07,std=0
L=-14.004023338962556,dL=-2.172693100987999e-07,std=0
        gnorm= 1.6876653167604312e-05
        symmetric= True
        solver time=0.0028502941131591797,exit status=0
        SR solver time= 0.002916574478149414
        symmetric= False
        niter= 30
        niter= 342
        solver time=0.044715166091918945,exit status=0
        RGN solver time= 0.04474806785583496
        xnorm=2.219059887536801,dnorm=0.010057103692975324
        dense amplitude time= 0.006750345230102539
        total non-zero amplitudes= 4900
        nsamples per process= 159
        sample time= 0.12440037727355957
        self.n= 1.6853890690698443
        RGN updated loss=-14.004023549885066,dloss=-2.1092250968024473e-07
step= 80

nparam= 435
        dense amplitude time= 0.007147312164306641
        total non-zero amplitudes= 4900
        nsamples per process= 159
        sample time= 1.4882698059082031
        self.n= 1.6853890690698428
        collect g,h time= 2.3095409870147705
E=-14.004023549885064,dE=-2.109225079038879e-07,std=0
L=-14.004023549885064,dL=-2.109225079038879e-07,std=0
        gnorm= 1.6547824711711143e-05
        symmetric= True
        solver time=0.002472400665283203,exit status=0
        SR solver time= 0.002502918243408203
        symmetric= False
        niter= 29
        niter= 342
        solver time=0.0440518856048584,exit status=0
        RGN solver time= 0.04408407211303711
        xnorm=2.223420085843441,dnorm=0.009912289619783137
        dense amplitude time= 0.006642341613769531
        total non-zero amplitudes= 4900
        nsamples per process= 159
        sample time= 0.12476825714111328
        self.n= 1.6889851134501759
        RGN updated loss=-14.004023754784308,dloss=-2.0489924423827688e-07
step= 81

nparam= 435
        dense amplitude time= 0.01613163948059082
        total non-zero amplitudes= 4900
        nsamples per process= 159
        sample time= 1.465003252029419
        self.n= 1.688985113450173
        collect g,h time= 2.2613534927368164
E=-14.004023754784306,dE=-2.0489924246192004e-07,std=0
L=-14.004023754784306,dL=-2.0489924246192004e-07,std=0
        gnorm= 1.6251429777337986e-05
        symmetric= True
        solver time=0.0023047924041748047,exit status=0
        SR solver time= 0.0023458003997802734
        symmetric= False
        niter= 29
        niter= 341
        solver time=0.0437169075012207,exit status=0
        RGN solver time= 0.0437471866607666
        xnorm=2.2277130059175025,dnorm=0.00977379786737415
        dense amplitude time= 0.006296873092651367
        total non-zero amplitudes= 4900
        nsamples per process= 159
        sample time= 0.1242671012878418
        self.n= 1.6926123740472765
        RGN updated loss=-14.00402395399364,dloss=-1.9920933347350456e-07
step= 82

nparam= 435
        dense amplitude time= 0.015906810760498047
        total non-zero amplitudes= 4900
        nsamples per process= 159
        sample time= 1.456571102142334
        self.n= 1.6926123740472763
        collect g,h time= 2.2784881591796875
E=-14.00402395399364,dE=-1.9920933347350456e-07,std=0
L=-14.00402395399364,dL=-1.9920933347350456e-07,std=0
        gnorm= 1.5976991155045883e-05
        symmetric= True
        solver time=0.0023126602172851562,exit status=0
        SR solver time= 0.0023446083068847656
        symmetric= False
        niter= 29
        niter= 342
        solver time=0.043779611587524414,exit status=0
        RGN solver time= 0.043808698654174805
        xnorm=2.2319403437702032,dnorm=0.009641591071955738
        dense amplitude time= 0.006232738494873047
        total non-zero amplitudes= 4900
        nsamples per process= 159
        sample time= 0.12508201599121094
        self.n= 1.69626705018565
        RGN updated loss=-14.004024147843182,dloss=-1.9384954264012322e-07
step= 83

nparam= 435
        dense amplitude time= 0.01600813865661621
        total non-zero amplitudes= 4900
        nsamples per process= 159
        sample time= 1.4695940017700195
        self.n= 1.6962670501856492
        collect g,h time= 2.2964296340942383
E=-14.004024147843182,dE=-1.9384954264012322e-07,std=0
L=-14.004024147843182,dL=-1.9384954264012322e-07,std=0
        gnorm= 1.5721996767131827e-05
        symmetric= True
        solver time=0.002281665802001953,exit status=0
        SR solver time= 0.002314329147338867
        symmetric= False
        niter= 29
        niter= 341
        solver time=0.04382824897766113,exit status=0
        RGN solver time= 0.04386496543884277
        xnorm=2.2361038559091027,dnorm=0.009515431642178312
        dense amplitude time= 0.006364345550537109
        total non-zero amplitudes= 4900
        nsamples per process= 159
        sample time= 0.12434029579162598
        self.n= 1.6999453463841174
        RGN updated loss=-14.004024336644694,dloss=-1.8880151131384082e-07
step= 84

nparam= 435
        dense amplitude time= 0.006279706954956055
        total non-zero amplitudes= 4900
        nsamples per process= 159
        sample time= 1.4667658805847168
        self.n= 1.6999453463841196
        collect g,h time= 2.359253406524658
E=-14.004024336644697,dE=-1.888015148665545e-07,std=0
L=-14.004024336644697,dL=-1.888015148665545e-07,std=0
        gnorm= 1.5484349505743377e-05
        symmetric= True
        solver time=0.002343416213989258,exit status=0
        SR solver time= 0.002373933792114258
        symmetric= False
        niter= 30
        niter= 342
        solver time=0.04408669471740723,exit status=0
        RGN solver time= 0.04411745071411133
        xnorm=2.2402052556326613,dnorm=0.00939514066043322
        dense amplitude time= 0.006239891052246094
        total non-zero amplitudes= 4900
        nsamples per process= 159
        sample time= 0.12522411346435547
        self.n= 1.7036435292766248
        RGN updated loss=-14.00402452069339,dloss=-1.8404869273069835e-07
step= 85

nparam= 435
        dense amplitude time= 0.006249427795410156
        total non-zero amplitudes= 4900
        nsamples per process= 159
        sample time= 1.4721713066101074
        self.n= 1.7036435292766239
        collect g,h time= 2.2219109535217285
E=-14.00402452069339,dE=-1.8404869273069835e-07,std=0
L=-14.00402452069339,dL=-1.8404869273069835e-07,std=0
        gnorm= 1.5262583824463448e-05
        symmetric= True
        solver time=0.0023660659790039062,exit status=0
        SR solver time= 0.002397775650024414
        symmetric= False
        niter= 30
        niter= 342
        solver time=0.04385733604431152,exit status=0
        RGN solver time= 0.04388785362243652
        xnorm=2.2442462429132375,dnorm=0.009280619383536689
        dense amplitude time= 0.006306886672973633
        total non-zero amplitudes= 4900
        nsamples per process= 159
        sample time= 0.12514519691467285
        self.n= 1.7073579742886664
        RGN updated loss=-14.004024700270008,dloss=-1.795766184642389e-07
step= 86

nparam= 435
        dense amplitude time= 0.006292104721069336
        total non-zero amplitudes= 4900
        nsamples per process= 159
        sample time= 1.4697496891021729
        self.n= 1.707357974288663
        collect g,h time= 2.220212459564209
E=-14.004024700270007,dE=-1.7957661668788205e-07,std=0
L=-14.004024700270007,dL=-1.7957661668788205e-07,std=0
        gnorm= 1.5055237408210106e-05
        symmetric= True
        solver time=0.002314329147338867,exit status=0
        SR solver time= 0.0023469924926757812
        symmetric= False
        niter= 29
        niter= 342
        solver time=0.043952226638793945,exit status=0
        RGN solver time= 0.04398345947265625
        xnorm=2.248228538791748,dnorm=0.009171623477611485
        dense amplitude time= 0.006242513656616211
        total non-zero amplitudes= 4900
        nsamples per process= 159
        sample time= 0.12384390830993652
        self.n= 1.7110851324893497
        RGN updated loss=-14.004024875639084,dloss=-1.7536907748194608e-07
step= 87

nparam= 435
        dense amplitude time= 0.0059833526611328125
        total non-zero amplitudes= 4900
        nsamples per process= 159
        sample time= 1.4546618461608887
        self.n= 1.7110851324893492
        collect g,h time= 2.356839418411255
E=-14.004024875639084,dE=-1.7536907748194608e-07,std=0
L=-14.004024875639084,dL=-1.7536907748194608e-07,std=0
        gnorm= 1.4861184672968279e-05
        symmetric= True
        solver time=0.0025908946990966797,exit status=0
        SR solver time= 0.0026237964630126953
        symmetric= False
        niter= 30
        niter= 341
        solver time=0.04388689994812012,exit status=0
        RGN solver time= 0.04391884803771973
        xnorm=2.2521538108549977,dnorm=0.00906797856484957
        dense amplitude time= 0.0066814422607421875
        total non-zero amplitudes= 4900
        nsamples per process= 159
        sample time= 0.12443256378173828
        self.n= 1.7148215562521023
        RGN updated loss=-14.004025047031186,dloss=-1.713921022883369e-07
step= 88

nparam= 435
        dense amplitude time= 0.0069272518157958984
        total non-zero amplitudes= 4900
        nsamples per process= 159
        sample time= 1.4568731784820557
        self.n= 1.7148215562521005
        collect g,h time= 2.2440683841705322
E=-14.004025047031188,dE=-1.7139210406469374e-07,std=0
L=-14.004025047031188,dL=-1.7139210406469374e-07,std=0
        gnorm= 1.4680856270822313e-05
        symmetric= True
        solver time=0.002286195755004883,exit status=0
        SR solver time= 0.0023164749145507812
        symmetric= False
        niter= 29
        niter= 342
        solver time=0.04423165321350098,exit status=0
        RGN solver time= 0.04426121711730957
        xnorm=2.256023711818524,dnorm=0.00896948344185123
        dense amplitude time= 0.006269931793212891
        total non-zero amplitudes= 4900
        nsamples per process= 159
        sample time= 0.12464237213134766
        self.n= 1.718563657729589
        RGN updated loss=-14.004025214720283,dloss=-1.6768909461006842e-07
step= 89

nparam= 435
        dense amplitude time= 0.017052650451660156
        total non-zero amplitudes= 4900
        nsamples per process= 159
        sample time= 1.4704585075378418
        self.n= 1.7185636577295846
        collect g,h time= 2.2810254096984863
E=-14.004025214720281,dE=-1.6768909283371158e-07,std=0
L=-14.004025214720281,dL=-1.6768909283371158e-07,std=0
        gnorm= 1.450900161916147e-05
        symmetric= True
        solver time=0.002286195755004883,exit status=0
        SR solver time= 0.0023190975189208984
        symmetric= False
        niter= 29
        niter= 342
        solver time=0.04397869110107422,exit status=0
        RGN solver time= 0.04401969909667969
        xnorm=2.2598399689966335,dnorm=0.008875954136671398
        dense amplitude time= 0.006419658660888672
        total non-zero amplitudes= 4900
        nsamples per process= 159
        sample time= 0.12406229972839355
        self.n= 1.7223084724008917
        RGN updated loss=-14.004025378911498,dloss=-1.641912170669002e-07
step= 90

nparam= 435
        dense amplitude time= 0.0062885284423828125
        total non-zero amplitudes= 4900
        nsamples per process= 159
        sample time= 1.4901859760284424
        self.n= 1.722308472400889
        collect g,h time= 2.285104274749756
E=-14.004025378911495,dE=-1.6419121351418653e-07,std=0
L=-14.004025378911495,dL=-1.6419121351418653e-07,std=0
        gnorm= 1.4347965056930051e-05
        symmetric= True
        solver time=0.0024690628051757812,exit status=0
        SR solver time= 0.0025374889373779297
        symmetric= False
        niter= 29
        niter= 341
        solver time=0.044205665588378906,exit status=0
        RGN solver time= 0.044239044189453125
        xnorm=2.2636041042056627,dnorm=0.008787239100066048
        dense amplitude time= 0.006274223327636719
        total non-zero amplitudes= 4900
        nsamples per process= 159
        sample time= 0.1255335807800293
        self.n= 1.7260529601339658
        RGN updated loss=-14.004025539806268,dloss=-1.6089477306024946e-07
step= 91

nparam= 435
        dense amplitude time= 0.012351751327514648
        total non-zero amplitudes= 4900
        nsamples per process= 159
        sample time= 1.4568793773651123
        self.n= 1.7260529601339647
        collect g,h time= 2.3076462745666504
E=-14.004025539806264,dE=-1.6089476950753578e-07,std=0
L=-14.004025539806264,dL=-1.6089476950753578e-07,std=0
        gnorm= 1.4197720934340429e-05
        symmetric= True
        solver time=0.0023610591888427734,exit status=0
        SR solver time= 0.002393484115600586
        symmetric= False
        niter= 29
        niter= 342
        solver time=0.04398536682128906,exit status=0
        RGN solver time= 0.04401707649230957
        xnorm=2.267317657588079,dnorm=0.008703278180254157
        dense amplitude time= 0.0063855648040771484
        total non-zero amplitudes= 4900
        nsamples per process= 159
        sample time= 0.12446808815002441
        self.n= 1.7297941470898581
        RGN updated loss=-14.004025697626865,dloss=-1.578206010321992e-07
step= 92

nparam= 435
        dense amplitude time= 0.0062634944915771484
        total non-zero amplitudes= 4900
        nsamples per process= 159
        sample time= 1.4511311054229736
        self.n= 1.72979414708986
        collect g,h time= 2.369041919708252
E=-14.004025697626863,dE=-1.5782059925584235e-07,std=0
L=-14.004025697626863,dL=-1.5782059925584235e-07,std=0
        gnorm= 1.40560332056017e-05
        symmetric= True
        solver time=0.0023741722106933594,exit status=0
        SR solver time= 0.002405881881713867
        symmetric= False
        niter= 30
        niter= 340
        solver time=0.04349851608276367,exit status=0
        RGN solver time= 0.04358625411987305
        xnorm=2.2709821916558175,dnorm=0.008623715031781935
        dense amplitude time= 0.006246328353881836
        total non-zero amplitudes= 4900
        nsamples per process= 159
        sample time= 0.1244208812713623
        self.n= 1.7335292679251615
        RGN updated loss=-14.004025852543359,dloss=-1.5491649563159626e-07
step= 93

nparam= 435
        dense amplitude time= 0.006340503692626953
        total non-zero amplitudes= 4900
        nsamples per process= 159
        sample time= 1.4530856609344482
        self.n= 1.7335292679251597
        collect g,h time= 2.349471092224121
E=-14.00402585254336,dE=-1.549164974079531e-07,std=0
L=-14.00402585254336,dL=-1.549164974079531e-07,std=0
        gnorm= 1.392302015479087e-05
        symmetric= True
        solver time=0.0023071765899658203,exit status=0
        SR solver time= 0.0023393630981445312
        symmetric= False
        niter= 29
        niter= 340
        solver time=0.04363059997558594,exit status=0
        RGN solver time= 0.04366159439086914
        xnorm=2.2745992297910402,dnorm=0.008548356542058834
        dense amplitude time= 0.006379604339599609
        total non-zero amplitudes= 4900
        nsamples per process= 159
        sample time= 0.12413740158081055
        self.n= 1.7372555267599128
        RGN updated loss=-14.004026004743436,dloss=-1.5220007476557385e-07
step= 94

nparam= 435
        dense amplitude time= 0.015969514846801758
        total non-zero amplitudes= 4900
        nsamples per process= 159
        sample time= 1.4702823162078857
        self.n= 1.7372555267599106
        collect g,h time= 2.3365941047668457
E=-14.004026004743436,dE=-1.5220007476557385e-07,std=0
L=-14.004026004743436,dL=-1.5220007476557385e-07,std=0
        gnorm= 1.3797608741694932e-05
        symmetric= True
        solver time=0.0024247169494628906,exit status=0
        SR solver time= 0.0024573802947998047
        symmetric= False
        niter= 29
        niter= 340
        solver time=0.04371166229248047,exit status=0
        RGN solver time= 0.043747663497924805
        xnorm=2.2781702249883167,dnorm=0.008477028092104984
        dense amplitude time= 0.006256818771362305
        total non-zero amplitudes= 4900
        nsamples per process= 159
        sample time= 0.1248466968536377
        self.n= 1.7409703933670593
        RGN updated loss=-14.004026154387084,dloss=-1.4964364858371937e-07
step= 95

nparam= 435
        dense amplitude time= 0.006266117095947266
        total non-zero amplitudes= 4900
        nsamples per process= 159
        sample time= 1.4550755023956299
        self.n= 1.7409703933670566
        collect g,h time= 2.234452247619629
E=-14.004026154387084,dE=-1.4964364858371937e-07,std=0
L=-14.004026154387084,dL=-1.4964364858371937e-07,std=0
        gnorm= 1.3679252230804611e-05
        symmetric= True
        solver time=0.002293825149536133,exit status=0
        SR solver time= 0.002324342727661133
        symmetric= False
        niter= 29
        niter= 341
        solver time=0.04402351379394531,exit status=0
        RGN solver time= 0.0440526008605957
        xnorm=2.2816966225204927,dnorm=0.008409601673302873
        dense amplitude time= 0.0063855648040771484
        total non-zero amplitudes= 4900
        nsamples per process= 159
        sample time= 0.12436270713806152
        self.n= 1.7446714355991795
        RGN updated loss=-14.004026301632045,dloss=-1.472449611128468e-07
step= 96

nparam= 435
        dense amplitude time= 0.00630640983581543
        total non-zero amplitudes= 4900
        nsamples per process= 159
        sample time= 1.4640717506408691
        self.n= 1.7446714355991804
        collect g,h time= 2.2652595043182373
E=-14.004026301632045,dE=-1.472449611128468e-07,std=0
L=-14.004026301632045,dL=-1.472449611128468e-07,std=0
        gnorm= 1.3567746716932523e-05
        symmetric= True
        solver time=0.0023849010467529297,exit status=0
        SR solver time= 0.002416372299194336
        symmetric= False
        niter= 29
        niter= 340
        solver time=0.043521881103515625,exit status=0
        RGN solver time= 0.04355335235595703
        xnorm=2.285179836765793,dnorm=0.008345918577243944
        dense amplitude time= 0.006303310394287109
        total non-zero amplitudes= 4900
        nsamples per process= 159
        sample time= 0.12408328056335449
        self.n= 1.7483563862377371
        RGN updated loss=-14.004026446627252,dloss=-1.4499520695210322e-07
step= 97

nparam= 435
        dense amplitude time= 0.006270647048950195
        total non-zero amplitudes= 4900
        nsamples per process= 159
        sample time= 1.454294204711914
        self.n= 1.748356386237735
        collect g,h time= 2.2681288719177246
E=-14.004026446627256,dE=-1.449952105048169e-07,std=0
L=-14.004026446627256,dL=-1.449952105048169e-07,std=0
        gnorm= 1.3462560107972643e-05
        symmetric= True
        solver time=0.0023789405822753906,exit status=0
        SR solver time= 0.0024116039276123047
        symmetric= False
        niter= 29
        niter= 339
        solver time=0.04368948936462402,exit status=0
        RGN solver time= 0.04371953010559082
        xnorm=2.2886212495269707,dnorm=0.00828580013133228
        dense amplitude time= 0.00644373893737793
        total non-zero amplitudes= 4900
        nsamples per process= 159
        sample time= 0.12443804740905762
        self.n= 1.7520231174102876
        RGN updated loss=-14.00402658947992,dloss=-1.4285266480840164e-07
step= 98

nparam= 435
        dense amplitude time= 0.01584649085998535
        total non-zero amplitudes= 4900
        nsamples per process= 159
        sample time= 1.4635224342346191
        self.n= 1.7520231174102818
        collect g,h time= 2.259740114212036
E=-14.004026589479924,dE=-1.4285266836111532e-07,std=0
L=-14.004026589479924,dL=-1.4285266836111532e-07,std=0
        gnorm= 1.3355973295828364e-05
        symmetric= True
        solver time=0.002279043197631836,exit status=0
        SR solver time= 0.002310514450073242
        symmetric= False
        niter= 29
        niter= 339
        solver time=0.04334688186645508,exit status=0
        RGN solver time= 0.04337954521179199
        xnorm=2.2920222068768674,dnorm=0.008228736982975427
        dense amplitude time= 0.006345033645629883
        total non-zero amplitudes= 4900
        nsamples per process= 159
        sample time= 0.12654471397399902
        self.n= 1.7556698334977727
        RGN updated loss=-14.004026730379646,dloss=-1.4089972211195345e-07
step= 99

nparam= 435
        dense amplitude time= 0.0062444210052490234
        total non-zero amplitudes= 4900
        nsamples per process= 159
        sample time= 1.4815523624420166
        self.n= 1.7556698334977732
        collect g,h time= 2.3347911834716797
E=-14.004026730379648,dE=-1.408997238883103e-07,std=0
L=-14.004026730379648,dL=-1.408997238883103e-07,std=0
        gnorm= 1.3266747794131389e-05
        symmetric= True
        solver time=0.0023956298828125,exit status=0
        SR solver time= 0.0024297237396240234
        symmetric= False
        niter= 29
        niter= 340
        solver time=0.043955326080322266,exit status=0
        RGN solver time= 0.043981313705444336
        xnorm=2.2953840462514417,dnorm=0.008175306626598265
        dense amplitude time= 0.006313800811767578
        total non-zero amplitudes= 4900
        nsamples per process= 159
        sample time= 0.12481570243835449
        self.n= 1.7592946494524002
        RGN updated loss=-14.004026869427417,dloss=-1.3904776885453884e-07
