layer= 0
nparam= 660
hop_ls= [(1, 5), (1, 8), (1, 9), (1, 13), (5, 8), (5, 9), (5, 13), (8, 9), (8, 13), (9, 13)]

layer= 1
nparam= 144
hop_ls= [(9, 14), (1, 6), (2, 5), (2, 8), (2, 14), (13, 14), (6, 8), (6, 14), (5, 6), (8, 14), (1, 2), (1, 14), (2, 13), (6, 13), (5, 14), (2, 9), (2, 6), (6, 9)]

layer= 2
nparam= 152
hop_ls= [(6, 12), (4, 9), (4, 6), (4, 12), (12, 13), (0, 2), (5, 10), (0, 5), (8, 12), (0, 8), (0, 14), (10, 12), (1, 12), (4, 5), (4, 8), (4, 14), (5, 12), (0, 1), (9, 10), (2, 4), (0, 4), (0, 10), (0, 13), (2, 10), (10, 14), (6, 10), (12, 14), (4, 10), (4, 13), (9, 12), (0, 9), (8, 10), (1, 4), (0, 6), (0, 12), (2, 12), (1, 10), (10, 13)]

layer= 3
nparam= 48
hop_ls= [(6, 15), (3, 4), (3, 10), (5, 7), (4, 15), (3, 13), (9, 11), (11, 14), (1, 3), (2, 11), (8, 15), (0, 11), (10, 15), (1, 15), (6, 11), (7, 10), (7, 13), (3, 9), (12, 15), (3, 6), (3, 12), (4, 11), (14, 15), (8, 11), (0, 7), (5, 15), (10, 11), (2, 7), (1, 11), (11, 13), (7, 9), (6, 7), (7, 12), (4, 7), (3, 5), (3, 8), (3, 14), (5, 11), (0, 3), (9, 15), (2, 3), (11, 12), (1, 7), (0, 15), (2, 15), (13, 15), (7, 8), (7, 14)]

step= 0

nparam= 1004
ntotal configs= 4900
	dense amplitude time= 0.028620481491088867
	total non-zero amplitudes= 4900
	nsamples per process= 50
	sample time= 6.562803268432617
	self.n= 0.7524770953732598
	collect g,h time= 12.679358720779419
E=-13.013405300636867,dE=0,std=0
L=-13.013405300636867,dL=0,std=0
	gnorm= 1.2727444221485784
	symmetric= True
	solver time=0.02738475799560547,exit status=0
	SR solver time= 0.02746415138244629
	symmetric= False
	niter= 40
	niter= 202
	solver time=0.15936660766601562,exit status=0
	RGN solver time= 0.15940570831298828
	xnorm=1.8086643463277148,dnorm=4.584638985891724
	dense amplitude time= 0.0316314697265625
	total non-zero amplitudes= 4900
	nsamples per process= 50
	sample time= 0.4153404235839844
	self.n= 0.7378121088227296
	RGN updated loss=-13.30133573048765,dloss=-0.28793042985078365
step= 1

nparam= 1004
	dense amplitude time= 0.06342077255249023
	total non-zero amplitudes= 4900
	nsamples per process= 50
	sample time= 1.8565185070037842
	self.n= 0.7378121088227286
	collect g,h time= 5.207179546356201
E=-13.301335730487649,dE=-0.2879304298507819,std=0
L=-13.301335730487649,dL=-0.2879304298507819,std=0
	gnorm= 0.915891441399494
	symmetric= True
	solver time=0.04663896560668945,exit status=0
	SR solver time= 0.04671049118041992
	symmetric= False
	niter= 39
	niter= 184
	solver time=0.13640761375427246,exit status=0
	RGN solver time= 0.13644623756408691
	xnorm=4.391672316431699,dnorm=2.833413249097683
	dense amplitude time= 0.03695201873779297
	total non-zero amplitudes= 4900
	nsamples per process= 50
	sample time= 0.44599413871765137
	self.n= 0.848728878274962
	RGN updated loss=-13.85332808702404,dloss=-0.5519923565363918
step= 2

nparam= 1004
	dense amplitude time= 0.06804347038269043
	total non-zero amplitudes= 4900
	nsamples per process= 50
	sample time= 1.996476650238037
	self.n= 0.8487288782749615
	collect g,h time= 5.178297996520996
E=-13.853328087024037,dE=-0.5519923565363882,std=0
L=-13.853328087024037,dL=-0.5519923565363882,std=0
	gnorm= 0.4454470706259969
	symmetric= True
	solver time=0.03504300117492676,exit status=0
	SR solver time= 0.03512692451477051
	symmetric= False
	niter= 41
	niter= 188
	solver time=0.1485764980316162,exit status=0
	RGN solver time= 0.14861440658569336
	xnorm=3.6704814941318253,dnorm=1.3833438662685726
	dense amplitude time= 0.03763294219970703
	total non-zero amplitudes= 4900
	nsamples per process= 50
	sample time= 0.4068892002105713
	self.n= 0.9143831817064132
	RGN updated loss=-13.976221841375358,dloss=-0.12289375435132044
step= 3

nparam= 1004
	dense amplitude time= 0.0874783992767334
	total non-zero amplitudes= 4900
	nsamples per process= 50
	sample time= 1.8534252643585205
	self.n= 0.9143831817064119
	collect g,h time= 5.0951128005981445
E=-13.976221841375354,dE=-0.12289375435131689,std=0
L=-13.976221841375354,dL=-0.12289375435131689,std=0
	gnorm= 0.14444868058862498
	symmetric= True
	solver time=0.04496955871582031,exit status=0
	SR solver time= 0.045044660568237305
	symmetric= False
	niter= 41
	niter= 231
	solver time=0.1294419765472412,exit status=0
	RGN solver time= 0.12948322296142578
	xnorm=3.291812022198181,dnorm=0.9373510417471288
	dense amplitude time= 0.04815506935119629
	total non-zero amplitudes= 4900
	nsamples per process= 50
	sample time= 0.43190479278564453
	self.n= 0.9012918821836711
	RGN updated loss=-13.989442522410338,dloss=-0.013220681034983528
step= 4

nparam= 1004
	dense amplitude time= 0.04062914848327637
	total non-zero amplitudes= 4900
	nsamples per process= 50
	sample time= 1.959285020828247
	self.n= 0.9012918821836706
	collect g,h time= 5.1314051151275635
E=-13.989442522410336,dE=-0.013220681034981752,std=0
L=-13.989442522410336,dL=-0.013220681034981752,std=0
	gnorm= 0.09586591149491121
	symmetric= True
	solver time=0.02031707763671875,exit status=0
	SR solver time= 0.02038860321044922
	symmetric= False
	niter= 41
	niter= 241
	solver time=0.13799285888671875,exit status=0
	RGN solver time= 0.13802742958068848
	xnorm=3.1732666538853227,dnorm=0.813272430530575
	dense amplitude time= 0.021560192108154297
	total non-zero amplitudes= 4900
	nsamples per process= 50
	sample time= 0.3980123996734619
	self.n= 0.8761159100141811
	RGN updated loss=-13.99198509538316,dloss=-0.002542572972824786
step= 5

nparam= 1004
	dense amplitude time= 0.09700560569763184
	total non-zero amplitudes= 4900
	nsamples per process= 50
	sample time= 1.7837541103363037
	self.n= 0.8761159100141827
	collect g,h time= 5.105588436126709
E=-13.991985095383164,dE=-0.0025425729728283386,std=0
L=-13.991985095383164,dL=-0.0025425729728283386,std=0
	gnorm= 0.08690957228015309
	symmetric= True
	solver time=0.019095897674560547,exit status=0
	SR solver time= 0.019136428833007812
	symmetric= False
	niter= 40
	niter= 242
	solver time=0.11525964736938477,exit status=0
	RGN solver time= 0.1152944564819336
	xnorm=3.1750286434419936,dnorm=0.6594645717839533
	dense amplitude time= 0.036032676696777344
	total non-zero amplitudes= 4900
	nsamples per process= 50
	sample time= 0.391094446182251
	self.n= 0.8485775465657722
	RGN updated loss=-13.994928867229133,dloss=-0.0029437718459686124
step= 6

nparam= 1004
	dense amplitude time= 0.07809591293334961
	total non-zero amplitudes= 4900
	nsamples per process= 50
	sample time= 1.7999696731567383
	self.n= 0.8485775465657739
	collect g,h time= 5.366010665893555
E=-13.994928867229135,dE=-0.0029437718459703888,std=0
L=-13.994928867229135,dL=-0.0029437718459703888,std=0
	gnorm= 0.07996588028059212
	symmetric= True
	solver time=0.048584699630737305,exit status=0
	SR solver time= 0.04865884780883789
	symmetric= False
	niter= 43
	niter= 245
	solver time=0.14969682693481445,exit status=0
	RGN solver time= 0.1497340202331543
	xnorm=3.1206610853090115,dnorm=0.613864905323883
	dense amplitude time= 0.09258818626403809
	total non-zero amplitudes= 4900
	nsamples per process= 50
	sample time= 0.44302916526794434
	self.n= 0.8014279220172473
	RGN updated loss=-13.9979010607155,dloss=-0.002972193486366237
step= 7

nparam= 1004
	dense amplitude time= 0.10823631286621094
	total non-zero amplitudes= 4900
	nsamples per process= 50
	sample time= 1.8028254508972168
	self.n= 0.8014279220172476
	collect g,h time= 5.110804080963135
E=-13.997901060715495,dE=-0.002972193486360908,std=0
L=-13.997901060715495,dL=-0.002972193486360908,std=0
	gnorm= 0.04887748444573527
	symmetric= True
	niter= 43
	solver time=0.04980111122131348,exit status=0
	SR solver time= 0.0498502254486084
	symmetric= False
	niter= 254
	solver time=0.11066675186157227,exit status=0
	RGN solver time= 0.1107029914855957
	xnorm=3.191944832708205,dnorm=0.477131168245726
	dense amplitude time= 0.046787261962890625
	total non-zero amplitudes= 4900
	nsamples per process= 50
	sample time= 0.4111661911010742
	self.n= 0.7599495499141322
	RGN updated loss=-14.000051228729085,dloss=-0.0021501680135891377
step= 8

nparam= 1004
	dense amplitude time= 0.08685946464538574
	total non-zero amplitudes= 4900
	nsamples per process= 50
	sample time= 1.7243983745574951
	self.n= 0.7599495499141313
	collect g,h time= 5.06907320022583
E=-14.000051228729085,dE=-0.0021501680135891377,std=0
L=-14.000051228729085,dL=-0.0021501680135891377,std=0
	gnorm= 0.03834178008307914
	symmetric= True
	solver time=0.03114914894104004,exit status=0
	SR solver time= 0.031191587448120117
	symmetric= False
	niter= 44
	niter= 258
	solver time=0.11346554756164551,exit status=0
	RGN solver time= 0.11350274085998535
	xnorm=3.1717604967125728,dnorm=0.3912756306720243
	dense amplitude time= 0.027460575103759766
	total non-zero amplitudes= 4900
	nsamples per process= 50
	sample time= 0.4579203128814697
	self.n= 0.7255780546430257
	RGN updated loss=-14.00148514924535,dloss=-0.001433920516264564
step= 9

nparam= 1004
	dense amplitude time= 0.07723665237426758
	total non-zero amplitudes= 4900
	nsamples per process= 50
	sample time= 1.9161455631256104
	self.n= 0.7255780546430259
	collect g,h time= 5.106977701187134
E=-14.001485149245351,dE=-0.0014339205162663404,std=0
L=-14.001485149245351,dL=-0.0014339205162663404,std=0
	gnorm= 0.014716063542787346
	symmetric= True
	niter= 44
	solver time=0.0636134147644043,exit status=0
	SR solver time= 0.06366157531738281
	symmetric= False
	niter= 297
	solver time=0.14441633224487305,exit status=0
	RGN solver time= 0.1444549560546875
	xnorm=3.208408238689555,dnorm=0.2965781415080125
	dense amplitude time= 0.03821253776550293
	total non-zero amplitudes= 4900
	nsamples per process= 50
	sample time= 0.44109654426574707
	self.n= 0.7004446306063008
	RGN updated loss=-14.002017836982064,dloss=-0.0005326877367135552
step= 10

nparam= 1004
	dense amplitude time= 0.10366511344909668
	total non-zero amplitudes= 4900
	nsamples per process= 50
	sample time= 1.8536689281463623
	self.n= 0.7004446306062994
	collect g,h time= 5.097497224807739
E=-14.002017836982064,dE=-0.0005326877367135552,std=0
L=-14.002017836982064,dL=-0.0005326877367135552,std=0
	gnorm= 0.008423537020083048
	symmetric= True
	solver time=0.05365729331970215,exit status=0
	SR solver time= 0.053698062896728516
	symmetric= False
	niter= 44
	niter= 312
	solver time=0.15757966041564941,exit status=0
	RGN solver time= 0.15761852264404297
	xnorm=3.195026285337354,dnorm=0.2393704854961151
	dense amplitude time= 0.060610294342041016
	total non-zero amplitudes= 4900
	nsamples per process= 50
	sample time= 0.42673468589782715
	self.n= 0.6846046759778881
	RGN updated loss=-14.002254758126446,dloss=-0.00023692114438134126
step= 11

nparam= 1004
	dense amplitude time= 0.03614234924316406
	total non-zero amplitudes= 4900
	nsamples per process= 50
	sample time= 2.0138752460479736
	self.n= 0.684604675977887
	collect g,h time= 5.108006477355957
E=-14.002254758126442,dE=-0.00023692114437778855,std=0
L=-14.002254758126442,dL=-0.00023692114437778855,std=0
	gnorm= 0.005552727377343197
	symmetric= True
	solver time=0.03241133689880371,exit status=0
	SR solver time= 0.03245902061462402
	symmetric= False
	niter= 44
	niter= 312
	solver time=0.1486504077911377,exit status=0
	RGN solver time= 0.14868593215942383
	xnorm=3.20022641931947,dnorm=0.19800387266610756
	dense amplitude time= 0.048304080963134766
	total non-zero amplitudes= 4900
	nsamples per process= 50
	sample time= 0.4168572425842285
	self.n= 0.6752726324275431
	RGN updated loss=-14.002395195441181,dloss=-0.00014043731473911691
step= 12

nparam= 1004
	dense amplitude time= 0.056696414947509766
	total non-zero amplitudes= 4900
	nsamples per process= 50
	sample time= 1.847123384475708
	self.n= 0.6752726324275431
	collect g,h time= 5.102735996246338
E=-14.00239519544118,dE=-0.00014043731473734056,std=0
L=-14.00239519544118,dL=-0.00014043731473734056,std=0
	gnorm= 0.003849837174171021
	symmetric= True
	solver time=0.03211402893066406,exit status=0
	SR solver time= 0.03215622901916504
	symmetric= False
	niter= 43
	niter= 318
	solver time=0.12086176872253418,exit status=0
	RGN solver time= 0.1208946704864502
	xnorm=3.1934000912237797,dnorm=0.17002255590219245
	dense amplitude time= 0.05973625183105469
	total non-zero amplitudes= 4900
	nsamples per process= 50
	sample time= 0.42258214950561523
	self.n= 0.6671693383340115
	RGN updated loss=-14.00248418691817,dloss=-8.899147699104049e-05
step= 13

nparam= 1004
	dense amplitude time= 0.05662798881530762
	total non-zero amplitudes= 4900
	nsamples per process= 50
	sample time= 1.8709452152252197
	self.n= 0.6671693383340112
	collect g,h time= 5.133997440338135
E=-14.002484186918169,dE=-8.899147698926413e-05,std=0
L=-14.002484186918169,dL=-8.899147698926413e-05,std=0
	gnorm= 0.0023032119728561293
	symmetric= True
	solver time=0.01834869384765625,exit status=0
	SR solver time= 0.01838827133178711
	symmetric= False
	niter= 42
	niter= 340
	solver time=0.1279315948486328,exit status=0
	RGN solver time= 0.12796664237976074
	xnorm=3.1936910835624173,dnorm=0.1498553904985263
	dense amplitude time= 0.036669254302978516
	total non-zero amplitudes= 4900
	nsamples per process= 50
	sample time= 0.4503171443939209
	self.n= 0.6623193781552765
	RGN updated loss=-14.002548038958006,dloss=-6.385203983683141e-05
step= 14

nparam= 1004
	dense amplitude time= 0.0985558032989502
	total non-zero amplitudes= 4900
	nsamples per process= 50
	sample time= 1.8842363357543945
	self.n= 0.6623193781552772
	collect g,h time= 5.117400407791138
E=-14.002548038958006,dE=-6.385203983683141e-05,std=0
L=-14.002548038958006,dL=-6.385203983683141e-05,std=0
	gnorm= 0.00146409418858465
	symmetric= True
	niter= 41
	solver time=0.030673742294311523,exit status=0
	SR solver time= 0.030718564987182617
	symmetric= False
	niter= 343
	solver time=0.15793728828430176,exit status=0
	RGN solver time= 0.1579742431640625
	xnorm=3.1917555192616973,dnorm=0.13365084794667184
	dense amplitude time= 0.038806915283203125
	total non-zero amplitudes= 4900
	nsamples per process= 50
	sample time= 0.4144876003265381
	self.n= 0.6581326900902869
	RGN updated loss=-14.002596846001522,dloss=-4.8807043516063686e-05
step= 15

nparam= 1004
	dense amplitude time= 0.03846168518066406
	total non-zero amplitudes= 4900
	nsamples per process= 50
	sample time= 1.8479483127593994
	self.n= 0.6581326900902866
	collect g,h time= 5.109701156616211
E=-14.002596846001524,dE=-4.880704351784004e-05,std=0
L=-14.002596846001524,dL=-4.880704351784004e-05,std=0
	gnorm= 0.0011210695218252013
	symmetric= True
	solver time=0.027355194091796875,exit status=0
	SR solver time= 0.027405500411987305
	symmetric= False
	niter= 41
	niter= 354
	solver time=0.13575029373168945,exit status=0
	RGN solver time= 0.13578557968139648
	xnorm=3.1918076311512507,dnorm=0.12148596357101014
	dense amplitude time= 0.045557498931884766
	total non-zero amplitudes= 4900
	nsamples per process= 50
	sample time= 0.4602494239807129
	self.n= 0.6552120709077806
	RGN updated loss=-14.002635988830445,dloss=-3.914282892125698e-05
step= 16

nparam= 1004
	dense amplitude time= 0.027930736541748047
	total non-zero amplitudes= 4900
	nsamples per process= 50
	sample time= 2.0115270614624023
	self.n= 0.6552120709077807
	collect g,h time= 5.109369993209839
E=-14.002635988830443,dE=-3.914282891948062e-05,std=0
L=-14.002635988830443,dL=-3.914282891948062e-05,std=0
	gnorm= 0.0008955664278093402
	symmetric= True
	niter= 41
	solver time=0.060472965240478516,exit status=0
	SR solver time= 0.06054878234863281
	symmetric= False
	niter= 366
	solver time=0.1673738956451416,exit status=0
	RGN solver time= 0.16741156578063965
	xnorm=3.1910039849637246,dnorm=0.11173241782634291
	dense amplitude time= 0.049289703369140625
	total non-zero amplitudes= 4900
	nsamples per process= 50
	sample time= 0.3969714641571045
	self.n= 0.6527629674018702
	RGN updated loss=-14.002668690803338,dloss=-3.2701972894955134e-05
step= 17

nparam= 1004
	dense amplitude time= 0.020914316177368164
	total non-zero amplitudes= 4900
	nsamples per process= 50
	sample time= 1.898331880569458
	self.n= 0.6527629674018696
	collect g,h time= 5.094735145568848
E=-14.002668690803338,dE=-3.2701972894955134e-05,std=0
L=-14.002668690803338,dL=-3.2701972894955134e-05,std=0
	gnorm= 0.0007724209724668316
	symmetric= True
	niter= 41
	solver time=0.0416865348815918,exit status=0
	SR solver time= 0.0417325496673584
	symmetric= False
	niter= 370
	solver time=0.13696813583374023,exit status=0
	RGN solver time= 0.13700580596923828
	xnorm=3.1902700160103414,dnorm=0.10456650543374296
	dense amplitude time= 0.03700566291809082
	total non-zero amplitudes= 4900
	nsamples per process= 50
	sample time= 0.41877031326293945
	self.n= 0.6507919651726441
	RGN updated loss=-14.00269686702565,dloss=-2.817622231177097e-05
step= 18

nparam= 1004
	dense amplitude time= 0.035746097564697266
	total non-zero amplitudes= 4900
	nsamples per process= 50
	sample time= 1.9496214389801025
	self.n= 0.6507919651726438
	collect g,h time= 5.09558629989624
E=-14.002696867025652,dE=-2.8176222313547328e-05,std=0
L=-14.002696867025652,dL=-2.8176222313547328e-05,std=0
	gnorm= 0.0007149209801011448
	symmetric= True
	solver time=0.010232925415039062,exit status=0
	SR solver time= 0.010269880294799805
	symmetric= False
	niter= 40
	niter= 370
	solver time=0.14257383346557617,exit status=0
	RGN solver time= 0.1426095962524414
	xnorm=3.188920796847865,dnorm=0.09903764646947162
	dense amplitude time= 0.0571136474609375
	total non-zero amplitudes= 4900
	nsamples per process= 50
	sample time= 0.4192819595336914
	self.n= 0.6489342472633337
	RGN updated loss=-14.00272190876887,dloss=-2.504174321771302e-05
step= 19

nparam= 1004
	dense amplitude time= 0.06282997131347656
	total non-zero amplitudes= 4900
	nsamples per process= 50
	sample time= 1.8010423183441162
	self.n= 0.6489342472633335
	collect g,h time= 5.118231296539307
E=-14.002721908768871,dE=-2.5041743219489376e-05,std=0
L=-14.002721908768871,dL=-2.5041743219489376e-05,std=0
	gnorm= 0.0006815679441397059
	symmetric= True
	solver time=0.039746999740600586,exit status=0
	SR solver time= 0.03979134559631348
	symmetric= False
	niter= 40
	niter= 369
	solver time=0.1521775722503662,exit status=0
	RGN solver time= 0.15221190452575684
	xnorm=3.187412047598235,dnorm=0.0946218770874285
	dense amplitude time= 0.05727267265319824
	total non-zero amplitudes= 4900
	nsamples per process= 50
	sample time= 0.4330782890319824
	self.n= 0.647182171563826
	RGN updated loss=-14.002744542428374,dloss=-2.2633659503057402e-05
step= 20

nparam= 1004
	dense amplitude time= 0.03501272201538086
	total non-zero amplitudes= 4900
	nsamples per process= 50
	sample time= 1.837378978729248
	self.n= 0.6471821715638251
	collect g,h time= 5.113606214523315
E=-14.002744542428378,dE=-2.2633659506610115e-05,std=0
L=-14.002744542428378,dL=-2.2633659506610115e-05,std=0
	gnorm= 0.0006696342440752958
	symmetric= True
	solver time=0.011188268661499023,exit status=0
	SR solver time= 0.011252403259277344
	symmetric= False
	niter= 40
	niter= 362
	solver time=0.13326334953308105,exit status=0
	RGN solver time= 0.13329815864562988
	xnorm=3.185623129274026,dnorm=0.09091519639654856
	dense amplitude time= 0.026433706283569336
	total non-zero amplitudes= 4900
	nsamples per process= 50
	sample time= 0.4615635871887207
	self.n= 0.6454476993699677
	RGN updated loss=-14.002765281691952,dloss=-2.073926357404332e-05
step= 21

nparam= 1004
	dense amplitude time= 0.059975624084472656
	total non-zero amplitudes= 4900
	nsamples per process= 50
	sample time= 1.8429055213928223
	self.n= 0.6454476993699669
	collect g,h time= 5.101998805999756
E=-14.00276528169195,dE=-2.0739263572266964e-05,std=0
L=-14.00276528169195,dL=-2.0739263572266964e-05,std=0
	gnorm= 0.0006552132575721824
	symmetric= True
	solver time=0.010353565216064453,exit status=0
	SR solver time= 0.010389566421508789
	symmetric= False
	niter= 40
	niter= 364
	solver time=0.12011885643005371,exit status=0
	RGN solver time= 0.12015533447265625
	xnorm=3.1836789685839286,dnorm=0.08778491698050246
	dense amplitude time= 0.025306224822998047
	total non-zero amplitudes= 4900
	nsamples per process= 50
	sample time= 0.4111778736114502
	self.n= 0.6436704208335333
	RGN updated loss=-14.002784468346448,dloss=-1.918665449807122e-05
step= 22

nparam= 1004
	dense amplitude time= 0.03569841384887695
	total non-zero amplitudes= 4900
	nsamples per process= 50
	sample time= 1.738861322402954
	self.n= 0.6436704208335334
	collect g,h time= 5.100512981414795
E=-14.002784468346448,dE=-1.918665449807122e-05,std=0
L=-14.002784468346448,dL=-1.918665449807122e-05,std=0
	gnorm= 0.0006488776362173988
	symmetric= True
	niter= 40
	solver time=0.041229248046875,exit status=0
	SR solver time= 0.04127693176269531
	symmetric= False
	niter= 362
	solver time=0.16095685958862305,exit status=0
	RGN solver time= 0.1609935760498047
	xnorm=3.1818220875160503,dnorm=0.08497323508319767
	dense amplitude time= 0.06071639060974121
	total non-zero amplitudes= 4900
	nsamples per process= 50
	sample time= 0.43663525581359863
	self.n= 0.641959443767206
	RGN updated loss=-14.002802318577833,dloss=-1.7850231385452275e-05
step= 23

nparam= 1004
	dense amplitude time= 0.0894327163696289
	total non-zero amplitudes= 4900
	nsamples per process= 50
	sample time= 1.9745216369628906
	self.n= 0.6419594437672056
	collect g,h time= 5.103121042251587
E=-14.002802318577832,dE=-1.785023138367592e-05,std=0
L=-14.002802318577832,dL=-1.785023138367592e-05,std=0
	gnorm= 0.0006121367817489689
	symmetric= True
	solver time=0.030640840530395508,exit status=0
	SR solver time= 0.03068256378173828
	symmetric= False
	niter= 40
	niter= 363
	solver time=0.12431955337524414,exit status=0
	RGN solver time= 0.12435388565063477
	xnorm=3.1800575252098104,dnorm=0.08253664123437239
	dense amplitude time= 0.05907797813415527
	total non-zero amplitudes= 4900
	nsamples per process= 50
	sample time= 0.4251060485839844
	self.n= 0.6401851095839146
	RGN updated loss=-14.002819086194664,dloss=-1.6767616832780163e-05
step= 24

nparam= 1004
	dense amplitude time= 0.02835679054260254
	total non-zero amplitudes= 4900
	nsamples per process= 50
	sample time= 1.7982110977172852
	self.n= 0.6401851095839151
	collect g,h time= 5.089138031005859
E=-14.00281908619466,dE=-1.676761682922745e-05,std=0
L=-14.00281908619466,dL=-1.676761682922745e-05,std=0
	gnorm= 0.0005887505302030523
	symmetric= True
	solver time=0.02308034896850586,exit status=0
	SR solver time= 0.02312159538269043
	symmetric= False
	niter= 40
	niter= 363
	solver time=0.1721642017364502,exit status=0
	RGN solver time= 0.17219829559326172
	xnorm=3.1787060234689553,dnorm=0.08018936170882292
	dense amplitude time= 0.047739267349243164
	total non-zero amplitudes= 4900
	nsamples per process= 50
	sample time= 0.42972588539123535
	self.n= 0.6384797560327449
	RGN updated loss=-14.00283480976106,dloss=-1.5723566399117317e-05
step= 25

nparam= 1004
	dense amplitude time= 0.05513453483581543
	total non-zero amplitudes= 4900
	nsamples per process= 50
	sample time= 2.0355663299560547
	self.n= 0.6384797560327446
	collect g,h time= 5.11254620552063
E=-14.00283480976106,dE=-1.5723566399117317e-05,std=0
L=-14.00283480976106,dL=-1.5723566399117317e-05,std=0
	gnorm= 0.0005687569232537617
	symmetric= True
	solver time=0.022084474563598633,exit status=0
	SR solver time= 0.022126436233520508
	symmetric= False
	niter= 39
	niter= 362
	solver time=0.13242220878601074,exit status=0
	RGN solver time= 0.1324601173400879
	xnorm=3.1779723939651223,dnorm=0.07802962089917571
	dense amplitude time= 0.07250189781188965
	total non-zero amplitudes= 4900
	nsamples per process= 50
	sample time= 0.4195842742919922
	self.n= 0.6368080819543622
	RGN updated loss=-14.002849622953052,dloss=-1.4813191992146812e-05
step= 26

nparam= 1004
	dense amplitude time= 0.02736687660217285
	total non-zero amplitudes= 4900
	nsamples per process= 50
	sample time= 1.8503806591033936
	self.n= 0.636808081954362
	collect g,h time= 5.098031997680664
E=-14.002849622953049,dE=-1.4813191988594099e-05,std=0
L=-14.002849622953049,dL=-1.4813191988594099e-05,std=0
	gnorm= 0.0005543422363904068
	symmetric= True
	solver time=0.021964311599731445,exit status=0
	SR solver time= 0.0220029354095459
	symmetric= False
	niter= 39
	niter= 362
	solver time=0.13382744789123535,exit status=0
	RGN solver time= 0.13386106491088867
	xnorm=3.1779102679230062,dnorm=0.07614749734227871
	dense amplitude time= 0.060004472732543945
	total non-zero amplitudes= 4900
	nsamples per process= 50
	sample time= 0.4306297302246094
	self.n= 0.6351819271125472
	RGN updated loss=-14.002863645923266,dloss=-1.4022970217908437e-05
step= 27

nparam= 1004
	dense amplitude time= 0.07096672058105469
	total non-zero amplitudes= 4900
	nsamples per process= 50
	sample time= 1.873112440109253
	self.n= 0.6351819271125476
	collect g,h time= 5.094917297363281
E=-14.002863645923265,dE=-1.402297021613208e-05,std=0
L=-14.002863645923265,dL=-1.402297021613208e-05,std=0
	gnorm= 0.0005483708104853215
	symmetric= True
	solver time=0.025660037994384766,exit status=0
	SR solver time= 0.025699377059936523
	symmetric= False
	niter= 39
	niter= 361
	solver time=0.14411425590515137,exit status=0
	RGN solver time= 0.1441495418548584
	xnorm=3.1785837912872106,dnorm=0.07427237591542173
	dense amplitude time= 0.040459632873535156
	total non-zero amplitudes= 4900
	nsamples per process= 50
	sample time= 0.4484586715698242
	self.n= 0.6336563393338299
	RGN updated loss=-14.002876916379078,dloss=-1.3270455813341187e-05
step= 28

nparam= 1004
	dense amplitude time= 0.03016185760498047
	total non-zero amplitudes= 4900
	nsamples per process= 50
	sample time= 1.8932290077209473
	self.n= 0.6336563393338296
	collect g,h time= 5.098936319351196
E=-14.002876916379076,dE=-1.327045581156483e-05,std=0
L=-14.002876916379076,dL=-1.327045581156483e-05,std=0
	gnorm= 0.0005421424272818743
	symmetric= True
	niter= 38
	solver time=0.051058292388916016,exit status=0
	SR solver time= 0.05110502243041992
	symmetric= False
	niter= 362
	solver time=0.19402194023132324,exit status=0
	RGN solver time= 0.1940610408782959
	xnorm=3.180096729047502,dnorm=0.07248437690576419
	dense amplitude time= 0.06138944625854492
	total non-zero amplitudes= 4900
	nsamples per process= 50
	sample time= 0.40910911560058594
	self.n= 0.6322367133564126
	RGN updated loss=-14.002889490688096,dloss=-1.257430901979717e-05
step= 29

nparam= 1004
	dense amplitude time= 0.021734952926635742
	total non-zero amplitudes= 4900
	nsamples per process= 50
	sample time= 1.8312962055206299
	self.n= 0.632236713356413
	collect g,h time= 5.115586996078491
E=-14.002889490688094,dE=-1.2574309018020813e-05,std=0
L=-14.002889490688094,dL=-1.2574309018020813e-05,std=0
	gnorm= 0.0005379597056748118
	symmetric= True
	niter= 38
	solver time=0.0382688045501709,exit status=0
	SR solver time= 0.038344621658325195
	symmetric= False
	niter= 362
	solver time=0.1253812313079834,exit status=0
	RGN solver time= 0.12541961669921875
	xnorm=3.1824215218462033,dnorm=0.07074093621158728
	dense amplitude time= 0.05056190490722656
	total non-zero amplitudes= 4900
	nsamples per process= 50
	sample time= 0.4522542953491211
	self.n= 0.6309112078472094
	RGN updated loss=-14.002901408949043,dloss=-1.191826094881776e-05
step= 30

nparam= 1004
	dense amplitude time= 0.04082059860229492
	total non-zero amplitudes= 4900
	nsamples per process= 50
	sample time= 1.935312271118164
	self.n= 0.6309112078472094
	collect g,h time= 4.6065733432769775
E=-14.002901408949043,dE=-1.191826094881776e-05,std=0
L=-14.002901408949043,dL=-1.191826094881776e-05,std=0
	gnorm= 0.0005304450271023641
	symmetric= True
	solver time=0.039400339126586914,exit status=0
	SR solver time= 0.039443254470825195
	symmetric= False
	niter= 38
	niter= 359
	solver time=0.12351465225219727,exit status=0
	RGN solver time= 0.12355303764343262
	xnorm=3.185524007629307,dnorm=0.06902220234297757
	dense amplitude time= 0.03829216957092285
	total non-zero amplitudes= 4900
	nsamples per process= 50
	sample time= 0.41591668128967285
	self.n= 0.629686207619186
	RGN updated loss=-14.002912697029865,dloss=-1.1288080822069446e-05
step= 31

nparam= 1004
	dense amplitude time= 0.1351630687713623
	total non-zero amplitudes= 4900
	nsamples per process= 50
	sample time= 1.794590950012207
	self.n= 0.6296862076191858
	collect g,h time= 3.930363416671753
E=-14.002912697029858,dE=-1.1288080814964019e-05,std=0
L=-14.002912697029858,dL=-1.1288080814964019e-05,std=0
	gnorm= 0.0005181631101976857
	symmetric= True
	niter= 38
	solver time=0.10295891761779785,exit status=0
	SR solver time= 0.10301852226257324
	symmetric= False
	niter= 359
	solver time=0.484224796295166,exit status=0
	RGN solver time= 0.48426294326782227
	xnorm=3.189356021240694,dnorm=0.06731001499419867
	dense amplitude time= 0.06145143508911133
	total non-zero amplitudes= 4900
	nsamples per process= 50
	sample time= 0.41977477073669434
	self.n= 0.6285571476678901
	RGN updated loss=-14.002923373496627,dloss=-1.067646676844447e-05
step= 32

nparam= 1004
	dense amplitude time= 0.07457637786865234
	total non-zero amplitudes= 4900
	nsamples per process= 50
	sample time= 1.9103429317474365
	self.n= 0.6285571476678904
	collect g,h time= 3.9212934970855713
E=-14.00292337349663,dE=-1.0676466771997184e-05,std=0
L=-14.00292337349663,dL=-1.0676466771997184e-05,std=0
	gnorm= 0.0005004916732528833
	symmetric= True
	solver time=0.03544926643371582,exit status=0
	SR solver time= 0.03549504280090332
	symmetric= False
	niter= 38
	niter= 359
	solver time=0.1198890209197998,exit status=0
	RGN solver time= 0.11992979049682617
	xnorm=3.193919427775344,dnorm=0.06551792843000025
	dense amplitude time= 0.038912296295166016
	total non-zero amplitudes= 4900
	nsamples per process= 50
	sample time= 0.4248528480529785
	self.n= 0.6275110671640273
	RGN updated loss=-14.002933435647007,dloss=-1.0062150376910495e-05
step= 33

nparam= 1004
	dense amplitude time= 0.03325939178466797
	total non-zero amplitudes= 4900
	nsamples per process= 50
	sample time= 1.8616220951080322
	self.n= 0.6275110671640276
	collect g,h time= 3.9234213829040527
E=-14.002933435647005,dE=-1.0062150375134138e-05,std=0
L=-14.002933435647005,dL=-1.0062150375134138e-05,std=0
	gnorm= 0.00047398188641004107
	symmetric= True
	solver time=0.061573028564453125,exit status=0
	SR solver time= 0.06162095069885254
	symmetric= False
	niter= 38
	niter= 362
	solver time=0.14699554443359375,exit status=0
	RGN solver time= 0.14704036712646484
	xnorm=3.19899552882389,dnorm=0.06370156044051913
	dense amplitude time= 0.037989139556884766
	total non-zero amplitudes= 4900
	nsamples per process= 50
	sample time= 0.4033515453338623
	self.n= 0.6265550504349566
	RGN updated loss=-14.00294288459598,dloss=-9.448948974366544e-06
step= 34

nparam= 1004
	dense amplitude time= 0.11487030982971191
	total non-zero amplitudes= 4900
	nsamples per process= 50
	sample time= 1.7923691272735596
	self.n= 0.6265550504349562
	collect g,h time= 3.9151337146759033
E=-14.002942884595978,dE=-9.448948972590188e-06,std=0
L=-14.002942884595978,dL=-9.448948972590188e-06,std=0
	gnorm= 0.0004471502557774537
	symmetric= True
	solver time=0.04031038284301758,exit status=0
	SR solver time= 0.04038858413696289
	symmetric= False
	niter= 37
	niter= 359
	solver time=0.14844727516174316,exit status=0
	RGN solver time= 0.14848613739013672
	xnorm=3.2046879897821383,dnorm=0.06183514358346782
	dense amplitude time= 0.015073060989379883
	total non-zero amplitudes= 4900
	nsamples per process= 50
	sample time= 0.41694116592407227
	self.n= 0.6256752406721068
	RGN updated loss=-14.002951744064422,dloss=-8.859468444200047e-06
step= 35

nparam= 1004
	dense amplitude time= 0.03588223457336426
	total non-zero amplitudes= 4900
	nsamples per process= 50
	sample time= 1.8866627216339111
	self.n= 0.6256752406721063
	collect g,h time= 3.9436216354370117
E=-14.002951744064427,dE=-8.859468449529118e-06,std=0
L=-14.002951744064427,dL=-8.859468449529118e-06,std=0
	gnorm= 0.000413472362394307
	symmetric= True
	solver time=0.05093884468078613,exit status=0
	SR solver time= 0.05099081993103027
	symmetric= False
	niter= 37
	niter= 368
	solver time=0.13765525817871094,exit status=0
	RGN solver time= 0.1376962661743164
	xnorm=3.210803840253013,dnorm=0.059980919610483255
	dense amplitude time= 0.03776693344116211
	total non-zero amplitudes= 4900
	nsamples per process= 50
	sample time= 0.41501903533935547
	self.n= 0.6248693921303861
	RGN updated loss=-14.002960021941174,dloss=-8.27787674673175e-06
step= 36

nparam= 1004
	dense amplitude time= 0.11490893363952637
	total non-zero amplitudes= 4900
	nsamples per process= 50
	sample time= 1.8217487335205078
	self.n= 0.6248693921303863
	collect g,h time= 3.9311773777008057
E=-14.002960021941174,dE=-8.27787674673175e-06,std=0
L=-14.002960021941174,dL=-8.27787674673175e-06,std=0
	gnorm= 0.0003825230933358569
	symmetric= True
	solver time=0.03110647201538086,exit status=0
	SR solver time= 0.031154394149780273
	symmetric= False
	niter= 37
	niter= 372
	solver time=0.14402127265930176,exit status=0
	RGN solver time= 0.14406061172485352
	xnorm=3.2174000641807257,dnorm=0.05810614565050579
	dense amplitude time= 0.02803826332092285
	total non-zero amplitudes= 4900
	nsamples per process= 50
	sample time= 0.41892552375793457
	self.n= 0.6241558006855774
	RGN updated loss=-14.002967749601726,dloss=-7.72766055234797e-06
step= 37

nparam= 1004
	dense amplitude time= 0.029143571853637695
	total non-zero amplitudes= 4900
	nsamples per process= 50
	sample time= 1.8645265102386475
	self.n= 0.6241558006855776
	collect g,h time= 3.9296436309814453
E=-14.002967749601728,dE=-7.727660554124327e-06,std=0
L=-14.002967749601728,dL=-7.727660554124327e-06,std=0
	gnorm= 0.0003467506438769745
	symmetric= True
	solver time=0.009836673736572266,exit status=0
	SR solver time= 0.0098724365234375
	symmetric= False
	niter= 37
	niter= 374
	solver time=0.13419055938720703,exit status=0
	RGN solver time= 0.1342296600341797
	xnorm=3.2244173471645006,dnorm=0.05630998058619794
	dense amplitude time= 0.0279541015625
	total non-zero amplitudes= 4900
	nsamples per process= 50
	sample time= 0.4277942180633545
	self.n= 0.6234965322916308
	RGN updated loss=-14.002974961770414,dloss=-7.212168686265841e-06
step= 38

nparam= 1004
	dense amplitude time= 0.12175202369689941
	total non-zero amplitudes= 4900
	nsamples per process= 50
	sample time= 1.994178295135498
	self.n= 0.6234965322916307
	collect g,h time= 3.9267261028289795
E=-14.002974961770413,dE=-7.212168684489484e-06,std=0
L=-14.002974961770413,dL=-7.212168684489484e-06,std=0
	gnorm= 0.0003169834040654308
	symmetric= True
	solver time=0.019489765167236328,exit status=0
	SR solver time= 0.019527912139892578
	symmetric= False
	niter= 37
	niter= 374
	solver time=0.13088202476501465,exit status=0
	RGN solver time= 0.13092374801635742
	xnorm=3.2317292033265415,dnorm=0.054555317515609277
	dense amplitude time= 0.030198097229003906
	total non-zero amplitudes= 4900
	nsamples per process= 50
	sample time= 0.4507009983062744
	self.n= 0.6229308721859739
	RGN updated loss=-14.002981697069908,dloss=-6.735299495019831e-06
step= 39

nparam= 1004
	dense amplitude time= 0.09413623809814453
	total non-zero amplitudes= 4900
	nsamples per process= 50
	sample time= 1.9572134017944336
	self.n= 0.6229308721859724
	collect g,h time= 3.9330685138702393
E=-14.002981697069906,dE=-6.735299493243474e-06,std=0
L=-14.002981697069906,dL=-6.735299493243474e-06,std=0
	gnorm= 0.00028639062664709915
	symmetric= True
	niter= 37
	solver time=0.04158806800842285,exit status=0
	SR solver time= 0.04163837432861328
	symmetric= False
	niter= 374
	solver time=0.14984464645385742,exit status=0
	RGN solver time= 0.14988422393798828
	xnorm=3.239390089886637,dnorm=0.05295168951972603
	dense amplitude time= 0.015251874923706055
	total non-zero amplitudes= 4900
	nsamples per process= 50
	sample time= 0.42375731468200684
	self.n= 0.6224152108887846
	RGN updated loss=-14.002988003476759,dloss=-6.306406852729651e-06
step= 40

nparam= 1004
	dense amplitude time= 0.06301641464233398
	total non-zero amplitudes= 4900
	nsamples per process= 50
	sample time= 2.0668957233428955
	self.n= 0.6224152108887839
	collect g,h time= 3.9231719970703125
E=-14.00298800347676,dE=-6.306406854506008e-06,std=0
L=-14.00298800347676,dL=-6.306406854506008e-06,std=0
	gnorm= 0.0002641498107315625
	symmetric= True
	solver time=0.02924323081970215,exit status=0
	SR solver time= 0.029319047927856445
	symmetric= False
	niter= 36
	niter= 374
	solver time=0.15061020851135254,exit status=0
	RGN solver time= 0.15065240859985352
	xnorm=3.2472624625651028,dnorm=0.05140918393639559
	dense amplitude time= 0.02653336524963379
	total non-zero amplitudes= 4900
	nsamples per process= 50
	sample time= 0.45857930183410645
	self.n= 0.6219862396242906
	RGN updated loss=-14.002993925382889,dloss=-5.921906128136811e-06
step= 41

nparam= 1004
	dense amplitude time= 0.11954402923583984
	total non-zero amplitudes= 4900
	nsamples per process= 50
	sample time= 2.0334649085998535
	self.n= 0.6219862396242901
	collect g,h time= 3.925654888153076
E=-14.002993925382887,dE=-5.9219061263604544e-06,std=0
L=-14.002993925382887,dL=-5.9219061263604544e-06,std=0
	gnorm= 0.000237558510634507
	symmetric= True
	solver time=0.05108141899108887,exit status=0
	SR solver time= 0.05113053321838379
	symmetric= False
	niter= 36
	niter= 374
	solver time=0.17202091217041016,exit status=0
	RGN solver time= 0.1720566749572754
	xnorm=3.2554128259613186,dnorm=0.050016745618813245
	dense amplitude time= 0.05159139633178711
	total non-zero amplitudes= 4900
	nsamples per process= 50
	sample time= 0.4377763271331787
	self.n= 0.621621674446177
	RGN updated loss=-14.00299949903761,dloss=-5.573654723534105e-06
step= 42

nparam= 1004
	dense amplitude time= 0.1496601104736328
	total non-zero amplitudes= 4900
	nsamples per process= 50
	sample time= 1.8951199054718018
	self.n= 0.6216216744461767
	collect g,h time= 3.93935227394104
E=-14.002999499037607,dE=-5.573654719981391e-06,std=0
L=-14.002999499037607,dL=-5.573654719981391e-06,std=0
	gnorm= 0.00022810733762327376
	symmetric= True
	solver time=0.00975346565246582,exit status=0
	SR solver time= 0.009789466857910156
	symmetric= False
	niter= 36
	niter= 374
	solver time=0.1960139274597168,exit status=0
	RGN solver time= 0.19605231285095215
	xnorm=3.263738213338608,dnorm=0.04875371205531993
	dense amplitude time= 0.04661750793457031
	total non-zero amplitudes= 4900
	nsamples per process= 50
	sample time= 0.43079304695129395
	self.n= 0.6213151344076462
	RGN updated loss=-14.003004786629125,dloss=-5.287591518410295e-06
step= 43

nparam= 1004
	dense amplitude time= 0.12323832511901855
	total non-zero amplitudes= 4900
	nsamples per process= 50
	sample time= 1.9395973682403564
	self.n= 0.6213151344076457
	collect g,h time= 3.92965030670166
E=-14.003004786629125,dE=-5.287591518410295e-06,std=0
L=-14.003004786629125,dL=-5.287591518410295e-06,std=0
	gnorm= 0.00021266852585285082
	symmetric= True
	solver time=0.051151275634765625,exit status=0
	SR solver time= 0.05120491981506348
	symmetric= False
	niter= 36
	niter= 374
	solver time=0.12727952003479004,exit status=0
	RGN solver time= 0.12732219696044922
	xnorm=3.2722573905956645,dnorm=0.04763686630436769
	dense amplitude time= 0.018034934997558594
	total non-zero amplitudes= 4900
	nsamples per process= 50
	sample time= 0.45822572708129883
	self.n= 0.6210655279537503
	RGN updated loss=-14.00300981606323,dloss=-5.029434104741881e-06
step= 44

nparam= 1004
	dense amplitude time= 0.07664012908935547
	total non-zero amplitudes= 4900
	nsamples per process= 50
	sample time= 1.9230167865753174
	self.n= 0.6210655279537505
	collect g,h time= 3.926769971847534
E=-14.003009816063226,dE=-5.0294341011891674e-06,std=0
L=-14.003009816063226,dL=-5.0294341011891674e-06,std=0
	gnorm= 0.0001990921650650634
	symmetric= True
	solver time=0.02912163734436035,exit status=0
	SR solver time= 0.029162168502807617
	symmetric= False
	niter= 36
	niter= 374
	solver time=0.16273713111877441,exit status=0
	RGN solver time= 0.16277599334716797
	xnorm=3.280884449625176,dnorm=0.046646784826640655
	dense amplitude time= 0.04948878288269043
	total non-zero amplitudes= 4900
	nsamples per process= 50
	sample time= 0.4236338138580322
	self.n= 0.62087688792586
	RGN updated loss=-14.003014625288797,dloss=-4.809225570667763e-06
step= 45

nparam= 1004
	dense amplitude time= 0.1089174747467041
	total non-zero amplitudes= 4900
	nsamples per process= 50
	sample time= 1.8628315925598145
	self.n= 0.6208768879258594
	collect g,h time= 3.9281692504882812
E=-14.003014625288797,dE=-4.809225570667763e-06,std=0
L=-14.003014625288797,dL=-4.809225570667763e-06,std=0
	gnorm= 0.0001908615875351973
	symmetric= True
	solver time=0.06201314926147461,exit status=0
	SR solver time= 0.06206798553466797
	symmetric= False
	niter= 36
	niter= 374
	solver time=0.13242530822753906,exit status=0
	RGN solver time= 0.13246560096740723
	xnorm=3.2896211200929377,dnorm=0.045780797354731104
	dense amplitude time= 0.07755899429321289
	total non-zero amplitudes= 4900
	nsamples per process= 50
	sample time= 0.44620680809020996
	self.n= 0.6207383594595175
	RGN updated loss=-14.00301924879827,dloss=-4.6235094721680525e-06
step= 46

nparam= 1004
	dense amplitude time= 0.07517170906066895
	total non-zero amplitudes= 4900
	nsamples per process= 50
	sample time= 1.9503419399261475
	self.n= 0.6207383594595175
	collect g,h time= 3.9235823154449463
E=-14.003019248798271,dE=-4.623509473944409e-06,std=0
L=-14.003019248798271,dL=-4.623509473944409e-06,std=0
	gnorm= 0.00018905406040046693
	symmetric= True
	solver time=0.040688276290893555,exit status=0
	SR solver time= 0.040738821029663086
	symmetric= False
	niter= 37
	niter= 374
	solver time=0.13971471786499023,exit status=0
	RGN solver time= 0.1397569179534912
	xnorm=3.2984512972455597,dnorm=0.04499980651702327
	dense amplitude time= 0.03724408149719238
	total non-zero amplitudes= 4900
	nsamples per process= 50
	sample time= 0.4362311363220215
	self.n= 0.6206345275382028
	RGN updated loss=-14.0030237037191,dloss=-4.454920828678155e-06
step= 47

nparam= 1004
	dense amplitude time= 0.12572264671325684
	total non-zero amplitudes= 4900
	nsamples per process= 50
	sample time= 1.8301012516021729
	self.n= 0.6206345275382028
	collect g,h time= 3.9205946922302246
E=-14.0030237037191,dE=-4.454920828678155e-06,std=0
L=-14.0030237037191,dL=-4.454920828678155e-06,std=0
	gnorm= 0.0001838379480529937
	symmetric= True
	solver time=0.033872127532958984,exit status=0
	SR solver time= 0.03391742706298828
	symmetric= False
	niter= 36
	niter= 374
	solver time=0.17072772979736328,exit status=0
	RGN solver time= 0.17076516151428223
	xnorm=3.307329712186438,dnorm=0.04439828161966576
	dense amplitude time= 0.05071878433227539
	total non-zero amplitudes= 4900
	nsamples per process= 50
	sample time= 0.42900967597961426
	self.n= 0.6206006460410893
	RGN updated loss=-14.003028046952593,dloss=-4.343233493742105e-06
step= 48

nparam= 1004
	dense amplitude time= 0.13062214851379395
	total non-zero amplitudes= 4900
	nsamples per process= 50
	sample time= 1.8968472480773926
	self.n= 0.6206006460410892
	collect g,h time= 3.9262781143188477
E=-14.003028046952595,dE=-4.3432334955184615e-06,std=0
L=-14.003028046952595,dL=-4.3432334955184615e-06,std=0
	gnorm= 0.0001793910844102429
	symmetric= True
	solver time=0.016484975814819336,exit status=0
	SR solver time= 0.016526460647583008
	symmetric= False
	niter= 37
	niter= 374
	solver time=0.14221954345703125,exit status=0
	RGN solver time= 0.1422560214996338
	xnorm=3.3163390368536527,dnorm=0.043837506010185386
	dense amplitude time= 0.026412010192871094
	total non-zero amplitudes= 4900
	nsamples per process= 50
	sample time= 0.4372541904449463
	self.n= 0.620582484230526
	RGN updated loss=-14.00303226786166,dloss=-4.220909064045486e-06
step= 49

nparam= 1004
	dense amplitude time= 0.06569170951843262
	total non-zero amplitudes= 4900
	nsamples per process= 50
	sample time= 1.887834072113037
	self.n= 0.6205824842305261
	collect g,h time= 3.9291234016418457
E=-14.003032267861661,dE=-4.220909065821843e-06,std=0
L=-14.003032267861661,dL=-4.220909065821843e-06,std=0
	gnorm= 0.00017962922156454899
	symmetric= True
	solver time=0.015534639358520508,exit status=0
	SR solver time= 0.01557779312133789
	symmetric= False
	niter= 37
	niter= 374
	solver time=0.12340784072875977,exit status=0
	RGN solver time= 0.12344837188720703
	xnorm=3.3253747069509703,dnorm=0.043422955501395875
	dense amplitude time= 0.041262149810791016
	total non-zero amplitudes= 4900
	nsamples per process= 50
	sample time= 0.4545328617095947
	self.n= 0.6206297621643977
	RGN updated loss=-14.00303642471409,dloss=-4.156852428494062e-06
step= 50

nparam= 1004
	dense amplitude time= 0.10375833511352539
	total non-zero amplitudes= 4900
	nsamples per process= 50
	sample time= 1.851046085357666
	self.n= 0.620629762164397
	collect g,h time= 3.9538073539733887
E=-14.003036424714086,dE=-4.1568524249413485e-06,std=0
L=-14.003036424714086,dL=-4.1568524249413485e-06,std=0
	gnorm= 0.0001725383317871861
	symmetric= True
	solver time=0.04940295219421387,exit status=0
	SR solver time= 0.049454450607299805
	symmetric= False
	niter= 37
	niter= 376
	solver time=0.14531183242797852,exit status=0
	RGN solver time= 0.1453533172607422
	xnorm=3.334522744479987,dnorm=0.043056234990396604
	dense amplitude time= 0.04572868347167969
	total non-zero amplitudes= 4900
	nsamples per process= 50
	sample time= 0.44020676612854004
	self.n= 0.6206838419384946
	RGN updated loss=-14.0030405045737,dloss=-4.079859614591896e-06
step= 51

nparam= 1004
	dense amplitude time= 0.1125023365020752
	total non-zero amplitudes= 4900
	nsamples per process= 50
	sample time= 1.900205373764038
	self.n= 0.6206838419384946
	collect g,h time= 3.933913230895996
E=-14.0030405045737,dE=-4.079859614591896e-06,std=0
L=-14.0030405045737,dL=-4.079859614591896e-06,std=0
	gnorm= 0.00017599843172449225
	symmetric= True
	solver time=0.027944326400756836,exit status=0
	SR solver time= 0.028022289276123047
	symmetric= False
	niter= 37
	niter= 376
	solver time=0.14561009407043457,exit status=0
	RGN solver time= 0.14565181732177734
	xnorm=3.343650026048994,dnorm=0.04281310961985613
	dense amplitude time= 0.03721737861633301
	total non-zero amplitudes= 4900
	nsamples per process= 50
	sample time= 0.43347859382629395
	self.n= 0.620792198451102
	RGN updated loss=-14.00304454849411,dloss=-4.043920409202428e-06
step= 52

nparam= 1004
	dense amplitude time= 0.10378289222717285
	total non-zero amplitudes= 4900
	nsamples per process= 50
	sample time= 1.8549795150756836
	self.n= 0.6207921984511011
	collect g,h time= 3.9364840984344482
E=-14.003044548494106,dE=-4.043920405649715e-06,std=0
L=-14.003044548494106,dL=-4.043920405649715e-06,std=0
	gnorm= 0.00017109572550589184
	symmetric= True
	solver time=0.050431013107299805,exit status=0
	SR solver time= 0.050476789474487305
	symmetric= False
	niter= 36
	niter= 378
	solver time=0.14758801460266113,exit status=0
	RGN solver time= 0.14762425422668457
	xnorm=3.3529509756044953,dnorm=0.042644130218143304
	dense amplitude time= 0.08116507530212402
	total non-zero amplitudes= 4900
	nsamples per process= 50
	sample time= 0.428943395614624
	self.n= 0.6209157962962398
	RGN updated loss=-14.003048559447631,dloss=-4.01095352486891e-06
step= 53

nparam= 1004
	dense amplitude time= 0.050177812576293945
	total non-zero amplitudes= 4900
	nsamples per process= 50
	sample time= 1.9142227172851562
	self.n= 0.6209157962962392
	collect g,h time= 3.9525105953216553
E=-14.003048559447627,dE=-4.010953521316196e-06,std=0
L=-14.003048559447627,dL=-4.010953521316196e-06,std=0
	gnorm= 0.0001772024026113331
	symmetric= True
	solver time=0.027942657470703125,exit status=0
	SR solver time= 0.027984619140625
	symmetric= False
	niter= 37
	niter= 377
	solver time=0.16217517852783203,exit status=0
	RGN solver time= 0.1622145175933838
	xnorm=3.36230553159939,dnorm=0.04257901717046631
	dense amplitude time= 0.04862689971923828
	total non-zero amplitudes= 4900
	nsamples per process= 50
	sample time= 0.4317209720611572
	self.n= 0.6210535911190405
	RGN updated loss=-14.00305256091831,dloss=-4.001470681913588e-06
step= 54

nparam= 1004
	dense amplitude time= 0.04308319091796875
	total non-zero amplitudes= 4900
	nsamples per process= 50
	sample time= 1.8942875862121582
	self.n= 0.6210535911190396
	collect g,h time= 3.9712862968444824
E=-14.00305256091831,dE=-4.001470681913588e-06,std=0
L=-14.00305256091831,dL=-4.001470681913588e-06,std=0
	gnorm= 0.00017306493454543684
	symmetric= True
	solver time=0.05166435241699219,exit status=0
	SR solver time= 0.05171704292297363
	symmetric= False
	niter= 36
	niter= 378
	solver time=0.1284160614013672,exit status=0
	RGN solver time= 0.12845444679260254
	xnorm=3.371659329540716,dnorm=0.04252921587654098
	dense amplitude time= 0.023829221725463867
	total non-zero amplitudes= 4900
	nsamples per process= 50
	sample time= 0.42286086082458496
	self.n= 0.6212267949822852
	RGN updated loss=-14.00305656135557,dloss=-4.000437261453271e-06
step= 55

nparam= 1004
	dense amplitude time= 0.03205728530883789
	total non-zero amplitudes= 4900
	nsamples per process= 50
	sample time= 1.908134937286377
	self.n= 0.6212267949822845
	collect g,h time= 3.956341505050659
E=-14.003056561355569,dE=-4.0004372596769144e-06,std=0
L=-14.003056561355569,dL=-4.0004372596769144e-06,std=0
	gnorm= 0.0001758388846609317
	symmetric= True
	solver time=0.00841212272644043,exit status=0
	SR solver time= 0.00845026969909668
	symmetric= False
	niter= 36
	niter= 377
	solver time=0.14614391326904297,exit status=0
	RGN solver time= 0.14618206024169922
	xnorm=3.3811977788254266,dnorm=0.04256105000353445
	dense amplitude time= 0.0208895206451416
	total non-zero amplitudes= 4900
	nsamples per process= 50
	sample time= 0.44492268562316895
	self.n= 0.6214014442380642
	RGN updated loss=-14.00306057551198,dloss=-4.014156411713543e-06
step= 56

nparam= 1004
	dense amplitude time= 0.06105184555053711
	total non-zero amplitudes= 4900
	nsamples per process= 50
	sample time= 1.9727144241333008
	self.n= 0.6214014442380648
	collect g,h time= 3.954662322998047
E=-14.00306057551198,dE=-4.014156411713543e-06,std=0
L=-14.00306057551198,dL=-4.014156411713543e-06,std=0
	gnorm= 0.00017639326435913192
	symmetric= True
	solver time=0.017154932022094727,exit status=0
	SR solver time= 0.017197132110595703
	symmetric= False
	niter= 36
	niter= 377
	solver time=0.12569332122802734,exit status=0
	RGN solver time= 0.12572908401489258
	xnorm=3.3907599651082996,dnorm=0.042654077526645996
	dense amplitude time= 0.021016597747802734
	total non-zero amplitudes= 4900
	nsamples per process= 50
	sample time= 0.4396235942840576
	self.n= 0.6216010342418574
	RGN updated loss=-14.003064608567847,dloss=-4.0330558661594296e-06
step= 57

nparam= 1004
	dense amplitude time= 0.029335737228393555
	total non-zero amplitudes= 4900
	nsamples per process= 50
	sample time= 1.9194655418395996
	self.n= 0.6216010342418571
	collect g,h time= 3.95304012298584
E=-14.003064608567849,dE=-4.033055867935786e-06,std=0
L=-14.003064608567849,dL=-4.033055867935786e-06,std=0
	gnorm= 0.00018098961197803744
	symmetric= True
	solver time=0.04009604454040527,exit status=0
	SR solver time= 0.040167808532714844
	symmetric= False
	niter= 36
	niter= 374
	solver time=0.14766621589660645,exit status=0
	RGN solver time= 0.1477041244506836
	xnorm=3.4004954430612657,dnorm=0.04278348508394588
	dense amplitude time= 0.03316855430603027
	total non-zero amplitudes= 4900
	nsamples per process= 50
	sample time= 0.4425992965698242
	self.n= 0.6218020598780345
	RGN updated loss=-14.00306867445116,dloss=-4.065883311810126e-06
step= 58

nparam= 1004
	dense amplitude time= 0.0338132381439209
	total non-zero amplitudes= 4900
	nsamples per process= 50
	sample time= 1.9103469848632812
	self.n= 0.6218020598780336
	collect g,h time= 3.955329656600952
E=-14.00306867445116,dE=-4.065883311810126e-06,std=0
L=-14.00306867445116,dL=-4.065883311810126e-06,std=0
	gnorm= 0.0001820790002600643
	symmetric= True
	solver time=0.024116039276123047,exit status=0
	SR solver time= 0.024160146713256836
	symmetric= False
	niter= 36
	niter= 377
	solver time=0.15374398231506348,exit status=0
	RGN solver time= 0.15378522872924805
	xnorm=3.4102558962417224,dnorm=0.042940777996935374
	dense amplitude time= 0.02708578109741211
	total non-zero amplitudes= 4900
	nsamples per process= 50
	sample time= 0.4332401752471924
	self.n= 0.6220121176920219
	RGN updated loss=-14.003072774427848,dloss=-4.0999766870442045e-06
step= 59

nparam= 1004
	dense amplitude time= 0.043305397033691406
	total non-zero amplitudes= 4900
	nsamples per process= 50
	sample time= 1.8879611492156982
	self.n= 0.6220121176920214
	collect g,h time= 3.956596612930298
E=-14.00307277442785,dE=-4.099976688820561e-06,std=0
L=-14.00307277442785,dL=-4.099976688820561e-06,std=0
	gnorm= 0.00018445265761314034
	symmetric= True
	solver time=0.017011165618896484,exit status=0
	SR solver time= 0.01705145835876465
	symmetric= False
	niter= 37
	niter= 374
	solver time=0.13484954833984375,exit status=0
	RGN solver time= 0.13489055633544922
	xnorm=3.4201558832342904,dnorm=0.04312430196394433
	dense amplitude time= 0.03971433639526367
	total non-zero amplitudes= 4900
	nsamples per process= 50
	sample time= 0.4442558288574219
	self.n= 0.6222285701575501
	RGN updated loss=-14.003076913086856,dloss=-4.138659006613921e-06
step= 60

nparam= 1004
	dense amplitude time= 0.021668434143066406
	total non-zero amplitudes= 4900
	nsamples per process= 50
	sample time= 1.921799898147583
	self.n= 0.6222285701575496
	collect g,h time= 3.9582011699676514
E=-14.003076913086858,dE=-4.1386590083902774e-06,std=0
L=-14.003076913086858,dL=-4.1386590083902774e-06,std=0
	gnorm= 0.00018687245552690736
	symmetric= True
	solver time=0.0311582088470459,exit status=0
	SR solver time= 0.031200170516967773
	symmetric= False
	niter= 37
	niter= 376
	solver time=0.1463930606842041,exit status=0
	RGN solver time= 0.14643096923828125
	xnorm=3.430178909523093,dnorm=0.0433130294140882
	dense amplitude time= 0.034038543701171875
	total non-zero amplitudes= 4900
	nsamples per process= 50
	sample time= 0.43965744972229004
	self.n= 0.6224478179075352
	RGN updated loss=-14.003081090511005,dloss=-4.177424147044917e-06
step= 61

nparam= 1004
	dense amplitude time= 0.03393745422363281
	total non-zero amplitudes= 4900
	nsamples per process= 50
	sample time= 1.8894412517547607
	self.n= 0.6224478179075342
	collect g,h time= 3.9605414867401123
E=-14.003081090511001,dE=-4.177424143492203e-06,std=0
L=-14.003081090511001,dL=-4.177424143492203e-06,std=0
	gnorm= 0.00019214806297882637
	symmetric= True
	solver time=0.04094195365905762,exit status=0
	SR solver time= 0.04099011421203613
	symmetric= False
	niter= 37
	niter= 374
	solver time=0.1384587287902832,exit status=0
	RGN solver time= 0.13850188255310059
	xnorm=3.440328171342915,dnorm=0.0434693728401085
	dense amplitude time= 0.056595563888549805
	total non-zero amplitudes= 4900
	nsamples per process= 50
	sample time= 0.4222266674041748
	self.n= 0.6226594983341139
	RGN updated loss=-14.003085300973135,dloss=-4.210462133613646e-06
step= 62

nparam= 1004
	dense amplitude time= 0.03255748748779297
	total non-zero amplitudes= 4900
	nsamples per process= 50
	sample time= 1.9021568298339844
	self.n= 0.622659498334114
	collect g,h time= 3.964430332183838
E=-14.00308530097313,dE=-4.2104621282845756e-06,std=0
L=-14.00308530097313,dL=-4.2104621282845756e-06,std=0
	gnorm= 0.00019075770338025167
	symmetric= True
	solver time=0.020441770553588867,exit status=0
	SR solver time= 0.020481586456298828
	symmetric= False
	niter= 37
	niter= 376
	solver time=0.13161611557006836,exit status=0
	RGN solver time= 0.13165569305419922
	xnorm=3.45059165860703,dnorm=0.0436326289706779
	dense amplitude time= 0.047217607498168945
	total non-zero amplitudes= 4900
	nsamples per process= 50
	sample time= 0.4254753589630127
	self.n= 0.6228670995219243
	RGN updated loss=-14.003089542439774,dloss=-4.241466644572256e-06
step= 63

nparam= 1004
	dense amplitude time= 0.03988289833068848
	total non-zero amplitudes= 4900
	nsamples per process= 50
	sample time= 1.90702223777771
	self.n= 0.6228670995219239
	collect g,h time= 3.9613189697265625
E=-14.003089542439772,dE=-4.241466642795899e-06,std=0
L=-14.003089542439772,dL=-4.241466642795899e-06,std=0
	gnorm= 0.00019196810073545572
	symmetric= True
	solver time=0.01793956756591797,exit status=0
	SR solver time= 0.017986774444580078
	symmetric= False
	niter= 37
	niter= 376
	solver time=0.14960741996765137,exit status=0
	RGN solver time= 0.14964509010314941
	xnorm=3.4609786452554103,dnorm=0.04376719072128944
	dense amplitude time= 0.05919313430786133
	total non-zero amplitudes= 4900
	nsamples per process= 50
	sample time= 0.43935155868530273
	self.n= 0.6230720013464175
	RGN updated loss=-14.003093811512397,dloss=-4.269072624296655e-06
step= 64

nparam= 1004
	dense amplitude time= 0.017760515213012695
	total non-zero amplitudes= 4900
	nsamples per process= 50
	sample time= 1.8852806091308594
	self.n= 0.6230720013464168
	collect g,h time= 3.962217092514038
E=-14.003093811512395,dE=-4.269072622520298e-06,std=0
L=-14.003093811512395,dL=-4.269072622520298e-06,std=0
	gnorm= 0.00019217029724076246
	symmetric= True
	solver time=0.029610872268676758,exit status=0
	SR solver time= 0.029653072357177734
	symmetric= False
	niter= 37
	niter= 374
	solver time=0.15216469764709473,exit status=0
	RGN solver time= 0.1522068977355957
	xnorm=3.471484830344268,dnorm=0.04390717933738597
	dense amplitude time= 0.025496482849121094
	total non-zero amplitudes= 4900
	nsamples per process= 50
	sample time= 0.43016862869262695
	self.n= 0.6232796091575509
	RGN updated loss=-14.003098105190656,dloss=-4.2936782609359625e-06
step= 65

nparam= 1004
	dense amplitude time= 0.04270315170288086
	total non-zero amplitudes= 4900
	nsamples per process= 50
	sample time= 1.916109323501587
	self.n= 0.623279609157551
	collect g,h time= 3.9605040550231934
E=-14.003098105190656,dE=-4.2936782609359625e-06,std=0
L=-14.003098105190656,dL=-4.2936782609359625e-06,std=0
	gnorm= 0.00019368902921326804
	symmetric= True
	niter= 37
	solver time=0.03670811653137207,exit status=0
	SR solver time= 0.03675341606140137
	symmetric= False
	niter= 374
	solver time=0.14047789573669434,exit status=0
	RGN solver time= 0.1405179500579834
	xnorm=3.48212001946605,dnorm=0.04395840150754999
	dense amplitude time= 0.04837775230407715
	total non-zero amplitudes= 4900
	nsamples per process= 50
	sample time= 0.4408729076385498
	self.n= 0.6234818235177085
	RGN updated loss=-14.003102404379206,dloss=-4.299188550049848e-06
step= 66

nparam= 1004
	dense amplitude time= 0.03475213050842285
	total non-zero amplitudes= 4900
	nsamples per process= 50
	sample time= 1.9010710716247559
	self.n= 0.6234818235177088
	collect g,h time= 3.9625000953674316
E=-14.003102404379206,dE=-4.299188550049848e-06,std=0
L=-14.003102404379206,dL=-4.299188550049848e-06,std=0
	gnorm= 0.00019397856047221712
	symmetric= True
	solver time=0.01964735984802246,exit status=0
	SR solver time= 0.01968669891357422
	symmetric= False
	niter= 37
	niter= 374
	solver time=0.15647506713867188,exit status=0
	RGN solver time= 0.15651488304138184
	xnorm=3.4928625517875953,dnorm=0.04398196272537816
	dense amplitude time= 0.022776126861572266
	total non-zero amplitudes= 4900
	nsamples per process= 50
	sample time= 0.4245734214782715
	self.n= 0.623663603810013
	RGN updated loss=-14.003106702222468,dloss=-4.297843261724665e-06
step= 67

nparam= 1004
	dense amplitude time= 0.04156780242919922
	total non-zero amplitudes= 4900
	nsamples per process= 50
	sample time= 1.8795053958892822
	self.n= 0.6236636038100127
	collect g,h time= 3.965848684310913
E=-14.00310670222247,dE=-4.297843263501022e-06,std=0
L=-14.00310670222247,dL=-4.297843263501022e-06,std=0
	gnorm= 0.0001930510266233901
	symmetric= True
	solver time=0.03222036361694336,exit status=0
	SR solver time= 0.03226757049560547
	symmetric= False
	niter= 37
	niter= 374
	solver time=0.12428760528564453,exit status=0
	RGN solver time= 0.1243283748626709
	xnorm=3.503693829469668,dnorm=0.04392365740790062
	dense amplitude time= 0.017210960388183594
	total non-zero amplitudes= 4900
	nsamples per process= 50
	sample time= 0.4288520812988281
	self.n= 0.6238524884039023
	RGN updated loss=-14.003110985052496,dloss=-4.282830026625106e-06
step= 68

nparam= 1004
	dense amplitude time= 0.04477572441101074
	total non-zero amplitudes= 4900
	nsamples per process= 50
	sample time= 1.8810534477233887
	self.n= 0.6238524884039024
	collect g,h time= 3.974113702774048
E=-14.003110985052492,dE=-4.282830023072393e-06,std=0
L=-14.003110985052492,dL=-4.282830023072393e-06,std=0
	gnorm= 0.00020223084505717137
	symmetric= True
	niter= 37
	solver time=0.05574774742126465,exit status=0
	SR solver time= 0.05582737922668457
	symmetric= False
	niter= 374
	solver time=0.1656630039215088,exit status=0
	RGN solver time= 0.1657090187072754
	xnorm=3.514633897737129,dnorm=0.04385121394308677
	dense amplitude time= 0.027850866317749023
	total non-zero amplitudes= 4900
	nsamples per process= 50
	sample time= 0.4301304817199707
	self.n= 0.6240070288839007
	RGN updated loss=-14.00311524119197,dloss=-4.256139478187038e-06
step= 69

nparam= 1004
	dense amplitude time= 0.0295712947845459
	total non-zero amplitudes= 4900
	nsamples per process= 50
	sample time= 1.8801946640014648
	self.n= 0.6240070288839
	collect g,h time= 3.992828845977783
E=-14.003115241191972,dE=-4.2561394799633945e-06,std=0
L=-14.003115241191972,dL=-4.2561394799633945e-06,std=0
	gnorm= 0.00019481672082567763
	symmetric= True
	solver time=0.016608715057373047,exit status=0
	SR solver time= 0.01665353775024414
	symmetric= False
	niter= 37
	solver time=0.12488245964050293,exit status=0
	RGN solver time= 0.1249241828918457
	xnorm=3.5256636053136132,dnorm=0.043681264637924086
	niter= 374
	dense amplitude time= 0.05986762046813965
	total non-zero amplitudes= 4900
	nsamples per process= 50
	sample time= 0.4372889995574951
	self.n= 0.6241806534744103
	RGN updated loss=-14.003119469956538,dloss=-4.228764565183951e-06
step= 70

nparam= 1004
	dense amplitude time= 0.06902837753295898
	total non-zero amplitudes= 4900
	nsamples per process= 50
	sample time= 1.8816275596618652
	self.n= 0.6241806534744105
	collect g,h time= 3.9716687202453613
E=-14.003119469956538,dE=-4.228764565183951e-06,std=0
L=-14.003119469956538,dL=-4.228764565183951e-06,std=0
	gnorm= 0.00018781044144791897
	symmetric= True
	solver time=0.02139759063720703,exit status=0
	SR solver time= 0.021441221237182617
	symmetric= False
	niter= 36
	niter= 374
	solver time=0.142075777053833,exit status=0
	RGN solver time= 0.14211368560791016
	xnorm=3.5367365946366474,dnorm=0.04347461368296038
	dense amplitude time= 0.06365704536437988
	total non-zero amplitudes= 4900
	nsamples per process= 50
	sample time= 0.4473607540130615
	self.n= 0.6243346234634585
	RGN updated loss=-14.003123650736828,dloss=-4.180780290852226e-06
step= 71

nparam= 1004
	dense amplitude time= 0.032663822174072266
	total non-zero amplitudes= 4900
	nsamples per process= 50
	sample time= 1.930952548980713
	self.n= 0.624334623463459
	collect g,h time= 3.981212854385376
E=-14.003123650736827,dE=-4.180780289075869e-06,std=0
L=-14.003123650736827,dL=-4.180780289075869e-06,std=0
	gnorm= 0.00018468019609751464
	symmetric= True
	solver time=0.017023801803588867,exit status=0
	SR solver time= 0.017070531845092773
	symmetric= False
	niter= 36
	niter= 374
	solver time=0.14496064186096191,exit status=0
	RGN solver time= 0.1450040340423584
	xnorm=3.547860197612937,dnorm=0.04324975466156775
	dense amplitude time= 0.018410205841064453
	total non-zero amplitudes= 4900
	nsamples per process= 50
	sample time= 0.42598676681518555
	self.n= 0.6244862773128578
	RGN updated loss=-14.003127781464938,dloss=-4.130728111562121e-06
step= 72

nparam= 1004
	dense amplitude time= 0.043332815170288086
	total non-zero amplitudes= 4900
	nsamples per process= 50
	sample time= 1.9504473209381104
	self.n= 0.6244862773128566
	collect g,h time= 3.973452568054199
E=-14.003127781464935,dE=-4.130728108009407e-06,std=0
L=-14.003127781464935,dL=-4.130728108009407e-06,std=0
	gnorm= 0.00018250491794129847
	symmetric= True
	solver time=0.00821065902709961,exit status=0
	SR solver time= 0.008252143859863281
	symmetric= False
	niter= 36
	niter= 374
	solver time=0.11170339584350586,exit status=0
	RGN solver time= 0.11174249649047852
	xnorm=3.559016458034269,dnorm=0.042949596126176735
	dense amplitude time= 0.026854276657104492
	total non-zero amplitudes= 4900
	nsamples per process= 50
	sample time= 0.42377471923828125
	self.n= 0.6246252789753262
	RGN updated loss=-14.003131851889368,dloss=-4.070424433066933e-06
step= 73

nparam= 1004
	dense amplitude time= 0.09206271171569824
	total non-zero amplitudes= 4900
	nsamples per process= 50
	sample time= 1.8703594207763672
	self.n= 0.6246252789753262
	collect g,h time= 3.9830291271209717
E=-14.003131851889368,dE=-4.070424433066933e-06,std=0
L=-14.003131851889368,dL=-4.070424433066933e-06,std=0
	gnorm= 0.00017900839593313502
	symmetric= True
	solver time=0.015307903289794922,exit status=0
	SR solver time= 0.015346050262451172
	symmetric= False
	niter= 36
	niter= 374
	solver time=0.13211894035339355,exit status=0
	RGN solver time= 0.13216042518615723
	xnorm=3.570205360537296,dnorm=0.04261216267276892
	dense amplitude time= 0.01637411117553711
	total non-zero amplitudes= 4900
	nsamples per process= 50
	sample time= 0.42662787437438965
	self.n= 0.6247536942125809
	RGN updated loss=-14.003135853047478,dloss=-4.0011581106114136e-06
step= 74

nparam= 1004
	dense amplitude time= 0.05952811241149902
	total non-zero amplitudes= 4900
	nsamples per process= 50
	sample time= 1.8547828197479248
	self.n= 0.6247536942125803
	collect g,h time= 3.9890551567077637
E=-14.003135853047482,dE=-4.001158114164127e-06,std=0
L=-14.003135853047482,dL=-4.001158114164127e-06,std=0
	gnorm= 0.00017592784404495837
	symmetric= True
	solver time=0.029420852661132812,exit status=0
	SR solver time= 0.02949047088623047
	symmetric= False
	niter= 36
	niter= 374
	solver time=0.12996220588684082,exit status=0
	RGN solver time= 0.13001155853271484
	xnorm=3.58142191305062,dnorm=0.04223826306932711
	dense amplitude time= 0.04052591323852539
	total non-zero amplitudes= 4900
	nsamples per process= 50
	sample time= 0.43236422538757324
	self.n= 0.6248750478727094
	RGN updated loss=-14.003139781431072,dloss=-3.9283835899794894e-06
step= 75

nparam= 1004
	dense amplitude time= 0.019494056701660156
	total non-zero amplitudes= 4900
	nsamples per process= 50
	sample time= 1.8760993480682373
	self.n= 0.6248750478727099
	collect g,h time= 3.9813644886016846
E=-14.003139781431067,dE=-3.928383584650419e-06,std=0
L=-14.003139781431067,dL=-3.928383584650419e-06,std=0
	gnorm= 0.00017265083276759812
	symmetric= True
	solver time=0.026937007904052734,exit status=0
	SR solver time= 0.026980876922607422
	symmetric= False
	niter= 36
	niter= 374
	solver time=0.14330077171325684,exit status=0
	RGN solver time= 0.1433391571044922
	xnorm=3.5926284699750837,dnorm=0.04182749098290868
	dense amplitude time= 0.01903247833251953
	total non-zero amplitudes= 4900
	nsamples per process= 50
	sample time= 0.4274563789367676
	self.n= 0.6249959383906027
	RGN updated loss=-14.003143629912238,dloss=-3.848481171075946e-06
step= 76

nparam= 1004
	dense amplitude time= 0.03664135932922363
	total non-zero amplitudes= 4900
	nsamples per process= 50
	sample time= 1.8543517589569092
	self.n= 0.6249959383906027
	collect g,h time= 3.9822142124176025
E=-14.003143629912238,dE=-3.848481171075946e-06,std=0
L=-14.003143629912238,dL=-3.848481171075946e-06,std=0
	gnorm= 0.00016844965918150228
	symmetric= True
	solver time=0.03796744346618652,exit status=0
	SR solver time= 0.038016319274902344
	symmetric= False
	niter= 36
	solver time=0.14318275451660156,exit status=0
	RGN solver time= 0.14322328567504883
	xnorm=3.603820677233189,dnorm=0.04137036218455796
	niter= 374
	dense amplitude time= 0.024661779403686523
	total non-zero amplitudes= 4900
	nsamples per process= 50
	sample time= 0.4027676582336426
	self.n= 0.6251131624501796
	RGN updated loss=-14.003147391473656,dloss=-3.761561417903181e-06
step= 77

nparam= 1004
	dense amplitude time= 0.05424094200134277
	total non-zero amplitudes= 4900
	nsamples per process= 50
	sample time= 1.8404381275177002
	self.n= 0.6251131624501796
	collect g,h time= 3.9782915115356445
E=-14.003147391473656,dE=-3.761561417903181e-06,std=0
L=-14.003147391473656,dL=-3.761561417903181e-06,std=0
	gnorm= 0.00016607405974514863
	symmetric= True
	solver time=0.029410362243652344,exit status=0
	SR solver time= 0.02945685386657715
	symmetric= False
	niter= 36
	niter= 374
	solver time=0.1260371208190918,exit status=0
	RGN solver time= 0.12607359886169434
	xnorm=3.6149956341234177,dnorm=0.04088096219813408
	dense amplitude time= 0.04421091079711914
	total non-zero amplitudes= 4900
	nsamples per process= 50
	sample time= 0.4105684757232666
	self.n= 0.6252196634077591
	RGN updated loss=-14.003151063153485,dloss=-3.6716798295088893e-06
step= 78

nparam= 1004
	dense amplitude time= 0.12324309349060059
	total non-zero amplitudes= 4900
	nsamples per process= 50
	sample time= 1.843076229095459
	self.n= 0.6252196634077591
	collect g,h time= 3.9770238399505615
E=-14.003151063153485,dE=-3.6716798295088893e-06,std=0
L=-14.003151063153485,dL=-3.6716798295088893e-06,std=0
	gnorm= 0.0001598272325518197
	symmetric= True
	solver time=0.008084535598754883,exit status=0
	SR solver time= 0.008124351501464844
	symmetric= False
	niter= 36
	niter= 374
	solver time=0.11173462867736816,exit status=0
	RGN solver time= 0.1117863655090332
	xnorm=3.626130800624945,dnorm=0.04035890945725582
	dense amplitude time= 0.0541536808013916
	total non-zero amplitudes= 4900
	nsamples per process= 50
	sample time= 0.42618346214294434
	self.n= 0.6253453857299955
	RGN updated loss=-14.003154640133202,dloss=-3.5769797168683226e-06
step= 79

nparam= 1004
	dense amplitude time= 0.038695335388183594
	total non-zero amplitudes= 4900
	nsamples per process= 50
	sample time= 1.8428823947906494
	self.n= 0.6253453857299957
	collect g,h time= 3.9848971366882324
E=-14.003154640133202,dE=-3.5769797168683226e-06,std=0
L=-14.003154640133202,dL=-3.5769797168683226e-06,std=0
	gnorm= 0.00015784291104142868
	symmetric= True
	solver time=0.037958621978759766,exit status=0
	SR solver time= 0.03800320625305176
	symmetric= False
	niter= 36
	niter= 374
	solver time=0.12609028816223145,exit status=0
	RGN solver time= 0.12613582611083984
	xnorm=3.6372379295374135,dnorm=0.039810000215566424
	dense amplitude time= 0.028322458267211914
	total non-zero amplitudes= 4900
	nsamples per process= 50
	sample time= 0.4211692810058594
	self.n= 0.6254633253989238
	RGN updated loss=-14.00315811885494,dloss=-3.4787217373377644e-06
step= 80

nparam= 1004
	dense amplitude time= 0.07573127746582031
	total non-zero amplitudes= 4900
	nsamples per process= 50
	sample time= 1.9116573333740234
	self.n= 0.6254633253989239
	collect g,h time= 3.9826619625091553
E=-14.003158118854943,dE=-3.478721740890478e-06,std=0
L=-14.003158118854943,dL=-3.478721740890478e-06,std=0
	gnorm= 0.00015160313062265003
	symmetric= True
	solver time=0.00853419303894043,exit status=0
	SR solver time= 0.008572578430175781
	symmetric= False
	niter= 35
	niter= 374
	solver time=0.12273073196411133,exit status=0
	RGN solver time= 0.12276721000671387
	xnorm=3.6482813013298308,dnorm=0.03924691288745512
	dense amplitude time= 0.026746749877929688
	total non-zero amplitudes= 4900
	nsamples per process= 50
	sample time= 0.4359130859375
	self.n= 0.6256070957216409
	RGN updated loss=-14.00316149919287,dloss=-3.3803379277941303e-06
step= 81

nparam= 1004
	dense amplitude time= 0.0961599349975586
	total non-zero amplitudes= 4900
	nsamples per process= 50
	sample time= 1.9322540760040283
	self.n= 0.6256070957216402
	collect g,h time= 3.984776496887207
E=-14.003161499192874,dE=-3.380337931346844e-06,std=0
L=-14.003161499192874,dL=-3.380337931346844e-06,std=0
	gnorm= 0.0001486451459750446
	symmetric= True
	solver time=0.0079345703125,exit status=0
	SR solver time= 0.007974386215209961
	symmetric= False
	niter= 35
	niter= 374
	solver time=0.12452912330627441,exit status=0
	RGN solver time= 0.12456679344177246
	xnorm=3.659281572078609,dnorm=0.038681286896204314
	dense amplitude time= 0.0190279483795166
	total non-zero amplitudes= 4900
	nsamples per process= 50
	sample time= 0.4346756935119629
	self.n= 0.6257575518823415
	RGN updated loss=-14.00316478173739,dloss=-3.2825445153150667e-06
step= 82

nparam= 1004
	dense amplitude time= 0.02294158935546875
	total non-zero amplitudes= 4900
	nsamples per process= 50
	sample time= 1.8916172981262207
	self.n= 0.6257575518823415
	collect g,h time= 3.9859631061553955
E=-14.003164781737388,dE=-3.28254451353871e-06,std=0
L=-14.003164781737388,dL=-3.28254451353871e-06,std=0
	gnorm= 0.00014406022867986256
	symmetric= True
	solver time=0.016259431838989258,exit status=0
	SR solver time= 0.016295671463012695
	symmetric= False
	niter= 35
	niter= 374
	solver time=0.1334400177001953,exit status=0
	RGN solver time= 0.13347482681274414
	xnorm=3.670214605886155,dnorm=0.03810330147268806
	dense amplitude time= 0.02766275405883789
	total non-zero amplitudes= 4900
	nsamples per process= 50
	sample time= 0.44936084747314453
	self.n= 0.6259282544725834
	RGN updated loss=-14.003167967935042,dloss=-3.186197654159173e-06
step= 83

nparam= 1004
	dense amplitude time= 0.08350610733032227
	total non-zero amplitudes= 4900
	nsamples per process= 50
	sample time= 1.9405913352966309
	self.n= 0.625928254472583
	collect g,h time= 3.9865689277648926
E=-14.003167967935044,dE=-3.18619765593553e-06,std=0
L=-14.003167967935044,dL=-3.18619765593553e-06,std=0
	gnorm= 0.00014020670236732606
	symmetric= True
	solver time=0.017991304397583008,exit status=0
	SR solver time= 0.01803421974182129
	symmetric= False
	niter= 35
	niter= 376
	solver time=0.14202332496643066,exit status=0
	RGN solver time= 0.14206957817077637
	xnorm=3.6810841711842777,dnorm=0.03754935630429227
	dense amplitude time= 0.0284421443939209
	total non-zero amplitudes= 4900
	nsamples per process= 50
	sample time= 0.4216165542602539
	self.n= 0.6261230490474223
	RGN updated loss=-14.00317106205482,dloss=-3.09411977639229e-06
step= 84

nparam= 1004
	dense amplitude time= 0.031946420669555664
	total non-zero amplitudes= 4900
	nsamples per process= 50
	sample time= 1.9372990131378174
	self.n= 0.6261230490474226
	collect g,h time= 3.9877262115478516
E=-14.003171062054818,dE=-3.0941197746159332e-06,std=0
L=-14.003171062054818,dL=-3.0941197746159332e-06,std=0
	gnorm= 0.00013640281498026284
	symmetric= True
	solver time=0.01875162124633789,exit status=0
	SR solver time= 0.018798351287841797
	symmetric= False
	niter= 35
	niter= 376
	solver time=0.141343355178833,exit status=0
	RGN solver time= 0.14138197898864746
	xnorm=3.691888499197223,dnorm=0.0370203639675574
	dense amplitude time= 0.026465177536010742
	total non-zero amplitudes= 4900
	nsamples per process= 50
	sample time= 0.4388744831085205
	self.n= 0.6263473328000522
	RGN updated loss=-14.003174069487406,dloss=-3.007432587409653e-06
step= 85

nparam= 1004
	dense amplitude time= 0.020311355590820312
	total non-zero amplitudes= 4900
	nsamples per process= 50
	sample time= 1.942784070968628
	self.n= 0.6263473328000517
	collect g,h time= 3.982332706451416
E=-14.003174069487404,dE=-3.007432585633296e-06,std=0
L=-14.003174069487404,dL=-3.007432585633296e-06,std=0
	gnorm= 0.0001335834487739465
	symmetric= True
	solver time=0.009206533432006836,exit status=0
	SR solver time= 0.009281396865844727
	symmetric= False
	niter= 35
	niter= 376
	solver time=0.13596105575561523,exit status=0
	RGN solver time= 0.1360006332397461
	xnorm=3.7026289953484346,dnorm=0.03654858552504147
	dense amplitude time= 0.037596940994262695
	total non-zero amplitudes= 4900
	nsamples per process= 50
	sample time= 0.43389368057250977
	self.n= 0.6266095974115544
	RGN updated loss=-14.00317699982651,dloss=-2.9303391055890415e-06
step= 86

nparam= 1004
	dense amplitude time= 0.08823728561401367
	total non-zero amplitudes= 4900
	nsamples per process= 50
	sample time= 1.8828544616699219
	self.n= 0.6266095974115545
	collect g,h time= 3.989074945449829
E=-14.003176999826506,dE=-2.930339102036328e-06,std=0
L=-14.003176999826506,dL=-2.930339102036328e-06,std=0
	gnorm= 0.00013172660063214163
	symmetric= True
	solver time=0.014441728591918945,exit status=0
	SR solver time= 0.014480113983154297
	symmetric= False
	niter= 36
	niter= 378
	solver time=0.15625977516174316,exit status=0
	RGN solver time= 0.15630078315734863
	xnorm=3.7133164022730365,dnorm=0.03605287399323088
	dense amplitude time= 0.03942251205444336
	total non-zero amplitudes= 4900
	nsamples per process= 50
	sample time= 0.4402048587799072
	self.n= 0.626901697202318
	RGN updated loss=-14.003179854813995,dloss=-2.8549874890870797e-06
step= 87

nparam= 1004
	dense amplitude time= 0.0438237190246582
	total non-zero amplitudes= 4900
	nsamples per process= 50
	sample time= 1.9480676651000977
	self.n= 0.6269016972023169
	collect g,h time= 3.985623359680176
E=-14.003179854813991,dE=-2.854987485534366e-06,std=0
L=-14.003179854813991,dL=-2.854987485534366e-06,std=0
	gnorm= 0.00014302103069573123
	symmetric= True
	solver time=0.016336441040039062,exit status=0
	SR solver time= 0.016376018524169922
	symmetric= False
	niter= 37
	niter= 374
	solver time=0.11871576309204102,exit status=0
	RGN solver time= 0.11875391006469727
	xnorm=3.7239658005441676,dnorm=0.035674934629133334
	dense amplitude time= 0.04288840293884277
	total non-zero amplitudes= 4900
	nsamples per process= 50
	sample time= 0.4151632785797119
	self.n= 0.6272410597883809
	RGN updated loss=-14.003182645088943,dloss=-2.7902749515362757e-06
step= 88

nparam= 1004
	dense amplitude time= 0.031221389770507812
	total non-zero amplitudes= 4900
	nsamples per process= 50
	sample time= 1.874953031539917
	self.n= 0.6272410597883805
	collect g,h time= 3.9883525371551514
E=-14.00318264508894,dE=-2.790274947983562e-06,std=0
L=-14.00318264508894,dL=-2.790274947983562e-06,std=0
	gnorm= 0.00012935839120869463
	symmetric= True
	solver time=0.05835533142089844,exit status=0
	SR solver time= 0.05840873718261719
	symmetric= False
	niter= 36
	niter= 377
	solver time=0.16166257858276367,exit status=0
	RGN solver time= 0.16170620918273926
	xnorm=3.734569627594698,dnorm=0.03534632021692801
	dense amplitude time= 0.0257720947265625
	total non-zero amplitudes= 4900
	nsamples per process= 50
	sample time= 0.4193692207336426
	self.n= 0.6276302904137641
	RGN updated loss=-14.003185395203598,dloss=-2.7501146586672576e-06
step= 89

nparam= 1004
	dense amplitude time= 0.06236767768859863
	total non-zero amplitudes= 4900
	nsamples per process= 50
	sample time= 1.9202399253845215
	self.n= 0.6276302904137638
	collect g,h time= 6.804858207702637
E=-14.0031853952036,dE=-2.7501146604436144e-06,std=0
L=-14.0031853952036,dL=-2.7501146604436144e-06,std=0
	gnorm= 0.00011903812007817655
	symmetric= True
	solver time=0.040676116943359375,exit status=0
	SR solver time= 0.04072260856628418
	symmetric= False
	niter= 35
	niter= 379
	solver time=0.2000424861907959,exit status=0
	RGN solver time= 0.20008230209350586
	xnorm=3.7451292451270715,dnorm=0.035100934040925895
	dense amplitude time= 0.021201610565185547
	total non-zero amplitudes= 4900
	nsamples per process= 50
	sample time= 0.4390542507171631
	self.n= 0.6280880261743773
	RGN updated loss=-14.003188105010064,dloss=-2.709806464551434e-06
step= 90

nparam= 1004
	dense amplitude time= 0.7075016498565674
	total non-zero amplitudes= 4900
	nsamples per process= 50
	sample time= 1.9485540390014648
	self.n= 0.6280880261743782
	collect g,h time= 5.554610729217529
E=-14.003188105010064,dE=-2.709806464551434e-06,std=0
L=-14.003188105010064,dL=-2.709806464551434e-06,std=0
	gnorm= 0.0001333226633444557
	symmetric= True
	solver time=0.02967548370361328,exit status=0
	SR solver time= 0.029745101928710938
	symmetric= False
	niter= 37
	niter= 374
	solver time=0.2519233226776123,exit status=0
	RGN solver time= 0.25196242332458496
	xnorm=3.755639115840169,dnorm=0.034915272494455155
	dense amplitude time= 0.21366095542907715
	total non-zero amplitudes= 4900
	nsamples per process= 50
	sample time= 0.4577901363372803
	self.n= 0.6285946199785895
	RGN updated loss=-14.003190783156379,dloss=-2.6781463144942563e-06
step= 91

nparam= 1004
	dense amplitude time= 0.041194915771484375
	total non-zero amplitudes= 4900
	nsamples per process= 50
	sample time= 1.9776153564453125
	self.n= 0.6285946199785888
	collect g,h time= 4.00595760345459
E=-14.003190783156377,dE=-2.6781463127178995e-06,std=0
L=-14.003190783156377,dL=-2.6781463127178995e-06,std=0
	gnorm= 0.00012227297639769442
	symmetric= True
	solver time=0.018862247467041016,exit status=0
	SR solver time= 0.018903732299804688
	symmetric= False
	niter= 36
	niter= 377
	solver time=0.15324926376342773,exit status=0
	RGN solver time= 0.15329313278198242
	xnorm=3.7661831001872668,dnorm=0.03484206448531592
	dense amplitude time= 0.020742416381835938
	total non-zero amplitudes= 4900
	nsamples per process= 50
	sample time= 0.44819188117980957
	self.n= 0.6291629709696294
	RGN updated loss=-14.003193460824951,dloss=-2.6776685739804407e-06
step= 92

nparam= 1004
	dense amplitude time= 0.0381312370300293
	total non-zero amplitudes= 4900
	nsamples per process= 50
	sample time= 1.9112656116485596
	self.n= 0.6291629709696281
	collect g,h time= 4.0633556842803955
E=-14.003193460824948,dE=-2.677668570427727e-06,std=0
L=-14.003193460824948,dL=-2.677668570427727e-06,std=0
	gnorm= 0.00012787524097716875
	symmetric= True
	solver time=0.029839038848876953,exit status=0
	SR solver time= 0.02989339828491211
	symmetric= False
	niter= 37
	niter= 376
	solver time=0.16032171249389648,exit status=0
	RGN solver time= 0.16036295890808105
	xnorm=3.7767141353465203,dnorm=0.03482356118806823
	dense amplitude time= 0.04051971435546875
	total non-zero amplitudes= 4900
	nsamples per process= 50
	sample time= 0.4547879695892334
	self.n= 0.6297899466417991
	RGN updated loss=-14.003196130815297,dloss=-2.669990349701834e-06
step= 93

nparam= 1004
	dense amplitude time= 0.13743066787719727
	total non-zero amplitudes= 4900
	nsamples per process= 50
	sample time= 1.9815914630889893
	self.n= 0.6297899466417987
	collect g,h time= 3.996169090270996
E=-14.003196130815295,dE=-2.669990347925477e-06,std=0
L=-14.003196130815295,dL=-2.669990347925477e-06,std=0
	gnorm= 0.00012512940546032802
	symmetric= True
	solver time=0.029897451400756836,exit status=0
	SR solver time= 0.02994370460510254
	symmetric= False
	niter= 37
	niter= 374
	solver time=0.13718199729919434,exit status=0
	RGN solver time= 0.1372222900390625
	xnorm=3.7873085964753117,dnorm=0.034965174938394336
	dense amplitude time= 0.05571269989013672
	total non-zero amplitudes= 4900
	nsamples per process= 50
	sample time= 0.4344031810760498
	self.n= 0.6304905800414764
	RGN updated loss=-14.003198833366904,dloss=-2.702551608280146e-06
step= 94

nparam= 1004
	dense amplitude time= 0.09120774269104004
	total non-zero amplitudes= 4900
	nsamples per process= 50
	sample time= 1.9360690116882324
	self.n= 0.6304905800414768
	collect g,h time= 3.992489814758301
E=-14.003198833366904,dE=-2.702551608280146e-06,std=0
L=-14.003198833366904,dL=-2.702551608280146e-06,std=0
	gnorm= 0.00011285543114176484
	symmetric= True
	solver time=0.045742034912109375,exit status=0
	SR solver time= 0.04578876495361328
	symmetric= False
	niter= 36
	niter= 378
	solver time=0.1647183895111084,exit status=0
	RGN solver time= 0.16476225852966309
	xnorm=3.7979329383498643,dnorm=0.03514123367324897
	dense amplitude time= 0.057679176330566406
	total non-zero amplitudes= 4900
	nsamples per process= 50
	sample time= 0.40912342071533203
	self.n= 0.6312458912259273
	RGN updated loss=-14.003201566667824,dloss=-2.7333009207097803e-06
step= 95

nparam= 1004
	dense amplitude time= 0.01790785789489746
	total non-zero amplitudes= 4900
	nsamples per process= 50
	sample time= 1.8774731159210205
	self.n= 0.6312458912259276
	collect g,h time= 3.9975602626800537
E=-14.003201566667821,dE=-2.7333009171570666e-06,std=0
L=-14.003201566667821,dL=-2.7333009171570666e-06,std=0
	gnorm= 0.00011637167790723965
	symmetric= True
	niter= 35
	solver time=0.02965998649597168,exit status=0
	SR solver time= 0.029711484909057617
	symmetric= False
	niter= 379
	solver time=0.1565713882446289,exit status=0
	RGN solver time= 0.15662932395935059
	xnorm=3.808661506845213,dnorm=0.035454026359528816
	dense amplitude time= 0.02678394317626953
	total non-zero amplitudes= 4900
	nsamples per process= 50
	sample time= 0.44325780868530273
	self.n= 0.6320797372402852
	RGN updated loss=-14.003204355694114,dloss=-2.7890262934704424e-06
step= 96

nparam= 1004
	dense amplitude time= 0.0770258903503418
	total non-zero amplitudes= 4900
	nsamples per process= 50
	sample time= 1.9362187385559082
	self.n= 0.6320797372402851
	collect g,h time= 4.010010480880737
E=-14.003204355694114,dE=-2.7890262934704424e-06,std=0
L=-14.003204355694114,dL=-2.7890262934704424e-06,std=0
	gnorm= 0.00011320031428551013
	symmetric= True
	niter= 35
	solver time=0.04031229019165039,exit status=0
	SR solver time= 0.04036450386047363
	symmetric= False
	niter= 378
	solver time=0.19365406036376953,exit status=0
	RGN solver time= 0.1936967372894287
	xnorm=3.8194836020087766,dnorm=0.03588318334228736
	dense amplitude time= 0.054047584533691406
	total non-zero amplitudes= 4900
	nsamples per process= 50
	sample time= 0.4336693286895752
	self.n= 0.6329936368693677
	RGN updated loss=-14.00320721478558,dloss=-2.8590914649129218e-06
step= 97

nparam= 1004
	dense amplitude time= 0.0498347282409668
	total non-zero amplitudes= 4900
	nsamples per process= 50
	sample time= 1.8663749694824219
	self.n= 0.6329936368693672
	collect g,h time= 3.9990968704223633
E=-14.00320721478558,dE=-2.8590914649129218e-06,std=0
L=-14.00320721478558,dL=-2.8590914649129218e-06,std=0
	gnorm= 0.00011861197997480377
	symmetric= True
	solver time=0.00899958610534668,exit status=0
	SR solver time= 0.00903773307800293
	symmetric= False
	niter= 36
	niter= 378
	solver time=0.1259908676147461,exit status=0
	RGN solver time= 0.12603211402893066
	xnorm=3.830507320574901,dnorm=0.036438343271734355
	dense amplitude time= 0.01851058006286621
	total non-zero amplitudes= 4900
	nsamples per process= 50
	sample time= 0.45214366912841797
	self.n= 0.6339750197134097
	RGN updated loss=-14.003210175354369,dloss=-2.9605687892342303e-06
step= 98

nparam= 1004
	dense amplitude time= 0.020489931106567383
	total non-zero amplitudes= 4900
	nsamples per process= 50
	sample time= 1.934401512145996
	self.n= 0.6339750197134093
	collect g,h time= 4.001084566116333
E=-14.003210175354367,dE=-2.9605687874578734e-06,std=0
L=-14.003210175354367,dL=-2.9605687874578734e-06,std=0
	gnorm= 0.00012138059769528596
	symmetric= True
	solver time=0.02823948860168457,exit status=0
	SR solver time= 0.02827906608581543
	symmetric= False
	niter= 36
	niter= 378
	solver time=0.12882256507873535,exit status=0
	RGN solver time= 0.128861665725708
	xnorm=3.8416299902913873,dnorm=0.03711364115290581
	dense amplitude time= 0.026068687438964844
	total non-zero amplitudes= 4900
	nsamples per process= 50
	sample time= 0.43893957138061523
	self.n= 0.6350237377501762
	RGN updated loss=-14.003213251959236,dloss=-3.076604869534094e-06
step= 99

nparam= 1004
	dense amplitude time= 1.6380908489227295
	total non-zero amplitudes= 4900
	nsamples per process= 50
	sample time= 1.8534612655639648
	self.n= 0.6350237377501761
	collect g,h time= 7.279446840286255
E=-14.003213251959238,dE=-3.076604871310451e-06,std=0
L=-14.003213251959238,dL=-3.076604871310451e-06,std=0
	gnorm= 0.00012649388542385076
	symmetric= True
	niter= 36
	solver time=0.050484418869018555,exit status=0
	SR solver time= 0.050537824630737305
	symmetric= False
	niter= 377
	solver time=0.172072172164917,exit status=0
	RGN solver time= 0.17211484909057617
	xnorm=3.853034291456535,dnorm=0.03792120546852324
	dense amplitude time= 0.019434690475463867
	total non-zero amplitudes= 4900
	nsamples per process= 50
	sample time= 0.42801713943481445
	self.n= 0.6361561723360896
	RGN updated loss=-14.003216479061427,dloss=-3.2271021890295515e-06
layer= 0
nparam= 660
hop_ls= [(1, 5), (1, 8), (1, 9), (1, 13), (5, 8), (5, 9), (5, 13), (8, 9), (8, 13), (9, 13)]

layer= 1
nparam= 144
hop_ls= [(9, 14), (1, 6), (2, 5), (2, 8), (2, 14), (13, 14), (6, 8), (6, 14), (5, 6), (8, 14), (1, 2), (1, 14), (2, 13), (6, 13), (5, 14), (2, 9), (2, 6), (6, 9)]

layer= 2
nparam= 152
hop_ls= [(6, 12), (4, 9), (4, 6), (4, 12), (12, 13), (0, 2), (5, 10), (0, 5), (8, 12), (0, 8), (0, 14), (10, 12), (1, 12), (4, 5), (4, 8), (4, 14), (5, 12), (0, 1), (9, 10), (2, 4), (0, 4), (0, 10), (0, 13), (2, 10), (10, 14), (6, 10), (12, 14), (4, 10), (4, 13), (9, 12), (0, 9), (8, 10), (1, 4), (0, 6), (0, 12), (2, 12), (1, 10), (10, 13)]

layer= 3
nparam= 48
hop_ls= [(6, 15), (3, 4), (3, 10), (5, 7), (4, 15), (3, 13), (9, 11), (11, 14), (1, 3), (2, 11), (8, 15), (0, 11), (10, 15), (1, 15), (6, 11), (7, 10), (7, 13), (3, 9), (12, 15), (3, 6), (3, 12), (4, 11), (14, 15), (8, 11), (0, 7), (5, 15), (10, 11), (2, 7), (1, 11), (11, 13), (7, 9), (6, 7), (7, 12), (4, 7), (3, 5), (3, 8), (3, 14), (5, 11), (0, 3), (9, 15), (2, 3), (11, 12), (1, 7), (0, 15), (2, 15), (13, 15), (7, 8), (7, 14)]

step= 100

nparam= 1004
ntotal configs= 4900
	dense amplitude time= 0.01642608642578125
	total non-zero amplitudes= 4900
	nsamples per process= 50
	sample time= 5.684405088424683
	self.n= 0.6361561723360881
	collect g,h time= 7.033498764038086
E=-14.003216479061425,dE=0,std=0
L=-14.003216479061425,dL=0,std=0
	gnorm= 0.00013094644257599522
	symmetric= True
	solver time=0.006955385208129883,exit status=0
	SR solver time= 0.007040500640869141
	symmetric= False
	niter= 36
	niter= 347
	solver time=0.07223629951477051,exit status=0
	RGN solver time= 0.07227730751037598
	xnorm=3.864592046152177,dnorm=0.03910126318460521
	dense amplitude time= 0.015965700149536133
	total non-zero amplitudes= 4900
	nsamples per process= 50
	sample time= 0.3766207695007324
	self.n= 0.6373586163781462
	RGN updated loss=-14.003219909187512,dloss=-3.4301260871671957e-06
step= 101

nparam= 1004
	dense amplitude time= 0.03276944160461426
	total non-zero amplitudes= 4900
	nsamples per process= 50
	sample time= 1.6312930583953857
	self.n= 0.637358616378145
	collect g,h time= 2.901052951812744
E=-14.003219909187514,dE=-3.4301260889435525e-06,std=0
L=-14.003219909187514,dL=-3.4301260889435525e-06,std=0
	gnorm= 0.00012243845233854165
	symmetric= True
	solver time=0.004736423492431641,exit status=0
	SR solver time= 0.004772663116455078
	symmetric= False
	niter= 35
	niter= 347
	solver time=0.06645345687866211,exit status=0
	RGN solver time= 0.06648778915405273
	xnorm=3.876526770892338,dnorm=0.040231771986497585
	dense amplitude time= 0.016699552536010742
	total non-zero amplitudes= 4900
	nsamples per process= 50
	sample time= 0.3762075901031494
	self.n= 0.6386386792870957
	RGN updated loss=-14.003223542059954,dloss=-3.6328724402068246e-06
step= 102

nparam= 1004
	dense amplitude time= 0.027445316314697266
	total non-zero amplitudes= 4900
	nsamples per process= 50
	sample time= 1.6278362274169922
	self.n= 0.6386386792870952
	collect g,h time= 2.883559226989746
E=-14.003223542059956,dE=-3.6328724419831815e-06,std=0
L=-14.003223542059956,dL=-3.6328724419831815e-06,std=0
	gnorm= 0.00012952292920373706
	symmetric= True
	solver time=0.004603862762451172,exit status=0
	SR solver time= 0.004638195037841797
	symmetric= False
	niter= 36
	niter= 347
	solver time=0.06585121154785156,exit status=0
	RGN solver time= 0.06588935852050781
	xnorm=3.888799963004557,dnorm=0.04145658171501653
	dense amplitude time= 0.016773700714111328
	total non-zero amplitudes= 4900
	nsamples per process= 50
	sample time= 0.3784623146057129
	self.n= 0.6399918387399102
	RGN updated loss=-14.003227410482594,dloss=-3.868422638220181e-06
step= 103

nparam= 1004
	dense amplitude time= 0.013893365859985352
	total non-zero amplitudes= 4900
	nsamples per process= 50
	sample time= 1.665092945098877
	self.n= 0.6399918387399097
	collect g,h time= 2.9053494930267334
E=-14.003227410482596,dE=-3.868422639996538e-06,std=0
L=-14.003227410482596,dL=-3.868422639996538e-06,std=0
	gnorm= 0.00014749305727796664
	symmetric= True
	solver time=0.004558086395263672,exit status=0
	SR solver time= 0.0045986175537109375
	symmetric= False
	niter= 37
	niter= 345
	solver time=0.09386658668518066,exit status=0
	RGN solver time= 0.09391951560974121
	xnorm=3.901445228131086,dnorm=0.042768241526634145
	dense amplitude time= 0.016979217529296875
	total non-zero amplitudes= 4900
	nsamples per process= 50
	sample time= 0.3787691593170166
	self.n= 0.6414044024137753
	RGN updated loss=-14.003231538439465,dloss=-4.127956868771321e-06
step= 104

nparam= 1004
	dense amplitude time= 0.01874065399169922
	total non-zero amplitudes= 4900
	nsamples per process= 50
	sample time= 1.6065280437469482
	self.n= 0.6414044024137753
	collect g,h time= 2.903846263885498
E=-14.003231538439465,dE=-4.127956868771321e-06,std=0
L=-14.003231538439465,dL=-4.127956868771321e-06,std=0
	gnorm= 0.0001606341617773744
	symmetric= True
	solver time=0.004398345947265625,exit status=0
	SR solver time= 0.004436969757080078
	symmetric= False
	niter= 37
	niter= 343
	solver time=0.06374883651733398,exit status=0
	RGN solver time= 0.06378483772277832
	xnorm=3.91452322977858,dnorm=0.04424276776097618
	dense amplitude time= 0.015900373458862305
	total non-zero amplitudes= 4900
	nsamples per process= 50
	sample time= 0.37535524368286133
	self.n= 0.6428972094736731
	RGN updated loss=-14.003235979482339,dloss=-4.441042873892798e-06
step= 105

nparam= 1004
	dense amplitude time= 0.014068126678466797
	total non-zero amplitudes= 4900
	nsamples per process= 50
	sample time= 1.6087181568145752
	self.n= 0.6428972094736729
	collect g,h time= 2.9006073474884033
E=-14.00323597948234,dE=-4.4410428756691545e-06,std=0
L=-14.00323597948234,dL=-4.4410428756691545e-06,std=0
	gnorm= 0.00020406906182209524
	symmetric= True
	solver time=0.004541873931884766,exit status=0
	SR solver time= 0.0045757293701171875
	symmetric= False
	niter= 39
	niter= 343
	solver time=0.06363368034362793,exit status=0
	RGN solver time= 0.06367135047912598
	xnorm=3.928011783078771,dnorm=0.04574551292209279
	dense amplitude time= 0.016282320022583008
	total non-zero amplitudes= 4900
	nsamples per process= 50
	sample time= 0.46653246879577637
	self.n= 0.64443675486179
	RGN updated loss=-14.003240727702243,dloss=-4.748219902594997e-06
step= 106

nparam= 1004
	dense amplitude time= 0.028088808059692383
	total non-zero amplitudes= 4900
	nsamples per process= 50
	sample time= 1.6320061683654785
	self.n= 0.6444367548617899
	collect g,h time= 2.8897545337677
E=-14.003240727702243,dE=-4.748219902594997e-06,std=0
L=-14.003240727702243,dL=-4.748219902594997e-06,std=0
	gnorm= 0.00020429132444806737
	symmetric= True
	solver time=0.00422358512878418,exit status=0
	SR solver time= 0.004258871078491211
	symmetric= False
	niter= 38
	niter= 343
	solver time=0.06360220909118652,exit status=0
	RGN solver time= 0.06364083290100098
	xnorm=3.941935514526201,dnorm=0.047450371144558426
	dense amplitude time= 0.014176368713378906
	total non-zero amplitudes= 4900
	nsamples per process= 50
	sample time= 0.3749380111694336
	self.n= 0.6460318239256495
	RGN updated loss=-14.003245893673279,dloss=-5.165971035836492e-06
step= 107

nparam= 1004
	dense amplitude time= 0.015825986862182617
	total non-zero amplitudes= 4900
	nsamples per process= 50
	sample time= 1.6370067596435547
	self.n= 0.6460318239256488
	collect g,h time= 2.892406463623047
E=-14.003245893673283,dE=-5.1659710393892055e-06,std=0
L=-14.003245893673283,dL=-5.1659710393892055e-06,std=0
	gnorm= 0.000186948846111251
	symmetric= True
	solver time=0.0040187835693359375,exit status=0
	SR solver time= 0.004059314727783203
	symmetric= False
	niter= 36
	niter= 343
	solver time=0.0643460750579834,exit status=0
	RGN solver time= 0.06437993049621582
	xnorm=3.956442025518663,dnorm=0.04915014311734799
	dense amplitude time= 0.01412820816040039
	total non-zero amplitudes= 4900
	nsamples per process= 50
	sample time= 0.3820676803588867
	self.n= 0.64765992060701
	RGN updated loss=-14.003251436285003,dloss=-5.542611720699142e-06
step= 108

nparam= 1004
	dense amplitude time= 0.02591729164123535
	total non-zero amplitudes= 4900
	nsamples per process= 50
	sample time= 1.6361675262451172
	self.n= 0.6476599206070103
	collect g,h time= 2.9265711307525635
E=-14.003251436285003,dE=-5.542611720699142e-06,std=0
L=-14.003251436285003,dL=-5.542611720699142e-06,std=0
	gnorm= 0.00020256129642800297
	symmetric= True
	solver time=0.0042858123779296875,exit status=0
	SR solver time= 0.004323005676269531
	symmetric= False
	niter= 37
	niter= 343
	solver time=0.06336593627929688,exit status=0
	RGN solver time= 0.06339693069458008
	xnorm=3.9714817864670304,dnorm=0.05089742952651084
	dense amplitude time= 0.014299869537353516
	total non-zero amplitudes= 4900
	nsamples per process= 50
	sample time= 0.3796086311340332
	self.n= 0.649317319461975
	RGN updated loss=-14.00325740390965,dloss=-5.967624646885383e-06
step= 109

nparam= 1004
	dense amplitude time= 0.027102231979370117
	total non-zero amplitudes= 4900
	nsamples per process= 50
	sample time= 1.6237616539001465
	self.n= 0.6493173194619748
	collect g,h time= 2.8987791538238525
E=-14.00325740390965,dE=-5.967624646885383e-06,std=0
L=-14.00325740390965,dL=-5.967624646885383e-06,std=0
	gnorm= 0.0002183749257916274
	symmetric= True
	solver time=0.00440526008605957,exit status=0
	SR solver time= 0.004469156265258789
	symmetric= False
	niter= 37
	niter= 343
	solver time=0.06746315956115723,exit status=0
	RGN solver time= 0.06749844551086426
	xnorm=3.9870626792362045,dnorm=0.0526590946754459
	dense amplitude time= 0.016161680221557617
	total non-zero amplitudes= 4900
	nsamples per process= 50
	sample time= 0.3806443214416504
	self.n= 0.6509910813130491
	RGN updated loss=-14.003263819627497,dloss=-6.415717846763869e-06
step= 110

nparam= 1004
	dense amplitude time= 0.01812887191772461
	total non-zero amplitudes= 4900
	nsamples per process= 50
	sample time= 1.625854253768921
	self.n= 0.6509910813130488
	collect g,h time= 2.9072530269622803
E=-14.003263819627493,dE=-6.415717843211155e-06,std=0
L=-14.003263819627493,dL=-6.415717843211155e-06,std=0
	gnorm= 0.00023555907472318894
	symmetric= True
	solver time=0.004253387451171875,exit status=0
	SR solver time= 0.00429224967956543
	symmetric= False
	niter= 37
	niter= 343
	solver time=0.06415629386901855,exit status=0
	RGN solver time= 0.06418943405151367
	xnorm=4.00317498449225,dnorm=0.05442480230247713
	dense amplitude time= 0.014054059982299805
	total non-zero amplitudes= 4900
	nsamples per process= 50
	sample time= 0.3765439987182617
	self.n= 0.6526736312001635
	RGN updated loss=-14.003270700323975,dloss=-6.880696481914583e-06
step= 111

nparam= 1004
	dense amplitude time= 0.03887772560119629
	total non-zero amplitudes= 4900
	nsamples per process= 50
	sample time= 1.624955415725708
	self.n= 0.652673631200163
	collect g,h time= 2.900407075881958
E=-14.003270700323972,dE=-6.88069647836187e-06,std=0
L=-14.003270700323972,dL=-6.88069647836187e-06,std=0
	gnorm= 0.0002594409641177759
	symmetric= True
	solver time=0.004314422607421875,exit status=0
	SR solver time= 0.0043487548828125
	symmetric= False
	niter= 38
	niter= 341
	solver time=0.0628669261932373,exit status=0
	RGN solver time= 0.06290054321289062
	xnorm=4.019788991229775,dnorm=0.05612733501253997
	dense amplitude time= 0.015279769897460938
	total non-zero amplitudes= 4900
	nsamples per process= 50
	sample time= 0.3758251667022705
	self.n= 0.6543012943173665
	RGN updated loss=-14.00327805005198,dloss=-7.3497280084211525e-06
step= 112

nparam= 1004
	dense amplitude time= 0.027074098587036133
	total non-zero amplitudes= 4900
	nsamples per process= 50
	sample time= 1.618931531906128
	self.n= 0.6543012943173658
	collect g,h time= 2.9008359909057617
E=-14.003278050051975,dE=-7.349728003092082e-06,std=0
L=-14.003278050051975,dL=-7.349728003092082e-06,std=0
	gnorm= 0.00027432447855766143
	symmetric= True
	solver time=0.004352569580078125,exit status=0
	SR solver time= 0.004394054412841797
	symmetric= False
	niter= 38
	niter= 341
	solver time=0.06281876564025879,exit status=0
	RGN solver time= 0.0628499984741211
	xnorm=4.036950925214364,dnorm=0.05784333015464848
	dense amplitude time= 0.016546964645385742
	total non-zero amplitudes= 4900
	nsamples per process= 50
	sample time= 0.3755018711090088
	self.n= 0.6559557135709153
	RGN updated loss=-14.003285900655696,dloss=-7.850603720882532e-06
step= 113

nparam= 1004
	dense amplitude time= 0.028228282928466797
	total non-zero amplitudes= 4900
	nsamples per process= 50
	sample time= 1.6179149150848389
	self.n= 0.6559557135709149
	collect g,h time= 2.9018173217773438
E=-14.0032859006557,dE=-7.850603724435246e-06,std=0
L=-14.0032859006557,dL=-7.850603724435246e-06,std=0
	gnorm= 0.0002841168653267559
	symmetric= True
	solver time=0.0041391849517822266,exit status=0
	SR solver time= 0.00417637825012207
	symmetric= False
	niter= 38
	niter= 342
	solver time=0.0661017894744873,exit status=0
	RGN solver time= 0.06613636016845703
	xnorm=4.054426752429942,dnorm=0.059486361167604834
	dense amplitude time= 0.016301870346069336
	total non-zero amplitudes= 4900
	nsamples per process= 50
	sample time= 0.3767721652984619
	self.n= 0.6575254316866417
	RGN updated loss=-14.00329424327882,dloss=-8.34262312032763e-06
step= 114

nparam= 1004
	dense amplitude time= 0.02658987045288086
	total non-zero amplitudes= 4900
	nsamples per process= 50
	sample time= 1.6215126514434814
	self.n= 0.6575254316866408
	collect g,h time= 2.9149904251098633
E=-14.00329424327882,dE=-8.34262312032763e-06,std=0
L=-14.00329424327882,dL=-8.34262312032763e-06,std=0
	gnorm= 0.00029798022271793827
	symmetric= True
	niter= 38
	solver time=0.004239559173583984,exit status=0
	SR solver time= 0.004275083541870117
	symmetric= False
	niter= 342
	solver time=0.06456875801086426,exit status=0
	RGN solver time= 0.06460261344909668
	xnorm=4.072258868351119,dnorm=0.06106364444475251
	dense amplitude time= 0.014213323593139648
	total non-zero amplitudes= 4900
	nsamples per process= 50
	sample time= 0.39287352561950684
	self.n= 0.6590390520679017
	RGN updated loss=-14.003303075876815,dloss=-8.832597995223068e-06
step= 115

nparam= 1004
	dense amplitude time= 0.019531965255737305
	total non-zero amplitudes= 4900
	nsamples per process= 50
	sample time= 1.6931076049804688
	self.n= 0.659039052067902
	collect g,h time= 2.911384105682373
E=-14.003303075876813,dE=-8.832597993446711e-06,std=0
L=-14.003303075876813,dL=-8.832597993446711e-06,std=0
	gnorm= 0.00031516908202867125
	symmetric= True
	solver time=0.00413823127746582,exit status=0
	SR solver time= 0.004175901412963867
	symmetric= False
	niter= 38
	niter= 340
	solver time=0.0630347728729248,exit status=0
	RGN solver time= 0.06306600570678711
	xnorm=4.090330875911666,dnorm=0.06255773057866262
	dense amplitude time= 0.014134407043457031
	total non-zero amplitudes= 4900
	nsamples per process= 50
	sample time= 0.3800697326660156
	self.n= 0.660461690562319
	RGN updated loss=-14.003312393824555,dloss=-9.31794774139405e-06
step= 116

nparam= 1004
	dense amplitude time= 0.028974533081054688
	total non-zero amplitudes= 4900
	nsamples per process= 50
	sample time= 1.6288306713104248
	self.n= 0.660461690562318
	collect g,h time= 2.9192259311676025
E=-14.003312393824555,dE=-9.31794774139405e-06,std=0
L=-14.003312393824555,dL=-9.31794774139405e-06,std=0
	gnorm= 0.00033234316815889184
	symmetric= True
	solver time=0.004381895065307617,exit status=0
	SR solver time= 0.004416465759277344
	symmetric= False
	niter= 38
	niter= 339
	solver time=0.07551145553588867,exit status=0
	RGN solver time= 0.07554984092712402
	xnorm=4.10855066224324,dnorm=0.06395172553000787
	dense amplitude time= 0.015109062194824219
	total non-zero amplitudes= 4900
	nsamples per process= 50
	sample time= 0.38620662689208984
	self.n= 0.6617722303531031
	RGN updated loss=-14.003322182324194,dloss=-9.788499639284964e-06
step= 117

nparam= 1004
	dense amplitude time= 0.026377439498901367
	total non-zero amplitudes= 4900
	nsamples per process= 50
	sample time= 1.6476945877075195
	self.n= 0.6617722303531015
	collect g,h time= 2.896749258041382
E=-14.00332218232419,dE=-9.78849963573225e-06,std=0
L=-14.00332218232419,dL=-9.78849963573225e-06,std=0
	gnorm= 0.0003486738749366054
	symmetric= True
	solver time=0.004293918609619141,exit status=0
	SR solver time= 0.004332065582275391
	symmetric= False
	niter= 38
	niter= 338
	solver time=0.06285476684570312,exit status=0
	RGN solver time= 0.06289076805114746
	xnorm=4.1268192661989005,dnorm=0.06521835296407155
	dense amplitude time= 0.01411294937133789
	total non-zero amplitudes= 4900
	nsamples per process= 50
	sample time= 0.37605929374694824
	self.n= 0.6629409028381774
	RGN updated loss=-14.003332413415801,dloss=-1.0231091611245802e-05
step= 118

nparam= 1004
	dense amplitude time= 0.02350783348083496
	total non-zero amplitudes= 4900
	nsamples per process= 50
	sample time= 1.6553032398223877
	self.n= 0.6629409028381765
	collect g,h time= 2.9045424461364746
E=-14.003332413415801,dE=-1.0231091611245802e-05,std=0
L=-14.003332413415801,dL=-1.0231091611245802e-05,std=0
	gnorm= 0.0003644592268548468
	symmetric= True
	solver time=0.004259824752807617,exit status=0
	SR solver time= 0.004296779632568359
	symmetric= False
	niter= 38
	niter= 335
	solver time=0.06386756896972656,exit status=0
	RGN solver time= 0.0639042854309082
	xnorm=4.1450153242358825,dnorm=0.06628993455202399
	dense amplitude time= 0.014101743698120117
	total non-zero amplitudes= 4900
	nsamples per process= 50
	sample time= 0.38060927391052246
	self.n= 0.6639387166544388
	RGN updated loss=-14.003343034054398,dloss=-1.0620638596137155e-05
step= 119

nparam= 1004
	dense amplitude time= 0.014949798583984375
	total non-zero amplitudes= 4900
	nsamples per process= 50
	sample time= 1.6543076038360596
	self.n= 0.6639387166544384
	collect g,h time= 2.9113614559173584
E=-14.003343034054398,dE=-1.0620638596137155e-05,std=0
L=-14.003343034054398,dL=-1.0620638596137155e-05,std=0
	gnorm= 0.0003804421695981672
	symmetric= True
	solver time=0.004180908203125,exit status=0
	SR solver time= 0.004217863082885742
	symmetric= False
	niter= 38
	niter= 330
	solver time=0.06308412551879883,exit status=0
	RGN solver time= 0.06311821937561035
	xnorm=4.1630246410554355,dnorm=0.06710789170913546
	dense amplitude time= 0.014197826385498047
	total non-zero amplitudes= 4900
	nsamples per process= 50
	sample time= 0.3809316158294678
	self.n= 0.6647353881106735
	RGN updated loss=-14.003353966745534,dloss=-1.0932691136389394e-05
step= 120

nparam= 1004
	dense amplitude time= 0.02385258674621582
	total non-zero amplitudes= 4900
	nsamples per process= 50
	sample time= 1.6516530513763428
	self.n= 0.6647353881106728
	collect g,h time= 2.9084606170654297
E=-14.003353966745534,dE=-1.0932691136389394e-05,std=0
L=-14.003353966745534,dL=-1.0932691136389394e-05,std=0
	gnorm= 0.0003959203765641784
	symmetric= True
	solver time=0.004241943359375,exit status=0
	SR solver time= 0.004281520843505859
	symmetric= False
	niter= 38
	niter= 330
	solver time=0.062110185623168945,exit status=0
	RGN solver time= 0.06214404106140137
	xnorm=4.180716612513528,dnorm=0.06760851048162599
	dense amplitude time= 0.014108419418334961
	total non-zero amplitudes= 4900
	nsamples per process= 50
	sample time= 0.3786931037902832
	self.n= 0.6652975083843256
	RGN updated loss=-14.00336509740364,dloss=-1.1130658105429347e-05
step= 121

nparam= 1004
	dense amplitude time= 0.028831958770751953
	total non-zero amplitudes= 4900
	nsamples per process= 50
	sample time= 1.6469659805297852
	self.n= 0.6652975083843256
	collect g,h time= 2.9306278228759766
E=-14.003365097403634,dE=-1.1130658100100277e-05,std=0
L=-14.003365097403634,dL=-1.1130658100100277e-05,std=0
	gnorm= 0.0004079389877097392
	symmetric= True
	solver time=0.004444122314453125,exit status=0
	SR solver time= 0.004481077194213867
	symmetric= False
	niter= 38
	niter= 333
	solver time=0.06247234344482422,exit status=0
	RGN solver time= 0.06250691413879395
	xnorm=4.1979815619067695,dnorm=0.06766121705195206
	dense amplitude time= 0.016616106033325195
	total non-zero amplitudes= 4900
	nsamples per process= 50
	sample time= 0.37969160079956055
	self.n= 0.6655822228208925
	RGN updated loss=-14.00337626554863,dloss=-1.1168144995465923e-05
step= 122

nparam= 1004
	dense amplitude time= 0.025478839874267578
	total non-zero amplitudes= 4900
	nsamples per process= 50
	sample time= 1.625128984451294
	self.n= 0.6655822228208916
	collect g,h time= 2.9033257961273193
E=-14.003376265548633,dE=-1.1168144999018637e-05,std=0
L=-14.003376265548633,dL=-1.1168144999018637e-05,std=0
	gnorm= 0.00040629514532003014
	symmetric= True
	solver time=0.004164218902587891,exit status=0
	SR solver time= 0.0042018890380859375
	symmetric= False
	niter= 38
	niter= 335
	solver time=0.0617828369140625,exit status=0
	RGN solver time= 0.061815738677978516
	xnorm=4.214666855034178,dnorm=0.06722149044833833
	dense amplitude time= 0.014052391052246094
	total non-zero amplitudes= 4900
	nsamples per process= 50
	sample time= 0.3754267692565918
	self.n= 0.6656058756056871
	RGN updated loss=-14.003387297929384,dloss=-1.1032380751174742e-05
step= 123

nparam= 1004
	dense amplitude time= 0.017182111740112305
	total non-zero amplitudes= 4900
	nsamples per process= 50
	sample time= 1.6308050155639648
	self.n= 0.665605875605686
	collect g,h time= 2.900049924850464
E=-14.003387297929388,dE=-1.1032380754727455e-05,std=0
L=-14.003387297929388,dL=-1.1032380754727455e-05,std=0
	gnorm= 0.0004148483554367543
	symmetric= True
	solver time=0.004460573196411133,exit status=0
	SR solver time= 0.00449681282043457
	symmetric= False
	niter= 38
	niter= 329
	solver time=0.06344795227050781,exit status=0
	RGN solver time= 0.06348180770874023
	xnorm=4.230703271876626,dnorm=0.06618644731092717
	dense amplitude time= 0.014032125473022461
	total non-zero amplitudes= 4900
	nsamples per process= 50
	sample time= 0.3750343322753906
	self.n= 0.6652986602530795
	RGN updated loss=-14.003397978826197,dloss=-1.0680896808779039e-05
step= 124

nparam= 1004
	dense amplitude time= 0.02257704734802246
	total non-zero amplitudes= 4900
	nsamples per process= 50
	sample time= 1.6291351318359375
	self.n= 0.6652986602530784
	collect g,h time= 2.9074742794036865
E=-14.003397978826197,dE=-1.0680896808779039e-05,std=0
L=-14.003397978826197,dL=-1.0680896808779039e-05,std=0
	gnorm= 0.0003822623724505415
	symmetric= True
	solver time=0.004210948944091797,exit status=0
	SR solver time= 0.004248619079589844
	symmetric= False
	niter= 38
	niter= 337
	solver time=0.06818962097167969,exit status=0
	RGN solver time= 0.0682225227355957
	xnorm=4.245931177208298,dnorm=0.06473796649660828
	dense amplitude time= 0.015415430068969727
	total non-zero amplitudes= 4900
	nsamples per process= 50
	sample time= 0.377791166305542
	self.n= 0.6647530053311375
	RGN updated loss=-14.00340815004891,dloss=-1.0171222713850625e-05
step= 125

nparam= 1004
	dense amplitude time= 0.026912689208984375
	total non-zero amplitudes= 4900
	nsamples per process= 50
	sample time= 1.6303620338439941
	self.n= 0.6647530053311362
	collect g,h time= 2.8939645290374756
E=-14.003408150048907,dE=-1.0171222710297911e-05,std=0
L=-14.003408150048907,dL=-1.0171222710297911e-05,std=0
	gnorm= 0.00036557384840589833
	symmetric= True
	solver time=0.004063129425048828,exit status=0
	SR solver time= 0.004097938537597656
	symmetric= False
	niter= 37
	niter= 338
	solver time=0.061887502670288086,exit status=0
	RGN solver time= 0.06192350387573242
	xnorm=4.260326767506925,dnorm=0.06273445768169131
	dense amplitude time= 0.014205217361450195
	total non-zero amplitudes= 4900
	nsamples per process= 50
	sample time= 0.3763091564178467
	self.n= 0.6639434828278692
	RGN updated loss=-14.003417639852502,dloss=-9.489803595386093e-06
step= 126

nparam= 1004
	dense amplitude time= 0.024429798126220703
	total non-zero amplitudes= 4900
	nsamples per process= 50
	sample time= 1.6137876510620117
	self.n= 0.6639434828278692
	collect g,h time= 2.8918259143829346
E=-14.003417639852499,dE=-9.489803591833379e-06,std=0
L=-14.003417639852499,dL=-9.489803591833379e-06,std=0
	gnorm= 0.0003376061599815351
	symmetric= True
	solver time=0.004194021224975586,exit status=0
	SR solver time= 0.004256010055541992
	symmetric= False
	niter= 37
	niter= 341
	solver time=0.06333732604980469,exit status=0
	RGN solver time= 0.06337332725524902
	xnorm=4.273824640503506,dnorm=0.060358665676383406
	dense amplitude time= 0.014138936996459961
	total non-zero amplitudes= 4900
	nsamples per process= 50
	sample time= 0.3766944408416748
	self.n= 0.6629108335206424
	RGN updated loss=-14.003426351012486,dloss=-8.711159987129236e-06
step= 127

nparam= 1004
	dense amplitude time= 0.020600557327270508
	total non-zero amplitudes= 4900
	nsamples per process= 50
	sample time= 1.6372623443603516
	self.n= 0.6629108335206422
	collect g,h time= 2.8964924812316895
E=-14.003426351012486,dE=-8.711159987129236e-06,std=0
L=-14.003426351012486,dL=-8.711159987129236e-06,std=0
	gnorm= 0.0002977434873279373
	symmetric= True
	solver time=0.0040934085845947266,exit status=0
	SR solver time= 0.004129171371459961
	symmetric= False
	niter= 36
	niter= 343
	solver time=0.06535100936889648,exit status=0
	RGN solver time= 0.06538987159729004
	xnorm=4.286411449780605,dnorm=0.057776337582431274
	dense amplitude time= 0.01413869857788086
	total non-zero amplitudes= 4900
	nsamples per process= 50
	sample time= 0.37703609466552734
	self.n= 0.6617571983798541
	RGN updated loss=-14.003434247385949,dloss=-7.896373462656925e-06
step= 128

nparam= 1004
	dense amplitude time= 0.01578974723815918
	total non-zero amplitudes= 4900
	nsamples per process= 50
	sample time= 1.6240665912628174
	self.n= 0.6617571983798538
	collect g,h time= 2.8911311626434326
E=-14.00343424738595,dE=-7.896373464433282e-06,std=0
L=-14.00343424738595,dL=-7.896373464433282e-06,std=0
	gnorm= 0.0002649683485776812
	symmetric= True
	solver time=0.00403594970703125,exit status=0
	SR solver time= 0.004072427749633789
	symmetric= False
	niter= 36
	niter= 343
	solver time=0.06481552124023438,exit status=0
	RGN solver time= 0.06485199928283691
	xnorm=4.298104858534146,dnorm=0.055101562063141804
	dense amplitude time= 0.01673269271850586
	total non-zero amplitudes= 4900
	nsamples per process= 50
	sample time= 0.3766052722930908
	self.n= 0.660499618420213
	RGN updated loss=-14.003441341022848,dloss=-7.09363689743725e-06
step= 129

nparam= 1004
	dense amplitude time= 0.015071868896484375
	total non-zero amplitudes= 4900
	nsamples per process= 50
	sample time= 1.6152317523956299
	self.n= 0.660499618420212
	collect g,h time= 2.8859620094299316
E=-14.003441341022851,dE=-7.093636900989964e-06,std=0
L=-14.003441341022851,dL=-7.093636900989964e-06,std=0
	gnorm= 0.0002328769607507637
	symmetric= True
	solver time=0.0039441585540771484,exit status=0
	SR solver time= 0.003982067108154297
	symmetric= False
	niter= 36
	niter= 343
	solver time=0.06306290626525879,exit status=0
	RGN solver time= 0.06309819221496582
	xnorm=4.309003640061183,dnorm=0.05236411098335721
	dense amplitude time= 0.014393091201782227
	total non-zero amplitudes= 4900
	nsamples per process= 50
	sample time= 0.37505364418029785
	self.n= 0.6592082432740366
	RGN updated loss=-14.00344767585816,dloss=-6.334835308763331e-06
step= 130

nparam= 1004
	dense amplitude time= 0.02786993980407715
	total non-zero amplitudes= 4900
	nsamples per process= 50
	sample time= 1.613389492034912
	self.n= 0.6592082432740359
	collect g,h time= 2.9022746086120605
E=-14.003447675858157,dE=-6.334835305210618e-06,std=0
L=-14.003447675858157,dL=-6.334835305210618e-06,std=0
	gnorm= 0.00019822268052570912
	symmetric= True
	solver time=0.003980159759521484,exit status=0
	SR solver time= 0.004015445709228516
	symmetric= False
	niter= 35
	niter= 343
	solver time=0.06493544578552246,exit status=0
	RGN solver time= 0.0649712085723877
	xnorm=4.319164327984094,dnorm=0.04976263825254825
	dense amplitude time= 0.014271974563598633
	total non-zero amplitudes= 4900
	nsamples per process= 50
	sample time= 0.37470531463623047
	self.n= 0.6579151613340097
	RGN updated loss=-14.003453328402042,dloss=-5.652543885403816e-06
step= 131

nparam= 1004
	dense amplitude time= 0.0359952449798584
	total non-zero amplitudes= 4900
	nsamples per process= 50
	sample time= 1.607647180557251
	self.n= 0.6579151613340088
	collect g,h time= 2.9001376628875732
E=-14.003453328402038,dE=-5.652543881851102e-06,std=0
L=-14.003453328402038,dL=-5.652543881851102e-06,std=0
	gnorm= 0.0001750077330277606
	symmetric= True
	solver time=0.003792285919189453,exit status=0
	SR solver time= 0.0038268566131591797
	symmetric= False
	niter= 35
	niter= 343
	solver time=0.06359148025512695,exit status=0
	RGN solver time= 0.06362676620483398
	xnorm=4.3287026672491775,dnorm=0.04738826230038376
	dense amplitude time= 0.014246463775634766
	total non-zero amplitudes= 4900
	nsamples per process= 50
	sample time= 0.374967098236084
	self.n= 0.656677574383445
	RGN updated loss=-14.003458403282819,dloss=-5.074880780497892e-06
step= 132

nparam= 1004
	dense amplitude time= 0.01644158363342285
	total non-zero amplitudes= 4900
	nsamples per process= 50
	sample time= 1.6103935241699219
	self.n= 0.6566775743834448
	collect g,h time= 2.8848650455474854
E=-14.003458403282814,dE=-5.074880775168822e-06,std=0
L=-14.003458403282814,dL=-5.074880775168822e-06,std=0
	gnorm= 0.00015082951793115603
	symmetric= True
	solver time=0.0037467479705810547,exit status=0
	SR solver time= 0.003781557083129883
	symmetric= False
	niter= 34
	niter= 345
	solver time=0.06379556655883789,exit status=0
	RGN solver time= 0.0638284683227539
	xnorm=4.337695569322675,dnorm=0.04520268825618953
	dense amplitude time= 0.01420736312866211
	total non-zero amplitudes= 4900
	nsamples per process= 50
	sample time= 0.3753478527069092
	self.n= 0.6554604122051336
	RGN updated loss=-14.003462970449412,dloss=-4.567166598690164e-06
step= 133

nparam= 1004
	dense amplitude time= 0.01746964454650879
	total non-zero amplitudes= 4900
	nsamples per process= 50
	sample time= 1.6073696613311768
	self.n= 0.6554604122051331
	collect g,h time= 2.8831074237823486
E=-14.00346297044941,dE=-4.5671665969138076e-06,std=0
L=-14.00346297044941,dL=-4.5671665969138076e-06,std=0
	gnorm= 0.000136268135436482
	symmetric= True
	solver time=0.003686666488647461,exit status=0
	SR solver time= 0.003722667694091797
	symmetric= False
	niter= 34
	niter= 346
	solver time=0.06439471244812012,exit status=0
	RGN solver time= 0.06442928314208984
	xnorm=4.3462623889624785,dnorm=0.04324567776993649
	dense amplitude time= 0.014117002487182617
	total non-zero amplitudes= 4900
	nsamples per process= 50
	sample time= 0.37661004066467285
	self.n= 0.6542979024547919
	RGN updated loss=-14.003467111015908,dloss=-4.140566497667919e-06
step= 134

nparam= 1004
	dense amplitude time= 0.016954421997070312
	total non-zero amplitudes= 4900
	nsamples per process= 50
	sample time= 1.683617115020752
	self.n= 0.6542979024547917
	collect g,h time= 2.919492244720459
E=-14.003467111015912,dE=-4.140566501220633e-06,std=0
L=-14.003467111015912,dL=-4.140566501220633e-06,std=0
	gnorm= 0.00011908102488288387
	symmetric= True
	solver time=0.0036406517028808594,exit status=0
	SR solver time= 0.003675222396850586
	symmetric= False
	niter= 33
	niter= 350
	solver time=0.06501936912536621,exit status=0
	RGN solver time= 0.06505632400512695
	xnorm=4.354459085567057,dnorm=0.041488934565043704
	dense amplitude time= 0.014208078384399414
	total non-zero amplitudes= 4900
	nsamples per process= 50
	sample time= 0.3730161190032959
	self.n= 0.6531634720800265
	RGN updated loss=-14.003470896615072,dloss=-3.7855991603663597e-06
step= 135

nparam= 1004
	dense amplitude time= 0.0267484188079834
	total non-zero amplitudes= 4900
	nsamples per process= 50
	sample time= 1.612536907196045
	self.n= 0.6531634720800261
	collect g,h time= 2.889052629470825
E=-14.003470896615068,dE=-3.785599156813646e-06,std=0
L=-14.003470896615068,dL=-3.785599156813646e-06,std=0
	gnorm= 0.00010716478107840648
	symmetric= True
	solver time=0.003655672073364258,exit status=0
	SR solver time= 0.0036885738372802734
	symmetric= False
	niter= 33
	niter= 354
	solver time=0.06684279441833496,exit status=0
	RGN solver time= 0.06687593460083008
	xnorm=4.362400740285383,dnorm=0.039957332963450345
	dense amplitude time= 0.014366388320922852
	total non-zero amplitudes= 4900
	nsamples per process= 50
	sample time= 0.38799571990966797
	self.n= 0.6520659779784775
	RGN updated loss=-14.003474384196924,dloss=-3.4875818553103954e-06
step= 136

nparam= 1004
	dense amplitude time= 0.024760007858276367
	total non-zero amplitudes= 4900
	nsamples per process= 50
	sample time= 1.6122043132781982
	self.n= 0.6520659779784779
	collect g,h time= 2.8730950355529785
E=-14.003474384196926,dE=-3.4875818570867523e-06,std=0
L=-14.003474384196926,dL=-3.4875818570867523e-06,std=0
	gnorm= 9.600116068818432e-05
	symmetric= True
	solver time=0.006636381149291992,exit status=0
	SR solver time= 0.006671428680419922
	symmetric= False
	niter= 33
	niter= 360
	solver time=0.06700849533081055,exit status=0
	RGN solver time= 0.06704068183898926
	xnorm=4.370138727486369,dnorm=0.03859819167046245
	dense amplitude time= 0.016434907913208008
	total non-zero amplitudes= 4900
	nsamples per process= 50
	sample time= 0.3724710941314697
	self.n= 0.6510078425038026
	RGN updated loss=-14.003477619106476,dloss=-3.234909550897669e-06
step= 137

nparam= 1004
	dense amplitude time= 0.024834871292114258
	total non-zero amplitudes= 4900
	nsamples per process= 50
	sample time= 1.6706278324127197
	self.n= 0.651007842503802
	collect g,h time= 2.9266655445098877
E=-14.00347761910648,dE=-3.2349095544503825e-06,std=0
L=-14.00347761910648,dL=-3.2349095544503825e-06,std=0
	gnorm= 8.938803255886895e-05
	symmetric= True
	solver time=0.0035605430603027344,exit status=0
	SR solver time= 0.0035963058471679688
	symmetric= False
	niter= 32
	niter= 361
	solver time=0.06590414047241211,exit status=0
	RGN solver time= 0.06593823432922363
	xnorm=4.377696655809524,dnorm=0.03736802391124438
	dense amplitude time= 0.014236688613891602
	total non-zero amplitudes= 4900
	nsamples per process= 50
	sample time= 0.37567758560180664
	self.n= 0.6499974885736562
	RGN updated loss=-14.003480643301689,dloss=-3.0241952089227198e-06
step= 138

nparam= 1004
	dense amplitude time= 0.016475915908813477
	total non-zero amplitudes= 4900
	nsamples per process= 50
	sample time= 1.6097474098205566
	self.n= 0.6499974885736556
	collect g,h time= 2.8820197582244873
E=-14.003480643301689,dE=-3.0241952089227198e-06,std=0
L=-14.003480643301689,dL=-3.0241952089227198e-06,std=0
	gnorm= 8.410535366621407e-05
	symmetric= True
	solver time=0.003720998764038086,exit status=0
	SR solver time= 0.0037555694580078125
	symmetric= False
	niter= 32
	niter= 364
	solver time=0.06943058967590332,exit status=0
	RGN solver time= 0.06946706771850586
	xnorm=4.385071010896026,dnorm=0.036319834220612204
	dense amplitude time= 0.014330625534057617
	total non-zero amplitudes= 4900
	nsamples per process= 50
	sample time= 0.39252185821533203
	self.n= 0.6489845010706079
	RGN updated loss=-14.003483490640516,dloss=-2.8473388269389943e-06
step= 139

nparam= 1004
	dense amplitude time= 0.01437830924987793
	total non-zero amplitudes= 4900
	nsamples per process= 50
	sample time= 1.6429390907287598
	self.n= 0.6489845010706068
	collect g,h time= 2.87957501411438
E=-14.003483490640516,dE=-2.8473388269389943e-06,std=0
L=-14.003483490640516,dL=-2.8473388269389943e-06,std=0
	gnorm= 7.820214534029124e-05
	symmetric= True
	solver time=0.0038268566131591797,exit status=0
	SR solver time= 0.0038878917694091797
	symmetric= False
	niter= 32
	niter= 361
	solver time=0.0664517879486084,exit status=0
	RGN solver time= 0.06648635864257812
	xnorm=4.3923397367600865,dnorm=0.0354141259913808
	dense amplitude time= 0.014321565628051758
	total non-zero amplitudes= 4900
	nsamples per process= 50
	sample time= 0.3762381076812744
	self.n= 0.6479877773589848
	RGN updated loss=-14.003486188439457,dloss=-2.697798940687335e-06
step= 140

nparam= 1004
	dense amplitude time= 0.020222902297973633
	total non-zero amplitudes= 4900
	nsamples per process= 50
	sample time= 1.6758878231048584
	self.n= 0.647987777358984
	collect g,h time= 2.9382660388946533
E=-14.003486188439457,dE=-2.697798940687335e-06,std=0
L=-14.003486188439457,dL=-2.697798940687335e-06,std=0
	gnorm= 7.369845255164797e-05
	symmetric= True
	solver time=0.0034914016723632812,exit status=0
	SR solver time= 0.003528118133544922
	symmetric= False
	niter= 32
	niter= 367
	solver time=0.06798148155212402,exit status=0
	RGN solver time= 0.06801772117614746
	xnorm=4.399523790306859,dnorm=0.03459992938511161
	dense amplitude time= 0.014042854309082031
	total non-zero amplitudes= 4900
	nsamples per process= 50
	sample time= 0.3773488998413086
	self.n= 0.6470028969182493
	RGN updated loss=-14.003488759636323,dloss=-2.5711968660857565e-06
step= 141

nparam= 1004
	dense amplitude time= 0.026564836502075195
	total non-zero amplitudes= 4900
	nsamples per process= 50
	sample time= 1.6056578159332275
	self.n= 0.6470028969182482
	collect g,h time= 2.885463237762451
E=-14.003488759636323,dE=-2.5711968660857565e-06,std=0
L=-14.003488759636323,dL=-2.5711968660857565e-06,std=0
	gnorm= 6.960034881565848e-05
	symmetric= True
	solver time=0.0034821033477783203,exit status=0
	SR solver time= 0.0035178661346435547
	symmetric= False
	niter= 31
	niter= 367
	solver time=0.06677985191345215,exit status=0
	RGN solver time= 0.06681680679321289
	xnorm=4.40661585346076,dnorm=0.03387701977366168
	dense amplitude time= 0.014107465744018555
	total non-zero amplitudes= 4900
	nsamples per process= 50
	sample time= 0.38524603843688965
	self.n= 0.6460154121146346
	RGN updated loss=-14.00349122192517,dloss=-2.4622888474823412e-06
step= 142

nparam= 1004
	dense amplitude time= 0.029842615127563477
	total non-zero amplitudes= 4900
	nsamples per process= 50
	sample time= 1.6389846801757812
	self.n= 0.6460154121146348
	collect g,h time= 2.897409439086914
E=-14.003491221925168,dE=-2.4622888457059844e-06,std=0
L=-14.003491221925168,dL=-2.4622888457059844e-06,std=0
	gnorm= 6.67755917893059e-05
	symmetric= True
	solver time=0.0033948421478271484,exit status=0
	SR solver time= 0.0034286975860595703
	symmetric= False
	niter= 31
	niter= 368
	solver time=0.06833672523498535,exit status=0
	RGN solver time= 0.06837058067321777
	xnorm=4.4136382867006265,dnorm=0.033257773090802266
	dense amplitude time= 0.014169692993164062
	total non-zero amplitudes= 4900
	nsamples per process= 50
	sample time= 0.3762993812561035
	self.n= 0.6450249557733335
	RGN updated loss=-14.003493592646011,dloss=-2.370720842748142e-06
step= 143

nparam= 1004
	dense amplitude time= 0.02517080307006836
	total non-zero amplitudes= 4900
	nsamples per process= 50
	sample time= 1.6723475456237793
	self.n= 0.645024955773333
	collect g,h time= 2.930636405944824
E=-14.003493592646013,dE=-2.3707208445244987e-06,std=0
L=-14.003493592646013,dL=-2.3707208445244987e-06,std=0
	gnorm= 6.347289123719184e-05
	symmetric= True
	solver time=0.0033702850341796875,exit status=0
	SR solver time= 0.003406524658203125
	symmetric= False
	niter= 31
	niter= 369
	solver time=0.07009696960449219,exit status=0
	RGN solver time= 0.07013463973999023
	xnorm=4.420600428183901,dnorm=0.03271952192875427
	dense amplitude time= 0.01410984992980957
	total non-zero amplitudes= 4900
	nsamples per process= 50
	sample time= 0.37491893768310547
	self.n= 0.6440267267385391
	RGN updated loss=-14.00349588502957,dloss=-2.292383557644939e-06
step= 144

nparam= 1004
	dense amplitude time= 0.02685093879699707
	total non-zero amplitudes= 4900
	nsamples per process= 50
	sample time= 1.601208209991455
	self.n= 0.6440267267385396
	collect g,h time= 2.8787968158721924
E=-14.003495885029569,dE=-2.2923835558685823e-06,std=0
L=-14.003495885029569,dL=-2.2923835558685823e-06,std=0
	gnorm= 6.314893492192155e-05
	symmetric= True
	solver time=0.003565073013305664,exit status=0
	SR solver time= 0.0035991668701171875
	symmetric= False
	niter= 31
	niter= 369
	solver time=0.08001899719238281,exit status=0
	RGN solver time= 0.08005666732788086
	xnorm=4.4275093794980735,dnorm=0.03224205640910448
	dense amplitude time= 0.016223907470703125
	total non-zero amplitudes= 4900
	nsamples per process= 50
	sample time= 0.3742258548736572
	self.n= 0.6430201756471616
	RGN updated loss=-14.003498111046655,dloss=-2.2260170862153927e-06
step= 145

nparam= 1004
	dense amplitude time= 0.026084184646606445
	total non-zero amplitudes= 4900
	nsamples per process= 50
	sample time= 1.6662225723266602
	self.n= 0.6430201756471607
	collect g,h time= 2.9171383380889893
E=-14.003498111046655,dE=-2.2260170862153927e-06,std=0
L=-14.003498111046655,dL=-2.2260170862153927e-06,std=0
	gnorm= 6.243484614459304e-05
	symmetric= True
	solver time=0.003480672836303711,exit status=0
	SR solver time= 0.0035164356231689453
	symmetric= False
	niter= 32
	niter= 372
	solver time=0.06930303573608398,exit status=0
	RGN solver time= 0.0693366527557373
	xnorm=4.434359451222357,dnorm=0.03186962740979039
	dense amplitude time= 0.014275074005126953
	total non-zero amplitudes= 4900
	nsamples per process= 50
	sample time= 0.3742790222167969
	self.n= 0.6420079823203961
	RGN updated loss=-14.003500283502607,dloss=-2.1724559520208686e-06
step= 146

nparam= 1004
	dense amplitude time= 0.016103506088256836
	total non-zero amplitudes= 4900
	nsamples per process= 50
	sample time= 1.6339917182922363
	self.n= 0.6420079823203957
	collect g,h time= 2.9070560932159424
E=-14.003500283502609,dE=-2.1724559537972254e-06,std=0
L=-14.003500283502609,dL=-2.1724559537972254e-06,std=0
	gnorm= 5.959889855831754e-05
	symmetric= True
	solver time=0.0035774707794189453,exit status=0
	SR solver time= 0.003615140914916992
	symmetric= False
	niter= 31
	niter= 370
	solver time=0.07173824310302734,exit status=0
	RGN solver time= 0.07177543640136719
	xnorm=4.441142856437277,dnorm=0.03150174223176573
	dense amplitude time= 0.014180660247802734
	total non-zero amplitudes= 4900
	nsamples per process= 50
	sample time= 0.37765932083129883
	self.n= 0.64095916685506
	RGN updated loss=-14.00350240810153,dloss=-2.1245989216822636e-06
step= 147

nparam= 1004
	dense amplitude time= 0.016331195831298828
	total non-zero amplitudes= 4900
	nsamples per process= 50
	sample time= 1.6078250408172607
	self.n= 0.6409591668550603
	collect g,h time= 2.8830227851867676
E=-14.003502408101525,dE=-2.124598916353193e-06,std=0
L=-14.003502408101525,dL=-2.124598916353193e-06,std=0
	gnorm= 6.586694963724458e-05
	symmetric= True
	solver time=0.003732919692993164,exit status=0
	SR solver time= 0.003768444061279297
	symmetric= False
	niter= 34
	niter= 364
	solver time=0.06724715232849121,exit status=0
	RGN solver time= 0.06727981567382812
	xnorm=4.447904476891803,dnorm=0.03115819938923212
	dense amplitude time= 0.01410531997680664
	total non-zero amplitudes= 4900
	nsamples per process= 50
	sample time= 0.37671566009521484
	self.n= 0.6399232533925014
	RGN updated loss=-14.003504486502393,dloss=-2.078400868299468e-06
step= 148

nparam= 1004
	dense amplitude time= 0.01705789566040039
	total non-zero amplitudes= 4900
	nsamples per process= 50
	sample time= 1.6559898853302002
	self.n= 0.639923253392501
	collect g,h time= 2.905642032623291
E=-14.003504486502392,dE=-2.0784008665231113e-06,std=0
L=-14.003504486502392,dL=-2.0784008665231113e-06,std=0
	gnorm= 6.505175759863508e-05
	symmetric= True
	solver time=0.008683204650878906,exit status=0
	SR solver time= 0.00872182846069336
	symmetric= False
	niter= 33
	niter= 363
	solver time=0.0771944522857666,exit status=0
	RGN solver time= 0.07722926139831543
	xnorm=4.454608370412252,dnorm=0.03092503181266347
	dense amplitude time= 0.015116453170776367
	total non-zero amplitudes= 4900
	nsamples per process= 50
	sample time= 0.3760082721710205
	self.n= 0.6388483977031806
	RGN updated loss=-14.003506539907486,dloss=-2.0534050939602366e-06
step= 149

nparam= 1004
	dense amplitude time= 0.026210546493530273
	total non-zero amplitudes= 4900
	nsamples per process= 50
	sample time= 1.6299004554748535
	self.n= 0.6388483977031796
	collect g,h time= 2.8942394256591797
E=-14.003506539907486,dE=-2.0534050939602366e-06,std=0
L=-14.003506539907486,dL=-2.0534050939602366e-06,std=0
	gnorm= 6.013553538941406e-05
	symmetric= True
	solver time=0.0037674903869628906,exit status=0
	SR solver time= 0.003803253173828125
	symmetric= False
	niter= 32
	niter= 370
	solver time=0.07124996185302734,exit status=0
	RGN solver time= 0.07128429412841797
	xnorm=4.4612392840914605,dnorm=0.030684798527905878
	dense amplitude time= 0.014024019241333008
	total non-zero amplitudes= 4900
	nsamples per process= 50
	sample time= 0.37749481201171875
	self.n= 0.6377524769683319
	RGN updated loss=-14.003508557276533,dloss=-2.017369046924955e-06
step= 150

nparam= 1004
	dense amplitude time= 0.02251267433166504
	total non-zero amplitudes= 4900
	nsamples per process= 50
	sample time= 1.610206127166748
	self.n= 0.6377524769683314
	collect g,h time= 2.879988670349121
E=-14.003508557276533,dE=-2.017369046924955e-06,std=0
L=-14.003508557276533,dL=-2.017369046924955e-06,std=0
	gnorm= 5.827089055335486e-05
	symmetric= True
	solver time=0.003444671630859375,exit status=0
	SR solver time= 0.0034842491149902344
	symmetric= False
	niter= 31
	niter= 368
	solver time=0.06834030151367188,exit status=0
	RGN solver time= 0.06837248802185059
	xnorm=4.467848711833275,dnorm=0.030495881116833025
	dense amplitude time= 0.014239072799682617
	total non-zero amplitudes= 4900
	nsamples per process= 50
	sample time= 0.3705160617828369
	self.n= 0.6366513230044708
	RGN updated loss=-14.003510554933175,dloss=-1.997656642771517e-06
step= 151

nparam= 1004
	dense amplitude time= 0.08159899711608887
	total non-zero amplitudes= 4900
	nsamples per process= 50
	sample time= 1.6339397430419922
	self.n= 0.6366513230044707
	collect g,h time= 2.9169251918792725
E=-14.003510554933174,dE=-1.99765664099516e-06,std=0
L=-14.003510554933174,dL=-1.99765664099516e-06,std=0
	gnorm= 6.020391501572035e-05
	symmetric= True
	solver time=0.003570079803466797,exit status=0
	SR solver time= 0.0036089420318603516
	symmetric= False
	niter= 32
	niter= 370
	solver time=0.06921887397766113,exit status=0
	RGN solver time= 0.06925654411315918
	xnorm=4.474352861897831,dnorm=0.030336275208792556
	dense amplitude time= 0.014080047607421875
	total non-zero amplitudes= 4900
	nsamples per process= 50
	sample time= 0.3731205463409424
	self.n= 0.6355082152792566
	RGN updated loss=-14.003512531303798,dloss=-1.976370624490187e-06
step= 152

nparam= 1004
	dense amplitude time= 0.01429605484008789
	total non-zero amplitudes= 4900
	nsamples per process= 50
	sample time= 1.5903544425964355
	self.n= 0.6355082152792566
	collect g,h time= 2.874420404434204
E=-14.003512531303802,dE=-1.9763706280429005e-06,std=0
L=-14.003512531303802,dL=-1.9763706280429005e-06,std=0
	gnorm= 5.7990348687626426e-05
	symmetric= True
	solver time=0.003693103790283203,exit status=0
	SR solver time= 0.0037310123443603516
	symmetric= False
	niter= 31
	niter= 369
	solver time=0.0713198184967041,exit status=0
	RGN solver time= 0.07135963439941406
	xnorm=4.480826846612024,dnorm=0.03018515306087373
	dense amplitude time= 0.016370058059692383
	total non-zero amplitudes= 4900
	nsamples per process= 50
	sample time= 0.3741004467010498
	self.n= 0.634350337466938
	RGN updated loss=-14.003514489890287,dloss=-1.958586485883984e-06
step= 153

nparam= 1004
	dense amplitude time= 0.02745652198791504
	total non-zero amplitudes= 4900
	nsamples per process= 50
	sample time= 1.609194278717041
	self.n= 0.6343503374669375
	collect g,h time= 2.8818869590759277
E=-14.003514489890287,dE=-1.958586485883984e-06,std=0
L=-14.003514489890287,dL=-1.958586485883984e-06,std=0
	gnorm= 6.631087728180655e-05
	symmetric= True
	solver time=0.003792285919189453,exit status=0
	SR solver time= 0.0038285255432128906
	symmetric= False
	niter= 33
	niter= 363
	solver time=0.07567024230957031,exit status=0
	RGN solver time= 0.07570219039916992
	xnorm=4.487231388044732,dnorm=0.03004723752010927
	dense amplitude time= 0.016971111297607422
	total non-zero amplitudes= 4900
	nsamples per process= 50
	sample time= 0.3670797348022461
	self.n= 0.6331769856921626
	RGN updated loss=-14.0035164299608,dloss=-1.940070513128944e-06
step= 154

nparam= 1004
	dense amplitude time= 0.028030872344970703
	total non-zero amplitudes= 4900
	nsamples per process= 50
	sample time= 1.6160268783569336
	self.n= 0.6331769856921623
	collect g,h time= 2.915811538696289
E=-14.003516429960799,dE=-1.9400705113525873e-06,std=0
L=-14.003516429960799,dL=-1.9400705113525873e-06,std=0
	gnorm= 6.066411145113996e-05
	symmetric= True
	solver time=0.0036242008209228516,exit status=0
	SR solver time= 0.0036602020263671875
	symmetric= False
	niter= 33
	niter= 371
	solver time=0.06942319869995117,exit status=0
	RGN solver time= 0.0694572925567627
	xnorm=4.493548151026727,dnorm=0.029953569213983712
	dense amplitude time= 0.014130353927612305
	total non-zero amplitudes= 4900
	nsamples per process= 50
	sample time= 0.3698863983154297
	self.n= 0.6319650709743415
	RGN updated loss=-14.003518362274331,dloss=-1.932313532293506e-06
step= 155

nparam= 1004
	dense amplitude time= 0.015345573425292969
	total non-zero amplitudes= 4900
	nsamples per process= 50
	sample time= 1.5830895900726318
	self.n= 0.6319650709743403
	collect g,h time= 2.869608163833618
E=-14.00351836227433,dE=-1.932313530517149e-06,std=0
L=-14.00351836227433,dL=-1.932313530517149e-06,std=0
	gnorm= 6.784883412899873e-05
	symmetric= True
	solver time=0.0038938522338867188,exit status=0
	SR solver time= 0.0039598941802978516
	symmetric= False
	niter= 34
	niter= 363
	solver time=0.06688904762268066,exit status=0
	RGN solver time= 0.0669248104095459
	xnorm=4.499820239969306,dnorm=0.02984599624938228
	dense amplitude time= 0.014132499694824219
	total non-zero amplitudes= 4900
	nsamples per process= 50
	sample time= 0.371326208114624
	self.n= 0.6307433472567087
	RGN updated loss=-14.003520280370193,dloss=-1.918095863473468e-06
step= 156

nparam= 1004
	dense amplitude time= 0.027032852172851562
	total non-zero amplitudes= 4900
	nsamples per process= 50
	sample time= 1.6187455654144287
	self.n= 0.630743347256709
	collect g,h time= 2.8703978061676025
E=-14.003520280370195,dE=-1.9180958652498248e-06,std=0
L=-14.003520280370195,dL=-1.9180958652498248e-06,std=0
	gnorm= 6.260620112393965e-05
	symmetric= True
	solver time=0.0037147998809814453,exit status=0
	SR solver time= 0.003749847412109375
	symmetric= False
	niter= 33
	niter= 359
	solver time=0.06863045692443848,exit status=0
	RGN solver time= 0.06866788864135742
	xnorm=4.506002371025204,dnorm=0.029805024891143648
	dense amplitude time= 0.014046430587768555
	total non-zero amplitudes= 4900
	nsamples per process= 50
	sample time= 0.36887550354003906
	self.n= 0.6294895214563678
	RGN updated loss=-14.003522195950573,dloss=-1.915580378764048e-06
step= 157

nparam= 1004
	dense amplitude time= 0.013894796371459961
	total non-zero amplitudes= 4900
	nsamples per process= 50
	sample time= 1.6127009391784668
	self.n= 0.6294895214563676
	collect g,h time= 2.8675713539123535
E=-14.003522195950573,dE=-1.915580378764048e-06,std=0
L=-14.003522195950573,dL=-1.915580378764048e-06,std=0
	gnorm= 6.955217870672811e-05
	symmetric= True
	solver time=0.003956317901611328,exit status=0
	SR solver time= 0.003995180130004883
	symmetric= False
	niter= 34
	niter= 361
	solver time=0.06815671920776367,exit status=0
	RGN solver time= 0.06819415092468262
	xnorm=4.512112058086443,dnorm=0.02967988927837704
	dense amplitude time= 0.01393270492553711
	total non-zero amplitudes= 4900
	nsamples per process= 50
	sample time= 0.37398624420166016
	self.n= 0.6282104477437811
	RGN updated loss=-14.003524093349386,dloss=-1.8973988122894525e-06
step= 158

nparam= 1004
	dense amplitude time= 0.014026165008544922
	total non-zero amplitudes= 4900
	nsamples per process= 50
	sample time= 1.601438045501709
	self.n= 0.6282104477437807
	collect g,h time= 2.8730671405792236
E=-14.003524093349382,dE=-1.8973988087367388e-06,std=0
L=-14.003524093349382,dL=-1.8973988087367388e-06,std=0
	gnorm= 6.263612976195602e-05
	symmetric= True
	solver time=0.0038003921508789062,exit status=0
	SR solver time= 0.0038361549377441406
	symmetric= False
	niter= 33
	niter= 369
	solver time=0.07233357429504395,exit status=0
	RGN solver time= 0.0723719596862793
	xnorm=4.5181357885998725,dnorm=0.029626842024312778
	dense amplitude time= 0.014090776443481445
	total non-zero amplitudes= 4900
	nsamples per process= 50
	sample time= 0.3786959648132324
	self.n= 0.6268964979486364
	RGN updated loss=-14.003525987643402,dloss=-1.8942940194222047e-06
step= 159

nparam= 1004
	dense amplitude time= 0.02928781509399414
	total non-zero amplitudes= 4900
	nsamples per process= 50
	sample time= 1.6502587795257568
	self.n= 0.6268964979486356
	collect g,h time= 2.89894700050354
E=-14.003525987643405,dE=-1.8942940229749183e-06,std=0
L=-14.003525987643405,dL=-1.8942940229749183e-06,std=0
	gnorm= 6.169057129930845e-05
	symmetric= True
	solver time=0.003626108169555664,exit status=0
	SR solver time= 0.0036606788635253906
	symmetric= False
	niter= 32
	niter= 373
	solver time=0.0717625617980957,exit status=0
	RGN solver time= 0.07179641723632812
	xnorm=4.524116917487477,dnorm=0.029564006315013706
	dense amplitude time= 0.01412510871887207
	total non-zero amplitudes= 4900
	nsamples per process= 50
	sample time= 0.3764054775238037
	self.n= 0.625572602742137
	RGN updated loss=-14.003527872939792,dloss=-1.8852963865612082e-06
step= 160

nparam= 1004
	dense amplitude time= 0.020837783813476562
	total non-zero amplitudes= 4900
	nsamples per process= 50
	sample time= 1.605520248413086
	self.n= 0.6255726027421367
	collect g,h time= 2.884333610534668
E=-14.003527872939793,dE=-1.885296388337565e-06,std=0
L=-14.003527872939793,dL=-1.885296388337565e-06,std=0
	gnorm= 6.074084458179992e-05
	symmetric= True
	solver time=0.0036106109619140625,exit status=0
	SR solver time= 0.003648519515991211
	symmetric= False
	niter= 31
	niter= 372
	solver time=0.06929254531860352,exit status=0
	RGN solver time= 0.06932616233825684
	xnorm=4.530008339744852,dnorm=0.02948628641616744
	dense amplitude time= 0.01634049415588379
	total non-zero amplitudes= 4900
	nsamples per process= 50
	sample time= 0.37940263748168945
	self.n= 0.6242170655498216
	RGN updated loss=-14.003529747820979,dloss=-1.8748811854152336e-06
step= 161

nparam= 1004
	dense amplitude time= 0.06511926651000977
	total non-zero amplitudes= 4900
	nsamples per process= 50
	sample time= 1.6166236400604248
	self.n= 0.6242170655498209
	collect g,h time= 2.8862218856811523
E=-14.003529747820982,dE=-1.8748811889679473e-06,std=0
L=-14.003529747820982,dL=-1.8748811889679473e-06,std=0
	gnorm= 6.105268257137237e-05
	symmetric= True
	solver time=0.0034055709838867188,exit status=0
	SR solver time= 0.0034437179565429688
	symmetric= False
	niter= 31
	niter= 371
	solver time=0.06811714172363281,exit status=0
	RGN solver time= 0.06815218925476074
	xnorm=4.535826640835821,dnorm=0.029405502247929528
	dense amplitude time= 0.014226436614990234
	total non-zero amplitudes= 4900
	nsamples per process= 50
	sample time= 0.3764033317565918
	self.n= 0.6228384375803362
	RGN updated loss=-14.003531612143782,dloss=-1.8643227992498623e-06
step= 162

nparam= 1004
	dense amplitude time= 0.014137029647827148
	total non-zero amplitudes= 4900
	nsamples per process= 50
	sample time= 1.6172206401824951
	self.n= 0.6228384375803356
	collect g,h time= 2.886674404144287
E=-14.00353161214378,dE=-1.8643227974735055e-06,std=0
L=-14.00353161214378,dL=-1.8643227974735055e-06,std=0
	gnorm= 6.107674440340813e-05
	symmetric= True
	solver time=0.003529071807861328,exit status=0
	SR solver time= 0.0035715103149414062
	symmetric= False
	niter= 32
	niter= 371
	solver time=0.0689992904663086,exit status=0
	RGN solver time= 0.06903076171875
	xnorm=4.541575486066984,dnorm=0.029291214977231816
	dense amplitude time= 0.014082908630371094
	total non-zero amplitudes= 4900
	nsamples per process= 50
	sample time= 0.37859678268432617
	self.n= 0.6214410594650337
	RGN updated loss=-14.003533461891278,dloss=-1.8497474982837048e-06
step= 163

nparam= 1004
	dense amplitude time= 0.02271747589111328
	total non-zero amplitudes= 4900
	nsamples per process= 50
	sample time= 1.626089096069336
	self.n= 0.6214410594650328
	collect g,h time= 2.8837366104125977
E=-14.003533461891282,dE=-1.8497475018364185e-06,std=0
L=-14.003533461891282,dL=-1.8497475018364185e-06,std=0
	gnorm= 6.301539489976772e-05
	symmetric= True
	solver time=0.0037627220153808594,exit status=0
	SR solver time= 0.0038018226623535156
	symmetric= False
	niter= 32
	niter= 370
	solver time=0.0703587532043457,exit status=0
	RGN solver time= 0.07039546966552734
	xnorm=4.547240989489885,dnorm=0.029215555794596934
	dense amplitude time= 0.01400303840637207
	total non-zero amplitudes= 4900
	nsamples per process= 50
	sample time= 0.3853905200958252
	self.n= 0.6200261938462316
	RGN updated loss=-14.003535301971652,dloss=-1.8400803707407931e-06
step= 164

nparam= 1004
	dense amplitude time= 0.01698017120361328
	total non-zero amplitudes= 4900
	nsamples per process= 50
	sample time= 1.6439204216003418
	self.n= 0.6200261938462316
	collect g,h time= 2.8806023597717285
E=-14.003535301971649,dE=-1.8400803671880794e-06,std=0
L=-14.003535301971649,dL=-1.8400803671880794e-06,std=0
	gnorm= 6.18687379937171e-05
	symmetric= True
	solver time=0.0035097599029541016,exit status=0
	SR solver time= 0.003545045852661133
	symmetric= False
	niter= 31
	niter= 370
	solver time=0.06960129737854004,exit status=0
	RGN solver time= 0.06963801383972168
	xnorm=4.552854133766107,dnorm=0.029110391693630635
	dense amplitude time= 0.014071941375732422
	total non-zero amplitudes= 4900
	nsamples per process= 50
	sample time= 0.3803105354309082
	self.n= 0.6185891990653305
	RGN updated loss=-14.00353712717328,dloss=-1.8252016307229724e-06
step= 165

nparam= 1004
	dense amplitude time= 0.017082929611206055
	total non-zero amplitudes= 4900
	nsamples per process= 50
	sample time= 1.6208045482635498
	self.n= 0.61858919906533
	collect g,h time= 2.879770278930664
E=-14.003537127173281,dE=-1.8252016324993292e-06,std=0
L=-14.003537127173281,dL=-1.8252016324993292e-06,std=0
	gnorm= 6.208692157264555e-05
	symmetric= True
	solver time=0.003403902053833008,exit status=0
	SR solver time= 0.0034406185150146484
	symmetric= False
	niter= 31
	niter= 370
	solver time=0.06861257553100586,exit status=0
	RGN solver time= 0.06864666938781738
	xnorm=4.558399709779382,dnorm=0.028989223984187924
	dense amplitude time= 0.01410531997680664
	total non-zero amplitudes= 4900
	nsamples per process= 50
	sample time= 0.3858640193939209
	self.n= 0.617137190520738
	RGN updated loss=-14.003538936148214,dloss=-1.808974932515639e-06
step= 166

nparam= 1004
	dense amplitude time= 0.018294811248779297
	total non-zero amplitudes= 4900
	nsamples per process= 50
	sample time= 1.618056058883667
	self.n= 0.6171371905207373
	collect g,h time= 2.874521255493164
E=-14.003538936148217,dE=-1.8089749360683527e-06,std=0
L=-14.003538936148217,dL=-1.8089749360683527e-06,std=0
	gnorm= 6.235186043656029e-05
	symmetric= True
	solver time=0.0035483837127685547,exit status=0
	SR solver time= 0.0035827159881591797
	symmetric= False
	niter= 31
	niter= 370
	solver time=0.06869363784790039,exit status=0
	RGN solver time= 0.06872940063476562
	xnorm=4.563880661562337,dnorm=0.028852219879474925
	dense amplitude time= 0.016486406326293945
	total non-zero amplitudes= 4900
	nsamples per process= 50
	sample time= 0.37607884407043457
	self.n= 0.6156716622666998
	RGN updated loss=-14.00354072643594,dloss=-1.7902877225139946e-06
step= 167

nparam= 1004
	dense amplitude time= 0.015465974807739258
	total non-zero amplitudes= 4900
	nsamples per process= 50
	sample time= 1.6073241233825684
	self.n= 0.6156716622666998
	collect g,h time= 2.878190755844116
E=-14.003540726435936,dE=-1.790287718961281e-06,std=0
L=-14.003540726435936,dL=-1.790287718961281e-06,std=0
	gnorm= 6.200831777548703e-05
	symmetric= True
	solver time=0.003381013870239258,exit status=0
	SR solver time= 0.0034148693084716797
	symmetric= False
	niter= 31
	niter= 369
	solver time=0.06817936897277832,exit status=0
	RGN solver time= 0.06821513175964355
	xnorm=4.569294923066307,dnorm=0.02870076748586273
	dense amplitude time= 0.014170646667480469
	total non-zero amplitudes= 4900
	nsamples per process= 50
	sample time= 0.3773183822631836
	self.n= 0.6141977961447173
	RGN updated loss=-14.003542496282067,dloss=-1.7698461309834101e-06
step= 168

nparam= 1004
	dense amplitude time= 0.028209686279296875
	total non-zero amplitudes= 4900
	nsamples per process= 50
	sample time= 1.6031641960144043
	self.n= 0.614197796144717
	collect g,h time= 2.8967297077178955
E=-14.003542496282067,dE=-1.7698461309834101e-06,std=0
L=-14.003542496282067,dL=-1.7698461309834101e-06,std=0
	gnorm= 6.173416687776947e-05
	symmetric= True
	solver time=0.0035560131072998047,exit status=0
	SR solver time= 0.0035927295684814453
	symmetric= False
	niter= 31
	niter= 370
	solver time=0.06822824478149414,exit status=0
	RGN solver time= 0.06826543807983398
	xnorm=4.5746446147628745,dnorm=0.028539971414969174
	dense amplitude time= 0.016402244567871094
	total non-zero amplitudes= 4900
	nsamples per process= 50
	sample time= 0.3740384578704834
	self.n= 0.612719778389439
	RGN updated loss=-14.003544244780436,dloss=-1.7484983683146993e-06
step= 169

nparam= 1004
	dense amplitude time= 0.02888011932373047
	total non-zero amplitudes= 4900
	nsamples per process= 50
	sample time= 1.596778154373169
	self.n= 0.6127197783894391
	collect g,h time= 2.8786396980285645
E=-14.003544244780436,dE=-1.7484983683146993e-06,std=0
L=-14.003544244780436,dL=-1.7484983683146993e-06,std=0
	gnorm= 6.169257317028023e-05
	symmetric= True
	solver time=0.0035288333892822266,exit status=0
	SR solver time= 0.003568410873413086
	symmetric= False
	niter= 31
	niter= 370
	solver time=0.06849360466003418,exit status=0
	RGN solver time= 0.06853461265563965
	xnorm=4.579933412622744,dnorm=0.02835683014553601
	dense amplitude time= 0.014183521270751953
	total non-zero amplitudes= 4900
	nsamples per process= 50
	sample time= 0.374664306640625
	self.n= 0.6112370984338595
	RGN updated loss=-14.003545969331865,dloss=-1.724551429660437e-06
step= 170

nparam= 1004
	dense amplitude time= 0.01736140251159668
	total non-zero amplitudes= 4900
	nsamples per process= 50
	sample time= 1.5960147380828857
	self.n= 0.6112370984338592
	collect g,h time= 2.8749072551727295
E=-14.003545969331867,dE=-1.7245514314367938e-06,std=0
L=-14.003545969331867,dL=-1.7245514314367938e-06,std=0
	gnorm= 6.232979168105192e-05
	symmetric= True
	solver time=0.0037419795989990234,exit status=0
	SR solver time= 0.0037806034088134766
	symmetric= False
	niter= 32
	niter= 369
	solver time=0.07186102867126465,exit status=0
	RGN solver time= 0.07189559936523438
	xnorm=4.58516367550476,dnorm=0.028148404241824843
	dense amplitude time= 0.014114856719970703
	total non-zero amplitudes= 4900
	nsamples per process= 50
	sample time= 0.3745427131652832
	self.n= 0.6097485821852793
	RGN updated loss=-14.00354766745611,dloss=-1.698124242111021e-06
step= 171

nparam= 1004
	dense amplitude time= 0.03231549263000488
	total non-zero amplitudes= 4900
	nsamples per process= 50
	sample time= 1.6343915462493896
	self.n= 0.6097485821852782
	collect g,h time= 2.8792500495910645
E=-14.003547667456107,dE=-1.6981242403346641e-06,std=0
L=-14.003547667456107,dL=-1.6981242403346641e-06,std=0
	gnorm= 6.0689183910731677e-05
	symmetric= True
	solver time=0.0034275054931640625,exit status=0
	SR solver time= 0.003462076187133789
	symmetric= False
	niter= 31
	niter= 372
	solver time=0.0692441463470459,exit status=0
	RGN solver time= 0.06927895545959473
	xnorm=4.590335426392868,dnorm=0.027926503348621946
	dense amplitude time= 0.014141321182250977
	total non-zero amplitudes= 4900
	nsamples per process= 50
	sample time= 0.36820244789123535
	self.n= 0.6082652970952167
	RGN updated loss=-14.003549335463845,dloss=-1.6680077372654978e-06
step= 172

nparam= 1004
	dense amplitude time= 0.01776576042175293
	total non-zero amplitudes= 4900
	nsamples per process= 50
	sample time= 1.590482473373413
	self.n= 0.6082652970952169
	collect g,h time= 2.8785159587860107
E=-14.003549335463843,dE=-1.668007735489141e-06,std=0
L=-14.003549335463843,dL=-1.668007735489141e-06,std=0
	gnorm= 6.261775697815681e-05
	symmetric= True
	solver time=0.003422260284423828,exit status=0
	SR solver time= 0.0034623146057128906
	symmetric= False
	niter= 31
	niter= 367
	solver time=0.0691978931427002,exit status=0
	RGN solver time= 0.0692296028137207
	xnorm=4.595445768387403,dnorm=0.027712465996402296
	dense amplitude time= 0.01427769660949707
	total non-zero amplitudes= 4900
	nsamples per process= 50
	sample time= 0.37107181549072266
	self.n= 0.6067826910475116
	RGN updated loss=-14.003550976313699,dloss=-1.6408498559883355e-06
step= 173

nparam= 1004
	dense amplitude time= 0.02671194076538086
	total non-zero amplitudes= 4900
	nsamples per process= 50
	sample time= 1.5990798473358154
	self.n= 0.6067826910475111
	collect g,h time= 2.879019260406494
E=-14.0035509763137,dE=-1.6408498577646924e-06,std=0
L=-14.0035509763137,dL=-1.6408498577646924e-06,std=0
	gnorm= 5.998545741229389e-05
	symmetric= True
	solver time=0.003434419631958008,exit status=0
	SR solver time= 0.0034706592559814453
	symmetric= False
	niter= 31
	niter= 371
	solver time=0.06866645812988281,exit status=0
	RGN solver time= 0.06869864463806152
	xnorm=4.600497687616814,dnorm=0.027461668838586955
	dense amplitude time= 0.014159917831420898
	total non-zero amplitudes= 4900
	nsamples per process= 50
	sample time= 0.37386631965637207
	self.n= 0.6053169365548872
	RGN updated loss=-14.003552584595363,dloss=-1.6082816625129226e-06
step= 174

nparam= 1004
	dense amplitude time= 0.023755788803100586
	total non-zero amplitudes= 4900
	nsamples per process= 50
	sample time= 1.6120612621307373
	self.n= 0.6053169365548866
	collect g,h time= 2.8869144916534424
E=-14.003552584595363,dE=-1.6082816625129226e-06,std=0
L=-14.003552584595363,dL=-1.6082816625129226e-06,std=0
	gnorm= 6.638210568595494e-05
	symmetric= True
	solver time=0.004045248031616211,exit status=0
	SR solver time= 0.004081249237060547
	symmetric= False
	niter= 36
	niter= 367
	solver time=0.06938362121582031,exit status=0
	RGN solver time= 0.06942391395568848
	xnorm=4.6054935348804555,dnorm=0.027220809647313778
	dense amplitude time= 0.014231204986572266
	total non-zero amplitudes= 4900
	nsamples per process= 50
	sample time= 0.37360715866088867
	self.n= 0.6038055434192326
	RGN updated loss=-14.003554158286464,dloss=-1.5736911009867072e-06
step= 175

nparam= 1004
	dense amplitude time= 0.02151656150817871
	total non-zero amplitudes= 4900
	nsamples per process= 50
	sample time= 1.6207740306854248
	self.n= 0.603805543419233
	collect g,h time= 2.8884363174438477
E=-14.003554158286462,dE=-1.5736910992103503e-06,std=0
L=-14.003554158286462,dL=-1.5736910992103503e-06,std=0
	gnorm= 6.443413294456185e-05
	symmetric= True
	solver time=0.003816843032836914,exit status=0
	SR solver time= 0.003856658935546875
	symmetric= False
	niter= 34
	niter= 370
	solver time=0.0701754093170166,exit status=0
	RGN solver time= 0.07021141052246094
	xnorm=4.610409631774347,dnorm=0.02694193009038367
	dense amplitude time= 0.01419210433959961
	total non-zero amplitudes= 4900
	nsamples per process= 50
	sample time= 0.37354183197021484
	self.n= 0.602360369990343
	RGN updated loss=-14.003555704959036,dloss=-1.546672573127239e-06
step= 176

nparam= 1004
	dense amplitude time= 0.015311956405639648
	total non-zero amplitudes= 4900
	nsamples per process= 50
	sample time= 1.6172595024108887
	self.n= 0.602360369990343
	collect g,h time= 2.8887863159179688
E=-14.003555704959036,dE=-1.546672573127239e-06,std=0
L=-14.003555704959036,dL=-1.546672573127239e-06,std=0
	gnorm= 6.478658157501353e-05
	symmetric= True
	solver time=0.0040740966796875,exit status=0
	SR solver time= 0.004139900207519531
	symmetric= False
	niter= 34
	niter= 367
	solver time=0.07006978988647461,exit status=0
	RGN solver time= 0.07010817527770996
	xnorm=4.615299668002856,dnorm=0.026667040651282975
	dense amplitude time= 0.016225576400756836
	total non-zero amplitudes= 4900
	nsamples per process= 50
	sample time= 0.37836408615112305
	self.n= 0.6009221818801735
	RGN updated loss=-14.00355721941534,dloss=-1.5144563043634207e-06
step= 177

nparam= 1004
	dense amplitude time= 0.024543285369873047
	total non-zero amplitudes= 4900
	nsamples per process= 50
	sample time= 1.627427577972412
	self.n= 0.6009221818801737
	collect g,h time= 2.88433575630188
E=-14.003557219415343,dE=-1.5144563079161344e-06,std=0
L=-14.003557219415343,dL=-1.5144563079161344e-06,std=0
	gnorm= 6.431063723454761e-05
	symmetric= True
	solver time=0.004040956497192383,exit status=0
	SR solver time= 0.00407719612121582
	symmetric= False
	niter= 36
	niter= 368
	solver time=0.06909680366516113,exit status=0
	RGN solver time= 0.06913208961486816
	xnorm=4.620149827814485,dnorm=0.02640278119045491
	dense amplitude time= 0.014128446578979492
	total non-zero amplitudes= 4900
	nsamples per process= 50
	sample time= 0.37774038314819336
	self.n= 0.5994575649478469
	RGN updated loss=-14.003558693010197,dloss=-1.473594853251825e-06
step= 178

nparam= 1004
	dense amplitude time= 0.014497995376586914
	total non-zero amplitudes= 4900
	nsamples per process= 50
	sample time= 1.6158454418182373
	self.n= 0.5994575649478466
	collect g,h time= 2.8772032260894775
E=-14.003558693010197,dE=-1.473594853251825e-06,std=0
L=-14.003558693010197,dL=-1.473594853251825e-06,std=0
	gnorm= 6.34719480308419e-05
	symmetric= True
	solver time=0.003919124603271484,exit status=0
	SR solver time= 0.003958702087402344
	symmetric= False
	niter= 35
	niter= 364
	solver time=0.06688952445983887,exit status=0
	RGN solver time= 0.06692290306091309
	xnorm=4.624921974997244,dnorm=0.026122536108500755
	dense amplitude time= 0.014007329940795898
	total non-zero amplitudes= 4900
	nsamples per process= 50
	sample time= 0.3761723041534424
	self.n= 0.598084229960682
	RGN updated loss=-14.00356014026847,dloss=-1.4472582741120732e-06
step= 179

nparam= 1004
	dense amplitude time= 0.016657590866088867
	total non-zero amplitudes= 4900
	nsamples per process= 50
	sample time= 1.6289994716644287
	self.n= 0.5980842299606819
	collect g,h time= 2.9006645679473877
E=-14.003560140268473,dE=-1.44725827588843e-06,std=0
L=-14.003560140268473,dL=-1.44725827588843e-06,std=0
	gnorm= 6.376666398472222e-05
	symmetric= True
	solver time=0.0038895606994628906,exit status=0
	SR solver time= 0.003926515579223633
	symmetric= False
	niter= 34
	niter= 358
	solver time=0.06766796112060547,exit status=0
	RGN solver time= 0.06770157814025879
	xnorm=4.629680517881649,dnorm=0.025801982181820053
	dense amplitude time= 0.013973236083984375
	total non-zero amplitudes= 4900
	nsamples per process= 50
	sample time= 0.3850820064544678
	self.n= 0.5966959121395641
	RGN updated loss=-14.00356154708937,dloss=-1.406820897997818e-06
step= 180

nparam= 1004
	dense amplitude time= 0.025852680206298828
	total non-zero amplitudes= 4900
	nsamples per process= 50
	sample time= 1.6289074420928955
	self.n= 0.5966959121395639
	collect g,h time= 2.9077725410461426
E=-14.003561547089369,dE=-1.4068208962214612e-06,std=0
L=-14.003561547089369,dL=-1.4068208962214612e-06,std=0
	gnorm= 5.781230201825164e-05
	symmetric= True
	solver time=0.0037376880645751953,exit status=0
	SR solver time= 0.0037741661071777344
	symmetric= False
	niter= 33
	niter= 373
	solver time=0.0695500373840332,exit status=0
	RGN solver time= 0.06958270072937012
	xnorm=4.63437332397578,dnorm=0.025477911456973108
	dense amplitude time= 0.014397621154785156
	total non-zero amplitudes= 4900
	nsamples per process= 50
	sample time= 0.37244391441345215
	self.n= 0.5953514954778876
	RGN updated loss=-14.003562919771893,dloss=-1.3726825240922835e-06
step= 181

nparam= 1004
	dense amplitude time= 0.030857324600219727
	total non-zero amplitudes= 4900
	nsamples per process= 50
	sample time= 1.6081366539001465
	self.n= 0.5953514954778878
	collect g,h time= 2.8808021545410156
E=-14.003562919771888,dE=-1.372682518763213e-06,std=0
L=-14.003562919771888,dL=-1.372682518763213e-06,std=0
	gnorm= 5.992543151251538e-05
	symmetric= True
	solver time=0.0037713050842285156,exit status=0
	SR solver time= 0.003805875778198242
	symmetric= False
	niter= 34
	niter= 360
	solver time=0.066436767578125,exit status=0
	RGN solver time= 0.06647038459777832
	xnorm=4.639012908280855,dnorm=0.02515700337966383
	dense amplitude time= 0.014229297637939453
	total non-zero amplitudes= 4900
	nsamples per process= 50
	sample time= 0.3768599033355713
	self.n= 0.5939911321653292
	RGN updated loss=-14.003564253950362,dloss=-1.334178474365899e-06
step= 182

nparam= 1004
	dense amplitude time= 0.015053749084472656
	total non-zero amplitudes= 4900
	nsamples per process= 50
	sample time= 1.6048831939697266
	self.n= 0.5939911321653288
	collect g,h time= 2.8810689449310303
E=-14.003564253950362,dE=-1.334178474365899e-06,std=0
L=-14.003564253950362,dL=-1.334178474365899e-06,std=0
	gnorm= 5.6082193288213434e-05
	symmetric= True
	solver time=0.0037894248962402344,exit status=0
	SR solver time= 0.0038259029388427734
	symmetric= False
	niter= 33
	niter= 373
	solver time=0.06897425651550293,exit status=0
	RGN solver time= 0.06900858879089355
	xnorm=4.6436118343601755,dnorm=0.024837190142046744
	dense amplitude time= 0.015863656997680664
	total non-zero amplitudes= 4900
	nsamples per process= 50
	sample time= 0.37715840339660645
	self.n= 0.5926881330153431
	RGN updated loss=-14.003565555270526,dloss=-1.3013201645151184e-06
step= 183

nparam= 1004
	dense amplitude time= 0.014124155044555664
	total non-zero amplitudes= 4900
	nsamples per process= 50
	sample time= 1.612914800643921
	self.n= 0.5926881330153434
	collect g,h time= 2.886115074157715
E=-14.003565555270525,dE=-1.3013201627387616e-06,std=0
L=-14.003565555270525,dL=-1.3013201627387616e-06,std=0
	gnorm= 5.461527310172291e-05
	symmetric= True
	solver time=0.0037555694580078125,exit status=0
	SR solver time= 0.003800630569458008
	symmetric= False
	niter= 32
	niter= 371
	solver time=0.06920957565307617,exit status=0
	RGN solver time= 0.06924629211425781
	xnorm=4.6481567490818865,dnorm=0.024546185206573454
	dense amplitude time= 0.016429662704467773
	total non-zero amplitudes= 4900
	nsamples per process= 50
	sample time= 0.37366604804992676
	self.n= 0.5914078534406928
	RGN updated loss=-14.00356682577893,dloss=-1.2705084060371519e-06
step= 184

nparam= 1004
	dense amplitude time= 0.01439976692199707
	total non-zero amplitudes= 4900
	nsamples per process= 50
	sample time= 1.6252059936523438
	self.n= 0.5914078534406925
	collect g,h time= 2.882897138595581
E=-14.003566825778929,dE=-1.270508404260795e-06,std=0
L=-14.003566825778929,dL=-1.270508404260795e-06,std=0
	gnorm= 4.972931266712645e-05
	symmetric= True
	solver time=0.003619670867919922,exit status=0
	SR solver time= 0.0036563873291015625
	symmetric= False
	niter= 31
	niter= 373
	solver time=0.07003402709960938,exit status=0
	RGN solver time= 0.07007002830505371
	xnorm=4.652671020705902,dnorm=0.02422022295644047
	dense amplitude time= 0.016002893447875977
	total non-zero amplitudes= 4900
	nsamples per process= 50
	sample time= 0.37566280364990234
	self.n= 0.5901479883851943
	RGN updated loss=-14.00356806040105,dloss=-1.2346221218706432e-06
step= 185

nparam= 1004
	dense amplitude time= 0.027517318725585938
	total non-zero amplitudes= 4900
	nsamples per process= 50
	sample time= 1.620476245880127
	self.n= 0.5901479883851941
	collect g,h time= 2.8833703994750977
E=-14.003568060401053,dE=-1.234622123647e-06,std=0
L=-14.003568060401053,dL=-1.234622123647e-06,std=0
	gnorm= 5.736634158546024e-05
	symmetric= True
	solver time=0.003954410552978516,exit status=0
	SR solver time= 0.003991603851318359
	symmetric= False
	niter= 36
	niter= 365
	solver time=0.06742739677429199,exit status=0
	RGN solver time= 0.0674598217010498
	xnorm=4.657134814013335,dnorm=0.023910555601242275
	dense amplitude time= 0.014089345932006836
	total non-zero amplitudes= 4900
	nsamples per process= 50
	sample time= 0.3766345977783203
	self.n= 0.5888635447042689
	RGN updated loss=-14.003569254636838,dloss=-1.1942357858174546e-06
step= 186

nparam= 1004
	dense amplitude time= 0.017784595489501953
	total non-zero amplitudes= 4900
	nsamples per process= 50
	sample time= 1.6090419292449951
	self.n= 0.5888635447042684
	collect g,h time= 2.88086199760437
E=-14.00356925463684,dE=-1.1942357875938114e-06,std=0
L=-14.00356925463684,dL=-1.1942357875938114e-06,std=0
	gnorm= 5.400684482703969e-05
	symmetric= True
	solver time=0.0038661956787109375,exit status=0
	SR solver time= 0.003902435302734375
	symmetric= False
	niter= 35
	niter= 367
	solver time=0.06836462020874023,exit status=0
	RGN solver time= 0.06839752197265625
	xnorm=4.6615354942714085,dnorm=0.02359678785889069
	dense amplitude time= 0.01423788070678711
	total non-zero amplitudes= 4900
	nsamples per process= 50
	sample time= 0.37581610679626465
	self.n= 0.5876798625402767
	RGN updated loss=-14.003570426354942,dloss=-1.1717181020998169e-06
step= 187

nparam= 1004
	dense amplitude time= 0.0267946720123291
	total non-zero amplitudes= 4900
	nsamples per process= 50
	sample time= 1.6176044940948486
	self.n= 0.587679862540277
	collect g,h time= 2.887913942337036
E=-14.003570426354942,dE=-1.1717181020998169e-06,std=0
L=-14.003570426354942,dL=-1.1717181020998169e-06,std=0
	gnorm= 4.6225940547635407e-05
	symmetric= True
	solver time=0.0033681392669677734,exit status=0
	SR solver time= 0.003403186798095703
	symmetric= False
	niter= 30
	niter= 373
	solver time=0.06895184516906738,exit status=0
	RGN solver time= 0.06898736953735352
	xnorm=4.665925324972762,dnorm=0.0232652930731975
	dense amplitude time= 0.014162540435791016
	total non-zero amplitudes= 4900
	nsamples per process= 50
	sample time= 0.37740612030029297
	self.n= 0.586498230689877
	RGN updated loss=-14.003571561040383,dloss=-1.1346854407179308e-06
step= 188

nparam= 1004
	dense amplitude time= 0.016568422317504883
	total non-zero amplitudes= 4900
	nsamples per process= 50
	sample time= 1.6077849864959717
	self.n= 0.586498230689876
	collect g,h time= 2.882920503616333
E=-14.003571561040383,dE=-1.1346854407179308e-06,std=0
L=-14.003571561040383,dL=-1.1346854407179308e-06,std=0
	gnorm= 4.5309865324303114e-05
	symmetric= True
	solver time=0.003262758255004883,exit status=0
	SR solver time= 0.0032994747161865234
	symmetric= False
	niter= 30
	niter= 373
	solver time=0.06860232353210449,exit status=0
	RGN solver time= 0.0686337947845459
	xnorm=4.6702754322699995,dnorm=0.022950178917786633
	dense amplitude time= 0.014191389083862305
	total non-zero amplitudes= 4900
	nsamples per process= 50
	sample time= 0.37692880630493164
	self.n= 0.5853337330315259
	RGN updated loss=-14.003572664218202,dloss=-1.1031778193171249e-06
step= 189

nparam= 1004
	dense amplitude time= 0.015226602554321289
	total non-zero amplitudes= 4900
	nsamples per process= 50
	sample time= 1.6199743747711182
	self.n= 0.5853337330315257
	collect g,h time= 2.88157320022583
E=-14.003572664218199,dE=-1.1031778157644112e-06,std=0
L=-14.003572664218199,dL=-1.1031778157644112e-06,std=0
	gnorm= 4.425147531918116e-05
	symmetric= True
	solver time=0.003297090530395508,exit status=0
	SR solver time= 0.003330707550048828
	symmetric= False
	niter= 30
	niter= 372
	solver time=0.06895565986633301,exit status=0
	RGN solver time= 0.06898713111877441
	xnorm=4.674584700217296,dnorm=0.02263909463781753
	dense amplitude time= 0.014029979705810547
	total non-zero amplitudes= 4900
	nsamples per process= 50
	sample time= 0.37374329566955566
	self.n= 0.584191391567189
	RGN updated loss=-14.003573736520913,dloss=-1.0723027141779085e-06
step= 190

nparam= 1004
	dense amplitude time= 0.027148723602294922
	total non-zero amplitudes= 4900
	nsamples per process= 50
	sample time= 1.6132864952087402
	self.n= 0.5841913915671896
	collect g,h time= 2.880946397781372
E=-14.003573736520915,dE=-1.0723027159542653e-06,std=0
L=-14.003573736520915,dL=-1.0723027159542653e-06,std=0
	gnorm= 4.31931753370732e-05
	symmetric= True
	solver time=0.0032644271850585938,exit status=0
	SR solver time= 0.0032978057861328125
	symmetric= False
	niter= 30
	niter= 372
	solver time=0.0689401626586914,exit status=0
	RGN solver time= 0.06897282600402832
	xnorm=4.678857156098888,dnorm=0.02233139757114197
	dense amplitude time= 0.014392852783203125
	total non-zero amplitudes= 4900
	nsamples per process= 50
	sample time= 0.3858468532562256
	self.n= 0.5830723308435763
	RGN updated loss=-14.003574780348234,dloss=-1.043827319691104e-06
step= 191

nparam= 1004
	dense amplitude time= 0.04412245750427246
	total non-zero amplitudes= 4900
	nsamples per process= 50
	sample time= 1.6793389320373535
	self.n= 0.5830723308435759
	collect g,h time= 2.898655891418457
E=-14.003574780348236,dE=-1.043827321467461e-06,std=0
L=-14.003574780348236,dL=-1.043827321467461e-06,std=0
	gnorm= 5.394870163540421e-05
	symmetric= True
	solver time=0.004064083099365234,exit status=0
	SR solver time= 0.00410151481628418
	symmetric= False
	niter= 37
	niter= 357
	solver time=0.06646847724914551,exit status=0
	RGN solver time= 0.06650161743164062
	xnorm=4.683093830040303,dnorm=0.022054940890052124
	dense amplitude time= 0.015640974044799805
	total non-zero amplitudes= 4900
	nsamples per process= 50
	sample time= 0.37593555450439453
	self.n= 0.5819289485046328
	RGN updated loss=-14.003575790080367,dloss=-1.0097321307966922e-06
step= 192

nparam= 1004
	dense amplitude time= 0.02695012092590332
	total non-zero amplitudes= 4900
	nsamples per process= 50
	sample time= 1.6083695888519287
	self.n= 0.5819289485046326
	collect g,h time= 2.895824432373047
E=-14.003575790080363,dE=-1.0097321272439785e-06,std=0
L=-14.003575790080363,dL=-1.0097321272439785e-06,std=0
	gnorm= 4.786298432696542e-05
	symmetric= True
	solver time=0.003977298736572266,exit status=0
	SR solver time= 0.0040130615234375
	symmetric= False
	niter= 35
	niter= 362
	solver time=0.06682276725769043,exit status=0
	RGN solver time= 0.06686186790466309
	xnorm=4.687275851632826,dnorm=0.021757226265208048
	dense amplitude time= 0.015946149826049805
	total non-zero amplitudes= 4900
	nsamples per process= 50
	sample time= 0.3743257522583008
	self.n= 0.5808855762375582
	RGN updated loss=-14.00357678029805,dloss=-9.902176874021507e-07
step= 193

nparam= 1004
	dense amplitude time= 0.02905869483947754
	total non-zero amplitudes= 4900
	nsamples per process= 50
	sample time= 1.6200761795043945
	self.n= 0.5808855762375578
	collect g,h time= 2.8841261863708496
E=-14.003576780298056,dE=-9.902176927312212e-07,std=0
L=-14.003576780298056,dL=-9.902176927312212e-07,std=0
	gnorm= 4.077755870408099e-05
	symmetric= True
	solver time=0.0034515857696533203,exit status=0
	SR solver time= 0.003487110137939453
	symmetric= False
	niter= 31
	niter= 374
	solver time=0.06903433799743652,exit status=0
	RGN solver time= 0.06906962394714355
	xnorm=4.691449223837229,dnorm=0.021411903953442134
	dense amplitude time= 0.01416158676147461
	total non-zero amplitudes= 4900
	nsamples per process= 50
	sample time= 0.3767707347869873
	self.n= 0.5798500792023185
	RGN updated loss=-14.003577736224713,dloss=-9.559266569425517e-07
step= 194

nparam= 1004
	dense amplitude time= 0.027132272720336914
	total non-zero amplitudes= 4900
	nsamples per process= 50
	sample time= 1.654038906097412
	self.n= 0.579850079202318
	collect g,h time= 2.912867546081543
E=-14.003577736224711,dE=-9.55926655166195e-07,std=0
L=-14.003577736224711,dL=-9.55926655166195e-07,std=0
	gnorm= 3.899370546985242e-05
	symmetric= True
	solver time=0.0032427310943603516,exit status=0
	SR solver time= 0.0032792091369628906
	symmetric= False
	niter= 29
	niter= 373
	solver time=0.07010722160339355,exit status=0
	RGN solver time= 0.07014632225036621
	xnorm=4.695596850088225,dnorm=0.0211126762675426
	dense amplitude time= 0.01428675651550293
	total non-zero amplitudes= 4900
	nsamples per process= 50
	sample time= 0.38599109649658203
	self.n= 0.5788225196040222
	RGN updated loss=-14.00357866664258,dloss=-9.304178689717446e-07
step= 195

nparam= 1004
	dense amplitude time= 0.016286849975585938
	total non-zero amplitudes= 4900
	nsamples per process= 50
	sample time= 1.6051557064056396
	self.n= 0.5788225196040213
	collect g,h time= 2.8804774284362793
E=-14.003578666642579,dE=-9.304178671953878e-07,std=0
L=-14.003578666642579,dL=-9.304178671953878e-07,std=0
	gnorm= 4.904742015576237e-05
	symmetric= True
	solver time=0.003987550735473633,exit status=0
	SR solver time= 0.0040247440338134766
	symmetric= False
	niter= 37
	niter= 366
	solver time=0.07042360305786133,exit status=0
	RGN solver time= 0.07045912742614746
	xnorm=4.699722454441091,dnorm=0.02088197784138829
	dense amplitude time= 0.015900611877441406
	total non-zero amplitudes= 4900
	nsamples per process= 50
	sample time= 0.3771786689758301
	self.n= 0.5777596365253193
	RGN updated loss=-14.003579568040276,dloss=-9.013976978167193e-07
step= 196

nparam= 1004
	dense amplitude time= 0.026895999908447266
	total non-zero amplitudes= 4900
	nsamples per process= 50
	sample time= 1.622115135192871
	self.n= 0.5777596365253191
	collect g,h time= 2.8777759075164795
E=-14.003579568040273,dE=-9.013976942640056e-07,std=0
L=-14.003579568040273,dL=-9.013976942640056e-07,std=0
	gnorm= 5.041715887123659e-05
	symmetric= True
	solver time=0.004167079925537109,exit status=0
	SR solver time= 0.0042035579681396484
	symmetric= False
	niter= 37
	niter= 372
	solver time=0.07269406318664551,exit status=0
	RGN solver time= 0.07272720336914062
	xnorm=4.703790518049109,dnorm=0.02068656641668977
	dense amplitude time= 0.016896724700927734
	total non-zero amplitudes= 4900
	nsamples per process= 50
	sample time= 0.3766357898712158
	self.n= 0.5767907546803397
	RGN updated loss=-14.003580452527945,dloss=-8.844876724367623e-07
step= 197

nparam= 1004
	dense amplitude time= 0.028172969818115234
	total non-zero amplitudes= 4900
	nsamples per process= 50
	sample time= 1.6095101833343506
	self.n= 0.5767907546803392
	collect g,h time= 2.8776278495788574
E=-14.003580452527947,dE=-8.844876742131191e-07,std=0
L=-14.003580452527947,dL=-8.844876742131191e-07,std=0
	gnorm= 4.264632301901964e-05
	symmetric= True
	solver time=0.0037865638732910156,exit status=0
	SR solver time= 0.0038225650787353516
	symmetric= False
	niter= 34
	niter= 372
	solver time=0.0688624382019043,exit status=0
	RGN solver time= 0.06890010833740234
	xnorm=4.7078830163940975,dnorm=0.02032463050965613
	dense amplitude time= 0.01430964469909668
	total non-zero amplitudes= 4900
	nsamples per process= 50
	sample time= 0.3881826400756836
	self.n= 0.5758461384920701
	RGN updated loss=-14.003581314093696,dloss=-8.615657485222528e-07
step= 198

nparam= 1004
	dense amplitude time= 0.014942407608032227
	total non-zero amplitudes= 4900
	nsamples per process= 50
	sample time= 1.6620349884033203
	self.n= 0.5758461384920692
	collect g,h time= 2.876281976699829
E=-14.003581314093699,dE=-8.615657520749664e-07,std=0
L=-14.003581314093699,dL=-8.615657520749664e-07,std=0
	gnorm= 4.993605921056227e-05
	symmetric= True
	solver time=0.00424647331237793,exit status=0
	SR solver time= 0.004282951354980469
	symmetric= False
	niter= 37
	niter= 358
	solver time=0.06595635414123535,exit status=0
	RGN solver time= 0.06598997116088867
	xnorm=4.711911103667759,dnorm=0.020029641976643878
	dense amplitude time= 0.015962839126586914
	total non-zero amplitudes= 4900
	nsamples per process= 50
	sample time= 0.3762061595916748
	self.n= 0.5748682527753868
	RGN updated loss=-14.003582140400116,dloss=-8.263064170677126e-07
step= 199

nparam= 1004
	dense amplitude time= 0.013916492462158203
	total non-zero amplitudes= 4900
	nsamples per process= 50
	sample time= 1.6072847843170166
	self.n= 0.5748682527753866
	collect g,h time= 2.880401611328125
E=-14.003582140400118,dE=-8.263064188440694e-07,std=0
L=-14.003582140400118,dL=-8.263064188440694e-07,std=0
	gnorm= 5.216840313880179e-05
	symmetric= True
	solver time=0.0041658878326416016,exit status=0
	SR solver time= 0.004201412200927734
	symmetric= False
	niter= 37
	niter= 357
	solver time=0.06734108924865723,exit status=0
	RGN solver time= 0.06737828254699707
	xnorm=4.7158908103309765,dnorm=0.019811727828786145
	dense amplitude time= 0.016590595245361328
	total non-zero amplitudes= 4900
	nsamples per process= 50
	sample time= 0.38000965118408203
	self.n= 0.5739589911973986
	RGN updated loss=-14.003582957862651,dloss=-8.174625332202368e-07
step= 200

nparam= 1004
	dense amplitude time= 0.02535223960876465
	total non-zero amplitudes= 4900
	nsamples per process= 50
	sample time= 1.616241216659546
	self.n= 0.573958991197399
	collect g,h time= 2.877124547958374
E=-14.00358295786265,dE=-8.174625314438799e-07,std=0
L=-14.00358295786265,dL=-8.174625314438799e-07,std=0
	gnorm= 4.706832748750084e-05
	symmetric= True
	solver time=0.004151582717895508,exit status=0
	SR solver time= 0.004187822341918945
	symmetric= False
	niter= 37
	niter= 363
	solver time=0.06702923774719238,exit status=0
	RGN solver time= 0.0670633316040039
	xnorm=4.7198831616515005,dnorm=0.019507699930909513
	dense amplitude time= 0.01596212387084961
	total non-zero amplitudes= 4900
	nsamples per process= 50
	sample time= 0.37952613830566406
	self.n= 0.5730278247444252
	RGN updated loss=-14.00358374196211,dloss=-7.840994609153995e-07
step= 201

nparam= 1004
	dense amplitude time= 0.04863619804382324
	total non-zero amplitudes= 4900
	nsamples per process= 50
	sample time= 1.68448805809021
	self.n= 0.5730278247444256
	collect g,h time= 2.9315218925476074
E=-14.003583741962109,dE=-7.840994591390427e-07,std=0
L=-14.003583741962109,dL=-7.840994591390427e-07,std=0
	gnorm= 4.048164120001575e-05
	symmetric= True
	solver time=0.003983974456787109,exit status=0
	SR solver time= 0.004019737243652344
	symmetric= False
	niter= 36
	niter= 373
	solver time=0.0695958137512207,exit status=0
	RGN solver time= 0.06963014602661133
	xnorm=4.723826994295221,dnorm=0.01925807758873069
	dense amplitude time= 0.014031410217285156
	total non-zero amplitudes= 4900
	nsamples per process= 50
	sample time= 0.37995362281799316
	self.n= 0.572175901926341
	RGN updated loss=-14.003584514870958,dloss=-7.729088498109604e-07
step= 202

nparam= 1004
	dense amplitude time= 0.015783071517944336
	total non-zero amplitudes= 4900
	nsamples per process= 50
	sample time= 1.6161460876464844
	self.n= 0.5721759019263407
	collect g,h time= 2.8777830600738525
E=-14.003584514870955,dE=-7.729088462582467e-07,std=0
L=-14.003584514870955,dL=-7.729088462582467e-07,std=0
	gnorm= 4.381334309388906e-05
	symmetric= True
	solver time=0.004020214080810547,exit status=0
	SR solver time= 0.0040585994720458984
	symmetric= False
	niter= 37
	niter= 363
	solver time=0.0667881965637207,exit status=0
	RGN solver time= 0.06682372093200684
	xnorm=4.7277744347766175,dnorm=0.018991778130950963
	dense amplitude time= 0.014186859130859375
	total non-zero amplitudes= 4900
	nsamples per process= 50
	sample time= 0.37497949600219727
	self.n= 0.5712671572934105
	RGN updated loss=-14.003585256349183,dloss=-7.41478228150072e-07
step= 203

nparam= 1004
	dense amplitude time= 0.015931129455566406
	total non-zero amplitudes= 4900
	nsamples per process= 50
	sample time= 1.6442465782165527
	self.n= 0.5712671572934109
	collect g,h time= 2.8813788890838623
E=-14.003585256349181,dE=-7.414782263737152e-07,std=0
L=-14.003585256349181,dL=-7.414782263737152e-07,std=0
	gnorm= 3.9289495958286134e-05
	symmetric= True
	solver time=0.0038712024688720703,exit status=0
	SR solver time= 0.003905057907104492
	symmetric= False
	niter= 36
	niter= 372
	solver time=0.06951642036437988,exit status=0
	RGN solver time= 0.0695502758026123
	xnorm=4.731673441739956,dnorm=0.01875485627709127
	dense amplitude time= 0.014105081558227539
	total non-zero amplitudes= 4900
	nsamples per process= 50
	sample time= 0.3787813186645508
	self.n= 0.5704450359027178
	RGN updated loss=-14.00358598884315,dloss=-7.324939694797195e-07
step= 204

nparam= 1004
	dense amplitude time= 0.01816582679748535
	total non-zero amplitudes= 4900
	nsamples per process= 50
	sample time= 1.6178405284881592
	self.n= 0.5704450359027171
	collect g,h time= 2.8879308700561523
E=-14.00358598884315,dE=-7.324939694797195e-07,std=0
L=-14.00358598884315,dL=-7.324939694797195e-07,std=0
	gnorm= 4.316031395079599e-05
	symmetric= True
	solver time=0.004271030426025391,exit status=0
	SR solver time= 0.00433659553527832
	symmetric= False
	niter= 37
	niter= 363
	solver time=0.0692744255065918,exit status=0
	RGN solver time= 0.06930947303771973
	xnorm=4.735577031171469,dnorm=0.01849435841868681
	dense amplitude time= 0.014391660690307617
	total non-zero amplitudes= 4900
	nsamples per process= 50
	sample time= 0.3913147449493408
	self.n= 0.5695687158763847
	RGN updated loss=-14.003586691195924,dloss=-7.023527732741286e-07
step= 205

nparam= 1004
	dense amplitude time= 0.024260997772216797
	total non-zero amplitudes= 4900
	nsamples per process= 50
	sample time= 1.648458480834961
	self.n= 0.5695687158763845
	collect g,h time= 2.877389430999756
E=-14.003586691195927,dE=-7.023527768268423e-07,std=0
L=-14.003586691195927,dL=-7.023527768268423e-07,std=0
	gnorm= 3.8311164266418406e-05
	symmetric= True
	solver time=0.0038802623748779297,exit status=0
	SR solver time= 0.003916740417480469
	symmetric= False
	niter= 36
	niter= 373
	solver time=0.06890106201171875,exit status=0
	RGN solver time= 0.06893420219421387
	xnorm=4.739432907971326,dnorm=0.018268931062045524
	dense amplitude time= 0.014189720153808594
	total non-zero amplitudes= 4900
	nsamples per process= 50
	sample time= 0.3784351348876953
	self.n= 0.5687786176799203
	RGN updated loss=-14.003587385106158,dloss=-6.939102306091627e-07
step= 206

nparam= 1004
	dense amplitude time= 0.024817943572998047
	total non-zero amplitudes= 4900
	nsamples per process= 50
	sample time= 1.6208467483520508
	self.n= 0.5687786176799203
	collect g,h time= 2.8936960697174072
E=-14.003587385106162,dE=-6.939102341618764e-07,std=0
L=-14.003587385106162,dL=-6.939102341618764e-07,std=0
	gnorm= 4.244466479579464e-05
	symmetric= True
	solver time=0.004045009613037109,exit status=0
	SR solver time= 0.004080295562744141
	symmetric= False
	niter= 37
	niter= 361
	solver time=0.06720829010009766,exit status=0
	RGN solver time= 0.06724309921264648
	xnorm=4.743295928749977,dnorm=0.018022562436512568
	dense amplitude time= 0.014170169830322266
	total non-zero amplitudes= 4900
	nsamples per process= 50
	sample time= 0.3750040531158447
	self.n= 0.5679343830769699
	RGN updated loss=-14.003588051312597,dloss=-6.662064357954023e-07
step= 207

nparam= 1004
	dense amplitude time= 0.026289701461791992
	total non-zero amplitudes= 4900
	nsamples per process= 50
	sample time= 1.6219277381896973
	self.n= 0.5679343830769694
	collect g,h time= 2.895996570587158
E=-14.003588051312596,dE=-6.662064340190454e-07,std=0
L=-14.003588051312596,dL=-6.662064340190454e-07,std=0
	gnorm= 3.75538155988769e-05
	symmetric= True
	solver time=0.004204750061035156,exit status=0
	SR solver time= 0.004241943359375
	symmetric= False
	niter= 37
	niter= 372
	solver time=0.06963729858398438,exit status=0
	RGN solver time= 0.06966996192932129
	xnorm=4.747115113346164,dnorm=0.01780833360715778
	dense amplitude time= 0.014311075210571289
	total non-zero amplitudes= 4900
	nsamples per process= 50
	sample time= 0.39251017570495605
	self.n= 0.5671773407858999
	RGN updated loss=-14.003588710203124,dloss=-6.588905279159007e-07
step= 208

nparam= 1004
	dense amplitude time= 0.02141571044921875
	total non-zero amplitudes= 4900
	nsamples per process= 50
	sample time= 1.6869926452636719
	self.n= 0.5671773407858993
	collect g,h time= 2.8988847732543945
E=-14.003588710203125,dE=-6.588905296922576e-07,std=0
L=-14.003588710203125,dL=-6.588905296922576e-07,std=0
	gnorm= 4.149351651382207e-05
	symmetric= True
	solver time=0.004205942153930664,exit status=0
	SR solver time= 0.004244327545166016
	symmetric= False
	niter= 38
	niter= 364
	solver time=0.06754446029663086,exit status=0
	RGN solver time= 0.06757974624633789
	xnorm=4.750941480217515,dnorm=0.017569526290749905
	dense amplitude time= 0.015447616577148438
	total non-zero amplitudes= 4900
	nsamples per process= 50
	sample time= 0.3743410110473633
	self.n= 0.5663611402788646
	RGN updated loss=-14.003589343093061,dloss=-6.328899360141804e-07
step= 209

nparam= 1004
	dense amplitude time= 0.027479887008666992
	total non-zero amplitudes= 4900
	nsamples per process= 50
	sample time= 1.615323781967163
	self.n= 0.5663611402788644
	collect g,h time= 2.878737211227417
E=-14.00358934309306,dE=-6.328899342378236e-07,std=0
L=-14.00358934309306,dL=-6.328899342378236e-07,std=0
	gnorm= 3.6727560756468335e-05
	symmetric= True
	solver time=0.004091978073120117,exit status=0
	SR solver time= 0.004129886627197266
	symmetric= False
	niter= 37
	niter= 372
	solver time=0.07016134262084961,exit status=0
	RGN solver time= 0.07019424438476562
	xnorm=4.75471945663657,dnorm=0.01736158270758946
	dense amplitude time= 0.014253377914428711
	total non-zero amplitudes= 4900
	nsamples per process= 50
	sample time= 0.38685154914855957
	self.n= 0.5656261884971335
	RGN updated loss=-14.003589968511323,dloss=-6.254182629561456e-07
step= 210

nparam= 1004
	dense amplitude time= 0.017474889755249023
	total non-zero amplitudes= 4900
	nsamples per process= 50
	sample time= 1.6315176486968994
	self.n= 0.5656261884971332
	collect g,h time= 2.872319459915161
E=-14.003589968511319,dE=-6.254182594034319e-07,std=0
L=-14.003589968511319,dL=-6.254182594034319e-07,std=0
	gnorm= 4.082724501161031e-05
	symmetric= True
	solver time=0.004190206527709961,exit status=0
	SR solver time= 0.0042285919189453125
	symmetric= False
	niter= 38
	niter= 361
	solver time=0.0668795108795166,exit status=0
	RGN solver time= 0.06691169738769531
	xnorm=4.758500583626605,dnorm=0.017135344031803307
	dense amplitude time= 0.014124631881713867
	total non-zero amplitudes= 4900
	nsamples per process= 50
	sample time= 0.3798809051513672
	self.n= 0.5648358284170576
	RGN updated loss=-14.003590570010726,dloss=-6.014994067271573e-07
step= 211

nparam= 1004
	dense amplitude time= 0.04487180709838867
	total non-zero amplitudes= 4900
	nsamples per process= 50
	sample time= 1.6778650283813477
	self.n= 0.5648358284170578
	collect g,h time= 2.9181618690490723
E=-14.003590570010727,dE=-6.014994085035141e-07,std=0
L=-14.003590570010727,dL=-6.014994085035141e-07,std=0
	gnorm= 3.598651309952031e-05
	symmetric= True
	solver time=0.004163503646850586,exit status=0
	SR solver time= 0.00419926643371582
	symmetric= False
	niter= 37
	niter= 372
	solver time=0.07031106948852539,exit status=0
	RGN solver time= 0.07035112380981445
	xnorm=4.76223495411606,dnorm=0.01693704348004392
	dense amplitude time= 0.014247417449951172
	total non-zero amplitudes= 4900
	nsamples per process= 50
	sample time= 0.3874797821044922
	self.n= 0.5641261621190876
	RGN updated loss=-14.003591165985535,dloss=-5.959748072825732e-07
step= 212

nparam= 1004
	dense amplitude time= 0.016307592391967773
	total non-zero amplitudes= 4900
	nsamples per process= 50
	sample time= 1.614621877670288
	self.n= 0.5641261621190865
	collect g,h time= 2.878941535949707
E=-14.003591165985537,dE=-5.959748090589301e-07,std=0
L=-14.003591165985537,dL=-5.959748090589301e-07,std=0
	gnorm= 2.629520362808158e-05
	symmetric= True
	solver time=0.0031311511993408203,exit status=0
	SR solver time= 0.0031685829162597656
	symmetric= False
	niter= 28
	niter= 374
	solver time=0.0692436695098877,exit status=0
	RGN solver time= 0.06927776336669922
	xnorm=4.765973339783633,dnorm=0.016717455144024413
	dense amplitude time= 0.014217853546142578
	total non-zero amplitudes= 4900
	nsamples per process= 50
	sample time= 0.3804957866668701
	self.n= 0.5633988413304487
	RGN updated loss=-14.003591742755873,dloss=-5.767703363801502e-07
step= 213

nparam= 1004
	dense amplitude time= 0.017528772354125977
	total non-zero amplitudes= 4900
	nsamples per process= 50
	sample time= 1.633556842803955
	self.n= 0.563398841330448
	collect g,h time= 2.8792922496795654
E=-14.003591742755875,dE=-5.76770338156507e-07,std=0
L=-14.003591742755875,dL=-5.76770338156507e-07,std=0
	gnorm= 2.5801247772958403e-05
	symmetric= True
	solver time=0.003134489059448242,exit status=0
	SR solver time= 0.0031685829162597656
	symmetric= False
	niter= 28
	niter= 374
	solver time=0.06918764114379883,exit status=0
	RGN solver time= 0.06922435760498047
	xnorm=4.769687870550454,dnorm=0.016517417189818088
	dense amplitude time= 0.014181375503540039
	total non-zero amplitudes= 4900
	nsamples per process= 50
	sample time= 0.37833142280578613
	self.n= 0.562677211719512
	RGN updated loss=-14.00359230539009,dloss=-5.626342147735386e-07
step= 214

nparam= 1004
	dense amplitude time= 0.019257307052612305
	total non-zero amplitudes= 4900
	nsamples per process= 50
	sample time= 1.6201977729797363
	self.n= 0.5626772117195123
	collect g,h time= 2.8806352615356445
E=-14.003592305390091,dE=-5.626342165498954e-07,std=0
L=-14.003592305390091,dL=-5.626342165498954e-07,std=0
	gnorm= 2.534663373478089e-05
	symmetric= True
	solver time=0.003222942352294922,exit status=0
	SR solver time= 0.0032618045806884766
	symmetric= False
	niter= 28
	niter= 374
	solver time=0.06891417503356934,exit status=0
	RGN solver time= 0.06894826889038086
	xnorm=4.773375029106569,dnorm=0.016322255213847742
	dense amplitude time= 0.014159202575683594
	total non-zero amplitudes= 4900
	nsamples per process= 50
	sample time= 0.38055849075317383
	self.n= 0.5619653428637187
	RGN updated loss=-14.00359285457472,dloss=-5.491846284400026e-07
step= 215

nparam= 1004
	dense amplitude time= 0.015031576156616211
	total non-zero amplitudes= 4900
	nsamples per process= 50
	sample time= 1.6538126468658447
	self.n= 0.5619653428637181
	collect g,h time= 2.89162540435791
E=-14.003592854574718,dE=-5.491846266636458e-07,std=0
L=-14.003592854574718,dL=-5.491846266636458e-07,std=0
	gnorm= 2.489424460514051e-05
	symmetric= True
	solver time=0.0033507347106933594,exit status=0
	SR solver time= 0.0033881664276123047
	symmetric= False
	niter= 28
	solver time=0.07137584686279297,exit status=0
	RGN solver time= 0.0714104175567627
	xnorm=4.77703721347707,dnorm=0.016131326550362833
	niter= 373
	dense amplitude time= 0.016258716583251953
	total non-zero amplitudes= 4900
	nsamples per process= 50
	sample time= 0.38469767570495605
	self.n= 0.5612638489508662
	RGN updated loss=-14.003593390785444,dloss=-5.362107255990622e-07
step= 216

nparam= 1004
	dense amplitude time= 0.015352487564086914
	total non-zero amplitudes= 4900
	nsamples per process= 50
	sample time= 1.6405014991760254
	self.n= 0.5612638489508659
	collect g,h time= 2.8920140266418457
E=-14.003593390785445,dE=-5.362107273754191e-07,std=0
L=-14.003593390785445,dL=-5.362107273754191e-07,std=0
	gnorm= 2.4462215652149327e-05
	symmetric= True
	solver time=0.0032432079315185547,exit status=0
	SR solver time= 0.0032782554626464844
	symmetric= False
	niter= 28
	niter= 374
	solver time=0.07057070732116699,exit status=0
	RGN solver time= 0.07060933113098145
	xnorm=4.780675457411355,dnorm=0.015945303879900757
	dense amplitude time= 0.01398158073425293
	total non-zero amplitudes= 4900
	nsamples per process= 50
	sample time= 0.38228368759155273
	self.n= 0.5605727046080778
	RGN updated loss=-14.003593914512658,dloss=-5.237272127089909e-07
step= 217

nparam= 1004
	dense amplitude time= 0.022621631622314453
	total non-zero amplitudes= 4900
	nsamples per process= 50
	sample time= 1.6302671432495117
	self.n= 0.5605727046080771
	collect g,h time= 2.8846187591552734
E=-14.003593914512658,dE=-5.237272127089909e-07,std=0
L=-14.003593914512658,dL=-5.237272127089909e-07,std=0
	gnorm= 2.4050503248932705e-05
	symmetric= True
	solver time=0.0031359195709228516,exit status=0
	SR solver time= 0.0031709671020507812
	symmetric= False
	niter= 28
	niter= 372
	solver time=0.06840753555297852,exit status=0
	RGN solver time= 0.06844139099121094
	xnorm=4.784290379483155,dnorm=0.015764030870841116
	dense amplitude time= 0.01411128044128418
	total non-zero amplitudes= 4900
	nsamples per process= 50
	sample time= 0.3834402561187744
	self.n= 0.5598917163190216
	RGN updated loss=-14.003594426222007,dloss=-5.117093486717295e-07
step= 218

nparam= 1004
	dense amplitude time= 0.022760868072509766
	total non-zero amplitudes= 4900
	nsamples per process= 50
	sample time= 1.6457297801971436
	self.n= 0.5598917163190213
	collect g,h time= 2.89878249168396
E=-14.003594426222008,dE=-5.117093504480863e-07,std=0
L=-14.003594426222008,dL=-5.117093504480863e-07,std=0
	gnorm= 2.365707858830707e-05
	symmetric= True
	solver time=0.00321197509765625,exit status=0
	SR solver time= 0.0032470226287841797
	symmetric= False
	niter= 28
	solver time=0.06982636451721191,exit status=0
	RGN solver time= 0.06985974311828613
	xnorm=4.787882247981716,dnorm=0.015587163836734603
	niter= 373
	dense amplitude time= 0.0140533447265625
	total non-zero amplitudes= 4900
	nsamples per process= 50
	sample time= 0.38254785537719727
	self.n= 0.5592206552086845
	RGN updated loss=-14.003594926352836,dloss=-5.001308274188432e-07
step= 219

nparam= 1004
	dense amplitude time= 0.015797138214111328
	total non-zero amplitudes= 4900
	nsamples per process= 50
	sample time= 1.6556825637817383
	self.n= 0.5592206552086842
	collect g,h time= 2.895176410675049
E=-14.003594926352836,dE=-5.001308274188432e-07,std=0
L=-14.003594926352836,dL=-5.001308274188432e-07,std=0
	gnorm= 2.327966995316267e-05
	symmetric= True
	solver time=0.003234386444091797,exit status=0
	SR solver time= 0.003271341323852539
	symmetric= False
	niter= 28
	niter= 372
	solver time=0.06819629669189453,exit status=0
	RGN solver time= 0.06823015213012695
	xnorm=4.79145105762462,dnorm=0.015414906429846314
	dense amplitude time= 0.016240596771240234
	total non-zero amplitudes= 4900
	nsamples per process= 50
	sample time= 0.3793773651123047
	self.n= 0.558559261071302
	RGN updated loss=-14.00359541533741,dloss=-4.889845737210408e-07
step= 220

nparam= 1004
	dense amplitude time= 0.026674985885620117
	total non-zero amplitudes= 4900
	nsamples per process= 50
	sample time= 1.6212003231048584
	self.n= 0.5585592610713017
	collect g,h time= 2.890162229537964
E=-14.003595415337411,dE=-4.889845754973976e-07,std=0
L=-14.003595415337411,dL=-4.889845754973976e-07,std=0
	gnorm= 2.2917366179663107e-05
	symmetric= True
	solver time=0.0032525062561035156,exit status=0
	SR solver time= 0.0032880306243896484
	symmetric= False
	niter= 28
	niter= 374
	solver time=0.06932568550109863,exit status=0
	RGN solver time= 0.06935954093933105
	xnorm=4.794996772867332,dnorm=0.015247226313398182
	dense amplitude time= 0.016087770462036133
	total non-zero amplitudes= 4900
	nsamples per process= 50
	sample time= 0.3799440860748291
	self.n= 0.5579072807495918
	RGN updated loss=-14.00359589359419,dloss=-4.782567781802527e-07
step= 221

nparam= 1004
	dense amplitude time= 0.028614044189453125
	total non-zero amplitudes= 4900
	nsamples per process= 50
	sample time= 1.6182971000671387
	self.n= 0.5579072807495916
	collect g,h time= 2.8862719535827637
E=-14.003595893594188,dE=-4.782567764038959e-07,std=0
L=-14.003595893594188,dL=-4.782567764038959e-07,std=0
	gnorm= 2.2569043831995298e-05
	symmetric= True
	solver time=0.002997159957885742,exit status=0
	SR solver time= 0.003034353256225586
	symmetric= False
	niter= 27
	niter= 373
	solver time=0.06901955604553223,exit status=0
	RGN solver time= 0.06905293464660645
	xnorm=4.798519302991923,dnorm=0.015083993276031677
	dense amplitude time= 0.01408243179321289
	total non-zero amplitudes= 4900
	nsamples per process= 50
	sample time= 0.379580020904541
	self.n= 0.5572644604242258
	RGN updated loss=-14.003596361604654,dloss=-4.680104659371409e-07
step= 222

nparam= 1004
	dense amplitude time= 0.017792463302612305
	total non-zero amplitudes= 4900
	nsamples per process= 50
	sample time= 1.6209170818328857
	self.n= 0.5572644604242256
	collect g,h time= 2.886514186859131
E=-14.003596361604654,dE=-4.680104659371409e-07,std=0
L=-14.003596361604654,dL=-4.680104659371409e-07,std=0
	gnorm= 2.2260229454193205e-05
	symmetric= True
	solver time=0.0031282901763916016,exit status=0
	SR solver time= 0.003163576126098633
	symmetric= False
	niter= 27
	niter= 372
	solver time=0.07048845291137695,exit status=0
	RGN solver time= 0.07052493095397949
	xnorm=4.802018532147853,dnorm=0.0149257474886353
	dense amplitude time= 0.014227151870727539
	total non-zero amplitudes= 4900
	nsamples per process= 50
	sample time= 0.3816518783569336
	self.n= 0.5566304454328701
	RGN updated loss=-14.003596819645237,dloss=-4.5804058323994923e-07
step= 223

nparam= 1004
	dense amplitude time= 0.015561819076538086
	total non-zero amplitudes= 4900
	nsamples per process= 50
	sample time= 1.640458345413208
	self.n= 0.5566304454328699
	collect g,h time= 2.8977179527282715
E=-14.003596819645239,dE=-4.5804058501630607e-07,std=0
L=-14.003596819645239,dL=-4.5804058501630607e-07,std=0
	gnorm= 2.1912828653096556e-05
	symmetric= True
	solver time=0.003156900405883789,exit status=0
	SR solver time= 0.0031948089599609375
	symmetric= False
	niter= 27
	niter= 374
	solver time=0.07022833824157715,exit status=0
	RGN solver time= 0.0702657699584961
	xnorm=4.8054939013926345,dnorm=0.014771308397016037
	dense amplitude time= 0.014058828353881836
	total non-zero amplitudes= 4900
	nsamples per process= 50
	sample time= 0.38046693801879883
	self.n= 0.5560051843085578
	RGN updated loss=-14.003597268110635,dloss=-4.4846539637433125e-07
step= 224

nparam= 1004
	dense amplitude time= 0.025509357452392578
	total non-zero amplitudes= 4900
	nsamples per process= 50
	sample time= 1.638714075088501
	self.n= 0.5560051843085573
	collect g,h time= 2.9085240364074707
E=-14.003597268110639,dE=-4.4846539992704493e-07,std=0
L=-14.003597268110639,dL=-4.4846539992704493e-07,std=0
	gnorm= 2.1601589806261694e-05
	symmetric= True
	solver time=0.003048419952392578,exit status=0
	SR solver time= 0.0030841827392578125
	symmetric= False
	niter= 27
	niter= 373
	solver time=0.06975364685058594,exit status=0
	RGN solver time= 0.06978702545166016
	xnorm=4.808945845049525,dnorm=0.014620847165505147
	dense amplitude time= 0.013964653015136719
	total non-zero amplitudes= 4900
	nsamples per process= 50
	sample time= 0.3811676502227783
	self.n= 0.555388422570257
	RGN updated loss=-14.003597707370625,dloss=-4.3925998660654386e-07
step= 225

nparam= 1004
	dense amplitude time= 0.027261734008789062
	total non-zero amplitudes= 4900
	nsamples per process= 50
	sample time= 1.626297950744629
	self.n= 0.5553884225702566
	collect g,h time= 2.8877549171447754
E=-14.003597707370623,dE=-4.39259984830187e-07,std=0
L=-14.003597707370623,dL=-4.39259984830187e-07,std=0
	gnorm= 2.1301833208249772e-05
	symmetric= True
	solver time=0.0031321048736572266,exit status=0
	SR solver time= 0.0031697750091552734
	symmetric= False
	niter= 27
	niter= 372
	solver time=0.07187294960021973,exit status=0
	RGN solver time= 0.07190728187561035
	xnorm=4.81237412147706,dnorm=0.014474986115654412
	dense amplitude time= 0.01436305046081543
	total non-zero amplitudes= 4900
	nsamples per process= 50
	sample time= 0.3818643093109131
	self.n= 0.5547799143670371
	RGN updated loss=-14.003598137788085,dloss=-4.304174616720502e-07
step= 226

nparam= 1004
	dense amplitude time= 0.01589035987854004
	total non-zero amplitudes= 4900
	nsamples per process= 50
	sample time= 1.6211152076721191
	self.n= 0.5547799143670367
	collect g,h time= 2.8901495933532715
E=-14.003598137788083,dE=-4.3041745989569336e-07,std=0
L=-14.003598137788083,dL=-4.3041745989569336e-07,std=0
	gnorm= 2.101307345274144e-05
	symmetric= True
	solver time=0.003165006637573242,exit status=0
	SR solver time= 0.0032091140747070312
	symmetric= False
	niter= 27
	niter= 372
	solver time=0.06930160522460938,exit status=0
	RGN solver time= 0.06933331489562988
	xnorm=4.815778723447098,dnorm=0.01433279784647699
	dense amplitude time= 0.01674365997314453
	total non-zero amplitudes= 4900
	nsamples per process= 50
	sample time= 0.3807942867279053
	self.n= 0.5541794630039429
	RGN updated loss=-14.003598559687658,dloss=-4.218995748317411e-07
step= 227

nparam= 1004
	dense amplitude time= 0.02573680877685547
	total non-zero amplitudes= 4900
	nsamples per process= 50
	sample time= 1.6212306022644043
	self.n= 0.5541794630039425
	collect g,h time= 2.885305166244507
E=-14.003598559687662,dE=-4.218995783844548e-07,std=0
L=-14.003598559687662,dL=-4.218995783844548e-07,std=0
	gnorm= 2.0733909438044233e-05
	symmetric= True
	solver time=0.003034830093383789,exit status=0
	SR solver time= 0.003069162368774414
	symmetric= False
	niter= 27
	niter= 373
	solver time=0.06868934631347656,exit status=0
	RGN solver time= 0.06872105598449707
	xnorm=4.819159456546474,dnorm=0.01419474430950315
	dense amplitude time= 0.014145374298095703
	total non-zero amplitudes= 4900
	nsamples per process= 50
	sample time= 0.3787858486175537
	self.n= 0.5535868586329846
	RGN updated loss=-14.003598973397905,dloss=-4.137102429524475e-07
step= 228

nparam= 1004
	dense amplitude time= 0.014764785766601562
	total non-zero amplitudes= 4900
	nsamples per process= 50
	sample time= 1.6236848831176758
	self.n= 0.5535868586329836
	collect g,h time= 2.8956356048583984
E=-14.003598973397905,dE=-4.137102429524475e-07,std=0
L=-14.003598973397905,dL=-4.137102429524475e-07,std=0
	gnorm= 2.0464632747478466e-05
	symmetric= True
	solver time=0.0030639171600341797,exit status=0
	SR solver time= 0.003099203109741211
	symmetric= False
	niter= 27
	niter= 372
	solver time=0.0681753158569336,exit status=0
	RGN solver time= 0.06821084022521973
	xnorm=4.822516269981889,dnorm=0.01406092804799544
	dense amplitude time= 0.014137983322143555
	total non-zero amplitudes= 4900
	nsamples per process= 50
	sample time= 0.38161396980285645
	self.n= 0.5530018925084181
	RGN updated loss=-14.003599379240585,dloss=-4.0584268035104287e-07
step= 229

nparam= 1004
	dense amplitude time= 0.01813793182373047
	total non-zero amplitudes= 4900
	nsamples per process= 50
	sample time= 1.6187710762023926
	self.n= 0.5530018925084177
	collect g,h time= 2.8883321285247803
E=-14.003599379240585,dE=-4.0584268035104287e-07,std=0
L=-14.003599379240585,dL=-4.0584268035104287e-07,std=0
	gnorm= 2.0204961179364682e-05
	symmetric= True
	solver time=0.0031058788299560547,exit status=0
	SR solver time= 0.0031430721282958984
	symmetric= False
	niter= 27
	niter= 372
	solver time=0.06907200813293457,exit status=0
	RGN solver time= 0.06910514831542969
	xnorm=4.825849181073585,dnorm=0.013930711214917936
	dense amplitude time= 0.014126300811767578
	total non-zero amplitudes= 4900
	nsamples per process= 50
	sample time= 0.3795146942138672
	self.n= 0.5524243833320155
	RGN updated loss=-14.003599777509962,dloss=-3.982693765891554e-07
step= 230

nparam= 1004
	dense amplitude time= 0.017825603485107422
	total non-zero amplitudes= 4900
	nsamples per process= 50
	sample time= 1.643193006515503
	self.n= 0.5524243833320145
	collect g,h time= 2.90807843208313
E=-14.003599777509958,dE=-3.982693730364417e-07,std=0
L=-14.003599777509958,dL=-3.982693730364417e-07,std=0
	gnorm= 1.9954084050987225e-05
	symmetric= True
	solver time=0.0030655860900878906,exit status=0
	SR solver time= 0.0031080245971679688
	symmetric= False
	niter= 27
	niter= 372
	solver time=0.07005810737609863,exit status=0
	RGN solver time= 0.07009100914001465
	xnorm=4.829158082756001,dnorm=0.013804312326048292
	dense amplitude time= 0.014185905456542969
	total non-zero amplitudes= 4900
	nsamples per process= 50
	sample time= 0.3937513828277588
	self.n= 0.5518541393282583
	RGN updated loss=-14.003600168730555,dloss=-3.9122059725116287e-07
step= 231

nparam= 1004
	dense amplitude time= 0.04180455207824707
	total non-zero amplitudes= 4900
	nsamples per process= 50
	sample time= 1.626138687133789
	self.n= 0.5518541393282578
	collect g,h time= 2.8931376934051514
E=-14.003600168730552,dE=-3.912205936984492e-07,std=0
L=-14.003600168730552,dL=-3.912205936984492e-07,std=0
	gnorm= 2.246364457341373e-05
	symmetric= True
	solver time=0.003385305404663086,exit status=0
	SR solver time= 0.003420114517211914
	symmetric= False
	niter= 31
	niter= 374
	solver time=0.068695068359375,exit status=0
	RGN solver time= 0.06872844696044922
	xnorm=4.832442958427771,dnorm=0.013675669296172373
	dense amplitude time= 0.01441502571105957
	total non-zero amplitudes= 4900
	nsamples per process= 50
	sample time= 0.38028526306152344
	self.n= 0.5512822657106647
	RGN updated loss=-14.003600551897012,dloss=-3.8316646033820234e-07
step= 232

nparam= 1004
	dense amplitude time= 0.026282548904418945
	total non-zero amplitudes= 4900
	nsamples per process= 50
	sample time= 1.621886968612671
	self.n= 0.5512822657106651
	collect g,h time= 2.8860177993774414
E=-14.003600551897014,dE=-3.831664621145592e-07,std=0
L=-14.003600551897014,dL=-3.831664621145592e-07,std=0
	gnorm= 2.1834321989523797e-05
	symmetric= True
	solver time=0.003409147262573242,exit status=0
	SR solver time= 0.0034456253051757812
	symmetric= False
	niter= 30
	niter= 374
	solver time=0.06926250457763672,exit status=0
	RGN solver time= 0.06929469108581543
	xnorm=4.835703211283408,dnorm=0.013566657771764454
	dense amplitude time= 0.014122486114501953
	total non-zero amplitudes= 4900
	nsamples per process= 50
	sample time= 0.3771047592163086
	self.n= 0.5507290972351955
	RGN updated loss=-14.003600929781825,dloss=-3.778848114421862e-07
step= 233

nparam= 1004
	dense amplitude time= 0.029638051986694336
	total non-zero amplitudes= 4900
	nsamples per process= 50
	sample time= 1.6259310245513916
	self.n= 0.550729097235195
	collect g,h time= 2.8907668590545654
E=-14.003600929781829,dE=-3.778848149948999e-07,std=0
L=-14.003600929781829,dL=-3.778848149948999e-07,std=0
	gnorm= 2.1936128654598122e-05
	symmetric= True
	solver time=0.00335693359375,exit status=0
	SR solver time= 0.003396749496459961
	symmetric= False
	niter= 31
	niter= 374
	solver time=0.06969332695007324,exit status=0
	RGN solver time= 0.06972527503967285
	xnorm=4.838939418805956,dnorm=0.013441463501797528
	dense amplitude time= 0.014154911041259766
	total non-zero amplitudes= 4900
	nsamples per process= 50
	sample time= 0.3752131462097168
	self.n= 0.550171765731251
	RGN updated loss=-14.003601299793132,dloss=-3.700113033744401e-07
step= 234

nparam= 1004
	dense amplitude time= 0.018601179122924805
	total non-zero amplitudes= 4900
	nsamples per process= 50
	sample time= 1.6325435638427734
	self.n= 0.5501717657312508
	collect g,h time= 2.8889734745025635
E=-14.003601299793127,dE=-3.700112980453696e-07,std=0
L=-14.003601299793127,dL=-3.700112980453696e-07,std=0
	gnorm= 2.1519541322284586e-05
	symmetric= True
	solver time=0.003468751907348633,exit status=0
	SR solver time= 0.0035049915313720703
	symmetric= False
	niter= 30
	niter= 374
	solver time=0.07057881355285645,exit status=0
	RGN solver time= 0.07060980796813965
	xnorm=4.842151055806716,dnorm=0.013339208761097811
	dense amplitude time= 0.013939857482910156
	total non-zero amplitudes= 4900
	nsamples per process= 50
	sample time= 0.38031721115112305
	self.n= 0.5496326655598609
	RGN updated loss=-14.003601665081606,dloss=-3.652884785765309e-07
step= 235

nparam= 1004
	dense amplitude time= 0.01652979850769043
	total non-zero amplitudes= 4900
	nsamples per process= 50
	sample time= 1.642298698425293
	self.n= 0.5496326655598606
	collect g,h time= 2.8947017192840576
E=-14.003601665081604,dE=-3.6528847680017407e-07,std=0
L=-14.003601665081604,dL=-3.6528847680017407e-07,std=0
	gnorm= 2.210689535997833e-05
	symmetric= True
	solver time=0.003554821014404297,exit status=0
	SR solver time= 0.0035941600799560547
	symmetric= False
	niter= 31
	niter= 374
	solver time=0.07105684280395508,exit status=0
	RGN solver time= 0.07109570503234863
	xnorm=4.845338649524964,dnorm=0.013221692109385246
	dense amplitude time= 0.014052867889404297
	total non-zero amplitudes= 4900
	nsamples per process= 50
	sample time= 0.3760230541229248
	self.n= 0.5490892410636444
	RGN updated loss=-14.003602023131455,dloss=-3.580498511013275e-07
step= 236

nparam= 1004
	dense amplitude time= 0.01548624038696289
	total non-zero amplitudes= 4900
	nsamples per process= 50
	sample time= 1.632751226425171
	self.n= 0.5490892410636441
	collect g,h time= 2.8904285430908203
E=-14.003602023131457,dE=-3.580498528776843e-07,std=0
L=-14.003602023131457,dL=-3.580498528776843e-07,std=0
	gnorm= 2.12625375859595e-05
	symmetric= True
	solver time=0.0034623146057128906,exit status=0
	SR solver time= 0.003499746322631836
	symmetric= False
	niter= 30
	niter= 374
	solver time=0.07105469703674316,exit status=0
	RGN solver time= 0.07109355926513672
	xnorm=4.848501150297439,dnorm=0.013125777314468245
	dense amplitude time= 0.014000654220581055
	total non-zero amplitudes= 4900
	nsamples per process= 50
	sample time= 0.37743568420410156
	self.n= 0.5485642257131745
	RGN updated loss=-14.003602376437483,dloss=-3.533060262128629e-07
step= 237

nparam= 1004
	dense amplitude time= 0.018536090850830078
	total non-zero amplitudes= 4900
	nsamples per process= 50
	sample time= 1.6284325122833252
	self.n= 0.5485642257131742
	collect g,h time= 2.893486976623535
E=-14.003602376437481,dE=-3.5330602443650605e-07,std=0
L=-14.003602376437481,dL=-3.5330602443650605e-07,std=0
	gnorm= 2.142157028420397e-05
	symmetric= True
	solver time=0.0035088062286376953,exit status=0
	SR solver time= 0.003652334213256836
	symmetric= False
	niter= 31
	niter= 374
	solver time=0.06974172592163086,exit status=0
	RGN solver time= 0.0697784423828125
	xnorm=4.851640550059597,dnorm=0.013013196798305572
	dense amplitude time= 0.01402735710144043
	total non-zero amplitudes= 4900
	nsamples per process= 50
	sample time= 0.3753974437713623
	self.n= 0.5480332599440276
	RGN updated loss=-14.003602723134119,dloss=-3.466966376208802e-07
step= 238

nparam= 1004
	dense amplitude time= 0.015066385269165039
	total non-zero amplitudes= 4900
	nsamples per process= 50
	sample time= 1.6060230731964111
	self.n= 0.5480332599440279
	collect g,h time= 2.887633800506592
E=-14.003602723134117,dE=-3.4669663584452337e-07,std=0
L=-14.003602723134117,dL=-3.4669663584452337e-07,std=0
	gnorm= 2.0984571302729016e-05
	symmetric= True
	solver time=0.003377676010131836,exit status=0
	SR solver time= 0.0035164356231689453
	symmetric= False
	niter= 30
	niter= 374
	solver time=0.06986784934997559,exit status=0
	RGN solver time= 0.06990194320678711
	xnorm=4.85475606753188,dnorm=0.01292418279395978
	dense amplitude time= 0.013970613479614258
	total non-zero amplitudes= 4900
	nsamples per process= 50
	sample time= 0.3755064010620117
	self.n= 0.5475199625605511
	RGN updated loss=-14.003603065484887,dloss=-3.4235076995514646e-07
step= 239

nparam= 1004
	dense amplitude time= 0.016175270080566406
	total non-zero amplitudes= 4900
	nsamples per process= 50
	sample time= 1.625258207321167
	self.n= 0.5475199625605507
	collect g,h time= 2.883795738220215
E=-14.003603065484889,dE=-3.423507717315033e-07,std=0
L=-14.003603065484889,dL=-3.423507717315033e-07,std=0
	gnorm= 2.120898091529431e-05
	symmetric= True
	solver time=0.0035953521728515625,exit status=0
	SR solver time= 0.003632068634033203
	symmetric= False
	niter= 31
	niter= 374
	solver time=0.07036018371582031,exit status=0
	RGN solver time= 0.07039737701416016
	xnorm=4.8578484315865,dnorm=0.012817765280079314
	dense amplitude time= 0.014054298400878906
	total non-zero amplitudes= 4900
	nsamples per process= 50
	sample time= 0.3813741207122803
	self.n= 0.5470003453531367
	RGN updated loss=-14.003603401814885,dloss=-3.363299967418243e-07
step= 240

nparam= 1004
	dense amplitude time= 0.014845132827758789
	total non-zero amplitudes= 4900
	nsamples per process= 50
	sample time= 1.6319525241851807
	self.n= 0.5470003453531367
	collect g,h time= 2.8861889839172363
E=-14.003603401814889,dE=-3.3633000029453797e-07,std=0
L=-14.003603401814889,dL=-3.3633000029453797e-07,std=0
	gnorm= 2.0749013930129474e-05
	symmetric= True
	solver time=0.0035254955291748047,exit status=0
	SR solver time= 0.0035903453826904297
	symmetric= False
	niter= 30
	niter= 374
	solver time=0.07006072998046875,exit status=0
	RGN solver time= 0.07009530067443848
	xnorm=4.860917012513054,dnorm=0.012734077753710767
	dense amplitude time= 0.014121532440185547
	total non-zero amplitudes= 4900
	nsamples per process= 50
	sample time= 0.37184643745422363
	self.n= 0.546498313849074
	RGN updated loss=-14.003603734009118,dloss=-3.3219422945762744e-07
step= 241

nparam= 1004
	dense amplitude time= 0.03982901573181152
	total non-zero amplitudes= 4900
	nsamples per process= 50
	sample time= 1.6049857139587402
	self.n= 0.5464983138490732
	collect g,h time= 2.8852131366729736
E=-14.003603734009124,dE=-3.3219423478669796e-07,std=0
L=-14.003603734009124,dL=-3.3219423478669796e-07,std=0
	gnorm= 2.101223032317622e-05
	symmetric= True
	solver time=0.0032944679260253906,exit status=0
	SR solver time= 0.003329038619995117
	symmetric= False
	niter= 31
	niter= 374
	solver time=0.06930708885192871,exit status=0
	RGN solver time= 0.06934595108032227
	xnorm=4.863962566269326,dnorm=0.01263360080285379
	dense amplitude time= 0.014105081558227539
	total non-zero amplitudes= 4900
	nsamples per process= 50
	sample time= 0.37029433250427246
	self.n= 0.5459894412972409
	RGN updated loss=-14.003604061025564,dloss=-3.270164405932974e-07
step= 242

nparam= 1004
	dense amplitude time= 0.028874874114990234
	total non-zero amplitudes= 4900
	nsamples per process= 50
	sample time= 1.6059339046478271
	self.n= 0.5459894412972404
	collect g,h time= 2.8843092918395996
E=-14.003604061025564,dE=-3.270164405932974e-07,std=0
L=-14.003604061025564,dL=-3.270164405932974e-07,std=0
	gnorm= 1.7582576989372935e-05
	symmetric= True
	solver time=0.002961397171020508,exit status=0
	SR solver time= 0.0030007362365722656
	symmetric= False
	niter= 27
	niter= 374
	solver time=0.06947970390319824,exit status=0
	RGN solver time= 0.06951785087585449
	xnorm=4.866984598707984,dnorm=0.012547199919804746
	dense amplitude time= 0.014154434204101562
	total non-zero amplitudes= 4900
	nsamples per process= 50
	sample time= 0.37177252769470215
	self.n= 0.5454886056446322
	RGN updated loss=-14.003604383091634,dloss=-3.220660698133315e-07
step= 243

nparam= 1004
	dense amplitude time= 0.024497509002685547
	total non-zero amplitudes= 4900
	nsamples per process= 50
	sample time= 1.6170032024383545
	self.n= 0.5454886056446322
	collect g,h time= 2.9210195541381836
E=-14.00360438309163,dE=-3.2206606626061784e-07,std=0
L=-14.00360438309163,dL=-3.2206606626061784e-07,std=0
	gnorm= 2.051900597755873e-05
	symmetric= True
	solver time=0.003557443618774414,exit status=0
	SR solver time= 0.0035948753356933594
	symmetric= False
	niter= 31
	niter= 374
	solver time=0.07084536552429199,exit status=0
	RGN solver time= 0.0708780288696289
	xnorm=4.869983365706037,dnorm=0.012470250048324605
	dense amplitude time= 0.014271020889282227
	total non-zero amplitudes= 4900
	nsamples per process= 50
	sample time= 0.37436819076538086
	self.n= 0.5450028047002344
	RGN updated loss=-14.003604701540896,dloss=-3.1844926517976546e-07
step= 244

nparam= 1004
	dense amplitude time= 0.02044677734375
	total non-zero amplitudes= 4900
	nsamples per process= 50
	sample time= 1.6125540733337402
	self.n= 0.5450028047002337
	collect g,h time= 2.8918228149414062
E=-14.003604701540892,dE=-3.184492616270518e-07,std=0
L=-14.003604701540892,dL=-3.184492616270518e-07,std=0
	gnorm= 2.070865719232435e-05
	symmetric= True
	solver time=0.003522157669067383,exit status=0
	SR solver time= 0.003557443618774414
	symmetric= False
	niter= 32
	niter= 374
	solver time=0.07058572769165039,exit status=0
	RGN solver time= 0.07062077522277832
	xnorm=4.872959214495547,dnorm=0.012377121449826169
	dense amplitude time= 0.014034509658813477
	total non-zero amplitudes= 4900
	nsamples per process= 50
	sample time= 0.36656904220581055
	self.n= 0.5445092553207236
	RGN updated loss=-14.003605015337572,dloss=-3.13796679307643e-07
step= 245

nparam= 1004
	dense amplitude time= 0.02677011489868164
	total non-zero amplitudes= 4900
	nsamples per process= 50
	sample time= 1.596848964691162
	self.n= 0.5445092553207225
	collect g,h time= 2.8962042331695557
E=-14.003605015337572,dE=-3.13796679307643e-07,std=0
L=-14.003605015337572,dL=-3.13796679307643e-07,std=0
	gnorm= 1.7119552337344762e-05
	symmetric= True
	solver time=0.003076791763305664,exit status=0
	SR solver time= 0.0031120777130126953
	symmetric= False
	niter= 27
	niter= 374
	solver time=0.0692589282989502,exit status=0
	RGN solver time= 0.06929469108581543
	xnorm=4.875912043593707,dnorm=0.012297962022054331
	dense amplitude time= 0.01424264907836914
	total non-zero amplitudes= 4900
	nsamples per process= 50
	sample time= 0.36476993560791016
	self.n= 0.5440232185109395
	RGN updated loss=-14.003605325448177,dloss=-3.101106056391245e-07
step= 246

nparam= 1004
	dense amplitude time= 0.01681041717529297
	total non-zero amplitudes= 4900
	nsamples per process= 50
	sample time= 1.5943758487701416
	self.n= 0.5440232185109383
	collect g,h time= 2.8879647254943848
E=-14.003605325448175,dE=-3.101106038627677e-07,std=0
L=-14.003605325448175,dL=-3.101106038627677e-07,std=0
	gnorm= 1.842236637639867e-05
	symmetric= True
	solver time=0.003351449966430664,exit status=0
	SR solver time= 0.0033860206604003906
	symmetric= False
	niter= 30
	niter= 374
	solver time=0.07054710388183594,exit status=0
	RGN solver time= 0.07058191299438477
	xnorm=4.878842132701348,dnorm=0.012212633415187383
	dense amplitude time= 0.014136791229248047
	total non-zero amplitudes= 4900
	nsamples per process= 50
	sample time= 0.371356725692749
	self.n= 0.5435466433367352
	RGN updated loss=-14.003605630099097,dloss=-3.046509213788795e-07
step= 247

nparam= 1004
	dense amplitude time= 0.014810323715209961
	total non-zero amplitudes= 4900
	nsamples per process= 50
	sample time= 1.5995967388153076
	self.n= 0.5435466433367339
	collect g,h time= 2.8947019577026367
E=-14.003605630099099,dE=-3.0465092315523634e-07,std=0
L=-14.003605630099099,dL=-3.0465092315523634e-07,std=0
	gnorm= 1.7672872908396464e-05
	symmetric= True
	solver time=0.0031659603118896484,exit status=0
	SR solver time= 0.0032024383544921875
	symmetric= False
	niter= 29
	niter= 374
	solver time=0.06938767433166504,exit status=0
	RGN solver time= 0.06941938400268555
	xnorm=4.88175756038255,dnorm=0.012144303948941735
	dense amplitude time= 0.014231443405151367
	total non-zero amplitudes= 4900
	nsamples per process= 50
	sample time= 0.37183237075805664
	self.n= 0.5430672947108519
	RGN updated loss=-14.003605932546398,dloss=-3.0244729920525515e-07
step= 248

nparam= 1004
	dense amplitude time= 0.0263216495513916
	total non-zero amplitudes= 4900
	nsamples per process= 50
	sample time= 1.5945589542388916
	self.n= 0.5430672947108517
	collect g,h time= 2.8924062252044678
E=-14.003605932546396,dE=-3.024472974288983e-07,std=0
L=-14.003605932546396,dL=-3.024472974288983e-07,std=0
	gnorm= 1.8061117429099578e-05
	symmetric= True
	solver time=0.0033464431762695312,exit status=0
	SR solver time= 0.003381013870239258
	symmetric= False
	niter= 30
	niter= 374
	solver time=0.0693366527557373,exit status=0
	RGN solver time= 0.06937217712402344
	xnorm=4.88464117490495,dnorm=0.012060952805632448
	dense amplitude time= 0.014165639877319336
	total non-zero amplitudes= 4900
	nsamples per process= 50
	sample time= 0.36980414390563965
	self.n= 0.5425991117186681
	RGN updated loss=-14.00360623035966,dloss=-2.9781326382760653e-07
step= 249

nparam= 1004
	dense amplitude time= 0.027992963790893555
	total non-zero amplitudes= 4900
	nsamples per process= 50
	sample time= 1.5958261489868164
	self.n= 0.5425991117186679
	collect g,h time= 2.8890981674194336
E=-14.003606230359656,dE=-2.9781326027489285e-07,std=0
L=-14.003606230359656,dL=-2.9781326027489285e-07,std=0
	gnorm= 1.652641686338407e-05
	symmetric= True
	solver time=0.0030868053436279297,exit status=0
	SR solver time= 0.0031235218048095703
	symmetric= False
	niter= 27
	niter= 374
	solver time=0.06833291053771973,exit status=0
	RGN solver time= 0.06836628913879395
	xnorm=4.887511131949837,dnorm=0.011986694211024327
	dense amplitude time= 0.014123916625976562
	total non-zero amplitudes= 4900
	nsamples per process= 50
	sample time= 0.37272191047668457
	self.n= 0.5421326601110954
	RGN updated loss=-14.003606524594806,dloss=-2.9423515002235945e-07
step= 250

nparam= 1004
	dense amplitude time= 0.016358137130737305
	total non-zero amplitudes= 4900
	nsamples per process= 50
	sample time= 1.6481728553771973
	self.n= 0.5421326601110943
	collect g,h time= 2.927319288253784
E=-14.003606524594812,dE=-2.9423515535142997e-07,std=0
L=-14.003606524594812,dL=-2.9423515535142997e-07,std=0
	gnorm= 1.6388094446614107e-05
	symmetric= True
	solver time=0.0031502246856689453,exit status=0
	SR solver time= 0.003187417984008789
	symmetric= False
	niter= 27
	niter= 374
	solver time=0.07280421257019043,exit status=0
	RGN solver time= 0.07283782958984375
	xnorm=4.890358072443861,dnorm=0.011916471742855362
	dense amplitude time= 0.013916015625
	total non-zero amplitudes= 4900
	nsamples per process= 50
	sample time= 0.3730185031890869
	self.n= 0.5416697099622831
	RGN updated loss=-14.003606815374432,dloss=-2.9077962082624254e-07
step= 251

nparam= 1004
	dense amplitude time= 0.033837080001831055
	total non-zero amplitudes= 4900
	nsamples per process= 50
	sample time= 1.6034488677978516
	self.n= 0.5416697099622831
	collect g,h time= 2.892469882965088
E=-14.003606815374432,dE=-2.9077962082624254e-07,std=0
L=-14.003606815374432,dL=-2.9077962082624254e-07,std=0
	gnorm= 1.6258854260735164e-05
	symmetric= True
	solver time=0.0029926300048828125,exit status=0
	SR solver time= 0.0030312538146972656
	symmetric= False
	niter= 27
	niter= 374
	solver time=0.06895661354064941,exit status=0
	RGN solver time= 0.06898975372314453
	xnorm=4.893183010414089,dnorm=0.011848065683353825
	dense amplitude time= 0.014142751693725586
	total non-zero amplitudes= 4900
	nsamples per process= 50
	sample time= 0.372957706451416
	self.n= 0.5412103834103681
	RGN updated loss=-14.00360710289704,dloss=-2.875226083887128e-07
step= 252

nparam= 1004
	dense amplitude time= 0.016809940338134766
	total non-zero amplitudes= 4900
	nsamples per process= 50
	sample time= 1.6211538314819336
	self.n= 0.5412103834103679
	collect g,h time= 2.889256000518799
E=-14.003607102897039,dE=-2.8752260661235596e-07,std=0
L=-14.003607102897039,dL=-2.8752260661235596e-07,std=0
	gnorm= 1.640737722801726e-05
	symmetric= True
	solver time=0.0031800270080566406,exit status=0
	SR solver time= 0.0032134056091308594
	symmetric= False
	niter= 28
	niter= 374
	solver time=0.06957173347473145,exit status=0
	RGN solver time= 0.06960821151733398
	xnorm=4.895985956216206,dnorm=0.011788018301306918
	dense amplitude time= 0.014202356338500977
	total non-zero amplitudes= 4900
	nsamples per process= 50
	sample time= 0.3729691505432129
	self.n= 0.5407587642826072
	RGN updated loss=-14.003607387463106,dloss=-2.845660667105676e-07
step= 253

nparam= 1004
	dense amplitude time= 0.019748449325561523
	total non-zero amplitudes= 4900
	nsamples per process= 50
	sample time= 1.604823112487793
	self.n= 0.5407587642826062
	collect g,h time= 2.8951010704040527
E=-14.003607387463108,dE=-2.8456606848692445e-07,std=0
L=-14.003607387463108,dL=-2.8456606848692445e-07,std=0
	gnorm= 1.6019318741334335e-05
	symmetric= True
	solver time=0.003107309341430664,exit status=0
	SR solver time= 0.003144502639770508
	symmetric= False
	niter= 27
	niter= 374
	solver time=0.07262396812438965,exit status=0
	RGN solver time= 0.07265996932983398
	xnorm=4.898768920602458,dnorm=0.01172228317233421
	dense amplitude time= 0.014150381088256836
	total non-zero amplitudes= 4900
	nsamples per process= 50
	sample time= 0.37642955780029297
	self.n= 0.5403088534288085
	RGN updated loss=-14.003607668827065,dloss=-2.8136395791023006e-07
step= 254

nparam= 1004
	dense amplitude time= 0.015484094619750977
	total non-zero amplitudes= 4900
	nsamples per process= 50
	sample time= 1.63576340675354
	self.n= 0.5403088534288081
	collect g,h time= 2.89778470993042
E=-14.003607668827064,dE=-2.813639561338732e-07,std=0
L=-14.003607668827064,dL=-2.813639561338732e-07,std=0
	gnorm= 1.5921483783935356e-05
	symmetric= True
	solver time=0.003068208694458008,exit status=0
	SR solver time= 0.003105640411376953
	symmetric= False
	niter= 27
	niter= 374
	solver time=0.06941699981689453,exit status=0
	RGN solver time= 0.06945061683654785
	xnorm=4.901531080068768,dnorm=0.011658640576873467
	dense amplitude time= 0.014152288436889648
	total non-zero amplitudes= 4900
	nsamples per process= 50
	sample time= 0.3742818832397461
	self.n= 0.5398611201207693
	RGN updated loss=-14.003607947146907,dloss=-2.783198436162593e-07
step= 255

nparam= 1004
	dense amplitude time= 0.01760697364807129
	total non-zero amplitudes= 4900
	nsamples per process= 50
	sample time= 1.6057188510894775
	self.n= 0.5398611201207681
	collect g,h time= 2.8927836418151855
E=-14.00360794714691,dE=-2.7831984716897296e-07,std=0
L=-14.00360794714691,dL=-2.7831984716897296e-07,std=0
	gnorm= 1.581663208382451e-05
	symmetric= True
	solver time=0.0030281543731689453,exit status=0
	SR solver time= 0.003064870834350586
	symmetric= False
	niter= 27
	niter= 374
	solver time=0.06955075263977051,exit status=0
	RGN solver time= 0.06958651542663574
	xnorm=4.904272344751523,dnorm=0.011596606266257402
	dense amplitude time= 0.014173269271850586
	total non-zero amplitudes= 4900
	nsamples per process= 50
	sample time= 0.37279319763183594
	self.n= 0.5394157462665455
	RGN updated loss=-14.003608222335155,dloss=-2.7518824374794804e-07
step= 256

nparam= 1004
	dense amplitude time= 0.01721024513244629
	total non-zero amplitudes= 4900
	nsamples per process= 50
	sample time= 1.6147215366363525
	self.n= 0.539415746266545
	collect g,h time= 2.891751527786255
E=-14.003608222335155,dE=-2.7518824374794804e-07,std=0
L=-14.003608222335155,dL=-2.7518824374794804e-07,std=0
	gnorm= 1.629649192017322e-05
	symmetric= True
	solver time=0.0030808448791503906,exit status=0
	SR solver time= 0.003120899200439453
	symmetric= False
	niter= 27
	niter= 374
	solver time=0.06993627548217773,exit status=0
	RGN solver time= 0.06996798515319824
	xnorm=4.90699276595775,dnorm=0.011531427155636865
	dense amplitude time= 0.014083623886108398
	total non-zero amplitudes= 4900
	nsamples per process= 50
	sample time= 0.38663768768310547
	self.n= 0.538968643928185
	RGN updated loss=-14.003608494696845,dloss=-2.7236169053423964e-07
step= 257

nparam= 1004
	dense amplitude time= 0.023690462112426758
	total non-zero amplitudes= 4900
	nsamples per process= 50
	sample time= 1.6897869110107422
	self.n= 0.5389686439281853
	collect g,h time= 2.91409969329834
E=-14.003608494696845,dE=-2.7236169053423964e-07,std=0
L=-14.003608494696845,dL=-2.7236169053423964e-07,std=0
	gnorm= 1.561615267204111e-05
	symmetric= True
	solver time=0.0030145645141601562,exit status=0
	SR solver time= 0.003048419952392578
	symmetric= False
	niter= 27
	niter= 374
	solver time=0.06952166557312012,exit status=0
	RGN solver time= 0.06955933570861816
	xnorm=4.909692374483842,dnorm=0.011472567569917907
	dense amplitude time= 0.014205694198608398
	total non-zero amplitudes= 4900
	nsamples per process= 50
	sample time= 0.3725917339324951
	self.n= 0.5385257968259561
	RGN updated loss=-14.003608764831917,dloss=-2.701350716449724e-07
step= 258

nparam= 1004
	dense amplitude time= 0.02674078941345215
	total non-zero amplitudes= 4900
	nsamples per process= 50
	sample time= 1.6044299602508545
	self.n= 0.538525796825956
	collect g,h time= 2.8911213874816895
E=-14.003608764831913,dE=-2.7013506809225873e-07,std=0
L=-14.003608764831913,dL=-2.7013506809225873e-07,std=0
	gnorm= 1.67306192837724e-05
	symmetric= True
	solver time=0.0034079551696777344,exit status=0
	SR solver time= 0.0034432411193847656
	symmetric= False
	niter= 30
	niter= 374
	solver time=0.07039022445678711,exit status=0
	RGN solver time= 0.07042694091796875
	xnorm=4.912370931472783,dnorm=0.011432030385089772
	dense amplitude time= 0.014282703399658203
	total non-zero amplitudes= 4900
	nsamples per process= 50
	sample time= 0.37700748443603516
	self.n= 0.5380815132423551
	RGN updated loss=-14.003609032732182,dloss=-2.6790026907974607e-07
step= 259

nparam= 1004
	dense amplitude time= 0.02633500099182129
	total non-zero amplitudes= 4900
	nsamples per process= 50
	sample time= 1.6145832538604736
	self.n= 0.5380815132423544
	collect g,h time= 2.8915774822235107
E=-14.00360903273218,dE=-2.6790026730338923e-07,std=0
L=-14.00360903273218,dL=-2.6790026730338923e-07,std=0
	gnorm= 1.5442963226251546e-05
	symmetric= True
	solver time=0.003068685531616211,exit status=0
	SR solver time= 0.0031044483184814453
	symmetric= False
	niter= 27
	niter= 374
	solver time=0.06949067115783691,exit status=0
	RGN solver time= 0.06953048706054688
	xnorm=4.915020809050007,dnorm=0.011372177500161706
	dense amplitude time= 0.014089584350585938
	total non-zero amplitudes= 4900
	nsamples per process= 50
	sample time= 0.3719828128814697
	self.n= 0.5376432012528478
	RGN updated loss=-14.003609297466854,dloss=-2.647346732942424e-07
step= 260

nparam= 1004
	dense amplitude time= 0.01721978187561035
	total non-zero amplitudes= 4900
	nsamples per process= 50
	sample time= 1.6653847694396973
	self.n= 0.5376432012528476
	collect g,h time= 2.926038980484009
E=-14.003609297466856,dE=-2.647346750705992e-07,std=0
L=-14.003609297466856,dL=-2.647346750705992e-07,std=0
	gnorm= 1.540856883174509e-05
	symmetric= True
	solver time=0.0031554698944091797,exit status=0
	SR solver time= 0.003194093704223633
	symmetric= False
	niter= 27
	niter= 374
	solver time=0.07261490821838379,exit status=0
	RGN solver time= 0.07265758514404297
	xnorm=4.917650750711446,dnorm=0.011316395294948453
	dense amplitude time= 0.014203786849975586
	total non-zero amplitudes= 4900
	nsamples per process= 50
	sample time= 0.37102341651916504
	self.n= 0.5372080409392455
	RGN updated loss=-14.003609559646677,dloss=-2.621798209645476e-07
step= 261

nparam= 1004
	dense amplitude time= 0.027868270874023438
	total non-zero amplitudes= 4900
	nsamples per process= 50
	sample time= 1.5989747047424316
	self.n= 0.5372080409392452
	collect g,h time= 2.8902952671051025
E=-14.003609559646678,dE=-2.6217982274090446e-07,std=0
L=-14.003609559646678,dL=-2.6217982274090446e-07,std=0
	gnorm= 1.5272544849264097e-05
	symmetric= True
	solver time=0.0029959678649902344,exit status=0
	SR solver time= 0.003032684326171875
	symmetric= False
	niter= 27
	niter= 374
	solver time=0.06845831871032715,exit status=0
	RGN solver time= 0.06849479675292969
	xnorm=4.920260059957645,dnorm=0.011261516295600326
	dense amplitude time= 0.014191389083862305
	total non-zero amplitudes= 4900
	nsamples per process= 50
	sample time= 0.37251734733581543
	self.n= 0.5367752259748082
	RGN updated loss=-14.003609819293153,dloss=-2.5964647498710747e-07
step= 262

nparam= 1004
	dense amplitude time= 0.01697373390197754
	total non-zero amplitudes= 4900
	nsamples per process= 50
	sample time= 1.628563642501831
	self.n= 0.5367752259748074
	collect g,h time= 2.8859214782714844
E=-14.003609819293155,dE=-2.596464767634643e-07,std=0
L=-14.003609819293155,dL=-2.596464767634643e-07,std=0
	gnorm= 1.5182390971704521e-05
	symmetric= True
	solver time=0.0032532215118408203,exit status=0
	SR solver time= 0.003287792205810547
	symmetric= False
	niter= 27
	niter= 374
	solver time=0.06974148750305176,exit status=0
	RGN solver time= 0.06978154182434082
	xnorm=4.92284943577873,dnorm=0.011207816402351693
	dense amplitude time= 0.015230417251586914
	total non-zero amplitudes= 4900
	nsamples per process= 50
	sample time= 0.375154972076416
	self.n= 0.53634436533234
	RGN updated loss=-14.003610076922035,dloss=-2.5762888000713247e-07
step= 263

nparam= 1004
	dense amplitude time= 0.015744686126708984
	total non-zero amplitudes= 4900
	nsamples per process= 50
	sample time= 1.618170976638794
	self.n= 0.5363443653323395
	collect g,h time= 2.911996841430664
E=-14.003610076922037,dE=-2.576288817834893e-07,std=0
L=-14.003610076922037,dL=-2.576288817834893e-07,std=0
	gnorm= 1.5707965297772925e-05
	symmetric= True
	solver time=0.0032150745391845703,exit status=0
	SR solver time= 0.0032520294189453125
	symmetric= False
	niter= 28
	niter= 374
	solver time=0.07100272178649902,exit status=0
	RGN solver time= 0.07103919982910156
	xnorm=4.925418961190609,dnorm=0.011156097233503876
	dense amplitude time= 0.01430058479309082
	total non-zero amplitudes= 4900
	nsamples per process= 50
	sample time= 0.38919615745544434
	self.n= 0.5359156482882156
	RGN updated loss=-14.003610331840264,dloss=-2.549182269717676e-07
step= 264

nparam= 1004
	dense amplitude time= 0.018758535385131836
	total non-zero amplitudes= 4900
	nsamples per process= 50
	sample time= 1.630415439605713
	self.n= 0.5359156482882145
	collect g,h time= 2.8920106887817383
E=-14.003610331840262,dE=-2.5491822519541074e-07,std=0
L=-14.003610331840262,dL=-2.5491822519541074e-07,std=0
	gnorm= 1.5018990849068275e-05
	symmetric= True
	solver time=0.003103971481323242,exit status=0
	SR solver time= 0.003139019012451172
	symmetric= False
	niter= 27
	niter= 374
	solver time=0.06955933570861816,exit status=0
	RGN solver time= 0.06959843635559082
	xnorm=4.927968525748895,dnorm=0.011103795561287606
	dense amplitude time= 0.01673722267150879
	total non-zero amplitudes= 4900
	nsamples per process= 50
	sample time= 0.3768479824066162
	self.n= 0.5354883173280351
	RGN updated loss=-14.003610584305045,dloss=-2.524647833013205e-07
step= 265

nparam= 1004
	dense amplitude time= 0.029378414154052734
	total non-zero amplitudes= 4900
	nsamples per process= 50
	sample time= 1.617506980895996
	self.n= 0.5354883173280347
	collect g,h time= 2.9040677547454834
E=-14.003610584305045,dE=-2.524647833013205e-07,std=0
L=-14.003610584305045,dL=-2.524647833013205e-07,std=0
	gnorm= 1.4923915406385065e-05
	symmetric= True
	solver time=0.003111124038696289,exit status=0
	SR solver time= 0.0031468868255615234
	symmetric= False
	niter= 27
	niter= 374
	solver time=0.06943392753601074,exit status=0
	RGN solver time= 0.0694730281829834
	xnorm=4.930499082919801,dnorm=0.011052793308613175
	dense amplitude time= 0.014191627502441406
	total non-zero amplitudes= 4900
	nsamples per process= 50
	sample time= 0.37546753883361816
	self.n= 0.5350624653787102
	RGN updated loss=-14.003610834859426,dloss=-2.5055438079846226e-07
step= 266

nparam= 1004
	dense amplitude time= 0.028268098831176758
	total non-zero amplitudes= 4900
	nsamples per process= 50
	sample time= 1.6124298572540283
	self.n= 0.5350624653787095
	collect g,h time= 2.8916897773742676
E=-14.003610834859428,dE=-2.505543825748191e-07,std=0
L=-14.003610834859428,dL=-2.505543825748191e-07,std=0
	gnorm= 1.6396447003788985e-05
	symmetric= True
	solver time=0.0034027099609375,exit status=0
	SR solver time= 0.0034415721893310547
	symmetric= False
	niter= 29
	niter= 376
	solver time=0.0715644359588623,exit status=0
	RGN solver time= 0.07160329818725586
	xnorm=4.933010533181873,dnorm=0.01100598934142742
	dense amplitude time= 0.01432180404663086
	total non-zero amplitudes= 4900
	nsamples per process= 50
	sample time= 0.3847353458404541
	self.n= 0.5346375583239407
	RGN updated loss=-14.003611083664891,dloss=-2.4880546334316023e-07
step= 267

nparam= 1004
	dense amplitude time= 0.015602588653564453
	total non-zero amplitudes= 4900
	nsamples per process= 50
	sample time= 1.6774437427520752
	self.n= 0.5346375583239408
	collect g,h time= 2.901867151260376
E=-14.003611083664895,dE=-2.488054668958739e-07,std=0
L=-14.003611083664895,dL=-2.488054668958739e-07,std=0
	gnorm= 2.6921218754477855e-05
	symmetric= True
	solver time=0.004153251647949219,exit status=0
	SR solver time= 0.004191160202026367
	symmetric= False
	niter= 38
	niter= 372
	solver time=0.06926894187927246,exit status=0
	RGN solver time= 0.06930756568908691
	xnorm=4.935500218587828,dnorm=0.010964035157749637
	dense amplitude time= 0.014166593551635742
	total non-zero amplitudes= 4900
	nsamples per process= 50
	sample time= 0.37534642219543457
	self.n= 0.5341915279760733
	RGN updated loss=-14.003611325835767,dloss=-2.4217087180034014e-07
step= 268

nparam= 1004
	dense amplitude time= 0.025257349014282227
	total non-zero amplitudes= 4900
	nsamples per process= 50
	sample time= 1.611241340637207
	self.n= 0.5341915279760732
	collect g,h time= 2.899563789367676
E=-14.003611325835761,dE=-2.421708664712696e-07,std=0
L=-14.003611325835761,dL=-2.421708664712696e-07,std=0
	gnorm= 2.445033384186221e-05
	symmetric= True
	solver time=0.004073619842529297,exit status=0
	SR solver time= 0.004108428955078125
	symmetric= False
	niter= 37
	niter= 373
	solver time=0.07047367095947266,exit status=0
	RGN solver time= 0.07051348686218262
	xnorm=4.937970285346707,dnorm=0.010916666631583813
	dense amplitude time= 0.014160394668579102
	total non-zero amplitudes= 4900
	nsamples per process= 50
	sample time= 0.38353633880615234
	self.n= 0.5337907710644154
	RGN updated loss=-14.003611571877244,dloss=-2.460414822991197e-07
step= 269

nparam= 1004
	dense amplitude time= 0.026562929153442383
	total non-zero amplitudes= 4900
	nsamples per process= 50
	sample time= 1.625580072402954
	self.n= 0.5337907710644145
	collect g,h time= 2.893636703491211
E=-14.003611571877245,dE=-2.4604148407547655e-07,std=0
L=-14.003611571877245,dL=-2.4604148407547655e-07,std=0
	gnorm= 1.45735252402412e-05
	symmetric= True
	solver time=0.003060579299926758,exit status=0
	SR solver time= 0.003099203109741211
	symmetric= False
	niter= 27
	niter= 374
	solver time=0.06879377365112305,exit status=0
	RGN solver time= 0.0688314437866211
	xnorm=4.940416247795332,dnorm=0.010858288325199859
	dense amplitude time= 0.01424551010131836
	total non-zero amplitudes= 4900
	nsamples per process= 50
	sample time= 0.376187801361084
	self.n= 0.5333703481545168
	RGN updated loss=-14.003611813680573,dloss=-2.4180332758305667e-07
step= 270

nparam= 1004
	dense amplitude time= 0.014020919799804688
	total non-zero amplitudes= 4900
	nsamples per process= 50
	sample time= 1.695497751235962
	self.n= 0.5333703481545156
	collect g,h time= 2.9511559009552
E=-14.003611813680571,dE=-2.4180332580669983e-07,std=0
L=-14.003611813680571,dL=-2.4180332580669983e-07,std=0
	gnorm= 2.6844313021187982e-05
	symmetric= True
	solver time=0.004163503646850586,exit status=0
	SR solver time= 0.004202127456665039
	symmetric= False
	niter= 38
	niter= 373
	solver time=0.07174181938171387,exit status=0
	RGN solver time= 0.07178020477294922
	xnorm=4.9428515155102115,dnorm=0.010814106131962832
	dense amplitude time= 0.014142513275146484
	total non-zero amplitudes= 4900
	nsamples per process= 50
	sample time= 0.37765049934387207
	self.n= 0.5329268118423118
	RGN updated loss=-14.0036120495886,dloss=-2.3590802911144237e-07
step= 271

nparam= 1004
	dense amplitude time= 0.04809927940368652
	total non-zero amplitudes= 4900
	nsamples per process= 50
	sample time= 1.6131141185760498
	self.n= 0.5329268118423116
	collect g,h time= 2.899768590927124
E=-14.003612049588602,dE=-2.3590803088779921e-07,std=0
L=-14.003612049588602,dL=-2.3590803088779921e-07,std=0
	gnorm= 2.4541361195618704e-05
	symmetric= True
	solver time=0.0039789676666259766,exit status=0
	SR solver time= 0.004015445709228516
	symmetric= False
	niter= 37
	niter= 374
	solver time=0.0709373950958252,exit status=0
	RGN solver time= 0.07097077369689941
	xnorm=4.945267888715219,dnorm=0.010773246562859277
	dense amplitude time= 0.014376163482666016
	total non-zero amplitudes= 4900
	nsamples per process= 50
	sample time= 0.3914656639099121
	self.n= 0.5325292797987644
	RGN updated loss=-14.003612289715937,dloss=-2.4012733490508253e-07
step= 272

nparam= 1004
	dense amplitude time= 0.01699662208557129
	total non-zero amplitudes= 4900
	nsamples per process= 50
	sample time= 1.6411092281341553
	self.n= 0.5325292797987642
	collect g,h time= 2.9018847942352295
E=-14.003612289715933,dE=-2.4012733135236886e-07,std=0
L=-14.003612289715933,dL=-2.4012733135236886e-07,std=0
	gnorm= 2.6103078129567337e-05
	symmetric= True
	solver time=0.004085540771484375,exit status=0
	SR solver time= 0.0041201114654541016
	symmetric= False
	niter= 38
	niter= 371
	solver time=0.06873106956481934,exit status=0
	RGN solver time= 0.06876325607299805
	xnorm=4.947660048409109,dnorm=0.010713493962283053
	dense amplitude time= 0.014192819595336914
	total non-zero amplitudes= 4900
	nsamples per process= 50
	sample time= 0.37700414657592773
	self.n= 0.5320875643590334
	RGN updated loss=-14.00361252095564,dloss=-2.3123970649407966e-07
step= 273

nparam= 1004
	dense amplitude time= 0.024605512619018555
	total non-zero amplitudes= 4900
	nsamples per process= 50
	sample time= 1.6178147792816162
	self.n= 0.532087564359033
	collect g,h time= 2.9132730960845947
E=-14.003612520955642,dE=-2.312397082704365e-07,std=0
L=-14.003612520955642,dL=-2.312397082704365e-07,std=0
	gnorm= 2.7532887955957525e-05
	symmetric= True
	solver time=0.004241466522216797,exit status=0
	SR solver time= 0.00428009033203125
	symmetric= False
	niter= 38
	niter= 371
	solver time=0.06970381736755371,exit status=0
	RGN solver time= 0.06973791122436523
	xnorm=4.950039524108372,dnorm=0.010687965502284116
	dense amplitude time= 0.014161825180053711
	total non-zero amplitudes= 4900
	nsamples per process= 50
	sample time= 0.37691259384155273
	self.n= 0.5317005011074211
	RGN updated loss=-14.003612757556917,dloss=-2.3660127546065723e-07
step= 274

nparam= 1004
	dense amplitude time= 0.013919830322265625
	total non-zero amplitudes= 4900
	nsamples per process= 50
	sample time= 1.6481757164001465
	self.n= 0.5317005011074201
	collect g,h time= 2.911806106567383
E=-14.003612757556915,dE=-2.366012736843004e-07,std=0
L=-14.003612757556915,dL=-2.366012736843004e-07,std=0
	gnorm= 2.6112118574759678e-05
	symmetric= True
	solver time=0.004236698150634766,exit status=0
	SR solver time= 0.0042724609375
	symmetric= False
	niter= 38
	niter= 372
	solver time=0.07002615928649902,exit status=0
	RGN solver time= 0.07007527351379395
	xnorm=4.9523962673264705,dnorm=0.010619178126701887
	dense amplitude time= 0.013975381851196289
	total non-zero amplitudes= 4900
	nsamples per process= 50
	sample time= 0.3801610469818115
	self.n= 0.5312639833641787
	RGN updated loss=-14.003612985413449,dloss=-2.2785653364110203e-07
step= 275

nparam= 1004
	dense amplitude time= 0.01490473747253418
	total non-zero amplitudes= 4900
	nsamples per process= 50
	sample time= 1.634955883026123
	self.n= 0.5312639833641788
	collect g,h time= 2.903015375137329
E=-14.00361298541345,dE=-2.2785653541745887e-07,std=0
L=-14.00361298541345,dL=-2.2785653541745887e-07,std=0
	gnorm= 2.4694909518497017e-05
	symmetric= True
	solver time=0.004145145416259766,exit status=0
	SR solver time= 0.004185199737548828
	symmetric= False
	niter= 38
	niter= 374
	solver time=0.07813811302185059,exit status=0
	RGN solver time= 0.0781710147857666
	xnorm=4.95474167999459,dnorm=0.010587569908184711
	dense amplitude time= 0.014093875885009766
	total non-zero amplitudes= 4900
	nsamples per process= 50
	sample time= 0.3787424564361572
	self.n= 0.5308731215458748
	RGN updated loss=-14.003613216783023,dloss=-2.3136957238989453e-07
step= 276

nparam= 1004
	dense amplitude time= 0.014680624008178711
	total non-zero amplitudes= 4900
	nsamples per process= 50
	sample time= 1.6201963424682617
	self.n= 0.5308731215458741
	collect g,h time= 2.897465229034424
E=-14.003613216783021,dE=-2.313695706135377e-07,std=0
L=-14.003613216783021,dL=-2.313695706135377e-07,std=0
	gnorm= 2.620382448353388e-05
	symmetric= True
	solver time=0.004453897476196289,exit status=0
	SR solver time= 0.00449061393737793
	symmetric= False
	niter= 39
	niter= 373
	solver time=0.07215619087219238,exit status=0
	RGN solver time= 0.07219171524047852
	xnorm=4.957065259191148,dnorm=0.01052395423073312
	dense amplitude time= 0.014042854309082031
	total non-zero amplitudes= 4900
	nsamples per process= 50
	sample time= 0.37836694717407227
	self.n= 0.5304353925202825
	RGN updated loss=-14.003613440989465,dloss=-2.242064436330793e-07
step= 277

nparam= 1004
	dense amplitude time= 0.01470041275024414
	total non-zero amplitudes= 4900
	nsamples per process= 50
	sample time= 1.6443166732788086
	self.n= 0.5304353925202818
	collect g,h time= 2.899975299835205
E=-14.003613440989469,dE=-2.2420644718579297e-07,std=0
L=-14.003613440989469,dL=-2.2420644718579297e-07,std=0
	gnorm= 2.478122715592917e-05
	symmetric= True
	solver time=0.004159212112426758,exit status=0
	SR solver time= 0.004196643829345703
	symmetric= False
	niter= 38
	niter= 374
	solver time=0.06854462623596191,exit status=0
	RGN solver time= 0.06858158111572266
	xnorm=4.959377596840773,dnorm=0.010494916735832367
	dense amplitude time= 0.014133214950561523
	total non-zero amplitudes= 4900
	nsamples per process= 50
	sample time= 0.37717318534851074
	self.n= 0.5300444041698867
	RGN updated loss=-14.003613668915039,dloss=-2.2792556997330848e-07
step= 278

nparam= 1004
	dense amplitude time= 0.023432254791259766
	total non-zero amplitudes= 4900
	nsamples per process= 50
	sample time= 1.6168627738952637
	self.n= 0.5300444041698865
	collect g,h time= 2.911508798599243
E=-14.003613668915035,dE=-2.279255664205948e-07,std=0
L=-14.003613668915035,dL=-2.279255664205948e-07,std=0
	gnorm= 1.3894212476188419e-05
	symmetric= True
	solver time=0.0030448436737060547,exit status=0
	SR solver time= 0.003080129623413086
	symmetric= False
	niter= 27
	niter= 376
	solver time=0.07026338577270508,exit status=0
	RGN solver time= 0.07029438018798828
	xnorm=4.961667661473463,dnorm=0.010435874031632781
	dense amplitude time= 0.014105558395385742
	total non-zero amplitudes= 4900
	nsamples per process= 50
	sample time= 0.376727819442749
	self.n= 0.5296306016211537
	RGN updated loss=-14.003613892166626,dloss=-2.2325159143576911e-07
step= 279

nparam= 1004
	dense amplitude time= 0.013757705688476562
	total non-zero amplitudes= 4900
	nsamples per process= 50
	sample time= 1.6181843280792236
	self.n= 0.5296306016211534
	collect g,h time= 2.906062364578247
E=-14.003613892166626,dE=-2.2325159143576911e-07,std=0
L=-14.003613892166626,dL=-2.2325159143576911e-07,std=0
	gnorm= 1.3834998456932454e-05
	symmetric= True
	solver time=0.002996683120727539,exit status=0
	SR solver time= 0.003033161163330078
	symmetric= False
	niter= 27
	niter= 376
	solver time=0.06926441192626953,exit status=0
	RGN solver time= 0.06930255889892578
	xnorm=4.963948795085165,dnorm=0.010388890284741803
	dense amplitude time= 0.014183998107910156
	total non-zero amplitudes= 4900
	nsamples per process= 50
	sample time= 0.37688660621643066
	self.n= 0.5292156381456248
	RGN updated loss=-14.003614113353802,dloss=-2.211871752422212e-07
step= 280

nparam= 1004
	dense amplitude time= 0.023806333541870117
	total non-zero amplitudes= 4900
	nsamples per process= 50
	sample time= 1.6184868812561035
	self.n= 0.5292156381456248
	collect g,h time= 2.9069395065307617
E=-14.003614113353803,dE=-2.2118717701857804e-07,std=0
L=-14.003614113353803,dL=-2.2118717701857804e-07,std=0
	gnorm= 1.3765593408962396e-05
	symmetric= True
	solver time=0.003115415573120117,exit status=0
	SR solver time= 0.0031507015228271484
	symmetric= False
	niter= 27
	niter= 374
	solver time=0.06935691833496094,exit status=0
	RGN solver time= 0.06939435005187988
	xnorm=4.966214436835978,dnorm=0.010342741676154012
	dense amplitude time= 0.014140844345092773
	total non-zero amplitudes= 4900
	nsamples per process= 50
	sample time= 0.3757014274597168
	self.n= 0.5288002708435815
	RGN updated loss=-14.00361433270679,dloss=-2.1935298732955744e-07
step= 281

nparam= 1004
	dense amplitude time= 0.0352482795715332
	total non-zero amplitudes= 4900
	nsamples per process= 50
	sample time= 1.6438591480255127
	self.n= 0.5288002708435807
	collect g,h time= 2.9075376987457275
E=-14.00361433270679,dE=-2.1935298732955744e-07,std=0
L=-14.00361433270679,dL=-2.1935298732955744e-07,std=0
	gnorm= 1.3679362712601547e-05
	symmetric= True
	solver time=0.0031197071075439453,exit status=0
	SR solver time= 0.0031540393829345703
	symmetric= False
	niter= 27
	niter= 374
	solver time=0.07160425186157227,exit status=0
	RGN solver time= 0.0716390609741211
	xnorm=4.968463149608359,dnorm=0.010298120508386204
	dense amplitude time= 0.014069080352783203
	total non-zero amplitudes= 4900
	nsamples per process= 50
	sample time= 0.38082170486450195
	self.n= 0.52838299100908
	RGN updated loss=-14.00361455002864,dloss=-2.1732184940503885e-07
step= 282

nparam= 1004
	dense amplitude time= 0.015719890594482422
	total non-zero amplitudes= 4900
	nsamples per process= 50
	sample time= 1.632251262664795
	self.n= 0.5283829910090796
	collect g,h time= 2.9021494388580322
E=-14.003614550028638,dE=-2.17321847628682e-07,std=0
L=-14.003614550028638,dL=-2.17321847628682e-07,std=0
	gnorm= 1.3617843195059661e-05
	symmetric= True
	solver time=0.0031845569610595703,exit status=0
	SR solver time= 0.003224611282348633
	symmetric= False
	niter= 27
	niter= 376
	solver time=0.07081794738769531,exit status=0
	RGN solver time= 0.07085657119750977
	xnorm=4.97069482105223,dnorm=0.010252100921578496
	dense amplitude time= 0.013988971710205078
	total non-zero amplitudes= 4900
	nsamples per process= 50
	sample time= 0.3770909309387207
	self.n= 0.5279661388236689
	RGN updated loss=-14.003614765408845,dloss=-2.1538020611444608e-07
step= 283

nparam= 1004
	dense amplitude time= 0.01566600799560547
	total non-zero amplitudes= 4900
	nsamples per process= 50
	sample time= 1.6137549877166748
	self.n= 0.527966138823668
	collect g,h time= 2.900279998779297
E=-14.003614765408841,dE=-2.153802025617324e-07,std=0
L=-14.003614765408841,dL=-2.153802025617324e-07,std=0
	gnorm= 1.3546124166512203e-05
	symmetric= True
	solver time=0.0031769275665283203,exit status=0
	SR solver time= 0.003215312957763672
	symmetric= False
	niter= 27
	niter= 376
	solver time=0.06990885734558105,exit status=0
	RGN solver time= 0.0699467658996582
	xnorm=4.972909246378615,dnorm=0.010206048359129553
	dense amplitude time= 0.014150857925415039
	total non-zero amplitudes= 4900
	nsamples per process= 50
	sample time= 0.3745229244232178
	self.n= 0.5275490814207111
	RGN updated loss=-14.003614978860437,dloss=-2.13451595953984e-07
step= 284

nparam= 1004
	dense amplitude time= 0.01606917381286621
	total non-zero amplitudes= 4900
	nsamples per process= 50
	sample time= 1.6104111671447754
	self.n= 0.527549081420711
	collect g,h time= 3.316570281982422
E=-14.003614978860439,dE=-2.1345159773034084e-07,std=0
L=-14.003614978860439,dL=-2.1345159773034084e-07,std=0
	gnorm= 1.3471084630054875e-05
	symmetric= True
	solver time=0.0029888153076171875,exit status=0
	SR solver time= 0.003027200698852539
	symmetric= False
	niter= 27
	niter= 376
	solver time=0.06954407691955566,exit status=0
	RGN solver time= 0.06957864761352539
	xnorm=4.975106666372303,dnorm=0.010159912123996214
	dense amplitude time= 0.014185428619384766
	total non-zero amplitudes= 4900
	nsamples per process= 50
	sample time= 0.3752121925354004
	self.n= 0.5271316900843761
	RGN updated loss=-14.00361519038907,dloss=-2.1152863105555753e-07
step= 285

nparam= 1004
	dense amplitude time= 0.02604055404663086
	total non-zero amplitudes= 4900
	nsamples per process= 50
	sample time= 1.613987684249878
	self.n= 0.5271316900843762
	collect g,h time= 2.9057023525238037
E=-14.00361519038907,dE=-2.1152863105555753e-07,std=0
L=-14.00361519038907,dL=-2.1152863105555753e-07,std=0
	gnorm= 1.339526816795708e-05
	symmetric= True
	solver time=0.0030846595764160156,exit status=0
	SR solver time= 0.0031239986419677734
	symmetric= False
	niter= 27
	niter= 376
	solver time=0.06990170478820801,exit status=0
	RGN solver time= 0.06993889808654785
	xnorm=4.977287327057063,dnorm=0.010113665582362031
	dense amplitude time= 0.014175176620483398
	total non-zero amplitudes= 4900
	nsamples per process= 50
	sample time= 0.3758838176727295
	self.n= 0.5267139145464578
	RGN updated loss=-14.003615399788389,dloss=-2.093993192175958e-07
step= 286

nparam= 1004
	dense amplitude time= 0.015920639038085938
	total non-zero amplitudes= 4900
	nsamples per process= 50
	sample time= 1.615267038345337
	self.n= 0.5267139145464577
	collect g,h time= 2.897613286972046
E=-14.003615399788387,dE=-2.0939931744123896e-07,std=0
L=-14.003615399788387,dL=-2.0939931744123896e-07,std=0
	gnorm= 1.3345059652718207e-05
	symmetric= True
	solver time=0.00313568115234375,exit status=0
	SR solver time= 0.0031986236572265625
	symmetric= False
	niter= 27
	niter= 376
	solver time=0.07061290740966797,exit status=0
	RGN solver time= 0.0706472396850586
	xnorm=4.979451455325364,dnorm=0.010068475188414347
	dense amplitude time= 0.01421046257019043
	total non-zero amplitudes= 4900
	nsamples per process= 50
	sample time= 0.37662315368652344
	self.n= 0.5262954044530126
	RGN updated loss=-14.003615607146845,dloss=-2.0735845751573834e-07
step= 287

nparam= 1004
	dense amplitude time= 0.019323348999023438
	total non-zero amplitudes= 4900
	nsamples per process= 50
	sample time= 1.6200635433197021
	self.n= 0.5262954044530126
	collect g,h time= 2.922710418701172
E=-14.003615607146841,dE=-2.0735845396302466e-07,std=0
L=-14.003615607146841,dL=-2.0735845396302466e-07,std=0
	gnorm= 1.8211448064681507e-05
	symmetric= True
	solver time=0.003651142120361328,exit status=0
	SR solver time= 0.0036873817443847656
	symmetric= False
	niter= 34
	niter= 374
	solver time=0.0692434310913086,exit status=0
	RGN solver time= 0.06927728652954102
	xnorm=4.981600160991556,dnorm=0.010023395907524227
	dense amplitude time= 0.014153003692626953
	total non-zero amplitudes= 4900
	nsamples per process= 50
	sample time= 0.37798523902893066
	self.n= 0.5258685077819476
	RGN updated loss=-14.00361581275066,dloss=-2.056038184150566e-07
step= 288

nparam= 1004
	dense amplitude time= 0.02716827392578125
	total non-zero amplitudes= 4900
	nsamples per process= 50
	sample time= 1.6378848552703857
	self.n= 0.5258685077819472
	collect g,h time= 3.0194671154022217
E=-14.003615812750656,dE=-2.0560381486234292e-07,std=0
L=-14.003615812750656,dL=-2.0560381486234292e-07,std=0
	gnorm= 1.7049561826161886e-05
	symmetric= True
	solver time=0.003575563430786133,exit status=0
	SR solver time= 0.003614187240600586
	symmetric= False
	niter= 32
	niter= 381
	solver time=0.0726470947265625,exit status=0
	RGN solver time= 0.07268166542053223
	xnorm=4.9837325800948475,dnorm=0.009980043066228983
	dense amplitude time= 0.014406919479370117
	total non-zero amplitudes= 4900
	nsamples per process= 50
	sample time= 0.38971447944641113
	self.n= 0.5254543913390328
	RGN updated loss=-14.003616016970925,dloss=-2.0422026913990976e-07
step= 289

nparam= 1004
	dense amplitude time= 0.023729801177978516
	total non-zero amplitudes= 4900
	nsamples per process= 50
	sample time= 1.620988130569458
	self.n= 0.5254543913390319
	collect g,h time= 2.906571865081787
E=-14.003616016970922,dE=-2.0422026558719608e-07,std=0
L=-14.003616016970922,dL=-2.0422026558719608e-07,std=0
	gnorm= 1.769653061112864e-05
	symmetric= True
	solver time=0.003712892532348633,exit status=0
	SR solver time= 0.0037467479705810547
	symmetric= False
	niter= 33
	niter= 374
	solver time=0.06903505325317383,exit status=0
	RGN solver time= 0.06907343864440918
	xnorm=4.985847793669718,dnorm=0.009929174014050591
	dense amplitude time= 0.014138221740722656
	total non-zero amplitudes= 4900
	nsamples per process= 50
	sample time= 0.3760232925415039
	self.n= 0.5250277869192057
	RGN updated loss=-14.003616218581058,dloss=-2.0161013658537286e-07
step= 290

nparam= 1004
	dense amplitude time= 0.029658794403076172
	total non-zero amplitudes= 4900
	nsamples per process= 50
	sample time= 1.6648688316345215
	self.n= 0.5250277869192057
	collect g,h time= 2.9433629512786865
E=-14.003616218581056,dE=-2.0161013480901602e-07,std=0
L=-14.003616218581056,dL=-2.0161013480901602e-07,std=0
	gnorm= 1.687952540460083e-05
	symmetric= True
	solver time=0.0035905838012695312,exit status=0
	SR solver time= 0.003626108169555664
	symmetric= False
	niter= 32
	solver time=0.07133316993713379,exit status=0
	RGN solver time= 0.07137393951416016
	xnorm=4.987947383494431,dnorm=0.009886845757917513
	niter= 380
	dense amplitude time= 0.014258146286010742
	total non-zero amplitudes= 4900
	nsamples per process= 50
	sample time= 0.37958264350891113
	self.n= 0.5246134113423193
	RGN updated loss=-14.00361641911393,dloss=-2.0053287386190277e-07
step= 291

nparam= 1004
	dense amplitude time= 0.047098636627197266
	total non-zero amplitudes= 4900
	nsamples per process= 50
	sample time= 1.6165075302124023
	self.n= 0.524613411342319
	collect g,h time= 2.906067371368408
E=-14.00361641911393,dE=-2.0053287386190277e-07,std=0
L=-14.00361641911393,dL=-2.0053287386190277e-07,std=0
	gnorm= 1.7503807873188673e-05
	symmetric= True
	solver time=0.003596782684326172,exit status=0
	SR solver time= 0.0036323070526123047
	symmetric= False
	niter= 33
	niter= 374
	solver time=0.06958436965942383,exit status=0
	RGN solver time= 0.06962442398071289
	xnorm=4.990030405160274,dnorm=0.009834723994434738
	dense amplitude time= 0.014162063598632812
	total non-zero amplitudes= 4900
	nsamples per process= 50
	sample time= 0.3788936138153076
	self.n= 0.5241864288898352
	RGN updated loss=-14.003616616833753,dloss=-1.9771982273653066e-07
step= 292

nparam= 1004
	dense amplitude time= 0.02213120460510254
	total non-zero amplitudes= 4900
	nsamples per process= 50
	sample time= 1.6480498313903809
	self.n= 0.5241864288898347
	collect g,h time= 2.908871650695801
E=-14.00361661683375,dE=-1.9771981918381698e-07,std=0
L=-14.00361661683375,dL=-1.9771981918381698e-07,std=0
	gnorm= 1.672333331186661e-05
	symmetric= True
	solver time=0.0036439895629882812,exit status=0
	SR solver time= 0.003681659698486328
	symmetric= False
	niter= 32
	niter= 381
	solver time=0.07265186309814453,exit status=0
	RGN solver time= 0.07269501686096191
	xnorm=4.992098727227458,dnorm=0.009792244703492587
	dense amplitude time= 0.013968944549560547
	total non-zero amplitudes= 4900
	nsamples per process= 50
	sample time= 0.37994933128356934
	self.n= 0.5237714625402259
	RGN updated loss=-14.003616813597832,dloss=-1.9676408236080078e-07
step= 293

nparam= 1004
	dense amplitude time= 0.015270471572875977
	total non-zero amplitudes= 4900
	nsamples per process= 50
	sample time= 1.6445300579071045
	self.n= 0.5237714625402254
	collect g,h time= 2.9102728366851807
E=-14.003616813597828,dE=-1.967640788080871e-07,std=0
L=-14.003616813597828,dL=-1.967640788080871e-07,std=0
	gnorm= 1.7344063951793685e-05
	symmetric= True
	solver time=0.007399559020996094,exit status=0
	SR solver time= 0.007436513900756836
	symmetric= False
	niter= 33
	niter= 374
	solver time=0.07930779457092285,exit status=0
	RGN solver time= 0.07934284210205078
	xnorm=4.99415107809877,dnorm=0.009739459845738149
	dense amplitude time= 0.015829801559448242
	total non-zero amplitudes= 4900
	nsamples per process= 50
	sample time= 0.3802633285522461
	self.n= 0.523343896810748
	RGN updated loss=-14.00361700743991,dloss=-1.9384208194139774e-07
step= 294

nparam= 1004
	dense amplitude time= 0.01932382583618164
	total non-zero amplitudes= 4900
	nsamples per process= 50
	sample time= 1.649240255355835
	self.n= 0.5233438968107484
	collect g,h time= 2.9048080444335938
E=-14.00361700743991,dE=-1.9384208194139774e-07,std=0
L=-14.00361700743991,dL=-1.9384208194139774e-07,std=0
	gnorm= 1.6572666208059015e-05
	symmetric= True
	solver time=0.003686189651489258,exit status=0
	SR solver time= 0.003725290298461914
	symmetric= False
	niter= 32
	niter= 381
	solver time=0.07247710227966309,exit status=0
	RGN solver time= 0.07251524925231934
	xnorm=4.996189402237525,dnorm=0.009696704731530061
	dense amplitude time= 0.014190912246704102
	total non-zero amplitudes= 4900
	nsamples per process= 50
	sample time= 0.37920522689819336
	self.n= 0.5229282571903704
	RGN updated loss=-14.003617200422331,dloss=-1.9298242115439734e-07
step= 295

nparam= 1004
	dense amplitude time= 0.014995813369750977
	total non-zero amplitudes= 4900
	nsamples per process= 50
	sample time= 1.6338913440704346
	self.n= 0.52292825719037
	collect g,h time= 3.1534841060638428
E=-14.003617200422331,dE=-1.9298242115439734e-07,std=0
L=-14.003617200422331,dL=-1.9298242115439734e-07,std=0
	gnorm= 1.7188707287467125e-05
	symmetric= True
	solver time=0.003966331481933594,exit status=0
	SR solver time= 0.0040018558502197266
	symmetric= False
	niter= 33
	niter= 374
	solver time=0.07691311836242676,exit status=0
	RGN solver time= 0.07695436477661133
	xnorm=4.998212236811002,dnorm=0.009643325528741479
	dense amplitude time= 0.015477418899536133
	total non-zero amplitudes= 4900
	nsamples per process= 50
	sample time= 0.38367366790771484
	self.n= 0.5225000834887242
	RGN updated loss=-14.003617390390263,dloss=-1.8996793116343724e-07
step= 296

nparam= 1004
	dense amplitude time= 0.023347854614257812
	total non-zero amplitudes= 4900
	nsamples per process= 50
	sample time= 1.6300039291381836
	self.n= 0.5225000834887239
	collect g,h time= 2.9560227394104004
E=-14.00361739039026,dE=-1.899679293870804e-07,std=0
L=-14.00361739039026,dL=-1.899679293870804e-07,std=0
	gnorm= 1.6424531156374123e-05
	symmetric= True
	solver time=0.0038716793060302734,exit status=0
	SR solver time= 0.00390934944152832
	symmetric= False
	niter= 32
	niter= 381
	solver time=0.07319188117980957,exit status=0
	RGN solver time= 0.07322955131530762
	xnorm=5.000221595711372,dnorm=0.00960026151602958
	dense amplitude time= 0.014195442199707031
	total non-zero amplitudes= 4900
	nsamples per process= 50
	sample time= 0.37743616104125977
	self.n= 0.5220837948731484
	RGN updated loss=-14.003617579585415,dloss=-1.8919515376580875e-07
step= 297

nparam= 1004
	dense amplitude time= 0.02001500129699707
	total non-zero amplitudes= 4900
	nsamples per process= 50
	sample time= 1.666459321975708
	self.n= 0.522083794873148
	collect g,h time= 2.9104461669921875
E=-14.003617579585413,dE=-1.8919515198945192e-07,std=0
L=-14.003617579585413,dL=-1.8919515198945192e-07,std=0
	gnorm= 1.703543926291584e-05
	symmetric= True
	solver time=0.0038001537322998047,exit status=0
	SR solver time= 0.00383758544921875
	symmetric= False
	niter= 33
	niter= 374
	solver time=0.0719761848449707,exit status=0
	RGN solver time= 0.07201576232910156
	xnorm=5.002215876478601,dnorm=0.00954632210890863
	dense amplitude time= 0.018044471740722656
	total non-zero amplitudes= 4900
	nsamples per process= 50
	sample time= 0.37758874893188477
	self.n= 0.5216550683265102
	RGN updated loss=-14.003617765682662,dloss=-1.860972496103841e-07
step= 298

nparam= 1004
	dense amplitude time= 0.01683497428894043
	total non-zero amplitudes= 4900
	nsamples per process= 50
	sample time= 1.6199195384979248
	self.n= 0.5216550683265094
	collect g,h time= 2.9105701446533203
E=-14.003617765682662,dE=-1.860972496103841e-07,std=0
L=-14.003617765682662,dL=-1.860972496103841e-07,std=0
	gnorm= 1.627812455394058e-05
	symmetric= True
	solver time=0.0035974979400634766,exit status=0
	SR solver time= 0.0036351680755615234
	symmetric= False
	niter= 32
	niter= 380
	solver time=0.08234143257141113,exit status=0
	RGN solver time= 0.0823826789855957
	xnorm=5.004197180010141,dnorm=0.00950292535481367
	dense amplitude time= 0.014449119567871094
	total non-zero amplitudes= 4900
	nsamples per process= 50
	sample time= 0.37737488746643066
	self.n= 0.5212382237499816
	RGN updated loss=-14.003617951087922,dloss=-1.854052591454547e-07
step= 299

nparam= 1004
	dense amplitude time= 0.016893863677978516
	total non-zero amplitudes= 4900
	nsamples per process= 50
	sample time= 1.6163897514343262
	self.n= 0.5212382237499813
	collect g,h time= 2.9087798595428467
E=-14.003617951087923,dE=-1.8540526092181153e-07,std=0
L=-14.003617951087923,dL=-1.8540526092181153e-07,std=0
	gnorm= 1.6883592334673197e-05
	symmetric= True
	solver time=0.003729104995727539,exit status=0
	SR solver time= 0.0037648677825927734
	symmetric= False
	niter= 33
	niter= 374
	solver time=0.06910824775695801,exit status=0
	RGN solver time= 0.06914472579956055
	xnorm=5.006163786856094,dnorm=0.009448591855676031
	dense amplitude time= 0.01697683334350586
	total non-zero amplitudes= 4900
	nsamples per process= 50
	sample time= 0.37572264671325684
	self.n= 0.520809047584519
	RGN updated loss=-14.003618133322341,dloss=-1.8223441777820426e-07
step= 300

nparam= 1004
	dense amplitude time= 0.02614116668701172
	total non-zero amplitudes= 4900
	nsamples per process= 50
	sample time= 1.632016897201538
	self.n= 0.5208090475845191
	collect g,h time= 3.313328266143799
E=-14.003618133322343,dE=-1.822344195545611e-07,std=0
L=-14.003618133322343,dL=-1.822344195545611e-07,std=0
	gnorm= 1.6133353068054173e-05
	symmetric= True
	solver time=0.0037343502044677734,exit status=0
	SR solver time= 0.0037720203399658203
	symmetric= False
	niter= 32
	niter= 380
	solver time=0.07247090339660645,exit status=0
	RGN solver time= 0.07251262664794922
	xnorm=5.008117916308314,dnorm=0.009404805678998054
	dense amplitude time= 0.014112234115600586
	total non-zero amplitudes= 4900
	nsamples per process= 50
	sample time= 0.3781435489654541
	self.n= 0.5203917752795533
	RGN updated loss=-14.003618314940113,dloss=-1.8161776971226118e-07
step= 301

nparam= 1004
	dense amplitude time= 0.029778003692626953
	total non-zero amplitudes= 4900
	nsamples per process= 50
	sample time= 1.63055419921875
	self.n= 0.5203917752795532
	collect g,h time= 2.905946969985962
E=-14.003618314940114,dE=-1.8161777148861802e-07,std=0
L=-14.003618314940114,dL=-1.8161777148861802e-07,std=0
	gnorm= 1.6733249625712144e-05
	symmetric= True
	solver time=0.0037107467651367188,exit status=0
	SR solver time= 0.0037457942962646484
	symmetric= False
	niter= 33
	niter= 374
	solver time=0.06966185569763184,exit status=0
	RGN solver time= 0.06969666481018066
	xnorm=5.010057702519734,dnorm=0.009350000158967536
	dense amplitude time= 0.014072179794311523
	total non-zero amplitudes= 4900
	nsamples per process= 50
	sample time= 0.375899076461792
	self.n= 0.5199622997895541
	RGN updated loss=-14.00361849350885,dloss=-1.7856873490984526e-07
step= 302

nparam= 1004
	dense amplitude time= 0.01699042320251465
	total non-zero amplitudes= 4900
	nsamples per process= 50
	sample time= 1.6187312602996826
	self.n= 0.5199622997895542
	collect g,h time= 2.8888461589813232
E=-14.003618493508847,dE=-1.7856873313348842e-07,std=0
L=-14.003618493508847,dL=-1.7856873313348842e-07,std=0
	gnorm= 1.6749174849059153e-05
	symmetric= True
	solver time=0.0037736892700195312,exit status=0
	SR solver time= 0.003810405731201172
	symmetric= False
	niter= 33
	niter= 380
	solver time=0.07043266296386719,exit status=0
	RGN solver time= 0.07046914100646973
	xnorm=5.011985489268668,dnorm=0.009305871458652927
	dense amplitude time= 0.014194488525390625
	total non-zero amplitudes= 4900
	nsamples per process= 50
	sample time= 0.3757965564727783
	self.n= 0.5195439116509151
	RGN updated loss=-14.00361867107772,dloss=-1.7756887338293836e-07
step= 303

nparam= 1004
	dense amplitude time= 0.0164339542388916
	total non-zero amplitudes= 4900
	nsamples per process= 50
	sample time= 1.6165413856506348
	self.n= 0.5195439116509143
	collect g,h time= 2.9023211002349854
E=-14.00361867107772,dE=-1.7756887338293836e-07,std=0
L=-14.00361867107772,dL=-1.7756887338293836e-07,std=0
	gnorm= 1.7044152551637285e-05
	symmetric= True
	solver time=0.0040628910064697266,exit status=0
	SR solver time= 0.004099845886230469
	symmetric= False
	niter= 34
	niter= 376
	solver time=0.07340788841247559,exit status=0
	RGN solver time= 0.07344651222229004
	xnorm=5.0139007270212,dnorm=0.00925031500622601
	dense amplitude time= 0.01649641990661621
	total non-zero amplitudes= 4900
	nsamples per process= 50
	sample time= 0.37818193435668945
	self.n= 0.5191143737593213
	RGN updated loss=-14.003618846471133,dloss=-1.7539341179428902e-07
step= 304

nparam= 1004
	dense amplitude time= 0.027703285217285156
	total non-zero amplitudes= 4900
	nsamples per process= 50
	sample time= 1.62263822555542
	self.n= 0.5191143737593207
	collect g,h time= 2.89054536819458
E=-14.003618846471134,dE=-1.7539341357064586e-07,std=0
L=-14.003618846471134,dL=-1.7539341357064586e-07,std=0
	gnorm= 2.2240885845998728e-05
	symmetric= True
	solver time=0.004080772399902344,exit status=0
	SR solver time= 0.0041239261627197266
	symmetric= False
	niter= 38
	niter= 374
	solver time=0.06910085678100586,exit status=0
	RGN solver time= 0.06913375854492188
	xnorm=5.01580241210767,dnorm=0.009217172655282685
	dense amplitude time= 0.014168262481689453
	total non-zero amplitudes= 4900
	nsamples per process= 50
	sample time= 0.37578630447387695
	self.n= 0.5186840088414251
	RGN updated loss=-14.003619018124892,dloss=-1.7165375787442372e-07
step= 305

nparam= 1004
	dense amplitude time= 0.015381097793579102
	total non-zero amplitudes= 4900
	nsamples per process= 50
	sample time= 1.6230058670043945
	self.n= 0.5186840088414244
	collect g,h time= 2.9085240364074707
E=-14.003619018124889,dE=-1.7165375432171004e-07,std=0
L=-14.003619018124889,dL=-1.7165375432171004e-07,std=0
	gnorm= 2.1351607288938876e-05
	symmetric= True
	solver time=0.004080295562744141,exit status=0
	SR solver time= 0.0041158199310302734
	symmetric= False
	niter= 38
	niter= 374
	solver time=0.0689549446105957,exit status=0
	RGN solver time= 0.06899666786193848
	xnorm=5.017661863156279,dnorm=0.009160057208574962
	dense amplitude time= 0.014095783233642578
	total non-zero amplitudes= 4900
	nsamples per process= 50
	sample time= 0.37688112258911133
	self.n= 0.5182552038755341
	RGN updated loss=-14.003619190365319,dloss=-1.7224042991870192e-07
step= 306

nparam= 1004
	dense amplitude time= 0.01630258560180664
	total non-zero amplitudes= 4900
	nsamples per process= 50
	sample time= 1.6226105690002441
	self.n= 0.5182552038755335
	collect g,h time= 2.893707036972046
E=-14.003619190365317,dE=-1.7224042814234508e-07,std=0
L=-14.003619190365317,dL=-1.7224042814234508e-07,std=0
	gnorm= 1.6524560923789208e-05
	symmetric= True
	solver time=0.0037271976470947266,exit status=0
	SR solver time= 0.00376129150390625
	symmetric= False
	niter= 33
	niter= 381
	solver time=0.07069182395935059,exit status=0
	RGN solver time= 0.07073307037353516
	xnorm=5.019537039256026,dnorm=0.0091070791783585
	dense amplitude time= 0.01414632797241211
	total non-zero amplitudes= 4900
	nsamples per process= 50
	sample time= 0.37674784660339355
	self.n= 0.5178397206134107
	RGN updated loss=-14.003619360996918,dloss=-1.706316012928255e-07
step= 307

nparam= 1004
	dense amplitude time= 0.015269279479980469
	total non-zero amplitudes= 4900
	nsamples per process= 50
	sample time= 1.6318652629852295
	self.n= 0.5178397206134107
	collect g,h time= 2.902564764022827
E=-14.00361936099692,dE=-1.7063160306918235e-07,std=0
L=-14.00361936099692,dL=-1.7063160306918235e-07,std=0
	gnorm= 2.261009509825995e-05
	symmetric= True
	solver time=0.004471540451049805,exit status=0
	SR solver time= 0.004506826400756836
	symmetric= False
	niter= 39
	niter= 374
	solver time=0.0727849006652832,exit status=0
	RGN solver time= 0.07281756401062012
	xnorm=5.021403927161058,dnorm=0.009059208328243678
	dense amplitude time= 0.013929128646850586
	total non-zero amplitudes= 4900
	nsamples per process= 50
	sample time= 0.37946486473083496
	self.n= 0.5173997780301894
	RGN updated loss=-14.003619526010246,dloss=-1.6501332567031568e-07
step= 308

nparam= 1004
	dense amplitude time= 0.014504671096801758
	total non-zero amplitudes= 4900
	nsamples per process= 50
	sample time= 1.6268343925476074
	self.n= 0.5173997780301893
	collect g,h time= 2.8937928676605225
E=-14.003619526010246,dE=-1.6501332567031568e-07,std=0
L=-14.003619526010246,dL=-1.6501332567031568e-07,std=0
	gnorm= 2.1077237997026612e-05
	symmetric= True
	solver time=0.004203081130981445,exit status=0
	SR solver time= 0.004239082336425781
	symmetric= False
	niter= 38
	niter= 374
	solver time=0.0688319206237793,exit status=0
	RGN solver time= 0.06886577606201172
	xnorm=5.023227944697549,dnorm=0.009015729172538223
	dense amplitude time= 0.014079093933105469
	total non-zero amplitudes= 4900
	nsamples per process= 50
	sample time= 0.3774394989013672
	self.n= 0.5169838539791789
	RGN updated loss=-14.003619694379008,dloss=-1.683687624876029e-07
step= 309

nparam= 1004
	dense amplitude time= 0.016562223434448242
	total non-zero amplitudes= 4900
	nsamples per process= 50
	sample time= 1.6643095016479492
	self.n= 0.5169838539791791
	collect g,h time= 2.9280712604522705
E=-14.003619694379005,dE=-1.6836875893488923e-07,std=0
L=-14.003619694379005,dL=-1.6836875893488923e-07,std=0
	gnorm= 2.2181431255178456e-05
	symmetric= True
	solver time=0.0043637752532958984,exit status=0
	SR solver time= 0.004400014877319336
	symmetric= False
	niter= 39
	niter= 374
	solver time=0.06975150108337402,exit status=0
	RGN solver time= 0.0697934627532959
	xnorm=5.02506973188824,dnorm=0.008955112579351906
	dense amplitude time= 0.014256954193115234
	total non-zero amplitudes= 4900
	nsamples per process= 50
	sample time= 0.3784513473510742
	self.n= 0.5165467754010152
	RGN updated loss=-14.003619855480604,dloss=-1.6110159961613135e-07
step= 310

nparam= 1004
	dense amplitude time= 0.01375436782836914
	total non-zero amplitudes= 4900
	nsamples per process= 50
	sample time= 1.6302499771118164
	self.n= 0.5165467754010145
	collect g,h time= 2.912248134613037
E=-14.003619855480602,dE=-1.611015978397745e-07,std=0
L=-14.003619855480602,dL=-1.611015978397745e-07,std=0
	gnorm= 2.0984368377783174e-05
	symmetric= True
	solver time=0.004288434982299805,exit status=0
	SR solver time= 0.004325151443481445
	symmetric= False
	niter= 38
	niter= 374
	solver time=0.07276058197021484,exit status=0
	RGN solver time= 0.0727992057800293
	xnorm=5.0268715230282695,dnorm=0.008916764666087772
	dense amplitude time= 0.01643681526184082
	total non-zero amplitudes= 4900
	nsamples per process= 50
	sample time= 0.378887414932251
	self.n= 0.5161324827955481
	RGN updated loss=-14.003620020358557,dloss=-1.648779548446555e-07
step= 311

nparam= 1004
	dense amplitude time= 0.045057058334350586
	total non-zero amplitudes= 4900
	nsamples per process= 50
	sample time= 1.6294150352478027
	self.n= 0.5161324827955469
	collect g,h time= 2.897371768951416
E=-14.00362002035856,dE=-1.6487795839736918e-07,std=0
L=-14.00362002035856,dL=-1.6487795839736918e-07,std=0
	gnorm= 2.159159627992749e-05
	symmetric= True
	solver time=0.004239559173583984,exit status=0
	SR solver time= 0.0042765140533447266
	symmetric= False
	niter= 38
	niter= 374
	solver time=0.06886553764343262,exit status=0
	RGN solver time= 0.06890487670898438
	xnorm=5.028692069048286,dnorm=0.00885350780361942
	dense amplitude time= 0.01576089859008789
	total non-zero amplitudes= 4900
	nsamples per process= 50
	sample time= 0.37537074089050293
	self.n= 0.5156959774696173
	RGN updated loss=-14.003620177608125,dloss=-1.572495644808214e-07
step= 312

nparam= 1004
	dense amplitude time= 0.02629685401916504
	total non-zero amplitudes= 4900
	nsamples per process= 50
	sample time= 1.6666858196258545
	self.n= 0.5156959774696167
	collect g,h time= 2.9559414386749268
E=-14.003620177608127,dE=-1.5724956625717823e-07,std=0
L=-14.003620177608127,dL=-1.5724956625717823e-07,std=0
	gnorm= 2.0182449211330017e-05
	symmetric= True
	solver time=0.004182100296020508,exit status=0
	SR solver time= 0.004217386245727539
	symmetric= False
	niter= 38
	niter= 374
	solver time=0.06990194320678711,exit status=0
	RGN solver time= 0.06993842124938965
	xnorm=5.030474375871224,dnorm=0.008816213607387803
	dense amplitude time= 0.014076709747314453
	total non-zero amplitudes= 4900
	nsamples per process= 50
	sample time= 0.3795921802520752
	self.n= 0.515283297613132
	RGN updated loss=-14.003620338737244,dloss=-1.611291171599305e-07
step= 313

nparam= 1004
	dense amplitude time= 0.016908884048461914
	total non-zero amplitudes= 4900
	nsamples per process= 50
	sample time= 1.628746747970581
	self.n= 0.5152832976131314
	collect g,h time= 2.909909248352051
E=-14.003620338737244,dE=-1.611291171599305e-07,std=0
L=-14.003620338737244,dL=-1.611291171599305e-07,std=0
	gnorm= 2.1496342486237967e-05
	symmetric= True
	solver time=0.004461050033569336,exit status=0
	SR solver time= 0.004503726959228516
	symmetric= False
	niter= 39
	niter= 374
	solver time=0.07272744178771973,exit status=0
	RGN solver time= 0.07276654243469238
	xnorm=5.032273709973622,dnorm=0.008753292425905298
	dense amplitude time= 0.01435089111328125
	total non-zero amplitudes= 4900
	nsamples per process= 50
	sample time= 0.3853127956390381
	self.n= 0.5148483559315971
	RGN updated loss=-14.00362049244713,dloss=-1.537098857085084e-07
step= 314

nparam= 1004
	dense amplitude time= 0.014428138732910156
	total non-zero amplitudes= 4900
	nsamples per process= 50
	sample time= 1.6340465545654297
	self.n= 0.5148483559315975
	collect g,h time= 2.8937129974365234
E=-14.003620492447132,dE=-1.5370988748486525e-07,std=0
L=-14.003620492447132,dL=-1.5370988748486525e-07,std=0
	gnorm= 2.010539744856076e-05
	symmetric= True
	solver time=0.004061698913574219,exit status=0
	SR solver time= 0.004102468490600586
	symmetric= False
	niter= 37
	niter= 374
	solver time=0.0683290958404541,exit status=0
	RGN solver time= 0.06836271286010742
	xnorm=5.0340352643499635,dnorm=0.008716310633220512
	dense amplitude time= 0.014184713363647461
	total non-zero amplitudes= 4900
	nsamples per process= 50
	sample time= 0.376556396484375
	self.n= 0.5144373160909315
	RGN updated loss=-14.003620649841547,dloss=-1.5739441572293345e-07
step= 315

nparam= 1004
	dense amplitude time= 0.023728609085083008
	total non-zero amplitudes= 4900
	nsamples per process= 50
	sample time= 1.6580650806427002
	self.n= 0.5144373160909314
	collect g,h time= 2.929011344909668
E=-14.003620649841547,dE=-1.5739441572293345e-07,std=0
L=-14.003620649841547,dL=-1.5739441572293345e-07,std=0
	gnorm= 2.1408493689631116e-05
	symmetric= True
	solver time=0.004400730133056641,exit status=0
	SR solver time= 0.004436016082763672
	symmetric= False
	niter= 39
	niter= 374
	solver time=0.07014060020446777,exit status=0
	RGN solver time= 0.0701742172241211
	xnorm=5.0358144130610825,dnorm=0.008655367937274597
	dense amplitude time= 0.015888690948486328
	total non-zero amplitudes= 4900
	nsamples per process= 50
	sample time= 0.3775656223297119
	self.n= 0.5140075246870461
	RGN updated loss=-14.003620800055442,dloss=-1.5021389465630364e-07
step= 316

nparam= 1004
	dense amplitude time= 0.02646636962890625
	total non-zero amplitudes= 4900
	nsamples per process= 50
	sample time= 1.635185718536377
	self.n= 0.5140075246870457
	collect g,h time= 2.9175243377685547
E=-14.00362080005544,dE=-1.502138928799468e-07,std=0
L=-14.00362080005544,dL=-1.502138928799468e-07,std=0
	gnorm= 2.0081211186286733e-05
	symmetric= True
	solver time=0.004299163818359375,exit status=0
	SR solver time= 0.004338502883911133
	symmetric= False
	niter= 38
	niter= 374
	solver time=0.0722205638885498,exit status=0
	RGN solver time= 0.07225894927978516
	xnorm=5.037555940769652,dnorm=0.008619392219404151
	dense amplitude time= 0.014193534851074219
	total non-zero amplitudes= 4900
	nsamples per process= 50
	sample time= 0.3793318271636963
	self.n= 0.5135979886604173
	RGN updated loss=-14.003620953940795,dloss=-1.5388535423710437e-07
step= 317

nparam= 1004
	dense amplitude time= 0.025075197219848633
	total non-zero amplitudes= 4900
	nsamples per process= 50
	sample time= 1.631753921508789
	self.n= 0.5135979886604171
	collect g,h time= 2.9058046340942383
E=-14.003620953940795,dE=-1.5388535423710437e-07,std=0
L=-14.003620953940795,dL=-1.5388535423710437e-07,std=0
	gnorm= 2.1302129057474855e-05
	symmetric= True
	solver time=0.00426936149597168,exit status=0
	SR solver time= 0.00430750846862793
	symmetric= False
	niter= 39
	niter= 374
	solver time=0.06876444816589355,exit status=0
	RGN solver time= 0.0688018798828125
	xnorm=5.0393155989446985,dnorm=0.008555882852924733
	dense amplitude time= 0.014184951782226562
	total non-zero amplitudes= 4900
	nsamples per process= 50
	sample time= 0.37796926498413086
	self.n= 0.5131684729277384
	RGN updated loss=-14.003621100698647,dloss=-1.4675785209306014e-07
step= 318

nparam= 1004
	dense amplitude time= 0.01669478416442871
	total non-zero amplitudes= 4900
	nsamples per process= 50
	sample time= 1.6758043766021729
	self.n= 0.5131684729277376
	collect g,h time= 2.9619476795196533
E=-14.003621100698647,dE=-1.4675785209306014e-07,std=0
L=-14.003621100698647,dL=-1.4675785209306014e-07,std=0
	gnorm= 2.003019041908038e-05
	symmetric= True
	solver time=0.004209041595458984,exit status=0
	SR solver time= 0.004245281219482422
	symmetric= False
	niter= 38
	niter= 374
	solver time=0.07034850120544434,exit status=0
	RGN solver time= 0.07039237022399902
	xnorm=5.0410381445038785,dnorm=0.008519962974265126
	dense amplitude time= 0.014127492904663086
	total non-zero amplitudes= 4900
	nsamples per process= 50
	sample time= 0.3824625015258789
	self.n= 0.5127596944573505
	RGN updated loss=-14.003621250947907,dloss=-1.5024926014461926e-07
step= 319

nparam= 1004
	dense amplitude time= 0.014590740203857422
	total non-zero amplitudes= 4900
	nsamples per process= 50
	sample time= 1.6293237209320068
	self.n= 0.5127596944573506
	collect g,h time= 2.9261631965637207
E=-14.003621250947905,dE=-1.5024925836826242e-07,std=0
L=-14.003621250947905,dL=-1.5024925836826242e-07,std=0
	gnorm= 2.122364545905393e-05
	symmetric= True
	solver time=0.004439830780029297,exit status=0
	SR solver time= 0.0044744014739990234
	symmetric= False
	niter= 39
	niter= 374
	solver time=0.0715939998626709,exit status=0
	RGN solver time= 0.07162690162658691
	xnorm=5.04277923804225,dnorm=0.008457009982943913
	dense amplitude time= 0.016000032424926758
	total non-zero amplitudes= 4900
	nsamples per process= 50
	sample time= 0.38848066329956055
	self.n= 0.5123313099321478
	RGN updated loss=-14.003621394355537,dloss=-1.4340763243581023e-07
step= 320

nparam= 1004
	dense amplitude time= 0.024680614471435547
	total non-zero amplitudes= 4900
	nsamples per process= 50
	sample time= 1.6486597061157227
	self.n= 0.5123313099321474
	collect g,h time= 2.90378737449646
E=-14.003621394355537,dE=-1.4340763243581023e-07,std=0
L=-14.003621394355537,dL=-1.4340763243581023e-07,std=0
	gnorm= 1.995274256474531e-05
	symmetric= True
	solver time=0.004099369049072266,exit status=0
	SR solver time= 0.004133939743041992
	symmetric= False
	niter= 38
	niter= 374
	solver time=0.06928467750549316,exit status=0
	RGN solver time= 0.06932449340820312
	xnorm=5.044483372802755,dnorm=0.008421338671471929
	dense amplitude time= 0.01410818099975586
	total non-zero amplitudes= 4900
	nsamples per process= 50
	sample time= 0.3765125274658203
	self.n= 0.5119239019747235
	RGN updated loss=-14.00362154103981,dloss=-1.466842718400585e-07
step= 321

nparam= 1004
	dense amplitude time= 0.03563189506530762
	total non-zero amplitudes= 4900
	nsamples per process= 50
	sample time= 1.6616957187652588
	self.n= 0.5119239019747229
	collect g,h time= 2.940333127975464
E=-14.003621541039811,dE=-1.4668427361641534e-07,std=0
L=-14.003621541039811,dL=-1.4668427361641534e-07,std=0
	gnorm= 2.1149410511427003e-05
	symmetric= True
	solver time=0.004336357116699219,exit status=0
	SR solver time= 0.004373788833618164
	symmetric= False
	niter= 39
	niter= 374
	solver time=0.06982922554016113,exit status=0
	RGN solver time= 0.0698709487915039
	xnorm=5.046206538424801,dnorm=0.008359018709094826
	dense amplitude time= 0.014467000961303711
	total non-zero amplitudes= 4900
	nsamples per process= 50
	sample time= 0.37391185760498047
	self.n= 0.5114970733465396
	RGN updated loss=-14.003621681192332,dloss=-1.4015252070009865e-07
step= 322

nparam= 1004
	dense amplitude time= 0.027252912521362305
	total non-zero amplitudes= 4900
	nsamples per process= 50
	sample time= 1.638869285583496
	self.n= 0.5114970733465387
	collect g,h time= 2.9227259159088135
E=-14.003621681192335,dE=-1.4015252425281233e-07,std=0
L=-14.003621681192335,dL=-1.4015252425281233e-07,std=0
	gnorm= 1.9834696762430437e-05
	symmetric= True
	solver time=0.0042912960052490234,exit status=0
	SR solver time= 0.00433039665222168
	symmetric= False
	niter= 38
	niter= 374
	solver time=0.07320261001586914,exit status=0
	RGN solver time= 0.07323718070983887
	xnorm=5.04789296639383,dnorm=0.008323021069632725
	dense amplitude time= 0.014173030853271484
	total non-zero amplitudes= 4900
	nsamples per process= 50
	sample time= 0.3810884952545166
	self.n= 0.511094009640642
	RGN updated loss=-14.003621824354424,dloss=-1.4316208840625677e-07
step= 323

nparam= 1004
	dense amplitude time= 0.014816999435424805
	total non-zero amplitudes= 4900
	nsamples per process= 50
	sample time= 1.643310785293579
	self.n= 0.511094009640642
	collect g,h time= 2.9049832820892334
E=-14.003621824354422,dE=-1.4316208662989993e-07,std=0
L=-14.003621824354422,dL=-1.4316208662989993e-07,std=0
	gnorm= 2.107303337744192e-05
	symmetric= True
	solver time=0.004231929779052734,exit status=0
	SR solver time= 0.004269123077392578
	symmetric= False
	niter= 39
	niter= 374
	solver time=0.06914806365966797,exit status=0
	RGN solver time= 0.06918740272521973
	xnorm=5.04959931216479,dnorm=0.008262163801768897
	dense amplitude time= 0.01412057876586914
	total non-zero amplitudes= 4900
	nsamples per process= 50
	sample time= 0.3723597526550293
	self.n= 0.5106676680211738
	RGN updated loss=-14.003621961245544,dloss=-1.3689112243753243e-07
step= 324

nparam= 1004
	dense amplitude time= 0.01699662208557129
	total non-zero amplitudes= 4900
	nsamples per process= 50
	sample time= 1.6668436527252197
	self.n= 0.5106676680211729
	collect g,h time= 2.9540092945098877
E=-14.003621961245546,dE=-1.3689112421388927e-07,std=0
L=-14.003621961245546,dL=-1.3689112421388927e-07,std=0
	gnorm= 1.9722140114904984e-05
	symmetric= True
	solver time=0.004115104675292969,exit status=0
	SR solver time= 0.00426936149597168
	symmetric= False
	niter= 38
	niter= 374
	solver time=0.06995916366577148,exit status=0
	RGN solver time= 0.0699927806854248
	xnorm=5.051268846228258,dnorm=0.008226791144828684
	dense amplitude time= 0.014133691787719727
	total non-zero amplitudes= 4900
	nsamples per process= 50
	sample time= 0.37354493141174316
	self.n= 0.5102673955125226
	RGN updated loss=-14.003622101009466,dloss=-1.3976391954884093e-07
step= 325

nparam= 1004
	dense amplitude time= 0.0161740779876709
	total non-zero amplitudes= 4900
	nsamples per process= 50
	sample time= 1.622480869293213
	self.n= 0.5102673955125212
	collect g,h time= 2.9114487171173096
E=-14.003622101009462,dE=-1.3976391599612725e-07,std=0
L=-14.003622101009462,dL=-1.3976391599612725e-07,std=0
	gnorm= 2.1003681157496203e-05
	symmetric= True
	solver time=0.004338741302490234,exit status=0
	SR solver time= 0.004374504089355469
	symmetric= False
	niter= 39
	niter= 374
	solver time=0.07233166694641113,exit status=0
	RGN solver time= 0.07237124443054199
	xnorm=5.052957918939955,dnorm=0.008166507623347493
	dense amplitude time= 0.014137506484985352
	total non-zero amplitudes= 4900
	nsamples per process= 50
	sample time= 0.37778735160827637
	self.n= 0.5098434290145978
	RGN updated loss=-14.003622234763982,dloss=-1.3375452034836144e-07
step= 326

nparam= 1004
	dense amplitude time= 0.014076948165893555
	total non-zero amplitudes= 4900
	nsamples per process= 50
	sample time= 1.634535551071167
	self.n= 0.5098434290145969
	collect g,h time= 2.904510259628296
E=-14.003622234763979,dE=-1.3375451679564776e-07,std=0
L=-14.003622234763979,dL=-1.3375451679564776e-07,std=0
	gnorm= 1.9696884393762192e-05
	symmetric= True
	solver time=0.00418400764465332,exit status=0
	SR solver time= 0.004221916198730469
	symmetric= False
	niter= 38
	niter= 374
	solver time=0.06899023056030273,exit status=0
	RGN solver time= 0.06902742385864258
	xnorm=5.054610668877716,dnorm=0.008131258255766423
	dense amplitude time= 0.014129877090454102
	total non-zero amplitudes= 4900
	nsamples per process= 50
	sample time= 0.37328672409057617
	self.n= 0.5094445264668358
	RGN updated loss=-14.003622371216643,dloss=-1.3645266427886327e-07
step= 327

nparam= 1004
	dense amplitude time= 0.02186417579650879
	total non-zero amplitudes= 4900
	nsamples per process= 50
	sample time= 1.6538808345794678
	self.n= 0.5094445264668358
	collect g,h time= 2.9374520778656006
E=-14.003622371216641,dE=-1.3645266250250643e-07,std=0
L=-14.003622371216641,dL=-1.3645266250250643e-07,std=0
	gnorm= 2.0933153799945687e-05
	symmetric= True
	solver time=0.004275083541870117,exit status=0
	SR solver time= 0.004312276840209961
	symmetric= False
	niter= 39
	niter= 374
	solver time=0.06946301460266113,exit status=0
	RGN solver time= 0.06950211524963379
	xnorm=5.056284236459872,dnorm=0.008071706788021098
	dense amplitude time= 0.01408243179321289
	total non-zero amplitudes= 4900
	nsamples per process= 50
	sample time= 0.3753647804260254
	self.n= 0.5090220184259922
	RGN updated loss=-14.003622501894595,dloss=-1.3067795379129166e-07
step= 328

nparam= 1004
	dense amplitude time= 0.025640249252319336
	total non-zero amplitudes= 4900
	nsamples per process= 50
	sample time= 1.6156189441680908
	self.n= 0.5090220184259917
	collect g,h time= 2.9005308151245117
E=-14.003622501894595,dE=-1.3067795379129166e-07,std=0
L=-14.003622501894595,dL=-1.3067795379129166e-07,std=0
	gnorm= 1.9641870861607894e-05
	symmetric= True
	solver time=0.004157066345214844,exit status=0
	SR solver time= 0.004194736480712891
	symmetric= False
	niter= 38
	niter= 374
	solver time=0.06948328018188477,exit status=0
	RGN solver time= 0.0695183277130127
	xnorm=5.0579215925056085,dnorm=0.008036934854209627
	dense amplitude time= 0.014090776443481445
	total non-zero amplitudes= 4900
	nsamples per process= 50
	sample time= 0.3770167827606201
	self.n= 0.5086249960278559
	RGN updated loss=-14.003622635096532,dloss=-1.3320193659183133e-07
step= 329

nparam= 1004
	dense amplitude time= 0.017077207565307617
	total non-zero amplitudes= 4900
	nsamples per process= 50
	sample time= 1.647657871246338
	self.n= 0.5086249960278557
	collect g,h time= 2.9077374935150146
E=-14.00362263509653,dE=-1.332019348154745e-07,std=0
L=-14.00362263509653,dL=-1.332019348154745e-07,std=0
	gnorm= 2.086837241822496e-05
	symmetric= True
	solver time=0.0043370723724365234,exit status=0
	SR solver time= 0.004381418228149414
	symmetric= False
	niter= 39
	niter= 374
	solver time=0.07103753089904785,exit status=0
	RGN solver time= 0.071075439453125
	xnorm=5.059580200099081,dnorm=0.00797843908711584
	dense amplitude time= 0.014137983322143555
	total non-zero amplitudes= 4900
	nsamples per process= 50
	sample time= 0.3732879161834717
	self.n= 0.5082044184705948
	RGN updated loss=-14.003622762675983,dloss=-1.2757945277996896e-07
step= 330

nparam= 1004
	dense amplitude time= 0.013933658599853516
	total non-zero amplitudes= 4900
	nsamples per process= 50
	sample time= 1.6348626613616943
	self.n= 0.5082044184705935
	collect g,h time= 2.9099385738372803
E=-14.003622762675981,dE=-1.2757945100361212e-07,std=0
L=-14.003622762675981,dL=-1.2757945100361212e-07,std=0
	gnorm= 1.9653789129469658e-05
	symmetric= True
	solver time=0.004320859909057617,exit status=0
	SR solver time= 0.0043582916259765625
	symmetric= False
	niter= 39
	niter= 374
	solver time=0.06972503662109375,exit status=0
	RGN solver time= 0.06976175308227539
	xnorm=5.061202814097911,dnorm=0.007943098509376908
	dense amplitude time= 0.01395106315612793
	total non-zero amplitudes= 4900
	nsamples per process= 50
	sample time= 0.374544620513916
	self.n= 0.507808400126773
	RGN updated loss=-14.003622893387108,dloss=-1.3071112725526746e-07
step= 331

nparam= 1004
	dense amplitude time= 0.03681612014770508
	total non-zero amplitudes= 4900
	nsamples per process= 50
	sample time= 1.6231358051300049
	self.n= 0.5078084001267731
	collect g,h time= 2.900801420211792
E=-14.003622893387108,dE=-1.3071112725526746e-07,std=0
L=-14.003622893387108,dL=-1.3071112725526746e-07,std=0
	gnorm= 1.4892587483365097e-05
	symmetric= True
	solver time=0.003916025161743164,exit status=0
	SR solver time= 0.003953218460083008
	symmetric= False
	niter= 34
	niter= 376
	solver time=0.0738685131072998,exit status=0
	RGN solver time= 0.07390546798706055
	xnorm=5.062847253458804,dnorm=0.007879686739840604
	dense amplitude time= 0.014148712158203125
	total non-zero amplitudes= 4900
	nsamples per process= 50
	sample time= 0.37298107147216797
	self.n= 0.5074022371793324
	RGN updated loss=-14.003623019294889,dloss=-1.2590778020182825e-07
step= 332

nparam= 1004
	dense amplitude time= 0.01754140853881836
	total non-zero amplitudes= 4900
	nsamples per process= 50
	sample time= 1.6770586967468262
	self.n= 0.5074022371793317
	collect g,h time= 2.925344944000244
E=-14.003623019294887,dE=-1.259077784254714e-07,std=0
L=-14.003623019294887,dL=-1.259077784254714e-07,std=0
	gnorm= 1.4268663010466395e-05
	symmetric= True
	solver time=0.003944873809814453,exit status=0
	SR solver time= 0.003979682922363281
	symmetric= False
	niter= 34
	niter= 374
	solver time=0.07325935363769531,exit status=0
	RGN solver time= 0.07329964637756348
	xnorm=5.064489498140772,dnorm=0.007837986346958072
	dense amplitude time= 0.0143585205078125
	total non-zero amplitudes= 4900
	nsamples per process= 50
	sample time= 0.37409472465515137
	self.n= 0.5070072443955135
	RGN updated loss=-14.003623145417976,dloss=-1.2612308886161827e-07
step= 333

nparam= 1004
	dense amplitude time= 0.025915861129760742
	total non-zero amplitudes= 4900
	nsamples per process= 50
	sample time= 1.6130826473236084
	self.n= 0.5070072443955127
	collect g,h time= 2.9008100032806396
E=-14.003623145417972,dE=-1.261230853089046e-07,std=0
L=-14.003623145417972,dL=-1.261230853089046e-07,std=0
	gnorm= 1.4792349475434999e-05
	symmetric= True
	solver time=0.0037126541137695312,exit status=0
	SR solver time= 0.0037500858306884766
	symmetric= False
	niter= 34
	niter= 374
	solver time=0.06865549087524414,exit status=0
	RGN solver time= 0.06868863105773926
	xnorm=5.066122264412623,dnorm=0.007787251367902712
	dense amplitude time= 0.014188289642333984
	total non-zero amplitudes= 4900
	nsamples per process= 50
	sample time= 0.3733971118927002
	self.n= 0.506601253344771
	RGN updated loss=-14.003623268317524,dloss=-1.2289955186872703e-07
step= 334

nparam= 1004
	dense amplitude time= 0.02803325653076172
	total non-zero amplitudes= 4900
	nsamples per process= 50
	sample time= 1.6133394241333008
	self.n= 0.5066012533447697
	collect g,h time= 2.9116432666778564
E=-14.003623268317524,dE=-1.2289955186872703e-07,std=0
L=-14.003623268317524,dL=-1.2289955186872703e-07,std=0
	gnorm= 1.4186075546028979e-05
	symmetric= True
	solver time=0.0036764144897460938,exit status=0
	SR solver time= 0.003714323043823242
	symmetric= False
	niter= 34
	niter= 374
	solver time=0.06894159317016602,exit status=0
	RGN solver time= 0.06897330284118652
	xnorm=5.067749554084251,dnorm=0.007747712259368503
	dense amplitude time= 0.014232397079467773
	total non-zero amplitudes= 4900
	nsamples per process= 50
	sample time= 0.37328386306762695
	self.n= 0.5062079203271205
	RGN updated loss=-14.003623391519172,dloss=-1.2320164799461963e-07
step= 335

nparam= 1004
	dense amplitude time= 0.024935007095336914
	total non-zero amplitudes= 4900
	nsamples per process= 50
	sample time= 1.6291086673736572
	self.n= 0.5062079203271199
	collect g,h time= 2.9147825241088867
E=-14.003623391519174,dE=-1.2320164977097647e-07,std=0
L=-14.003623391519174,dL=-1.2320164977097647e-07,std=0
	gnorm= 1.4715294781760744e-05
	symmetric= True
	solver time=0.003765106201171875,exit status=0
	SR solver time= 0.0037996768951416016
	symmetric= False
	niter= 35
	niter= 376
	solver time=0.06973409652709961,exit status=0
	RGN solver time= 0.06977081298828125
	xnorm=5.069367134173418,dnorm=0.007698050113722752
	dense amplitude time= 0.014175176620483398
	total non-zero amplitudes= 4900
	nsamples per process= 50
	sample time= 0.37469959259033203
	self.n= 0.5058036195177072
	RGN updated loss=-14.003623511577219,dloss=-1.2005804528314457e-07
step= 336

nparam= 1004
	dense amplitude time= 0.02671670913696289
	total non-zero amplitudes= 4900
	nsamples per process= 50
	sample time= 1.6325130462646484
	self.n= 0.5058036195177067
	collect g,h time= 2.904439926147461
E=-14.003623511577223,dE=-1.2005804883585824e-07,std=0
L=-14.003623511577223,dL=-1.2005804883585824e-07,std=0
	gnorm= 1.411217433826577e-05
	symmetric= True
	solver time=0.0038890838623046875,exit status=0
	SR solver time= 0.003924369812011719
	symmetric= False
	niter= 34
	niter= 377
	solver time=0.07228565216064453,exit status=0
	RGN solver time= 0.07232332229614258
	xnorm=5.070979828121795,dnorm=0.007659463093106481
	dense amplitude time= 0.014187812805175781
	total non-zero amplitudes= 4900
	nsamples per process= 50
	sample time= 0.3746035099029541
	self.n= 0.5054120295148332
	RGN updated loss=-14.003623631967947,dloss=-1.2039072494474112e-07
step= 337

nparam= 1004
	dense amplitude time= 0.02022385597229004
	total non-zero amplitudes= 4900
	nsamples per process= 50
	sample time= 1.637190580368042
	self.n= 0.5054120295148323
	collect g,h time= 2.9048430919647217
E=-14.003623631967946,dE=-1.2039072316838428e-07,std=0
L=-14.003623631967946,dL=-1.2039072316838428e-07,std=0
	gnorm= 1.4646151175432512e-05
	symmetric= True
	solver time=0.003842592239379883,exit status=0
	SR solver time= 0.003878355026245117
	symmetric= False
	niter= 35
	niter= 376
	solver time=0.07013082504272461,exit status=0
	RGN solver time= 0.07016777992248535
	xnorm=5.0725833347094555,dnorm=0.007610832058934437
	dense amplitude time= 0.014203071594238281
	total non-zero amplitudes= 4900
	nsamples per process= 50
	sample time= 0.373382568359375
	self.n= 0.5050095268106851
	RGN updated loss=-14.003623749286614,dloss=-1.1731866855768658e-07
step= 338

nparam= 1004
	dense amplitude time= 0.015018939971923828
	total non-zero amplitudes= 4900
	nsamples per process= 50
	sample time= 1.6167018413543701
	self.n= 0.5050095268106841
	collect g,h time= 2.8991193771362305
E=-14.003623749286616,dE=-1.1731867033404342e-07,std=0
L=-14.003623749286616,dL=-1.1731867033404342e-07,std=0
	gnorm= 1.4045528833634288e-05
	symmetric= True
	solver time=0.003943204879760742,exit status=0
	SR solver time= 0.003978729248046875
	symmetric= False
	niter= 34
	niter= 378
	solver time=0.07310318946838379,exit status=0
	RGN solver time= 0.0731363296508789
	xnorm=5.074182616282684,dnorm=0.007573190490516814
	dense amplitude time= 0.014165163040161133
	total non-zero amplitudes= 4900
	nsamples per process= 50
	sample time= 0.3758580684661865
	self.n= 0.5046198543812228
	RGN updated loss=-14.003623866961021,dloss=-1.1767440533105855e-07
step= 339

nparam= 1004
	dense amplitude time= 0.022640466690063477
	total non-zero amplitudes= 4900
	nsamples per process= 50
	sample time= 1.6132287979125977
	self.n= 0.5046198543812219
	collect g,h time= 2.894756555557251
E=-14.003623866961021,dE=-1.1767440533105855e-07,std=0
L=-14.003623866961021,dL=-1.1767440533105855e-07,std=0
	gnorm= 1.4582516989396634e-05
	symmetric= True
	solver time=0.003777027130126953,exit status=0
	SR solver time= 0.0038118362426757812
	symmetric= False
	niter= 35
	niter= 376
	solver time=0.06981110572814941,exit status=0
	RGN solver time= 0.06984996795654297
	xnorm=5.075773127102212,dnorm=0.007525581407220918
	dense amplitude time= 0.01416635513305664
	total non-zero amplitudes= 4900
	nsamples per process= 50
	sample time= 0.3728024959564209
	self.n= 0.504219340903266
	RGN updated loss=-14.00362398163708,dloss=-1.1467605887105492e-07
step= 340

nparam= 1004
	dense amplitude time= 0.02593517303466797
	total non-zero amplitudes= 4900
	nsamples per process= 50
	sample time= 1.6123602390289307
	self.n= 0.5042193409032658
	collect g,h time= 2.8978776931762695
E=-14.003623981637078,dE=-1.1467605709469808e-07,std=0
L=-14.003623981637078,dL=-1.1467605709469808e-07,std=0
	gnorm= 1.39846048258715e-05
	symmetric= True
	solver time=0.003795146942138672,exit status=0
	SR solver time= 0.003830432891845703
	symmetric= False
	niter= 34
	niter= 377
	solver time=0.0697786808013916,exit status=0
	RGN solver time= 0.06981635093688965
	xnorm=5.077359918359698,dnorm=0.007488984285861388
	dense amplitude time= 0.01416921615600586
	total non-zero amplitudes= 4900
	nsamples per process= 50
	sample time= 0.3730812072753906
	self.n= 0.5038317742536702
	RGN updated loss=-14.003624096688272,dloss=-1.1505119346111314e-07
step= 341

nparam= 1004
	dense amplitude time= 0.049492835998535156
	total non-zero amplitudes= 4900
	nsamples per process= 50
	sample time= 1.6127355098724365
	self.n= 0.5038317742536701
	collect g,h time= 2.9020087718963623
E=-14.003624096688274,dE=-1.1505119523746998e-07,std=0
L=-14.003624096688274,dL=-1.1505119523746998e-07,std=0
	gnorm= 1.4523726039113168e-05
	symmetric= True
	solver time=0.0038521289825439453,exit status=0
	SR solver time= 0.003889322280883789
	symmetric= False
	niter= 35
	niter= 374
	solver time=0.06956267356872559,exit status=0
	RGN solver time= 0.0695960521697998
	xnorm=5.078938271484903,dnorm=0.0074423262453469745
	dense amplitude time= 0.014231204986572266
	total non-zero amplitudes= 4900
	nsamples per process= 50
	sample time= 0.3735463619232178
	self.n= 0.5034334215848604
	RGN updated loss=-14.003624208816632,dloss=-1.1212835815399558e-07
step= 342

nparam= 1004
	dense amplitude time= 0.015676498413085938
	total non-zero amplitudes= 4900
	nsamples per process= 50
	sample time= 1.611351490020752
	self.n= 0.5034334215848595
	collect g,h time= 2.896456718444824
E=-14.003624208816632,dE=-1.1212835815399558e-07,std=0
L=-14.003624208816632,dL=-1.1212835815399558e-07,std=0
	gnorm= 1.3928797824807543e-05
	symmetric= True
	solver time=0.0037147998809814453,exit status=0
	SR solver time= 0.0037505626678466797
	symmetric= False
	niter= 34
	niter= 376
	solver time=0.07013082504272461,exit status=0
	RGN solver time= 0.07016801834106445
	xnorm=5.080513316715713,dnorm=0.0074069047421405024
	dense amplitude time= 0.014169454574584961
	total non-zero amplitudes= 4900
	nsamples per process= 50
	sample time= 0.37279534339904785
	self.n= 0.5030480965370147
	RGN updated loss=-14.003624321337027,dloss=-1.125203947793807e-07
step= 343

nparam= 1004
	dense amplitude time= 0.021640300750732422
	total non-zero amplitudes= 4900
	nsamples per process= 50
	sample time= 1.622631549835205
	self.n= 0.5030480965370142
	collect g,h time= 2.8973217010498047
E=-14.003624321337023,dE=-1.1252039122666702e-07,std=0
L=-14.003624321337023,dL=-1.1252039122666702e-07,std=0
	gnorm= 1.4469576098488596e-05
	symmetric= True
	solver time=0.004091501235961914,exit status=0
	SR solver time= 0.004125833511352539
	symmetric= False
	niter= 35
	niter= 374
	solver time=0.0728144645690918,exit status=0
	RGN solver time= 0.07285547256469727
	xnorm=5.082080214332577,dnorm=0.007361204812200638
	dense amplitude time= 0.014211893081665039
	total non-zero amplitudes= 4900
	nsamples per process= 50
	sample time= 0.37583470344543457
	self.n= 0.5026520129813589
	RGN updated loss=-14.003624431012993,dloss=-1.096759696395111e-07
step= 344

nparam= 1004
	dense amplitude time= 0.025107383728027344
	total non-zero amplitudes= 4900
	nsamples per process= 50
	sample time= 1.6226396560668945
	self.n= 0.5026520129813589
	collect g,h time= 2.8969357013702393
E=-14.003624431012993,dE=-1.096759696395111e-07,std=0
L=-14.003624431012993,dL=-1.096759696395111e-07,std=0
	gnorm= 1.387794011824059e-05
	symmetric= True
	solver time=0.0036668777465820312,exit status=0
	SR solver time= 0.003703594207763672
	symmetric= False
	niter= 34
	niter= 376
	solver time=0.0700681209564209,exit status=0
	RGN solver time= 0.07010126113891602
	xnorm=5.083644172413316,dnorm=0.007326785629497478
	dense amplitude time= 0.014122724533081055
	total non-zero amplitudes= 4900
	nsamples per process= 50
	sample time= 0.3738057613372803
	self.n= 0.502269029425824
	RGN updated loss=-14.00362454109101,dloss=-1.1007801781204307e-07
step= 345

nparam= 1004
	dense amplitude time= 0.017293691635131836
	total non-zero amplitudes= 4900
	nsamples per process= 50
	sample time= 1.623791217803955
	self.n= 0.5022690294258236
	collect g,h time= 2.9018619060516357
E=-14.003624541091012,dE=-1.1007801958839991e-07,std=0
L=-14.003624541091012,dL=-1.1007801958839991e-07,std=0
	gnorm= 1.4419899022008082e-05
	symmetric= True
	solver time=0.004083395004272461,exit status=0
	SR solver time= 0.004150867462158203
	symmetric= False
	niter= 35
	niter= 374
	solver time=0.06977319717407227,exit status=0
	RGN solver time= 0.06981062889099121
	xnorm=5.0852002135126,dnorm=0.007282205430883739
	dense amplitude time= 0.01649165153503418
	total non-zero amplitudes= 4900
	nsamples per process= 50
	sample time= 0.37196850776672363
	self.n= 0.5018752824590182
	RGN updated loss=-14.003624648408028,dloss=-1.0731701571842223e-07
step= 346

nparam= 1004
	dense amplitude time= 0.014250516891479492
	total non-zero amplitudes= 4900
	nsamples per process= 50
	sample time= 1.617856740951538
	self.n= 0.5018752824590176
	collect g,h time= 2.8968734741210938
E=-14.003624648408028,dE=-1.0731701571842223e-07,std=0
L=-14.003624648408028,dL=-1.0731701571842223e-07,std=0
	gnorm= 1.3831836566276129e-05
	symmetric= True
	solver time=0.0036957263946533203,exit status=0
	SR solver time= 0.0037353038787841797
	symmetric= False
	niter= 34
	niter= 374
	solver time=0.0697793960571289,exit status=0
	RGN solver time= 0.06981253623962402
	xnorm=5.086753683435832,dnorm=0.007248889227345083
	dense amplitude time= 0.014269590377807617
	total non-zero amplitudes= 4900
	nsamples per process= 50
	sample time= 0.37236571311950684
	self.n= 0.5014946863051111
	RGN updated loss=-14.003624756134474,dloss=-1.0772644642997875e-07
step= 347

nparam= 1004
	dense amplitude time= 0.023328304290771484
	total non-zero amplitudes= 4900
	nsamples per process= 50
	sample time= 1.6381654739379883
	self.n= 0.5014946863051103
	collect g,h time= 2.9082672595977783
E=-14.003624756134474,dE=-1.0772644642997875e-07,std=0
L=-14.003624756134474,dL=-1.0772644642997875e-07,std=0
	gnorm= 1.4374698684015542e-05
	symmetric= True
	solver time=0.004038095474243164,exit status=0
	SR solver time= 0.004076719284057617
	symmetric= False
	niter= 36
	niter= 374
	solver time=0.07123589515686035,exit status=0
	RGN solver time= 0.07126951217651367
	xnorm=5.088299466542868,dnorm=0.007205355745983015
	dense amplitude time= 0.014137983322143555
	total non-zero amplitudes= 4900
	nsamples per process= 50
	sample time= 0.376584529876709
	self.n= 0.5011033074286162
	RGN updated loss=-14.003624861257316,dloss=-1.0512284198682664e-07
step= 348

nparam= 1004
	dense amplitude time= 0.0156707763671875
	total non-zero amplitudes= 4900
	nsamples per process= 50
	sample time= 1.6472725868225098
	self.n= 0.5011033074286159
	collect g,h time= 2.912930965423584
E=-14.003624861257315,dE=-1.051228402104698e-07,std=0
L=-14.003624861257315,dL=-1.051228402104698e-07,std=0
	gnorm= 1.39845438207909e-05
	symmetric= True
	solver time=0.003975629806518555,exit status=0
	SR solver time= 0.004013776779174805
	symmetric= False
	niter= 35
	niter= 374
	solver time=0.07161307334899902,exit status=0
	RGN solver time= 0.07164931297302246
	xnorm=5.089843009046524,dnorm=0.007174084093527122
	dense amplitude time= 0.014073610305786133
	total non-zero amplitudes= 4900
	nsamples per process= 50
	sample time= 0.37620043754577637
	self.n= 0.5007211691650095
	RGN updated loss=-14.003624966756949,dloss=-1.0549963391781603e-07
step= 349

nparam= 1004
	dense amplitude time= 0.016759395599365234
	total non-zero amplitudes= 4900
	nsamples per process= 50
	sample time= 1.6458313465118408
	self.n= 0.500721169165009
	collect g,h time= 2.908590078353882
E=-14.003624966756949,dE=-1.0549963391781603e-07,std=0
L=-14.003624966756949,dL=-1.0549963391781603e-07,std=0
	gnorm= 1.4331464868757653e-05
	symmetric= True
	solver time=0.0040569305419921875,exit status=0
	SR solver time= 0.004096508026123047
	symmetric= False
	niter= 36
	niter= 374
	solver time=0.07084226608276367,exit status=0
	RGN solver time= 0.07087874412536621
	xnorm=5.091378812023652,dnorm=0.007131330846017597
	dense amplitude time= 0.014170408248901367
	total non-zero amplitudes= 4900
	nsamples per process= 50
	sample time= 0.3714144229888916
	self.n= 0.5003300765246201
	RGN updated loss=-14.003625069634804,dloss=-1.0287785556784002e-07
step= 350

nparam= 1004
	dense amplitude time= 0.014494180679321289
	total non-zero amplitudes= 4900
	nsamples per process= 50
	sample time= 1.6344048976898193
	self.n= 0.5003300765246194
	collect g,h time= 2.904554843902588
E=-14.003625069634802,dE=-1.0287785379148318e-07,std=0
L=-14.003625069634802,dL=-1.0287785379148318e-07,std=0
	gnorm= 1.3743531679752796e-05
	symmetric= True
	solver time=0.0037794113159179688,exit status=0
	SR solver time= 0.0038170814514160156
	symmetric= False
	niter= 34
	niter= 374
	solver time=0.07099437713623047,exit status=0
	RGN solver time= 0.0710301399230957
	xnorm=5.092912618317748,dnorm=0.007100020266222951
	dense amplitude time= 0.014043569564819336
	total non-zero amplitudes= 4900
	nsamples per process= 50
	sample time= 0.375063419342041
	self.n= 0.4999525812401612
	RGN updated loss=-14.003625172945625,dloss=-1.0331082300751859e-07
step= 351

nparam= 1004
	dense amplitude time= 0.041776418685913086
	total non-zero amplitudes= 4900
	nsamples per process= 50
	sample time= 1.6370749473571777
	self.n= 0.4999525812401607
	collect g,h time= 2.901597261428833
E=-14.003625172945622,dE=-1.0331081945480491e-07,std=0
L=-14.003625172945622,dL=-1.0331081945480491e-07,std=0
	gnorm= 1.4290133785171408e-05
	symmetric= True
	solver time=0.0038003921508789062,exit status=0
	SR solver time= 0.0038368701934814453
	symmetric= False
	niter= 35
	niter= 374
	solver time=0.06916046142578125,exit status=0
	RGN solver time= 0.06919503211975098
	xnorm=5.094439328280293,dnorm=0.007058767149289673
	dense amplitude time= 0.014172554016113281
	total non-zero amplitudes= 4900
	nsamples per process= 50
	sample time= 0.37314772605895996
	self.n= 0.49956436464085385
	RGN updated loss=-14.003625273732858,dloss=-1.0078723633455411e-07
step= 352

nparam= 1004
	dense amplitude time= 0.026948928833007812
	total non-zero amplitudes= 4900
	nsamples per process= 50
	sample time= 1.6511709690093994
	self.n= 0.4995643646408532
	collect g,h time= 2.921699047088623
E=-14.003625273732856,dE=-1.0078723455819727e-07,std=0
L=-14.003625273732856,dL=-1.0078723455819727e-07,std=0
	gnorm= 1.3709419773025219e-05
	symmetric= True
	solver time=0.0038652420043945312,exit status=0
	SR solver time= 0.0039014816284179688
	symmetric= False
	niter= 34
	niter= 374
	solver time=0.06960916519165039,exit status=0
	RGN solver time= 0.06964588165283203
	xnorm=5.095964568965293,dnorm=0.0070286112653620125
	dense amplitude time= 0.014111757278442383
	total non-zero amplitudes= 4900
	nsamples per process= 50
	sample time= 0.3788292407989502
	self.n= 0.4991896996460851
	RGN updated loss=-14.003625374951792,dloss=-1.0121893545544935e-07
step= 353

nparam= 1004
	dense amplitude time= 0.017834901809692383
	total non-zero amplitudes= 4900
	nsamples per process= 50
	sample time= 1.630490779876709
	self.n= 0.4991896996460845
	collect g,h time= 2.902104139328003
E=-14.00362537495179,dE=-1.0121893367909252e-07,std=0
L=-14.00362537495179,dL=-1.0121893367909252e-07,std=0
	gnorm= 1.4255195716178576e-05
	symmetric= True
	solver time=0.003936052322387695,exit status=0
	SR solver time= 0.0039751529693603516
	symmetric= False
	niter= 36
	niter= 374
	solver time=0.06901764869689941,exit status=0
	RGN solver time= 0.06905031204223633
	xnorm=5.097482795270478,dnorm=0.006988457642438352
	dense amplitude time= 0.014205694198608398
	total non-zero amplitudes= 4900
	nsamples per process= 50
	sample time= 0.3732466697692871
	self.n= 0.49880416354762924
	RGN updated loss=-14.003625473737914,dloss=-9.87861241696919e-08
step= 354

nparam= 1004
	dense amplitude time= 0.025682926177978516
	total non-zero amplitudes= 4900
	nsamples per process= 50
	sample time= 1.6165485382080078
	self.n= 0.49880416354762924
	collect g,h time= 2.903702974319458
E=-14.003625473737914,dE=-9.87861241696919e-08,std=0
L=-14.003625473737914,dL=-9.87861241696919e-08,std=0
	gnorm= 1.368031797732387e-05
	symmetric= True
	solver time=0.0037145614624023438,exit status=0
	SR solver time= 0.0037496089935302734
	symmetric= False
	niter= 34
	niter= 374
	solver time=0.06976985931396484,exit status=0
	RGN solver time= 0.06980776786804199
	xnorm=5.098999794754368,dnorm=0.006959399647984226
	dense amplitude time= 0.014158964157104492
	total non-zero amplitudes= 4900
	nsamples per process= 50
	sample time= 0.3749692440032959
	self.n= 0.4984321347739684
	RGN updated loss=-14.003625572947769,dloss=-9.92098545538056e-08
step= 355

nparam= 1004
	dense amplitude time= 0.016391754150390625
	total non-zero amplitudes= 4900
	nsamples per process= 50
	sample time= 1.612621784210205
	self.n= 0.49843213477396847
	collect g,h time= 2.9034037590026855
E=-14.003625572947767,dE=-9.920985277744876e-08,std=0
L=-14.003625572947767,dL=-9.920985277744876e-08,std=0
	gnorm= 1.4225303730744925e-05
	symmetric= True
	solver time=0.003981351852416992,exit status=0
	SR solver time= 0.0040171146392822266
	symmetric= False
	niter= 36
	niter= 374
	solver time=0.07006406784057617,exit status=0
	RGN solver time= 0.07011270523071289
	xnorm=5.100509911643551,dnorm=0.006920352874689587
	dense amplitude time= 0.014180183410644531
	total non-zero amplitudes= 4900
	nsamples per process= 50
	sample time= 0.3752889633178711
	self.n= 0.49804912528561257
	RGN updated loss=-14.003625669818456,dloss=-9.687068924790765e-08
step= 356

nparam= 1004
	dense amplitude time= 0.015541315078735352
	total non-zero amplitudes= 4900
	nsamples per process= 50
	sample time= 1.6310112476348877
	self.n= 0.4980491252856128
	collect g,h time= 2.9109389781951904
E=-14.003625669818458,dE=-9.687069102426449e-08,std=0
L=-14.003625669818458,dL=-9.687069102426449e-08,std=0
	gnorm= 1.3655282873807429e-05
	symmetric= True
	solver time=0.004055500030517578,exit status=0
	SR solver time= 0.004091739654541016
	symmetric= False
	niter= 35
	niter= 376
	solver time=0.07117748260498047,exit status=0
	RGN solver time= 0.07121634483337402
	xnorm=5.102019062879969,dnorm=0.0068923425251957325
	dense amplitude time= 0.015030860900878906
	total non-zero amplitudes= 4900
	nsamples per process= 50
	sample time= 0.37566471099853516
	self.n= 0.4976796068448969
	RGN updated loss=-14.00362576709989,dloss=-9.728143268716849e-08
step= 357

nparam= 1004
	dense amplitude time= 0.013859987258911133
	total non-zero amplitudes= 4900
	nsamples per process= 50
	sample time= 1.6261305809020996
	self.n= 0.4976796068448959
	collect g,h time= 2.9001405239105225
E=-14.00362576709989,dE=-9.728143268716849e-08,std=0
L=-14.00362576709989,dL=-9.728143268716849e-08,std=0
	gnorm= 1.4199583410495e-05
	symmetric= True
	solver time=0.003911018371582031,exit status=0
	SR solver time= 0.003945350646972656
	symmetric= False
	niter= 36
	niter= 374
	solver time=0.06956791877746582,exit status=0
	RGN solver time= 0.06960535049438477
	xnorm=5.103521458471828,dnorm=0.0068545006716947965
	dense amplitude time= 0.014033079147338867
	total non-zero amplitudes= 4900
	nsamples per process= 50
	sample time= 0.37307214736938477
	self.n= 0.4972990057527237
	RGN updated loss=-14.003625862139288,dloss=-9.50393967968921e-08
step= 358

nparam= 1004
	dense amplitude time= 0.025178194046020508
	total non-zero amplitudes= 4900
	nsamples per process= 50
	sample time= 1.6155993938446045
	self.n= 0.497299005752723
	collect g,h time= 2.8948261737823486
E=-14.003625862139284,dE=-9.503939324417843e-08,std=0
L=-14.003625862139284,dL=-9.503939324417843e-08,std=0
	gnorm= 1.3634161416246431e-05
	symmetric= True
	solver time=0.003762483596801758,exit status=0
	SR solver time= 0.003798961639404297
	symmetric= False
	niter= 35
	niter= 376
	solver time=0.07027721405029297,exit status=0
	RGN solver time= 0.07030987739562988
	xnorm=5.105023166330559,dnorm=0.006827504834601712
	dense amplitude time= 0.014203548431396484
	total non-zero amplitudes= 4900
	nsamples per process= 50
	sample time= 0.36938023567199707
	self.n= 0.4969318923450905
	RGN updated loss=-14.003625957645689,dloss=-9.550640456268411e-08
step= 359

nparam= 1004
	dense amplitude time= 0.026096820831298828
	total non-zero amplitudes= 4900
	nsamples per process= 50
	sample time= 1.6157612800598145
	self.n= 0.4969318923450903
	collect g,h time= 2.9044339656829834
E=-14.00362595764569,dE=-9.550640633904095e-08,std=0
L=-14.00362595764569,dL=-9.550640633904095e-08,std=0
	gnorm= 1.425569503503437e-05
	symmetric= True
	solver time=0.004057407379150391,exit status=0
	SR solver time= 0.0040950775146484375
	symmetric= False
	niter= 36
	niter= 374
	solver time=0.07024216651916504,exit status=0
	RGN solver time= 0.07027792930603027
	xnorm=5.106518237898887,dnorm=0.006790676228102615
	dense amplitude time= 0.014147281646728516
	total non-zero amplitudes= 4900
	nsamples per process= 50
	sample time= 0.3727223873138428
	self.n= 0.49655379633881336
	RGN updated loss=-14.003626050814502,dloss=-9.316881133258903e-08
step= 360

nparam= 1004
	dense amplitude time= 0.024698495864868164
	total non-zero amplitudes= 4900
	nsamples per process= 50
	sample time= 1.614600419998169
	self.n= 0.49655379633881225
	collect g,h time= 2.897481918334961
E=-14.0036260508145,dE=-9.316880955623219e-08,std=0
L=-14.0036260508145,dL=-9.316880955623219e-08,std=0
	gnorm= 1.3643956888561961e-05
	symmetric= True
	solver time=0.0038018226623535156,exit status=0
	SR solver time= 0.0038404464721679688
	symmetric= False
	niter= 35
	niter= 376
	solver time=0.06922054290771484,exit status=0
	RGN solver time= 0.06925511360168457
	xnorm=5.108013896064213,dnorm=0.006764825265725909
	dense amplitude time= 0.01417398452758789
	total non-zero amplitudes= 4900
	nsamples per process= 50
	sample time= 0.3738057613372803
	self.n= 0.4961889372164309
	RGN updated loss=-14.003626144586375,dloss=-9.377187559778122e-08
step= 361

nparam= 1004
	dense amplitude time= 0.03470778465270996
	total non-zero amplitudes= 4900
	nsamples per process= 50
	sample time= 1.6162636280059814
	self.n= 0.4961889372164302
	collect g,h time= 2.89980149269104
E=-14.003626144586377,dE=-9.377187737413806e-08,std=0
L=-14.003626144586377,dL=-9.377187737413806e-08,std=0
	gnorm= 1.423296914717371e-05
	symmetric= True
	solver time=0.00393366813659668,exit status=0
	SR solver time= 0.00397038459777832
	symmetric= False
	niter= 36
	niter= 374
	solver time=0.06893706321716309,exit status=0
	RGN solver time= 0.06897234916687012
	xnorm=5.109501717311965,dnorm=0.006729108622982557
	dense amplitude time= 0.014235496520996094
	total non-zero amplitudes= 4900
	nsamples per process= 50
	sample time= 0.3726358413696289
	self.n= 0.4958130158544132
	RGN updated loss=-14.00362623608743,dloss=-9.150105206856551e-08
step= 362

nparam= 1004
	dense amplitude time= 0.01653885841369629
	total non-zero amplitudes= 4900
	nsamples per process= 50
	sample time= 1.6138665676116943
	self.n= 0.49581301585441306
	collect g,h time= 2.900327205657959
E=-14.00362623608743,dE=-9.150105206856551e-08,std=0
L=-14.00362623608743,dL=-9.150105206856551e-08,std=0
	gnorm= 1.3632867478454083e-05
	symmetric= True
	solver time=0.0038404464721679688,exit status=0
	SR solver time= 0.0038764476776123047
	symmetric= False
	niter= 35
	niter= 374
	solver time=0.06883120536804199,exit status=0
	RGN solver time= 0.06886720657348633
	xnorm=5.110990581437147,dnorm=0.006704373103683566
	dense amplitude time= 0.014104843139648438
	total non-zero amplitudes= 4900
	nsamples per process= 50
	sample time= 0.3758668899536133
	self.n= 0.4954503598914628
	RGN updated loss=-14.0036263279559,dloss=-9.186847016451338e-08
step= 363

nparam= 1004
	dense amplitude time= 0.0297086238861084
	total non-zero amplitudes= 4900
	nsamples per process= 50
	sample time= 1.6994643211364746
	self.n= 0.4954503598914628
	collect g,h time= 2.9541609287261963
E=-14.0036263279559,dE=-9.186847016451338e-08,std=0
L=-14.0036263279559,dL=-9.186847016451338e-08,std=0
	gnorm= 1.586497299032966e-05
	symmetric= True
	solver time=0.004001140594482422,exit status=0
	SR solver time= 0.004036664962768555
	symmetric= False
	niter= 37
	niter= 374
	solver time=0.06949520111083984,exit status=0
	RGN solver time= 0.06952953338623047
	xnorm=5.11247175574976,dnorm=0.006679319279115265
	dense amplitude time= 0.014234304428100586
	total non-zero amplitudes= 4900
	nsamples per process= 50
	sample time= 0.37407493591308594
	self.n= 0.49506878547413535
	RGN updated loss=-14.003626418117344,dloss=-9.016144453255492e-08
step= 364

nparam= 1004
	dense amplitude time= 0.024956464767456055
	total non-zero amplitudes= 4900
	nsamples per process= 50
	sample time= 1.6171536445617676
	self.n= 0.4950687854741353
	collect g,h time= 2.902885913848877
E=-14.003626418117342,dE=-9.016144275619808e-08,std=0
L=-14.003626418117342,dL=-9.016144275619808e-08,std=0
	gnorm= 1.3606786861974425e-05
	symmetric= True
	solver time=0.003823995590209961,exit status=0
	SR solver time= 0.003858327865600586
	symmetric= False
	niter= 35
	niter= 374
	solver time=0.06985855102539062,exit status=0
	RGN solver time= 0.06989336013793945
	xnorm=5.1139511946191485,dnorm=0.006651804129110472
	dense amplitude time= 0.014247417449951172
	total non-zero amplitudes= 4900
	nsamples per process= 50
	sample time= 0.3778574466705322
	self.n= 0.4947034090131701
	RGN updated loss=-14.003626508590965,dloss=-9.047362325986796e-08
step= 365

nparam= 1004
	dense amplitude time= 0.017344951629638672
	total non-zero amplitudes= 4900
	nsamples per process= 50
	sample time= 1.622727394104004
	self.n= 0.4947034090131696
	collect g,h time= 2.8993935585021973
E=-14.003626508590964,dE=-9.047362148351112e-08,std=0
L=-14.003626508590964,dL=-9.047362148351112e-08,std=0
	gnorm= 1.4109278032992642e-05
	symmetric= True
	solver time=0.003957509994506836,exit status=0
	SR solver time= 0.003998994827270508
	symmetric= False
	niter= 36
	niter= 374
	solver time=0.06883358955383301,exit status=0
	RGN solver time= 0.06886696815490723
	xnorm=5.115424090556284,dnorm=0.006617986852489494
	dense amplitude time= 0.014181375503540039
	total non-zero amplitudes= 4900
	nsamples per process= 50
	sample time= 0.3728654384613037
	self.n= 0.4943268949747702
	RGN updated loss=-14.00362659692753,dloss=-8.833656650608646e-08
step= 366

nparam= 1004
	dense amplitude time= 0.01626276969909668
	total non-zero amplitudes= 4900
	nsamples per process= 50
	sample time= 1.671196699142456
	self.n= 0.49432689497476934
	collect g,h time= 2.949044704437256
E=-14.003626596927528,dE=-8.833656472972962e-08,std=0
L=-14.003626596927528,dL=-8.833656472972962e-08,std=0
	gnorm= 1.440342099711839e-05
	symmetric= True
	solver time=0.003969907760620117,exit status=0
	SR solver time= 0.00400543212890625
	symmetric= False
	niter= 36
	niter= 374
	solver time=0.07024693489074707,exit status=0
	RGN solver time= 0.07028341293334961
	xnorm=5.11689784049686,dnorm=0.0065910782990602134
	dense amplitude time= 0.014174938201904297
	total non-zero amplitudes= 4900
	nsamples per process= 50
	sample time= 0.373776912689209
	self.n= 0.4939716969605642
	RGN updated loss=-14.003626686017867,dloss=-8.90903386618902e-08
step= 367

nparam= 1004
	dense amplitude time= 0.023576021194458008
	total non-zero amplitudes= 4900
	nsamples per process= 50
	sample time= 1.6150996685028076
	self.n= 0.4939716969605631
	collect g,h time= 2.9032444953918457
E=-14.003626686017867,dE=-8.90903386618902e-08,std=0
L=-14.003626686017867,dL=-8.90903386618902e-08,std=0
	gnorm= 1.5495882885913876e-05
	symmetric= True
	solver time=0.004090785980224609,exit status=0
	SR solver time= 0.004125833511352539
	symmetric= False
	niter= 37
	niter= 374
	solver time=0.06978893280029297,exit status=0
	RGN solver time= 0.0698249340057373
	xnorm=5.118368732484187,dnorm=0.006564760895323243
	dense amplitude time= 0.0141754150390625
	total non-zero amplitudes= 4900
	nsamples per process= 50
	sample time= 0.3736424446105957
	self.n= 0.4935952251906428
	RGN updated loss=-14.003626772860096,dloss=-8.684222940757991e-08
step= 368

nparam= 1004
	dense amplitude time= 0.026366233825683594
	total non-zero amplitudes= 4900
	nsamples per process= 50
	sample time= 1.6366207599639893
	self.n= 0.4935952251906418
	collect g,h time= 2.9044837951660156
E=-14.003626772860096,dE=-8.684222940757991e-08,std=0
L=-14.003626772860096,dL=-8.684222940757991e-08,std=0
	gnorm= 1.4324005443449269e-05
	symmetric= True
	solver time=0.003973960876464844,exit status=0
	SR solver time= 0.0040073394775390625
	symmetric= False
	niter= 36
	niter= 374
	solver time=0.07002711296081543,exit status=0
	RGN solver time= 0.07006263732910156
	xnorm=5.119837757775615,dnorm=0.006536405927318481
	dense amplitude time= 0.014212608337402344
	total non-zero amplitudes= 4900
	nsamples per process= 50
	sample time= 0.3739802837371826
	self.n= 0.49324249550732546
	RGN updated loss=-14.003626860497507,dloss=-8.763741021766691e-08
step= 369

nparam= 1004
	dense amplitude time= 0.01755809783935547
	total non-zero amplitudes= 4900
	nsamples per process= 50
	sample time= 1.6187646389007568
	self.n= 0.49324249550732513
	collect g,h time= 2.910675287246704
E=-14.003626860497507,dE=-8.763741021766691e-08,std=0
L=-14.003626860497507,dL=-8.763741021766691e-08,std=0
	gnorm= 1.5436775909351458e-05
	symmetric= True
	solver time=0.004232645034790039,exit status=0
	SR solver time= 0.004268169403076172
	symmetric= False
	niter= 37
	niter= 374
	solver time=0.07264304161071777,exit status=0
	RGN solver time= 0.07267951965332031
	xnorm=5.121303062092174,dnorm=0.006511480449760996
	dense amplitude time= 0.013912200927734375
	total non-zero amplitudes= 4900
	nsamples per process= 50
	sample time= 0.378368616104126
	self.n= 0.4928682511131629
	RGN updated loss=-14.003626945888117,dloss=-8.539061013834726e-08
step= 370

nparam= 1004
	dense amplitude time= 0.017587900161743164
	total non-zero amplitudes= 4900
	nsamples per process= 50
	sample time= 1.6470322608947754
	self.n= 0.4928682511131627
	collect g,h time= 2.9037282466888428
E=-14.003626945888115,dE=-8.539060836199042e-08,std=0
L=-14.003626945888115,dL=-8.539060836199042e-08,std=0
	gnorm= 1.4283654852286797e-05
	symmetric= True
	solver time=0.003932476043701172,exit status=0
	SR solver time= 0.003970146179199219
	symmetric= False
	niter= 36
	niter= 374
	solver time=0.0694735050201416,exit status=0
	RGN solver time= 0.06950807571411133
	xnorm=5.122766866809859,dnorm=0.0064841262579088685
	dense amplitude time= 0.014183759689331055
	total non-zero amplitudes= 4900
	nsamples per process= 50
	sample time= 0.3753848075866699
	self.n= 0.4925175844641543
	RGN updated loss=-14.00362703216728,dloss=-8.627916514569733e-08
step= 371

nparam= 1004
	dense amplitude time= 0.042815446853637695
	total non-zero amplitudes= 4900
	nsamples per process= 50
	sample time= 1.6196889877319336
	self.n= 0.4925175844641533
	collect g,h time= 2.913557291030884
E=-14.003627032167275,dE=-8.627915981662682e-08,std=0
L=-14.003627032167275,dL=-8.627915981662682e-08,std=0
	gnorm= 1.5372458891882435e-05
	symmetric= True
	solver time=0.003946781158447266,exit status=0
	SR solver time= 0.003983974456787109
	symmetric= False
	niter= 37
	niter= 374
	solver time=0.06969881057739258,exit status=0
	RGN solver time= 0.06973385810852051
	xnorm=5.124226906294579,dnorm=0.006459979525670488
	dense amplitude time= 0.014178991317749023
	total non-zero amplitudes= 4900
	nsamples per process= 50
	sample time= 0.3701777458190918
	self.n= 0.49214540019665876
	RGN updated loss=-14.00362711617206,dloss=-8.400478535008915e-08
step= 372

nparam= 1004
	dense amplitude time= 0.030074119567871094
	total non-zero amplitudes= 4900
	nsamples per process= 50
	sample time= 1.6218314170837402
	self.n= 0.49214540019665926
	collect g,h time= 2.9286980628967285
E=-14.00362711617206,dE=-8.400478535008915e-08,std=0
L=-14.00362711617206,dL=-8.400478535008915e-08,std=0
	gnorm= 1.4247226160701011e-05
	symmetric= True
	solver time=0.0042912960052490234,exit status=0
	SR solver time= 0.004326343536376953
	symmetric= False
	niter= 37
	niter= 374
	solver time=0.07095718383789062,exit status=0
	RGN solver time= 0.07099413871765137
	xnorm=5.12568561208759,dnorm=0.006433925868924408
	dense amplitude time= 0.01556253433227539
	total non-zero amplitudes= 4900
	nsamples per process= 50
	sample time= 0.3850588798522949
	self.n= 0.49179667143146777
	RGN updated loss=-14.003627200888086,dloss=-8.471602619408714e-08
step= 373

nparam= 1004
	dense amplitude time= 0.01477670669555664
	total non-zero amplitudes= 4900
	nsamples per process= 50
	sample time= 1.6920504570007324
	self.n= 0.491796671431467
	collect g,h time= 2.927441120147705
E=-14.003627200888085,dE=-8.47160244177303e-08,std=0
L=-14.003627200888085,dL=-8.47160244177303e-08,std=0
	gnorm= 1.4106439266590531e-05
	symmetric= True
	solver time=0.003976106643676758,exit status=0
	SR solver time= 0.004014730453491211
	symmetric= False
	niter= 37
	niter= 374
	solver time=0.06818008422851562,exit status=0
	RGN solver time= 0.06821250915527344
	xnorm=5.12714066113883,dnorm=0.006403544410776859
	dense amplitude time= 0.014196634292602539
	total non-zero amplitudes= 4900
	nsamples per process= 50
	sample time= 0.3680422306060791
	self.n= 0.49143366859655846
	RGN updated loss=-14.003627284352667,dloss=-8.346458280072966e-08
step= 374

nparam= 1004
	dense amplitude time= 0.027742385864257812
	total non-zero amplitudes= 4900
	nsamples per process= 50
	sample time= 1.6135756969451904
	self.n= 0.49143366859655796
	collect g,h time= 2.902284860610962
E=-14.00362728435267,dE=-8.34645845770865e-08,std=0
L=-14.00362728435267,dL=-8.34645845770865e-08,std=0
	gnorm= 7.579905334609543e-06
	symmetric= True
	solver time=0.0033156871795654297,exit status=0
	SR solver time= 0.0033495426177978516
	symmetric= False
	niter= 27
	niter= 397
	solver time=0.07419753074645996,exit status=0
	RGN solver time= 0.07423090934753418
	xnorm=5.128597179206321,dnorm=0.006376973726611015
	dense amplitude time= 0.015714168548583984
	total non-zero amplitudes= 4900
	nsamples per process= 50
	sample time= 0.3836231231689453
	self.n= 0.49107809581903067
	RGN updated loss=-14.003627366680789,dloss=-8.232811943287288e-08
step= 375

nparam= 1004
	dense amplitude time= 0.024325132369995117
	total non-zero amplitudes= 4900
	nsamples per process= 50
	sample time= 1.6413581371307373
	self.n= 0.4910780958190304
	collect g,h time= 2.903266668319702
E=-14.003627366680787,dE=-8.232811765651604e-08,std=0
L=-14.003627366680787,dL=-8.232811765651604e-08,std=0
	gnorm= 1.3799697855358955e-05
	symmetric= True
	solver time=0.0038847923278808594,exit status=0
	SR solver time= 0.003920078277587891
	symmetric= False
	niter= 36
	niter= 374
	solver time=0.06961584091186523,exit status=0
	RGN solver time= 0.06965327262878418
	xnorm=5.1300499626832785,dnorm=0.006363044595238101
	dense amplitude time= 0.014171123504638672
	total non-zero amplitudes= 4900
	nsamples per process= 50
	sample time= 0.3706791400909424
	self.n= 0.49072962261300385
	RGN updated loss=-14.003627449423522,dloss=-8.274273533004362e-08
step= 376

nparam= 1004
	dense amplitude time= 0.028005361557006836
	total non-zero amplitudes= 4900
	nsamples per process= 50
	sample time= 1.6763782501220703
	self.n= 0.4907296226130037
	collect g,h time= 2.9414186477661133
E=-14.003627449423524,dE=-8.274273710640045e-08,std=0
L=-14.003627449423524,dL=-8.274273710640045e-08,std=0
	gnorm= 1.4059233396459483e-05
	symmetric= True
	solver time=0.004151582717895508,exit status=0
	SR solver time= 0.004189729690551758
	symmetric= False
	niter= 37
	niter= 374
	solver time=0.07250761985778809,exit status=0
	RGN solver time= 0.07254266738891602
	xnorm=5.131497243400214,dnorm=0.006333022615221872
	dense amplitude time= 0.01402592658996582
	total non-zero amplitudes= 4900
	nsamples per process= 50
	sample time= 0.37309980392456055
	self.n= 0.4903688664924612
	RGN updated loss=-14.003627531057191,dloss=-8.163366693736407e-08
step= 377

nparam= 1004
	dense amplitude time= 0.024439573287963867
	total non-zero amplitudes= 4900
	nsamples per process= 50
	sample time= 1.6161680221557617
	self.n= 0.4903688664924607
	collect g,h time= 2.9073095321655273
E=-14.003627531057191,dE=-8.163366693736407e-08,std=0
L=-14.003627531057191,dL=-8.163366693736407e-08,std=0
	gnorm= 7.491752675620308e-06
	symmetric= True
	solver time=0.003033161163330078,exit status=0
	SR solver time= 0.003072500228881836
	symmetric= False
	niter= 27
	niter= 397
	solver time=0.07393026351928711,exit status=0
	RGN solver time= 0.07396864891052246
	xnorm=5.132945898057256,dnorm=0.006308087770853306
	dense amplitude time= 0.014195919036865234
	total non-zero amplitudes= 4900
	nsamples per process= 50
	sample time= 0.3735313415527344
	self.n= 0.49001528662065685
	RGN updated loss=-14.003627611657723,dloss=-8.060053247049837e-08
step= 378

nparam= 1004
	dense amplitude time= 0.01667022705078125
	total non-zero amplitudes= 4900
	nsamples per process= 50
	sample time= 1.635178565979004
	self.n= 0.4900152866206564
	collect g,h time= 2.9050357341766357
E=-14.003627611657723,dE=-8.060053247049837e-08,std=0
L=-14.003627611657723,dL=-8.060053247049837e-08,std=0
	gnorm= 1.3806540446936701e-05
	symmetric= True
	solver time=0.004067420959472656,exit status=0
	SR solver time= 0.004102468490600586
	symmetric= False
	niter= 37
	niter= 374
	solver time=0.0700230598449707,exit status=0
	RGN solver time= 0.07005763053894043
	xnorm=5.134391303194959,dnorm=0.006296030728785809
	dense amplitude time= 0.014173030853271484
	total non-zero amplitudes= 4900
	nsamples per process= 50
	sample time= 0.37448811531066895
	self.n= 0.4896687731373798
	RGN updated loss=-14.003627692621059,dloss=-8.096333559137747e-08
step= 379

nparam= 1004
	dense amplitude time= 0.028076887130737305
	total non-zero amplitudes= 4900
	nsamples per process= 50
	sample time= 1.6426854133605957
	self.n= 0.4896687731373791
	collect g,h time= 2.9494271278381348
E=-14.003627692621059,dE=-8.096333559137747e-08,std=0
L=-14.003627692621059,dL=-8.096333559137747e-08,std=0
	gnorm= 1.4057581011214327e-05
	symmetric= True
	solver time=0.0042018890380859375,exit status=0
	SR solver time= 0.0042383670806884766
	symmetric= False
	niter= 37
	niter= 374
	solver time=0.07113981246948242,exit status=0
	RGN solver time= 0.07117342948913574
	xnorm=5.135831528721618,dnorm=0.006267173786233763
	dense amplitude time= 0.016493558883666992
	total non-zero amplitudes= 4900
	nsamples per process= 50
	sample time= 0.38394737243652344
	self.n= 0.48930989856763063
	RGN updated loss=-14.003627772568764,dloss=-7.994770534480722e-08
step= 380

nparam= 1004
	dense amplitude time= 0.023344039916992188
	total non-zero amplitudes= 4900
	nsamples per process= 50
	sample time= 1.6209959983825684
	self.n= 0.48930989856763013
	collect g,h time= 2.909496545791626
E=-14.003627772568764,dE=-7.994770534480722e-08,std=0
L=-14.003627772568764,dL=-7.994770534480722e-08,std=0
	gnorm= 7.412505406539077e-06
	symmetric= True
	solver time=0.003097057342529297,exit status=0
	SR solver time= 0.0031347274780273438
	symmetric= False
	niter= 27
	niter= 398
	solver time=0.07374191284179688,exit status=0
	RGN solver time= 0.07377743721008301
	xnorm=5.137273546464659,dnorm=0.006243470510794619
	dense amplitude time= 0.014157772064208984
	total non-zero amplitudes= 4900
	nsamples per process= 50
	sample time= 0.3749399185180664
	self.n= 0.48895825699712975
	RGN updated loss=-14.003627851910604,dloss=-7.93418397648793e-08
step= 381

nparam= 1004
	dense amplitude time= 0.029378175735473633
	total non-zero amplitudes= 4900
	nsamples per process= 50
	sample time= 1.6351690292358398
	self.n= 0.4889582569971294
	collect g,h time= 2.928720474243164
E=-14.0036278519106,dE=-7.934183621216562e-08,std=0
L=-14.0036278519106,dL=-7.934183621216562e-08,std=0
	gnorm= 7.3467697258082e-06
	symmetric= True
	solver time=0.003139019012451172,exit status=0
	SR solver time= 0.0031735897064208984
	symmetric= False
	niter= 27
	niter= 399
	solver time=0.07399725914001465,exit status=0
	RGN solver time= 0.07403349876403809
	xnorm=5.13871253100556,dnorm=0.006222532552849451
	dense amplitude time= 0.014104127883911133
	total non-zero amplitudes= 4900
	nsamples per process= 50
	sample time= 0.37395453453063965
	self.n= 0.48860753439450977
	RGN updated loss=-14.00362793076985,dloss=-7.885924979689207e-08
step= 382

nparam= 1004
	dense amplitude time= 0.026220083236694336
	total non-zero amplitudes= 4900
	nsamples per process= 50
	sample time= 1.6263179779052734
	self.n= 0.48860753439450894
	collect g,h time= 2.933424472808838
E=-14.003627930769849,dE=-7.885924802053523e-08,std=0
L=-14.003627930769849,dL=-7.885924802053523e-08,std=0
	gnorm= 7.315656750357328e-06
	symmetric= True
	solver time=0.003209352493286133,exit status=0
	SR solver time= 0.003247976303100586
	symmetric= False
	niter= 27
	niter= 399
	solver time=0.07556867599487305,exit status=0
	RGN solver time= 0.0756075382232666
	xnorm=5.140149010454539,dnorm=0.006202244281261065
	dense amplitude time= 0.015317201614379883
	total non-zero amplitudes= 4900
	nsamples per process= 50
	sample time= 0.385833740234375
	self.n= 0.48825743801906824
	RGN updated loss=-14.0036280096327,dloss=-7.886285224856238e-08
step= 383

nparam= 1004
	dense amplitude time= 0.029152393341064453
	total non-zero amplitudes= 4900
	nsamples per process= 50
	sample time= 1.6670215129852295
	self.n= 0.4882574380190677
	collect g,h time= 2.9095458984375
E=-14.003628009632699,dE=-7.886285047220554e-08,std=0
L=-14.003628009632699,dL=-7.886285047220554e-08,std=0
	gnorm= 1.9196618697628283e-05
	symmetric= True
	solver time=0.004601955413818359,exit status=0
	SR solver time= 0.0046405792236328125
	symmetric= False
	niter= 42
	niter= 369
	solver time=0.06833386421203613,exit status=0
	RGN solver time= 0.06836581230163574
	xnorm=5.141583193846688,dnorm=0.006186093622362643
	dense amplitude time= 0.014237403869628906
	total non-zero amplitudes= 4900
	nsamples per process= 50
	sample time= 0.372692346572876
	self.n= 0.4879152705329436
	RGN updated loss=-14.003628084868238,dloss=-7.523553868793442e-08
step= 384

nparam= 1004
	dense amplitude time= 0.027281999588012695
	total non-zero amplitudes= 4900
	nsamples per process= 50
	sample time= 1.6189088821411133
	self.n= 0.48791527053294304
	collect g,h time= 2.911426305770874
E=-14.003628084868238,dE=-7.523553868793442e-08,std=0
L=-14.003628084868238,dL=-7.523553868793442e-08,std=0
	gnorm= 2.1195701705665175e-05
	symmetric= True
	solver time=0.00463557243347168,exit status=0
	SR solver time= 0.004671335220336914
	symmetric= False
	niter= 42
	niter= 366
	solver time=0.07210326194763184,exit status=0
	RGN solver time= 0.07213902473449707
	xnorm=5.1430119136520025,dnorm=0.006177986140113914
	dense amplitude time= 0.016013383865356445
	total non-zero amplitudes= 4900
	nsamples per process= 50
	sample time= 0.3777146339416504
	self.n= 0.4875746459080575
	RGN updated loss=-14.003628165119999,dloss=-8.025176079229368e-08
step= 385

nparam= 1004
	dense amplitude time= 0.03016042709350586
	total non-zero amplitudes= 4900
	nsamples per process= 50
	sample time= 1.6303417682647705
	self.n= 0.4875746459080573
	collect g,h time= 2.905374050140381
E=-14.003628165119997,dE=-8.025175901593684e-08,std=0
L=-14.003628165119997,dL=-8.025175901593684e-08,std=0
	gnorm= 1.9146080088016676e-05
	symmetric= True
	solver time=0.004514932632446289,exit status=0
	SR solver time= 0.004549741744995117
	symmetric= False
	niter= 42
	niter= 364
	solver time=0.06750750541687012,exit status=0
	RGN solver time= 0.06754016876220703
	xnorm=5.144438896125499,dnorm=0.006145959653312531
	dense amplitude time= 0.014312505722045898
	total non-zero amplitudes= 4900
	nsamples per process= 50
	sample time= 0.37431788444519043
	self.n= 0.48723024906776846
	RGN updated loss=-14.003628239955725,dloss=-7.483572872502009e-08
step= 386

nparam= 1004
	dense amplitude time= 0.028640031814575195
	total non-zero amplitudes= 4900
	nsamples per process= 50
	sample time= 1.6321303844451904
	self.n= 0.4872302490677677
	collect g,h time= 2.9180729389190674
E=-14.003628239955727,dE=-7.483573050137693e-08,std=0
L=-14.003628239955727,dL=-7.483573050137693e-08,std=0
	gnorm= 1.8048140523595802e-05
	symmetric= True
	solver time=0.00487828254699707,exit status=0
	SR solver time= 0.004918813705444336
	symmetric= False
	niter= 42
	niter= 370
	solver time=0.07437491416931152,exit status=0
	RGN solver time= 0.07441353797912598
	xnorm=5.14586558740354,dnorm=0.0061324024497538465
	dense amplitude time= 0.01783132553100586
	total non-zero amplitudes= 4900
	nsamples per process= 50
	sample time= 0.3765583038330078
	self.n= 0.4868827554276053
	RGN updated loss=-14.003628318200846,dloss=-7.824511882859042e-08
step= 387

nparam= 1004
	dense amplitude time= 0.019987821578979492
	total non-zero amplitudes= 4900
	nsamples per process= 50
	sample time= 1.657118797302246
	self.n= 0.4868827554276046
	collect g,h time= 2.918550491333008
E=-14.003628318200846,dE=-7.824511882859042e-08,std=0
L=-14.003628318200846,dL=-7.824511882859042e-08,std=0
	gnorm= 1.9336143506221425e-05
	symmetric= True
	solver time=0.004714250564575195,exit status=0
	SR solver time= 0.004750967025756836
	symmetric= False
	niter= 42
	niter= 365
	solver time=0.06929826736450195,exit status=0
	RGN solver time= 0.0693356990814209
	xnorm=5.147292870842123,dnorm=0.006108241519411602
	dense amplitude time= 0.014133214950561523
	total non-zero amplitudes= 4900
	nsamples per process= 50
	sample time= 0.3744082450866699
	self.n= 0.4865387615348663
	RGN updated loss=-14.003628392281737,dloss=-7.40808907551127e-08
step= 388

nparam= 1004
	dense amplitude time= 0.015110254287719727
	total non-zero amplitudes= 4900
	nsamples per process= 50
	sample time= 1.6420931816101074
	self.n= 0.4865387615348651
	collect g,h time= 2.913684129714966
E=-14.003628392281735,dE=-7.408088897875587e-08,std=0
L=-14.003628392281735,dL=-7.408088897875587e-08,std=0
	gnorm= 1.825774175064825e-05
	symmetric= True
	solver time=0.004766225814819336,exit status=0
	SR solver time= 0.004803180694580078
	symmetric= False
	niter= 42
	niter= 369
	solver time=0.07097959518432617,exit status=0
	RGN solver time= 0.07101702690124512
	xnorm=5.148718747175848,dnorm=0.006096435868208992
	dense amplitude time= 0.01619100570678711
	total non-zero amplitudes= 4900
	nsamples per process= 50
	sample time= 0.37405896186828613
	self.n= 0.4861923197487258
	RGN updated loss=-14.003628469678073,dloss=-7.739633822723135e-08
step= 389

nparam= 1004
	dense amplitude time= 0.01394200325012207
	total non-zero amplitudes= 4900
	nsamples per process= 50
	sample time= 1.6484451293945312
	self.n= 0.4861923197487252
	collect g,h time= 2.934614658355713
E=-14.003628469678077,dE=-7.739634177994503e-08,std=0
L=-14.003628469678077,dL=-7.739634177994503e-08,std=0
	gnorm= 1.993017549566573e-05
	symmetric= True
	solver time=0.0047533512115478516,exit status=0
	SR solver time= 0.0047893524169921875
	symmetric= False
	niter= 43
	niter= 365
	solver time=0.06901144981384277,exit status=0
	RGN solver time= 0.06905174255371094
	xnorm=5.150144560580776,dnorm=0.006074165269195177
	dense amplitude time= 0.01416015625
	total non-zero amplitudes= 4900
	nsamples per process= 50
	sample time= 0.3845677375793457
	self.n= 0.48585029834179705
	RGN updated loss=-14.003628543377332,dloss=-7.369925469902228e-08
step= 390

nparam= 1004
	dense amplitude time= 0.015774011611938477
	total non-zero amplitudes= 4900
	nsamples per process= 50
	sample time= 1.6417152881622314
	self.n= 0.4858502983417975
	collect g,h time= 2.930194616317749
E=-14.003628543377333,dE=-7.369925647537912e-08,std=0
L=-14.003628543377333,dL=-7.369925647537912e-08,std=0
	gnorm= 1.8302581837551424e-05
	symmetric= True
	solver time=0.004832744598388672,exit status=0
	SR solver time= 0.004871845245361328
	symmetric= False
	niter= 42
	niter= 369
	solver time=0.0710899829864502,exit status=0
	RGN solver time= 0.07112574577331543
	xnorm=5.151566117208792,dnorm=0.006062611005708421
	dense amplitude time= 0.015724897384643555
	total non-zero amplitudes= 4900
	nsamples per process= 50
	sample time= 0.3750622272491455
	self.n= 0.4855060546743277
	RGN updated loss=-14.003628619740669,dloss=-7.636333521077177e-08
step= 391

nparam= 1004
	dense amplitude time= 0.04338479042053223
	total non-zero amplitudes= 4900
	nsamples per process= 50
	sample time= 1.6236073970794678
	self.n= 0.4855060546743272
	collect g,h time= 2.932631254196167
E=-14.003628619740669,dE=-7.636333521077177e-08,std=0
L=-14.003628619740669,dL=-7.636333521077177e-08,std=0
	gnorm= 2.307072606383166e-05
	symmetric= True
	solver time=0.00467228889465332,exit status=0
	SR solver time= 0.004708528518676758
	symmetric= False
	niter= 43
	niter= 369
	solver time=0.06939196586608887,exit status=0
	RGN solver time= 0.06943249702453613
	xnorm=5.152988849028829,dnorm=0.006055829572330735
	dense amplitude time= 0.014398336410522461
	total non-zero amplitudes= 4900
	nsamples per process= 50
	sample time= 0.37439632415771484
	self.n= 0.4851577458306332
	RGN updated loss=-14.00362869100413,dloss=-7.126346091013147e-08
step= 392

nparam= 1004
	dense amplitude time= 0.02642822265625
	total non-zero amplitudes= 4900
	nsamples per process= 50
	sample time= 1.6249089241027832
	self.n= 0.48515774583063276
	collect g,h time= 2.9384655952453613
E=-14.00362869100413,dE=-7.126346091013147e-08,std=0
L=-14.00362869100413,dL=-7.126346091013147e-08,std=0
	gnorm= 2.119760198885057e-05
	symmetric= True
	solver time=0.004675865173339844,exit status=0
	SR solver time= 0.004712581634521484
	symmetric= False
	niter= 43
	niter= 366
	solver time=0.06769490242004395,exit status=0
	RGN solver time= 0.06773161888122559
	xnorm=5.154414434602442,dnorm=0.006032251041510054
	dense amplitude time= 0.014235258102416992
	total non-zero amplitudes= 4900
	nsamples per process= 50
	sample time= 0.37401795387268066
	self.n= 0.484813493799185
	RGN updated loss=-14.003628766484717,dloss=-7.548058711392969e-08
step= 393

nparam= 1004
	dense amplitude time= 0.015640974044799805
	total non-zero amplitudes= 4900
	nsamples per process= 50
	sample time= 1.6223561763763428
	self.n= 0.4848134937991851
	collect g,h time= 2.9312241077423096
E=-14.003628766484717,dE=-7.548058711392969e-08,std=0
L=-14.003628766484717,dL=-7.548058711392969e-08,std=0
	gnorm= 1.9544085359121445e-05
	symmetric= True
	solver time=0.004586458206176758,exit status=0
	SR solver time= 0.004622697830200195
	symmetric= False
	niter= 42
	niter= 365
	solver time=0.06679153442382812,exit status=0
	RGN solver time= 0.06682777404785156
	xnorm=5.155831282537783,dnorm=0.006006149542713035
	dense amplitude time= 0.014110803604125977
	total non-zero amplitudes= 4900
	nsamples per process= 50
	sample time= 0.37348389625549316
	self.n= 0.48447409211918496
	RGN updated loss=-14.00362883849689,dloss=-7.20121740016566e-08
step= 394

nparam= 1004
	dense amplitude time= 0.014548778533935547
	total non-zero amplitudes= 4900
	nsamples per process= 50
	sample time= 1.6520311832427979
	self.n= 0.4844740921191847
	collect g,h time= 2.928633451461792
E=-14.003628838496887,dE=-7.201217044894292e-08,std=0
L=-14.003628838496887,dL=-7.201217044894292e-08,std=0
	gnorm= 1.849761050134669e-05
	symmetric= True
	solver time=0.004791736602783203,exit status=0
	SR solver time= 0.004830360412597656
	symmetric= False
	niter= 42
	niter= 369
	solver time=0.07058954238891602,exit status=0
	RGN solver time= 0.07062149047851562
	xnorm=5.157247695584967,dnorm=0.005995448332733204
	dense amplitude time= 0.014330148696899414
	total non-zero amplitudes= 4900
	nsamples per process= 50
	sample time= 0.3798534870147705
	self.n= 0.48413295312764015
	RGN updated loss=-14.00362891333231,dloss=-7.483542319164371e-08
step= 395

nparam= 1004
	dense amplitude time= 0.016127586364746094
	total non-zero amplitudes= 4900
	nsamples per process= 50
	sample time= 1.6361041069030762
	self.n= 0.4841329531276401
	collect g,h time= 2.932429552078247
E=-14.00362891333231,dE=-7.483542319164371e-08,std=0
L=-14.00362891333231,dL=-7.483542319164371e-08,std=0
	gnorm= 7.146111271566612e-06
	symmetric= True
	solver time=0.003206014633178711,exit status=0
	SR solver time= 0.0032510757446289062
	symmetric= False
	niter= 28
	niter= 400
	solver time=0.07498908042907715,exit status=0
	RGN solver time= 0.07502532005310059
	xnorm=5.158665199168441,dnorm=0.005978335507942651
	dense amplitude time= 0.014044761657714844
	total non-zero amplitudes= 4900
	nsamples per process= 50
	sample time= 0.3744542598724365
	self.n= 0.4837874471044501
	RGN updated loss=-14.003628986209474,dloss=-7.28771638591752e-08
step= 396

nparam= 1004
	dense amplitude time= 0.015871286392211914
	total non-zero amplitudes= 4900
	nsamples per process= 50
	sample time= 1.6224806308746338
	self.n= 0.48378744710444904
	collect g,h time= 2.9283738136291504
E=-14.003628986209474,dE=-7.28771638591752e-08,std=0
L=-14.003628986209474,dL=-7.28771638591752e-08,std=0
	gnorm= 7.051262693103615e-06
	symmetric= True
	solver time=0.0032808780670166016,exit status=0
	SR solver time= 0.0033156871795654297
	symmetric= False
	niter= 27
	niter= 399
	solver time=0.07435035705566406,exit status=0
	RGN solver time= 0.07439041137695312
	xnorm=5.160083012718928,dnorm=0.005962946653292459
	dense amplitude time= 0.014256000518798828
	total non-zero amplitudes= 4900
	nsamples per process= 50
	sample time= 0.3728804588317871
	self.n= 0.4834445485805636
	RGN updated loss=-14.003629058686547,dloss=-7.247707323188024e-08
step= 397

nparam= 1004
	dense amplitude time= 0.014066696166992188
	total non-zero amplitudes= 4900
	nsamples per process= 50
	sample time= 1.6181676387786865
	self.n= 0.4834445485805626
	collect g,h time= 2.9276788234710693
E=-14.003629058686544,dE=-7.247706967916656e-08,std=0
L=-14.003629058686544,dL=-7.247706967916656e-08,std=0
	gnorm= 7.031103187051579e-06
	symmetric= True
	solver time=0.0030503273010253906,exit status=0
	SR solver time= 0.003084897994995117
	symmetric= False
	niter= 27
	niter= 397
	solver time=0.07263040542602539,exit status=0
	RGN solver time= 0.07267117500305176
	xnorm=5.161498643483536,dnorm=0.005948420824370064
	dense amplitude time= 0.01413869857788086
	total non-zero amplitudes= 4900
	nsamples per process= 50
	sample time= 0.3726387023925781
	self.n= 0.4831025404841932
	RGN updated loss=-14.003629130808003,dloss=-7.212145902713019e-08
step= 398

nparam= 1004
	dense amplitude time= 0.015405893325805664
	total non-zero amplitudes= 4900
	nsamples per process= 50
	sample time= 1.6204168796539307
	self.n= 0.48310254048419254
	collect g,h time= 2.919443130493164
E=-14.003629130808,dE=-7.212145547441651e-08,std=0
L=-14.003629130808,dL=-7.212145547441651e-08,std=0
	gnorm= 7.015489385114762e-06
	symmetric= True
	solver time=0.0032606124877929688,exit status=0
	SR solver time= 0.003294706344604492
	symmetric= False
	niter= 27
	niter= 397
	solver time=0.0731801986694336,exit status=0
	RGN solver time= 0.07321882247924805
	xnorm=5.162912410685575,dnorm=0.0059343312569018775
	dense amplitude time= 0.016333341598510742
	total non-zero amplitudes= 4900
	nsamples per process= 50
	sample time= 0.3724691867828369
	self.n= 0.48276115307889006
	RGN updated loss=-14.003629202589657,dloss=-7.178165795096447e-08
step= 399

nparam= 1004
	dense amplitude time= 0.026909589767456055
	total non-zero amplitudes= 4900
	nsamples per process= 50
	sample time= 1.6177716255187988
	self.n= 0.48276115307888984
	collect g,h time= 2.91617488861084
E=-14.003629202589655,dE=-7.178165617460763e-08,std=0
L=-14.003629202589655,dL=-7.178165617460763e-08,std=0
	gnorm= 7.00073963686423e-06
	symmetric= True
	solver time=0.002994060516357422,exit status=0
	SR solver time= 0.0031273365020751953
	symmetric= False
	niter= 27
	niter= 398
	solver time=0.07365846633911133,exit status=0
	RGN solver time= 0.07369351387023926
	xnorm=5.164324482493689,dnorm=0.005920625887943847
	dense amplitude time= 0.014158964157104492
	total non-zero amplitudes= 4900
	nsamples per process= 50
	sample time= 0.37299203872680664
	self.n= 0.482420273978015
	RGN updated loss=-14.003629274042751,dloss=-7.145309588452164e-08
step= 400

nparam= 1004
	dense amplitude time= 0.025690317153930664
	total non-zero amplitudes= 4900
	nsamples per process= 50
	sample time= 1.6175107955932617
	self.n= 0.4824202739780148
	collect g,h time= 2.913081407546997
E=-14.003629274042753,dE=-7.145309766087848e-08,std=0
L=-14.003629274042753,dL=-7.145309766087848e-08,std=0
	gnorm= 6.986675063670875e-06
	symmetric= True
	solver time=0.003172636032104492,exit status=0
	SR solver time= 0.0032079219818115234
	symmetric= False
	niter= 27
	niter= 400
	solver time=0.07375335693359375,exit status=0
	RGN solver time= 0.07379531860351562
	xnorm=5.165735019108963,dnorm=0.005907281855153151
	dense amplitude time= 0.014360427856445312
	total non-zero amplitudes= 4900
	nsamples per process= 50
	sample time= 0.369901180267334
	self.n= 0.48207985813133597
	RGN updated loss=-14.003629345177107,dloss=-7.113435351868702e-08
step= 401

nparam= 1004
	dense amplitude time= 0.03554582595825195
	total non-zero amplitudes= 4900
	nsamples per process= 50
	sample time= 1.6226451396942139
	self.n= 0.4820798581313354
	collect g,h time= 2.932990312576294
E=-14.003629345177105,dE=-7.113435174233018e-08,std=0
L=-14.003629345177105,dL=-7.113435174233018e-08,std=0
	gnorm= 6.973221020935105e-06
	symmetric= True
	solver time=0.0031309127807617188,exit status=0
	SR solver time= 0.0031652450561523438
	symmetric= False
	niter= 27
	niter= 401
	solver time=0.07443499565124512,exit status=0
	RGN solver time= 0.07447290420532227
	xnorm=5.16714415798402,dnorm=0.005894312795855915
	dense amplitude time= 0.014235734939575195
	total non-zero amplitudes= 4900
	nsamples per process= 50
	sample time= 0.38654661178588867
	self.n= 0.48173988537450035
	RGN updated loss=-14.003629416073204,dloss=-7.089609965760246e-08
step= 402

nparam= 1004
	dense amplitude time= 0.016069889068603516
	total non-zero amplitudes= 4900
	nsamples per process= 50
	sample time= 1.6434047222137451
	self.n= 0.4817398853744999
	collect g,h time= 2.927628517150879
E=-14.003629416073206,dE=-7.08961014339593e-08,std=0
L=-14.003629416073206,dL=-7.08961014339593e-08,std=0
	gnorm= 7.1720673883959635e-06
	symmetric= True
	solver time=0.003087282180786133,exit status=0
	SR solver time= 0.003121614456176758
	symmetric= False
	niter= 27
	niter= 398
	solver time=0.0737462043762207,exit status=0
	RGN solver time= 0.07378721237182617
	xnorm=5.168552016224163,dnorm=0.005882593686235508
	dense amplitude time= 0.014177799224853516
	total non-zero amplitudes= 4900
	nsamples per process= 50
	sample time= 0.37330031394958496
	self.n= 0.48139937039588093
	RGN updated loss=-14.003629486622977,dloss=-7.054977047005195e-08
step= 403

nparam= 1004
	dense amplitude time= 0.014793634414672852
	total non-zero amplitudes= 4900
	nsamples per process= 50
	sample time= 1.641636610031128
	self.n= 0.4813993703958802
	collect g,h time= 2.9533567428588867
E=-14.003629486622975,dE=-7.054976869369511e-08,std=0
L=-14.003629486622975,dL=-7.054976869369511e-08,std=0
	gnorm= 6.957879209622626e-06
	symmetric= True
	solver time=0.0030069351196289062,exit status=0
	SR solver time= 0.0030417442321777344
	symmetric= False
	niter= 27
	niter= 401
	solver time=0.0750579833984375,exit status=0
	RGN solver time= 0.07509493827819824
	xnorm=5.169959532410924,dnorm=0.005870214781318925
	dense amplitude time= 0.014195919036865234
	total non-zero amplitudes= 4900
	nsamples per process= 50
	sample time= 0.3764317035675049
	self.n= 0.48105948825273637
	RGN updated loss=-14.003629556873486,dloss=-7.025051118603187e-08
step= 404

nparam= 1004
	dense amplitude time= 0.016717910766601562
	total non-zero amplitudes= 4900
	nsamples per process= 50
	sample time= 1.6300609111785889
	self.n= 0.48105948825273515
	collect g,h time= 2.9222142696380615
E=-14.003629556873486,dE=-7.025051118603187e-08,std=0
L=-14.003629556873486,dL=-7.025051118603187e-08,std=0
	gnorm= 6.940974106088637e-06
	symmetric= True
	solver time=0.0032455921173095703,exit status=0
	SR solver time= 0.0032808780670166016
	symmetric= False
	niter= 27
	niter= 400
	solver time=0.07381153106689453,exit status=0
	RGN solver time= 0.07385015487670898
	xnorm=5.171365810237703,dnorm=0.005858285358153733
	dense amplitude time= 0.01659560203552246
	total non-zero amplitudes= 4900
	nsamples per process= 50
	sample time= 0.36942267417907715
	self.n= 0.4807203106391079
	RGN updated loss=-14.003629626840638,dloss=-6.996715207208126e-08
step= 405

nparam= 1004
	dense amplitude time= 0.015670299530029297
	total non-zero amplitudes= 4900
	nsamples per process= 50
	sample time= 1.6502447128295898
	self.n= 0.48072031063910736
	collect g,h time= 2.931650161743164
E=-14.003629626840642,dE=-6.996715562479494e-08,std=0
L=-14.003629626840642,dL=-6.996715562479494e-08,std=0
	gnorm= 6.928800897731122e-06
	symmetric= True
	solver time=0.0031239986419677734,exit status=0
	SR solver time= 0.0032629966735839844
	symmetric= False
	niter= 27
	niter= 399
	solver time=0.07588815689086914,exit status=0
	RGN solver time= 0.0759284496307373
	xnorm=5.17277097927318,dnorm=0.005846636314897045
	dense amplitude time= 0.016470670700073242
	total non-zero amplitudes= 4900
	nsamples per process= 50
	sample time= 0.3755671977996826
	self.n= 0.4803817224290745
	RGN updated loss=-14.00362969653261,dloss=-6.969196775230557e-08
step= 406

nparam= 1004
	dense amplitude time= 0.014567136764526367
	total non-zero amplitudes= 4900
	nsamples per process= 50
	sample time= 1.6518352031707764
	self.n= 0.4803817224290743
	collect g,h time= 2.933112382888794
E=-14.003629696532611,dE=-6.969196952866241e-08,std=0
L=-14.003629696532611,dL=-6.969196952866241e-08,std=0
	gnorm= 6.917516382482805e-06
	symmetric= True
	solver time=0.003656148910522461,exit status=0
	SR solver time= 0.003695249557495117
	symmetric= False
	niter= 27
	niter= 400
	solver time=0.07623100280761719,exit status=0
	RGN solver time= 0.07627272605895996
	xnorm=5.174175128725251,dnorm=0.00583528956674371
	dense amplitude time= 0.01600337028503418
	total non-zero amplitudes= 4900
	nsamples per process= 50
	sample time= 0.37618136405944824
	self.n= 0.48004365364631435
	RGN updated loss=-14.003629765957246,dloss=-6.942463492976003e-08
step= 407

nparam= 1004
	dense amplitude time= 0.02295231819152832
	total non-zero amplitudes= 4900
	nsamples per process= 50
	sample time= 1.6494932174682617
	self.n= 0.48004365364631363
	collect g,h time= 2.93340802192688
E=-14.00362976595725,dE=-6.942463848247371e-08,std=0
L=-14.00362976595725,dL=-6.942463848247371e-08,std=0
	gnorm= 6.906833262341004e-06
	symmetric= True
	solver time=0.003125905990600586,exit status=0
	SR solver time= 0.0031621456146240234
	symmetric= False
	niter= 27
	niter= 400
	solver time=0.07557821273803711,exit status=0
	RGN solver time= 0.07563138008117676
	xnorm=5.175578322271471,dnorm=0.005824228398070435
	dense amplitude time= 0.014046430587768555
	total non-zero amplitudes= 4900
	nsamples per process= 50
	sample time= 0.3751802444458008
	self.n= 0.4797060657703901
	RGN updated loss=-14.003629835122014,dloss=-6.916476458229681e-08
step= 408

nparam= 1004
	dense amplitude time= 0.014513015747070312
	total non-zero amplitudes= 4900
	nsamples per process= 50
	sample time= 1.641847848892212
	self.n= 0.4797060657703899
	collect g,h time= 2.9271137714385986
E=-14.003629835122018,dE=-6.916476813501049e-08,std=0
L=-14.003629835122018,dL=-6.916476813501049e-08,std=0
	gnorm= 6.896674566796556e-06
	symmetric= True
	solver time=0.00335693359375,exit status=0
	SR solver time= 0.0034215450286865234
	symmetric= False
	niter= 27
	niter= 400
	solver time=0.07846522331237793,exit status=0
	RGN solver time= 0.07849907875061035
	xnorm=5.176980605734297,dnorm=0.0058134571561875336
	dense amplitude time= 0.015940427780151367
	total non-zero amplitudes= 4900
	nsamples per process= 50
	sample time= 0.3751199245452881
	self.n= 0.4793689348869332
	RGN updated loss=-14.003629904034282,dloss=-6.891226433936026e-08
step= 409

nparam= 1004
	dense amplitude time= 0.02296733856201172
	total non-zero amplitudes= 4900
	nsamples per process= 50
	sample time= 1.6291515827178955
	self.n= 0.47936893488693333
	collect g,h time= 2.929391860961914
E=-14.003629904034282,dE=-6.891226433936026e-08,std=0
L=-14.003629904034282,dL=-6.891226433936026e-08,std=0
	gnorm= 6.886994012139852e-06
	symmetric= True
	solver time=0.003106832504272461,exit status=0
	SR solver time= 0.0031473636627197266
	symmetric= False
	niter= 27
	niter= 400
	solver time=0.07528471946716309,exit status=0
	RGN solver time= 0.07532095909118652
	xnorm=5.178382017102938,dnorm=0.0058029673490631335
	dense amplitude time= 0.014196395874023438
	total non-zero amplitudes= 4900
	nsamples per process= 50
	sample time= 0.375659704208374
	self.n= 0.47903224673980394
	RGN updated loss=-14.003629972701201,dloss=-6.866691926177282e-08
step= 410

nparam= 1004
	dense amplitude time= 0.024785757064819336
	total non-zero amplitudes= 4900
	nsamples per process= 50
	sample time= 1.6564750671386719
	self.n= 0.47903224673980327
	collect g,h time= 2.93034291267395
E=-14.003629972701203,dE=-6.866692103812966e-08,std=0
L=-14.003629972701203,dL=-6.866692103812966e-08,std=0
	gnorm= 6.877747002720299e-06
	symmetric= True
	solver time=0.003211498260498047,exit status=0
	SR solver time= 0.003248929977416992
	symmetric= False
	niter= 27
	niter= 400
	solver time=0.0754401683807373,exit status=0
	RGN solver time= 0.07547521591186523
	xnorm=5.179782589677612,dnorm=0.005792755778474393
	dense amplitude time= 0.01415562629699707
	total non-zero amplitudes= 4900
	nsamples per process= 50
	sample time= 0.3816671371459961
	self.n= 0.4786959922228896
	RGN updated loss=-14.003630041193132,dloss=-6.849192857316666e-08
step= 411

nparam= 1004
	dense amplitude time= 0.04351401329040527
	total non-zero amplitudes= 4900
	nsamples per process= 50
	sample time= 1.6488399505615234
	self.n= 0.4786959922228892
	collect g,h time= 2.9317097663879395
E=-14.003630041193134,dE=-6.84919303495235e-08,std=0
L=-14.003630041193134,dL=-6.84919303495235e-08,std=0
	gnorm= 6.8798158751193e-06
	symmetric= True
	solver time=0.003038167953491211,exit status=0
	SR solver time= 0.003073453903198242
	symmetric= False
	niter= 27
	niter= 399
	solver time=0.0741267204284668,exit status=0
	RGN solver time= 0.07416439056396484
	xnorm=5.181182354204036,dnorm=0.005782991974213489
	dense amplitude time= 0.014242410659790039
	total non-zero amplitudes= 4900
	nsamples per process= 50
	sample time= 0.3758840560913086
	self.n= 0.47836023900464253
	RGN updated loss=-14.003630109391578,dloss=-6.819844422523147e-08
step= 412

nparam= 1004
	dense amplitude time= 0.014685869216918945
	total non-zero amplitudes= 4900
	nsamples per process= 50
	sample time= 1.6297118663787842
	self.n= 0.4783602390046424
	collect g,h time= 2.9231679439544678
E=-14.003630109391578,dE=-6.819844422523147e-08,std=0
L=-14.003630109391578,dL=-6.819844422523147e-08,std=0
	gnorm= 6.8611213442826496e-06
	symmetric= True
	solver time=0.0029964447021484375,exit status=0
	SR solver time= 0.0030324459075927734
	symmetric= False
	niter= 27
	niter= 399
	solver time=0.07343530654907227,exit status=0
	RGN solver time= 0.07347297668457031
	xnorm=5.182581468873572,dnorm=0.00577332492736217
	dense amplitude time= 0.014174699783325195
	total non-zero amplitudes= 4900
	nsamples per process= 50
	sample time= 0.3769345283508301
	self.n= 0.47802492823787746
	RGN updated loss=-14.003630177366507,dloss=-6.797492879684341e-08
step= 413

nparam= 1004
	dense amplitude time= 0.015462160110473633
	total non-zero amplitudes= 4900
	nsamples per process= 50
	sample time= 1.630842924118042
	self.n= 0.478024928237877
	collect g,h time= 2.9284093379974365
E=-14.003630177366508,dE=-6.797493057320025e-08,std=0
L=-14.003630177366508,dL=-6.797493057320025e-08,std=0
	gnorm= 6.852468216669702e-06
	symmetric= True
	solver time=0.003064393997192383,exit status=0
	SR solver time= 0.0030989646911621094
	symmetric= False
	niter= 27
	niter= 400
	solver time=0.07457542419433594,exit status=0
	RGN solver time= 0.07461357116699219
	xnorm=5.183979814539001,dnorm=0.005763908486670035
	dense amplitude time= 0.014126777648925781
	total non-zero amplitudes= 4900
	nsamples per process= 50
	sample time= 0.37807512283325195
	self.n= 0.47769004701101947
	RGN updated loss=-14.003630245123228,dloss=-6.775671934633465e-08
step= 414

nparam= 1004
	dense amplitude time= 0.019219160079956055
	total non-zero amplitudes= 4900
	nsamples per process= 50
	sample time= 1.6663434505462646
	self.n= 0.4776900470110188
	collect g,h time= 2.9318525791168213
E=-14.003630245123228,dE=-6.775671934633465e-08,std=0
L=-14.003630245123228,dL=-6.775671934633465e-08,std=0
	gnorm= 6.8447006658898175e-06
	symmetric= True
	solver time=0.0033631324768066406,exit status=0
	SR solver time= 0.003400564193725586
	symmetric= False
	niter= 27
	niter= 400
	solver time=0.07623767852783203,exit status=0
	RGN solver time= 0.07627630233764648
	xnorm=5.1853774192941104,dnorm=0.005754746429763826
	dense amplitude time= 0.015767812728881836
	total non-zero amplitudes= 4900
	nsamples per process= 50
	sample time= 0.37775278091430664
	self.n= 0.47735559282043283
	RGN updated loss=-14.003630312667921,dloss=-6.754469339398383e-08
step= 415

nparam= 1004
	dense amplitude time= 0.020708084106445312
	total non-zero amplitudes= 4900
	nsamples per process= 50
	sample time= 1.6454706192016602
	self.n= 0.477355592820433
	collect g,h time= 2.9253218173980713
E=-14.00363031266792,dE=-6.7544691617627e-08,std=0
L=-14.00363031266792,dL=-6.7544691617627e-08,std=0
	gnorm= 6.837357540667806e-06
	symmetric= True
	niter= 27
	solver time=0.003106355667114258,exit status=0
	SR solver time= 0.003143310546875
	symmetric= False
	niter= 400
	solver time=0.07440519332885742,exit status=0
	RGN solver time= 0.07444500923156738
	xnorm=5.186774311334374,dnorm=0.005745868370711983
	dense amplitude time= 0.014052629470825195
	total non-zero amplitudes= 4900
	nsamples per process= 50
	sample time= 0.3761909008026123
	self.n= 0.4770215579303358
	RGN updated loss=-14.003630380007136,dloss=-6.733921686929989e-08
step= 416

nparam= 1004
	dense amplitude time= 0.023023366928100586
	total non-zero amplitudes= 4900
	nsamples per process= 50
	sample time= 1.6316275596618652
	self.n= 0.4770215579303352
	collect g,h time= 2.928091526031494
E=-14.003630380007133,dE=-6.733921331658621e-08,std=0
L=-14.003630380007133,dL=-6.733921331658621e-08,std=0
	gnorm= 6.830388901063083e-06
	symmetric= True
	solver time=0.0030503273010253906,exit status=0
	SR solver time= 0.0030863285064697266
	symmetric= False
	niter= 27
	niter= 400
	solver time=0.07456183433532715,exit status=0
	RGN solver time= 0.07459807395935059
	xnorm=5.18817052068751,dnorm=0.005737127795901191
	dense amplitude time= 0.014407873153686523
	total non-zero amplitudes= 4900
	nsamples per process= 50
	sample time= 0.3767261505126953
	self.n= 0.47668794891546395
	RGN updated loss=-14.00363044757821,dloss=-6.757107762211945e-08
step= 417

nparam= 1004
	dense amplitude time= 0.026400327682495117
	total non-zero amplitudes= 4900
	nsamples per process= 50
	sample time= 1.6272969245910645
	self.n= 0.4766879489154633
	collect g,h time= 2.9248058795928955
E=-14.003630447578212,dE=-6.757107939847629e-08,std=0
L=-14.003630447578212,dL=-6.757107939847629e-08,std=0
	gnorm= 1.422384544975483e-05
	symmetric= True
	solver time=0.004293203353881836,exit status=0
	SR solver time= 0.0043315887451171875
	symmetric= False
	niter= 38
	niter= 376
	solver time=0.07273054122924805,exit status=0
	RGN solver time= 0.0727701187133789
	xnorm=5.189566050208162,dnorm=0.005743443820305834
	dense amplitude time= 0.014116764068603516
	total non-zero amplitudes= 4900
	nsamples per process= 50
	sample time= 0.3744046688079834
	self.n= 0.4763609275918915
	RGN updated loss=-14.00363051554057,dloss=-6.796235751949098e-08
step= 418

nparam= 1004
	dense amplitude time= 0.016556739807128906
	total non-zero amplitudes= 4900
	nsamples per process= 50
	sample time= 1.6325843334197998
	self.n= 0.4763609275918905
	collect g,h time= 2.9235918521881104
E=-14.00363051554057,dE=-6.796235751949098e-08,std=0
L=-14.00363051554057,dL=-6.796235751949098e-08,std=0
	gnorm= 1.3843189938443416e-05
	symmetric= True
	solver time=0.004310131072998047,exit status=0
	SR solver time= 0.004346370697021484
	symmetric= False
	niter= 39
	niter= 376
	solver time=0.07024455070495605,exit status=0
	RGN solver time= 0.07028388977050781
	xnorm=5.19095771025475,dnorm=0.005730854701841205
	dense amplitude time= 0.014190912246704102
	total non-zero amplitudes= 4900
	nsamples per process= 50
	sample time= 0.3775930404663086
	self.n= 0.47601833364144897
	RGN updated loss=-14.003630581662708,dloss=-6.612213887535745e-08
step= 419

nparam= 1004
	dense amplitude time= 0.025684833526611328
	total non-zero amplitudes= 4900
	nsamples per process= 50
	sample time= 1.6325230598449707
	self.n= 0.4760183336414485
	collect g,h time= 2.92112398147583
E=-14.00363058166271,dE=-6.612214065171429e-08,std=0
L=-14.00363058166271,dL=-6.612214065171429e-08,std=0
	gnorm= 1.267364385757481e-05
	symmetric= True
	solver time=0.004159212112426758,exit status=0
	SR solver time= 0.0041959285736083984
	symmetric= False
	niter= 38
	niter= 380
	solver time=0.07019829750061035,exit status=0
	RGN solver time= 0.07023763656616211
	xnorm=5.192355764033398,dnorm=0.005727784646126099
	dense amplitude time= 0.014175176620483398
	total non-zero amplitudes= 4900
	nsamples per process= 50
	sample time= 0.3764650821685791
	self.n= 0.4756899069012412
	RGN updated loss=-14.003630649130512,dloss=-6.746780201183356e-08
step= 420

nparam= 1004
	dense amplitude time= 0.024260282516479492
	total non-zero amplitudes= 4900
	nsamples per process= 50
	sample time= 1.6308295726776123
	self.n= 0.475689906901241
	collect g,h time= 2.9277474880218506
E=-14.003630649130514,dE=-6.74678037881904e-08,std=0
L=-14.003630649130514,dL=-6.74678037881904e-08,std=0
	gnorm= 1.344749172463699e-05
	symmetric= True
	solver time=0.004219532012939453,exit status=0
	SR solver time= 0.004263162612915039
	symmetric= False
	niter= 39
	niter= 376
	solver time=0.06973457336425781,exit status=0
	RGN solver time= 0.06976628303527832
	xnorm=5.193742076165826,dnorm=0.0057145900934646165
	dense amplitude time= 0.014168262481689453
	total non-zero amplitudes= 4900
	nsamples per process= 50
	sample time= 0.37746334075927734
	self.n= 0.4753479820641131
	RGN updated loss=-14.00363071482197,dloss=-6.569145583057434e-08
step= 421

nparam= 1004
	dense amplitude time= 0.026448726654052734
	total non-zero amplitudes= 4900
	nsamples per process= 50
	sample time= 1.6555910110473633
	self.n= 0.47534798206411255
	collect g,h time= 2.9522876739501953
E=-14.003630714821972,dE=-6.569145760693118e-08,std=0
L=-14.003630714821972,dL=-6.569145760693118e-08,std=0
	gnorm= 1.2674377201192538e-05
	symmetric= True
	solver time=0.004187345504760742,exit status=0
	SR solver time= 0.004223823547363281
	symmetric= False
	niter= 38
	niter= 381
	solver time=0.07203173637390137,exit status=0
	RGN solver time= 0.07206583023071289
	xnorm=5.195139648434638,dnorm=0.005712889195229386
	dense amplitude time= 0.014090538024902344
	total non-zero amplitudes= 4900
	nsamples per process= 50
	sample time= 0.3905668258666992
	self.n= 0.4750208230285892
	RGN updated loss=-14.003630781909571,dloss=-6.708759947571252e-08
step= 422

nparam= 1004
	dense amplitude time= 0.015731096267700195
	total non-zero amplitudes= 4900
	nsamples per process= 50
	sample time= 1.6354191303253174
	self.n= 0.4750208230285887
	collect g,h time= 2.9258151054382324
E=-14.003630781909568,dE=-6.708759592299884e-08,std=0
L=-14.003630781909568,dL=-6.708759592299884e-08,std=0
	gnorm= 1.3442208810857358e-05
	symmetric= True
	solver time=0.004353523254394531,exit status=0
	SR solver time= 0.004389047622680664
	symmetric= False
	niter= 39
	niter= 376
	solver time=0.07293438911437988,exit status=0
	RGN solver time= 0.07296967506408691
	xnorm=5.196525695768872,dnorm=0.005699796074047195
	dense amplitude time= 0.015842676162719727
	total non-zero amplitudes= 4900
	nsamples per process= 50
	sample time= 0.3768184185028076
	self.n= 0.4746802484262191
	RGN updated loss=-14.003630847291719,dloss=-6.538215124862745e-08
step= 423

nparam= 1004
	dense amplitude time= 0.027881383895874023
	total non-zero amplitudes= 4900
	nsamples per process= 50
	sample time= 1.632345199584961
	self.n= 0.4746802484262185
	collect g,h time= 2.9227728843688965
E=-14.003630847291717,dE=-6.538214947227061e-08,std=0
L=-14.003630847291717,dL=-6.538214947227061e-08,std=0
	gnorm= 1.2677387103203214e-05
	symmetric= True
	solver time=0.004198789596557617,exit status=0
	SR solver time= 0.004242658615112305
	symmetric= False
	niter= 38
	niter= 382
	solver time=0.07144713401794434,exit status=0
	RGN solver time= 0.07148408889770508
	xnorm=5.197922931151717,dnorm=0.005698579968693679
	dense amplitude time= 0.014087915420532227
	total non-zero amplitudes= 4900
	nsamples per process= 50
	sample time= 0.3759794235229492
	self.n= 0.47435452302968395
	RGN updated loss=-14.003630914014666,dloss=-6.672294894372044e-08
step= 424

nparam= 1004
	dense amplitude time= 0.017464399337768555
	total non-zero amplitudes= 4900
	nsamples per process= 50
	sample time= 1.6342501640319824
	self.n= 0.4743545230296839
	collect g,h time= 2.9228005409240723
E=-14.003630914014666,dE=-6.672294894372044e-08,std=0
L=-14.003630914014666,dL=-6.672294894372044e-08,std=0
	gnorm= 1.3440293462106312e-05
	symmetric= True
	solver time=0.004301548004150391,exit status=0
	SR solver time= 0.004341602325439453
	symmetric= False
	niter= 39
	niter= 374
	solver time=0.06973433494567871,exit status=0
	RGN solver time= 0.06976795196533203
	xnorm=5.199308546207512,dnorm=0.005685982557259172
	dense amplitude time= 0.014162540435791016
	total non-zero amplitudes= 4900
	nsamples per process= 50
	sample time= 0.3904240131378174
	self.n= 0.47401525544053424
	RGN updated loss=-14.003630979115416,dloss=-6.510074967991386e-08
step= 425

nparam= 1004
	dense amplitude time= 0.01767420768737793
	total non-zero amplitudes= 4900
	nsamples per process= 50
	sample time= 1.7031614780426025
	self.n= 0.47401525544053413
	collect g,h time= 2.9367384910583496
E=-14.003630979115416,dE=-6.510074967991386e-08,std=0
L=-14.003630979115416,dL=-6.510074967991386e-08,std=0
	gnorm= 1.2681889022341364e-05
	symmetric= True
	solver time=0.004126548767089844,exit status=0
	SR solver time= 0.0041637420654296875
	symmetric= False
	niter= 38
	niter= 383
	solver time=0.07134222984313965,exit status=0
	RGN solver time= 0.07138228416442871
	xnorm=5.200705291120927,dnorm=0.005685052155806979
	dense amplitude time= 0.014209747314453125
	total non-zero amplitudes= 4900
	nsamples per process= 50
	sample time= 0.37610316276550293
	self.n= 0.47369086360371604
	RGN updated loss=-14.003631045492439,dloss=-6.637702298917247e-08
step= 426

nparam= 1004
	dense amplitude time= 0.01685047149658203
	total non-zero amplitudes= 4900
	nsamples per process= 50
	sample time= 1.628967046737671
	self.n= 0.4736908636037155
	collect g,h time= 2.92120623588562
E=-14.003631045492439,dE=-6.637702298917247e-08,std=0
L=-14.003631045492439,dL=-6.637702298917247e-08,std=0
	gnorm= 1.3439478104651731e-05
	symmetric= True
	solver time=0.004186153411865234,exit status=0
	SR solver time= 0.004223346710205078
	symmetric= False
	niter= 39
	niter= 374
	solver time=0.06970643997192383,exit status=0
	RGN solver time= 0.06974267959594727
	xnorm=5.202090335801372,dnorm=0.005672946746321969
	dense amplitude time= 0.014180660247802734
	total non-zero amplitudes= 4900
	nsamples per process= 50
	sample time= 0.3821268081665039
	self.n= 0.4733527970093125
	RGN updated loss=-14.003631110672483,dloss=-6.518004447286785e-08
step= 427

nparam= 1004
	dense amplitude time= 0.026995420455932617
	total non-zero amplitudes= 4900
	nsamples per process= 50
	sample time= 1.6415174007415771
	self.n= 0.473352797009312
	collect g,h time= 2.9314756393432617
E=-14.00363111067248,dE=-6.518004092015417e-08,std=0
L=-14.00363111067248,dL=-6.518004092015417e-08,std=0
	gnorm= 1.3293674484999375e-05
	symmetric= True
	solver time=0.004237174987792969,exit status=0
	SR solver time= 0.004273414611816406
	symmetric= False
	niter= 39
	niter= 379
	solver time=0.07023262977600098,exit status=0
	RGN solver time= 0.07026886940002441
	xnorm=5.20348646649978,dnorm=0.005672952966075068
	dense amplitude time= 0.014175891876220703
	total non-zero amplitudes= 4900
	nsamples per process= 50
	sample time= 0.37693023681640625
	self.n= 0.47302957704309007
	RGN updated loss=-14.003631176260141,dloss=-6.558766152409135e-08
step= 428

nparam= 1004
	dense amplitude time= 0.023988962173461914
	total non-zero amplitudes= 4900
	nsamples per process= 50
	sample time= 1.6863927841186523
	self.n= 0.4730295770430904
	collect g,h time= 2.995880365371704
E=-14.003631176260141,dE=-6.558766152409135e-08,std=0
L=-14.003631176260141,dL=-6.558766152409135e-08,std=0
	gnorm= 1.388966528788514e-05
	symmetric= True
	solver time=0.0044748783111572266,exit status=0
	SR solver time= 0.004511117935180664
	symmetric= False
	niter= 40
	niter= 376
	solver time=0.0715019702911377,exit status=0
	RGN solver time= 0.07153582572937012
	xnorm=5.204872648678123,dnorm=0.005661908323584241
	dense amplitude time= 0.014133453369140625
	total non-zero amplitudes= 4900
	nsamples per process= 50
	sample time= 0.3776733875274658
	self.n= 0.47269295240835507
	RGN updated loss=-14.003631241285715,dloss=-6.502557425847044e-08
step= 429

nparam= 1004
	dense amplitude time= 0.02693009376525879
	total non-zero amplitudes= 4900
	nsamples per process= 50
	sample time= 1.6295020580291748
	self.n= 0.4726929524083549
	collect g,h time= 2.9484236240386963
E=-14.003631241285715,dE=-6.502557425847044e-08,std=0
L=-14.003631241285715,dL=-6.502557425847044e-08,std=0
	gnorm= 1.327101443951582e-05
	symmetric= True
	solver time=0.004312753677368164,exit status=0
	SR solver time= 0.004351139068603516
	symmetric= False
	niter= 39
	niter= 379
	solver time=0.06970810890197754,exit status=0
	RGN solver time= 0.06974196434020996
	xnorm=5.206267984901606,dnorm=0.0056596881784692615
	dense amplitude time= 0.014210224151611328
	total non-zero amplitudes= 4900
	nsamples per process= 50
	sample time= 0.37780261039733887
	self.n= 0.4723709423692216
	RGN updated loss=-14.003631306544808,dloss=-6.525909235222116e-08
step= 430

nparam= 1004
	dense amplitude time= 0.027898311614990234
	total non-zero amplitudes= 4900
	nsamples per process= 50
	sample time= 1.646409273147583
	self.n= 0.47237094236922095
	collect g,h time= 2.9272468090057373
E=-14.003631306544808,dE=-6.525909235222116e-08,std=0
L=-14.003631306544808,dL=-6.525909235222116e-08,std=0
	gnorm= 1.3891736573155497e-05
	symmetric= True
	solver time=0.0043027400970458984,exit status=0
	SR solver time= 0.004338979721069336
	symmetric= False
	niter= 40
	niter= 376
	solver time=0.07014083862304688,exit status=0
	RGN solver time= 0.07017326354980469
	xnorm=5.207653598620941,dnorm=0.005650724875819044
	dense amplitude time= 0.014142036437988281
	total non-zero amplitudes= 4900
	nsamples per process= 50
	sample time= 0.3772928714752197
	self.n= 0.47203555537505715
	RGN updated loss=-14.003631371335448,dloss=-6.479064040831872e-08
step= 431

nparam= 1004
	dense amplitude time= 0.04485344886779785
	total non-zero amplitudes= 4900
	nsamples per process= 50
	sample time= 1.6365344524383545
	self.n= 0.47203555537505726
	collect g,h time= 2.9274916648864746
E=-14.00363137133545,dE=-6.479064218467556e-08,std=0
L=-14.00363137133545,dL=-6.479064218467556e-08,std=0
	gnorm= 1.328277412843524e-05
	symmetric= True
	solver time=0.004431486129760742,exit status=0
	SR solver time= 0.0044689178466796875
	symmetric= False
	niter= 39
	niter= 382
	solver time=0.07470941543579102,exit status=0
	RGN solver time= 0.07474350929260254
	xnorm=5.209048264153173,dnorm=0.005647908954168154
	dense amplitude time= 0.014199495315551758
	total non-zero amplitudes= 4900
	nsamples per process= 50
	sample time= 0.3749678134918213
	self.n= 0.47171485310396444
	RGN updated loss=-14.003631436319292,dloss=-6.498384230724241e-08
step= 432

nparam= 1004
	dense amplitude time= 0.01389312744140625
	total non-zero amplitudes= 4900
	nsamples per process= 50
	sample time= 1.6593990325927734
	self.n= 0.47171485310396466
	collect g,h time= 2.928102970123291
E=-14.003631436319292,dE=-6.498384230724241e-08,std=0
L=-14.003631436319292,dL=-6.498384230724241e-08,std=0
	gnorm= 1.3895762717181427e-05
	symmetric= True
	solver time=0.004322528839111328,exit status=0
	SR solver time= 0.004361152648925781
	symmetric= False
	niter= 40
	niter= 376
	solver time=0.06985616683959961,exit status=0
	RGN solver time= 0.06988930702209473
	xnorm=5.210433169433241,dnorm=0.005639923768455422
	dense amplitude time= 0.014173030853271484
	total non-zero amplitudes= 4900
	nsamples per process= 50
	sample time= 0.3778824806213379
	self.n= 0.47138064164730054
	RGN updated loss=-14.003631500719225,dloss=-6.439993249784948e-08
step= 433

nparam= 1004
	dense amplitude time= 0.0166928768157959
	total non-zero amplitudes= 4900
	nsamples per process= 50
	sample time= 1.6396808624267578
	self.n= 0.4713806416473004
	collect g,h time= 2.925029993057251
E=-14.003631500719225,dE=-6.439993249784948e-08,std=0
L=-14.003631500719225,dL=-6.439993249784948e-08,std=0
	gnorm= 1.3498409760930356e-05
	symmetric= True
	solver time=0.004320621490478516,exit status=0
	SR solver time= 0.0043566226959228516
	symmetric= False
	niter= 39
	niter= 377
	solver time=0.07019901275634766,exit status=0
	RGN solver time= 0.0702362060546875
	xnorm=5.211827175757518,dnorm=0.005638053512400549
	dense amplitude time= 0.014187335968017578
	total non-zero amplitudes= 4900
	nsamples per process= 50
	sample time= 0.3779895305633545
	self.n= 0.47106187165652874
	RGN updated loss=-14.00363156551098,dloss=-6.479175596041387e-08
step= 434

nparam= 1004
	dense amplitude time= 0.02614307403564453
	total non-zero amplitudes= 4900
	nsamples per process= 50
	sample time= 1.6388461589813232
	self.n= 0.47106187165652813
	collect g,h time= 2.925541400909424
E=-14.003631565510979,dE=-6.479175418405703e-08,std=0
L=-14.003631565510979,dL=-6.479175418405703e-08,std=0
	gnorm= 1.391365224283522e-05
	symmetric= True
	solver time=0.004473686218261719,exit status=0
	SR solver time= 0.004509449005126953
	symmetric= False
	niter= 40
	niter= 376
	solver time=0.07058572769165039,exit status=0
	RGN solver time= 0.07062292098999023
	xnorm=5.213212090074443,dnorm=0.005632607970740567
	dense amplitude time= 0.014335393905639648
	total non-zero amplitudes= 4900
	nsamples per process= 50
	sample time= 0.38995814323425293
	self.n= 0.47072965317616794
	RGN updated loss=-14.003631629843436,dloss=-6.433245758330486e-08
step= 435

nparam= 1004
	dense amplitude time= 0.02346634864807129
	total non-zero amplitudes= 4900
	nsamples per process= 50
	sample time= 1.703376293182373
	self.n= 0.4707296531761673
	collect g,h time= 2.9375455379486084
E=-14.003631629843436,dE=-6.433245758330486e-08,std=0
L=-14.003631629843436,dL=-6.433245758330486e-08,std=0
	gnorm= 1.3305998143267255e-05
	symmetric= True
	solver time=0.004363059997558594,exit status=0
	SR solver time= 0.0044002532958984375
	symmetric= False
	niter= 39
	niter= 379
	solver time=0.07068800926208496,exit status=0
	RGN solver time= 0.07072257995605469
	xnorm=5.214607456397402,dnorm=0.005628560783331678
	dense amplitude time= 0.015326976776123047
	total non-zero amplitudes= 4900
	nsamples per process= 50
	sample time= 0.3760793209075928
	self.n= 0.47041205904626604
	RGN updated loss=-14.003631694741847,dloss=-6.48984102014083e-08
step= 436

nparam= 1004
	dense amplitude time= 0.014413118362426758
	total non-zero amplitudes= 4900
	nsamples per process= 50
	sample time= 1.627709150314331
	self.n= 0.4704120590462655
	collect g,h time= 2.9258780479431152
E=-14.003631694741847,dE=-6.48984102014083e-08,std=0
L=-14.003631694741847,dL=-6.48984102014083e-08,std=0
	gnorm= 1.344553656638931e-05
	symmetric= True
	solver time=0.004204750061035156,exit status=0
	SR solver time= 0.004244804382324219
	symmetric= False
	niter= 39
	niter= 377
	solver time=0.07146430015563965,exit status=0
	RGN solver time= 0.07150006294250488
	xnorm=5.215993370961306,dnorm=0.005617138863697546
	dense amplitude time= 0.01413726806640625
	total non-zero amplitudes= 4900
	nsamples per process= 50
	sample time= 0.3820972442626953
	self.n= 0.47008069503978533
	RGN updated loss=-14.003631758484204,dloss=-6.374235717032661e-08
step= 437

nparam= 1004
	dense amplitude time= 0.028291702270507812
	total non-zero amplitudes= 4900
	nsamples per process= 50
	sample time= 1.6389784812927246
	self.n= 0.47008069503978467
	collect g,h time= 2.920337200164795
E=-14.003631758484204,dE=-6.374235717032661e-08,std=0
L=-14.003631758484204,dL=-6.374235717032661e-08,std=0
	gnorm= 1.2711847476208727e-05
	symmetric= True
	solver time=0.004268169403076172,exit status=0
	SR solver time= 0.004309177398681641
	symmetric= False
	niter= 39
	niter= 382
	solver time=0.07113909721374512,exit status=0
	RGN solver time= 0.07117438316345215
	xnorm=5.217390188135465,dnorm=0.005617598507851896
	dense amplitude time= 0.014209747314453125
	total non-zero amplitudes= 4900
	nsamples per process= 50
	sample time= 0.3732798099517822
	self.n= 0.46976443514541333
	RGN updated loss=-14.003631823118518,dloss=-6.463431390102414e-08
step= 438

nparam= 1004
	dense amplitude time= 0.014556169509887695
	total non-zero amplitudes= 4900
	nsamples per process= 50
	sample time= 1.7179758548736572
	self.n= 0.46976443514541166
	collect g,h time= 2.9790499210357666
E=-14.00363182311852,dE=-6.463431567738098e-08,std=0
L=-14.00363182311852,dL=-6.463431567738098e-08,std=0
	gnorm= 1.3437293111094397e-05
	symmetric= True
	solver time=0.004192352294921875,exit status=0
	SR solver time= 0.0042285919189453125
	symmetric= False
	niter= 39
	niter= 376
	solver time=0.07044363021850586,exit status=0
	RGN solver time= 0.0704798698425293
	xnorm=5.21877551478653,dnorm=0.005607645362749372
	dense amplitude time= 0.014244318008422852
	total non-zero amplitudes= 4900
	nsamples per process= 50
	sample time= 0.37630748748779297
	self.n= 0.4694340941667434
	RGN updated loss=-14.003631887174002,dloss=-6.405548269583505e-08
step= 439

nparam= 1004
	dense amplitude time= 0.0276944637298584
	total non-zero amplitudes= 4900
	nsamples per process= 50
	sample time= 1.6284940242767334
	self.n= 0.46943409416674275
	collect g,h time= 2.929474353790283
E=-14.003631887174004,dE=-6.405548447219189e-08,std=0
L=-14.003631887174004,dL=-6.405548447219189e-08,std=0
	gnorm= 6.844606858331716e-06
	symmetric= True
	solver time=0.003027200698852539,exit status=0
	SR solver time= 0.003063201904296875
	symmetric= False
	niter= 27
	niter= 404
	solver time=0.0763249397277832,exit status=0
	RGN solver time= 0.07636022567749023
	xnorm=5.220171887059232,dnorm=0.005597182371585944
	dense amplitude time= 0.014252424240112305
	total non-zero amplitudes= 4900
	nsamples per process= 50
	sample time= 0.38008975982666016
	self.n= 0.4691105213454014
	RGN updated loss=-14.00363195039955,dloss=-6.322554568782834e-08
step= 440

nparam= 1004
	dense amplitude time= 0.0172884464263916
	total non-zero amplitudes= 4900
	nsamples per process= 50
	sample time= 1.6482346057891846
	self.n= 0.46911052134540077
	collect g,h time= 2.926217794418335
E=-14.003631950399548,dE=-6.32255439114715e-08,std=0
L=-14.003631950399548,dL=-6.32255439114715e-08,std=0
	gnorm= 1.2880701322170765e-05
	symmetric= True
	solver time=0.00426793098449707,exit status=0
	SR solver time= 0.004303932189941406
	symmetric= False
	niter= 39
	niter= 384
	solver time=0.07155132293701172,exit status=0
	RGN solver time= 0.07158803939819336
	xnorm=5.221563254516873,dnorm=0.005606943732959585
	dense amplitude time= 0.014243125915527344
	total non-zero amplitudes= 4900
	nsamples per process= 50
	sample time= 0.37975478172302246
	self.n= 0.4687959447264034
	RGN updated loss=-14.003632015321468,dloss=-6.492192028417776e-08
step= 441

nparam= 1004
	dense amplitude time= 0.03661656379699707
	total non-zero amplitudes= 4900
	nsamples per process= 50
	sample time= 1.6990079879760742
	self.n= 0.46879594472640285
	collect g,h time= 2.985692024230957
E=-14.003632015321463,dE=-6.492191495510724e-08,std=0
L=-14.003632015321463,dL=-6.492191495510724e-08,std=0
	gnorm= 1.3582278708061512e-05
	symmetric= True
	solver time=0.004300355911254883,exit status=0
	SR solver time= 0.004335880279541016
	symmetric= False
	niter= 39
	niter= 379
	solver time=0.07145428657531738,exit status=0
	RGN solver time= 0.07148861885070801
	xnorm=5.222946528311869,dnorm=0.005589846524543968
	dense amplitude time= 0.014328241348266602
	total non-zero amplitudes= 4900
	nsamples per process= 50
	sample time= 0.38517308235168457
	self.n= 0.46846699991869023
	RGN updated loss=-14.003632078343355,dloss=-6.302189170526162e-08
step= 442

nparam= 1004
	dense amplitude time= 0.017425060272216797
	total non-zero amplitudes= 4900
	nsamples per process= 50
	sample time= 1.6404435634613037
	self.n= 0.46846699991868934
	collect g,h time= 2.9250049591064453
E=-14.003632078343353,dE=-6.302188992890478e-08,std=0
L=-14.003632078343353,dL=-6.302188992890478e-08,std=0
	gnorm= 7.2893790304242335e-06
	symmetric= True
	solver time=0.0033597946166992188,exit status=0
	SR solver time= 0.003399372100830078
	symmetric= False
	niter= 30
	niter= 405
	solver time=0.07612752914428711,exit status=0
	RGN solver time= 0.07616353034973145
	xnorm=5.224339033825544,dnorm=0.005585119083656373
	dense amplitude time= 0.014193296432495117
	total non-zero amplitudes= 4900
	nsamples per process= 50
	sample time= 0.3794262409210205
	self.n= 0.46814708090806223
	RGN updated loss=-14.003632141817826,dloss=-6.347447367716086e-08
step= 443

nparam= 1004
	dense amplitude time= 0.015725135803222656
	total non-zero amplitudes= 4900
	nsamples per process= 50
	sample time= 1.6567046642303467
	self.n= 0.4681470809080617
	collect g,h time= 2.921846389770508
E=-14.003632141817825,dE=-6.347447190080402e-08,std=0
L=-14.003632141817825,dL=-6.347447190080402e-08,std=0
	gnorm= 1.3074960747290645e-05
	symmetric= True
	solver time=0.004335641860961914,exit status=0
	SR solver time= 0.004371166229248047
	symmetric= False
	niter= 39
	niter= 388
	solver time=0.07184791564941406,exit status=0
	RGN solver time= 0.07188248634338379
	xnorm=5.225729789787456,dnorm=0.005588994728886339
	dense amplitude time= 0.014176368713378906
	total non-zero amplitudes= 4900
	nsamples per process= 50
	sample time= 0.37883520126342773
	self.n= 0.4678343061377511
	RGN updated loss=-14.003632205976462,dloss=-6.415863751385587e-08
step= 444

nparam= 1004
	dense amplitude time= 0.01739954948425293
	total non-zero amplitudes= 4900
	nsamples per process= 50
	sample time= 1.6396923065185547
	self.n= 0.4678343061377506
	collect g,h time= 2.919175624847412
E=-14.003632205976459,dE=-6.415863396114219e-08,std=0
L=-14.003632205976459,dL=-6.415863396114219e-08,std=0
	gnorm= 1.3706771081640965e-05
	symmetric= True
	solver time=0.004346370697021484,exit status=0
	SR solver time= 0.004385471343994141
	symmetric= False
	niter= 40
	niter= 376
	solver time=0.06968402862548828,exit status=0
	RGN solver time= 0.0697183609008789
	xnorm=5.227110027906053,dnorm=0.005571750352525667
	dense amplitude time= 0.014163732528686523
	total non-zero amplitudes= 4900
	nsamples per process= 50
	sample time= 0.38245725631713867
	self.n= 0.4675092923036512
	RGN updated loss=-14.003632268997677,dloss=-6.302121846601949e-08
step= 445

nparam= 1004
	dense amplitude time= 0.015909433364868164
	total non-zero amplitudes= 4900
	nsamples per process= 50
	sample time= 1.6708598136901855
	self.n= 0.46750929230365057
	collect g,h time= 2.934521436691284
E=-14.003632268997679,dE=-6.302122024237633e-08,std=0
L=-14.003632268997679,dL=-6.302122024237633e-08,std=0
	gnorm= 7.386158549504469e-06
	symmetric= True
	solver time=0.0035250186920166016,exit status=0
	SR solver time= 0.0035626888275146484
	symmetric= False
	niter= 30
	niter= 405
	solver time=0.07707643508911133,exit status=0
	RGN solver time= 0.07711315155029297
	xnorm=5.2285005410317495,dnorm=0.005562057683236738
	dense amplitude time= 0.015505790710449219
	total non-zero amplitudes= 4900
	nsamples per process= 50
	sample time= 0.3830258846282959
	self.n= 0.46719138421545553
	RGN updated loss=-14.003632331683065,dloss=-6.2685385771033e-08
step= 446

nparam= 1004
	dense amplitude time= 0.02708721160888672
	total non-zero amplitudes= 4900
	nsamples per process= 50
	sample time= 1.6550474166870117
	self.n= 0.4671913842154555
	collect g,h time= 2.9322547912597656
E=-14.003632331683065,dE=-6.2685385771033e-08,std=0
L=-14.003632331683065,dL=-6.2685385771033e-08,std=0
	gnorm= 1.3267214764310316e-05
	symmetric= True
	solver time=0.004279613494873047,exit status=0
	SR solver time= 0.0043256282806396484
	symmetric= False
	niter= 39
	niter= 379
	solver time=0.07131838798522949,exit status=0
	RGN solver time= 0.07135748863220215
	xnorm=5.229888586985303,dnorm=0.005572514424764626
	dense amplitude time= 0.014207601547241211
	total non-zero amplitudes= 4900
	nsamples per process= 50
	sample time= 0.3789083957672119
	self.n= 0.46688275418465913
	RGN updated loss=-14.003632395789865,dloss=-6.410679986856849e-08
step= 447

nparam= 1004
	dense amplitude time= 0.0243532657623291
	total non-zero amplitudes= 4900
	nsamples per process= 50
	sample time= 1.647674560546875
	self.n= 0.4668827541846593
	collect g,h time= 2.921848773956299
E=-14.003632395789863,dE=-6.410679809221165e-08,std=0
L=-14.003632395789863,dL=-6.410679809221165e-08,std=0
	gnorm= 7.330730328186056e-06
	symmetric= True
	solver time=0.003730297088623047,exit status=0
	SR solver time= 0.003765106201171875
	symmetric= False
	niter= 30
	niter= 404
	solver time=0.08144879341125488,exit status=0
	RGN solver time= 0.08148360252380371
	xnorm=5.231267109294486,dnorm=0.005558889610970656
	dense amplitude time= 0.016140222549438477
	total non-zero amplitudes= 4900
	nsamples per process= 50
	sample time= 0.38118958473205566
	self.n= 0.4665689433978688
	RGN updated loss=-14.00363245907564,dloss=-6.328577661918189e-08
step= 448

nparam= 1004
	dense amplitude time= 0.028081417083740234
	total non-zero amplitudes= 4900
	nsamples per process= 50
	sample time= 1.6880078315734863
	self.n= 0.46656894339786825
	collect g,h time= 2.9378738403320312
E=-14.003632459075638,dE=-6.328577484282505e-08,std=0
L=-14.003632459075638,dL=-6.328577484282505e-08,std=0
	gnorm= 7.416812702306041e-06
	symmetric= True
	solver time=0.003392457962036133,exit status=0
	SR solver time= 0.0034286975860595703
	symmetric= False
	niter= 30
	niter= 405
	solver time=0.07675433158874512,exit status=0
	RGN solver time= 0.07679080963134766
	xnorm=5.232652974328859,dnorm=0.005552069409860928
	dense amplitude time= 0.014174938201904297
	total non-zero amplitudes= 4900
	nsamples per process= 50
	sample time= 0.37632322311401367
	self.n= 0.46625595177843204
	RGN updated loss=-14.003632521880913,dloss=-6.28052756468378e-08
step= 449

nparam= 1004
	dense amplitude time= 0.025232553482055664
	total non-zero amplitudes= 4900
	nsamples per process= 50
	sample time= 1.6489617824554443
	self.n= 0.46625595177843154
	collect g,h time= 2.926955223083496
E=-14.003632521880915,dE=-6.280527742319464e-08,std=0
L=-14.003632521880915,dL=-6.280527742319464e-08,std=0
	gnorm= 7.337392325993356e-06
	symmetric= True
	solver time=0.0032444000244140625,exit status=0
	SR solver time= 0.003281116485595703
	symmetric= False
	niter= 30
	niter= 402
	solver time=0.07456326484680176,exit status=0
	RGN solver time= 0.07459807395935059
	xnorm=5.23403842163654,dnorm=0.005548535034279253
	dense amplitude time= 0.014106988906860352
	total non-zero amplitudes= 4900
	nsamples per process= 50
	sample time= 0.3809680938720703
	self.n= 0.4659436820154311
	RGN updated loss=-14.003632584922217,dloss=-6.304130195644575e-08
step= 450

nparam= 1004
	dense amplitude time= 0.015558481216430664
	total non-zero amplitudes= 4900
	nsamples per process= 50
	sample time= 1.6409368515014648
	self.n= 0.46594368201543057
	collect g,h time= 2.9223053455352783
E=-14.003632584922219,dE=-6.304130373280259e-08,std=0
L=-14.003632584922219,dL=-6.304130373280259e-08,std=0
	gnorm= 7.4581443022769135e-06
	symmetric= True
	solver time=0.003356456756591797,exit status=0
	SR solver time= 0.003393888473510742
	symmetric= False
	niter= 30
	niter= 405
	solver time=0.0750734806060791,exit status=0
	RGN solver time= 0.07511043548583984
	xnorm=5.235425939357407,dnorm=0.005543303612075009
	dense amplitude time= 0.01420140266418457
	total non-zero amplitudes= 4900
	nsamples per process= 50
	sample time= 0.3794844150543213
	self.n= 0.4656319991900698
	RGN updated loss=-14.0036326476994,dloss=-6.277718078706584e-08
step= 451

nparam= 1004
	dense amplitude time= 0.0455169677734375
	total non-zero amplitudes= 4900
	nsamples per process= 50
	sample time= 1.638883352279663
	self.n= 0.46563199919006937
	collect g,h time= 2.926553726196289
E=-14.003632647699401,dE=-6.277718256342268e-08,std=0
L=-14.003632647699401,dL=-6.277718256342268e-08,std=0
	gnorm= 6.6989494082625396e-06
	symmetric= True
	solver time=0.003136873245239258,exit status=0
	SR solver time= 0.0031747817993164062
	symmetric= False
	niter= 27
	niter= 402
	solver time=0.0748143196105957,exit status=0
	RGN solver time= 0.07485222816467285
	xnorm=5.236811417542408,dnorm=0.005539051770463515
	dense amplitude time= 0.016046524047851562
	total non-zero amplitudes= 4900
	nsamples per process= 50
	sample time= 0.3805677890777588
	self.n= 0.4653209671683466
	RGN updated loss=-14.003632711174093,dloss=-6.34746921690521e-08
step= 452

nparam= 1004
	dense amplitude time= 0.017522335052490234
	total non-zero amplitudes= 4900
	nsamples per process= 50
	sample time= 1.638254165649414
	self.n= 0.46532096716834603
	collect g,h time= 2.9339075088500977
E=-14.003632711174092,dE=-6.347469039269527e-08,std=0
L=-14.003632711174092,dL=-6.347469039269527e-08,std=0
	gnorm= 2.1860103915239746e-05
	symmetric= True
	solver time=0.004618167877197266,exit status=0
	SR solver time= 0.004655361175537109
	symmetric= False
	niter= 42
	niter= 374
	solver time=0.07066941261291504,exit status=0
	RGN solver time= 0.07071661949157715
	xnorm=5.238196453109255,dnorm=0.005568672057366361
	dense amplitude time= 0.014187812805175781
	total non-zero amplitudes= 4900
	nsamples per process= 50
	sample time= 0.3811478614807129
	self.n= 0.46497571404836235
	RGN updated loss=-14.003632770933434,dloss=-5.975934236346347e-08
step= 453

nparam= 1004
	dense amplitude time= 0.016370534896850586
	total non-zero amplitudes= 4900
	nsamples per process= 50
	sample time= 1.6636743545532227
	self.n= 0.464975714048362
	collect g,h time= 2.9304215908050537
E=-14.003632770933434,dE=-5.975934236346347e-08,std=0
L=-14.003632770933434,dL=-5.975934236346347e-08,std=0
	gnorm= 2.3494094964625738e-05
	symmetric= True
	solver time=0.004737138748168945,exit status=0
	SR solver time= 0.004772663116455078
	symmetric= False
	niter= 42
	niter= 363
	solver time=0.06835699081420898,exit status=0
	RGN solver time= 0.06839251518249512
	xnorm=5.23956594997478,dnorm=0.005553450253527108
	dense amplitude time= 0.01478886604309082
	total non-zero amplitudes= 4900
	nsamples per process= 50
	sample time= 0.38099074363708496
	self.n= 0.4646826042562787
	RGN updated loss=-14.0036328339977,dloss=-6.306426669766552e-08
step= 454

nparam= 1004
	dense amplitude time= 0.021224021911621094
	total non-zero amplitudes= 4900
	nsamples per process= 50
	sample time= 1.6690106391906738
	self.n= 0.4646826042562786
	collect g,h time= 2.925152063369751
E=-14.0036328339977,dE=-6.306426669766552e-08,std=0
L=-14.0036328339977,dL=-6.306426669766552e-08,std=0
	gnorm= 1.4595394219505288e-05
	symmetric= True
	solver time=0.004367351531982422,exit status=0
	SR solver time= 0.004402875900268555
	symmetric= False
	niter= 40
	niter= 379
	solver time=0.07405591011047363,exit status=0
	RGN solver time= 0.07409191131591797
	xnorm=5.240905412763658,dnorm=0.005546013120384709
	dense amplitude time= 0.016428232192993164
	total non-zero amplitudes= 4900
	nsamples per process= 50
	sample time= 0.3800070285797119
	self.n= 0.46438029630095845
	RGN updated loss=-14.00363289735059,dloss=-6.335288915693127e-08
step= 455

nparam= 1004
	dense amplitude time= 0.026154518127441406
	total non-zero amplitudes= 4900
	nsamples per process= 50
	sample time= 1.6535563468933105
	self.n= 0.4643802963009587
	collect g,h time= 2.930492639541626
E=-14.003632897350583,dE=-6.335288205150391e-08,std=0
L=-14.003632897350583,dL=-6.335288205150391e-08,std=0
	gnorm= 1.4850460760673168e-05
	symmetric= True
	solver time=0.004323482513427734,exit status=0
	SR solver time= 0.0043621063232421875
	symmetric= False
	niter= 40
	niter= 377
	solver time=0.07020401954650879,exit status=0
	RGN solver time= 0.07024002075195312
	xnorm=5.24228465888399,dnorm=0.005544771753982857
	dense amplitude time= 0.014143943786621094
	total non-zero amplitudes= 4900
	nsamples per process= 50
	sample time= 0.3791053295135498
	self.n= 0.4640617871037513
	RGN updated loss=-14.00363295907368,dloss=-6.17230977439931e-08
step= 456

nparam= 1004
	dense amplitude time= 0.016903400421142578
	total non-zero amplitudes= 4900
	nsamples per process= 50
	sample time= 1.6366252899169922
	self.n= 0.46406178710375057
	collect g,h time= 2.9244518280029297
E=-14.00363295907368,dE=-6.17230977439931e-08,std=0
L=-14.00363295907368,dL=-6.17230977439931e-08,std=0
	gnorm= 1.4580846669000032e-05
	symmetric= True
	solver time=0.00435328483581543,exit status=0
	SR solver time= 0.00439453125
	symmetric= False
	niter= 40
	niter= 376
	solver time=0.06931281089782715,exit status=0
	RGN solver time= 0.0693502426147461
	xnorm=5.243639217766524,dnorm=0.0055358542781033995
	dense amplitude time= 0.01412510871887207
	total non-zero amplitudes= 4900
	nsamples per process= 50
	sample time= 0.3779439926147461
	self.n= 0.46375864786049403
	RGN updated loss=-14.003633023283106,dloss=-6.420942533225116e-08
step= 457

nparam= 1004
	dense amplitude time= 0.025246143341064453
	total non-zero amplitudes= 4900
	nsamples per process= 50
	sample time= 1.639549732208252
	self.n= 0.4637586478604929
	collect g,h time= 2.9226205348968506
E=-14.003633023283106,dE=-6.420942533225116e-08,std=0
L=-14.003633023283106,dL=-6.420942533225116e-08,std=0
	gnorm= 2.5224690629529813e-05
	symmetric= True
	solver time=0.004864215850830078,exit status=0
	SR solver time= 0.004901885986328125
	symmetric= False
	niter= 44
	niter= 374
	solver time=0.06929278373718262,exit status=0
	RGN solver time= 0.06932592391967773
	xnorm=5.245022395868963,dnorm=0.0056040264168554805
	dense amplitude time= 0.016088247299194336
	total non-zero amplitudes= 4900
	nsamples per process= 50
	sample time= 0.3789846897125244
	self.n= 0.46340957812062133
	RGN updated loss=-14.003633079246264,dloss=-5.5963157663541097e-08
step= 458

nparam= 1004
	dense amplitude time= 0.026574134826660156
	total non-zero amplitudes= 4900
	nsamples per process= 50
	sample time= 1.6343579292297363
	self.n= 0.4634095781206209
	collect g,h time= 2.922226667404175
E=-14.003633079246269,dE=-5.5963162992611615e-08,std=0
L=-14.003633079246269,dL=-5.5963162992611615e-08,std=0
	gnorm= 2.2452180452959163e-05
	symmetric= True
	solver time=0.004690647125244141,exit status=0
	SR solver time= 0.004727840423583984
	symmetric= False
	niter= 44
	niter= 374
	solver time=0.06934618949890137,exit status=0
	RGN solver time= 0.06937885284423828
	xnorm=5.246366337120418,dnorm=0.005570073740060855
	dense amplitude time= 0.014147520065307617
	total non-zero amplitudes= 4900
	nsamples per process= 50
	sample time= 0.379072904586792
	self.n= 0.46313573918425266
	RGN updated loss=-14.003633146696849,dloss=-6.745058023227557e-08
step= 459

nparam= 1004
	dense amplitude time= 0.017936229705810547
	total non-zero amplitudes= 4900
	nsamples per process= 50
	sample time= 1.6379737854003906
	self.n= 0.4631357391842516
	collect g,h time= 2.931105613708496
E=-14.003633146696842,dE=-6.745057312684821e-08,std=0
L=-14.003633146696842,dL=-6.745057312684821e-08,std=0
	gnorm= 1.5352594850155808e-05
	symmetric= True
	solver time=0.0044708251953125,exit status=0
	SR solver time= 0.00450587272644043
	symmetric= False
	niter= 41
	niter= 378
	solver time=0.07026100158691406,exit status=0
	RGN solver time= 0.07030129432678223
	xnorm=5.247736818416425,dnorm=0.005522540692299614
	dense amplitude time= 0.014185190200805664
	total non-zero amplitudes= 4900
	nsamples per process= 50
	sample time= 0.38042211532592773
	self.n= 0.4628237307200404
	RGN updated loss=-14.003633207073614,dloss=-6.037677202641589e-08
step= 460

nparam= 1004
	dense amplitude time= 0.018409252166748047
	total non-zero amplitudes= 4900
	nsamples per process= 50
	sample time= 1.7187917232513428
	self.n= 0.46282373072004
	collect g,h time= 2.964430570602417
E=-14.003633207073614,dE=-6.037677202641589e-08,std=0
L=-14.003633207073614,dL=-6.037677202641589e-08,std=0
	gnorm= 1.495614187139101e-05
	symmetric= True
	solver time=0.0043146610260009766,exit status=0
	SR solver time= 0.004349231719970703
	symmetric= False
	niter= 40
	niter= 383
	solver time=0.07079863548278809,exit status=0
	RGN solver time= 0.07083487510681152
	xnorm=5.2490921255859035,dnorm=0.005527943630601478
	dense amplitude time= 0.014098882675170898
	total non-zero amplitudes= 4900
	nsamples per process= 50
	sample time= 0.3792123794555664
	self.n= 0.46252373851176365
	RGN updated loss=-14.00363327176839,dloss=-6.469477575876681e-08
step= 461

nparam= 1004
	dense amplitude time= 0.03776836395263672
	total non-zero amplitudes= 4900
	nsamples per process= 50
	sample time= 1.6346545219421387
	self.n= 0.46252373851176376
	collect g,h time= 2.9214394092559814
E=-14.00363327176839,dE=-6.469477575876681e-08,std=0
L=-14.00363327176839,dL=-6.469477575876681e-08,std=0
	gnorm= 2.5429467097232133e-05
	symmetric= True
	solver time=0.0046749114990234375,exit status=0
	SR solver time= 0.004709005355834961
	symmetric= False
	niter= 43
	niter= 374
	solver time=0.06974458694458008,exit status=0
	RGN solver time= 0.06977581977844238
	xnorm=5.2504765619099825,dnorm=0.005598670661438594
	dense amplitude time= 0.016310930252075195
	total non-zero amplitudes= 4900
	nsamples per process= 50
	sample time= 0.38087940216064453
	self.n= 0.4621799779830066
	RGN updated loss=-14.00363332792429,dloss=-5.615589948604338e-08
step= 462

nparam= 1004
	dense amplitude time= 0.029403209686279297
	total non-zero amplitudes= 4900
	nsamples per process= 50
	sample time= 1.6616129875183105
	self.n= 0.46217997798300675
	collect g,h time= 2.9195492267608643
E=-14.003633327924291,dE=-5.615590126240022e-08,std=0
L=-14.003633327924291,dL=-5.615590126240022e-08,std=0
	gnorm= 2.2117879504691113e-05
	symmetric= True
	solver time=0.004692792892456055,exit status=0
	SR solver time= 0.00472712516784668
	symmetric= False
	niter= 44
	niter= 376
	solver time=0.07010006904602051,exit status=0
	RGN solver time= 0.07013702392578125
	xnorm=5.251825861743425,dnorm=0.005571378715526559
	dense amplitude time= 0.014193058013916016
	total non-zero amplitudes= 4900
	nsamples per process= 50
	sample time= 0.37691426277160645
	self.n= 0.4619077869251923
	RGN updated loss=-14.003633396535452,dloss=-6.861116119694088e-08
step= 463

nparam= 1004
	dense amplitude time= 0.027141332626342773
	total non-zero amplitudes= 4900
	nsamples per process= 50
	sample time= 1.6415703296661377
	self.n= 0.4619077869251922
	collect g,h time= 2.9330782890319824
E=-14.003633396535449,dE=-6.86111576442272e-08,std=0
L=-14.003633396535449,dL=-6.86111576442272e-08,std=0
	gnorm= 2.431824836851479e-05
	symmetric= True
	solver time=0.004985332489013672,exit status=0
	SR solver time= 0.005024909973144531
	symmetric= False
	niter= 44
	niter= 374
	solver time=0.07184600830078125,exit status=0
	RGN solver time= 0.0718841552734375
	xnorm=5.253198951956619,dnorm=0.00556807584716479
	dense amplitude time= 0.014194965362548828
	total non-zero amplitudes= 4900
	nsamples per process= 50
	sample time= 0.38526439666748047
	self.n= 0.4615657604809044
	RGN updated loss=-14.00363345155686,dloss=-5.502141142699202e-08
step= 464

nparam= 1004
	dense amplitude time= 0.01748943328857422
	total non-zero amplitudes= 4900
	nsamples per process= 50
	sample time= 1.6725780963897705
	self.n= 0.4615657604809035
	collect g,h time= 2.9358556270599365
E=-14.003633451556862,dE=-5.502141320334886e-08,std=0
L=-14.003633451556862,dL=-5.502141320334886e-08,std=0
	gnorm= 2.2089804875905814e-05
	symmetric= True
	solver time=0.00470423698425293,exit status=0
	SR solver time= 0.004751920700073242
	symmetric= False
	niter= 43
	niter= 377
	solver time=0.07156062126159668,exit status=0
	RGN solver time= 0.07159543037414551
	xnorm=5.254544764616486,dnorm=0.005570849201130631
	dense amplitude time= 0.014022588729858398
	total non-zero amplitudes= 4900
	nsamples per process= 50
	sample time= 0.38397645950317383
	self.n= 0.4612952850575993
	RGN updated loss=-14.00363352018948,dloss=-6.8632617811204e-08
step= 465

nparam= 1004
	dense amplitude time= 0.018012046813964844
	total non-zero amplitudes= 4900
	nsamples per process= 50
	sample time= 1.6772911548614502
	self.n= 0.46129528505759826
	collect g,h time= 2.9417083263397217
E=-14.003633520189481,dE=-6.863261958756084e-08,std=0
L=-14.003633520189481,dL=-6.863261958756084e-08,std=0
	gnorm= 2.4296642134553273e-05
	symmetric= True
	solver time=0.00491786003112793,exit status=0
	SR solver time= 0.004954814910888672
	symmetric= False
	niter= 44
	niter= 374
	solver time=0.07052111625671387,exit status=0
	RGN solver time= 0.0705568790435791
	xnorm=5.25591715951641,dnorm=0.005557542994576334
	dense amplitude time= 0.014283895492553711
	total non-zero amplitudes= 4900
	nsamples per process= 50
	sample time= 0.37862253189086914
	self.n= 0.46095497131653873
	RGN updated loss=-14.00363357505836,dloss=-5.4868879217906397e-08
step= 466

nparam= 1004
	dense amplitude time= 0.01714920997619629
	total non-zero amplitudes= 4900
	nsamples per process= 50
	sample time= 1.6690192222595215
	self.n= 0.46095497131653873
	collect g,h time= 2.9393258094787598
E=-14.003633575058357,dE=-5.486887566519272e-08,std=0
L=-14.003633575058357,dL=-5.486887566519272e-08,std=0
	gnorm= 2.2107317977212866e-05
	symmetric= True
	solver time=0.004739522933959961,exit status=0
	SR solver time= 0.004777669906616211
	symmetric= False
	niter= 43
	niter= 378
	solver time=0.07183957099914551,exit status=0
	RGN solver time= 0.07187414169311523
	xnorm=5.257263581723912,dnorm=0.005567210389467639
	dense amplitude time= 0.014125585556030273
	total non-zero amplitudes= 4900
	nsamples per process= 50
	sample time= 0.3831920623779297
	self.n= 0.46068643039337664
	RGN updated loss=-14.003633642795883,dloss=-6.773752581068493e-08
step= 467

nparam= 1004
	dense amplitude time= 0.016812801361083984
	total non-zero amplitudes= 4900
	nsamples per process= 50
	sample time= 1.6643102169036865
	self.n= 0.4606864303933762
	collect g,h time= 2.935175895690918
E=-14.003633642795881,dE=-6.773752403432809e-08,std=0
L=-14.003633642795881,dL=-6.773752403432809e-08,std=0
	gnorm= 2.205379708174697e-05
	symmetric= True
	solver time=0.004839181900024414,exit status=0
	SR solver time= 0.004876613616943359
	symmetric= False
	niter= 43
	niter= 374
	solver time=0.06970739364624023,exit status=0
	RGN solver time= 0.06974267959594727
	xnorm=5.2586367340347016,dnorm=0.005497275287720177
	dense amplitude time= 0.015766143798828125
	total non-zero amplitudes= 4900
	nsamples per process= 50
	sample time= 0.37822937965393066
	self.n= 0.46035818007618434
	RGN updated loss=-14.00363370095663,dloss=-5.8160749105695686e-08
step= 468

nparam= 1004
	dense amplitude time= 0.014869451522827148
	total non-zero amplitudes= 4900
	nsamples per process= 50
	sample time= 1.6486389636993408
	self.n= 0.46035818007618357
	collect g,h time= 2.9318485260009766
E=-14.003633700956629,dE=-5.8160747329338847e-08,std=0
L=-14.003633700956629,dL=-5.8160747329338847e-08,std=0
	gnorm= 2.0575804955419064e-05
	symmetric= True
	solver time=0.0047342777252197266,exit status=0
	SR solver time= 0.004770040512084961
	symmetric= False
	niter= 42
	niter= 374
	solver time=0.06933236122131348,exit status=0
	RGN solver time= 0.0693666934967041
	xnorm=5.260010536191684,dnorm=0.00552902042785305
	dense amplitude time= 0.016791343688964844
	total non-zero amplitudes= 4900
	nsamples per process= 50
	sample time= 0.38274526596069336
	self.n= 0.4600894091724522
	RGN updated loss=-14.003633766131625,dloss=-6.517499606673027e-08
step= 469

nparam= 1004
	dense amplitude time= 0.01775074005126953
	total non-zero amplitudes= 4900
	nsamples per process= 50
	sample time= 1.6840791702270508
	self.n= 0.4600894091724514
	collect g,h time= 2.9335548877716064
E=-14.003633766131626,dE=-6.517499784308711e-08,std=0
L=-14.003633766131626,dL=-6.517499784308711e-08,std=0
	gnorm= 2.4605216957974724e-05
	symmetric= True
	solver time=0.0048580169677734375,exit status=0
	SR solver time= 0.004893302917480469
	symmetric= False
	niter= 43
	niter= 374
	solver time=0.06841492652893066,exit status=0
	RGN solver time= 0.06844949722290039
	xnorm=5.2613864428290364,dnorm=0.005557900893526668
	dense amplitude time= 0.01598644256591797
	total non-zero amplitudes= 4900
	nsamples per process= 50
	sample time= 0.3830122947692871
	self.n= 0.4597509220932344
	RGN updated loss=-14.003633821584556,dloss=-5.5452929359489644e-08
step= 470

nparam= 1004
	dense amplitude time= 0.026468992233276367
	total non-zero amplitudes= 4900
	nsamples per process= 50
	sample time= 1.6527140140533447
	self.n= 0.45975092209323387
	collect g,h time= 2.940614938735962
E=-14.003633821584556,dE=-5.5452929359489644e-08,std=0
L=-14.003633821584556,dL=-5.5452929359489644e-08,std=0
	gnorm= 2.2249967336200037e-05
	symmetric= True
	solver time=0.004601001739501953,exit status=0
	SR solver time= 0.004636049270629883
	symmetric= False
	niter= 44
	niter= 378
	solver time=0.06986308097839355,exit status=0
	RGN solver time= 0.06989622116088867
	xnorm=5.262734253983335,dnorm=0.005552736105200064
	dense amplitude time= 0.014168739318847656
	total non-zero amplitudes= 4900
	nsamples per process= 50
	sample time= 0.3795018196105957
	self.n= 0.4594865833323536
	RGN updated loss=-14.003633888367949,dloss=-6.678339303789471e-08
step= 471

nparam= 1004
	dense amplitude time= 0.03639078140258789
	total non-zero amplitudes= 4900
	nsamples per process= 50
	sample time= 1.6464722156524658
	self.n= 0.4594865833323535
	collect g,h time= 2.9350597858428955
E=-14.003633888367947,dE=-6.678339126153787e-08,std=0
L=-14.003633888367947,dL=-6.678339126153787e-08,std=0
	gnorm= 2.221495834980058e-05
	symmetric= True
	solver time=0.004931926727294922,exit status=0
	SR solver time= 0.004997968673706055
	symmetric= False
	niter= 43
	niter= 374
	solver time=0.06993913650512695,exit status=0
	RGN solver time= 0.06997275352478027
	xnorm=5.264108306179497,dnorm=0.0054864844971600725
	dense amplitude time= 0.0165402889251709
	total non-zero amplitudes= 4900
	nsamples per process= 50
	sample time= 0.379486083984375
	self.n= 0.4591621596236351
	RGN updated loss=-14.003633947174004,dloss=-5.880605691288565e-08
step= 472

nparam= 1004
	dense amplitude time= 0.01985621452331543
	total non-zero amplitudes= 4900
	nsamples per process= 50
	sample time= 1.6452221870422363
	self.n= 0.4591621596236346
	collect g,h time= 2.935770273208618
E=-14.003633947174006,dE=-5.880605868924249e-08,std=0
L=-14.003633947174006,dL=-5.880605868924249e-08,std=0
	gnorm= 2.012198675661286e-05
	symmetric= True
	solver time=0.004751443862915039,exit status=0
	SR solver time= 0.004791259765625
	symmetric= False
	niter= 42
	niter= 374
	solver time=0.07126736640930176,exit status=0
	RGN solver time= 0.0713033676147461
	xnorm=5.2654833040658096,dnorm=0.00551304937079023
	dense amplitude time= 0.014098167419433594
	total non-zero amplitudes= 4900
	nsamples per process= 50
	sample time= 0.3833765983581543
	self.n= 0.4588995331253054
	RGN updated loss=-14.003634010576812,dloss=-6.340280656047526e-08
step= 473

nparam= 1004
	dense amplitude time= 0.015373706817626953
	total non-zero amplitudes= 4900
	nsamples per process= 50
	sample time= 1.6684305667877197
	self.n= 0.458899533125305
	collect g,h time= 2.9396862983703613
E=-14.00363401057681,dE=-6.340280478411842e-08,std=0
L=-14.00363401057681,dL=-6.340280478411842e-08,std=0
	gnorm= 2.1486969578876246e-05
	symmetric= True
	solver time=0.0047452449798583984,exit status=0
	SR solver time= 0.004779338836669922
	symmetric= False
	niter= 43
	niter= 374
	solver time=0.07081913948059082,exit status=0
	RGN solver time= 0.07085418701171875
	xnorm=5.266861208915887,dnorm=0.005483485275898683
	dense amplitude time= 0.014079570770263672
	total non-zero amplitudes= 4900
	nsamples per process= 50
	sample time= 0.38160204887390137
	self.n= 0.458574475071124
	RGN updated loss=-14.00363406970283,dloss=-5.912601963586894e-08
step= 474

nparam= 1004
	dense amplitude time= 0.016108274459838867
	total non-zero amplitudes= 4900
	nsamples per process= 50
	sample time= 1.6567883491516113
	self.n= 0.45857447507112403
	collect g,h time= 2.936603546142578
E=-14.00363406970283,dE=-5.912601963586894e-08,std=0
L=-14.00363406970283,dL=-5.912601963586894e-08,std=0
	gnorm= 2.0214853065055556e-05
	symmetric= True
	solver time=0.004712820053100586,exit status=0
	SR solver time= 0.004750251770019531
	symmetric= False
	niter= 43
	niter= 374
	solver time=0.06932711601257324,exit status=0
	RGN solver time= 0.06935906410217285
	xnorm=5.268237821458697,dnorm=0.005504956835545193
	dense amplitude time= 0.014095544815063477
	total non-zero amplitudes= 4900
	nsamples per process= 50
	sample time= 0.3805263042449951
	self.n= 0.4583138042791325
	RGN updated loss=-14.003634134090207,dloss=-6.43873772077086e-08
step= 475

nparam= 1004
	dense amplitude time= 0.023591279983520508
	total non-zero amplitudes= 4900
	nsamples per process= 50
	sample time= 1.6451077461242676
	self.n= 0.4583138042791317
	collect g,h time= 2.9351627826690674
E=-14.003634134090206,dE=-6.438737543135176e-08,std=0
L=-14.003634134090206,dL=-6.438737543135176e-08,std=0
	gnorm= 7.897263168903742e-06
	symmetric= True
	solver time=0.003666400909423828,exit status=0
	SR solver time= 0.0037012100219726562
	symmetric= False
	niter= 32
	niter= 410
	solver time=0.07602310180664062,exit status=0
	RGN solver time= 0.07605743408203125
	xnorm=5.269616589802903,dnorm=0.005485510088191117
	dense amplitude time= 0.016085386276245117
	total non-zero amplitudes= 4900
	nsamples per process= 50
	sample time= 0.3815450668334961
	self.n= 0.45802670623384223
	RGN updated loss=-14.003634196241943,dloss=-6.215173797841089e-08
step= 476

nparam= 1004
	dense amplitude time= 0.027244091033935547
	total non-zero amplitudes= 4900
	nsamples per process= 50
	sample time= 1.6615064144134521
	self.n= 0.4580267062338419
	collect g,h time= 2.9373691082000732
E=-14.003634196241938,dE=-6.215173264934037e-08,std=0
L=-14.003634196241938,dL=-6.215173264934037e-08,std=0
	gnorm= 1.4118233020691514e-05
	symmetric= True
	solver time=0.004279613494873047,exit status=0
	SR solver time= 0.004315614700317383
	symmetric= False
	niter= 40
	niter= 385
	solver time=0.07380843162536621,exit status=0
	RGN solver time= 0.07384204864501953
	xnorm=5.2710070573557735,dnorm=0.005496249260572848
	dense amplitude time= 0.01677107810974121
	total non-zero amplitudes= 4900
	nsamples per process= 50
	sample time= 0.38088464736938477
	self.n= 0.4577261058210672
	RGN updated loss=-14.003634255385661,dloss=-5.9143722808130406e-08
step= 477

nparam= 1004
	dense amplitude time= 0.026018619537353516
	total non-zero amplitudes= 4900
	nsamples per process= 50
	sample time= 1.6498985290527344
	self.n= 0.45772610582106665
	collect g,h time= 2.9491961002349854
E=-14.003634255385661,dE=-5.9143722808130406e-08,std=0
L=-14.003634255385661,dL=-5.9143722808130406e-08,std=0
	gnorm= 2.50223944546672e-05
	symmetric= True
	solver time=0.004560232162475586,exit status=0
	SR solver time= 0.0045964717864990234
	symmetric= False
	niter= 42
	niter= 370
	solver time=0.06827259063720703,exit status=0
	RGN solver time= 0.06830573081970215
	xnorm=5.272372798099806,dnorm=0.005476816594353421
	dense amplitude time= 0.015816450119018555
	total non-zero amplitudes= 4900
	nsamples per process= 50
	sample time= 0.3795173168182373
	self.n= 0.4574046377181717
	RGN updated loss=-14.003634315036516,dloss=-5.965085492221078e-08
step= 478

nparam= 1004
	dense amplitude time= 0.02821636199951172
	total non-zero amplitudes= 4900
	nsamples per process= 50
	sample time= 1.6493546962738037
	self.n= 0.4574046377181711
	collect g,h time= 2.9425392150878906
E=-14.003634315036518,dE=-5.965085669856762e-08,std=0
L=-14.003634315036518,dL=-5.965085669856762e-08,std=0
	gnorm= 2.0290495296605474e-05
	symmetric= True
	solver time=0.004550457000732422,exit status=0
	SR solver time= 0.004589557647705078
	symmetric= False
	niter= 42
	niter= 374
	solver time=0.06924748420715332,exit status=0
	RGN solver time= 0.06928634643554688
	xnorm=5.2737494580729525,dnorm=0.005498674841121803
	dense amplitude time= 0.014170169830322266
	total non-zero amplitudes= 4900
	nsamples per process= 50
	sample time= 0.37621307373046875
	self.n= 0.45714932519884793
	RGN updated loss=-14.003634378885188,dloss=-6.384867035080788e-08
step= 479

nparam= 1004
	dense amplitude time= 0.0207059383392334
	total non-zero amplitudes= 4900
	nsamples per process= 50
	sample time= 1.6427884101867676
	self.n= 0.45714932519884727
	collect g,h time= 2.9276034832000732
E=-14.00363437888519,dE=-6.384867212716472e-08,std=0
L=-14.00363437888519,dL=-6.384867212716472e-08,std=0
	gnorm= 6.792808946911792e-06
	symmetric= True
	solver time=0.0032896995544433594,exit status=0
	SR solver time= 0.0033257007598876953
	symmetric= False
	niter= 28
	niter= 405
	solver time=0.07618355751037598,exit status=0
	RGN solver time= 0.07622551918029785
	xnorm=5.2751284768014495,dnorm=0.005469055869822214
	dense amplitude time= 0.014330387115478516
	total non-zero amplitudes= 4900
	nsamples per process= 50
	sample time= 0.3881559371948242
	self.n= 0.4568655410775914
	RGN updated loss=-14.003634440691284,dloss=-6.180609446460039e-08
step= 480

nparam= 1004
	dense amplitude time= 0.02684926986694336
	total non-zero amplitudes= 4900
	nsamples per process= 50
	sample time= 1.7224397659301758
	self.n= 0.4568655410775907
	collect g,h time= 2.950362205505371
E=-14.003634440691282,dE=-6.180609268824355e-08,std=0
L=-14.003634440691282,dL=-6.180609268824355e-08,std=0
	gnorm= 1.4038492280391098e-05
	symmetric= True
	solver time=0.004301548004150391,exit status=0
	SR solver time= 0.004334211349487305
	symmetric= False
	niter= 40
	niter= 390
	solver time=0.07211589813232422,exit status=0
	RGN solver time= 0.0721583366394043
	xnorm=5.276520853632518,dnorm=0.0054823022100163364
	dense amplitude time= 0.014185667037963867
	total non-zero amplitudes= 4900
	nsamples per process= 50
	sample time= 0.3808481693267822
	self.n= 0.45656857771621484
	RGN updated loss=-14.00363450009307,dloss=-5.9401788377044795e-08
step= 481

nparam= 1004
	dense amplitude time= 0.03915095329284668
	total non-zero amplitudes= 4900
	nsamples per process= 50
	sample time= 1.6465256214141846
	self.n= 0.45656857771621473
	collect g,h time= 2.930936336517334
E=-14.003634500093066,dE=-5.940178304797428e-08,std=0
L=-14.003634500093066,dL=-5.940178304797428e-08,std=0
	gnorm= 1.3103819903331694e-05
	symmetric= True
	solver time=0.004412412643432617,exit status=0
	SR solver time= 0.004449129104614258
	symmetric= False
	niter= 39
	niter= 384
	solver time=0.07260322570800781,exit status=0
	RGN solver time= 0.07263636589050293
	xnorm=5.2778884168338305,dnorm=0.005472390532756433
	dense amplitude time= 0.014387369155883789
	total non-zero amplitudes= 4900
	nsamples per process= 50
	sample time= 0.3943140506744385
	self.n= 0.45628735654825314
	RGN updated loss=-14.003634561970273,dloss=-6.18772073579521e-08
step= 482

nparam= 1004
	dense amplitude time= 0.027169466018676758
	total non-zero amplitudes= 4900
	nsamples per process= 50
	sample time= 1.654625654220581
	self.n= 0.4562873565482531
	collect g,h time= 2.9418857097625732
E=-14.003634561970271,dE=-6.187720558159526e-08,std=0
L=-14.003634561970271,dL=-6.187720558159526e-08,std=0
	gnorm= 6.755164367289456e-06
	symmetric= True
	solver time=0.0031807422637939453,exit status=0
	SR solver time= 0.003215312957763672
	symmetric= False
	niter= 27
	niter= 405
	solver time=0.07671022415161133,exit status=0
	RGN solver time= 0.07674360275268555
	xnorm=5.279281432649027,dnorm=0.005457428391888178
	dense amplitude time= 0.015121936798095703
	total non-zero amplitudes= 4900
	nsamples per process= 50
	sample time= 0.3908348083496094
	self.n= 0.456005989217691
	RGN updated loss=-14.003634623485697,dloss=-6.151542564225565e-08
step= 483

nparam= 1004
	dense amplitude time= 0.013585090637207031
	total non-zero amplitudes= 4900
	nsamples per process= 50
	sample time= 1.7180414199829102
	self.n= 0.4560059892176902
	collect g,h time= 2.937952995300293
E=-14.003634623485699,dE=-6.151542741861249e-08,std=0
L=-14.003634623485699,dL=-6.151542741861249e-08,std=0
	gnorm= 1.3975891337720588e-05
	symmetric= True
	solver time=0.004404783248901367,exit status=0
	SR solver time= 0.0044403076171875
	symmetric= False
	niter= 40
	niter= 391
	solver time=0.07271862030029297,exit status=0
	RGN solver time= 0.0727543830871582
	xnorm=5.280677313440286,dnorm=0.005474311815448454
	dense amplitude time= 0.014139890670776367
	total non-zero amplitudes= 4900
	nsamples per process= 50
	sample time= 0.3777196407318115
	self.n= 0.45571221918831484
	RGN updated loss=-14.003634682790864,dloss=-5.930516522312246e-08
step= 484

nparam= 1004
	dense amplitude time= 0.014792203903198242
	total non-zero amplitudes= 4900
	nsamples per process= 50
	sample time= 1.6385667324066162
	self.n= 0.455712219188314
	collect g,h time= 2.9229633808135986
E=-14.003634682790862,dE=-5.930516344676562e-08,std=0
L=-14.003634682790862,dL=-5.930516344676562e-08,std=0
	gnorm= 1.426148139979076e-05
	symmetric= True
	solver time=0.004316568374633789,exit status=0
	SR solver time= 0.004351377487182617
	symmetric= False
	niter= 39
	niter= 380
	solver time=0.07083296775817871,exit status=0
	RGN solver time= 0.07087254524230957
	xnorm=5.282046360039608,dnorm=0.005464638012947596
	dense amplitude time= 0.01414179801940918
	total non-zero amplitudes= 4900
	nsamples per process= 50
	sample time= 0.37987661361694336
	self.n= 0.45543295834257724
	RGN updated loss=-14.003634744525664,dloss=-6.17348021592079e-08
step= 485

nparam= 1004
	dense amplitude time= 0.027475595474243164
	total non-zero amplitudes= 4900
	nsamples per process= 50
	sample time= 1.6576342582702637
	self.n= 0.4554329583425774
	collect g,h time= 2.930866003036499
E=-14.003634744525664,dE=-6.17348021592079e-08,std=0
L=-14.003634744525664,dL=-6.17348021592079e-08,std=0
	gnorm= 6.741292828346205e-06
	symmetric= True
	solver time=0.002999544143676758,exit status=0
	SR solver time= 0.0030350685119628906
	symmetric= False
	niter= 27
	niter= 405
	solver time=0.0749962329864502,exit status=0
	RGN solver time= 0.07502865791320801
	xnorm=5.283439429830538,dnorm=0.005449614941257973
	dense amplitude time= 0.014149665832519531
	total non-zero amplitudes= 4900
	nsamples per process= 50
	sample time= 0.3796663284301758
	self.n= 0.455154397021196
	RGN updated loss=-14.00363480523381,dloss=-6.070814606573549e-08
step= 486

nparam= 1004
	dense amplitude time= 0.02951502799987793
	total non-zero amplitudes= 4900
	nsamples per process= 50
	sample time= 1.692563772201538
	self.n= 0.4551543970211952
	collect g,h time= 2.976388692855835
E=-14.00363480523381,dE=-6.070814606573549e-08,std=0
L=-14.00363480523381,dL=-6.070814606573549e-08,std=0
	gnorm= 6.73880813490608e-06
	symmetric= True
	solver time=0.0032129287719726562,exit status=0
	SR solver time= 0.003249645233154297
	symmetric= False
	niter= 27
	niter= 405
	solver time=0.07744622230529785,exit status=0
	RGN solver time= 0.07748985290527344
	xnorm=5.28483532234854,dnorm=0.005444978102468037
	dense amplitude time= 0.014143228530883789
	total non-zero amplitudes= 4900
	nsamples per process= 50
	sample time= 0.38050174713134766
	self.n= 0.4548754775853212
	RGN updated loss=-14.003634866463852,dloss=-6.123004148150812e-08
step= 487

nparam= 1004
	dense amplitude time= 0.015313863754272461
	total non-zero amplitudes= 4900
	nsamples per process= 50
	sample time= 1.6390657424926758
	self.n= 0.4548754775853206
	collect g,h time= 2.929096221923828
E=-14.00363486646385,dE=-6.123003970515128e-08,std=0
L=-14.00363486646385,dL=-6.123003970515128e-08,std=0
	gnorm= 1.3943754493930117e-05
	symmetric= True
	solver time=0.004265785217285156,exit status=0
	SR solver time= 0.004303455352783203
	symmetric= False
	niter= 40
	niter= 392
	solver time=0.07181525230407715,exit status=0
	RGN solver time= 0.07185077667236328
	xnorm=5.286231265929662,dnorm=0.0054656903843813935
	dense amplitude time= 0.014216423034667969
	total non-zero amplitudes= 4900
	nsamples per process= 50
	sample time= 0.38059139251708984
	self.n= 0.45458603664396424
	RGN updated loss=-14.00363492538213,dloss=-5.89182800325716e-08
step= 488

nparam= 1004
	dense amplitude time= 0.015572547912597656
	total non-zero amplitudes= 4900
	nsamples per process= 50
	sample time= 1.6920859813690186
	self.n= 0.45458603664396335
	collect g,h time= 2.970630407333374
E=-14.00363492538213,dE=-5.89182800325716e-08,std=0
L=-14.00363492538213,dL=-5.89182800325716e-08,std=0
	gnorm= 1.3022503272520527e-05
	symmetric= True
	solver time=0.004278421401977539,exit status=0
	SR solver time= 0.004316091537475586
	symmetric= False
	niter= 39
	niter= 386
	solver time=0.07155823707580566,exit status=0
	RGN solver time= 0.07159185409545898
	xnorm=5.287600059490597,dnorm=0.005449629317674657
	dense amplitude time= 0.014210700988769531
	total non-zero amplitudes= 4900
	nsamples per process= 50
	sample time= 0.3821713924407959
	self.n= 0.4543129526194489
	RGN updated loss=-14.003634986714257,dloss=-6.133212693271162e-08
step= 489

nparam= 1004
	dense amplitude time= 0.015136241912841797
	total non-zero amplitudes= 4900
	nsamples per process= 50
	sample time= 1.677208662033081
	self.n= 0.4543129526194484
	collect g,h time= 2.930656909942627
E=-14.003634986714257,dE=-6.133212693271162e-08,std=0
L=-14.003634986714257,dL=-6.133212693271162e-08,std=0
	gnorm= 6.736997904523093e-06
	symmetric= True
	solver time=0.0031757354736328125,exit status=0
	SR solver time= 0.0032126903533935547
	symmetric= False
	niter= 27
	niter= 405
	solver time=0.07858538627624512,exit status=0
	RGN solver time= 0.07862043380737305
	xnorm=5.288993047353912,dnorm=0.005435694261590796
	dense amplitude time= 0.014114856719970703
	total non-zero amplitudes= 4900
	nsamples per process= 50
	sample time= 0.38283300399780273
	self.n= 0.45403980904264263
	RGN updated loss=-14.003635047101252,dloss=-6.038699496002664e-08
step= 490

nparam= 1004
	dense amplitude time= 0.01498723030090332
	total non-zero amplitudes= 4900
	nsamples per process= 50
	sample time= 1.6498961448669434
	self.n= 0.45403980904264224
	collect g,h time= 2.9412875175476074
E=-14.003635047101252,dE=-6.038699496002664e-08,std=0
L=-14.003635047101252,dL=-6.038699496002664e-08,std=0
	gnorm= 6.730729649497996e-06
	symmetric= True
	solver time=0.002997875213623047,exit status=0
	SR solver time= 0.0030350685119628906
	symmetric= False
	niter= 27
	niter= 403
	solver time=0.07520508766174316,exit status=0
	RGN solver time= 0.0752403736114502
	xnorm=5.29038853317412,dnorm=0.005431106842820096
	dense amplitude time= 0.01419377326965332
	total non-zero amplitudes= 4900
	nsamples per process= 50
	sample time= 0.3802347183227539
	self.n= 0.4537660525771341
	RGN updated loss=-14.003635107372627,dloss=-6.027137544606376e-08
step= 491

nparam= 1004
	dense amplitude time= 0.042665719985961914
	total non-zero amplitudes= 4900
	nsamples per process= 50
	sample time= 1.6696245670318604
	self.n= 0.45376605257713365
	collect g,h time= 2.9764349460601807
E=-14.003635107372622,dE=-6.027137011699324e-08,std=0
L=-14.003635107372622,dL=-6.027137011699324e-08,std=0
	gnorm= 6.731667943867312e-06
	symmetric= True
	solver time=0.0031158924102783203,exit status=0
	SR solver time= 0.00315093994140625
	symmetric= False
	niter= 27
	niter= 404
	solver time=0.07541680335998535,exit status=0
	RGN solver time= 0.0754539966583252
	xnorm=5.291784080956739,dnorm=0.0054272754423319945
	dense amplitude time= 0.0141754150390625
	total non-zero amplitudes= 4900
	nsamples per process= 50
	sample time= 0.38372206687927246
	self.n= 0.45349338891535096
	RGN updated loss=-14.003635167626234,dloss=-6.025361187766975e-08
step= 492

nparam= 1004
	dense amplitude time= 0.016407489776611328
	total non-zero amplitudes= 4900
	nsamples per process= 50
	sample time= 1.6513924598693848
	self.n= 0.45349338891535085
	collect g,h time= 2.9311575889587402
E=-14.003635167626236,dE=-6.02536136540266e-08,std=0
L=-14.003635167626236,dL=-6.02536136540266e-08,std=0
	gnorm= 8.08998752280374e-06
	symmetric= True
	solver time=0.003718852996826172,exit status=0
	SR solver time= 0.003754138946533203
	symmetric= False
	niter= 32
	niter= 405
	solver time=0.0790107250213623,exit status=0
	RGN solver time= 0.07904791831970215
	xnorm=5.293179217659156,dnorm=0.005424512755471868
	dense amplitude time= 0.013393878936767578
	total non-zero amplitudes= 4900
	nsamples per process= 50
	sample time= 0.38416457176208496
	self.n= 0.45322222975578974
	RGN updated loss=-14.003635227826257,dloss=-6.020002096818189e-08
step= 493

nparam= 1004
	dense amplitude time= 0.025857210159301758
	total non-zero amplitudes= 4900
	nsamples per process= 50
	sample time= 1.6849675178527832
	self.n= 0.45322222975578874
	collect g,h time= 2.9378106594085693
E=-14.003635227826251,dE=-6.020001563911137e-08,std=0
L=-14.003635227826251,dL=-6.020001563911137e-08,std=0
	gnorm= 6.7320184745337375e-06
	symmetric= True
	solver time=0.0030031204223632812,exit status=0
	SR solver time= 0.0030405521392822266
	symmetric= False
	niter= 27
	niter= 405
	solver time=0.07386016845703125,exit status=0
	RGN solver time= 0.07389688491821289
	xnorm=5.29457236030727,dnorm=0.005420810643587528
	dense amplitude time= 0.01408696174621582
	total non-zero amplitudes= 4900
	nsamples per process= 50
	sample time= 0.38039278984069824
	self.n= 0.4529520515458404
	RGN updated loss=-14.00363528788644,dloss=-6.006018793414114e-08
step= 494

nparam= 1004
	dense amplitude time= 0.027319908142089844
	total non-zero amplitudes= 4900
	nsamples per process= 50
	sample time= 1.6779415607452393
	self.n= 0.45295205154583995
	collect g,h time= 2.9604909420013428
E=-14.003635287886437,dE=-6.00601861577843e-08,std=0
L=-14.003635287886437,dL=-6.00601861577843e-08,std=0
	gnorm= 6.7300485629891826e-06
	symmetric= True
	solver time=0.0030171871185302734,exit status=0
	SR solver time= 0.003055095672607422
	symmetric= False
	niter= 27
	niter= 405
	solver time=0.07596302032470703,exit status=0
	RGN solver time= 0.07600021362304688
	xnorm=5.295965578452955,dnorm=0.005417140882191863
	dense amplitude time= 0.021468162536621094
	total non-zero amplitudes= 4900
	nsamples per process= 50
	sample time= 0.38347506523132324
	self.n= 0.452682936040973
	RGN updated loss=-14.00363534784183,dloss=-5.995539176240072e-08
step= 495

nparam= 1004
	dense amplitude time= 0.023860931396484375
	total non-zero amplitudes= 4900
	nsamples per process= 50
	sample time= 1.6558847427368164
	self.n= 0.4526829360409723
	collect g,h time= 2.9314088821411133
E=-14.00363534784183,dE=-5.995539176240072e-08,std=0
L=-14.00363534784183,dL=-5.995539176240072e-08,std=0
	gnorm= 6.7207584607786585e-06
	symmetric= True
	solver time=0.003085613250732422,exit status=0
	SR solver time= 0.0031211376190185547
	symmetric= False
	niter= 27
	niter= 404
	solver time=0.0769500732421875,exit status=0
	RGN solver time= 0.07698416709899902
	xnorm=5.297358627843569,dnorm=0.005413386861123802
	dense amplitude time= 0.014453411102294922
	total non-zero amplitudes= 4900
	nsamples per process= 50
	sample time= 0.38599181175231934
	self.n= 0.452415022936761
	RGN updated loss=-14.00363540770812,dloss=-5.986629147969325e-08
step= 496

nparam= 1004
	dense amplitude time= 0.017571449279785156
	total non-zero amplitudes= 4900
	nsamples per process= 50
	sample time= 1.669055461883545
	self.n= 0.452415022936761
	collect g,h time= 2.939861536026001
E=-14.003635407708119,dE=-5.98662897033364e-08,std=0
L=-14.003635407708119,dL=-5.98662897033364e-08,std=0
	gnorm= 6.717870118571781e-06
	symmetric= True
	solver time=0.0030426979064941406,exit status=0
	SR solver time= 0.0030782222747802734
	symmetric= False
	niter= 27
	niter= 404
	solver time=0.07489967346191406,exit status=0
	RGN solver time= 0.07493257522583008
	xnorm=5.298751578605336,dnorm=0.0054095045965239785
	dense amplitude time= 0.014149904251098633
	total non-zero amplitudes= 4900
	nsamples per process= 50
	sample time= 0.3807957172393799
	self.n= 0.45214832770097835
	RGN updated loss=-14.003635467486356,dloss=-5.977823747116418e-08
step= 497

nparam= 1004
	dense amplitude time= 0.025365352630615234
	total non-zero amplitudes= 4900
	nsamples per process= 50
	sample time= 1.6883540153503418
	self.n= 0.45214832770097824
	collect g,h time= 2.979434013366699
E=-14.00363546748635,dE=-5.977823036573682e-08,std=0
L=-14.00363546748635,dL=-5.977823036573682e-08,std=0
	gnorm= 6.714757682764641e-06
	symmetric= True
	solver time=0.002997159957885742,exit status=0
	SR solver time= 0.003033876419067383
	symmetric= False
	niter= 27
	niter= 405
	solver time=0.07564997673034668,exit status=0
	RGN solver time= 0.07568550109863281
	xnorm=5.300144404479251,dnorm=0.005405557675555431
	dense amplitude time= 0.01405954360961914
	total non-zero amplitudes= 4900
	nsamples per process= 50
	sample time= 0.3838956356048584
	self.n= 0.45188287176164876
	RGN updated loss=-14.003635527372609,dloss=-5.988625950692494e-08
step= 498

nparam= 1004
	dense amplitude time= 0.016328811645507812
	total non-zero amplitudes= 4900
	nsamples per process= 50
	sample time= 1.6476733684539795
	self.n= 0.45188287176164776
	collect g,h time= 2.9367287158966064
E=-14.003635527372607,dE=-5.98862577305681e-08,std=0
L=-14.003635527372607,dL=-5.98862577305681e-08,std=0
	gnorm= 7.911355842041194e-06
	symmetric= True
	solver time=0.003878355026245117,exit status=0
	SR solver time= 0.003914833068847656
	symmetric= False
	niter= 32
	niter= 405
	solver time=0.08258581161499023,exit status=0
	RGN solver time= 0.08262252807617188
	xnorm=5.301537122281607,dnorm=0.005403990589118019
	dense amplitude time= 0.016541481018066406
	total non-zero amplitudes= 4900
	nsamples per process= 50
	sample time= 0.38370370864868164
	self.n= 0.45161845728127437
	RGN updated loss=-14.003635587112932,dloss=-5.974032468714086e-08
step= 499

nparam= 1004
	dense amplitude time= 0.01402425765991211
	total non-zero amplitudes= 4900
	nsamples per process= 50
	sample time= 1.6817867755889893
	self.n= 0.4516184572812736
	collect g,h time= 2.9354569911956787
E=-14.003635587112932,dE=-5.974032468714086e-08,std=0
L=-14.003635587112932,dL=-5.974032468714086e-08,std=0
	gnorm= 6.725639172584881e-06
	symmetric= True
	solver time=0.002997875213623047,exit status=0
	SR solver time= 0.003036022186279297
	symmetric= False
	niter= 27
	niter= 405
	solver time=0.07464766502380371,exit status=0
	RGN solver time= 0.07468199729919434
	xnorm=5.3029319622365065,dnorm=0.005399255642879749
	dense amplitude time= 0.01417088508605957
	total non-zero amplitudes= 4900
	nsamples per process= 50
	sample time= 0.380265474319458
	self.n= 0.4513551686709254
	RGN updated loss=-14.003635646661545,dloss=-5.954861315160542e-08
