layer= 0
nparam= 660
hop_ls= [(1, 5), (1, 8), (1, 9), (1, 13), (5, 8), (5, 9), (5, 13), (8, 9), (8, 13), (9, 13)]

layer= 1
nparam= 144
hop_ls= [(9, 14), (1, 6), (2, 5), (2, 8), (2, 14), (13, 14), (6, 8), (6, 14), (5, 6), (8, 14), (1, 2), (1, 14), (2, 13), (6, 13), (5, 14), (2, 9), (2, 6), (6, 9)]

layer= 2
nparam= 152
hop_ls= [(6, 12), (4, 9), (4, 6), (4, 12), (12, 13), (0, 2), (5, 10), (0, 5), (8, 12), (0, 8), (0, 14), (10, 12), (1, 12), (4, 5), (4, 8), (4, 14), (5, 12), (0, 1), (9, 10), (2, 4), (0, 4), (0, 10), (0, 13), (2, 10), (10, 14), (6, 10), (12, 14), (4, 10), (4, 13), (9, 12), (0, 9), (8, 10), (1, 4), (0, 6), (0, 12), (2, 12), (1, 10), (10, 13)]

layer= 3
nparam= 48
hop_ls= [(6, 15), (3, 4), (3, 10), (5, 7), (4, 15), (3, 13), (9, 11), (11, 14), (1, 3), (2, 11), (8, 15), (0, 11), (10, 15), (1, 15), (6, 11), (7, 10), (7, 13), (3, 9), (12, 15), (3, 6), (3, 12), (4, 11), (14, 15), (8, 11), (0, 7), (5, 15), (10, 11), (2, 7), (1, 11), (11, 13), (7, 9), (6, 7), (7, 12), (4, 7), (3, 5), (3, 8), (3, 14), (5, 11), (0, 3), (9, 15), (2, 3), (11, 12), (1, 7), (0, 15), (2, 15), (13, 15), (7, 8), (7, 14)]

step= 0

nparam= 1004
ntotal configs= 4900
	dense amplitude time= 0.0668327808380127
	total non-zero amplitudes= 4900
	nsamples per process= 50
	sample time= 6.909328460693359
	self.n= 0.7478465369844831
	collect g,h time= 12.748439311981201
E=-13.15292224126784,dE=0,std=0
L=-13.15292224126784,dL=0,std=0
	gnorm= 1.2366119429215474
	symmetric= True
	solver time=0.019055604934692383,exit status=0
	SR solver time= 0.019141674041748047
	symmetric= False
	niter= 38
	niter= 188
	solver time=0.13675808906555176,exit status=0
	RGN solver time= 0.13680291175842285
	xnorm=1.818390130449944,dnorm=3.175284663547591
	dense amplitude time= 0.046968698501586914
	total non-zero amplitudes= 4900
	nsamples per process= 50
	sample time= 0.4739682674407959
	self.n= 0.815981191751092
	RGN updated loss=-13.75022483220082,dloss=-0.5973025909329799
step= 1

nparam= 1004
	dense amplitude time= 0.07842779159545898
	total non-zero amplitudes= 4900
	nsamples per process= 50
	sample time= 1.900069236755371
	self.n= 0.8159811917510911
	collect g,h time= 5.156967639923096
E=-13.75022483220082,dE=-0.5973025909329799,std=0
L=-13.75022483220082,dL=-0.5973025909329799,std=0
	gnorm= 0.6073069894621466
	symmetric= True
	solver time=0.029580354690551758,exit status=0
	SR solver time= 0.029654979705810547
	symmetric= False
	niter= 40
	niter= 185
	solver time=0.0943613052368164,exit status=0
	RGN solver time= 0.09439873695373535
	xnorm=3.05911145250915,dnorm=1.6690638918645224
	dense amplitude time= 0.05202174186706543
	total non-zero amplitudes= 4900
	nsamples per process= 50
	sample time= 0.4149003028869629
	self.n= 0.9156458529360478
	RGN updated loss=-13.966977528060971,dloss=-0.21675269586015133
step= 2

nparam= 1004
	dense amplitude time= 0.017958402633666992
	total non-zero amplitudes= 4900
	nsamples per process= 50
	sample time= 1.7779741287231445
	self.n= 0.9156458529360465
	collect g,h time= 5.19113826751709
E=-13.966977528060976,dE=-0.21675269586015666,std=0
L=-13.966977528060976,dL=-0.21675269586015666,std=0
	gnorm= 0.16460918460847665
	symmetric= True
	solver time=0.01901412010192871,exit status=0
	SR solver time= 0.01905679702758789
	symmetric= False
	niter= 41
	niter= 227
	solver time=0.09853148460388184,exit status=0
	RGN solver time= 0.09857940673828125
	xnorm=2.6058644611148307,dnorm=1.043666489523158
	dense amplitude time= 0.03816413879394531
	total non-zero amplitudes= 4900
	nsamples per process= 50
	sample time= 0.4245622158050537
	self.n= 0.8994334788345981
	RGN updated loss=-13.986834621216667,dloss=-0.019857093155691175
step= 3

nparam= 1004
	dense amplitude time= 0.03397846221923828
	total non-zero amplitudes= 4900
	nsamples per process= 50
	sample time= 1.8876140117645264
	self.n= 0.8994334788345983
	collect g,h time= 5.15813684463501
E=-13.986834621216671,dE=-0.019857093155694727,std=0
L=-13.986834621216671,dL=-0.019857093155694727,std=0
	gnorm= 0.10794224050172249
	symmetric= True
	niter= 41
	solver time=0.033861398696899414,exit status=0
	SR solver time= 0.03393387794494629
	symmetric= False
	niter= 245
	solver time=0.1160433292388916,exit status=0
	RGN solver time= 0.11609506607055664
	xnorm=2.68411938865658,dnorm=0.7429948722688375
	dense amplitude time= 0.028688907623291016
	total non-zero amplitudes= 4900
	nsamples per process= 50
	sample time= 0.40883302688598633
	self.n= 0.9181305332813773
	RGN updated loss=-13.994768423160494,dloss=-0.007933801943822871
step= 4

nparam= 1004
	dense amplitude time= 0.018138408660888672
	total non-zero amplitudes= 4900
	nsamples per process= 50
	sample time= 1.8393588066101074
	self.n= 0.9181305332813777
	collect g,h time= 5.171731472015381
E=-13.994768423160496,dE=-0.007933801943824648,std=0
L=-13.994768423160496,dL=-0.007933801943824648,std=0
	gnorm= 0.049508674438828816
	symmetric= True
	solver time=0.009675741195678711,exit status=0
	SR solver time= 0.009716272354125977
	symmetric= False
	niter= 41
	niter= 267
	solver time=0.09078836441040039,exit status=0
	RGN solver time= 0.09082698822021484
	xnorm=2.8219651108944226,dnorm=0.6960381903503265
	dense amplitude time= 0.028209686279296875
	total non-zero amplitudes= 4900
	nsamples per process= 50
	sample time= 0.4334378242492676
	self.n= 0.8851208795565328
	RGN updated loss=-13.995888161622153,dloss=-0.0011197384616572492
step= 5

nparam= 1004
	dense amplitude time= 0.0405421257019043
	total non-zero amplitudes= 4900
	nsamples per process= 50
	sample time= 1.914205551147461
	self.n= 0.8851208795565324
	collect g,h time= 5.197169780731201
E=-13.995888161622155,dE=-0.0011197384616590256,std=0
L=-13.995888161622155,dL=-0.0011197384616590256,std=0
	gnorm= 0.05611066914153139
	symmetric= True
	solver time=0.03822779655456543,exit status=0
	SR solver time= 0.038274288177490234
	symmetric= False
	niter= 40
	niter= 253
	solver time=0.09983348846435547,exit status=0
	RGN solver time= 0.09987640380859375
	xnorm=2.962954617413662,dnorm=0.5577407646433004
	dense amplitude time= 0.02981281280517578
	total non-zero amplitudes= 4900
	nsamples per process= 50
	sample time= 0.4625251293182373
	self.n= 0.8932125480200677
	RGN updated loss=-13.998142992449385,dloss=-0.002254830827229881
step= 6

nparam= 1004
	dense amplitude time= 0.022347450256347656
	total non-zero amplitudes= 4900
	nsamples per process= 50
	sample time= 1.956603765487671
	self.n= 0.8932125480200668
	collect g,h time= 5.174682140350342
E=-13.998142992449385,dE=-0.002254830827229881,std=0
L=-13.998142992449385,dL=-0.002254830827229881,std=0
	gnorm= 0.029500929557231156
	symmetric= True
	solver time=0.020330429077148438,exit status=0
	SR solver time= 0.020400524139404297
	symmetric= False
	niter= 41
	niter= 281
	solver time=0.09590601921081543,exit status=0
	RGN solver time= 0.09594440460205078
	xnorm=3.098841778031022,dnorm=0.5110207082494771
	dense amplitude time= 0.0390625
	total non-zero amplitudes= 4900
	nsamples per process= 50
	sample time= 0.4400174617767334
	self.n= 0.8502418198253674
	RGN updated loss=-13.999628296567241,dloss=-0.001485304117856856
step= 7

nparam= 1004
	dense amplitude time= 0.03352165222167969
	total non-zero amplitudes= 4900
	nsamples per process= 50
	sample time= 1.9678771495819092
	self.n= 0.8502418198253664
	collect g,h time= 4.961278438568115
E=-13.999628296567241,dE=-0.001485304117856856,std=0
L=-13.999628296567241,dL=-0.001485304117856856,std=0
	gnorm= 0.026582533223246076
	symmetric= True
	solver time=0.03124833106994629,exit status=0
	SR solver time= 0.031301021575927734
	symmetric= False
	niter= 42
	niter= 281
	solver time=0.10219526290893555,exit status=0
	RGN solver time= 0.1022343635559082
	xnorm=3.192592387377561,dnorm=0.4392788606602709
	dense amplitude time= 0.03703570365905762
	total non-zero amplitudes= 4900
	nsamples per process= 50
	sample time= 0.47190427780151367
	self.n= 0.846148367702157
	RGN updated loss=-14.000334184318248,dloss=-0.0007058877510068839
step= 8

nparam= 1004
	dense amplitude time= 0.01652216911315918
	total non-zero amplitudes= 4900
	nsamples per process= 50
	sample time= 2.020876407623291
	self.n= 0.8461483677021571
	collect g,h time= 5.033182859420776
E=-14.000334184318248,dE=-0.0007058877510068839,std=0
L=-14.000334184318248,dL=-0.0007058877510068839,std=0
	gnorm= 0.019028235433902425
	symmetric= True
	solver time=0.023329973220825195,exit status=0
	SR solver time= 0.023375511169433594
	symmetric= False
	niter= 41
	niter= 286
	solver time=0.1126563549041748,exit status=0
	RGN solver time= 0.1127011775970459
	xnorm=3.3265749933712736,dnorm=0.3894969841119185
	dense amplitude time= 0.030346393585205078
	total non-zero amplitudes= 4900
	nsamples per process= 50
	sample time= 0.4388101100921631
	self.n= 0.8188529317334029
	RGN updated loss=-14.001288254534598,dloss=-0.0009540702163501891
step= 9

nparam= 1004
	dense amplitude time= 0.036986351013183594
	total non-zero amplitudes= 4900
	nsamples per process= 50
	sample time= 1.9074883460998535
	self.n= 0.8188529317334022
	collect g,h time= 4.988863706588745
E=-14.001288254534597,dE=-0.0009540702163484127,std=0
L=-14.001288254534597,dL=-0.0009540702163484127,std=0
	gnorm= 0.013489003986903156
	symmetric= True
	solver time=0.01061248779296875,exit status=0
	SR solver time= 0.010650634765625
	symmetric= False
	niter= 43
	niter= 298
	solver time=0.10509228706359863,exit status=0
	RGN solver time= 0.10513925552368164
	xnorm=3.3993115894872514,dnorm=0.33074366398451427
	dense amplitude time= 0.041272640228271484
	total non-zero amplitudes= 4900
	nsamples per process= 50
	sample time= 0.4578402042388916
	self.n= 0.8029710996496582
	RGN updated loss=-14.001774379739194,dloss=-0.000486125204597343
step= 10

nparam= 1004
	dense amplitude time= 0.037369489669799805
	total non-zero amplitudes= 4900
	nsamples per process= 50
	sample time= 1.9990367889404297
	self.n= 0.8029710996496585
	collect g,h time= 5.207294225692749
E=-14.001774379739196,dE=-0.00048612520459911934,std=0
L=-14.001774379739196,dL=-0.00048612520459911934,std=0
	gnorm= 0.009876908146484906
	symmetric= True
	solver time=0.031215429306030273,exit status=0
	SR solver time= 0.0312952995300293
	symmetric= False
	niter= 43
	niter= 308
	solver time=0.11275458335876465,exit status=0
	RGN solver time= 0.11279511451721191
	xnorm=3.5093391588391776,dnorm=0.28120319434768526
	dense amplitude time= 0.043298959732055664
	total non-zero amplitudes= 4900
	nsamples per process= 50
	sample time= 0.43277740478515625
	self.n= 0.7866442481813521
	RGN updated loss=-14.00212394951247,dloss=-0.0003495697732738279
step= 11

nparam= 1004
	dense amplitude time= 0.018761396408081055
	total non-zero amplitudes= 4900
	nsamples per process= 50
	sample time= 1.9097459316253662
	self.n= 0.7866442481813507
	collect g,h time= 5.245560646057129
E=-14.002123949512468,dE=-0.0003495697732720515,std=0
L=-14.002123949512468,dL=-0.0003495697732720515,std=0
	gnorm= 0.006024594405381631
	symmetric= True
	solver time=0.019894838333129883,exit status=0
	SR solver time= 0.0199429988861084
	symmetric= False
	niter= 44
	niter= 312
	solver time=0.12436366081237793,exit status=0
	RGN solver time= 0.12440967559814453
	xnorm=3.575040935322663,dnorm=0.22940688886267266
	dense amplitude time= 0.025943994522094727
	total non-zero amplitudes= 4900
	nsamples per process= 50
	sample time= 0.4591684341430664
	self.n= 0.7733476689403699
	RGN updated loss=-14.00232065226777,dloss=-0.00019670275530181414
step= 12

nparam= 1004
	dense amplitude time= 0.03568148612976074
	total non-zero amplitudes= 4900
	nsamples per process= 50
	sample time= 1.9305346012115479
	self.n= 0.7733476689403691
	collect g,h time= 5.238210201263428
E=-14.002320652267764,dE=-0.00019670275529648507,std=0
L=-14.002320652267764,dL=-0.00019670275529648507,std=0
	gnorm= 0.005167692828616268
	symmetric= True
	solver time=0.021443605422973633,exit status=0
	SR solver time= 0.021487712860107422
	symmetric= False
	niter= 43
	niter= 312
	solver time=0.10604333877563477,exit status=0
	RGN solver time= 0.1060948371887207
	xnorm=3.6470158041564784,dnorm=0.18915305978052524
	dense amplitude time= 0.03808474540710449
	total non-zero amplitudes= 4900
	nsamples per process= 50
	sample time= 0.4359877109527588
	self.n= 0.7640585958167873
	RGN updated loss=-14.002453364472643,dloss=-0.00013271220487887092
step= 13

nparam= 1004
	dense amplitude time= 0.03827929496765137
	total non-zero amplitudes= 4900
	nsamples per process= 50
	sample time= 1.8729743957519531
	self.n= 0.7640585958167871
	collect g,h time= 5.076856851577759
E=-14.002453364472641,dE=-0.00013271220487709456,std=0
L=-14.002453364472641,dL=-0.00013271220487709456,std=0
	gnorm= 0.0032057696965852875
	symmetric= True
	solver time=0.026575803756713867,exit status=0
	SR solver time= 0.02661895751953125
	symmetric= False
	niter= 42
	niter= 312
	solver time=0.10425400733947754,exit status=0
	RGN solver time= 0.1042931079864502
	xnorm=3.698700486049878,dnorm=0.16399891486633034
	dense amplitude time= 0.04044842720031738
	total non-zero amplitudes= 4900
	nsamples per process= 50
	sample time= 0.4469587802886963
	self.n= 0.7564882238517683
	RGN updated loss=-14.002538066418692,dloss=-8.47019460508136e-05
step= 14

nparam= 1004
	dense amplitude time= 0.03979611396789551
	total non-zero amplitudes= 4900
	nsamples per process= 50
	sample time= 1.9011096954345703
	self.n= 0.7564882238517681
	collect g,h time= 5.172598838806152
E=-14.002538066418689,dE=-8.470194604726089e-05,std=0
L=-14.002538066418689,dL=-8.470194604726089e-05,std=0
	gnorm= 0.0025496110513311384
	symmetric= True
	solver time=0.016412019729614258,exit status=0
	SR solver time= 0.016485929489135742
	symmetric= False
	niter= 42
	niter= 317
	solver time=0.11206746101379395,exit status=0
	RGN solver time= 0.11210989952087402
	xnorm=3.7482726551535723,dnorm=0.1473689921730431
	dense amplitude time= 0.020838022232055664
	total non-zero amplitudes= 4900
	nsamples per process= 50
	sample time= 0.43712902069091797
	self.n= 0.7513248130335474
	RGN updated loss=-14.002603564189242,dloss=-6.549777055298023e-05
step= 15

nparam= 1004
	dense amplitude time= 0.01787543296813965
	total non-zero amplitudes= 4900
	nsamples per process= 50
	sample time= 1.8836383819580078
	self.n= 0.751324813033547
	collect g,h time= 5.075907945632935
E=-14.002603564189245,dE=-6.549777055653294e-05,std=0
L=-14.002603564189245,dL=-6.549777055653294e-05,std=0
	gnorm= 0.0018701132154177243
	symmetric= True
	solver time=0.012796163558959961,exit status=0
	SR solver time= 0.012836933135986328
	symmetric= False
	niter= 40
	niter= 328
	solver time=0.10332322120666504,exit status=0
	RGN solver time= 0.1033623218536377
	xnorm=3.7901384218244134,dnorm=0.13934569269007896
	dense amplitude time= 0.03745460510253906
	total non-zero amplitudes= 4900
	nsamples per process= 50
	sample time= 0.4417538642883301
	self.n= 0.7472451507645557
	RGN updated loss=-14.00265930987839,dloss=-5.574568914390454e-05
step= 16

nparam= 1004
	dense amplitude time= 0.03612041473388672
	total non-zero amplitudes= 4900
	nsamples per process= 50
	sample time= 1.8549106121063232
	self.n= 0.747245150764555
	collect g,h time= 5.095921277999878
E=-14.002659309878387,dE=-5.5745689142128185e-05,std=0
L=-14.002659309878387,dL=-5.5745689142128185e-05,std=0
	gnorm= 0.0015125515064790744
	symmetric= True
	solver time=0.019514799118041992,exit status=0
	SR solver time= 0.019554853439331055
	symmetric= False
	niter= 40
	niter= 340
	solver time=0.11519861221313477,exit status=0
	RGN solver time= 0.11523842811584473
	xnorm=3.830380561920139,dnorm=0.13461009296870471
	dense amplitude time= 0.02368640899658203
	total non-zero amplitudes= 4900
	nsamples per process= 50
	sample time= 0.43654370307922363
	self.n= 0.7439364614334341
	RGN updated loss=-14.002710959169443,dloss=-5.1649291055611e-05
step= 17

nparam= 1004
	dense amplitude time= 0.02390313148498535
	total non-zero amplitudes= 4900
	nsamples per process= 50
	sample time= 1.8635196685791016
	self.n= 0.7439364614334334
	collect g,h time= 5.088767051696777
E=-14.002710959169441,dE=-5.1649291053834645e-05,std=0
L=-14.002710959169441,dL=-5.1649291053834645e-05,std=0
	gnorm= 0.0012901271519938809
	symmetric= True
	solver time=0.007480144500732422,exit status=0
	SR solver time= 0.007521152496337891
	symmetric= False
	niter= 39
	niter= 343
	solver time=0.10414624214172363,exit status=0
	RGN solver time= 0.10418510437011719
	xnorm=3.869107554325785,dnorm=0.13192129283467446
	dense amplitude time= 0.024724245071411133
	total non-zero amplitudes= 4900
	nsamples per process= 50
	sample time= 0.4292736053466797
	self.n= 0.7409277938880431
	RGN updated loss=-14.00276082862373,dloss=-4.9869454288753445e-05
step= 18

nparam= 1004
	dense amplitude time= 0.024002790451049805
	total non-zero amplitudes= 4900
	nsamples per process= 50
	sample time= 1.876774787902832
	self.n= 0.7409277938880431
	collect g,h time= 4.330050468444824
E=-14.00276082862373,dE=-4.9869454288753445e-05,std=0
L=-14.00276082862373,dL=-4.9869454288753445e-05,std=0
	gnorm= 0.0011880353135170882
	symmetric= True
	solver time=0.028294801712036133,exit status=0
	SR solver time= 0.028336524963378906
	symmetric= False
	niter= 40
	niter= 343
	solver time=0.11697101593017578,exit status=0
	RGN solver time= 0.11700987815856934
	xnorm=3.9079223718674525,dnorm=0.12971965975771022
	dense amplitude time= 0.021439075469970703
	total non-zero amplitudes= 4900
	nsamples per process= 50
	sample time= 0.4364473819732666
	self.n= 0.7379625116843913
	RGN updated loss=-14.002809691703153,dloss=-4.886307942264523e-05
step= 19

nparam= 1004
	dense amplitude time= 0.037127017974853516
	total non-zero amplitudes= 4900
	nsamples per process= 50
	sample time= 1.8958592414855957
	self.n= 0.7379625116843909
	collect g,h time= 5.17197847366333
E=-14.002809691703153,dE=-4.886307942264523e-05,std=0
L=-14.002809691703153,dL=-4.886307942264523e-05,std=0
	gnorm= 0.0011418462287151087
	symmetric= True
	solver time=0.023603439331054688,exit status=0
	SR solver time= 0.023647308349609375
	symmetric= False
	niter= 40
	niter= 343
	solver time=0.13246560096740723,exit status=0
	RGN solver time= 0.13250303268432617
	xnorm=3.9468659268821917,dnorm=0.1274456809582359
	dense amplitude time= 0.023090124130249023
	total non-zero amplitudes= 4900
	nsamples per process= 50
	sample time= 0.43744897842407227
	self.n= 0.7348572185365717
	RGN updated loss=-14.002857430652172,dloss=-4.7738949019660026e-05
step= 20

nparam= 1004
	dense amplitude time= 0.11406993865966797
	total non-zero amplitudes= 4900
	nsamples per process= 50
	sample time= 1.995896816253662
	self.n= 0.7348572185365713
	collect g,h time= 5.202708721160889
E=-14.002857430652174,dE=-4.773894902143638e-05,std=0
L=-14.002857430652174,dL=-4.773894902143638e-05,std=0
	gnorm= 0.0011091626549538396
	symmetric= True
	solver time=0.030597209930419922,exit status=0
	SR solver time= 0.03063821792602539
	symmetric= False
	niter= 40
	niter= 343
	solver time=0.1165769100189209,exit status=0
	RGN solver time= 0.11662173271179199
	xnorm=3.9858386040928364,dnorm=0.12500726414763894
	dense amplitude time= 0.017503738403320312
	total non-zero amplitudes= 4900
	nsamples per process= 50
	sample time= 0.4589405059814453
	self.n= 0.7315382436127319
	RGN updated loss=-14.002903616408954,dloss=-4.6185756779948406e-05
step= 21

nparam= 1004
	dense amplitude time= 0.050614118576049805
	total non-zero amplitudes= 4900
	nsamples per process= 50
	sample time= 1.9620873928070068
	self.n= 0.7315382436127313
	collect g,h time= 5.212784290313721
E=-14.002903616408952,dE=-4.618575677817205e-05,std=0
L=-14.002903616408952,dL=-4.618575677817205e-05,std=0
	gnorm= 0.0010651110310354742
	symmetric= True
	solver time=0.019197463989257812,exit status=0
	SR solver time= 0.01923847198486328
	symmetric= False
	niter= 40
	niter= 345
	solver time=0.1204218864440918,exit status=0
	RGN solver time= 0.12046241760253906
	xnorm=4.024430000466624,dnorm=0.12264215560384505
	dense amplitude time= 0.01733708381652832
	total non-zero amplitudes= 4900
	nsamples per process= 50
	sample time= 0.43952488899230957
	self.n= 0.7280206632931233
	RGN updated loss=-14.002947770823422,dloss=-4.415441446958823e-05
step= 22

nparam= 1004
	dense amplitude time= 0.024146080017089844
	total non-zero amplitudes= 4900
	nsamples per process= 50
	sample time= 1.9011955261230469
	self.n= 0.7280206632931225
	collect g,h time= 5.218733310699463
E=-14.002947770823422,dE=-4.415441446958823e-05,std=0
L=-14.002947770823422,dL=-4.415441446958823e-05,std=0
	gnorm= 0.0010063689761102804
	symmetric= True
	solver time=0.008814811706542969,exit status=0
	SR solver time= 0.008852720260620117
	symmetric= False
	niter= 40
	niter= 346
	solver time=0.10154557228088379,exit status=0
	RGN solver time= 0.10158395767211914
	xnorm=4.062208256831713,dnorm=0.12043938500420936
	dense amplitude time= 0.023381471633911133
	total non-zero amplitudes= 4900
	nsamples per process= 50
	sample time= 0.4526102542877197
	self.n= 0.7244194678141018
	RGN updated loss=-14.00298951351176,dloss=-4.174268833878614e-05
step= 23

nparam= 1004
	dense amplitude time= 0.02459883689880371
	total non-zero amplitudes= 4900
	nsamples per process= 50
	sample time= 1.926640272140503
	self.n= 0.724419467814101
	collect g,h time= 5.247517108917236
E=-14.00298951351176,dE=-4.174268833878614e-05,std=0
L=-14.00298951351176,dL=-4.174268833878614e-05,std=0
	gnorm= 0.0009457171561404424
	symmetric= True
	solver time=0.01775836944580078,exit status=0
	SR solver time= 0.01780390739440918
	symmetric= False
	niter= 40
	niter= 345
	solver time=0.10178065299987793,exit status=0
	RGN solver time= 0.1018216609954834
	xnorm=4.098822037288092,dnorm=0.11833964719994683
	dense amplitude time= 0.026460886001586914
	total non-zero amplitudes= 4900
	nsamples per process= 50
	sample time= 0.4434375762939453
	self.n= 0.720878111805329
	RGN updated loss=-14.003028675476148,dloss=-3.916196438780162e-05
step= 24

nparam= 1004
	dense amplitude time= 0.02400946617126465
	total non-zero amplitudes= 4900
	nsamples per process= 50
	sample time= 1.8640520572662354
	self.n= 0.7208781118053289
	collect g,h time= 5.227259397506714
E=-14.003028675476145,dE=-3.9161964384248904e-05,std=0
L=-14.003028675476145,dL=-3.9161964384248904e-05,std=0
	gnorm= 0.0008981347246701022
	symmetric= True
	solver time=0.01223301887512207,exit status=0
	SR solver time= 0.012271642684936523
	symmetric= False
	niter= 40
	niter= 345
	solver time=0.11269259452819824,exit status=0
	RGN solver time= 0.11273694038391113
	xnorm=4.134071449928627,dnorm=0.11615273655510103
	dense amplitude time= 0.03093099594116211
	total non-zero amplitudes= 4900
	nsamples per process= 50
	sample time= 0.44254279136657715
	self.n= 0.7175203426490679
	RGN updated loss=-14.003065293918588,dloss=-3.6618442443625554e-05
step= 25

nparam= 1004
	dense amplitude time= 0.02713298797607422
	total non-zero amplitudes= 4900
	nsamples per process= 50
	sample time= 1.907360553741455
	self.n= 0.7175203426490676
	collect g,h time= 5.07299542427063
E=-14.003065293918587,dE=-3.66184424418492e-05,std=0
L=-14.003065293918587,dL=-3.66184424418492e-05,std=0
	gnorm= 0.0008906983030432373
	symmetric= True
	solver time=0.038590431213378906,exit status=0
	SR solver time= 0.038633108139038086
	symmetric= False
	niter= 40
	niter= 343
	solver time=0.10959315299987793,exit status=0
	RGN solver time= 0.10963773727416992
	xnorm=4.1678757153380035,dnorm=0.113685163103721
	dense amplitude time= 0.03078293800354004
	total non-zero amplitudes= 4900
	nsamples per process= 50
	sample time= 0.44837212562561035
	self.n= 0.7143939277618501
	RGN updated loss=-14.00309939946877,dloss=-3.4105550183127775e-05
step= 26

nparam= 1004
	dense amplitude time= 0.15143132209777832
	total non-zero amplitudes= 4900
	nsamples per process= 50
	sample time= 1.8963274955749512
	self.n= 0.7143939277618498
	collect g,h time= 5.219350099563599
E=-14.003099399468768,dE=-3.410555018135142e-05,std=0
L=-14.003099399468768,dL=-3.410555018135142e-05,std=0
	gnorm= 0.0008528175763266387
	symmetric= True
	solver time=0.05189847946166992,exit status=0
	SR solver time= 0.051946401596069336
	symmetric= False
	niter= 40
	niter= 343
	solver time=0.14185023307800293,exit status=0
	RGN solver time= 0.141890287399292
	xnorm=4.200098882698254,dnorm=0.11066461587919207
	dense amplitude time= 0.03423905372619629
	total non-zero amplitudes= 4900
	nsamples per process= 50
	sample time= 0.4492518901824951
	self.n= 0.7115797657957659
	RGN updated loss=-14.003131121887574,dloss=-3.1722418805557595e-05
step= 27

nparam= 1004
	dense amplitude time= 0.029636859893798828
	total non-zero amplitudes= 4900
	nsamples per process= 50
	sample time= 1.954662799835205
	self.n= 0.7115797657957648
	collect g,h time= 5.218378067016602
E=-14.003131121887574,dE=-3.1722418805557595e-05,std=0
L=-14.003131121887574,dL=-3.1722418805557595e-05,std=0
	gnorm= 0.0008316460644653833
	symmetric= True
	niter= 40
	solver time=0.052918195724487305,exit status=0
	SR solver time= 0.05296945571899414
	symmetric= False
	niter= 343
	solver time=0.15116357803344727,exit status=0
	RGN solver time= 0.15121150016784668
	xnorm=4.230936799178739,dnorm=0.10712165571296522
	dense amplitude time= 0.028985261917114258
	total non-zero amplitudes= 4900
	nsamples per process= 50
	sample time= 0.44518446922302246
	self.n= 0.708995306110493
	RGN updated loss=-14.003160333106843,dloss=-2.921121926924286e-05
step= 28

nparam= 1004
	dense amplitude time= 0.04140210151672363
	total non-zero amplitudes= 4900
	nsamples per process= 50
	sample time= 1.8854596614837646
	self.n= 0.7089953061104921
	collect g,h time= 5.221989393234253
E=-14.003160333106843,dE=-2.921121926924286e-05,std=0
L=-14.003160333106843,dL=-2.921121926924286e-05,std=0
	gnorm= 0.0008138513152135909
	symmetric= True
	solver time=0.030130624771118164,exit status=0
	SR solver time= 0.030205726623535156
	symmetric= False
	niter= 40
	niter= 343
	solver time=0.13596558570861816,exit status=0
	RGN solver time= 0.13600921630859375
	xnorm=4.260168855828511,dnorm=0.10319399199851169
	dense amplitude time= 0.03846859931945801
	total non-zero amplitudes= 4900
	nsamples per process= 50
	sample time= 0.4464282989501953
	self.n= 0.7065917062063158
	RGN updated loss=-14.003187055368334,dloss=-2.6722261491585186e-05
step= 29

nparam= 1004
	dense amplitude time= 0.05750894546508789
	total non-zero amplitudes= 4900
	nsamples per process= 50
	sample time= 1.9106011390686035
	self.n= 0.706591706206315
	collect g,h time= 4.683530807495117
E=-14.003187055368336,dE=-2.6722261493361543e-05,std=0
L=-14.003187055368336,dL=-2.6722261493361543e-05,std=0
	gnorm= 0.0007951378833150733
	symmetric= True
	niter= 39
	solver time=0.05228590965270996,exit status=0
	SR solver time= 0.052337646484375
	symmetric= False
	niter= 343
	solver time=0.1374058723449707,exit status=0
	RGN solver time= 0.13744807243347168
	xnorm=4.287721599906892,dnorm=0.09906735379950792
	dense amplitude time= 0.038450002670288086
	total non-zero amplitudes= 4900
	nsamples per process= 50
	sample time= 0.45195531845092773
	self.n= 0.7042960762511135
	RGN updated loss=-14.003211397667398,dloss=-2.4342299061785866e-05
step= 30

nparam= 1004
	dense amplitude time= 0.05584406852722168
	total non-zero amplitudes= 4900
	nsamples per process= 50
	sample time= 1.9420950412750244
	self.n= 0.7042960762511132
	collect g,h time= 5.19042181968689
E=-14.0032113976674,dE=-2.4342299063562223e-05,std=0
L=-14.0032113976674,dL=-2.4342299063562223e-05,std=0
	gnorm= 0.0007750339855473978
	symmetric= True
	solver time=0.05104327201843262,exit status=0
	SR solver time= 0.05109572410583496
	symmetric= False
	niter= 40
	niter= 343
	solver time=0.12096452713012695,exit status=0
	RGN solver time= 0.12100481986999512
	xnorm=4.313597462465131,dnorm=0.09488704070874271
	dense amplitude time= 0.01894068717956543
	total non-zero amplitudes= 4900
	nsamples per process= 50
	sample time= 0.43728089332580566
	self.n= 0.7020301558144897
	RGN updated loss=-14.003233538893669,dloss=-2.2141226269312142e-05
step= 31

nparam= 1004
	dense amplitude time= 0.023680925369262695
	total non-zero amplitudes= 4900
	nsamples per process= 50
	sample time= 1.884098768234253
	self.n= 0.7020301558144899
	collect g,h time= 5.200638055801392
E=-14.003233538893667,dE=-2.2141226267535785e-05,std=0
L=-14.003233538893667,dL=-2.2141226267535785e-05,std=0
	gnorm= 0.00075387827602149
	symmetric= True
	niter= 39
	solver time=0.02961421012878418,exit status=0
	SR solver time= 0.029661893844604492
	symmetric= False
	niter= 343
	solver time=0.12746071815490723,exit status=0
	RGN solver time= 0.12750029563903809
	xnorm=4.33773189780885,dnorm=0.0909036171043087
	dense amplitude time= 0.03908944129943848
	total non-zero amplitudes= 4900
	nsamples per process= 50
	sample time= 0.4376521110534668
	self.n= 0.6997244144661601
	RGN updated loss=-14.003253727147223,dloss=-2.018825355598608e-05
step= 32

nparam= 1004
	dense amplitude time= 0.023679256439208984
	total non-zero amplitudes= 4900
	nsamples per process= 50
	sample time= 1.863088846206665
	self.n= 0.6997244144661597
	collect g,h time= 4.819899082183838
E=-14.003253727147221,dE=-2.0188253554209723e-05,std=0
L=-14.003253727147221,dL=-2.0188253554209723e-05,std=0
	gnorm= 0.000731449732275876
	symmetric= True
	solver time=0.007701396942138672,exit status=0
	SR solver time= 0.00774073600769043
	symmetric= False
	niter= 39
	niter= 343
	solver time=0.09835290908813477,exit status=0
	RGN solver time= 0.09839463233947754
	xnorm=4.360232024041401,dnorm=0.08716230705611364
	dense amplitude time= 0.02288031578063965
	total non-zero amplitudes= 4900
	nsamples per process= 50
	sample time= 0.44459986686706543
	self.n= 0.6973378764878704
	RGN updated loss=-14.003272204926134,dloss=-1.8477778912284748e-05
step= 33

nparam= 1004
	dense amplitude time= 0.028258562088012695
	total non-zero amplitudes= 4900
	nsamples per process= 50
	sample time= 1.8836157321929932
	self.n= 0.6973378764878697
	collect g,h time= 4.66533088684082
E=-14.003272204926134,dE=-1.8477778912284748e-05,std=0
L=-14.003272204926134,dL=-1.8477778912284748e-05,std=0
	gnorm= 0.000701577300602964
	symmetric= True
	solver time=0.009265661239624023,exit status=0
	SR solver time= 0.009307384490966797
	symmetric= False
	niter= 40
	niter= 343
	solver time=0.13301873207092285,exit status=0
	RGN solver time= 0.1330573558807373
	xnorm=4.381161338206531,dnorm=0.08376168918527306
	dense amplitude time= 0.019225120544433594
	total non-zero amplitudes= 4900
	nsamples per process= 50
	sample time= 0.4379153251647949
	self.n= 0.6947640997407731
	RGN updated loss=-14.00328918052322,dloss=-1.6975597086243965e-05
step= 34

nparam= 1004
	dense amplitude time= 0.08619284629821777
	total non-zero amplitudes= 4900
	nsamples per process= 50
	sample time= 1.8574681282043457
	self.n= 0.6947640997407736
	collect g,h time= 5.198766469955444
E=-14.003289180523218,dE=-1.697559708446761e-05,std=0
L=-14.003289180523218,dL=-1.697559708446761e-05,std=0
	gnorm= 0.0007093636873170173
	symmetric= True
	solver time=0.008708477020263672,exit status=0
	SR solver time= 0.008746147155761719
	symmetric= False
	niter= 40
	niter= 343
	solver time=0.10637187957763672,exit status=0
	RGN solver time= 0.10641002655029297
	xnorm=4.400682047084069,dnorm=0.08078456823648741
	dense amplitude time= 0.022043466567993164
	total non-zero amplitudes= 4900
	nsamples per process= 50
	sample time= 0.44300007820129395
	self.n= 0.692172659650701
	RGN updated loss=-14.003304970820365,dloss=-1.5790297146267562e-05
step= 35

nparam= 1004
	dense amplitude time= 0.05978560447692871
	total non-zero amplitudes= 4900
	nsamples per process= 50
	sample time= 1.8516323566436768
	self.n= 0.6921726596507014
	collect g,h time= 4.895800828933716
E=-14.003304970820361,dE=-1.579029714271485e-05,std=0
L=-14.003304970820361,dL=-1.579029714271485e-05,std=0
	gnorm= 0.000656127981115491
	symmetric= True
	solver time=0.012948751449584961,exit status=0
	SR solver time= 0.012991189956665039
	symmetric= False
	niter= 39
	niter= 343
	solver time=0.14757800102233887,exit status=0
	RGN solver time= 0.14763188362121582
	xnorm=4.418937915456991,dnorm=0.07799481720951901
	dense amplitude time= 0.037255287170410156
	total non-zero amplitudes= 4900
	nsamples per process= 50
	sample time= 0.4309544563293457
	self.n= 0.6894314325201492
	RGN updated loss=-14.003319662164136,dloss=-1.4691343775297128e-05
step= 36

nparam= 1004
	dense amplitude time= 0.03705477714538574
	total non-zero amplitudes= 4900
	nsamples per process= 50
	sample time= 1.8472058773040771
	self.n= 0.6894314325201487
	collect g,h time= 5.191851854324341
E=-14.003319662164136,dE=-1.4691343775297128e-05,std=0
L=-14.003319662164136,dL=-1.4691343775297128e-05,std=0
	gnorm= 0.0006206100240325489
	symmetric= True
	solver time=0.030984163284301758,exit status=0
	SR solver time= 0.031030893325805664
	symmetric= False
	niter= 39
	niter= 343
	solver time=0.11291241645812988,exit status=0
	RGN solver time= 0.1129598617553711
	xnorm=4.436042092582312,dnorm=0.07534326087273566
	dense amplitude time= 0.03998565673828125
	total non-zero amplitudes= 4900
	nsamples per process= 50
	sample time= 0.42297983169555664
	self.n= 0.686616580134994
	RGN updated loss=-14.003333327831836,dloss=-1.366566769966937e-05
step= 37

nparam= 1004
	dense amplitude time= 0.04276537895202637
	total non-zero amplitudes= 4900
	nsamples per process= 50
	sample time= 1.7963709831237793
	self.n= 0.6866165801349933
	collect g,h time= 4.888235330581665
E=-14.003333327831838,dE=-1.3665667701445727e-05,std=0
L=-14.003333327831838,dL=-1.3665667701445727e-05,std=0
	gnorm= 0.0005916539010005882
	symmetric= True
	solver time=0.017757654190063477,exit status=0
	SR solver time= 0.017801761627197266
	symmetric= False
	niter= 39
	niter= 343
	solver time=0.16512084007263184,exit status=0
	RGN solver time= 0.1651630401611328
	xnorm=4.452090467652944,dnorm=0.07282687384699282
	dense amplitude time= 0.023489952087402344
	total non-zero amplitudes= 4900
	nsamples per process= 50
	sample time= 0.4308512210845947
	self.n= 0.6837586194134448
	RGN updated loss=-14.003346037669772,dloss=-1.2709837934110624e-05
step= 38

nparam= 1004
	dense amplitude time= 0.07575440406799316
	total non-zero amplitudes= 4900
	nsamples per process= 50
	sample time= 1.8310048580169678
	self.n= 0.6837586194134444
	collect g,h time= 5.197964668273926
E=-14.00334603766977,dE=-1.2709837932334267e-05,std=0
L=-14.00334603766977,dL=-1.2709837932334267e-05,std=0
	gnorm= 0.0005488716788020873
	symmetric= True
	solver time=0.009137630462646484,exit status=0
	SR solver time= 0.009176969528198242
	symmetric= False
	niter= 39
	niter= 343
	solver time=0.11218380928039551,exit status=0
	RGN solver time= 0.1122274398803711
	xnorm=4.467228807112287,dnorm=0.07039194582711848
	dense amplitude time= 0.0243682861328125
	total non-zero amplitudes= 4900
	nsamples per process= 50
	sample time= 0.4368314743041992
	self.n= 0.6809444736562007
	RGN updated loss=-14.003357895502836,dloss=-1.1857833065676004e-05
step= 39

nparam= 1004
	dense amplitude time= 0.11315298080444336
	total non-zero amplitudes= 4900
	nsamples per process= 50
	sample time= 1.9269731044769287
	self.n= 0.680944473656201
	collect g,h time= 5.175870418548584
E=-14.003357895502837,dE=-1.1857833067452361e-05,std=0
L=-14.003357895502837,dL=-1.1857833067452361e-05,std=0
	gnorm= 0.0005101735385003383
	symmetric= True
	niter= 38
	solver time=0.04645347595214844,exit status=0
	SR solver time= 0.04650545120239258
	symmetric= False
	niter= 343
	solver time=0.13151097297668457,exit status=0
	RGN solver time= 0.13155269622802734
	xnorm=4.48156390527821,dnorm=0.06792736521122081
	dense amplitude time= 0.024148941040039062
	total non-zero amplitudes= 4900
	nsamples per process= 50
	sample time= 0.4444611072540283
	self.n= 0.6781842281823285
	RGN updated loss=-14.003368871112952,dloss=-1.0975610114982715e-05
step= 40

nparam= 1004
	dense amplitude time= 0.03706669807434082
	total non-zero amplitudes= 4900
	nsamples per process= 50
	sample time= 1.8938658237457275
	self.n= 0.6781842281823282
	collect g,h time= 4.841745138168335
E=-14.003368871112954,dE=-1.0975610116759071e-05,std=0
L=-14.003368871112954,dL=-1.0975610116759071e-05,std=0
	gnorm= 0.00047256158747639444
	symmetric= True
	solver time=0.010576725006103516,exit status=0
	SR solver time= 0.01061868667602539
	symmetric= False
	niter= 38
	niter= 343
	solver time=0.14394807815551758,exit status=0
	RGN solver time= 0.14399003982543945
	xnorm=4.495221961294662,dnorm=0.06543345592470136
	dense amplitude time= 0.037894248962402344
	total non-zero amplitudes= 4900
	nsamples per process= 50
	sample time= 0.45426416397094727
	self.n= 0.6755268953573691
	RGN updated loss=-14.00337899293154,dloss=-1.012181858506267e-05
step= 41

nparam= 1004
	dense amplitude time= 0.04957723617553711
	total non-zero amplitudes= 4900
	nsamples per process= 50
	sample time= 1.9277448654174805
	self.n= 0.6755268953573699
	collect g,h time= 5.109236240386963
E=-14.00337899293154,dE=-1.012181858506267e-05,std=0
L=-14.00337899293154,dL=-1.012181858506267e-05,std=0
	gnorm= 0.0004328255903926409
	symmetric= True
	solver time=0.03661847114562988,exit status=0
	SR solver time= 0.03666377067565918
	symmetric= False
	niter= 37
	niter= 346
	solver time=0.12802410125732422,exit status=0
	RGN solver time= 0.12806487083435059
	xnorm=4.508248107404886,dnorm=0.06288892324581873
	dense amplitude time= 0.027954816818237305
	total non-zero amplitudes= 4900
	nsamples per process= 50
	sample time= 0.43263792991638184
	self.n= 0.6730031529368439
	RGN updated loss=-14.003388289901482,dloss=-9.296969942340638e-06
step= 42

nparam= 1004
	dense amplitude time= 0.04117250442504883
	total non-zero amplitudes= 4900
	nsamples per process= 50
	sample time= 1.922203779220581
	self.n= 0.6730031529368438
	collect g,h time= 4.896831274032593
E=-14.003388289901485,dE=-9.296969945893352e-06,std=0
L=-14.003388289901485,dL=-9.296969945893352e-06,std=0
	gnorm= 0.00039321686659974145
	symmetric= True
	solver time=0.030065059661865234,exit status=0
	SR solver time= 0.03011345863342285
	symmetric= False
	niter= 37
	niter= 349
	solver time=0.1368255615234375,exit status=0
	RGN solver time= 0.13686656951904297
	xnorm=4.520739112562623,dnorm=0.060366986380998675
	dense amplitude time= 0.038780927658081055
	total non-zero amplitudes= 4900
	nsamples per process= 50
	sample time= 0.45351219177246094
	self.n= 0.670624967863175
	RGN updated loss=-14.003396800976827,dloss=-8.511075341388619e-06
step= 43

nparam= 1004
	dense amplitude time= 0.028011560440063477
	total non-zero amplitudes= 4900
	nsamples per process= 50
	sample time= 1.8802800178527832
	self.n= 0.6706249678631748
	collect g,h time= 4.928772926330566
E=-14.003396800976827,dE=-8.511075341388619e-06,std=0
L=-14.003396800976827,dL=-8.511075341388619e-06,std=0
	gnorm= 0.0003549567254756217
	symmetric= True
	solver time=0.019884824752807617,exit status=0
	SR solver time= 0.019931793212890625
	symmetric= False
	niter= 37
	niter= 353
	solver time=0.10379457473754883,exit status=0
	RGN solver time= 0.1038370132446289
	xnorm=4.532779973001139,dnorm=0.05789117442031899
	dense amplitude time= 0.026591777801513672
	total non-zero amplitudes= 4900
	nsamples per process= 50
	sample time= 0.4326362609863281
	self.n= 0.6684049748966081
	RGN updated loss=-14.00340457936238,dloss=-7.778385553436351e-06
step= 44

nparam= 1004
	dense amplitude time= 0.04210400581359863
	total non-zero amplitudes= 4900
	nsamples per process= 50
	sample time= 1.869701623916626
	self.n= 0.6684049748966088
	collect g,h time= 5.189382553100586
E=-14.003404579362376,dE=-7.778385549883637e-06,std=0
L=-14.003404579362376,dL=-7.778385549883637e-06,std=0
	gnorm= 0.00031916709621266455
	symmetric= True
	niter= 36
	solver time=0.045742034912109375,exit status=0
	SR solver time= 0.04579782485961914
	symmetric= False
	niter= 359
	solver time=0.16251444816589355,exit status=0
	RGN solver time= 0.16256117820739746
	xnorm=4.544431289098944,dnorm=0.055521771850748136
	dense amplitude time= 0.032723426818847656
	total non-zero amplitudes= 4900
	nsamples per process= 50
	sample time= 0.42854857444763184
	self.n= 0.6663399374023812
	RGN updated loss=-14.003411690304263,dloss=-7.110941886878663e-06
step= 45

nparam= 1004
	dense amplitude time= 0.13135480880737305
	total non-zero amplitudes= 4900
	nsamples per process= 50
	sample time= 1.8284897804260254
	self.n= 0.6663399374023804
	collect g,h time= 5.185690641403198
E=-14.003411690304263,dE=-7.110941886878663e-06,std=0
L=-14.003411690304263,dL=-7.110941886878663e-06,std=0
	gnorm= 0.0002864081776373263
	symmetric= True
	solver time=0.026378631591796875,exit status=0
	SR solver time= 0.026424169540405273
	symmetric= False
	niter= 36
	niter= 367
	solver time=0.16086483001708984,exit status=0
	RGN solver time= 0.1609048843383789
	xnorm=4.555754468640426,dnorm=0.05328270255644868
	dense amplitude time= 0.04416704177856445
	total non-zero amplitudes= 4900
	nsamples per process= 50
	sample time= 0.43007564544677734
	self.n= 0.6644223047663749
	RGN updated loss=-14.003418202200795,dloss=-6.511896531335992e-06
step= 46

nparam= 1004
	dense amplitude time= 0.05736804008483887
	total non-zero amplitudes= 4900
	nsamples per process= 50
	sample time= 1.9111316204071045
	self.n= 0.6644223047663748
	collect g,h time= 4.509792804718018
E=-14.00341820220079,dE=-6.511896526006922e-06,std=0
L=-14.00341820220079,dL=-6.511896526006922e-06,std=0
	gnorm= 0.00025708610120463035
	symmetric= True
	solver time=0.04084920883178711,exit status=0
	SR solver time= 0.04089713096618652
	symmetric= False
	niter= 36
	niter= 369
	solver time=0.1275315284729004,exit status=0
	RGN solver time= 0.12758111953735352
	xnorm=4.566798577334231,dnorm=0.0511941501749077
	dense amplitude time= 0.03788256645202637
	total non-zero amplitudes= 4900
	nsamples per process= 50
	sample time= 0.4514048099517822
	self.n= 0.6626382099477937
	RGN updated loss=-14.003424181142947,dloss=-5.9789421573697155e-06
step= 47

nparam= 1004
	dense amplitude time= 0.04943108558654785
	total non-zero amplitudes= 4900
	nsamples per process= 50
	sample time= 1.9194097518920898
	self.n= 0.6626382099477939
	collect g,h time= 4.343353986740112
E=-14.003424181142947,dE=-5.9789421573697155e-06,std=0
L=-14.003424181142947,dL=-5.9789421573697155e-06,std=0
	gnorm= 0.00023173218246812618
	symmetric= True
	solver time=0.007424354553222656,exit status=0
	SR solver time= 0.0074651241302490234
	symmetric= False
	niter= 35
	niter= 370
	solver time=0.11698365211486816,exit status=0
	RGN solver time= 0.11702132225036621
	xnorm=4.57761602890756,dnorm=0.049260491645338605
	dense amplitude time= 0.05466008186340332
	total non-zero amplitudes= 4900
	nsamples per process= 50
	sample time= 0.4616363048553467
	self.n= 0.6609711083404937
	RGN updated loss=-14.003429691210336,dloss=-5.510067389025153e-06
step= 48

nparam= 1004
	dense amplitude time= 0.02826404571533203
	total non-zero amplitudes= 4900
	nsamples per process= 50
	sample time= 1.9763712882995605
	self.n= 0.6609711083404936
	collect g,h time= 4.677630662918091
E=-14.003429691210334,dE=-5.510067387248796e-06,std=0
L=-14.003429691210334,dL=-5.510067387248796e-06,std=0
	gnorm= 0.00021098536391399176
	symmetric= True
	solver time=0.013356924057006836,exit status=0
	SR solver time= 0.013403654098510742
	symmetric= False
	niter= 35
	niter= 373
	solver time=0.13093233108520508,exit status=0
	RGN solver time= 0.13098430633544922
	xnorm=4.588246290087006,dnorm=0.04748624968772623
	dense amplitude time= 0.0330662727355957
	total non-zero amplitudes= 4900
	nsamples per process= 50
	sample time= 0.4412827491760254
	self.n= 0.6594049968901537
	RGN updated loss=-14.003434788909209,dloss=-5.097698874578782e-06
step= 49

nparam= 1004
	dense amplitude time= 0.08212590217590332
	total non-zero amplitudes= 4900
	nsamples per process= 50
	sample time= 1.945164442062378
	self.n= 0.659404996890153
	collect g,h time= 5.172788858413696
E=-14.003434788909212,dE=-5.097698878131496e-06,std=0
L=-14.003434788909212,dL=-5.097698878131496e-06,std=0
	gnorm= 0.00019290481343506394
	symmetric= True
	solver time=0.06979632377624512,exit status=0
	SR solver time= 0.06985354423522949
	symmetric= False
	niter= 35
	niter= 374
	solver time=0.6943666934967041,exit status=0
	RGN solver time= 0.6944153308868408
	xnorm=4.5987133880404,dnorm=0.04586403826577255
	dense amplitude time= 0.3240013122558594
	total non-zero amplitudes= 4900
	nsamples per process= 50
	sample time= 0.44228649139404297
	self.n= 0.657924128214785
	RGN updated loss=-14.003439526513507,dloss=-4.737604294646758e-06
step= 50

nparam= 1004
	dense amplitude time= 0.035408973693847656
	total non-zero amplitudes= 4900
	nsamples per process= 50
	sample time= 1.9771349430084229
	self.n= 0.6579241282147845
	collect g,h time= 5.138526201248169
E=-14.003439526513509,dE=-4.737604296423115e-06,std=0
L=-14.003439526513509,dL=-4.737604296423115e-06,std=0
	gnorm= 0.00017923255670037054
	symmetric= True
	solver time=0.017426013946533203,exit status=0
	SR solver time= 0.017468690872192383
	symmetric= False
	niter= 35
	niter= 374
	solver time=0.14870023727416992,exit status=0
	RGN solver time= 0.14875173568725586
	xnorm=4.6090450741358175,dnorm=0.04437629438477037
	dense amplitude time= 0.026835918426513672
	total non-zero amplitudes= 4900
	nsamples per process= 50
	sample time= 0.449399471282959
	self.n= 0.656511001861411
	RGN updated loss=-14.003443946967554,dloss=-4.420454045472866e-06
step= 51

nparam= 1004
	dense amplitude time= 0.022243976593017578
	total non-zero amplitudes= 4900
	nsamples per process= 50
	sample time= 1.9486205577850342
	self.n= 0.6565110018614106
	collect g,h time= 5.140026569366455
E=-14.003443946967554,dE=-4.420454045472866e-06,std=0
L=-14.003443946967554,dL=-4.420454045472866e-06,std=0
	gnorm= 0.00016719878660015455
	symmetric= True
	solver time=0.018433332443237305,exit status=0
	SR solver time= 0.018473148345947266
	symmetric= False
	niter= 34
	niter= 374
	solver time=0.12839126586914062,exit status=0
	RGN solver time= 0.12843966484069824
	xnorm=4.619253666757871,dnorm=0.04303506669980212
	dense amplitude time= 0.040302276611328125
	total non-zero amplitudes= 4900
	nsamples per process= 50
	sample time= 0.443554162979126
	self.n= 0.6551568370911622
	RGN updated loss=-14.00344809049332,dloss=-4.143525766053813e-06
step= 52

nparam= 1004
	dense amplitude time= 0.020321369171142578
	total non-zero amplitudes= 4900
	nsamples per process= 50
	sample time= 1.9537570476531982
	self.n= 0.6551568370911611
	collect g,h time= 4.725025653839111
E=-14.003448090493318,dE=-4.143525764277456e-06,std=0
L=-14.003448090493318,dL=-4.143525764277456e-06,std=0
	gnorm= 0.00015786397116220063
	symmetric= True
	solver time=0.018020153045654297,exit status=0
	SR solver time= 0.018091440200805664
	symmetric= False
	niter= 34
	niter= 374
	solver time=0.13695955276489258,exit status=0
	RGN solver time= 0.13700127601623535
	xnorm=4.629339308299593,dnorm=0.04181610716963365
	dense amplitude time= 0.026766300201416016
	total non-zero amplitudes= 4900
	nsamples per process= 50
	sample time= 0.45178961753845215
	self.n= 0.6538483510418391
	RGN updated loss=-14.003451991566267,dloss=-3.901072949119566e-06
step= 53

nparam= 1004
	dense amplitude time= 0.046001434326171875
	total non-zero amplitudes= 4900
	nsamples per process= 50
	sample time= 1.8830337524414062
	self.n= 0.6538483510418381
	collect g,h time= 4.64974570274353
E=-14.003451991566273,dE=-3.901072954448637e-06,std=0
L=-14.003451991566273,dL=-3.901072954448637e-06,std=0
	gnorm= 0.00015002089582222866
	symmetric= True
	solver time=0.018985271453857422,exit status=0
	SR solver time= 0.01914072036743164
	symmetric= False
	niter= 34
	niter= 374
	solver time=0.1662769317626953,exit status=0
	RGN solver time= 0.16632413864135742
	xnorm=4.639308037293137,dnorm=0.04072264245770924
	dense amplitude time= 0.04784965515136719
	total non-zero amplitudes= 4900
	nsamples per process= 50
	sample time= 0.46132349967956543
	self.n= 0.6525791481780516
	RGN updated loss=-14.003455681024409,dloss=-3.6894581363355883e-06
step= 54

nparam= 1004
	dense amplitude time= 0.041919708251953125
	total non-zero amplitudes= 4900
	nsamples per process= 50
	sample time= 1.9614057540893555
	self.n= 0.6525791481780512
	collect g,h time= 5.191887617111206
E=-14.003455681024409,dE=-3.6894581363355883e-06,std=0
L=-14.003455681024409,dL=-3.6894581363355883e-06,std=0
	gnorm= 0.00015132943244183477
	symmetric= True
	solver time=0.028954505920410156,exit status=0
	SR solver time= 0.029000520706176758
	symmetric= False
	niter= 35
	niter= 374
	solver time=0.17274141311645508,exit status=0
	RGN solver time= 0.17278790473937988
	xnorm=4.649160719244974,dnorm=0.039797752369713404
	dense amplitude time= 0.04538369178771973
	total non-zero amplitudes= 4900
	nsamples per process= 50
	sample time= 0.45226001739501953
	self.n= 0.6513347343678129
	RGN updated loss=-14.003459187638603,dloss=-3.506614193682367e-06
step= 55

nparam= 1004
	dense amplitude time= 0.036546945571899414
	total non-zero amplitudes= 4900
	nsamples per process= 50
	sample time= 1.8644194602966309
	self.n= 0.6513347343678118
	collect g,h time= 5.154893636703491
E=-14.003459187638605,dE=-3.5066141954587238e-06,std=0
L=-14.003459187638605,dL=-3.5066141954587238e-06,std=0
	gnorm= 0.0002068597477037945
	symmetric= True
	solver time=0.010021686553955078,exit status=0
	SR solver time= 0.010210514068603516
	symmetric= False
	niter= 40
	niter= 365
	solver time=0.13734936714172363,exit status=0
	RGN solver time= 0.13739752769470215
	xnorm=4.6589633475443835,dnorm=0.03880303092646299
	dense amplitude time= 0.024451494216918945
	total non-zero amplitudes= 4900
	nsamples per process= 50
	sample time= 0.4558298587799072
	self.n= 0.650143701929282
	RGN updated loss=-14.00346249782445,dloss=-3.3101858463169265e-06
step= 56

nparam= 1004
	dense amplitude time= 0.1318526268005371
	total non-zero amplitudes= 4900
	nsamples per process= 50
	sample time= 1.8970425128936768
	self.n= 0.6501437019292824
	collect g,h time= 5.079733610153198
E=-14.003462497824449,dE=-3.3101858445405696e-06,std=0
L=-14.003462497824449,dL=-3.3101858445405696e-06,std=0
	gnorm= 0.00016748418401850573
	symmetric= True
	solver time=0.009750843048095703,exit status=0
	SR solver time= 0.009796619415283203
	symmetric= False
	niter= 38
	niter= 374
	solver time=0.11945009231567383,exit status=0
	RGN solver time= 0.11949014663696289
	xnorm=4.668562004116378,dnorm=0.038057287603175304
	dense amplitude time= 0.019121408462524414
	total non-zero amplitudes= 4900
	nsamples per process= 50
	sample time= 0.41873741149902344
	self.n= 0.6489178760918429
	RGN updated loss=-14.003465719407954,dloss=-3.2215835048532426e-06
step= 57

nparam= 1004
	dense amplitude time= 0.11461305618286133
	total non-zero amplitudes= 4900
	nsamples per process= 50
	sample time= 1.7628979682922363
	self.n= 0.6489178760918425
	collect g,h time= 5.183175325393677
E=-14.003465719407952,dE=-3.221583503076886e-06,std=0
L=-14.003465719407952,dL=-3.221583503076886e-06,std=0
	gnorm= 0.00018884496714951848
	symmetric= True
	solver time=0.008063793182373047,exit status=0
	SR solver time= 0.00809931755065918
	symmetric= False
	niter= 39
	niter= 369
	solver time=0.1150822639465332,exit status=0
	RGN solver time= 0.11512327194213867
	xnorm=4.6780722077713675,dnorm=0.03726429149011016
	dense amplitude time= 0.024974346160888672
	total non-zero amplitudes= 4900
	nsamples per process= 50
	sample time= 0.43765711784362793
	self.n= 0.6477447202417286
	RGN updated loss=-14.003468758293891,dloss=-3.0388859393326584e-06
step= 58

nparam= 1004
	dense amplitude time= 0.047109127044677734
	total non-zero amplitudes= 4900
	nsamples per process= 50
	sample time= 1.8582966327667236
	self.n= 0.6477447202417272
	collect g,h time= 5.176027536392212
E=-14.003468758293897,dE=-3.038885944661729e-06,std=0
L=-14.003468758293897,dL=-3.038885944661729e-06,std=0
	gnorm= 0.0001651333602556783
	symmetric= True
	solver time=0.008155345916748047,exit status=0
	SR solver time= 0.008191823959350586
	symmetric= False
	niter= 38
	niter= 374
	solver time=0.12086176872253418,exit status=0
	RGN solver time= 0.12090539932250977
	xnorm=4.687438262476598,dnorm=0.036716145518622026
	dense amplitude time= 0.028661251068115234
	total non-zero amplitudes= 4900
	nsamples per process= 50
	sample time= 0.42307567596435547
	self.n= 0.6465348622239041
	RGN updated loss=-14.003471753093594,dloss=-2.994799697120243e-06
step= 59

nparam= 1004
	dense amplitude time= 0.06191825866699219
	total non-zero amplitudes= 4900
	nsamples per process= 50
	sample time= 1.8228309154510498
	self.n= 0.6465348622239038
	collect g,h time= 5.2144389152526855
E=-14.00347175309359,dE=-2.994799693567529e-06,std=0
L=-14.00347175309359,dL=-2.994799693567529e-06,std=0
	gnorm= 0.00012497168612296067
	symmetric= True
	solver time=0.006104946136474609,exit status=0
	SR solver time= 0.006139993667602539
	symmetric= False
	niter= 34
	niter= 374
	solver time=0.11272192001342773,exit status=0
	RGN solver time= 0.11275887489318848
	xnorm=4.696704605047007,dnorm=0.03613786927080586
	dense amplitude time= 0.024565458297729492
	total non-zero amplitudes= 4900
	nsamples per process= 50
	sample time= 0.4393782615661621
	self.n= 0.6453427528636899
	RGN updated loss=-14.00347462865518,dloss=-2.875561589732456e-06
step= 60

nparam= 1004
	dense amplitude time= 0.034670352935791016
	total non-zero amplitudes= 4900
	nsamples per process= 50
	sample time= 1.8364262580871582
	self.n= 0.6453427528636895
	collect g,h time= 5.1912453174591064
E=-14.003474628655178,dE=-2.875561587956099e-06,std=0
L=-14.003474628655178,dL=-2.875561587956099e-06,std=0
	gnorm= 0.00012165190070735762
	symmetric= True
	solver time=0.007155418395996094,exit status=0
	SR solver time= 0.0071942806243896484
	symmetric= False
	niter= 34
	niter= 374
	solver time=0.12264800071716309,exit status=0
	RGN solver time= 0.12268972396850586
	xnorm=4.70583459659246,dnorm=0.035654848912964776
	dense amplitude time= 0.024877071380615234
	total non-zero amplitudes= 4900
	nsamples per process= 50
	sample time= 0.4376821517944336
	self.n= 0.6441542932457065
	RGN updated loss=-14.003477424495008,dloss=-2.795839829872193e-06
step= 61

nparam= 1004
	dense amplitude time= 0.21489834785461426
	total non-zero amplitudes= 4900
	nsamples per process= 50
	sample time= 1.879960060119629
	self.n= 0.6441542932457061
	collect g,h time= 5.200361967086792
E=-14.00347742449501,dE=-2.79583983164855e-06,std=0
L=-14.00347742449501,dL=-2.79583983164855e-06,std=0
	gnorm= 0.00011969034835290466
	symmetric= True
	solver time=0.006285429000854492,exit status=0
	SR solver time= 0.00632166862487793
	symmetric= False
	niter= 34
	niter= 374
	solver time=0.11651611328125,exit status=0
	RGN solver time= 0.11655926704406738
	xnorm=4.714835037577024,dnorm=0.03524473665627196
	dense amplitude time= 0.023947954177856445
	total non-zero amplitudes= 4900
	nsamples per process= 50
	sample time= 0.432483434677124
	self.n= 0.6429642241041191
	RGN updated loss=-14.003480153899773,dloss=-2.7294047626469364e-06
step= 62

nparam= 1004
	dense amplitude time= 0.04165053367614746
	total non-zero amplitudes= 4900
	nsamples per process= 50
	sample time= 1.8594944477081299
	self.n= 0.6429642241041181
	collect g,h time= 5.190416574478149
E=-14.00348015389977,dE=-2.7294047608705796e-06,std=0
L=-14.00348015389977,dL=-2.7294047608705796e-06,std=0
	gnorm= 0.00011939486186551829
	symmetric= True
	solver time=0.007079124450683594,exit status=0
	SR solver time= 0.007129669189453125
	symmetric= False
	niter= 34
	niter= 374
	solver time=0.11824607849121094,exit status=0
	RGN solver time= 0.11828780174255371
	xnorm=4.7237170226807175,dnorm=0.0348810903742588
	dense amplitude time= 0.024554729461669922
	total non-zero amplitudes= 4900
	nsamples per process= 50
	sample time= 0.4302399158477783
	self.n= 0.6417802739055478
	RGN updated loss=-14.003482825714258,dloss=-2.6718144869875005e-06
step= 63

nparam= 1004
	dense amplitude time= 0.055722713470458984
	total non-zero amplitudes= 4900
	nsamples per process= 50
	sample time= 1.8547792434692383
	self.n= 0.6417802739055483
	collect g,h time= 5.203028202056885
E=-14.003482825714254,dE=-2.6718144834347868e-06,std=0
L=-14.003482825714254,dL=-2.6718144834347868e-06,std=0
	gnorm= 0.00011614667154163195
	symmetric= True
	solver time=0.007557392120361328,exit status=0
	SR solver time= 0.007591962814331055
	symmetric= False
	niter= 34
	niter= 374
	solver time=0.1152644157409668,exit status=0
	RGN solver time= 0.11529874801635742
	xnorm=4.732450200425602,dnorm=0.034568435237703365
	dense amplitude time= 0.024877548217773438
	total non-zero amplitudes= 4900
	nsamples per process= 50
	sample time= 0.4396333694458008
	self.n= 0.6405847931813898
	RGN updated loss=-14.003485450238298,dloss=-2.6245240434263906e-06
step= 64

nparam= 1004
	dense amplitude time= 0.04185080528259277
	total non-zero amplitudes= 4900
	nsamples per process= 50
	sample time= 1.8655691146850586
	self.n= 0.6405847931813897
	collect g,h time= 5.185574769973755
E=-14.003485450238298,dE=-2.6245240434263906e-06,std=0
L=-14.003485450238298,dL=-2.6245240434263906e-06,std=0
	gnorm= 0.00011515693063829952
	symmetric= True
	solver time=0.008038997650146484,exit status=0
	SR solver time= 0.00807499885559082
	symmetric= False
	niter= 34
	niter= 374
	solver time=0.1132349967956543,exit status=0
	RGN solver time= 0.11327290534973145
	xnorm=4.741073968851264,dnorm=0.03430745399080382
	dense amplitude time= 0.0245053768157959
	total non-zero amplitudes= 4900
	nsamples per process= 50
	sample time= 0.4165809154510498
	self.n= 0.6393868050351588
	RGN updated loss=-14.003488034764812,dloss=-2.584526514581853e-06
step= 65

nparam= 1004
	dense amplitude time= 0.02397942543029785
	total non-zero amplitudes= 4900
	nsamples per process= 50
	sample time= 1.8093199729919434
	self.n= 0.6393868050351575
	collect g,h time= 5.17792010307312
E=-14.003488034764814,dE=-2.58452651635821e-06,std=0
L=-14.003488034764814,dL=-2.58452651635821e-06,std=0
	gnorm= 0.00011435462660790332
	symmetric= True
	solver time=0.01015925407409668,exit status=0
	SR solver time= 0.010198593139648438
	symmetric= False
	niter= 34
	solver time=0.11263704299926758,exit status=0
	RGN solver time= 0.11267685890197754
	xnorm=4.749567838284307,dnorm=0.03408812860829984
	niter= 374
	dense amplitude time= 0.022963523864746094
	total non-zero amplitudes= 4900
	nsamples per process= 50
	sample time= 0.4488639831542969
	self.n= 0.6381840264911169
	RGN updated loss=-14.003490586359806,dloss=-2.5515949921839365e-06
step= 66

nparam= 1004
	dense amplitude time= 0.07147455215454102
	total non-zero amplitudes= 4900
	nsamples per process= 50
	sample time= 1.892216682434082
	self.n= 0.6381840264911158
	collect g,h time= 5.181331157684326
E=-14.003490586359803,dE=-2.551594988631223e-06,std=0
L=-14.003490586359803,dL=-2.551594988631223e-06,std=0
	gnorm= 0.00011377858767488068
	symmetric= True
	solver time=0.010178327560424805,exit status=0
	SR solver time= 0.010216236114501953
	symmetric= False
	niter= 34
	niter= 376
	solver time=0.12813282012939453,exit status=0
	RGN solver time= 0.1281721591949463
	xnorm=4.75793608328042,dnorm=0.03390205520363571
	dense amplitude time= 0.02477550506591797
	total non-zero amplitudes= 4900
	nsamples per process= 50
	sample time= 0.44146728515625
	self.n= 0.6369759169203515
	RGN updated loss=-14.003493110503136,dloss=-2.5241433334599606e-06
step= 67

nparam= 1004
	dense amplitude time= 0.049485206604003906
	total non-zero amplitudes= 4900
	nsamples per process= 50
	sample time= 1.8588290214538574
	self.n= 0.636975916920352
	collect g,h time= 5.183114051818848
E=-14.003493110503138,dE=-2.5241433352363174e-06,std=0
L=-14.003493110503138,dL=-2.5241433352363174e-06,std=0
	gnorm= 0.0001324122643969736
	symmetric= True
	solver time=0.007187604904174805,exit status=0
	SR solver time= 0.007224321365356445
	symmetric= False
	niter= 38
	solver time=0.11370015144348145,exit status=0
	RGN solver time= 0.11374330520629883
	xnorm=4.766181141767401,dnorm=0.03371336754323536
	niter= 374
	dense amplitude time= 0.024054765701293945
	total non-zero amplitudes= 4900
	nsamples per process= 50
	sample time= 0.44920921325683594
	self.n= 0.6357570629018487
	RGN updated loss=-14.003495593790776,dloss=-2.4832876377445245e-06
step= 68

nparam= 1004
	dense amplitude time= 0.050513267517089844
	total non-zero amplitudes= 4900
	nsamples per process= 50
	sample time= 1.892435073852539
	self.n= 0.6357570629018483
	collect g,h time= 5.169985294342041
E=-14.003495593790777,dE=-2.4832876395208814e-06,std=0
L=-14.003495593790777,dL=-2.4832876395208814e-06,std=0
	gnorm= 0.00012449410095560724
	symmetric= True
	solver time=0.008936405181884766,exit status=0
	SR solver time= 0.00897359848022461
	symmetric= False
	niter= 37
	niter= 374
	solver time=0.11459493637084961,exit status=0
	RGN solver time= 0.11463236808776855
	xnorm=4.774265938144475,dnorm=0.033613270424277274
	dense amplitude time= 0.024301528930664062
	total non-zero amplitudes= 4900
	nsamples per process= 50
	sample time= 0.44756436347961426
	self.n= 0.634535423407504
	RGN updated loss=-14.00349808753736,dloss=-2.4937465816776694e-06
step= 69

nparam= 1004
	dense amplitude time= 0.033681392669677734
	total non-zero amplitudes= 4900
	nsamples per process= 50
	sample time= 1.8380229473114014
	self.n= 0.6345354234075034
	collect g,h time= 5.188140630722046
E=-14.003498087537361,dE=-2.4937465834540262e-06,std=0
L=-14.003498087537361,dL=-2.4937465834540262e-06,std=0
	gnorm= 0.00011308754400442783
	symmetric= True
	solver time=0.008322477340698242,exit status=0
	SR solver time= 0.008401870727539062
	symmetric= False
	niter= 34
	niter= 376
	solver time=0.11696672439575195,exit status=0
	RGN solver time= 0.11700439453125
	xnorm=4.782285543889042,dnorm=0.033478756762490056
	dense amplitude time= 0.02789616584777832
	total non-zero amplitudes= 4900
	nsamples per process= 50
	sample time= 0.4405355453491211
	self.n= 0.6333110669188091
	RGN updated loss=-14.003500550740437,dloss=-2.463203076175091e-06
step= 70

nparam= 1004
	dense amplitude time= 0.05537223815917969
	total non-zero amplitudes= 4900
	nsamples per process= 50
	sample time= 1.8457777500152588
	self.n= 0.6333110669188085
	collect g,h time= 5.193088531494141
E=-14.003500550740437,dE=-2.463203076175091e-06,std=0
L=-14.003500550740437,dL=-2.463203076175091e-06,std=0
	gnorm= 0.00011266521660981034
	symmetric= True
	solver time=0.006878852844238281,exit status=0
	SR solver time= 0.006917238235473633
	symmetric= False
	niter= 33
	niter= 376
	solver time=0.11647915840148926,exit status=0
	RGN solver time= 0.11651730537414551
	xnorm=4.790170271525351,dnorm=0.033360228994077555
	dense amplitude time= 0.023714780807495117
	total non-zero amplitudes= 4900
	nsamples per process= 50
	sample time= 0.44035959243774414
	self.n= 0.6320808655932258
	RGN updated loss=-14.003502996542435,dloss=-2.445801998263164e-06
step= 71

nparam= 1004
	dense amplitude time= 0.053093671798706055
	total non-zero amplitudes= 4900
	nsamples per process= 50
	sample time= 1.8451881408691406
	self.n= 0.6320808655932256
	collect g,h time= 5.154312610626221
E=-14.003502996542434,dE=-2.445801996486807e-06,std=0
L=-14.003502996542434,dL=-2.445801996486807e-06,std=0
	gnorm= 0.00011188584312519204
	symmetric= True
	solver time=0.007380247116088867,exit status=0
	SR solver time= 0.007417201995849609
	symmetric= False
	niter= 34
	niter= 376
	solver time=0.11527705192565918,exit status=0
	RGN solver time= 0.11531758308410645
	xnorm=4.797939188372492,dnorm=0.03323604646905064
	dense amplitude time= 0.027812719345092773
	total non-zero amplitudes= 4900
	nsamples per process= 50
	sample time= 0.42761874198913574
	self.n= 0.6308481376796519
	RGN updated loss=-14.003505423217288,dloss=-2.426674853950317e-06
step= 72

nparam= 1004
	dense amplitude time= 0.037514448165893555
	total non-zero amplitudes= 4900
	nsamples per process= 50
	sample time= 1.857346534729004
	self.n= 0.6308481376796522
	collect g,h time= 5.201520204544067
E=-14.003505423217286,dE=-2.42667485217396e-06,std=0
L=-14.003505423217286,dL=-2.42667485217396e-06,std=0
	gnorm= 0.00011243389889858618
	symmetric= True
	solver time=0.008135080337524414,exit status=0
	SR solver time= 0.008170366287231445
	symmetric= False
	niter= 34
	solver time=0.11623406410217285,exit status=0
	RGN solver time= 0.11627697944641113
	xnorm=4.8055960653951795,dnorm=0.03311004762004903
	niter= 374
	dense amplitude time= 0.024500131607055664
	total non-zero amplitudes= 4900
	nsamples per process= 50
	sample time= 0.4217550754547119
	self.n= 0.6296064333992206
	RGN updated loss=-14.003507831928445,dloss=-2.4087111594184307e-06
step= 73

nparam= 1004
	dense amplitude time= 0.04259037971496582
	total non-zero amplitudes= 4900
	nsamples per process= 50
	sample time= 1.8621690273284912
	self.n= 0.6296064333992193
	collect g,h time= 5.153016805648804
E=-14.003507831928447,dE=-2.4087111611947876e-06,std=0
L=-14.003507831928447,dL=-2.4087111611947876e-06,std=0
	gnorm= 0.00010999647676112313
	symmetric= True
	solver time=0.006984710693359375,exit status=0
	SR solver time= 0.007025718688964844
	symmetric= False
	niter= 34
	niter= 374
	solver time=0.11291837692260742,exit status=0
	RGN solver time= 0.11295509338378906
	xnorm=4.813141677980909,dnorm=0.03296783238620491
	dense amplitude time= 0.027986526489257812
	total non-zero amplitudes= 4900
	nsamples per process= 50
	sample time= 0.43108034133911133
	self.n= 0.6283634718461459
	RGN updated loss=-14.003510218285525,dloss=-2.3863570781657018e-06
step= 74

nparam= 1004
	dense amplitude time= 0.04867696762084961
	total non-zero amplitudes= 4900
	nsamples per process= 50
	sample time= 1.8419337272644043
	self.n= 0.628363471846145
	collect g,h time= 5.131754636764526
E=-14.003510218285522,dE=-2.386357074612988e-06,std=0
L=-14.003510218285522,dL=-2.386357074612988e-06,std=0
	gnorm= 0.00011072138425708645
	symmetric= True
	solver time=0.006979703903198242,exit status=0
	SR solver time= 0.0070154666900634766
	symmetric= False
	niter= 34
	solver time=0.1141049861907959,exit status=0
	RGN solver time= 0.11414241790771484
	xnorm=4.820587171033815,dnorm=0.03279807831243111
	niter= 376
	dense amplitude time= 0.022542953491210938
	total non-zero amplitudes= 4900
	nsamples per process= 50
	sample time= 0.419205904006958
	self.n= 0.6271141562791012
	RGN updated loss=-14.00351257958217,dloss=-2.3612966479902298e-06
step= 75

nparam= 1004
	dense amplitude time= 0.036675453186035156
	total non-zero amplitudes= 4900
	nsamples per process= 50
	sample time= 1.850468397140503
	self.n= 0.6271141562791018
	collect g,h time= 5.064977645874023
E=-14.003512579582168,dE=-2.361296646213873e-06,std=0
L=-14.003512579582168,dL=-2.361296646213873e-06,std=0
	gnorm= 0.00010734912339104698
	symmetric= True
	solver time=0.0075681209564208984,exit status=0
	SR solver time= 0.007604837417602539
	symmetric= False
	niter= 34
	niter= 378
	solver time=0.11445975303649902,exit status=0
	RGN solver time= 0.11449551582336426
	xnorm=4.82792729797325,dnorm=0.03262162105220126
	dense amplitude time= 0.024296998977661133
	total non-zero amplitudes= 4900
	nsamples per process= 50
	sample time= 0.4225001335144043
	self.n= 0.6258632962651698
	RGN updated loss=-14.003514912607084,dloss=-2.3330249163677763e-06
step= 76

nparam= 1004
	dense amplitude time= 0.045099735260009766
	total non-zero amplitudes= 4900
	nsamples per process= 50
	sample time= 1.8105289936065674
	self.n= 0.6258632962651695
	collect g,h time= 5.0564939975738525
E=-14.00351491260708,dE=-2.3330249128150626e-06,std=0
L=-14.00351491260708,dL=-2.3330249128150626e-06,std=0
	gnorm= 0.00010679644495213696
	symmetric= True
	solver time=0.0068056583404541016,exit status=0
	SR solver time= 0.006843090057373047
	symmetric= False
	niter= 34
	niter= 376
	solver time=0.1200249195098877,exit status=0
	RGN solver time= 0.12006402015686035
	xnorm=4.835172514109988,dnorm=0.0323891278467145
	dense amplitude time= 0.024394750595092773
	total non-zero amplitudes= 4900
	nsamples per process= 50
	sample time= 0.4249136447906494
	self.n= 0.6246178974265556
	RGN updated loss=-14.003517209953438,dloss=-2.2973463575937103e-06
step= 77

nparam= 1004
	dense amplitude time= 0.06657528877258301
	total non-zero amplitudes= 4900
	nsamples per process= 50
	sample time= 1.8122622966766357
	self.n= 0.6246178974265555
	collect g,h time= 5.20522928237915
E=-14.003517209953438,dE=-2.2973463575937103e-06,std=0
L=-14.003517209953438,dL=-2.2973463575937103e-06,std=0
	gnorm= 0.00010596040195694086
	symmetric= True
	solver time=0.007312774658203125,exit status=0
	SR solver time= 0.007346153259277344
	symmetric= False
	niter= 34
	niter= 377
	solver time=0.12030553817749023,exit status=0
	RGN solver time= 0.12034320831298828
	xnorm=4.842321230447268,dnorm=0.03217648635319133
	dense amplitude time= 0.02446579933166504
	total non-zero amplitudes= 4900
	nsamples per process= 50
	sample time= 0.42989444732666016
	self.n= 0.6233696446219216
	RGN updated loss=-14.003519477639715,dloss=-2.26768627697993e-06
step= 78

nparam= 1004
	dense amplitude time= 0.049193620681762695
	total non-zero amplitudes= 4900
	nsamples per process= 50
	sample time= 1.784503698348999
	self.n= 0.6233696446219212
	collect g,h time= 5.212565660476685
E=-14.00351947763972,dE=-2.2676862823090005e-06,std=0
L=-14.00351947763972,dL=-2.2676862823090005e-06,std=0
	gnorm= 0.00010075492609394938
	symmetric= True
	solver time=0.0069119930267333984,exit status=0
	SR solver time= 0.00694727897644043
	symmetric= False
	niter= 33
	niter= 379
	solver time=0.1122732162475586,exit status=0
	RGN solver time= 0.11231064796447754
	xnorm=4.849365030679737,dnorm=0.03192183096596511
	dense amplitude time= 0.025667905807495117
	total non-zero amplitudes= 4900
	nsamples per process= 50
	sample time= 0.42389631271362305
	self.n= 0.6221205252170793
	RGN updated loss=-14.00352170491907,dloss=-2.227279349398259e-06
step= 79

nparam= 1004
	dense amplitude time= 0.04571175575256348
	total non-zero amplitudes= 4900
	nsamples per process= 50
	sample time= 1.8278682231903076
	self.n= 0.6221205252170782
	collect g,h time= 5.177416563034058
E=-14.003521704919068,dE=-2.227279347621902e-06,std=0
L=-14.003521704919068,dL=-2.227279347621902e-06,std=0
	gnorm= 9.765927474555528e-05
	symmetric= True
	solver time=0.007055044174194336,exit status=0
	SR solver time= 0.007096529006958008
	symmetric= False
	niter= 33
	niter= 381
	solver time=0.11843180656433105,exit status=0
	RGN solver time= 0.11847352981567383
	xnorm=4.856317912475954,dnorm=0.03165206388979228
	dense amplitude time= 0.025019168853759766
	total non-zero amplitudes= 4900
	nsamples per process= 50
	sample time= 0.4247405529022217
	self.n= 0.6208723254982503
	RGN updated loss=-14.003523891157496,dloss=-2.186238427626108e-06
step= 80

nparam= 1004
	dense amplitude time= 0.03160834312438965
	total non-zero amplitudes= 4900
	nsamples per process= 50
	sample time= 1.805220127105713
	self.n= 0.6208723254982507
	collect g,h time= 5.208845376968384
E=-14.003523891157494,dE=-2.1862384258497514e-06,std=0
L=-14.003523891157494,dL=-2.1862384258497514e-06,std=0
	gnorm= 9.424745278029815e-05
	symmetric= True
	solver time=0.0077702999114990234,exit status=0
	SR solver time= 0.007807493209838867
	symmetric= False
	niter= 33
	niter= 380
	solver time=0.11408233642578125,exit status=0
	RGN solver time= 0.11412644386291504
	xnorm=4.863186357815639,dnorm=0.0313680480599647
	dense amplitude time= 0.027788639068603516
	total non-zero amplitudes= 4900
	nsamples per process= 50
	sample time= 0.42828941345214844
	self.n= 0.6196263500104182
	RGN updated loss=-14.003526035217853,dloss=-2.1440603585887175e-06
step= 81

nparam= 1004
	dense amplitude time= 0.028100967407226562
	total non-zero amplitudes= 4900
	nsamples per process= 50
	sample time= 1.816314935684204
	self.n= 0.6196263500104174
	collect g,h time= 5.1981587409973145
E=-14.003526035217849,dE=-2.1440603550360038e-06,std=0
L=-14.003526035217849,dL=-2.1440603550360038e-06,std=0
	gnorm= 9.187055643854616e-05
	symmetric= True
	solver time=0.01735544204711914,exit status=0
	SR solver time= 0.01739501953125
	symmetric= False
	niter= 33
	niter= 387
	solver time=0.13085532188415527,exit status=0
	RGN solver time= 0.13090109825134277
	xnorm=4.869977025993201,dnorm=0.031082039534212198
	dense amplitude time= 0.024129867553710938
	total non-zero amplitudes= 4900
	nsamples per process= 50
	sample time= 0.42973875999450684
	self.n= 0.6183847063536515
	RGN updated loss=-14.003528136778476,dloss=-2.101560626854848e-06
step= 82

nparam= 1004
	dense amplitude time= 0.022864341735839844
	total non-zero amplitudes= 4900
	nsamples per process= 50
	sample time= 1.8079276084899902
	self.n= 0.6183847063536514
	collect g,h time= 5.209056377410889
E=-14.003528136778472,dE=-2.1015606233021344e-06,std=0
L=-14.003528136778472,dL=-2.1015606233021344e-06,std=0
	gnorm= 8.912289213872816e-05
	symmetric= True
	solver time=0.007096767425537109,exit status=0
	SR solver time= 0.007134675979614258
	symmetric= False
	niter= 33
	niter= 389
	solver time=0.12067461013793945,exit status=0
	RGN solver time= 0.1207129955291748
	xnorm=4.876692698146699,dnorm=0.03078844969987649
	dense amplitude time= 0.025282859802246094
	total non-zero amplitudes= 4900
	nsamples per process= 50
	sample time= 0.426119327545166
	self.n= 0.6171442217287534
	RGN updated loss=-14.003530195571821,dloss=-2.0587933491356125e-06
step= 83

nparam= 1004
	dense amplitude time= 0.06357741355895996
	total non-zero amplitudes= 4900
	nsamples per process= 50
	sample time= 1.841958999633789
	self.n= 0.6171442217287533
	collect g,h time= 5.196990728378296
E=-14.00353019557182,dE=-2.0587933473592557e-06,std=0
L=-14.00353019557182,dL=-2.0587933473592557e-06,std=0
	gnorm= 8.464340779646752e-05
	symmetric= True
	solver time=0.007686614990234375,exit status=0
	SR solver time= 0.007725715637207031
	symmetric= False
	niter= 33
	niter= 393
	solver time=0.11991739273071289,exit status=0
	RGN solver time= 0.11995816230773926
	xnorm=4.883341959862538,dnorm=0.03050016397635251
	dense amplitude time= 0.02417302131652832
	total non-zero amplitudes= 4900
	nsamples per process= 50
	sample time= 0.42778587341308594
	self.n= 0.6159089775784339
	RGN updated loss=-14.003532211230088,dloss=-2.015658267850995e-06
step= 84

nparam= 1004
	dense amplitude time= 0.06597352027893066
	total non-zero amplitudes= 4900
	nsamples per process= 50
	sample time= 1.8498058319091797
	self.n= 0.6159089775784337
	collect g,h time= 5.203060865402222
E=-14.003532211230084,dE=-2.015658264298281e-06,std=0
L=-14.003532211230084,dL=-2.015658264298281e-06,std=0
	gnorm= 9.267544393848882e-05
	symmetric= True
	solver time=0.007353544235229492,exit status=0
	SR solver time= 0.00738835334777832
	symmetric= False
	niter= 35
	niter= 382
	solver time=0.1193685531616211,exit status=0
	RGN solver time= 0.11940550804138184
	xnorm=4.889932343947843,dnorm=0.030236751245880194
	dense amplitude time= 0.024323225021362305
	total non-zero amplitudes= 4900
	nsamples per process= 50
	sample time= 0.4313688278198242
	self.n= 0.6146873075213548
	RGN updated loss=-14.00353418556204,dloss=-1.974331956589026e-06
step= 85

nparam= 1004
	dense amplitude time= 0.04635739326477051
	total non-zero amplitudes= 4900
	nsamples per process= 50
	sample time= 1.8176286220550537
	self.n= 0.6146873075213541
	collect g,h time= 5.199971914291382
E=-14.003534185562039,dE=-1.974331954812669e-06,std=0
L=-14.003534185562039,dL=-1.974331954812669e-06,std=0
	gnorm= 8.092310171071816e-05
	symmetric= True
	solver time=0.007096290588378906,exit status=0
	SR solver time= 0.007134675979614258
	symmetric= False
	niter= 34
	niter= 385
	solver time=0.11575555801391602,exit status=0
	RGN solver time= 0.11579418182373047
	xnorm=4.896488169585194,dnorm=0.029956938962256003
	dense amplitude time= 0.025667667388916016
	total non-zero amplitudes= 4900
	nsamples per process= 50
	sample time= 0.4262261390686035
	self.n= 0.6134584915170631
	RGN updated loss=-14.003536127529314,dloss=-1.9419672749876327e-06
step= 86

nparam= 1004
	dense amplitude time= 0.038628339767456055
	total non-zero amplitudes= 4900
	nsamples per process= 50
	sample time= 1.8237636089324951
	self.n= 0.6134584915170628
	collect g,h time= 5.078735828399658
E=-14.003536127529316,dE=-1.9419672767639895e-06,std=0
L=-14.003536127529316,dL=-1.9419672767639895e-06,std=0
	gnorm= 7.709304334895411e-05
	symmetric= True
	solver time=0.007313966751098633,exit status=0
	SR solver time= 0.00735163688659668
	symmetric= False
	niter= 33
	niter= 391
	solver time=0.11887621879577637,exit status=0
	RGN solver time= 0.11891627311706543
	xnorm=4.902974359862926,dnorm=0.02969983979827946
	dense amplitude time= 0.025439023971557617
	total non-zero amplitudes= 4900
	nsamples per process= 50
	sample time= 0.424957275390625
	self.n= 0.612245119520687
	RGN updated loss=-14.00353802868909,dloss=-1.9011597736096064e-06
step= 87

nparam= 1004
	dense amplitude time= 0.02566075325012207
	total non-zero amplitudes= 4900
	nsamples per process= 50
	sample time= 1.841508150100708
	self.n= 0.6122451195206873
	collect g,h time= 5.191254377365112
E=-14.003538028689091,dE=-1.9011597753859633e-06,std=0
L=-14.003538028689091,dL=-1.9011597753859633e-06,std=0
	gnorm= 7.55226930077849e-05
	symmetric= True
	solver time=0.006016969680786133,exit status=0
	SR solver time= 0.006050825119018555
	symmetric= False
	niter= 33
	niter= 396
	solver time=0.11928749084472656,exit status=0
	RGN solver time= 0.11932897567749023
	xnorm=4.909403251262374,dnorm=0.029464523161835007
	dense amplitude time= 0.022844552993774414
	total non-zero amplitudes= 4900
	nsamples per process= 50
	sample time= 0.42559385299682617
	self.n= 0.6110210692176227
	RGN updated loss=-14.003539900398968,dloss=-1.8717098768661344e-06
step= 88

nparam= 1004
	dense amplitude time= 0.0370028018951416
	total non-zero amplitudes= 4900
	nsamples per process= 50
	sample time= 1.835564136505127
	self.n= 0.6110210692176221
	collect g,h time= 5.191781282424927
E=-14.00353990039897,dE=-1.8717098786424913e-06,std=0
L=-14.00353990039897,dL=-1.8717098786424913e-06,std=0
	gnorm= 7.27659661063296e-05
	symmetric= True
	solver time=0.006618976593017578,exit status=0
	SR solver time= 0.006653785705566406
	symmetric= False
	niter= 33
	niter= 395
	solver time=0.12844038009643555,exit status=0
	RGN solver time= 0.12848114967346191
	xnorm=4.915814637996263,dnorm=0.02924735782159859
	dense amplitude time= 0.02530646324157715
	total non-zero amplitudes= 4900
	nsamples per process= 50
	sample time= 0.4330863952636719
	self.n= 0.6098154637586664
	RGN updated loss=-14.00354173949942,dloss=-1.8391004505957653e-06
step= 89

nparam= 1004
	dense amplitude time= 0.09831523895263672
	total non-zero amplitudes= 4900
	nsamples per process= 50
	sample time= 1.8506700992584229
	self.n= 0.6098154637586655
	collect g,h time= 5.201634407043457
E=-14.003541739499424,dE=-1.839100454148479e-06,std=0
L=-14.003541739499424,dL=-1.839100454148479e-06,std=0
	gnorm= 7.225861829964453e-05
	symmetric= True
	solver time=0.008153915405273438,exit status=0
	SR solver time= 0.008188247680664062
	symmetric= False
	niter= 33
	niter= 397
	solver time=0.12337279319763184,exit status=0
	RGN solver time= 0.12341094017028809
	xnorm=4.922176310423975,dnorm=0.02905039503445591
	dense amplitude time= 0.024925708770751953
	total non-zero amplitudes= 4900
	nsamples per process= 50
	sample time= 0.42768049240112305
	self.n= 0.608596823787906
	RGN updated loss=-14.003543555198972,dloss=-1.815699548046723e-06
step= 90

nparam= 1004
	dense amplitude time= 0.08163905143737793
	total non-zero amplitudes= 4900
	nsamples per process= 50
	sample time= 1.8312296867370605
	self.n= 0.6085968237879058
	collect g,h time= 5.168040037155151
E=-14.003543555198972,dE=-1.815699548046723e-06,std=0
L=-14.003543555198972,dL=-1.815699548046723e-06,std=0
	gnorm= 6.833387761222269e-05
	symmetric= True
	solver time=0.007818460464477539,exit status=0
	SR solver time= 0.007853269577026367
	symmetric= False
	niter= 32
	niter= 401
	solver time=0.13427376747131348,exit status=0
	RGN solver time= 0.13431334495544434
	xnorm=4.928530108487244,dnorm=0.02887455094926662
	dense amplitude time= 0.028348207473754883
	total non-zero amplitudes= 4900
	nsamples per process= 50
	sample time= 0.4191446304321289
	self.n= 0.6073844094683701
	RGN updated loss=-14.00354534577689,dloss=-1.79057791882542e-06
step= 91

nparam= 1004
	dense amplitude time= 0.12796783447265625
	total non-zero amplitudes= 4900
	nsamples per process= 50
	sample time= 1.8176419734954834
	self.n= 0.6073844094683694
	collect g,h time= 5.202321767807007
E=-14.003545345776889,dE=-1.7905779170490632e-06,std=0
L=-14.003545345776889,dL=-1.7905779170490632e-06,std=0
	gnorm= 6.70272889106518e-05
	symmetric= True
	solver time=0.008440256118774414,exit status=0
	SR solver time= 0.008513927459716797
	symmetric= False
	niter= 32
	niter= 402
	solver time=0.12717533111572266,exit status=0
	RGN solver time= 0.127213716506958
	xnorm=4.93485393313098,dnorm=0.02871322131020663
	dense amplitude time= 0.02798008918762207
	total non-zero amplitudes= 4900
	nsamples per process= 50
	sample time= 0.4306068420410156
	self.n= 0.6061735112753535
	RGN updated loss=-14.003547115052095,dloss=-1.7692752063425132e-06
step= 92

nparam= 1004
	dense amplitude time= 0.0392765998840332
	total non-zero amplitudes= 4900
	nsamples per process= 50
	sample time= 1.8213226795196533
	self.n= 0.6061735112753527
	collect g,h time= 5.206296920776367
E=-14.003547115052097,dE=-1.76927520811887e-06,std=0
L=-14.003547115052097,dL=-1.76927520811887e-06,std=0
	gnorm= 6.542334466200414e-05
	symmetric= True
	solver time=0.0065724849700927734,exit status=0
	SR solver time= 0.006606101989746094
	symmetric= False
	niter= 32
	niter= 402
	solver time=0.12677931785583496,exit status=0
	RGN solver time= 0.12681961059570312
	xnorm=4.941159327151299,dnorm=0.028570815516864488
	dense amplitude time= 0.024715662002563477
	total non-zero amplitudes= 4900
	nsamples per process= 50
	sample time= 0.41782379150390625
	self.n= 0.6049630700937072
	RGN updated loss=-14.00354886560285,dloss=-1.750550753243374e-06
step= 93

nparam= 1004
	dense amplitude time= 0.024007081985473633
	total non-zero amplitudes= 4900
	nsamples per process= 50
	sample time= 1.8075034618377686
	self.n= 0.6049630700937073
	collect g,h time= 5.203151702880859
E=-14.003548865602854,dE=-1.7505507567960876e-06,std=0
L=-14.003548865602854,dL=-1.7505507567960876e-06,std=0
	gnorm= 6.436118305138268e-05
	symmetric= True
	solver time=0.006995439529418945,exit status=0
	SR solver time= 0.007030010223388672
	symmetric= False
	niter= 32
	niter= 403
	solver time=0.12812542915344238,exit status=0
	RGN solver time= 0.12816524505615234
	xnorm=4.947448545789239,dnorm=0.02844173329996174
	dense amplitude time= 0.02613544464111328
	total non-zero amplitudes= 4900
	nsamples per process= 50
	sample time= 0.4250187873840332
	self.n= 0.6037529046335246
	RGN updated loss=-14.003550599228332,dloss=-1.7336254778399507e-06
step= 94

nparam= 1004
	dense amplitude time= 0.028055191040039062
	total non-zero amplitudes= 4900
	nsamples per process= 50
	sample time= 1.8360092639923096
	self.n= 0.6037529046335244
	collect g,h time= 5.207294225692749
E=-14.00355059922833,dE=-1.7336254760635939e-06,std=0
L=-14.00355059922833,dL=-1.7336254760635939e-06,std=0
	gnorm= 6.34025288334204e-05
	symmetric= True
	solver time=0.006805896759033203,exit status=0
	SR solver time= 0.006844282150268555
	symmetric= False
	niter= 32
	niter= 404
	solver time=0.12107133865356445,exit status=0
	RGN solver time= 0.12111139297485352
	xnorm=4.953725060708935,dnorm=0.028324702210884383
	dense amplitude time= 0.024286985397338867
	total non-zero amplitudes= 4900
	nsamples per process= 50
	sample time= 0.4238462448120117
	self.n= 0.6025420326901727
	RGN updated loss=-14.003552317661194,dloss=-1.7184328644503921e-06
step= 95

nparam= 1004
	dense amplitude time= 0.024257183074951172
	total non-zero amplitudes= 4900
	nsamples per process= 50
	sample time= 1.8068897724151611
	self.n= 0.6025420326901723
	collect g,h time= 5.082298040390015
E=-14.00355231766119,dE=-1.7184328608976784e-06,std=0
L=-14.00355231766119,dL=-1.7184328608976784e-06,std=0
	gnorm= 6.242508792637137e-05
	symmetric= True
	solver time=0.006672859191894531,exit status=0
	SR solver time= 0.006708860397338867
	symmetric= False
	niter= 32
	niter= 402
	solver time=0.12704706192016602,exit status=0
	RGN solver time= 0.12709379196166992
	xnorm=4.959991770013938,dnorm=0.028217633882304183
	dense amplitude time= 0.02485966682434082
	total non-zero amplitudes= 4900
	nsamples per process= 50
	sample time= 0.43024253845214844
	self.n= 0.601329772150165
	RGN updated loss=-14.00355402237927,dloss=-1.7047180786988747e-06
step= 96

nparam= 1004
	dense amplitude time= 0.0248260498046875
	total non-zero amplitudes= 4900
	nsamples per process= 50
	sample time= 1.7945315837860107
	self.n= 0.6013297721501646
	collect g,h time= 5.211292505264282
E=-14.003554022379268,dE=-1.7047180769225179e-06,std=0
L=-14.003554022379268,dL=-1.7047180769225179e-06,std=0
	gnorm= 6.178460249484391e-05
	symmetric= True
	solver time=0.0065686702728271484,exit status=0
	SR solver time= 0.006605863571166992
	symmetric= False
	niter= 32
	niter= 403
	solver time=0.12534809112548828,exit status=0
	RGN solver time= 0.12538528442382812
	xnorm=4.966251242670407,dnorm=0.028118633482279196
	dense amplitude time= 0.02540445327758789
	total non-zero amplitudes= 4900
	nsamples per process= 50
	sample time= 0.40247631072998047
	self.n= 0.6001146202422236
	RGN updated loss=-14.003555714183783,dloss=-1.691804515147055e-06
step= 97

nparam= 1004
	dense amplitude time= 0.042359113693237305
	total non-zero amplitudes= 4900
	nsamples per process= 50
	sample time= 1.7063159942626953
	self.n= 0.600114620242223
	collect g,h time= 5.2064807415008545
E=-14.003555714183786,dE=-1.6918045186997688e-06,std=0
L=-14.003555714183786,dL=-1.6918045186997688e-06,std=0
	gnorm= 6.122498053058904e-05
	symmetric= True
	solver time=0.006297588348388672,exit status=0
	SR solver time= 0.006331682205200195
	symmetric= False
	niter= 32
	niter= 404
	solver time=0.1199653148651123,exit status=0
	RGN solver time= 0.12000226974487305
	xnorm=4.972504965270888,dnorm=0.02802361086598395
	dense amplitude time= 0.024817705154418945
	total non-zero amplitudes= 4900
	nsamples per process= 50
	sample time= 0.42690610885620117
	self.n= 0.5988967207453939
	RGN updated loss=-14.003557393941458,dloss=-1.6797576716243157e-06
step= 98

nparam= 1004
	dense amplitude time= 0.04086112976074219
	total non-zero amplitudes= 4900
	nsamples per process= 50
	sample time= 1.8302688598632812
	self.n= 0.5988967207453937
	collect g,h time= 5.181272506713867
E=-14.003557393941463,dE=-1.6797576769533862e-06,std=0
L=-14.003557393941463,dL=-1.6797576769533862e-06,std=0
	gnorm= 6.0500178177293734e-05
	symmetric= True
	solver time=0.007012128829956055,exit status=0
	SR solver time= 0.007052183151245117
	symmetric= False
	niter= 32
	niter= 404
	solver time=0.13200688362121582,exit status=0
	RGN solver time= 0.13204622268676758
	xnorm=4.978754111527093,dnorm=0.027933724123434887
	dense amplitude time= 0.026160478591918945
	total non-zero amplitudes= 4900
	nsamples per process= 50
	sample time= 0.40856122970581055
	self.n= 0.5976757546872696
	RGN updated loss=-14.003559062452911,dloss=-1.6685114481163055e-06
step= 99

nparam= 1004
	dense amplitude time= 0.0347132682800293
	total non-zero amplitudes= 4900
	nsamples per process= 50
	sample time= 1.774773359298706
	self.n= 0.597675754687269
	collect g,h time= 5.198896408081055
E=-14.003559062452911,dE=-1.6685114481163055e-06,std=0
L=-14.003559062452911,dL=-1.6685114481163055e-06,std=0
	gnorm= 6.006004434441387e-05
	symmetric= True
	solver time=0.007769107818603516,exit status=0
	SR solver time= 0.007808208465576172
	symmetric= False
	niter= 32
	niter= 405
	solver time=0.12110662460327148,exit status=0
	RGN solver time= 0.12114667892456055
	xnorm=4.98499848052462,dnorm=0.027841212866313213
	dense amplitude time= 0.025376081466674805
	total non-zero amplitudes= 4900
	nsamples per process= 50
	sample time= 0.42508435249328613
	self.n= 0.5964505696992006
	RGN updated loss=-14.003560719382925,dloss=-1.6569300136382026e-06
layer= 0
nparam= 660
hop_ls= [(1, 5), (1, 8), (1, 9), (1, 13), (5, 8), (5, 9), (5, 13), (8, 9), (8, 13), (9, 13)]

layer= 1
nparam= 144
hop_ls= [(9, 14), (1, 6), (2, 5), (2, 8), (2, 14), (13, 14), (6, 8), (6, 14), (5, 6), (8, 14), (1, 2), (1, 14), (2, 13), (6, 13), (5, 14), (2, 9), (2, 6), (6, 9)]

layer= 2
nparam= 152
hop_ls= [(6, 12), (4, 9), (4, 6), (4, 12), (12, 13), (0, 2), (5, 10), (0, 5), (8, 12), (0, 8), (0, 14), (10, 12), (1, 12), (4, 5), (4, 8), (4, 14), (5, 12), (0, 1), (9, 10), (2, 4), (0, 4), (0, 10), (0, 13), (2, 10), (10, 14), (6, 10), (12, 14), (4, 10), (4, 13), (9, 12), (0, 9), (8, 10), (1, 4), (0, 6), (0, 12), (2, 12), (1, 10), (10, 13)]

layer= 3
nparam= 48
hop_ls= [(6, 15), (3, 4), (3, 10), (5, 7), (4, 15), (3, 13), (9, 11), (11, 14), (1, 3), (2, 11), (8, 15), (0, 11), (10, 15), (1, 15), (6, 11), (7, 10), (7, 13), (3, 9), (12, 15), (3, 6), (3, 12), (4, 11), (14, 15), (8, 11), (0, 7), (5, 15), (10, 11), (2, 7), (1, 11), (11, 13), (7, 9), (6, 7), (7, 12), (4, 7), (3, 5), (3, 8), (3, 14), (5, 11), (0, 3), (9, 15), (2, 3), (11, 12), (1, 7), (0, 15), (2, 15), (13, 15), (7, 8), (7, 14)]

step= 100

nparam= 1004
ntotal configs= 4900
	dense amplitude time= 0.03820300102233887
	total non-zero amplitudes= 4900
	nsamples per process= 50
	sample time= 5.577409744262695
	self.n= 0.5964505696992001
	collect g,h time= 7.103606939315796
E=-14.00356071938292,dE=0,std=0
L=-14.00356071938292,dL=0,std=0
	gnorm= 5.961749562713104e-05
	symmetric= True
	solver time=0.00650334358215332,exit status=0
	SR solver time= 0.006590843200683594
	symmetric= False
	niter= 32
	niter= 374
	solver time=0.07860326766967773,exit status=0
	RGN solver time= 0.07864236831665039
	xnorm=4.991239369650394,dnorm=0.027872411360377023
	dense amplitude time= 0.016420602798461914
	total non-zero amplitudes= 4900
	nsamples per process= 50
	sample time= 0.37901782989501953
	self.n= 0.5951946113288534
	RGN updated loss=-14.003562374569457,dloss=-1.6551865371638996e-06
step= 101

nparam= 1004
	dense amplitude time= 0.024638891220092773
	total non-zero amplitudes= 4900
	nsamples per process= 50
	sample time= 1.5861790180206299
	self.n= 0.5951946113288527
	collect g,h time= 2.8707661628723145
E=-14.00356237456946,dE=-1.6551865407166133e-06,std=0
L=-14.00356237456946,dL=-1.6551865407166133e-06,std=0
	gnorm= 5.30967181295799e-05
	symmetric= True
	solver time=0.00426483154296875,exit status=0
	SR solver time= 0.004328489303588867
	symmetric= False
	niter= 32
	niter= 374
	solver time=0.07239007949829102,exit status=0
	RGN solver time= 0.07242584228515625
	xnorm=4.997508769505828,dnorm=0.027784494000983265
	dense amplitude time= 0.013924598693847656
	total non-zero amplitudes= 4900
	nsamples per process= 50
	sample time= 0.3679924011230469
	self.n= 0.5939437156743479
	RGN updated loss=-14.003564016230925,dloss=-1.6416614645464733e-06
step= 102

nparam= 1004
	dense amplitude time= 0.019097089767456055
	total non-zero amplitudes= 4900
	nsamples per process= 50
	sample time= 1.6054658889770508
	self.n= 0.5939437156743477
	collect g,h time= 2.8882954120635986
E=-14.00356401623093,dE=-1.6416614698755438e-06,std=0
L=-14.00356401623093,dL=-1.6416614698755438e-06,std=0
	gnorm= 5.240452485217947e-05
	symmetric= True
	solver time=0.010120153427124023,exit status=0
	SR solver time= 0.010186910629272461
	symmetric= False
	niter= 31
	niter= 374
	solver time=0.09804391860961914,exit status=0
	RGN solver time= 0.09808015823364258
	xnorm=5.003760868086917,dnorm=0.027677765038410733
	dense amplitude time= 0.01490163803100586
	total non-zero amplitudes= 4900
	nsamples per process= 50
	sample time= 0.3703174591064453
	self.n= 0.5926922627549791
	RGN updated loss=-14.003565644055081,dloss=-1.6278241510292446e-06
step= 103

nparam= 1004
	dense amplitude time= 0.014940738677978516
	total non-zero amplitudes= 4900
	nsamples per process= 50
	sample time= 1.584909200668335
	self.n= 0.5926922627549789
	collect g,h time= 2.869922637939453
E=-14.003565644055081,dE=-1.6278241510292446e-06,std=0
L=-14.003565644055081,dL=-1.6278241510292446e-06,std=0
	gnorm= 5.263053046651179e-05
	symmetric= True
	solver time=0.003846883773803711,exit status=0
	SR solver time= 0.0038831233978271484
	symmetric= False
	niter= 31
	niter= 374
	solver time=0.07295727729797363,exit status=0
	RGN solver time= 0.07299399375915527
	xnorm=5.0100005638162965,dnorm=0.02753850841365821
	dense amplitude time= 0.016678571701049805
	total non-zero amplitudes= 4900
	nsamples per process= 50
	sample time= 0.38095903396606445
	self.n= 0.5914294050016191
	RGN updated loss=-14.003567255724393,dloss=-1.6116693117851355e-06
step= 104

nparam= 1004
	dense amplitude time= 0.015216350555419922
	total non-zero amplitudes= 4900
	nsamples per process= 50
	sample time= 1.5924673080444336
	self.n= 0.5914294050016184
	collect g,h time= 2.8769686222076416
E=-14.003567255724393,dE=-1.6116693117851355e-06,std=0
L=-14.003567255724393,dL=-1.6116693117851355e-06,std=0
	gnorm= 5.2183541399775134e-05
	symmetric= True
	solver time=0.0038690567016601562,exit status=0
	SR solver time= 0.0039310455322265625
	symmetric= False
	niter= 32
	niter= 374
	solver time=0.07153153419494629,exit status=0
	RGN solver time= 0.07156777381896973
	xnorm=5.016235658687009,dnorm=0.027424284288591023
	dense amplitude time= 0.01505899429321289
	total non-zero amplitudes= 4900
	nsamples per process= 50
	sample time= 0.36852598190307617
	self.n= 0.5901800702558353
	RGN updated loss=-14.003568852806907,dloss=-1.5970825142375134e-06
step= 105

nparam= 1004
	dense amplitude time= 0.018601417541503906
	total non-zero amplitudes= 4900
	nsamples per process= 50
	sample time= 1.5891661643981934
	self.n= 0.5901800702558341
	collect g,h time= 2.8591434955596924
E=-14.003568852806913,dE=-1.5970825195665839e-06,std=0
L=-14.003568852806913,dL=-1.5970825195665839e-06,std=0
	gnorm= 5.168333409125837e-05
	symmetric= True
	solver time=0.00373077392578125,exit status=0
	SR solver time= 0.0037679672241210938
	symmetric= False
	niter= 31
	niter= 374
	solver time=0.07214879989624023,exit status=0
	RGN solver time= 0.07218575477600098
	xnorm=5.022449002296938,dnorm=0.027275767183331013
	dense amplitude time= 0.016402006149291992
	total non-zero amplitudes= 4900
	nsamples per process= 50
	sample time= 0.3690969944000244
	self.n= 0.5889221546449945
	RGN updated loss=-14.003570431780037,dloss=-1.5789731246940164e-06
step= 106

nparam= 1004
	dense amplitude time= 0.01735377311706543
	total non-zero amplitudes= 4900
	nsamples per process= 50
	sample time= 1.5697979927062988
	self.n= 0.5889221546449939
	collect g,h time= 2.86598801612854
E=-14.00357043178004,dE=-1.5789731264703732e-06,std=0
L=-14.00357043178004,dL=-1.5789731264703732e-06,std=0
	gnorm= 5.225046013585421e-05
	symmetric= True
	solver time=0.0040433406829833984,exit status=0
	SR solver time= 0.004105329513549805
	symmetric= False
	niter= 32
	niter= 374
	solver time=0.09325480461120605,exit status=0
	RGN solver time= 0.09329009056091309
	xnorm=5.028647573352948,dnorm=0.02710328813861298
	dense amplitude time= 0.01683807373046875
	total non-zero amplitudes= 4900
	nsamples per process= 50
	sample time= 0.38326001167297363
	self.n= 0.5876593866775514
	RGN updated loss=-14.003571989737633,dloss=-1.5579575940449786e-06
step= 107

nparam= 1004
	dense amplitude time= 0.014201879501342773
	total non-zero amplitudes= 4900
	nsamples per process= 50
	sample time= 1.6047420501708984
	self.n= 0.5876593866775517
	collect g,h time= 2.862015724182129
E=-14.003571989737635,dE=-1.5579575958213354e-06,std=0
L=-14.003571989737635,dL=-1.5579575958213354e-06,std=0
	gnorm= 5.4033226146372356e-05
	symmetric= True
	solver time=0.0038759708404541016,exit status=0
	SR solver time= 0.00391077995300293
	symmetric= False
	niter= 33
	niter= 374
	solver time=0.07187438011169434,exit status=0
	RGN solver time= 0.07191181182861328
	xnorm=5.0348327082473245,dnorm=0.02689466084859195
	dense amplitude time= 0.016474008560180664
	total non-zero amplitudes= 4900
	nsamples per process= 50
	sample time= 0.45225000381469727
	self.n= 0.5864180067969069
	RGN updated loss=-14.003573520973678,dloss=-1.531236042850992e-06
step= 108

nparam= 1004
	dense amplitude time= 0.02681732177734375
	total non-zero amplitudes= 4900
	nsamples per process= 50
	sample time= 1.5772209167480469
	self.n= 0.5864180067969067
	collect g,h time= 2.8693573474884033
E=-14.003573520973678,dE=-1.531236042850992e-06,std=0
L=-14.003573520973678,dL=-1.531236042850992e-06,std=0
	gnorm= 5.565907279832752e-05
	symmetric= True
	solver time=0.003757476806640625,exit status=0
	SR solver time= 0.0037927627563476562
	symmetric= False
	niter= 33
	niter= 374
	solver time=0.07252264022827148,exit status=0
	RGN solver time= 0.07255935668945312
	xnorm=5.041070425965571,dnorm=0.02671661085505555
	dense amplitude time= 0.01424860954284668
	total non-zero amplitudes= 4900
	nsamples per process= 50
	sample time= 0.3858962059020996
	self.n= 0.5851569589545648
	RGN updated loss=-14.00357503340796,dloss=-1.512434282702202e-06
step= 109

nparam= 1004
	dense amplitude time= 0.024938344955444336
	total non-zero amplitudes= 4900
	nsamples per process= 50
	sample time= 1.5961408615112305
	self.n= 0.5851569589545643
	collect g,h time= 2.8494205474853516
E=-14.003575033407959,dE=-1.512434280925845e-06,std=0
L=-14.003575033407959,dL=-1.512434280925845e-06,std=0
	gnorm= 5.298249203755179e-05
	symmetric= True
	solver time=0.004076242446899414,exit status=0
	SR solver time= 0.00414276123046875
	symmetric= False
	niter= 34
	niter= 374
	solver time=0.07316327095031738,exit status=0
	RGN solver time= 0.07320189476013184
	xnorm=5.0471920802333194,dnorm=0.02646477981448413
	dense amplitude time= 0.016302824020385742
	total non-zero amplitudes= 4900
	nsamples per process= 50
	sample time= 0.3835587501525879
	self.n= 0.5839166575535715
	RGN updated loss=-14.00357651460885,dloss=-1.481200891717549e-06
step= 110

nparam= 1004
	dense amplitude time= 0.01725316047668457
	total non-zero amplitudes= 4900
	nsamples per process= 50
	sample time= 1.664992332458496
	self.n= 0.583916657553571
	collect g,h time= 2.8492865562438965
E=-14.003576514608852,dE=-1.4812008934939058e-06,std=0
L=-14.003576514608852,dL=-1.4812008934939058e-06,std=0
	gnorm= 5.452951568367433e-05
	symmetric= True
	solver time=0.003655672073364258,exit status=0
	SR solver time= 0.003692626953125
	symmetric= False
	niter= 33
	niter= 374
	solver time=0.07078123092651367,exit status=0
	RGN solver time= 0.0708153247833252
	xnorm=5.053367079946941,dnorm=0.026260874715153263
	dense amplitude time= 0.01421809196472168
	total non-zero amplitudes= 4900
	nsamples per process= 50
	sample time= 0.3721463680267334
	self.n= 0.582660818185186
	RGN updated loss=-14.003577975472771,dloss=-1.460863918723021e-06
step= 111

nparam= 1004
	dense amplitude time= 0.04218626022338867
	total non-zero amplitudes= 4900
	nsamples per process= 50
	sample time= 1.575430154800415
	self.n= 0.582660818185186
	collect g,h time= 2.873124837875366
E=-14.003577975472771,dE=-1.460863918723021e-06,std=0
L=-14.003577975472771,dL=-1.460863918723021e-06,std=0
	gnorm= 4.932863061790486e-05
	symmetric= True
	solver time=0.003781557083129883,exit status=0
	SR solver time= 0.0038177967071533203
	symmetric= False
	niter= 32
	niter= 374
	solver time=0.07309508323669434,exit status=0
	RGN solver time= 0.07312965393066406
	xnorm=5.059418561841069,dnorm=0.025977400138986386
	dense amplitude time= 0.016856908798217773
	total non-zero amplitudes= 4900
	nsamples per process= 50
	sample time= 0.38517212867736816
	self.n= 0.5814106715581979
	RGN updated loss=-14.003579399824845,dloss=-1.424352074508306e-06
step= 112

nparam= 1004
	dense amplitude time= 0.023719310760498047
	total non-zero amplitudes= 4900
	nsamples per process= 50
	sample time= 1.5959336757659912
	self.n= 0.5814106715581975
	collect g,h time= 2.846860885620117
E=-14.003579399824845,dE=-1.424352074508306e-06,std=0
L=-14.003579399824845,dL=-1.424352074508306e-06,std=0
	gnorm= 7.269525328197918e-05
	symmetric= True
	solver time=0.004335165023803711,exit status=0
	SR solver time= 0.004372119903564453
	symmetric= False
	niter= 40
	niter= 371
	solver time=0.07008719444274902,exit status=0
	RGN solver time= 0.07012057304382324
	xnorm=5.06542882072278,dnorm=0.02573176596444208
	dense amplitude time= 0.015598773956298828
	total non-zero amplitudes= 4900
	nsamples per process= 50
	sample time= 0.3704848289489746
	self.n= 0.5801686640907082
	RGN updated loss=-14.00358077916443,dloss=-1.3793395847727652e-06
step= 113

nparam= 1004
	dense amplitude time= 0.024300098419189453
	total non-zero amplitudes= 4900
	nsamples per process= 50
	sample time= 1.6539740562438965
	self.n= 0.5801686640907086
	collect g,h time= 2.8910140991210938
E=-14.003580779164436,dE=-1.3793395901018357e-06,std=0
L=-14.003580779164436,dL=-1.3793395901018357e-06,std=0
	gnorm= 6.559617518378747e-05
	symmetric= True
	solver time=0.004359245300292969,exit status=0
	SR solver time= 0.004426479339599609
	symmetric= False
	niter= 38
	niter= 374
	solver time=0.07172894477844238,exit status=0
	RGN solver time= 0.07176470756530762
	xnorm=5.0714089927912305,dnorm=0.02538357483063996
	dense amplitude time= 0.015816688537597656
	total non-zero amplitudes= 4900
	nsamples per process= 50
	sample time= 0.3721175193786621
	self.n= 0.5789287106796449
	RGN updated loss=-14.003582138907813,dloss=-1.3597433774492629e-06
step= 114

nparam= 1004
	dense amplitude time= 0.018274307250976562
	total non-zero amplitudes= 4900
	nsamples per process= 50
	sample time= 1.578819990158081
	self.n= 0.5789287106796444
	collect g,h time= 2.865973711013794
E=-14.003582138907806,dE=-1.3597433703438355e-06,std=0
L=-14.003582138907806,dL=-1.3597433703438355e-06,std=0
	gnorm= 7.024249489276835e-05
	symmetric= True
	solver time=0.0043010711669921875,exit status=0
	SR solver time= 0.0043370723724365234
	symmetric= False
	niter= 38
	niter= 369
	solver time=0.07183241844177246,exit status=0
	RGN solver time= 0.07187557220458984
	xnorm=5.077331033178782,dnorm=0.025023814780772948
	dense amplitude time= 0.01351165771484375
	total non-zero amplitudes= 4900
	nsamples per process= 50
	sample time= 0.3880002498626709
	self.n= 0.577701182407752
	RGN updated loss=-14.003583471911659,dloss=-1.3330038530767752e-06
step= 115

nparam= 1004
	dense amplitude time= 0.017441987991333008
	total non-zero amplitudes= 4900
	nsamples per process= 50
	sample time= 1.6230740547180176
	self.n= 0.5777011824077514
	collect g,h time= 2.8485045433044434
E=-14.003583471911659,dE=-1.3330038530767752e-06,std=0
L=-14.003583471911659,dL=-1.3330038530767752e-06,std=0
	gnorm= 4.689722411819927e-05
	symmetric= True
	solver time=0.003526926040649414,exit status=0
	SR solver time= 0.003565073013305664
	symmetric= False
	niter= 31
	niter= 374
	solver time=0.07156729698181152,exit status=0
	RGN solver time= 0.07160568237304688
	xnorm=5.0831866513022055,dnorm=0.024663038414980337
	dense amplitude time= 0.01396036148071289
	total non-zero amplitudes= 4900
	nsamples per process= 50
	sample time= 0.37052416801452637
	self.n= 0.5764901061271177
	RGN updated loss=-14.00358475551871,dloss=-1.2836070517607823e-06
step= 116

nparam= 1004
	dense amplitude time= 0.022122859954833984
	total non-zero amplitudes= 4900
	nsamples per process= 50
	sample time= 1.6374762058258057
	self.n= 0.5764901061271173
	collect g,h time= 2.8816170692443848
E=-14.003584755518714,dE=-1.283607055313496e-06,std=0
L=-14.003584755518714,dL=-1.283607055313496e-06,std=0
	gnorm= 7.514373787768384e-05
	symmetric= True
	solver time=0.004520893096923828,exit status=0
	SR solver time= 0.0045583248138427734
	symmetric= False
	niter= 40
	niter= 366
	solver time=0.07076692581176758,exit status=0
	RGN solver time= 0.07080245018005371
	xnorm=5.088993143674218,dnorm=0.024348216243480582
	dense amplitude time= 0.015611410140991211
	total non-zero amplitudes= 4900
	nsamples per process= 50
	sample time= 0.37294697761535645
	self.n= 0.5752950122834076
	RGN updated loss=-14.003585982992128,dloss=-1.2274734135786503e-06
step= 117

nparam= 1004
	dense amplitude time= 0.01683831214904785
	total non-zero amplitudes= 4900
	nsamples per process= 50
	sample time= 1.5762157440185547
	self.n= 0.5752950122834075
	collect g,h time= 2.863058567047119
E=-14.003585982992131,dE=-1.227473417131364e-06,std=0
L=-14.003585982992131,dL=-1.227473417131364e-06,std=0
	gnorm= 7.217761587010995e-05
	symmetric= True
	solver time=0.004255056381225586,exit status=0
	SR solver time= 0.0042912960052490234
	symmetric= False
	niter= 39
	niter= 364
	solver time=0.06891536712646484,exit status=0
	RGN solver time= 0.06896209716796875
	xnorm=5.0947590583530085,dnorm=0.02393677315481413
	dense amplitude time= 0.01402139663696289
	total non-zero amplitudes= 4900
	nsamples per process= 50
	sample time= 0.3720054626464844
	self.n= 0.5740976963276436
	RGN updated loss=-14.003587202350827,dloss=-1.2193586957920388e-06
step= 118

nparam= 1004
	dense amplitude time= 0.025233983993530273
	total non-zero amplitudes= 4900
	nsamples per process= 50
	sample time= 1.6215853691101074
	self.n= 0.5740976963276432
	collect g,h time= 2.8575620651245117
E=-14.003587202350827,dE=-1.2193586957920388e-06,std=0
L=-14.003587202350827,dL=-1.2193586957920388e-06,std=0
	gnorm= 4.4146914197386765e-05
	symmetric= True
	solver time=0.0037546157836914062,exit status=0
	SR solver time= 0.003818511962890625
	symmetric= False
	niter= 31
	niter= 374
	solver time=0.07198786735534668,exit status=0
	RGN solver time= 0.07202410697937012
	xnorm=5.100431578736332,dnorm=0.023533143733068397
	dense amplitude time= 0.01625990867614746
	total non-zero amplitudes= 4900
	nsamples per process= 50
	sample time= 0.3757939338684082
	self.n= 0.5729337304573185
	RGN updated loss=-14.003588366857551,dloss=-1.1645067239385298e-06
step= 119

nparam= 1004
	dense amplitude time= 0.022942543029785156
	total non-zero amplitudes= 4900
	nsamples per process= 50
	sample time= 1.5803146362304688
	self.n= 0.5729337304573181
	collect g,h time= 2.867173671722412
E=-14.00358836685755,dE=-1.164506722162173e-06,std=0
L=-14.00358836685755,dL=-1.164506722162173e-06,std=0
	gnorm= 4.280818796678313e-05
	symmetric= True
	solver time=0.0033271312713623047,exit status=0
	SR solver time= 0.0033638477325439453
	symmetric= False
	niter= 30
	niter= 374
	solver time=0.07049417495727539,exit status=0
	RGN solver time= 0.07053017616271973
	xnorm=5.1060467524980115,dnorm=0.023136864182087543
	dense amplitude time= 0.013982295989990234
	total non-zero amplitudes= 4900
	nsamples per process= 50
	sample time= 0.37448620796203613
	self.n= 0.5717881898992581
	RGN updated loss=-14.003589491286037,dloss=-1.124428488097351e-06
step= 120

nparam= 1004
	dense amplitude time= 0.024637937545776367
	total non-zero amplitudes= 4900
	nsamples per process= 50
	sample time= 1.6210212707519531
	self.n= 0.5717881898992585
	collect g,h time= 2.8691084384918213
E=-14.003589491286034,dE=-1.1244284845446373e-06,std=0
L=-14.003589491286034,dL=-1.1244284845446373e-06,std=0
	gnorm= 4.165308887050313e-05
	symmetric= True
	solver time=0.003631114959716797,exit status=0
	SR solver time= 0.0036706924438476562
	symmetric= False
	niter= 30
	niter= 374
	solver time=0.07274174690246582,exit status=0
	RGN solver time= 0.07277750968933105
	xnorm=5.111595655357451,dnorm=0.022739068773012173
	dense amplitude time= 0.014078855514526367
	total non-zero amplitudes= 4900
	nsamples per process= 50
	sample time= 0.3748741149902344
	self.n= 0.5706609697520746
	RGN updated loss=-14.003590576161768,dloss=-1.0848757341364035e-06
step= 121

nparam= 1004
	dense amplitude time= 0.030517101287841797
	total non-zero amplitudes= 4900
	nsamples per process= 50
	sample time= 1.6008520126342773
	self.n= 0.5706609697520733
	collect g,h time= 2.8570449352264404
E=-14.003590576161768,dE=-1.0848757341364035e-06,std=0
L=-14.003590576161768,dL=-1.0848757341364035e-06,std=0
	gnorm= 4.047294689527021e-05
	symmetric= True
	solver time=0.0036187171936035156,exit status=0
	SR solver time= 0.0036537647247314453
	symmetric= False
	niter= 30
	niter= 374
	solver time=0.07121706008911133,exit status=0
	RGN solver time= 0.07125473022460938
	xnorm=5.117076047789636,dnorm=0.02233767809676592
	dense amplitude time= 0.016479015350341797
	total non-zero amplitudes= 4900
	nsamples per process= 50
	sample time= 0.37305784225463867
	self.n= 0.5695536460042341
	RGN updated loss=-14.003591622050747,dloss=-1.0458889789788373e-06
step= 122

nparam= 1004
	dense amplitude time= 0.02197742462158203
	total non-zero amplitudes= 4900
	nsamples per process= 50
	sample time= 1.5831682682037354
	self.n= 0.569553646004234
	collect g,h time= 2.8567516803741455
E=-14.003591622050747,dE=-1.0458889789788373e-06,std=0
L=-14.003591622050747,dL=-1.0458889789788373e-06,std=0
	gnorm= 3.9286569162761914e-05
	symmetric= True
	solver time=0.0036208629608154297,exit status=0
	SR solver time= 0.003656625747680664
	symmetric= False
	niter= 30
	niter= 374
	solver time=0.07457780838012695,exit status=0
	RGN solver time= 0.07461333274841309
	xnorm=5.1224866464185,dnorm=0.021937406635083
	dense amplitude time= 0.01391458511352539
	total non-zero amplitudes= 4900
	nsamples per process= 50
	sample time= 0.37334156036376953
	self.n= 0.56846669635721
	RGN updated loss=-14.003592629658659,dloss=-1.007607911773789e-06
step= 123

nparam= 1004
	dense amplitude time= 0.016164541244506836
	total non-zero amplitudes= 4900
	nsamples per process= 50
	sample time= 1.621957540512085
	self.n= 0.5684666963572098
	collect g,h time= 2.8571856021881104
E=-14.00359262965866,dE=-1.007607913550146e-06,std=0
L=-14.00359262965866,dL=-1.007607913550146e-06,std=0
	gnorm= 3.811027419092552e-05
	symmetric= True
	solver time=0.0033957958221435547,exit status=0
	SR solver time= 0.0034325122833251953
	symmetric= False
	niter= 30
	niter= 374
	solver time=0.08584451675415039,exit status=0
	RGN solver time= 0.08588242530822754
	xnorm=5.127826892234533,dnorm=0.021536755309255074
	dense amplitude time= 0.017255306243896484
	total non-zero amplitudes= 4900
	nsamples per process= 50
	sample time= 0.3749732971191406
	self.n= 0.5674016940199808
	RGN updated loss=-14.003593599776101,dloss=-9.701174406018254e-07
step= 124

nparam= 1004
	dense amplitude time= 0.017201662063598633
	total non-zero amplitudes= 4900
	nsamples per process= 50
	sample time= 1.5845375061035156
	self.n= 0.5674016940199806
	collect g,h time= 2.8873512744903564
E=-14.0035935997761,dE=-9.701174388254685e-07,std=0
L=-14.0035935997761,dL=-9.701174388254685e-07,std=0
	gnorm= 3.694088157911857e-05
	symmetric= True
	solver time=0.0033211708068847656,exit status=0
	SR solver time= 0.0033583641052246094
	symmetric= False
	niter= 30
	niter= 376
	solver time=0.07144522666931152,exit status=0
	RGN solver time= 0.07147860527038574
	xnorm=5.1330960308962315,dnorm=0.02113872182208565
	dense amplitude time= 0.013901710510253906
	total non-zero amplitudes= 4900
	nsamples per process= 50
	sample time= 0.3724524974822998
	self.n= 0.5663593594341809
	RGN updated loss=-14.003594533396473,dloss=-9.336203738996574e-07
step= 125

nparam= 1004
	dense amplitude time= 0.025415897369384766
	total non-zero amplitudes= 4900
	nsamples per process= 50
	sample time= 1.5825128555297852
	self.n= 0.5663593594341814
	collect g,h time= 2.8655378818511963
E=-14.003594533396472,dE=-9.336203721233005e-07,std=0
L=-14.003594533396472,dL=-9.336203721233005e-07,std=0
	gnorm= 3.5780401527038547e-05
	symmetric= True
	solver time=0.003628969192504883,exit status=0
	SR solver time= 0.0036995410919189453
	symmetric= False
	niter= 30
	niter= 374
	solver time=0.07159972190856934,exit status=0
	RGN solver time= 0.07163524627685547
	xnorm=5.138293816944156,dnorm=0.020744718099186484
	dense amplitude time= 0.016196012496948242
	total non-zero amplitudes= 4900
	nsamples per process= 50
	sample time= 0.3710451126098633
	self.n= 0.565340182008768
	RGN updated loss=-14.003595431619933,dloss=-8.982234618315488e-07
step= 126

nparam= 1004
	dense amplitude time= 0.017481088638305664
	total non-zero amplitudes= 4900
	nsamples per process= 50
	sample time= 1.5806186199188232
	self.n= 0.5653401820087678
	collect g,h time= 2.8585917949676514
E=-14.003595431619933,dE=-8.982234618315488e-07,std=0
L=-14.003595431619933,dL=-8.982234618315488e-07,std=0
	gnorm= 3.464073218096921e-05
	symmetric= True
	solver time=0.0033295154571533203,exit status=0
	SR solver time= 0.003366231918334961
	symmetric= False
	niter= 29
	niter= 374
	solver time=0.07117414474487305,exit status=0
	RGN solver time= 0.07120966911315918
	xnorm=5.143420409490152,dnorm=0.020356081995774607
	dense amplitude time= 0.013844966888427734
	total non-zero amplitudes= 4900
	nsamples per process= 50
	sample time= 0.37284111976623535
	self.n= 0.5643445105184701
	RGN updated loss=-14.003596295632159,dloss=-8.640122253211757e-07
step= 127

nparam= 1004
	dense amplitude time= 0.026327848434448242
	total non-zero amplitudes= 4900
	nsamples per process= 50
	sample time= 1.6020405292510986
	self.n= 0.564344510518471
	collect g,h time= 2.8641750812530518
E=-14.00359629563216,dE=-8.640122270975326e-07,std=0
L=-14.00359629563216,dL=-8.640122270975326e-07,std=0
	gnorm= 3.3528271208574704e-05
	symmetric= True
	solver time=0.0033044815063476562,exit status=0
	SR solver time= 0.003343343734741211
	symmetric= False
	niter= 29
	niter= 374
	solver time=0.07305073738098145,exit status=0
	RGN solver time= 0.0730900764465332
	xnorm=5.148476315373457,dnorm=0.019973960702614757
	dense amplitude time= 0.014049530029296875
	total non-zero amplitudes= 4900
	nsamples per process= 50
	sample time= 0.3777503967285156
	self.n= 0.5633725699179917
	RGN updated loss=-14.003597126443946,dloss=-8.308117855904129e-07
step= 128

nparam= 1004
	dense amplitude time= 0.02293539047241211
	total non-zero amplitudes= 4900
	nsamples per process= 50
	sample time= 1.607731580734253
	self.n= 0.5633725699179918
	collect g,h time= 2.862426996231079
E=-14.003597126443944,dE=-8.308117838140561e-07,std=0
L=-14.003597126443944,dL=-8.308117838140561e-07,std=0
	gnorm= 3.326999261096829e-05
	symmetric= True
	solver time=0.0034589767456054688,exit status=0
	SR solver time= 0.0034956932067871094
	symmetric= False
	niter= 30
	niter= 374
	solver time=0.0716865062713623,exit status=0
	RGN solver time= 0.07172274589538574
	xnorm=5.153462316125704,dnorm=0.019604452863102268
	dense amplitude time= 0.014004945755004883
	total non-zero amplitudes= 4900
	nsamples per process= 50
	sample time= 0.3744843006134033
	self.n= 0.5624138542734534
	RGN updated loss=-14.00359792615005,dloss=-7.997061057807286e-07
step= 129

nparam= 1004
	dense amplitude time= 0.020543336868286133
	total non-zero amplitudes= 4900
	nsamples per process= 50
	sample time= 1.595900058746338
	self.n= 0.5624138542734527
	collect g,h time= 2.864191770553589
E=-14.003597926150047,dE=-7.99706102228015e-07,std=0
L=-14.003597926150047,dL=-7.99706102228015e-07,std=0
	gnorm= 3.192344422403548e-05
	symmetric= True
	solver time=0.0032770633697509766,exit status=0
	SR solver time= 0.003316164016723633
	symmetric= False
	niter= 29
	niter= 374
	solver time=0.07081317901611328,exit status=0
	RGN solver time= 0.07084798812866211
	xnorm=5.158386675969373,dnorm=0.01924345261507743
	dense amplitude time= 0.013847827911376953
	total non-zero amplitudes= 4900
	nsamples per process= 50
	sample time= 0.37578392028808594
	self.n= 0.5614777647306746
	RGN updated loss=-14.0035986949398,dloss=-7.687897536357013e-07
step= 130

nparam= 1004
	dense amplitude time= 0.025601625442504883
	total non-zero amplitudes= 4900
	nsamples per process= 50
	sample time= 1.5893640518188477
	self.n= 0.5614777647306747
	collect g,h time= 2.8797361850738525
E=-14.0035986949398,dE=-7.687897536357013e-07,std=0
L=-14.0035986949398,dL=-7.687897536357013e-07,std=0
	gnorm= 3.114092033291849e-05
	symmetric= True
	solver time=0.0034074783325195312,exit status=0
	SR solver time= 0.0034422874450683594
	symmetric= False
	niter= 30
	niter= 374
	solver time=0.07094645500183105,exit status=0
	RGN solver time= 0.0709834098815918
	xnorm=5.163246781679682,dnorm=0.0188731221918077
	dense amplitude time= 0.013942480087280273
	total non-zero amplitudes= 4900
	nsamples per process= 50
	sample time= 0.3728303909301758
	self.n= 0.5605877008189475
	RGN updated loss=-14.003599435552683,dloss=-7.406128830211856e-07
step= 131

nparam= 1004
	dense amplitude time= 0.0489344596862793
	total non-zero amplitudes= 4900
	nsamples per process= 50
	sample time= 1.580719232559204
	self.n= 0.5605877008189479
	collect g,h time= 2.8655223846435547
E=-14.003599435552681,dE=-7.406128812448287e-07,std=0
L=-14.003599435552681,dL=-7.406128812448287e-07,std=0
	gnorm= 3.0231833535514363e-05
	symmetric= True
	solver time=0.0033257007598876953,exit status=0
	SR solver time= 0.003363370895385742
	symmetric= False
	niter= 30
	niter= 374
	solver time=0.07116031646728516,exit status=0
	RGN solver time= 0.0711979866027832
	xnorm=5.168025315479791,dnorm=0.01852543555016124
	dense amplitude time= 0.013855218887329102
	total non-zero amplitudes= 4900
	nsamples per process= 50
	sample time= 0.372039794921875
	self.n= 0.5597023569612858
	RGN updated loss=-14.00360014757947,dloss=-7.120267877525066e-07
step= 132

nparam= 1004
	dense amplitude time= 0.014440774917602539
	total non-zero amplitudes= 4900
	nsamples per process= 50
	sample time= 1.5848314762115479
	self.n= 0.5597023569612856
	collect g,h time= 2.8693137168884277
E=-14.003600147579471,dE=-7.120267895288634e-07,std=0
L=-14.003600147579471,dL=-7.120267895288634e-07,std=0
	gnorm= 5.2544912538602696e-05
	symmetric= True
	solver time=0.004056692123413086,exit status=0
	SR solver time= 0.004096508026123047
	symmetric= False
	niter= 34
	niter= 363
	solver time=0.06803226470947266,exit status=0
	RGN solver time= 0.06806564331054688
	xnorm=5.172747257568909,dnorm=0.018171471812744443
	dense amplitude time= 0.016730070114135742
	total non-zero amplitudes= 4900
	nsamples per process= 50
	sample time= 0.37499547004699707
	self.n= 0.5588809827111071
	RGN updated loss=-14.003600829839973,dloss=-6.822605023160122e-07
step= 133

nparam= 1004
	dense amplitude time= 0.027723073959350586
	total non-zero amplitudes= 4900
	nsamples per process= 50
	sample time= 1.5840020179748535
	self.n= 0.5588809827111069
	collect g,h time= 2.8896944522857666
E=-14.003600829839973,dE=-6.822605023160122e-07,std=0
L=-14.003600829839973,dL=-6.822605023160122e-07,std=0
	gnorm= 4.6788881302347655e-05
	symmetric= True
	solver time=0.0039403438568115234,exit status=0
	SR solver time= 0.004009723663330078
	symmetric= False
	niter= 33
	niter= 368
	solver time=0.07005500793457031,exit status=0
	RGN solver time= 0.07009530067443848
	xnorm=5.177402166997637,dnorm=0.017852113419422687
	dense amplitude time= 0.016326427459716797
	total non-zero amplitudes= 4900
	nsamples per process= 50
	sample time= 0.37259697914123535
	self.n= 0.5580347972051409
	RGN updated loss=-14.003601493716666,dloss=-6.638766922861805e-07
step= 134

nparam= 1004
	dense amplitude time= 0.013668060302734375
	total non-zero amplitudes= 4900
	nsamples per process= 50
	sample time= 1.582216739654541
	self.n= 0.5580347972051407
	collect g,h time= 2.860015630722046
E=-14.003601493716669,dE=-6.638766958388942e-07,std=0
L=-14.003601493716669,dL=-6.638766958388942e-07,std=0
	gnorm= 8.215158472414503e-05
	symmetric= True
	solver time=0.0047223567962646484,exit status=0
	SR solver time= 0.00475764274597168
	symmetric= False
	niter= 43
	niter= 343
	solver time=0.0652773380279541,exit status=0
	RGN solver time= 0.06531214714050293
	xnorm=5.181990717049396,dnorm=0.017558268756752468
	dense amplitude time= 0.013961315155029297
	total non-zero amplitudes= 4900
	nsamples per process= 50
	sample time= 0.37680578231811523
	self.n= 0.557258201000437
	RGN updated loss=-14.003602108882195,dloss=-6.151655256303457e-07
step= 135

nparam= 1004
	dense amplitude time= 0.015970945358276367
	total non-zero amplitudes= 4900
	nsamples per process= 50
	sample time= 1.6440050601959229
	self.n= 0.5572582010004371
	collect g,h time= 2.8536062240600586
E=-14.003602108882195,dE=-6.151655256303457e-07,std=0
L=-14.003602108882195,dL=-6.151655256303457e-07,std=0
	gnorm= 7.336667663879332e-05
	symmetric= True
	solver time=0.00477290153503418,exit status=0
	SR solver time= 0.0048100948333740234
	symmetric= False
	niter= 42
	niter= 343
	solver time=0.07442045211791992,exit status=0
	RGN solver time= 0.07445454597473145
	xnorm=5.186546254616742,dnorm=0.017241625047370392
	dense amplitude time= 0.016833782196044922
	total non-zero amplitudes= 4900
	nsamples per process= 50
	sample time= 0.371718168258667
	self.n= 0.5564425496780144
	RGN updated loss=-14.003602738407476,dloss=-6.295252816812535e-07
step= 136

nparam= 1004
	dense amplitude time= 0.026842117309570312
	total non-zero amplitudes= 4900
	nsamples per process= 50
	sample time= 1.579587697982788
	self.n= 0.5564425496780141
	collect g,h time= 2.861098527908325
E=-14.003602738407476,dE=-6.295252816812535e-07,std=0
L=-14.003602738407476,dL=-6.295252816812535e-07,std=0
	gnorm= 7.570947470491667e-05
	symmetric= True
	niter= 42
	solver time=0.004702568054199219,exit status=0
	SR solver time= 0.0047397613525390625
	symmetric= False
	niter= 343
	solver time=0.06641936302185059,exit status=0
	RGN solver time= 0.06645393371582031
	xnorm=5.191002848446396,dnorm=0.01694502148193085
	dense amplitude time= 0.014235258102416992
	total non-zero amplitudes= 4900
	nsamples per process= 50
	sample time= 0.38787126541137695
	self.n= 0.5557131236409584
	RGN updated loss=-14.003603318272615,dloss=-5.798651390165332e-07
step= 137

nparam= 1004
	dense amplitude time= 0.015950679779052734
	total non-zero amplitudes= 4900
	nsamples per process= 50
	sample time= 1.6145694255828857
	self.n= 0.5557131236409592
	collect g,h time= 2.850334405899048
E=-14.003603318272615,dE=-5.798651390165332e-07,std=0
L=-14.003603318272615,dL=-5.798651390165332e-07,std=0
	gnorm= 7.066722960530931e-05
	symmetric= True
	solver time=0.004805326461791992,exit status=0
	SR solver time= 0.004842519760131836
	symmetric= False
	niter= 42
	niter= 343
	solver time=0.06512069702148438,exit status=0
	RGN solver time= 0.06515669822692871
	xnorm=5.195434529951563,dnorm=0.01659618317922399
	dense amplitude time= 0.015845060348510742
	total non-zero amplitudes= 4900
	nsamples per process= 50
	sample time= 0.37302207946777344
	self.n= 0.5549363682027522
	RGN updated loss=-14.003603897777428,dloss=-5.795048121370883e-07
step= 138

nparam= 1004
	dense amplitude time= 0.025123119354248047
	total non-zero amplitudes= 4900
	nsamples per process= 50
	sample time= 1.5845067501068115
	self.n= 0.5549363682027524
	collect g,h time= 2.8759751319885254
E=-14.003603897777426,dE=-5.795048103607314e-07,std=0
L=-14.003603897777426,dL=-5.795048103607314e-07,std=0
	gnorm= 6.135572089326335e-05
	symmetric= True
	solver time=0.00468134880065918,exit status=0
	SR solver time= 0.004731893539428711
	symmetric= False
	niter= 42
	niter= 343
	solver time=0.06628108024597168,exit status=0
	RGN solver time= 0.06632018089294434
	xnorm=5.199775002792707,dnorm=0.016374074998036232
	dense amplitude time= 0.013868331909179688
	total non-zero amplitudes= 4900
	nsamples per process= 50
	sample time= 0.3754415512084961
	self.n= 0.5542302717702938
	RGN updated loss=-14.003604439329184,dloss=-5.415517581042195e-07
step= 139

nparam= 1004
	dense amplitude time= 0.01915597915649414
	total non-zero amplitudes= 4900
	nsamples per process= 50
	sample time= 1.6184155941009521
	self.n= 0.5542302717702942
	collect g,h time= 2.865699052810669
E=-14.00360443932918,dE=-5.415517545515058e-07,std=0
L=-14.00360443932918,dL=-5.415517545515058e-07,std=0
	gnorm= 4.917057840973504e-05
	symmetric= True
	solver time=0.004545450210571289,exit status=0
	SR solver time= 0.004583835601806641
	symmetric= False
	niter= 41
	niter= 354
	solver time=0.06872820854187012,exit status=0
	RGN solver time= 0.06877374649047852
	xnorm=5.2040836556975485,dnorm=0.016055898203898303
	dense amplitude time= 0.013805866241455078
	total non-zero amplitudes= 4900
	nsamples per process= 50
	sample time= 0.37404966354370117
	self.n= 0.5535268536430122
	RGN updated loss=-14.003604980987292,dloss=-5.416581121409081e-07
step= 140

nparam= 1004
	dense amplitude time= 0.024046897888183594
	total non-zero amplitudes= 4900
	nsamples per process= 50
	sample time= 1.6164603233337402
	self.n= 0.553526853643012
	collect g,h time= 2.8688504695892334
E=-14.003604980987287,dE=-5.416581068118376e-07,std=0
L=-14.003604980987287,dL=-5.416581068118376e-07,std=0
	gnorm= 6.782720580619274e-05
	symmetric= True
	solver time=0.004772663116455078,exit status=0
	SR solver time= 0.004807472229003906
	symmetric= False
	niter= 43
	niter= 343
	solver time=0.07271575927734375,exit status=0
	RGN solver time= 0.07276368141174316
	xnorm=5.208311591934488,dnorm=0.015796833856516937
	dense amplitude time= 0.015706777572631836
	total non-zero amplitudes= 4900
	nsamples per process= 50
	sample time= 0.3756701946258545
	self.n= 0.5528515914998535
	RGN updated loss=-14.0036054757531,dloss=-4.947658123199972e-07
step= 141

nparam= 1004
	dense amplitude time= 0.0247647762298584
	total non-zero amplitudes= 4900
	nsamples per process= 50
	sample time= 1.5998756885528564
	self.n= 0.5528515914998535
	collect g,h time= 2.8640754222869873
E=-14.0036054757531,dE=-4.947658123199972e-07,std=0
L=-14.0036054757531,dL=-4.947658123199972e-07,std=0
	gnorm= 5.79569628779315e-05
	symmetric= True
	solver time=0.004664897918701172,exit status=0
	SR solver time= 0.004703521728515625
	symmetric= False
	niter= 42
	niter= 347
	solver time=0.06768560409545898,exit status=0
	RGN solver time= 0.06772541999816895
	xnorm=5.21251564802214,dnorm=0.01553744569508905
	dense amplitude time= 0.01381826400756836
	total non-zero amplitudes= 4900
	nsamples per process= 50
	sample time= 0.3740193843841553
	self.n= 0.552177818337261
	RGN updated loss=-14.003605986782004,dloss=-5.110289045262562e-07
step= 142

nparam= 1004
	dense amplitude time= 0.015931129455566406
	total non-zero amplitudes= 4900
	nsamples per process= 50
	sample time= 1.600109338760376
	self.n= 0.55217781833726
	collect g,h time= 2.8694660663604736
E=-14.003605986782006,dE=-5.11028906302613e-07,std=0
L=-14.003605986782006,dL=-5.11028906302613e-07,std=0
	gnorm= 2.162054257089422e-05
	symmetric= True
	solver time=0.0032477378845214844,exit status=0
	SR solver time= 0.0032837390899658203
	symmetric= False
	niter= 28
	niter= 374
	solver time=0.07145857810974121,exit status=0
	RGN solver time= 0.07149720191955566
	xnorm=5.216629726876167,dnorm=0.015256672014552391
	dense amplitude time= 0.013804435729980469
	total non-zero amplitudes= 4900
	nsamples per process= 50
	sample time= 0.37309765815734863
	self.n= 0.5515371255814818
	RGN updated loss=-14.00360646543763,dloss=-4.786556235814032e-07
step= 143

nparam= 1004
	dense amplitude time= 0.01598191261291504
	total non-zero amplitudes= 4900
	nsamples per process= 50
	sample time= 1.593651533126831
	self.n= 0.5515371255814822
	collect g,h time= 2.868717908859253
E=-14.003606465437631,dE=-4.786556253577601e-07,std=0
L=-14.003606465437631,dL=-4.786556253577601e-07,std=0
	gnorm= 6.879549809092841e-05
	symmetric= True
	solver time=0.004705905914306641,exit status=0
	SR solver time= 0.0047452449798583984
	symmetric= False
	niter= 44
	niter= 343
	solver time=0.0662834644317627,exit status=0
	RGN solver time= 0.06632041931152344
	xnorm=5.220699325856144,dnorm=0.01504149573968386
	dense amplitude time= 0.013894796371459961
	total non-zero amplitudes= 4900
	nsamples per process= 50
	sample time= 0.380382776260376
	self.n= 0.5509243742888206
	RGN updated loss=-14.003606913184974,dloss=-4.4774734320185416e-07
step= 144

nparam= 1004
	dense amplitude time= 0.014201879501342773
	total non-zero amplitudes= 4900
	nsamples per process= 50
	sample time= 1.6157007217407227
	self.n= 0.5509243742888204
	collect g,h time= 2.8619773387908936
E=-14.00360691318498,dE=-4.477473485309247e-07,std=0
L=-14.00360691318498,dL=-4.477473485309247e-07,std=0
	gnorm= 5.7437010429419175e-05
	symmetric= True
	solver time=0.0049936771392822266,exit status=0
	SR solver time= 0.005054950714111328
	symmetric= False
	niter= 42
	niter= 345
	solver time=0.06613278388977051,exit status=0
	RGN solver time= 0.06616806983947754
	xnorm=5.224753073441617,dnorm=0.014808971555429776
	dense amplitude time= 0.016565561294555664
	total non-zero amplitudes= 4900
	nsamples per process= 50
	sample time= 0.3776381015777588
	self.n= 0.5503036471949398
	RGN updated loss=-14.003607378351557,dloss=-4.651665772570368e-07
step= 145

nparam= 1004
	dense amplitude time= 0.017323970794677734
	total non-zero amplitudes= 4900
	nsamples per process= 50
	sample time= 1.589958906173706
	self.n= 0.5503036471949401
	collect g,h time= 2.888145923614502
E=-14.003607378351555,dE=-4.6516657548067997e-07,std=0
L=-14.003607378351555,dL=-4.6516657548067997e-07,std=0
	gnorm= 6.523823094562993e-05
	symmetric= True
	solver time=0.0047914981842041016,exit status=0
	SR solver time= 0.004828214645385742
	symmetric= False
	niter= 43
	niter= 343
	solver time=0.06477046012878418,exit status=0
	RGN solver time= 0.06480598449707031
	xnorm=5.2287166670497776,dnorm=0.014559498356802722
	dense amplitude time= 0.014090776443481445
	total non-zero amplitudes= 4900
	nsamples per process= 50
	sample time= 0.3746829032897949
	self.n= 0.5497172008848638
	RGN updated loss=-14.003607795434668,dloss=-4.170831129357566e-07
step= 146

nparam= 1004
	dense amplitude time= 0.014424324035644531
	total non-zero amplitudes= 4900
	nsamples per process= 50
	sample time= 1.5862085819244385
	self.n= 0.5497172008848631
	collect g,h time= 2.876598596572876
E=-14.003607795434666,dE=-4.170831111593998e-07,std=0
L=-14.003607795434666,dL=-4.170831111593998e-07,std=0
	gnorm= 5.6986254985651e-05
	symmetric= True
	solver time=0.004781484603881836,exit status=0
	SR solver time= 0.0048143863677978516
	symmetric= False
	niter= 43
	niter= 346
	solver time=0.0655815601348877,exit status=0
	RGN solver time= 0.06561589241027832
	xnorm=5.232651130131462,dnorm=0.014355573604613453
	dense amplitude time= 0.015292644500732422
	total non-zero amplitudes= 4900
	nsamples per process= 50
	sample time= 0.37563204765319824
	self.n= 0.5491392565053903
	RGN updated loss=-14.003608232480005,dloss=-4.3704533858601735e-07
step= 147

nparam= 1004
	dense amplitude time= 0.024382829666137695
	total non-zero amplitudes= 4900
	nsamples per process= 50
	sample time= 1.5899333953857422
	self.n= 0.5491392565053901
	collect g,h time= 2.867884635925293
E=-14.003608232480001,dE=-4.3704533503330367e-07,std=0
L=-14.003608232480001,dL=-4.3704533503330367e-07,std=0
	gnorm= 6.517487226486126e-05
	symmetric= True
	solver time=0.004909038543701172,exit status=0
	SR solver time= 0.0049436092376708984
	symmetric= False
	niter= 44
	niter= 343
	solver time=0.06712818145751953,exit status=0
	RGN solver time= 0.06716585159301758
	xnorm=5.236514310180654,dnorm=0.014112890622096523
	dense amplitude time= 0.013966560363769531
	total non-zero amplitudes= 4900
	nsamples per process= 50
	sample time= 0.37613511085510254
	self.n= 0.5485886709821868
	RGN updated loss=-14.003608623173484,dloss=-3.906934828989961e-07
step= 148

nparam= 1004
	dense amplitude time= 0.02685093879699707
	total non-zero amplitudes= 4900
	nsamples per process= 50
	sample time= 1.6015138626098633
	self.n= 0.5485886709821866
	collect g,h time= 2.864719867706299
E=-14.003608623173486,dE=-3.906934846753529e-07,std=0
L=-14.003608623173486,dL=-3.906934846753529e-07,std=0
	gnorm= 5.641471664973902e-05
	symmetric= True
	solver time=0.004850864410400391,exit status=0
	SR solver time= 0.004888057708740234
	symmetric= False
	niter= 43
	niter= 343
	solver time=0.06607985496520996,exit status=0
	RGN solver time= 0.0661153793334961
	xnorm=5.240350074928423,dnorm=0.013922146374848902
	dense amplitude time= 0.013916969299316406
	total non-zero amplitudes= 4900
	nsamples per process= 50
	sample time= 0.3723013401031494
	self.n= 0.5480406956632495
	RGN updated loss=-14.003609034641121,dloss=-4.1146763507526884e-07
step= 149

nparam= 1004
	dense amplitude time= 0.014091968536376953
	total non-zero amplitudes= 4900
	nsamples per process= 50
	sample time= 1.589688777923584
	self.n= 0.5480406956632493
	collect g,h time= 2.867241382598877
E=-14.00360903464112,dE=-4.11467633298912e-07,std=0
L=-14.00360903464112,dL=-4.11467633298912e-07,std=0
	gnorm= 6.498478545398164e-05
	symmetric= True
	solver time=0.004734516143798828,exit status=0
	SR solver time= 0.004768848419189453
	symmetric= False
	niter= 44
	niter= 343
	solver time=0.06493782997131348,exit status=0
	RGN solver time= 0.06497502326965332
	xnorm=5.244106071636949,dnorm=0.013691837335354257
	dense amplitude time= 0.013950586318969727
	total non-zero amplitudes= 4900
	nsamples per process= 50
	sample time= 0.37320899963378906
	self.n= 0.5475275496357955
	RGN updated loss=-14.003609401481594,dloss=-3.6684047444168755e-07
step= 150

nparam= 1004
	dense amplitude time= 0.02637338638305664
	total non-zero amplitudes= 4900
	nsamples per process= 50
	sample time= 1.5843136310577393
	self.n= 0.5475275496357955
	collect g,h time= 2.86806583404541
E=-14.003609401481595,dE=-3.668404762180444e-07,std=0
L=-14.003609401481595,dL=-3.668404762180444e-07,std=0
	gnorm= 5.662160574037273e-05
	symmetric= True
	solver time=0.004696369171142578,exit status=0
	SR solver time= 0.0047342777252197266
	symmetric= False
	niter= 43
	niter= 343
	solver time=0.06481051445007324,exit status=0
	RGN solver time= 0.06484556198120117
	xnorm=5.247848416001266,dnorm=0.013516858090144725
	dense amplitude time= 0.014268875122070312
	total non-zero amplitudes= 4900
	nsamples per process= 50
	sample time= 0.3743124008178711
	self.n= 0.5470113161957472
	RGN updated loss=-14.003609789119407,dloss=-3.8763781162742816e-07
step= 151

nparam= 1004
	dense amplitude time= 0.044275760650634766
	total non-zero amplitudes= 4900
	nsamples per process= 50
	sample time= 1.5995995998382568
	self.n= 0.5470113161957475
	collect g,h time= 3.0695066452026367
E=-14.003609789119409,dE=-3.87637813403785e-07,std=0
L=-14.003609789119409,dL=-3.87637813403785e-07,std=0
	gnorm= 6.50520604480431e-05
	symmetric= True
	solver time=0.004911661148071289,exit status=0
	SR solver time= 0.0049479007720947266
	symmetric= False
	niter= 44
	niter= 343
	solver time=0.06501173973083496,exit status=0
	RGN solver time= 0.0650475025177002
	xnorm=5.251511636320773,dnorm=0.013296151581855098
	dense amplitude time= 0.013641357421875
	total non-zero amplitudes= 4900
	nsamples per process= 50
	sample time= 0.37225842475891113
	self.n= 0.5465282691529737
	RGN updated loss=-14.003610134447031,dloss=-3.4532762249739335e-07
step= 152

nparam= 1004
	dense amplitude time= 0.02600240707397461
	total non-zero amplitudes= 4900
	nsamples per process= 50
	sample time= 1.5935165882110596
	self.n= 0.5465282691529736
	collect g,h time= 2.870806932449341
E=-14.003610134447033,dE=-3.453276242737502e-07,std=0
L=-14.003610134447033,dL=-3.453276242737502e-07,std=0
	gnorm= 5.661328969974586e-05
	symmetric= True
	solver time=0.004704952239990234,exit status=0
	SR solver time= 0.0047419071197509766
	symmetric= False
	niter= 44
	niter= 343
	solver time=0.06495356559753418,exit status=0
	RGN solver time= 0.06499004364013672
	xnorm=5.25516244670048,dnorm=0.013134058012686236
	dense amplitude time= 0.013946771621704102
	total non-zero amplitudes= 4900
	nsamples per process= 50
	sample time= 0.37073493003845215
	self.n= 0.5460408174790194
	RGN updated loss=-14.00361050266125,dloss=-3.6821421645072405e-07
step= 153

nparam= 1004
	dense amplitude time= 0.02527904510498047
	total non-zero amplitudes= 4900
	nsamples per process= 50
	sample time= 1.5807631015777588
	self.n= 0.5460408174790194
	collect g,h time= 2.8707427978515625
E=-14.003610502661253,dE=-3.6821422000343773e-07,std=0
L=-14.003610502661253,dL=-3.6821422000343773e-07,std=0
	gnorm= 1.7692270566406847e-05
	symmetric= True
	solver time=0.0032312870025634766,exit status=0
	SR solver time= 0.0032672882080078125
	symmetric= False
	niter= 29
	niter= 376
	solver time=0.07123017311096191,exit status=0
	RGN solver time= 0.07126879692077637
	xnorm=5.258735284014305,dnorm=0.012910960465435899
	dense amplitude time= 0.01392364501953125
	total non-zero amplitudes= 4900
	nsamples per process= 50
	sample time= 0.3730180263519287
	self.n= 0.5455810328373643
	RGN updated loss=-14.0036108444084,dloss=-3.4174714613754986e-07
step= 154

nparam= 1004
	dense amplitude time= 0.024977684020996094
	total non-zero amplitudes= 4900
	nsamples per process= 50
	sample time= 1.5816504955291748
	self.n= 0.5455810328373634
	collect g,h time= 2.8717246055603027
E=-14.003610844408401,dE=-3.417471479139067e-07,std=0
L=-14.003610844408401,dL=-3.417471479139067e-07,std=0
	gnorm= 1.6327513762800743e-05
	symmetric= True
	solver time=0.003092527389526367,exit status=0
	SR solver time= 0.0031311511993408203
	symmetric= False
	niter= 27
	niter= 374
	solver time=0.07245922088623047,exit status=0
	RGN solver time= 0.0724940299987793
	xnorm=5.262269831366739,dnorm=0.012726987837182213
	dense amplitude time= 0.014235258102416992
	total non-zero amplitudes= 4900
	nsamples per process= 50
	sample time= 0.3753483295440674
	self.n= 0.5451343309534942
	RGN updated loss=-14.003611176126341,dloss=-3.3171794022734957e-07
step= 155

nparam= 1004
	dense amplitude time= 0.014282703399658203
	total non-zero amplitudes= 4900
	nsamples per process= 50
	sample time= 1.633253574371338
	self.n= 0.5451343309534944
	collect g,h time= 2.869715452194214
E=-14.003611176126338,dE=-3.317179366746359e-07,std=0
L=-14.003611176126338,dL=-3.317179366746359e-07,std=0
	gnorm= 1.6000213640036013e-05
	symmetric= True
	solver time=0.0029745101928710938,exit status=0
	SR solver time= 0.003010988235473633
	symmetric= False
	niter= 27
	niter= 374
	solver time=0.07091259956359863,exit status=0
	RGN solver time= 0.07095217704772949
	xnorm=5.2657640464737305,dnorm=0.012550177077178667
	dense amplitude time= 0.01384425163269043
	total non-zero amplitudes= 4900
	nsamples per process= 50
	sample time= 0.3695402145385742
	self.n= 0.5446993198209489
	RGN updated loss=-14.00361149833542,dloss=-3.222090825261148e-07
step= 156

nparam= 1004
	dense amplitude time= 0.015210628509521484
	total non-zero amplitudes= 4900
	nsamples per process= 50
	sample time= 1.5818827152252197
	self.n= 0.5446993198209489
	collect g,h time= 2.8747849464416504
E=-14.003611498335422,dE=-3.2220908430247164e-07,std=0
L=-14.003611498335422,dL=-3.2220908430247164e-07,std=0
	gnorm= 1.6058892401887665e-05
	symmetric= True
	solver time=0.0031087398529052734,exit status=0
	SR solver time= 0.0031464099884033203
	symmetric= False
	niter= 27
	niter= 374
	solver time=0.07282900810241699,exit status=0
	RGN solver time= 0.07286405563354492
	xnorm=5.269218151332103,dnorm=0.012380857616699166
	dense amplitude time= 0.014133691787719727
	total non-zero amplitudes= 4900
	nsamples per process= 50
	sample time= 0.38390541076660156
	self.n= 0.5442761594221718
	RGN updated loss=-14.003611811980551,dloss=-3.1364512942388956e-07
step= 157

nparam= 1004
	dense amplitude time= 0.014162063598632812
	total non-zero amplitudes= 4900
	nsamples per process= 50
	sample time= 1.5885593891143799
	self.n= 0.5442761594221716
	collect g,h time= 2.864391565322876
E=-14.00361181198055,dE=-3.136451276475327e-07,std=0
L=-14.00361181198055,dL=-3.136451276475327e-07,std=0
	gnorm= 1.5401688246551114e-05
	symmetric= True
	solver time=0.0030698776245117188,exit status=0
	SR solver time= 0.0031044483184814453
	symmetric= False
	niter= 27
	niter= 374
	solver time=0.07067465782165527,exit status=0
	RGN solver time= 0.07071042060852051
	xnorm=5.2726384497595316,dnorm=0.012213130575056358
	dense amplitude time= 0.013935327529907227
	total non-zero amplitudes= 4900
	nsamples per process= 50
	sample time= 0.3814847469329834
	self.n= 0.5438634846496264
	RGN updated loss=-14.003612117279442,dloss=-3.0529889194497173e-07
step= 158

nparam= 1004
	dense amplitude time= 0.013482809066772461
	total non-zero amplitudes= 4900
	nsamples per process= 50
	sample time= 1.6518774032592773
	self.n= 0.543863484649626
	collect g,h time= 2.868987560272217
E=-14.003612117279443,dE=-3.0529889372132857e-07,std=0
L=-14.003612117279443,dL=-3.0529889372132857e-07,std=0
	gnorm= 1.5593195279810065e-05
	symmetric= True
	solver time=0.0030374526977539062,exit status=0
	SR solver time= 0.003080129623413086
	symmetric= False
	niter= 27
	niter= 374
	solver time=0.07088851928710938,exit status=0
	RGN solver time= 0.0709226131439209
	xnorm=5.276016468838107,dnorm=0.012056694856250754
	dense amplitude time= 0.013883113861083984
	total non-zero amplitudes= 4900
	nsamples per process= 50
	sample time= 0.37032222747802734
	self.n= 0.5434629748560302
	RGN updated loss=-14.003612414482745,dloss=-2.9720330196880695e-07
step= 159

nparam= 1004
	dense amplitude time= 0.01691746711730957
	total non-zero amplitudes= 4900
	nsamples per process= 50
	sample time= 1.575678825378418
	self.n= 0.5434629748560307
	collect g,h time= 2.8633289337158203
E=-14.003612414482745,dE=-2.9720330196880695e-07,std=0
L=-14.003612414482745,dL=-2.9720330196880695e-07,std=0
	gnorm= 1.4853102990964523e-05
	symmetric= True
	solver time=0.003103971481323242,exit status=0
	SR solver time= 0.0031409263610839844
	symmetric= False
	niter= 27
	niter= 374
	solver time=0.07140231132507324,exit status=0
	RGN solver time= 0.07143688201904297
	xnorm=5.279351902635315,dnorm=0.011897142092262012
	dense amplitude time= 0.013889789581298828
	total non-zero amplitudes= 4900
	nsamples per process= 50
	sample time= 0.38062477111816406
	self.n= 0.5430730603907947
	RGN updated loss=-14.003612703789972,dloss=-2.893072270637731e-07
step= 160

nparam= 1004
	dense amplitude time= 0.023242950439453125
	total non-zero amplitudes= 4900
	nsamples per process= 50
	sample time= 1.616100788116455
	self.n= 0.5430730603907947
	collect g,h time= 2.8617923259735107
E=-14.003612703789972,dE=-2.893072270637731e-07,std=0
L=-14.003612703789972,dL=-2.893072270637731e-07,std=0
	gnorm= 1.4600223735099318e-05
	symmetric= True
	solver time=0.003038644790649414,exit status=0
	SR solver time= 0.003075838088989258
	symmetric= False
	niter= 27
	niter= 374
	solver time=0.07152032852172852,exit status=0
	RGN solver time= 0.07155823707580566
	xnorm=5.282647260696416,dnorm=0.011741731610870223
	dense amplitude time= 0.013847112655639648
	total non-zero amplitudes= 4900
	nsamples per process= 50
	sample time= 0.37034034729003906
	self.n= 0.5426938261532176
	RGN updated loss=-14.003612985515304,dloss=-2.8172533106385345e-07
step= 161

nparam= 1004
	dense amplitude time= 0.0276181697845459
	total non-zero amplitudes= 4900
	nsamples per process= 50
	sample time= 1.6453115940093994
	self.n= 0.5426938261532173
	collect g,h time= 2.90248703956604
E=-14.003612985515307,dE=-2.817253346165671e-07,std=0
L=-14.003612985515307,dL=-2.817253346165671e-07,std=0
	gnorm= 1.4350888260259234e-05
	symmetric= True
	solver time=0.003036022186279297,exit status=0
	SR solver time= 0.0030710697174072266
	symmetric= False
	niter= 27
	niter= 374
	solver time=0.070648193359375,exit status=0
	RGN solver time= 0.07068347930908203
	xnorm=5.285902690799341,dnorm=0.011590245975354388
	dense amplitude time= 0.014112472534179688
	total non-zero amplitudes= 4900
	nsamples per process= 50
	sample time= 0.3695049285888672
	self.n= 0.5423248960371085
	RGN updated loss=-14.00361325994442,dloss=-2.744291123235598e-07
step= 162

nparam= 1004
	dense amplitude time= 0.014348983764648438
	total non-zero amplitudes= 4900
	nsamples per process= 50
	sample time= 1.5765407085418701
	self.n= 0.5423248960371089
	collect g,h time= 2.869009494781494
E=-14.003613259944418,dE=-2.74429110547203e-07,std=0
L=-14.003613259944418,dL=-2.74429110547203e-07,std=0
	gnorm= 1.4110043531215374e-05
	symmetric= True
	solver time=0.003188610076904297,exit status=0
	SR solver time= 0.003225088119506836
	symmetric= False
	niter= 27
	solver time=0.07104039192199707,exit status=0
	RGN solver time= 0.07107853889465332
	xnorm=5.289118625746554,dnorm=0.011442356554121435
	niter= 374
	dense amplitude time= 0.015232086181640625
	total non-zero amplitudes= 4900
	nsamples per process= 50
	sample time= 0.36899304389953613
	self.n= 0.5419659409156607
	RGN updated loss=-14.003613527332588,dloss=-2.6738817027194273e-07
step= 163

nparam= 1004
	dense amplitude time= 0.020580053329467773
	total non-zero amplitudes= 4900
	nsamples per process= 50
	sample time= 1.6269752979278564
	self.n= 0.541965940915661
	collect g,h time= 2.8700435161590576
E=-14.003613527332584,dE=-2.6738816671922905e-07,std=0
L=-14.003613527332584,dL=-2.6738816671922905e-07,std=0
	gnorm= 1.3876828849608692e-05
	symmetric= True
	solver time=0.003286600112915039,exit status=0
	SR solver time= 0.003327608108520508
	symmetric= False
	niter= 27
	niter= 374
	solver time=0.0751643180847168,exit status=0
	RGN solver time= 0.07519865036010742
	xnorm=5.292295468660476,dnorm=0.01129781464461485
	dense amplitude time= 0.016169071197509766
	total non-zero amplitudes= 4900
	nsamples per process= 50
	sample time= 0.36904168128967285
	self.n= 0.5416166306886008
	RGN updated loss=-14.003613787954926,dloss=-2.6062234148582775e-07
step= 164

nparam= 1004
	dense amplitude time= 0.023333072662353516
	total non-zero amplitudes= 4900
	nsamples per process= 50
	sample time= 1.6122241020202637
	self.n= 0.5416166306886008
	collect g,h time= 2.881467580795288
E=-14.003613787954926,dE=-2.6062234148582775e-07,std=0
L=-14.003613787954926,dL=-2.6062234148582775e-07,std=0
	gnorm= 1.3652426071666774e-05
	symmetric= True
	solver time=0.003139019012451172,exit status=0
	SR solver time= 0.0031752586364746094
	symmetric= False
	niter= 26
	niter= 374
	solver time=0.07492446899414062,exit status=0
	RGN solver time= 0.07496166229248047
	xnorm=5.295433642416461,dnorm=0.011156391700921843
	dense amplitude time= 0.016390323638916016
	total non-zero amplitudes= 4900
	nsamples per process= 50
	sample time= 0.37191033363342285
	self.n= 0.5412767285305463
	RGN updated loss=-14.003614042033753,dloss=-2.540788273108774e-07
step= 165

nparam= 1004
	dense amplitude time= 0.019813060760498047
	total non-zero amplitudes= 4900
	nsamples per process= 50
	sample time= 1.5788865089416504
	self.n= 0.5412767285305469
	collect g,h time= 2.8650007247924805
E=-14.003614042033753,dE=-2.540788273108774e-07,std=0
L=-14.003614042033753,dL=-2.540788273108774e-07,std=0
	gnorm= 1.343418608998225e-05
	symmetric= True
	solver time=0.002918243408203125,exit status=0
	SR solver time= 0.0029544830322265625
	symmetric= False
	niter= 26
	niter= 376
	solver time=0.07142424583435059,exit status=0
	RGN solver time= 0.07146382331848145
	xnorm=5.298533574452522,dnorm=0.011018169896190064
	dense amplitude time= 0.013871192932128906
	total non-zero amplitudes= 4900
	nsamples per process= 50
	sample time= 0.3690526485443115
	self.n= 0.5409459337023332
	RGN updated loss=-14.003614289798001,dloss=-2.477642482290321e-07
step= 166

nparam= 1004
	dense amplitude time= 0.014711141586303711
	total non-zero amplitudes= 4900
	nsamples per process= 50
	sample time= 1.6133191585540771
	self.n= 0.5409459337023321
	collect g,h time= 2.886194944381714
E=-14.003614289798001,dE=-2.477642482290321e-07,std=0
L=-14.003614289798001,dL=-2.477642482290321e-07,std=0
	gnorm= 1.3222892851456067e-05
	symmetric= True
	solver time=0.002973794937133789,exit status=0
	SR solver time= 0.003011465072631836
	symmetric= False
	niter= 26
	niter= 376
	solver time=0.07239603996276855,exit status=0
	RGN solver time= 0.07242798805236816
	xnorm=5.3015957653617996,dnorm=0.010882976932129175
	dense amplitude time= 0.013863801956176758
	total non-zero amplitudes= 4900
	nsamples per process= 50
	sample time= 0.3722376823425293
	self.n= 0.5406239690983824
	RGN updated loss=-14.003614531512207,dloss=-2.417142059840671e-07
step= 167

nparam= 1004
	dense amplitude time= 0.013980627059936523
	total non-zero amplitudes= 4900
	nsamples per process= 50
	sample time= 1.5954718589782715
	self.n= 0.5406239690983827
	collect g,h time= 2.8649024963378906
E=-14.003614531512207,dE=-2.417142059840671e-07,std=0
L=-14.003614531512207,dL=-2.417142059840671e-07,std=0
	gnorm= 1.3021773599499016e-05
	symmetric= True
	solver time=0.0030045509338378906,exit status=0
	SR solver time= 0.0030412673950195312
	symmetric= False
	niter= 26
	niter= 376
	solver time=0.07330703735351562,exit status=0
	RGN solver time= 0.07334423065185547
	xnorm=5.304620707133012,dnorm=0.010751052314760649
	dense amplitude time= 0.014415264129638672
	total non-zero amplitudes= 4900
	nsamples per process= 50
	sample time= 0.3757436275482178
	self.n= 0.5403106461478909
	RGN updated loss=-14.003614767313403,dloss=-2.3580119545840716e-07
step= 168

nparam= 1004
	dense amplitude time= 0.02549290657043457
	total non-zero amplitudes= 4900
	nsamples per process= 50
	sample time= 1.5963923931121826
	self.n= 0.5403106461478911
	collect g,h time= 2.8614070415496826
E=-14.003614767313405,dE=-2.35801197234764e-07,std=0
L=-14.003614767313405,dL=-2.35801197234764e-07,std=0
	gnorm= 1.2841255967892344e-05
	symmetric= True
	solver time=0.003002643585205078,exit status=0
	SR solver time= 0.0030393600463867188
	symmetric= False
	niter= 26
	niter= 374
	solver time=0.07089424133300781,exit status=0
	RGN solver time= 0.07093024253845215
	xnorm=5.307608994021762,dnorm=0.010621456049437159
	dense amplitude time= 0.013862133026123047
	total non-zero amplitudes= 4900
	nsamples per process= 50
	sample time= 0.3695237636566162
	self.n= 0.540005360893648
	RGN updated loss=-14.003614997403785,dloss=-2.3009038052634878e-07
step= 169

nparam= 1004
	dense amplitude time= 0.015201330184936523
	total non-zero amplitudes= 4900
	nsamples per process= 50
	sample time= 1.609126091003418
	self.n= 0.5400053608936478
	collect g,h time= 2.873095989227295
E=-14.003614997403789,dE=-2.3009038407906246e-07,std=0
L=-14.003614997403789,dL=-2.3009038407906246e-07,std=0
	gnorm= 1.2627827167598735e-05
	symmetric= True
	solver time=0.0029544830322265625,exit status=0
	SR solver time= 0.0029904842376708984
	symmetric= False
	niter= 26
	niter= 376
	solver time=0.07155871391296387,exit status=0
	RGN solver time= 0.07159280776977539
	xnorm=5.310561093430716,dnorm=0.010494687080150686
	dense amplitude time= 0.013925313949584961
	total non-zero amplitudes= 4900
	nsamples per process= 50
	sample time= 0.37156200408935547
	self.n= 0.5397082034007905
	RGN updated loss=-14.003615221987285,dloss=-2.2458349668852406e-07
step= 170

nparam= 1004
	dense amplitude time= 0.025925874710083008
	total non-zero amplitudes= 4900
	nsamples per process= 50
	sample time= 1.5791401863098145
	self.n= 0.5397082034007903
	collect g,h time= 2.868502140045166
E=-14.003615221987285,dE=-2.2458349668852406e-07,std=0
L=-14.003615221987285,dL=-2.2458349668852406e-07,std=0
	gnorm= 1.2440231806450724e-05
	symmetric= True
	solver time=0.0032596588134765625,exit status=0
	SR solver time= 0.0032978057861328125
	symmetric= False
	niter= 26
	niter= 376
	solver time=0.07538437843322754,exit status=0
	RGN solver time= 0.07541823387145996
	xnorm=5.313477358758369,dnorm=0.010370551177503162
	dense amplitude time= 0.016399145126342773
	total non-zero amplitudes= 4900
	nsamples per process= 50
	sample time= 0.37117791175842285
	self.n= 0.5394188680669681
	RGN updated loss=-14.003615441244344,dloss=-2.192570587311593e-07
step= 171

nparam= 1004
	dense amplitude time= 0.041799306869506836
	total non-zero amplitudes= 4900
	nsamples per process= 50
	sample time= 1.5994408130645752
	self.n= 0.5394188680669687
	collect g,h time= 2.8568060398101807
E=-14.003615441244346,dE=-2.1925706050751614e-07,std=0
L=-14.003615441244346,dL=-2.1925706050751614e-07,std=0
	gnorm= 1.225847235517709e-05
	symmetric= True
	solver time=0.002887725830078125,exit status=0
	SR solver time= 0.0029251575469970703
	symmetric= False
	niter= 26
	niter= 376
	solver time=0.07108926773071289,exit status=0
	RGN solver time= 0.07112526893615723
	xnorm=5.316358330964538,dnorm=0.01024897750579656
	dense amplitude time= 0.013907432556152344
	total non-zero amplitudes= 4900
	nsamples per process= 50
	sample time= 0.3681674003601074
	self.n= 0.5391371070706447
	RGN updated loss=-14.00361565525673,dloss=-2.140123847027553e-07
step= 172

nparam= 1004
	dense amplitude time= 0.025603532791137695
	total non-zero amplitudes= 4900
	nsamples per process= 50
	sample time= 1.5982615947723389
	self.n= 0.5391371070706446
	collect g,h time= 2.8844151496887207
E=-14.003615655256727,dE=-2.1401238115004162e-07,std=0
L=-14.003615655256727,dL=-2.1401238115004162e-07,std=0
	gnorm= 1.2081105409604026e-05
	symmetric= True
	solver time=0.002928495407104492,exit status=0
	SR solver time= 0.002971172332763672
	symmetric= False
	niter= 26
	niter= 376
	solver time=0.07180070877075195,exit status=0
	RGN solver time= 0.07183957099914551
	xnorm=5.319204517830285,dnorm=0.010131956309478354
	dense amplitude time= 0.013896465301513672
	total non-zero amplitudes= 4900
	nsamples per process= 50
	sample time= 0.37270092964172363
	self.n= 0.5388637057161731
	RGN updated loss=-14.003615864432634,dloss=-2.0917590681790443e-07
step= 173

nparam= 1004
	dense amplitude time= 0.014387369155883789
	total non-zero amplitudes= 4900
	nsamples per process= 50
	sample time= 1.581087589263916
	self.n= 0.5388637057161738
	collect g,h time= 2.8574469089508057
E=-14.003615864432634,dE=-2.0917590681790443e-07,std=0
L=-14.003615864432634,dL=-2.0917590681790443e-07,std=0
	gnorm= 1.191070140410114e-05
	symmetric= True
	solver time=0.0030906200408935547,exit status=0
	SR solver time= 0.003129720687866211
	symmetric= False
	niter= 26
	niter= 374
	solver time=0.07464408874511719,exit status=0
	RGN solver time= 0.07468008995056152
	xnorm=5.322016066729328,dnorm=0.010015076689445122
	dense amplitude time= 0.014142751693725586
	total non-zero amplitudes= 4900
	nsamples per process= 50
	sample time= 0.3843972682952881
	self.n= 0.5385968727419903
	RGN updated loss=-14.003616068772303,dloss=-2.043396687412269e-07
step= 174

nparam= 1004
	dense amplitude time= 0.01431894302368164
	total non-zero amplitudes= 4900
	nsamples per process= 50
	sample time= 1.6176297664642334
	self.n= 0.5385968727419899
	collect g,h time= 2.8611485958099365
E=-14.003616068772303,dE=-2.043396687412269e-07,std=0
L=-14.003616068772303,dL=-2.043396687412269e-07,std=0
	gnorm= 1.1743342551826691e-05
	symmetric= True
	solver time=0.0030388832092285156,exit status=0
	SR solver time= 0.0030770301818847656
	symmetric= False
	niter= 26
	niter= 376
	solver time=0.07165241241455078,exit status=0
	RGN solver time= 0.07168817520141602
	xnorm=5.3247937369161855,dnorm=0.009900705224164493
	dense amplitude time= 0.013942718505859375
	total non-zero amplitudes= 4900
	nsamples per process= 50
	sample time= 0.36884403228759766
	self.n= 0.5383366420669093
	RGN updated loss=-14.003616268432399,dloss=-1.9966009645600025e-07
step= 175

nparam= 1004
	dense amplitude time= 0.020177841186523438
	total non-zero amplitudes= 4900
	nsamples per process= 50
	sample time= 1.5921509265899658
	self.n= 0.5383366420669096
	collect g,h time= 2.8760669231414795
E=-14.0036162684324,dE=-1.9966009823235709e-07,std=0
L=-14.0036162684324,dL=-1.9966009823235709e-07,std=0
	gnorm= 1.1580886611326237e-05
	symmetric= True
	niter= 26
	solver time=0.003026247024536133,exit status=0
	SR solver time= 0.0030705928802490234
	symmetric= False
	niter= 376
	solver time=0.07246637344360352,exit status=0
	RGN solver time= 0.07250118255615234
	xnorm=5.327538189039112,dnorm=0.00978845722635373
	dense amplitude time= 0.013904333114624023
	total non-zero amplitudes= 4900
	nsamples per process= 50
	sample time= 0.37164878845214844
	self.n= 0.5380829351425542
	RGN updated loss=-14.00361646355568,dloss=-1.9512327931181517e-07
step= 176

nparam= 1004
	dense amplitude time= 0.014341592788696289
	total non-zero amplitudes= 4900
	nsamples per process= 50
	sample time= 1.5835516452789307
	self.n= 0.5380829351425536
	collect g,h time= 2.8587324619293213
E=-14.00361646355568,dE=-1.9512327931181517e-07,std=0
L=-14.00361646355568,dL=-1.9512327931181517e-07,std=0
	gnorm= 1.1422660086194461e-05
	symmetric= True
	solver time=0.002977132797241211,exit status=0
	SR solver time= 0.0030121803283691406
	symmetric= False
	niter= 26
	niter= 374
	solver time=0.07079315185546875,exit status=0
	RGN solver time= 0.07082653045654297
	xnorm=5.330249919100017,dnorm=0.009678472990869571
	dense amplitude time= 0.013844490051269531
	total non-zero amplitudes= 4900
	nsamples per process= 50
	sample time= 0.37112927436828613
	self.n= 0.5378356207471899
	RGN updated loss=-14.003616653755513,dloss=-1.901998327724641e-07
step= 177

nparam= 1004
	dense amplitude time= 0.015420198440551758
	total non-zero amplitudes= 4900
	nsamples per process= 50
	sample time= 1.6180484294891357
	self.n= 0.5378356207471898
	collect g,h time= 2.865344285964966
E=-14.003616653755511,dE=-1.9019983099610727e-07,std=0
L=-14.003616653755511,dL=-1.9019983099610727e-07,std=0
	gnorm= 1.4864392519394304e-05
	symmetric= True
	solver time=0.003764629364013672,exit status=0
	SR solver time= 0.0038022994995117188
	symmetric= False
	niter= 32
	niter= 378
	solver time=0.07357430458068848,exit status=0
	RGN solver time= 0.0736088752746582
	xnorm=5.332929436764319,dnorm=0.009571778727970815
	dense amplitude time= 0.013917922973632812
	total non-zero amplitudes= 4900
	nsamples per process= 50
	sample time= 0.3736305236816406
	self.n= 0.5375940822149253
	RGN updated loss=-14.003616840542186,dloss=-1.867866750160374e-07
step= 178

nparam= 1004
	dense amplitude time= 0.02095317840576172
	total non-zero amplitudes= 4900
	nsamples per process= 50
	sample time= 1.602125883102417
	self.n= 0.537594082214925
	collect g,h time= 2.8766567707061768
E=-14.003616840542188,dE=-1.8678667679239425e-07,std=0
L=-14.003616840542188,dL=-1.8678667679239425e-07,std=0
	gnorm= 1.14682187514601e-05
	symmetric= True
	solver time=0.003259420394897461,exit status=0
	SR solver time= 0.0032935142517089844
	symmetric= False
	niter= 27
	niter= 374
	solver time=0.07251453399658203,exit status=0
	RGN solver time= 0.07255029678344727
	xnorm=5.335574189855844,dnorm=0.009467289686341895
	dense amplitude time= 0.015609979629516602
	total non-zero amplitudes= 4900
	nsamples per process= 50
	sample time= 0.3729555606842041
	self.n= 0.5373589188657791
	RGN updated loss=-14.003617022583715,dloss=-1.8204152674172747e-07
step= 179

nparam= 1004
	dense amplitude time= 0.023658275604248047
	total non-zero amplitudes= 4900
	nsamples per process= 50
	sample time= 1.5961928367614746
	self.n= 0.5373589188657788
	collect g,h time= 2.8611538410186768
E=-14.003617022583716,dE=-1.820415285180843e-07,std=0
L=-14.003617022583716,dL=-1.820415285180843e-07,std=0
	gnorm= 1.1600741028374705e-05
	symmetric= True
	solver time=0.00308990478515625,exit status=0
	SR solver time= 0.0031290054321289062
	symmetric= False
	niter= 27
	niter= 374
	solver time=0.07146263122558594,exit status=0
	RGN solver time= 0.07149839401245117
	xnorm=5.338195185175804,dnorm=0.00936187896155617
	dense amplitude time= 0.013878107070922852
	total non-zero amplitudes= 4900
	nsamples per process= 50
	sample time= 0.3697199821472168
	self.n= 0.5371287273056544
	RGN updated loss=-14.003617201202434,dloss=-1.786187180385923e-07
step= 180

nparam= 1004
	dense amplitude time= 0.014882802963256836
	total non-zero amplitudes= 4900
	nsamples per process= 50
	sample time= 1.5996382236480713
	self.n= 0.5371287273056546
	collect g,h time= 2.8691816329956055
E=-14.003617201202431,dE=-1.7861871448587863e-07,std=0
L=-14.003617201202431,dL=-1.7861871448587863e-07,std=0
	gnorm= 1.1160137436578352e-05
	symmetric= True
	solver time=0.003301858901977539,exit status=0
	SR solver time= 0.0033376216888427734
	symmetric= False
	niter= 27
	niter= 374
	solver time=0.07283139228820801,exit status=0
	RGN solver time= 0.07286691665649414
	xnorm=5.3407779393778565,dnorm=0.009262131136674795
	dense amplitude time= 0.013951539993286133
	total non-zero amplitudes= 4900
	nsamples per process= 50
	sample time= 0.3798210620880127
	self.n= 0.5369054668944266
	RGN updated loss=-14.003617375432283,dloss=-1.7422985187920403e-07
step= 181

nparam= 1004
	dense amplitude time= 0.03946089744567871
	total non-zero amplitudes= 4900
	nsamples per process= 50
	sample time= 1.6025888919830322
	self.n= 0.536905466894426
	collect g,h time= 2.8679451942443848
E=-14.003617375432286,dE=-1.742298554319177e-07,std=0
L=-14.003617375432286,dL=-1.742298554319177e-07,std=0
	gnorm= 1.1339664601394921e-05
	symmetric= True
	solver time=0.0030808448791503906,exit status=0
	SR solver time= 0.0031211376190185547
	symmetric= False
	niter= 27
	niter= 374
	solver time=0.07094550132751465,exit status=0
	RGN solver time= 0.07097983360290527
	xnorm=5.343337382141379,dnorm=0.009160071492870445
	dense amplitude time= 0.01391148567199707
	total non-zero amplitudes= 4900
	nsamples per process= 50
	sample time= 0.3696253299713135
	self.n= 0.5366865272486716
	RGN updated loss=-14.003617546390645,dloss=-1.709583585807195e-07
step= 182

nparam= 1004
	dense amplitude time= 0.01611495018005371
	total non-zero amplitudes= 4900
	nsamples per process= 50
	sample time= 1.5788307189941406
	self.n= 0.5366865272486715
	collect g,h time= 2.890565872192383
E=-14.00361754639065,dE=-1.7095836390979002e-07,std=0
L=-14.00361754639065,dL=-1.7095836390979002e-07,std=0
	gnorm= 1.0911747641445885e-05
	symmetric= True
	solver time=0.0030825138092041016,exit status=0
	SR solver time= 0.0031185150146484375
	symmetric= False
	niter= 27
	niter= 374
	solver time=0.07119393348693848,exit status=0
	RGN solver time= 0.0712273120880127
	xnorm=5.345859531776423,dnorm=0.009061722092359632
	dense amplitude time= 0.013998985290527344
	total non-zero amplitudes= 4900
	nsamples per process= 50
	sample time= 0.3718447685241699
	self.n= 0.5364732715670152
	RGN updated loss=-14.00361771310828,dloss=-1.6671762992359618e-07
step= 183

nparam= 1004
	dense amplitude time= 0.013575077056884766
	total non-zero amplitudes= 4900
	nsamples per process= 50
	sample time= 1.5878233909606934
	self.n= 0.5364732715670144
	collect g,h time= 2.8655858039855957
E=-14.003617713108277,dE=-1.667176263708825e-07,std=0
L=-14.003617713108277,dL=-1.667176263708825e-07,std=0
	gnorm= 1.1076907780977508e-05
	symmetric= True
	solver time=0.003201723098754883,exit status=0
	SR solver time= 0.0032377243041992188
	symmetric= False
	niter= 27
	niter= 374
	solver time=0.07070803642272949,exit status=0
	RGN solver time= 0.07074236869812012
	xnorm=5.348359380302496,dnorm=0.008963348173590638
	dense amplitude time= 0.015455245971679688
	total non-zero amplitudes= 4900
	nsamples per process= 50
	sample time= 0.37096571922302246
	self.n= 0.5362645006356602
	RGN updated loss=-14.003617876561792,dloss=-1.6345351561142252e-07
step= 184

nparam= 1004
	dense amplitude time= 0.025814294815063477
	total non-zero amplitudes= 4900
	nsamples per process= 50
	sample time= 1.5867128372192383
	self.n= 0.5362645006356597
	collect g,h time= 2.8675522804260254
E=-14.003617876561792,dE=-1.6345351561142252e-07,std=0
L=-14.003617876561792,dL=-1.6345351561142252e-07,std=0
	gnorm= 1.0303109410073701e-05
	symmetric= True
	solver time=0.0030155181884765625,exit status=0
	SR solver time= 0.0030527114868164062
	symmetric= False
	niter= 26
	niter= 380
	solver time=0.07220292091369629,exit status=0
	RGN solver time= 0.07223677635192871
	xnorm=5.3508229466329364,dnorm=0.008868974651014397
	dense amplitude time= 0.013859272003173828
	total non-zero amplitudes= 4900
	nsamples per process= 50
	sample time= 0.37560510635375977
	self.n= 0.5360622645810145
	RGN updated loss=-14.00361803683114,dloss=-1.602693480151629e-07
step= 185

nparam= 1004
	dense amplitude time= 0.02152276039123535
	total non-zero amplitudes= 4900
	nsamples per process= 50
	sample time= 1.6140704154968262
	self.n= 0.5360622645810142
	collect g,h time= 2.8638527393341064
E=-14.003618036831138,dE=-1.6026934623880607e-07,std=0
L=-14.003618036831138,dL=-1.6026934623880607e-07,std=0
	gnorm= 1.1034455742523797e-05
	symmetric= True
	solver time=0.0033757686614990234,exit status=0
	SR solver time= 0.0034148693084716797
	symmetric= False
	niter= 29
	niter= 379
	solver time=0.07400631904602051,exit status=0
	RGN solver time= 0.07403945922851562
	xnorm=5.353258651137093,dnorm=0.008776752198367172
	dense amplitude time= 0.014105558395385742
	total non-zero amplitudes= 4900
	nsamples per process= 50
	sample time= 0.3752005100250244
	self.n= 0.5358565242361999
	RGN updated loss=-14.003618192939221,dloss=-1.561080829048933e-07
step= 186

nparam= 1004
	dense amplitude time= 0.023681163787841797
	total non-zero amplitudes= 4900
	nsamples per process= 50
	sample time= 1.6075992584228516
	self.n= 0.5358565242362
	collect g,h time= 2.8788232803344727
E=-14.003618192939223,dE=-1.5610808468125015e-07,std=0
L=-14.003618192939223,dL=-1.5610808468125015e-07,std=0
	gnorm= 1.061635317136583e-05
	symmetric= True
	solver time=0.0032684803009033203,exit status=0
	SR solver time= 0.0033097267150878906
	symmetric= False
	niter= 28
	niter= 377
	solver time=0.07234883308410645,exit status=0
	RGN solver time= 0.07238245010375977
	xnorm=5.355672379986332,dnorm=0.008686803413941768
	dense amplitude time= 0.013891220092773438
	total non-zero amplitudes= 4900
	nsamples per process= 50
	sample time= 0.37219762802124023
	self.n= 0.5356684306398916
	RGN updated loss=-14.003618346422002,dloss=-1.534827784865911e-07
step= 187

nparam= 1004
	dense amplitude time= 0.014389991760253906
	total non-zero amplitudes= 4900
	nsamples per process= 50
	sample time= 1.591756820678711
	self.n= 0.5356684306398913
	collect g,h time= 2.8623759746551514
E=-14.003618346421998,dE=-1.534827749338774e-07,std=0
L=-14.003618346421998,dL=-1.534827749338774e-07,std=0
	gnorm= 9.926279442418066e-06
	symmetric= True
	solver time=0.0030088424682617188,exit status=0
	SR solver time= 0.003043651580810547
	symmetric= False
	niter= 26
	niter= 374
	solver time=0.0722501277923584,exit status=0
	RGN solver time= 0.07228636741638184
	xnorm=5.358051721670012,dnorm=0.008595983424968888
	dense amplitude time= 0.015477895736694336
	total non-zero amplitudes= 4900
	nsamples per process= 50
	sample time= 0.37773799896240234
	self.n= 0.5354816087772958
	RGN updated loss=-14.003618496886741,dloss=-1.5046474288737954e-07
step= 188

nparam= 1004
	dense amplitude time= 0.025787353515625
	total non-zero amplitudes= 4900
	nsamples per process= 50
	sample time= 1.5941123962402344
	self.n= 0.5354816087772947
	collect g,h time= 2.859976053237915
E=-14.003618496886741,dE=-1.5046474288737954e-07,std=0
L=-14.003618496886741,dL=-1.5046474288737954e-07,std=0
	gnorm= 1.0686065738357494e-05
	symmetric= True
	solver time=0.0032777786254882812,exit status=0
	SR solver time= 0.0033118724822998047
	symmetric= False
	niter= 29
	niter= 378
	solver time=0.07159280776977539,exit status=0
	RGN solver time= 0.0716257095336914
	xnorm=5.360404157103086,dnorm=0.00850797116263532
	dense amplitude time= 0.013884544372558594
	total non-zero amplitudes= 4900
	nsamples per process= 50
	sample time= 0.3710634708404541
	self.n= 0.5352903863445189
	RGN updated loss=-14.003618643515575,dloss=-1.4662883351945766e-07
step= 189

nparam= 1004
	dense amplitude time= 0.019873380661010742
	total non-zero amplitudes= 4900
	nsamples per process= 50
	sample time= 1.5842523574829102
	self.n= 0.5352903863445185
	collect g,h time= 2.856341600418091
E=-14.003618643515571,dE=-1.4662882996674398e-07,std=0
L=-14.003618643515571,dL=-1.4662882996674398e-07,std=0
	gnorm= 1.0290929531940407e-05
	symmetric= True
	solver time=0.003113985061645508,exit status=0
	SR solver time= 0.003147602081298828
	symmetric= False
	niter= 28
	niter= 374
	solver time=0.07128071784973145,exit status=0
	RGN solver time= 0.07131719589233398
	xnorm=5.362735764552163,dnorm=0.008423478012317702
	dense amplitude time= 0.01388406753540039
	total non-zero amplitudes= 4900
	nsamples per process= 50
	sample time= 0.3715705871582031
	self.n= 0.5351162081558767
	RGN updated loss=-14.003618788051531,dloss=-1.4453596008934255e-07
step= 190

nparam= 1004
	dense amplitude time= 0.014651298522949219
	total non-zero amplitudes= 4900
	nsamples per process= 50
	sample time= 1.5832676887512207
	self.n= 0.5351162081558772
	collect g,h time= 2.8603310585021973
E=-14.00361878805153,dE=-1.445359583129857e-07,std=0
L=-14.00361878805153,dL=-1.445359583129857e-07,std=0
	gnorm= 1.0420276632894055e-05
	symmetric= True
	solver time=0.0033354759216308594,exit status=0
	SR solver time= 0.0033807754516601562
	symmetric= False
	niter= 29
	niter= 378
	solver time=0.07151651382446289,exit status=0
	RGN solver time= 0.07155275344848633
	xnorm=5.365034250981823,dnorm=0.0083364447640652
	dense amplitude time= 0.013915061950683594
	total non-zero amplitudes= 4900
	nsamples per process= 50
	sample time= 0.37123680114746094
	self.n= 0.534934470892027
	RGN updated loss=-14.003618928779826,dloss=-1.4072829657152397e-07
step= 191

nparam= 1004
	dense amplitude time= 0.041023969650268555
	total non-zero amplitudes= 4900
	nsamples per process= 50
	sample time= 1.583427906036377
	self.n= 0.534934470892027
	collect g,h time= 2.8606393337249756
E=-14.003618928779826,dE=-1.4072829657152397e-07,std=0
L=-14.003618928779826,dL=-1.4072829657152397e-07,std=0
	gnorm= 1.0088544827513632e-05
	symmetric= True
	solver time=0.0033235549926757812,exit status=0
	SR solver time= 0.0033571720123291016
	symmetric= False
	niter= 28
	niter= 374
	solver time=0.07153654098510742,exit status=0
	RGN solver time= 0.07157158851623535
	xnorm=5.367312841630582,dnorm=0.008255894656022184
	dense amplitude time= 0.01395559310913086
	total non-zero amplitudes= 4900
	nsamples per process= 50
	sample time= 0.37120556831359863
	self.n= 0.5347690396877605
	RGN updated loss=-14.00361906758997,dloss=-1.3881014382377543e-07
step= 192

nparam= 1004
	dense amplitude time= 0.025883197784423828
	total non-zero amplitudes= 4900
	nsamples per process= 50
	sample time= 1.5934569835662842
	self.n= 0.5347690396877602
	collect g,h time= 2.8629889488220215
E=-14.003619067589975,dE=-1.3881014915284595e-07,std=0
L=-14.003619067589975,dL=-1.3881014915284595e-07,std=0
	gnorm= 1.0214880254578618e-05
	symmetric= True
	solver time=0.003573179244995117,exit status=0
	SR solver time= 0.0036079883575439453
	symmetric= False
	niter= 29
	niter= 378
	solver time=0.07558965682983398,exit status=0
	RGN solver time= 0.07562398910522461
	xnorm=5.369559311461239,dnorm=0.008171473601366724
	dense amplitude time= 0.013951301574707031
	total non-zero amplitudes= 4900
	nsamples per process= 50
	sample time= 0.37412595748901367
	self.n= 0.5345956432311589
	RGN updated loss=-14.003619203215274,dloss=-1.3562529943556e-07
step= 193

nparam= 1004
	dense amplitude time= 0.014980554580688477
	total non-zero amplitudes= 4900
	nsamples per process= 50
	sample time= 1.6068432331085205
	self.n= 0.5345956432311594
	collect g,h time= 2.8582212924957275
E=-14.00361920321527,dE=-1.3562529588284633e-07,std=0
L=-14.00361920321527,dL=-1.3562529588284633e-07,std=0
	gnorm= 1.0886870192561418e-05
	symmetric= True
	solver time=0.003353118896484375,exit status=0
	SR solver time= 0.003389120101928711
	symmetric= False
	niter= 30
	niter= 377
	solver time=0.07153034210205078,exit status=0
	RGN solver time= 0.07156610488891602
	xnorm=5.371786849121964,dnorm=0.008091428451278861
	dense amplitude time= 0.013883113861083984
	total non-zero amplitudes= 4900
	nsamples per process= 50
	sample time= 0.37082791328430176
	self.n= 0.5344392829140615
	RGN updated loss=-14.003619335976289,dloss=-1.327610181789396e-07
step= 194

nparam= 1004
	dense amplitude time= 0.02822113037109375
	total non-zero amplitudes= 4900
	nsamples per process= 50
	sample time= 1.6016685962677002
	self.n= 0.5344392829140614
	collect g,h time= 2.876011848449707
E=-14.003619335976289,dE=-1.327610181789396e-07,std=0
L=-14.003619335976289,dL=-1.327610181789396e-07,std=0
	gnorm= 1.0842565810040016e-05
	symmetric= True
	solver time=0.006605863571166992,exit status=0
	SR solver time= 0.006644487380981445
	symmetric= False
	niter= 30
	niter= 378
	solver time=0.0759279727935791,exit status=0
	RGN solver time= 0.07597017288208008
	xnorm=5.373998636669619,dnorm=0.008013194238673148
	dense amplitude time= 0.017035245895385742
	total non-zero amplitudes= 4900
	nsamples per process= 50
	sample time= 0.37574005126953125
	self.n= 0.5342715710005159
	RGN updated loss=-14.003619466395376,dloss=-1.304190870854427e-07
step= 195

nparam= 1004
	dense amplitude time= 0.0236968994140625
	total non-zero amplitudes= 4900
	nsamples per process= 50
	sample time= 1.5925986766815186
	self.n= 0.5342715710005154
	collect g,h time= 2.856710910797119
E=-14.00361946639538,dE=-1.3041909063815638e-07,std=0
L=-14.00361946639538,dL=-1.3041909063815638e-07,std=0
	gnorm= 1.0672875126847403e-05
	symmetric= True
	solver time=0.0034875869750976562,exit status=0
	SR solver time= 0.003520965576171875
	symmetric= False
	niter= 30
	niter= 377
	solver time=0.07145214080810547,exit status=0
	RGN solver time= 0.07148981094360352
	xnorm=5.376172941172771,dnorm=0.007935033191928693
	dense amplitude time= 0.015663862228393555
	total non-zero amplitudes= 4900
	nsamples per process= 50
	sample time= 0.37079954147338867
	self.n= 0.5341228057122509
	RGN updated loss=-14.003619593797989,dloss=-1.274026093511793e-07
step= 196

nparam= 1004
	dense amplitude time= 0.014012813568115234
	total non-zero amplitudes= 4900
	nsamples per process= 50
	sample time= 1.6214406490325928
	self.n= 0.5341228057122513
	collect g,h time= 2.8704347610473633
E=-14.003619593797989,dE=-1.274026093511793e-07,std=0
L=-14.003619593797989,dL=-1.274026093511793e-07,std=0
	gnorm= 1.280834405476877e-05
	symmetric= True
	solver time=0.0038721561431884766,exit status=0
	SR solver time= 0.00390934944152832
	symmetric= False
	niter= 34
	niter= 376
	solver time=0.07348036766052246,exit status=0
	RGN solver time= 0.07351994514465332
	xnorm=5.37833318981344,dnorm=0.007861813007981324
	dense amplitude time= 0.014085769653320312
	total non-zero amplitudes= 4900
	nsamples per process= 50
	sample time= 0.3760380744934082
	self.n= 0.533963511657233
	RGN updated loss=-14.003619719431263,dloss=-1.256332744503652e-07
step= 197

nparam= 1004
	dense amplitude time= 0.01486349105834961
	total non-zero amplitudes= 4900
	nsamples per process= 50
	sample time= 1.6151647567749023
	self.n= 0.5339635116572321
	collect g,h time= 2.868722915649414
E=-14.003619719431267,dE=-1.2563327800307889e-07,std=0
L=-14.003619719431267,dL=-1.2563327800307889e-07,std=0
	gnorm= 1.2813051363827377e-05
	symmetric= True
	niter= 34
	solver time=0.004021406173706055,exit status=0
	SR solver time= 0.004059553146362305
	symmetric= False
	niter= 374
	solver time=0.07168912887573242,exit status=0
	RGN solver time= 0.07172441482543945
	xnorm=5.3804548281442,dnorm=0.007789595953274568
	dense amplitude time= 0.014024019241333008
	total non-zero amplitudes= 4900
	nsamples per process= 50
	sample time= 0.3746516704559326
	self.n= 0.5338237444384211
	RGN updated loss=-14.00361984274263,dloss=-1.2331136289844835e-07
step= 198

nparam= 1004
	dense amplitude time= 0.01668691635131836
	total non-zero amplitudes= 4900
	nsamples per process= 50
	sample time= 1.608994483947754
	self.n= 0.5338237444384216
	collect g,h time= 2.8683714866638184
E=-14.00361984274263,dE=-1.2331136289844835e-07,std=0
L=-14.00361984274263,dL=-1.2331136289844835e-07,std=0
	gnorm= 9.695221495666053e-06
	symmetric= True
	solver time=0.0033271312713623047,exit status=0
	SR solver time= 0.003362417221069336
	symmetric= False
	niter= 29
	niter= 378
	solver time=0.07327508926391602,exit status=0
	RGN solver time= 0.07331275939941406
	xnorm=5.382567179384586,dnorm=0.007712229606740989
	dense amplitude time= 0.013870954513549805
	total non-zero amplitudes= 4900
	nsamples per process= 50
	sample time= 0.37364625930786133
	self.n= 0.5336715331706567
	RGN updated loss=-14.003619963056286,dloss=-1.203136559269069e-07
step= 199

nparam= 1004
	dense amplitude time= 0.014275550842285156
	total non-zero amplitudes= 4900
	nsamples per process= 50
	sample time= 1.604325771331787
	self.n= 0.5336715331706565
	collect g,h time= 2.8684871196746826
E=-14.003619963056286,dE=-1.203136559269069e-07,std=0
L=-14.003619963056286,dL=-1.203136559269069e-07,std=0
	gnorm= 1.162077793401107e-05
	symmetric= True
	solver time=0.0036954879760742188,exit status=0
	SR solver time= 0.003731966018676758
	symmetric= False
	niter= 32
	niter= 374
	solver time=0.07239270210266113,exit status=0
	RGN solver time= 0.07243156433105469
	xnorm=5.384660415575856,dnorm=0.00764022282783768
	dense amplitude time= 0.01387643814086914
	total non-zero amplitudes= 4900
	nsamples per process= 50
	sample time= 0.3747694492340088
	self.n= 0.5335266115462803
	RGN updated loss=-14.003620081718925,dloss=-1.1866263882609474e-07
step= 200

nparam= 1004
	dense amplitude time= 0.02136683464050293
	total non-zero amplitudes= 4900
	nsamples per process= 50
	sample time= 1.5899147987365723
	self.n= 0.5335266115462804
	collect g,h time= 2.8608593940734863
E=-14.003620081718925,dE=-1.1866263882609474e-07,std=0
L=-14.003620081718925,dL=-1.1866263882609474e-07,std=0
	gnorm= 1.1635962513907968e-05
	symmetric= True
	solver time=0.003591299057006836,exit status=0
	SR solver time= 0.003625631332397461
	symmetric= False
	niter= 32
	niter= 374
	solver time=0.07147622108459473,exit status=0
	RGN solver time= 0.07151365280151367
	xnorm=5.38672545194839,dnorm=0.007567914502410436
	dense amplitude time= 0.014234304428100586
	total non-zero amplitudes= 4900
	nsamples per process= 50
	sample time= 0.37206006050109863
	self.n= 0.5333854191608896
	RGN updated loss=-14.00362019755541,dloss=-1.158364852926752e-07
step= 201

nparam= 1004
	dense amplitude time= 0.03418231010437012
	total non-zero amplitudes= 4900
	nsamples per process= 50
	sample time= 1.6018712520599365
	self.n= 0.5333854191608889
	collect g,h time= 2.8614978790283203
E=-14.003620197555414,dE=-1.1583648884538889e-07,std=0
L=-14.003620197555414,dL=-1.1583648884538889e-07,std=0
	gnorm= 1.1331420555485068e-05
	symmetric= True
	solver time=0.0035848617553710938,exit status=0
	SR solver time= 0.003623485565185547
	symmetric= False
	niter= 32
	niter= 374
	solver time=0.07322144508361816,exit status=0
	RGN solver time= 0.07326459884643555
	xnorm=5.388769262242326,dnorm=0.007498706134380279
	dense amplitude time= 0.013893842697143555
	total non-zero amplitudes= 4900
	nsamples per process= 50
	sample time= 0.381115198135376
	self.n= 0.5332470121854059
	RGN updated loss=-14.003620311855759,dloss=-1.1430034518866705e-07
step= 202

nparam= 1004
	dense amplitude time= 0.022413015365600586
	total non-zero amplitudes= 4900
	nsamples per process= 50
	sample time= 1.6031925678253174
	self.n= 0.533247012185406
	collect g,h time= 2.876786708831787
E=-14.003620311855757,dE=-1.1430034341231021e-07,std=0
L=-14.003620311855757,dL=-1.1430034341231021e-07,std=0
	gnorm= 1.1507248283236435e-05
	symmetric= True
	solver time=0.003542661666870117,exit status=0
	SR solver time= 0.003576517105102539
	symmetric= False
	niter= 32
	niter= 376
	solver time=0.07122683525085449,exit status=0
	RGN solver time= 0.07126331329345703
	xnorm=5.390787230628798,dnorm=0.007429736169037627
	dense amplitude time= 0.013896703720092773
	total non-zero amplitudes= 4900
	nsamples per process= 50
	sample time= 0.372361421585083
	self.n= 0.5331119167746909
	RGN updated loss=-14.00362042346357,dloss=-1.1160781276942089e-07
step= 203

nparam= 1004
	dense amplitude time= 0.021058082580566406
	total non-zero amplitudes= 4900
	nsamples per process= 50
	sample time= 1.5901706218719482
	self.n= 0.5331119167746899
	collect g,h time= 2.86916446685791
E=-14.00362042346357,dE=-1.1160781276942089e-07,std=0
L=-14.00362042346357,dL=-1.1160781276942089e-07,std=0
	gnorm= 1.1209795237266595e-05
	symmetric= True
	solver time=0.0035552978515625,exit status=0
	SR solver time= 0.0035920143127441406
	symmetric= False
	niter= 32
	niter= 374
	solver time=0.07103896141052246,exit status=0
	RGN solver time= 0.0710756778717041
	xnorm=5.392785728176523,dnorm=0.007362762425067228
	dense amplitude time= 0.013945579528808594
	total non-zero amplitudes= 4900
	nsamples per process= 50
	sample time= 0.3716275691986084
	self.n= 0.5329794154535088
	RGN updated loss=-14.003620533539241,dloss=-1.1007567124465822e-07
step= 204

nparam= 1004
	dense amplitude time= 0.027118206024169922
	total non-zero amplitudes= 4900
	nsamples per process= 50
	sample time= 1.585512638092041
	self.n= 0.5329794154535091
	collect g,h time= 2.8642337322235107
E=-14.003620533539241,dE=-1.1007567124465822e-07,std=0
L=-14.003620533539241,dL=-1.1007567124465822e-07,std=0
	gnorm= 1.1384418190896669e-05
	symmetric= True
	solver time=0.0036406517028808594,exit status=0
	SR solver time= 0.003677845001220703
	symmetric= False
	niter= 32
	niter= 376
	solver time=0.0714411735534668,exit status=0
	RGN solver time= 0.07147741317749023
	xnorm=5.394759677337007,dnorm=0.007293277901676527
	dense amplitude time= 0.013918876647949219
	total non-zero amplitudes= 4900
	nsamples per process= 50
	sample time= 0.37177610397338867
	self.n= 0.5328492747688813
	RGN updated loss=-14.00362064108704,dloss=-1.0754779822264027e-07
step= 205

nparam= 1004
	dense amplitude time= 0.02774333953857422
	total non-zero amplitudes= 4900
	nsamples per process= 50
	sample time= 1.6071217060089111
	self.n= 0.5328492747688812
	collect g,h time= 2.8693225383758545
E=-14.003620641087037,dE=-1.0754779644628343e-07,std=0
L=-14.003620641087037,dL=-1.0754779644628343e-07,std=0
	gnorm= 1.1094927234294143e-05
	symmetric= True
	solver time=0.003672361373901367,exit status=0
	SR solver time= 0.003709554672241211
	symmetric= False
	niter= 32
	niter= 374
	solver time=0.07260465621948242,exit status=0
	RGN solver time= 0.07264137268066406
	xnorm=5.396715180417016,dnorm=0.007228588231614583
	dense amplitude time= 0.014041900634765625
	total non-zero amplitudes= 4900
	nsamples per process= 50
	sample time= 0.3738586902618408
	self.n= 0.5327220151987255
	RGN updated loss=-14.003620747329178,dloss=-1.062421404185443e-07
step= 206

nparam= 1004
	dense amplitude time= 0.016405344009399414
	total non-zero amplitudes= 4900
	nsamples per process= 50
	sample time= 1.5985617637634277
	self.n= 0.5327220151987254
	collect g,h time= 2.865628480911255
E=-14.00362074732918,dE=-1.0624214219490113e-07,std=0
L=-14.00362074732918,dL=-1.0624214219490113e-07,std=0
	gnorm= 1.1233687087667229e-05
	symmetric= True
	solver time=0.003607034683227539,exit status=0
	SR solver time= 0.0036416053771972656
	symmetric= False
	niter= 32
	niter= 376
	solver time=0.07272052764892578,exit status=0
	RGN solver time= 0.07276272773742676
	xnorm=5.398647422395162,dnorm=0.007164292413161118
	dense amplitude time= 0.013828277587890625
	total non-zero amplitudes= 4900
	nsamples per process= 50
	sample time= 0.37287068367004395
	self.n= 0.5325979712998363
	RGN updated loss=-14.003620851046227,dloss=-1.0371704739498e-07
step= 207

nparam= 1004
	dense amplitude time= 0.026810407638549805
	total non-zero amplitudes= 4900
	nsamples per process= 50
	sample time= 1.5904765129089355
	self.n= 0.5325979712998359
	collect g,h time= 2.864173173904419
E=-14.003620851046227,dE=-1.0371704739498e-07,std=0
L=-14.003620851046227,dL=-1.0371704739498e-07,std=0
	gnorm= 1.097930951956956e-05
	symmetric= True
	solver time=0.003511190414428711,exit status=0
	SR solver time= 0.003545045852661133
	symmetric= False
	niter= 32
	niter= 374
	solver time=0.0710458755493164,exit status=0
	RGN solver time= 0.07107901573181152
	xnorm=5.400562104577245,dnorm=0.007102101333447401
	dense amplitude time= 0.014124631881713867
	total non-zero amplitudes= 4900
	nsamples per process= 50
	sample time= 0.3729536533355713
	self.n= 0.5324763979175859
	RGN updated loss=-14.003620953589817,dloss=-1.0254358961958587e-07
step= 208

nparam= 1004
	dense amplitude time= 0.025367259979248047
	total non-zero amplitudes= 4900
	nsamples per process= 50
	sample time= 1.5921995639801025
	self.n= 0.532476397917585
	collect g,h time= 2.8718879222869873
E=-14.003620953589817,dE=-1.0254358961958587e-07,std=0
L=-14.003620953589817,dL=-1.0254358961958587e-07,std=0
	gnorm= 1.11080366889559e-05
	symmetric= True
	solver time=0.003614664077758789,exit status=0
	SR solver time= 0.003648042678833008
	symmetric= False
	niter= 32
	niter= 376
	solver time=0.07152724266052246,exit status=0
	RGN solver time= 0.07156252861022949
	xnorm=5.4024540617236365,dnorm=0.007039939206551399
	dense amplitude time= 0.014123916625976562
	total non-zero amplitudes= 4900
	nsamples per process= 50
	sample time= 0.37554454803466797
	self.n= 0.5323577348749484
	RGN updated loss=-14.00362105368942,dloss=-1.0009960327295175e-07
step= 209

nparam= 1004
	dense amplitude time= 0.016757965087890625
	total non-zero amplitudes= 4900
	nsamples per process= 50
	sample time= 1.5973029136657715
	self.n= 0.5323577348749478
	collect g,h time= 2.8994369506835938
E=-14.003621053689422,dE=-1.0009960504930859e-07,std=0
L=-14.003621053689422,dL=-1.0009960504930859e-07,std=0
	gnorm= 1.087228725751024e-05
	symmetric= True
	solver time=0.003563404083251953,exit status=0
	SR solver time= 0.003602266311645508
	symmetric= False
	niter= 32
	niter= 374
	solver time=0.07080769538879395,exit status=0
	RGN solver time= 0.0708458423614502
	xnorm=5.4043291345234765,dnorm=0.006979965067062981
	dense amplitude time= 0.014008283615112305
	total non-zero amplitudes= 4900
	nsamples per process= 50
	sample time= 0.372145414352417
	self.n= 0.5322413024603481
	RGN updated loss=-14.003621152727387,dloss=-9.903796538424103e-08
step= 210

nparam= 1004
	dense amplitude time= 0.022959470748901367
	total non-zero amplitudes= 4900
	nsamples per process= 50
	sample time= 1.5890440940856934
	self.n= 0.5322413024603481
	collect g,h time= 2.877107620239258
E=-14.003621152727389,dE=-9.903796716059787e-08,std=0
L=-14.003621152727389,dL=-9.903796716059787e-08,std=0
	gnorm= 1.0988795277820595e-05
	symmetric= True
	solver time=0.003659486770629883,exit status=0
	SR solver time= 0.0036935806274414062
	symmetric= False
	niter= 33
	niter= 374
	solver time=0.07132697105407715,exit status=0
	RGN solver time= 0.0713648796081543
	xnorm=5.40618228419556,dnorm=0.006919832991594818
	dense amplitude time= 0.015410423278808594
	total non-zero amplitudes= 4900
	nsamples per process= 50
	sample time= 0.37131333351135254
	self.n= 0.5321275565936354
	RGN updated loss=-14.003621249395804,dloss=-9.666841549460514e-08
step= 211

nparam= 1004
	dense amplitude time= 0.053983449935913086
	total non-zero amplitudes= 4900
	nsamples per process= 50
	sample time= 1.5862159729003906
	self.n= 0.5321275565936348
	collect g,h time= 2.8730628490448
E=-14.003621249395804,dE=-9.666841549460514e-08,std=0
L=-14.003621249395804,dL=-9.666841549460514e-08,std=0
	gnorm= 1.077044502116877e-05
	symmetric= True
	solver time=0.0035996437072753906,exit status=0
	SR solver time= 0.003637075424194336
	symmetric= False
	niter= 32
	niter= 374
	solver time=0.07099676132202148,exit status=0
	RGN solver time= 0.07103967666625977
	xnorm=5.408019292448186,dnorm=0.006861897714968603
	dense amplitude time= 0.015007734298706055
	total non-zero amplitudes= 4900
	nsamples per process= 50
	sample time= 0.37679219245910645
	self.n= 0.5320158664942907
	RGN updated loss=-14.003621345216594,dloss=-9.582078952519169e-08
step= 212

nparam= 1004
	dense amplitude time= 0.025681257247924805
	total non-zero amplitudes= 4900
	nsamples per process= 50
	sample time= 1.6139719486236572
	self.n= 0.5320158664942907
	collect g,h time= 2.865532398223877
E=-14.003621345216592,dE=-9.582078774883485e-08,std=0
L=-14.003621345216592,dL=-9.582078774883485e-08,std=0
	gnorm= 1.0768298185805462e-05
	symmetric= True
	solver time=0.003809213638305664,exit status=0
	SR solver time= 0.0038466453552246094
	symmetric= False
	niter= 33
	niter= 374
	solver time=0.07414031028747559,exit status=0
	RGN solver time= 0.07417845726013184
	xnorm=5.409835147299808,dnorm=0.006804592884975293
	dense amplitude time= 0.014188766479492188
	total non-zero amplitudes= 4900
	nsamples per process= 50
	sample time= 0.3883352279663086
	self.n= 0.5319069599360333
	RGN updated loss=-14.003621438679346,dloss=-9.346275398058879e-08
step= 213

nparam= 1004
	dense amplitude time= 0.015397787094116211
	total non-zero amplitudes= 4900
	nsamples per process= 50
	sample time= 1.6110270023345947
	self.n= 0.5319069599360331
	collect g,h time= 2.8676905632019043
E=-14.00362143867935,dE=-9.346275753330247e-08,std=0
L=-14.00362143867935,dL=-9.346275753330247e-08,std=0
	gnorm= 1.0684089879462518e-05
	symmetric= True
	solver time=0.003618955612182617,exit status=0
	SR solver time= 0.003656148910522461
	symmetric= False
	niter= 32
	niter= 374
	solver time=0.07088208198547363,exit status=0
	RGN solver time= 0.07091999053955078
	xnorm=5.411635745635112,dnorm=0.006748642663987056
	dense amplitude time= 0.013841867446899414
	total non-zero amplitudes= 4900
	nsamples per process= 50
	sample time= 0.3778982162475586
	self.n= 0.5317999744626716
	RGN updated loss=-14.003621531243844,dloss=-9.256449473582506e-08
step= 214

nparam= 1004
	dense amplitude time= 0.0143890380859375
	total non-zero amplitudes= 4900
	nsamples per process= 50
	sample time= 1.636080026626587
	self.n= 0.5317999744626714
	collect g,h time= 2.881525993347168
E=-14.00362153124385,dE=-9.256450006489558e-08,std=0
L=-14.00362153124385,dL=-9.256450006489558e-08,std=0
	gnorm= 1.0771926613402428e-05
	symmetric= True
	solver time=0.003673553466796875,exit status=0
	SR solver time= 0.0037107467651367188
	symmetric= False
	niter= 33
	niter= 374
	solver time=0.07171416282653809,exit status=0
	RGN solver time= 0.07175159454345703
	xnorm=5.413415953402386,dnorm=0.006692243749998558
	dense amplitude time= 0.013880252838134766
	total non-zero amplitudes= 4900
	nsamples per process= 50
	sample time= 0.3780210018157959
	self.n= 0.5316952631628035
	RGN updated loss=-14.003621621580296,dloss=-9.033644587930212e-08
step= 215

nparam= 1004
	dense amplitude time= 0.014698982238769531
	total non-zero amplitudes= 4900
	nsamples per process= 50
	sample time= 1.595395565032959
	self.n= 0.5316952631628026
	collect g,h time= 2.8647663593292236
E=-14.003621621580296,dE=-9.033644587930212e-08,std=0
L=-14.003621621580296,dL=-9.033644587930212e-08,std=0
	gnorm= 1.0584504555636218e-05
	symmetric= True
	solver time=0.00354766845703125,exit status=0
	SR solver time= 0.0035848617553710938
	symmetric= False
	niter= 32
	niter= 374
	solver time=0.07220315933227539,exit status=0
	RGN solver time= 0.07224035263061523
	xnorm=5.415181430677506,dnorm=0.006638248650980117
	dense amplitude time= 0.01433873176574707
	total non-zero amplitudes= 4900
	nsamples per process= 50
	sample time= 0.3890390396118164
	self.n= 0.5315922938789128
	RGN updated loss=-14.003621711133228,dloss=-8.95529321809363e-08
step= 216

nparam= 1004
	dense amplitude time= 0.021668195724487305
	total non-zero amplitudes= 4900
	nsamples per process= 50
	sample time= 1.6198444366455078
	self.n= 0.531592293878913
	collect g,h time= 2.941643238067627
E=-14.003621711133224,dE=-8.955292862822262e-08,std=0
L=-14.003621711133224,dL=-8.955292862822262e-08,std=0
	gnorm= 1.0670976556213559e-05
	symmetric= True
	solver time=0.003660917282104492,exit status=0
	SR solver time= 0.003695964813232422
	symmetric= False
	niter= 33
	niter= 374
	solver time=0.1777939796447754,exit status=0
	RGN solver time= 0.17783355712890625
	xnorm=5.41692724705977,dnorm=0.006583637879852784
	dense amplitude time= 0.013883113861083984
	total non-zero amplitudes= 4900
	nsamples per process= 50
	sample time= 0.3747851848602295
	self.n= 0.5314915170969617
	RGN updated loss=-14.00362179889693,dloss=-8.776370563623459e-08
step= 217

nparam= 1004
	dense amplitude time= 0.04235553741455078
	total non-zero amplitudes= 4900
	nsamples per process= 50
	sample time= 1.6320257186889648
	self.n= 0.5314915170969616
	collect g,h time= 2.976508378982544
E=-14.00362179889693,dE=-8.776370563623459e-08,std=0
L=-14.00362179889693,dL=-8.776370563623459e-08,std=0
	gnorm= 1.2454536179753884e-05
	symmetric= True
	solver time=0.0038175582885742188,exit status=0
	SR solver time= 0.0038521289825439453
	symmetric= False
	niter= 35
	niter= 374
	solver time=0.07097506523132324,exit status=0
	RGN solver time= 0.07101082801818848
	xnorm=5.418658959115036,dnorm=0.006530632044350633
	dense amplitude time= 0.01642012596130371
	total non-zero amplitudes= 4900
	nsamples per process= 50
	sample time= 0.3789334297180176
	self.n= 0.5313987622331859
	RGN updated loss=-14.00362188502709,dloss=-8.613016078129476e-08
step= 218

nparam= 1004
	dense amplitude time= 0.026470661163330078
	total non-zero amplitudes= 4900
	nsamples per process= 50
	sample time= 1.5932929515838623
	self.n= 0.5313987622331857
	collect g,h time= 2.8715078830718994
E=-14.003621885027089,dE=-8.613015900493792e-08,std=0
L=-14.003621885027089,dL=-8.613015900493792e-08,std=0
	gnorm= 1.2034173853677879e-05
	symmetric= True
	solver time=0.004033327102661133,exit status=0
	SR solver time= 0.0040705204010009766
	symmetric= False
	niter= 34
	niter= 374
	solver time=0.08131623268127441,exit status=0
	RGN solver time= 0.08135414123535156
	xnorm=5.420373315123241,dnorm=0.006479740497627716
	dense amplitude time= 0.013983011245727539
	total non-zero amplitudes= 4900
	nsamples per process= 50
	sample time= 0.37804508209228516
	self.n= 0.5312986493878149
	RGN updated loss=-14.003621970091123,dloss=-8.506403403885088e-08
step= 219

nparam= 1004
	dense amplitude time= 0.01623821258544922
	total non-zero amplitudes= 4900
	nsamples per process= 50
	sample time= 1.6195001602172852
	self.n= 0.5312986493878147
	collect g,h time= 2.8706254959106445
E=-14.003621970091123,dE=-8.506403403885088e-08,std=0
L=-14.003621970091123,dL=-8.506403403885088e-08,std=0
	gnorm= 1.2278677319236574e-05
	symmetric= True
	solver time=0.0037415027618408203,exit status=0
	SR solver time= 0.0037784576416015625
	symmetric= False
	niter= 34
	niter= 374
	solver time=0.07138586044311523,exit status=0
	RGN solver time= 0.07142233848571777
	xnorm=5.422069684405291,dnorm=0.006426415097958016
	dense amplitude time= 0.014041662216186523
	total non-zero amplitudes= 4900
	nsamples per process= 50
	sample time= 0.3756701946258545
	self.n= 0.5312083101053988
	RGN updated loss=-14.00362205350631,dloss=-8.341518764609646e-08
step= 220

nparam= 1004
	dense amplitude time= 0.015022516250610352
	total non-zero amplitudes= 4900
	nsamples per process= 50
	sample time= 1.6133081912994385
	self.n= 0.531208310105399
	collect g,h time= 2.8793368339538574
E=-14.00362205350631,dE=-8.341518764609646e-08,std=0
L=-14.00362205350631,dL=-8.341518764609646e-08,std=0
	gnorm= 1.1956282848601353e-05
	symmetric= True
	solver time=0.003849029541015625,exit status=0
	SR solver time= 0.0038869380950927734
	symmetric= False
	niter= 35
	niter= 374
	solver time=0.07106852531433105,exit status=0
	RGN solver time= 0.07110452651977539
	xnorm=5.423751434684096,dnorm=0.0063785923490460575
	dense amplitude time= 0.013846874237060547
	total non-zero amplitudes= 4900
	nsamples per process= 50
	sample time= 0.3760490417480469
	self.n= 0.5311111707911234
	RGN updated loss=-14.003622135884717,dloss=-8.237840631863946e-08
step= 221

nparam= 1004
	dense amplitude time= 0.040843963623046875
	total non-zero amplitudes= 4900
	nsamples per process= 50
	sample time= 1.6004068851470947
	self.n= 0.5311111707911237
	collect g,h time= 2.8622944355010986
E=-14.003622135884715,dE=-8.237840454228262e-08,std=0
L=-14.003622135884715,dL=-8.237840454228262e-08,std=0
	gnorm= 1.2212239036122987e-05
	symmetric= True
	solver time=0.00395512580871582,exit status=0
	SR solver time= 0.003991603851318359
	symmetric= False
	niter= 34
	niter= 374
	solver time=0.07419490814208984,exit status=0
	RGN solver time= 0.0742330551147461
	xnorm=5.425416266636947,dnorm=0.0063264126779342756
	dense amplitude time= 0.013913631439208984
	total non-zero amplitudes= 4900
	nsamples per process= 50
	sample time= 0.37784600257873535
	self.n= 0.53102399495385
	RGN updated loss=-14.003622216747978,dloss=-8.086326275247302e-08
step= 222

nparam= 1004
	dense amplitude time= 0.02416062355041504
	total non-zero amplitudes= 4900
	nsamples per process= 50
	sample time= 1.6289916038513184
	self.n= 0.5310239949538501
	collect g,h time= 3.168067693710327
E=-14.00362221674798,dE=-8.086326452882986e-08,std=0
L=-14.00362221674798,dL=-8.086326452882986e-08,std=0
	gnorm= 1.1884449995025263e-05
	symmetric= True
	solver time=0.004096269607543945,exit status=0
	SR solver time= 0.004160165786743164
	symmetric= False
	niter= 35
	niter= 374
	solver time=0.0776968002319336,exit status=0
	RGN solver time= 0.07773399353027344
	xnorm=5.427067311937978,dnorm=0.0062805346915262
	dense amplitude time= 0.01587080955505371
	total non-zero amplitudes= 4900
	nsamples per process= 50
	sample time= 0.37496328353881836
	self.n= 0.5309299745418299
	RGN updated loss=-14.003622296553495,dloss=-7.980551508524059e-08
step= 223

nparam= 1004
	dense amplitude time= 0.017561912536621094
	total non-zero amplitudes= 4900
	nsamples per process= 50
	sample time= 1.6039283275604248
	self.n= 0.5309299745418299
	collect g,h time= 2.8794336318969727
E=-14.003622296553496,dE=-7.980551686159743e-08,std=0
L=-14.003622296553496,dL=-7.980551686159743e-08,std=0
	gnorm= 1.214902618817895e-05
	symmetric= True
	solver time=0.0039293766021728516,exit status=0
	SR solver time= 0.003966569900512695
	symmetric= False
	niter= 35
	niter= 374
	solver time=0.07288241386413574,exit status=0
	RGN solver time= 0.07291793823242188
	xnorm=5.428702048621197,dnorm=0.00622988215449581
	dense amplitude time= 0.013928890228271484
	total non-zero amplitudes= 4900
	nsamples per process= 50
	sample time= 0.3805971145629883
	self.n= 0.5308459301679189
	RGN updated loss=-14.003622375666541,dloss=-7.911304500396454e-08
step= 224

nparam= 1004
	dense amplitude time= 0.024109363555908203
	total non-zero amplitudes= 4900
	nsamples per process= 50
	sample time= 1.6042420864105225
	self.n= 0.5308459301679191
	collect g,h time= 2.8660290241241455
E=-14.00362237566654,dE=-7.91130432276077e-08,std=0
L=-14.00362237566654,dL=-7.91130432276077e-08,std=0
	gnorm= 1.9232849410547285e-05
	symmetric= True
	solver time=0.004508495330810547,exit status=0
	SR solver time= 0.0045430660247802734
	symmetric= False
	niter= 41
	niter= 360
	solver time=0.07042717933654785,exit status=0
	RGN solver time= 0.0704641342163086
	xnorm=5.430323662319913,dnorm=0.0062008041374883695
	dense amplitude time= 0.014226198196411133
	total non-zero amplitudes= 4900
	nsamples per process= 50
	sample time= 0.3886148929595947
	self.n= 0.5307593661610952
	RGN updated loss=-14.00362244987788,dloss=-7.421134107232774e-08
step= 225

nparam= 1004
	dense amplitude time= 0.014678478240966797
	total non-zero amplitudes= 4900
	nsamples per process= 50
	sample time= 1.6666085720062256
	self.n= 0.5307593661610948
	collect g,h time= 2.875058889389038
E=-14.00362244987788,dE=-7.421134107232774e-08,std=0
L=-14.00362244987788,dL=-7.421134107232774e-08,std=0
	gnorm= 1.8278175449332563e-05
	symmetric= True
	solver time=0.004492759704589844,exit status=0
	SR solver time= 0.004528999328613281
	symmetric= False
	niter= 41
	niter= 355
	solver time=0.0674140453338623,exit status=0
	RGN solver time= 0.06744956970214844
	xnorm=5.431926297263473,dnorm=0.006151530357548189
	dense amplitude time= 0.013917684555053711
	total non-zero amplitudes= 4900
	nsamples per process= 50
	sample time= 0.374359130859375
	self.n= 0.5306758563373637
	RGN updated loss=-14.00362252924916,dloss=-7.937127932677868e-08
step= 226

nparam= 1004
	dense amplitude time= 0.015095710754394531
	total non-zero amplitudes= 4900
	nsamples per process= 50
	sample time= 1.5970854759216309
	self.n= 0.5306758563373637
	collect g,h time= 2.8910887241363525
E=-14.003622529249162,dE=-7.937128110313552e-08,std=0
L=-14.003622529249162,dL=-7.937128110313552e-08,std=0
	gnorm= 1.8152067648767442e-05
	symmetric= True
	solver time=0.004544496536254883,exit status=0
	SR solver time= 0.004584074020385742
	symmetric= False
	niter= 41
	niter= 360
	solver time=0.06973028182983398,exit status=0
	RGN solver time= 0.06976485252380371
	xnorm=5.433516262285502,dnorm=0.006097675740752469
	dense amplitude time= 0.014113426208496094
	total non-zero amplitudes= 4900
	nsamples per process= 50
	sample time= 0.39097070693969727
	self.n= 0.5305966389699531
	RGN updated loss=-14.003622600020515,dloss=-7.077135322219874e-08
step= 227

nparam= 1004
	dense amplitude time= 0.017560958862304688
	total non-zero amplitudes= 4900
	nsamples per process= 50
	sample time= 1.6133148670196533
	self.n= 0.5305966389699535
	collect g,h time= 2.864969491958618
E=-14.003622600020513,dE=-7.07713514458419e-08,std=0
L=-14.003622600020513,dL=-7.07713514458419e-08,std=0
	gnorm= 1.7707206317222924e-05
	symmetric= True
	solver time=0.00444793701171875,exit status=0
	SR solver time= 0.004487037658691406
	symmetric= False
	niter= 41
	niter= 366
	solver time=0.06989622116088867,exit status=0
	RGN solver time= 0.0699305534362793
	xnorm=5.43509115008658,dnorm=0.0060691425296545715
	dense amplitude time= 0.013874053955078125
	total non-zero amplitudes= 4900
	nsamples per process= 50
	sample time= 0.37763547897338867
	self.n= 0.5305056039001748
	RGN updated loss=-14.003622677763454,dloss=-7.774294097373513e-08
step= 228

nparam= 1004
	dense amplitude time= 0.013769865036010742
	total non-zero amplitudes= 4900
	nsamples per process= 50
	sample time= 1.6769859790802002
	self.n= 0.5305056039001745
	collect g,h time= 2.891212224960327
E=-14.003622677763456,dE=-7.774294275009197e-08,std=0
L=-14.003622677763456,dL=-7.774294275009197e-08,std=0
	gnorm= 1.8929546783605746e-05
	symmetric= True
	solver time=0.0045168399810791016,exit status=0
	SR solver time= 0.004551410675048828
	symmetric= False
	niter= 42
	niter= 355
	solver time=0.06711483001708984,exit status=0
	RGN solver time= 0.06715059280395508
	xnorm=5.4366474948479695,dnorm=0.006008212856393635
	dense amplitude time= 0.013882160186767578
	total non-zero amplitudes= 4900
	nsamples per process= 50
	sample time= 0.37514615058898926
	self.n= 0.5304311272549411
	RGN updated loss=-14.003622747134674,dloss=-6.937121810324243e-08
step= 229

nparam= 1004
	dense amplitude time= 0.014222145080566406
	total non-zero amplitudes= 4900
	nsamples per process= 50
	sample time= 1.5970582962036133
	self.n= 0.5304311272549416
	collect g,h time= 2.868957281112671
E=-14.003622747134674,dE=-6.937121810324243e-08,std=0
L=-14.003622747134674,dL=-6.937121810324243e-08,std=0
	gnorm= 1.7010319230019936e-05
	symmetric= True
	solver time=0.004441261291503906,exit status=0
	SR solver time= 0.004479169845581055
	symmetric= False
	niter= 41
	niter= 362
	solver time=0.0684058666229248,exit status=0
	RGN solver time= 0.06843829154968262
	xnorm=5.438196772644893,dnorm=0.0059744229985514
	dense amplitude time= 0.013895273208618164
	total non-zero amplitudes= 4900
	nsamples per process= 50
	sample time= 0.37651824951171875
	self.n= 0.5303510684994311
	RGN updated loss=-14.00362282176489,dloss=-7.463021667319936e-08
step= 230

nparam= 1004
	dense amplitude time= 0.015174150466918945
	total non-zero amplitudes= 4900
	nsamples per process= 50
	sample time= 1.6495659351348877
	self.n= 0.5303510684994309
	collect g,h time= 2.881178855895996
E=-14.003622821764889,dE=-7.463021489684252e-08,std=0
L=-14.003622821764889,dL=-7.463021489684252e-08,std=0
	gnorm= 1.8077483354983005e-05
	symmetric= True
	solver time=0.004416704177856445,exit status=0
	SR solver time= 0.0044558048248291016
	symmetric= False
	niter= 41
	niter= 356
	solver time=0.06745457649230957,exit status=0
	RGN solver time= 0.06748700141906738
	xnorm=5.439726755431069,dnorm=0.005921064008576862
	dense amplitude time= 0.013888359069824219
	total non-zero amplitudes= 4900
	nsamples per process= 50
	sample time= 0.3748462200164795
	self.n= 0.530276704211375
	RGN updated loss=-14.003622889207096,dloss=-6.744220648613464e-08
step= 231

nparam= 1004
	dense amplitude time= 0.034012556076049805
	total non-zero amplitudes= 4900
	nsamples per process= 50
	sample time= 1.6434543132781982
	self.n= 0.5302767042113748
	collect g,h time= 2.8703696727752686
E=-14.003622889207096,dE=-6.744220648613464e-08,std=0
L=-14.003622889207096,dL=-6.744220648613464e-08,std=0
	gnorm= 1.699601307447253e-05
	symmetric= True
	solver time=0.004622936248779297,exit status=0
	SR solver time= 0.004662036895751953
	symmetric= False
	niter= 41
	niter= 363
	solver time=0.0728306770324707,exit status=0
	RGN solver time= 0.07286643981933594
	xnorm=5.441247432313201,dnorm=0.005890115477036304
	dense amplitude time= 0.014342308044433594
	total non-zero amplitudes= 4900
	nsamples per process= 50
	sample time= 0.38688111305236816
	self.n= 0.5301982262656699
	RGN updated loss=-14.003622962627052,dloss=-7.341995633680654e-08
step= 232

nparam= 1004
	dense amplitude time= 0.02448248863220215
	total non-zero amplitudes= 4900
	nsamples per process= 50
	sample time= 1.5976316928863525
	self.n= 0.5301982262656701
	collect g,h time= 2.870004892349243
E=-14.003622962627054,dE=-7.341995811316337e-08,std=0
L=-14.003622962627054,dL=-7.341995811316337e-08,std=0
	gnorm= 3.735368030497583e-05
	symmetric= True
	solver time=0.004655361175537109,exit status=0
	SR solver time= 0.004696846008300781
	symmetric= False
	niter= 43
	niter= 339
	solver time=0.06454753875732422,exit status=0
	RGN solver time= 0.06458187103271484
	xnorm=5.44275195585465,dnorm=0.0058631320166258535
	dense amplitude time= 0.013888835906982422
	total non-zero amplitudes= 4900
	nsamples per process= 50
	sample time= 0.37592649459838867
	self.n= 0.5301232555614466
	RGN updated loss=-14.003623024434763,dloss=-6.180770917296741e-08
step= 233

nparam= 1004
	dense amplitude time= 0.014991283416748047
	total non-zero amplitudes= 4900
	nsamples per process= 50
	sample time= 1.6359806060791016
	self.n= 0.5301232555614465
	collect g,h time= 2.883493661880493
E=-14.003623024434761,dE=-6.180770739661057e-08,std=0
L=-14.003623024434761,dL=-6.180770739661057e-08,std=0
	gnorm= 3.2468013131479195e-05
	symmetric= True
	solver time=0.004784822463989258,exit status=0
	SR solver time= 0.004818916320800781
	symmetric= False
	niter= 43
	niter= 340
	solver time=0.0652306079864502,exit status=0
	RGN solver time= 0.06526589393615723
	xnorm=5.444246557081596,dnorm=0.005825950160544789
	dense amplitude time= 0.013816118240356445
	total non-zero amplitudes= 4900
	nsamples per process= 50
	sample time= 0.37687110900878906
	self.n= 0.5300451804685489
	RGN updated loss=-14.003623097757139,dloss=-7.33223775029046e-08
step= 234

nparam= 1004
	dense amplitude time= 0.023841142654418945
	total non-zero amplitudes= 4900
	nsamples per process= 50
	sample time= 1.597728967666626
	self.n= 0.5300451804685491
	collect g,h time= 2.8829846382141113
E=-14.003623097757139,dE=-7.33223775029046e-08,std=0
L=-14.003623097757139,dL=-7.33223775029046e-08,std=0
	gnorm= 1.795569682838429e-05
	symmetric= True
	solver time=0.00460052490234375,exit status=0
	SR solver time= 0.004635810852050781
	symmetric= False
	niter= 42
	niter= 356
	solver time=0.0675513744354248,exit status=0
	RGN solver time= 0.06758713722229004
	xnorm=5.445717065777113,dnorm=0.005753536522188289
	dense amplitude time= 0.01383662223815918
	total non-zero amplitudes= 4900
	nsamples per process= 50
	sample time= 0.3784916400909424
	self.n= 0.5299783688332281
	RGN updated loss=-14.003623161335277,dloss=-6.357813830959458e-08
step= 235

nparam= 1004
	dense amplitude time= 0.015033483505249023
	total non-zero amplitudes= 4900
	nsamples per process= 50
	sample time= 1.6279988288879395
	self.n= 0.5299783688332285
	collect g,h time= 2.8776485919952393
E=-14.003623161335279,dE=-6.357814008595142e-08,std=0
L=-14.003623161335279,dL=-6.357814008595142e-08,std=0
	gnorm= 1.7035657022447697e-05
	symmetric= True
	solver time=0.004751920700073242,exit status=0
	SR solver time= 0.004791975021362305
	symmetric= False
	niter= 41
	niter= 360
	solver time=0.06990790367126465,exit status=0
	RGN solver time= 0.06995010375976562
	xnorm=5.447186353345829,dnorm=0.005730147033107528
	dense amplitude time= 0.014682531356811523
	total non-zero amplitudes= 4900
	nsamples per process= 50
	sample time= 0.380643367767334
	self.n= 0.5299062653907131
	RGN updated loss=-14.00362323061963,dloss=-6.928435070108208e-08
step= 236

nparam= 1004
	dense amplitude time= 0.018047809600830078
	total non-zero amplitudes= 4900
	nsamples per process= 50
	sample time= 1.6305296421051025
	self.n= 0.5299062653907127
	collect g,h time= 2.8762476444244385
E=-14.003623230619633,dE=-6.928435425379575e-08,std=0
L=-14.003623230619633,dL=-6.928435425379575e-08,std=0
	gnorm= 3.738385546278233e-05
	symmetric= True
	niter= 44
	solver time=0.004947185516357422,exit status=0
	SR solver time= 0.004990816116333008
	symmetric= False
	niter= 336
	solver time=0.06446290016174316,exit status=0
	RGN solver time= 0.06450748443603516
	xnorm=5.448643785242114,dnorm=0.005703571661886983
	dense amplitude time= 0.015582799911499023
	total non-zero amplitudes= 4900
	nsamples per process= 50
	sample time= 0.3762681484222412
	self.n= 0.5298366490770632
	RGN updated loss=-14.00362328911446,dloss=-5.849482676012485e-08
step= 237

nparam= 1004
	dense amplitude time= 0.023366451263427734
	total non-zero amplitudes= 4900
	nsamples per process= 50
	sample time= 1.599006175994873
	self.n= 0.5298366490770635
	collect g,h time= 2.8638336658477783
E=-14.00362328911446,dE=-5.849482676012485e-08,std=0
L=-14.00362328911446,dL=-5.849482676012485e-08,std=0
	gnorm= 3.253421838207792e-05
	symmetric= True
	solver time=0.00493931770324707,exit status=0
	SR solver time= 0.004976987838745117
	symmetric= False
	niter= 44
	niter= 339
	solver time=0.06396651268005371,exit status=0
	RGN solver time= 0.06400132179260254
	xnorm=5.45009306771529,dnorm=0.005672596844546479
	dense amplitude time= 0.013946056365966797
	total non-zero amplitudes= 4900
	nsamples per process= 50
	sample time= 0.37585902214050293
	self.n= 0.5297635021601127
	RGN updated loss=-14.003623358543653,dloss=-6.942919306140993e-08
step= 238

nparam= 1004
	dense amplitude time= 0.0149383544921875
	total non-zero amplitudes= 4900
	nsamples per process= 50
	sample time= 1.6498022079467773
	self.n= 0.5297635021601126
	collect g,h time= 2.8803534507751465
E=-14.00362335854365,dE=-6.942918950869625e-08,std=0
L=-14.00362335854365,dL=-6.942918950869625e-08,std=0
	gnorm= 1.798052544999717e-05
	symmetric= True
	solver time=0.004759311676025391,exit status=0
	SR solver time= 0.004822492599487305
	symmetric= False
	niter= 42
	niter= 353
	solver time=0.07538866996765137,exit status=0
	RGN solver time= 0.07542729377746582
	xnorm=5.45151890159959,dnorm=0.005601222053238354
	dense amplitude time= 0.01611471176147461
	total non-zero amplitudes= 4900
	nsamples per process= 50
	sample time= 0.37687110900878906
	self.n= 0.5297012052441503
	RGN updated loss=-14.003623418943265,dloss=-6.039961597537058e-08
step= 239

nparam= 1004
	dense amplitude time= 0.017811059951782227
	total non-zero amplitudes= 4900
	nsamples per process= 50
	sample time= 1.6027154922485352
	self.n= 0.5297012052441503
	collect g,h time= 2.873223066329956
E=-14.003623418943267,dE=-6.039961775172742e-08,std=0
L=-14.003623418943267,dL=-6.039961775172742e-08,std=0
	gnorm= 1.705872741685978e-05
	symmetric= True
	solver time=0.004387617111206055,exit status=0
	SR solver time= 0.004422426223754883
	symmetric= False
	niter= 41
	niter= 360
	solver time=0.06815409660339355,exit status=0
	RGN solver time= 0.06818699836730957
	xnorm=5.452944152934542,dnorm=0.005580446811830389
	dense amplitude time= 0.013876676559448242
	total non-zero amplitudes= 4900
	nsamples per process= 50
	sample time= 0.37615108489990234
	self.n= 0.5296334647531238
	RGN updated loss=-14.003623484302505,dloss=-6.535923802175603e-08
step= 240

nparam= 1004
	dense amplitude time= 0.018825531005859375
	total non-zero amplitudes= 4900
	nsamples per process= 50
	sample time= 1.595900297164917
	self.n= 0.5296334647531238
	collect g,h time= 2.8692784309387207
E=-14.003623484302503,dE=-6.535923624539919e-08,std=0
L=-14.003623484302503,dL=-6.535923624539919e-08,std=0
	gnorm= 3.749229879642979e-05
	symmetric= True
	solver time=0.00477910041809082,exit status=0
	SR solver time= 0.004815340042114258
	symmetric= False
	niter= 44
	niter= 335
	solver time=0.06297636032104492,exit status=0
	RGN solver time= 0.06301307678222656
	xnorm=5.454358145049553,dnorm=0.005556602451303196
	dense amplitude time= 0.013911008834838867
	total non-zero amplitudes= 4900
	nsamples per process= 50
	sample time= 0.37401628494262695
	self.n= 0.5295678882833814
	RGN updated loss=-14.003623539885975,dloss=-5.558347204726033e-08
step= 241

nparam= 1004
	dense amplitude time= 0.03466224670410156
	total non-zero amplitudes= 4900
	nsamples per process= 50
	sample time= 1.594590425491333
	self.n= 0.5295678882833812
	collect g,h time= 2.866788864135742
E=-14.003623539885972,dE=-5.558346849454665e-08,std=0
L=-14.003623539885972,dL=-5.558346849454665e-08,std=0
	gnorm= 3.263690219047166e-05
	symmetric= True
	solver time=0.004956245422363281,exit status=0
	SR solver time= 0.00499272346496582
	symmetric= False
	niter= 44
	niter= 336
	solver time=0.06354904174804688,exit status=0
	RGN solver time= 0.0635824203491211
	xnorm=5.455764619256401,dnorm=0.005528177918815739
	dense amplitude time= 0.0161895751953125
	total non-zero amplitudes= 4900
	nsamples per process= 50
	sample time= 0.37557148933410645
	self.n= 0.5294987584564683
	RGN updated loss=-14.003623605706153,dloss=-6.582018130529832e-08
step= 242

nparam= 1004
	dense amplitude time= 0.026508092880249023
	total non-zero amplitudes= 4900
	nsamples per process= 50
	sample time= 1.5973992347717285
	self.n= 0.5294987584564682
	collect g,h time= 2.884202241897583
E=-14.003623605706158,dE=-6.582018663436884e-08,std=0
L=-14.003623605706158,dL=-6.582018663436884e-08,std=0
	gnorm= 1.8011527276203714e-05
	symmetric= True
	solver time=0.004746437072753906,exit status=0
	SR solver time= 0.004782438278198242
	symmetric= False
	niter= 42
	niter= 352
	solver time=0.06881213188171387,exit status=0
	RGN solver time= 0.06885147094726562
	xnorm=5.457148217721871,dnorm=0.0054583099690575995
	dense amplitude time= 0.015581846237182617
	total non-zero amplitudes= 4900
	nsamples per process= 50
	sample time= 0.380084753036499
	self.n= 0.5294402606200144
	RGN updated loss=-14.003623663838518,dloss=-5.813235937068839e-08
step= 243

nparam= 1004
	dense amplitude time= 0.019277572631835938
	total non-zero amplitudes= 4900
	nsamples per process= 50
	sample time= 1.6247901916503906
	self.n= 0.529440260620014
	collect g,h time= 2.8720309734344482
E=-14.003623663838521,dE=-5.813236292340207e-08,std=0
L=-14.003623663838521,dL=-5.813236292340207e-08,std=0
	gnorm= 3.186288611503812e-05
	symmetric= True
	solver time=0.005417346954345703,exit status=0
	SR solver time= 0.005463600158691406
	symmetric= False
	niter= 45
	niter= 341
	solver time=0.07689404487609863,exit status=0
	RGN solver time= 0.0769343376159668
	xnorm=5.458531901934482,dnorm=0.0054543207208848305
	dense amplitude time= 0.016423463821411133
	total non-zero amplitudes= 4900
	nsamples per process= 50
	sample time= 0.3800013065338135
	self.n= 0.5293721281578827
	RGN updated loss=-14.00362372191833,dloss=-5.8079809406308414e-08
step= 244

nparam= 1004
	dense amplitude time= 0.013611555099487305
	total non-zero amplitudes= 4900
	nsamples per process= 50
	sample time= 1.612027883529663
	self.n= 0.5293721281578829
	collect g,h time= 2.877089738845825
E=-14.003623721918327,dE=-5.8079805853594735e-08,std=0
L=-14.003623721918327,dL=-5.8079805853594735e-08,std=0
	gnorm= 2.8621769760794794e-05
	symmetric= True
	solver time=0.004830121994018555,exit status=0
	SR solver time= 0.004868030548095703
	symmetric= False
	niter= 44
	niter= 343
	solver time=0.0652456283569336,exit status=0
	RGN solver time= 0.06527948379516602
	xnorm=5.459905576197278,dnorm=0.005401849330632521
	dense amplitude time= 0.013901948928833008
	total non-zero amplitudes= 4900
	nsamples per process= 50
	sample time= 0.37503767013549805
	self.n= 0.5293109951929191
	RGN updated loss=-14.003623780727422,dloss=-5.8809094483081026e-08
step= 245

nparam= 1004
	dense amplitude time= 0.018076419830322266
	total non-zero amplitudes= 4900
	nsamples per process= 50
	sample time= 1.6189665794372559
	self.n= 0.529310995192919
	collect g,h time= 2.8638784885406494
E=-14.003623780727423,dE=-5.8809096259437865e-08,std=0
L=-14.003623780727423,dL=-5.8809096259437865e-08,std=0
	gnorm= 1.5993631626230845e-05
	symmetric= True
	solver time=0.004473209381103516,exit status=0
	SR solver time= 0.0045108795166015625
	symmetric= False
	niter= 41
	niter= 362
	solver time=0.06847715377807617,exit status=0
	RGN solver time= 0.06851077079772949
	xnorm=5.4612584536512765,dnorm=0.005371967254080097
	dense amplitude time= 0.013879776000976562
	total non-zero amplitudes= 4900
	nsamples per process= 50
	sample time= 0.3749418258666992
	self.n= 0.5292500687227635
	RGN updated loss=-14.003623840869594,dloss=-6.014217035499314e-08
step= 246

nparam= 1004
	dense amplitude time= 0.025565624237060547
	total non-zero amplitudes= 4900
	nsamples per process= 50
	sample time= 1.5977659225463867
	self.n= 0.529250068722763
	collect g,h time= 2.8662521839141846
E=-14.003623840869592,dE=-6.01421685786363e-08,std=0
L=-14.003623840869592,dL=-6.01421685786363e-08,std=0
	gnorm= 3.71268139236347e-05
	symmetric= True
	solver time=0.004764080047607422,exit status=0
	SR solver time= 0.004804134368896484
	symmetric= False
	niter= 44
	niter= 333
	solver time=0.0626370906829834,exit status=0
	RGN solver time= 0.06267523765563965
	xnorm=5.462612106891225,dnorm=0.005348333320707235
	dense amplitude time= 0.013932466506958008
	total non-zero amplitudes= 4900
	nsamples per process= 50
	sample time= 0.37970805168151855
	self.n= 0.529190865817555
	RGN updated loss=-14.003623892344628,dloss=-5.1475035789394497e-08
step= 247

nparam= 1004
	dense amplitude time= 0.015380144119262695
	total non-zero amplitudes= 4900
	nsamples per process= 50
	sample time= 1.598539113998413
	self.n= 0.5291908658175544
	collect g,h time= 2.861109972000122
E=-14.003623892344628,dE=-5.1475035789394497e-08,std=0
L=-14.003623892344628,dL=-5.1475035789394497e-08,std=0
	gnorm= 3.2759275620735114e-05
	symmetric= True
	solver time=0.00472569465637207,exit status=0
	SR solver time= 0.004761457443237305
	symmetric= False
	niter= 44
	niter= 337
	solver time=0.06373357772827148,exit status=0
	RGN solver time= 0.06377029418945312
	xnorm=5.463959232972529,dnorm=0.005327549199674116
	dense amplitude time= 0.013947486877441406
	total non-zero amplitudes= 4900
	nsamples per process= 50
	sample time= 0.37458014488220215
	self.n= 0.5291273191447541
	RGN updated loss=-14.0036239537123,dloss=-6.136767183306802e-08
step= 248

nparam= 1004
	dense amplitude time= 0.023194074630737305
	total non-zero amplitudes= 4900
	nsamples per process= 50
	sample time= 1.5918474197387695
	self.n= 0.5291273191447547
	collect g,h time= 2.8580002784729004
E=-14.003623953712294,dE=-6.13676665039975e-08,std=0
L=-14.003623953712294,dL=-6.13676665039975e-08,std=0
	gnorm= 3.566878658442689e-05
	symmetric= True
	solver time=0.004811525344848633,exit status=0
	SR solver time= 0.004850149154663086
	symmetric= False
	niter= 44
	niter= 332
	solver time=0.06274867057800293,exit status=0
	RGN solver time= 0.06278681755065918
	xnorm=5.46528464503793,dnorm=0.005279047312137947
	dense amplitude time= 0.013865947723388672
	total non-zero amplitudes= 4900
	nsamples per process= 50
	sample time= 0.37571024894714355
	self.n= 0.5290708284241613
	RGN updated loss=-14.003624004033743,dloss=-5.03214483416059e-08
step= 249

nparam= 1004
	dense amplitude time= 0.015048503875732422
	total non-zero amplitudes= 4900
	nsamples per process= 50
	sample time= 1.5930545330047607
	self.n= 0.5290708284241615
	collect g,h time= 2.8617923259735107
E=-14.00362400403374,dE=-5.032144656524906e-08,std=0
L=-14.00362400403374,dL=-5.032144656524906e-08,std=0
	gnorm= 3.1629627660030624e-05
	symmetric= True
	solver time=0.0047299861907958984,exit status=0
	SR solver time= 0.004768848419189453
	symmetric= False
	niter= 44
	niter= 340
	solver time=0.06424713134765625,exit status=0
	RGN solver time= 0.06428122520446777
	xnorm=5.46660899718466,dnorm=0.005266319963553022
	dense amplitude time= 0.013942241668701172
	total non-zero amplitudes= 4900
	nsamples per process= 50
	sample time= 0.38010597229003906
	self.n= 0.5290106042081784
	RGN updated loss=-14.003624064957066,dloss=-6.092332505147624e-08
step= 250

nparam= 1004
	dense amplitude time= 0.026384830474853516
	total non-zero amplitudes= 4900
	nsamples per process= 50
	sample time= 1.6565990447998047
	self.n= 0.5290106042081784
	collect g,h time= 2.875593900680542
E=-14.003624064957066,dE=-6.092332505147624e-08,std=0
L=-14.003624064957066,dL=-6.092332505147624e-08,std=0
	gnorm= 3.12259289931014e-05
	symmetric= True
	solver time=0.004603147506713867,exit status=0
	SR solver time= 0.004641532897949219
	symmetric= False
	niter= 43
	niter= 328
	solver time=0.062058210372924805,exit status=0
	RGN solver time= 0.06209158897399902
	xnorm=5.467917317873081,dnorm=0.0052036105181037596
	dense amplitude time= 0.013881444931030273
	total non-zero amplitudes= 4900
	nsamples per process= 50
	sample time= 0.37614893913269043
	self.n= 0.5289518448503336
	RGN updated loss=-14.003624115666074,dloss=-5.070900854775573e-08
step= 251

nparam= 1004
	dense amplitude time= 0.034839630126953125
	total non-zero amplitudes= 4900
	nsamples per process= 50
	sample time= 1.5911118984222412
	self.n= 0.5289518448503336
	collect g,h time= 2.864234685897827
E=-14.00362411566607,dE=-5.070900499504205e-08,std=0
L=-14.00362411566607,dL=-5.070900499504205e-08,std=0
	gnorm= 2.855884617655286e-05
	symmetric= True
	solver time=0.004866123199462891,exit status=0
	SR solver time= 0.0049054622650146484
	symmetric= False
	niter= 43
	niter= 337
	solver time=0.0646817684173584,exit status=0
	RGN solver time= 0.06471467018127441
	xnorm=5.469227698062771,dnorm=0.005182625845778389
	dense amplitude time= 0.014029264450073242
	total non-zero amplitudes= 4900
	nsamples per process= 50
	sample time= 0.3808269500732422
	self.n= 0.5288953832639061
	RGN updated loss=-14.00362417285755,dloss=-5.719147999627694e-08
step= 252

nparam= 1004
	dense amplitude time= 0.017516613006591797
	total non-zero amplitudes= 4900
	nsamples per process= 50
	sample time= 1.6108157634735107
	self.n= 0.5288953832639057
	collect g,h time= 2.8619978427886963
E=-14.003624172857553,dE=-5.719148177263378e-08,std=0
L=-14.003624172857553,dL=-5.719148177263378e-08,std=0
	gnorm= 3.1743685407875744e-05
	symmetric= True
	solver time=0.004648685455322266,exit status=0
	SR solver time= 0.004683494567871094
	symmetric= False
	niter= 43
	niter= 326
	solver time=0.06063389778137207,exit status=0
	RGN solver time= 0.060668230056762695
	xnorm=5.470519987721299,dnorm=0.005142497046655797
	dense amplitude time= 0.013882637023925781
	total non-zero amplitudes= 4900
	nsamples per process= 50
	sample time= 0.37496185302734375
	self.n= 0.5288399092145877
	RGN updated loss=-14.003624222366561,dloss=-4.9509008448467284e-08
step= 253

nparam= 1004
	dense amplitude time= 0.015188217163085938
	total non-zero amplitudes= 4900
	nsamples per process= 50
	sample time= 1.5965447425842285
	self.n= 0.5288399092145877
	collect g,h time= 2.8702845573425293
E=-14.003624222366557,dE=-4.9509004895753606e-08,std=0
L=-14.003624222366557,dL=-4.9509004895753606e-08,std=0
	gnorm= 2.8566108040840587e-05
	symmetric= True
	solver time=0.004697561264038086,exit status=0
	SR solver time= 0.004732608795166016
	symmetric= False
	niter= 42
	niter= 336
	solver time=0.06457686424255371,exit status=0
	RGN solver time= 0.06461334228515625
	xnorm=5.4718164465494485,dnorm=0.005121888522797841
	dense amplitude time= 0.013993978500366211
	total non-zero amplitudes= 4900
	nsamples per process= 50
	sample time= 0.38044095039367676
	self.n= 0.5287853823517548
	RGN updated loss=-14.003624278265265,dloss=-5.5898707884693977e-08
step= 254

nparam= 1004
	dense amplitude time= 0.015244722366333008
	total non-zero amplitudes= 4900
	nsamples per process= 50
	sample time= 1.6279311180114746
	self.n= 0.5287853823517543
	collect g,h time= 2.868004083633423
E=-14.003624278265262,dE=-5.58987043319803e-08,std=0
L=-14.003624278265262,dL=-5.58987043319803e-08,std=0
	gnorm= 3.180817132276357e-05
	symmetric= True
	solver time=0.005014657974243164,exit status=0
	SR solver time= 0.005079984664916992
	symmetric= False
	niter= 43
	niter= 326
	solver time=0.06434273719787598,exit status=0
	RGN solver time= 0.06437921524047852
	xnorm=5.473093617533563,dnorm=0.005082943222872171
	dense amplitude time= 0.015758991241455078
	total non-zero amplitudes= 4900
	nsamples per process= 50
	sample time= 0.38146209716796875
	self.n= 0.5287311797405388
	RGN updated loss=-14.003624326550897,dloss=-4.828563504588601e-08
step= 255

nparam= 1004
	dense amplitude time= 0.022242069244384766
	total non-zero amplitudes= 4900
	nsamples per process= 50
	sample time= 1.629323959350586
	self.n= 0.5287311797405383
	collect g,h time= 2.8777382373809814
E=-14.003624326550897,dE=-4.828563504588601e-08,std=0
L=-14.003624326550897,dL=-4.828563504588601e-08,std=0
	gnorm= 2.8590169208015376e-05
	symmetric= True
	solver time=0.004776477813720703,exit status=0
	SR solver time= 0.004812955856323242
	symmetric= False
	niter= 42
	niter= 335
	solver time=0.06518292427062988,exit status=0
	RGN solver time= 0.06522154808044434
	xnorm=5.474374430427977,dnorm=0.005063450685470458
	dense amplitude time= 0.014049768447875977
	total non-zero amplitudes= 4900
	nsamples per process= 50
	sample time= 0.37806105613708496
	self.n= 0.528677683846222
	RGN updated loss=-14.003624381558916,dloss=-5.500801947277978e-08
step= 256

nparam= 1004
	dense amplitude time= 0.01516413688659668
	total non-zero amplitudes= 4900
	nsamples per process= 50
	sample time= 1.6255121231079102
	self.n= 0.5286776838462215
	collect g,h time= 2.8705077171325684
E=-14.003624381558915,dE=-5.500801769642294e-08,std=0
L=-14.003624381558915,dL=-5.500801769642294e-08,std=0
	gnorm= 3.0343222254410935e-05
	symmetric= True
	solver time=0.004800319671630859,exit status=0
	SR solver time= 0.004838705062866211
	symmetric= False
	niter= 43
	niter= 329
	solver time=0.06439900398254395,exit status=0
	RGN solver time= 0.06443428993225098
	xnorm=5.475635751523633,dnorm=0.005031481042427171
	dense amplitude time= 0.013967514038085938
	total non-zero amplitudes= 4900
	nsamples per process= 50
	sample time= 0.37758398056030273
	self.n= 0.5286329497986442
	RGN updated loss=-14.003624429189996,dloss=-4.763108130134697e-08
step= 257

nparam= 1004
	dense amplitude time= 0.014024496078491211
	total non-zero amplitudes= 4900
	nsamples per process= 50
	sample time= 1.6180853843688965
	self.n= 0.528632949798644
	collect g,h time= 2.874907970428467
E=-14.003624429189994,dE=-4.763107952499013e-08,std=0
L=-14.003624429189994,dL=-4.763107952499013e-08,std=0
	gnorm= 2.8819524688889887e-05
	symmetric= True
	solver time=0.004819154739379883,exit status=0
	SR solver time= 0.004858493804931641
	symmetric= False
	niter= 43
	niter= 334
	solver time=0.06344747543334961,exit status=0
	RGN solver time= 0.06348085403442383
	xnorm=5.476894822820907,dnorm=0.005011182939907141
	dense amplitude time= 0.013879060745239258
	total non-zero amplitudes= 4900
	nsamples per process= 50
	sample time= 0.3756289482116699
	self.n= 0.5285850106722018
	RGN updated loss=-14.003624482479259,dloss=-5.328926455661076e-08
step= 258

nparam= 1004
	dense amplitude time= 0.02577662467956543
	total non-zero amplitudes= 4900
	nsamples per process= 50
	sample time= 1.5967555046081543
	self.n= 0.5285850106722014
	collect g,h time= 2.879807949066162
E=-14.003624482479264,dE=-5.328926988568128e-08,std=0
L=-14.003624482479264,dL=-5.328926988568128e-08,std=0
	gnorm= 3.2082988536333014e-05
	symmetric= True
	solver time=0.004933834075927734,exit status=0
	SR solver time= 0.004972934722900391
	symmetric= False
	niter= 43
	niter= 323
	solver time=0.06425094604492188,exit status=0
	RGN solver time= 0.0642845630645752
	xnorm=5.478135552859709,dnorm=0.004972438538499613
	dense amplitude time= 0.014191865921020508
	total non-zero amplitudes= 4900
	nsamples per process= 50
	sample time= 0.37673163414001465
	self.n= 0.5285361324383121
	RGN updated loss=-14.003624529258392,dloss=-4.677912812667273e-08
step= 259

nparam= 1004
	dense amplitude time= 0.014724493026733398
	total non-zero amplitudes= 4900
	nsamples per process= 50
	sample time= 1.6386396884918213
	self.n= 0.528536132438312
	collect g,h time= 2.875201463699341
E=-14.003624529258392,dE=-4.677912812667273e-08,std=0
L=-14.003624529258392,dL=-4.677912812667273e-08,std=0
	gnorm= 2.9222345483089618e-05
	symmetric= True
	solver time=0.00502467155456543,exit status=0
	SR solver time= 0.005065441131591797
	symmetric= False
	niter= 43
	niter= 333
	solver time=0.06606745719909668,exit status=0
	RGN solver time= 0.0661003589630127
	xnorm=5.479381161860124,dnorm=0.004960151866273887
	dense amplitude time= 0.015293598175048828
	total non-zero amplitudes= 4900
	nsamples per process= 50
	sample time= 0.3818378448486328
	self.n= 0.5284868912244737
	RGN updated loss=-14.00362458143298,dloss=-5.217458820538923e-08
step= 260

nparam= 1004
	dense amplitude time= 0.025112152099609375
	total non-zero amplitudes= 4900
	nsamples per process= 50
	sample time= 1.6046574115753174
	self.n= 0.5284868912244738
	collect g,h time= 2.8634064197540283
E=-14.00362458143298,dE=-5.217458820538923e-08,std=0
L=-14.00362458143298,dL=-5.217458820538923e-08,std=0
	gnorm= 3.208219007252634e-05
	symmetric= True
	solver time=0.004796504974365234,exit status=0
	SR solver time= 0.004832744598388672
	symmetric= False
	niter= 44
	niter= 323
	solver time=0.06145119667053223,exit status=0
	RGN solver time= 0.06148266792297363
	xnorm=5.480610040898432,dnorm=0.004921560255710958
	dense amplitude time= 0.013921976089477539
	total non-zero amplitudes= 4900
	nsamples per process= 50
	sample time= 0.3756120204925537
	self.n= 0.5284371948726063
	RGN updated loss=-14.003624626854698,dloss=-4.542171794241767e-08
step= 261

nparam= 1004
	dense amplitude time= 0.03394913673400879
	total non-zero amplitudes= 4900
	nsamples per process= 50
	sample time= 1.6012773513793945
	self.n= 0.5284371948726057
	collect g,h time= 2.864765167236328
E=-14.0036246268547,dE=-4.542171971877451e-08,std=0
L=-14.0036246268547,dL=-4.542171971877451e-08,std=0
	gnorm= 2.8833578597510578e-05
	symmetric= True
	solver time=0.004853725433349609,exit status=0
	SR solver time= 0.004889488220214844
	symmetric= False
	niter= 43
	niter= 332
	solver time=0.0628662109375,exit status=0
	RGN solver time= 0.06289887428283691
	xnorm=5.481843701546461,dnorm=0.004904892966822347
	dense amplitude time= 0.015961170196533203
	total non-zero amplitudes= 4900
	nsamples per process= 50
	sample time= 0.3763439655303955
	self.n= 0.5283883331150863
	RGN updated loss=-14.003624677853455,dloss=-5.099875544090082e-08
step= 262

nparam= 1004
	dense amplitude time= 0.024721384048461914
	total non-zero amplitudes= 4900
	nsamples per process= 50
	sample time= 1.59926438331604
	self.n= 0.5283883331150865
	collect g,h time= 2.870460033416748
E=-14.00362467785345,dE=-5.0998750111830304e-08,std=0
L=-14.00362467785345,dL=-5.0998750111830304e-08,std=0
	gnorm= 3.2136557486210555e-05
	symmetric= True
	solver time=0.004790306091308594,exit status=0
	SR solver time= 0.0048313140869140625
	symmetric= False
	niter= 43
	niter= 322
	solver time=0.06251955032348633,exit status=0
	RGN solver time= 0.06255459785461426
	xnorm=5.48305801062483,dnorm=0.004868385167272956
	dense amplitude time= 0.013892650604248047
	total non-zero amplitudes= 4900
	nsamples per process= 50
	sample time= 0.37621617317199707
	self.n= 0.5283394027483349
	RGN updated loss=-14.003624722269318,dloss=-4.4415868316605156e-08
step= 263

nparam= 1004
	dense amplitude time= 0.014201879501342773
	total non-zero amplitudes= 4900
	nsamples per process= 50
	sample time= 1.6099491119384766
	self.n= 0.5283394027483345
	collect g,h time= 2.8754069805145264
E=-14.003624722269318,dE=-4.4415868316605156e-08,std=0
L=-14.003624722269318,dL=-4.4415868316605156e-08,std=0
	gnorm= 2.8866166956514007e-05
	symmetric= True
	solver time=0.0047342777252197266,exit status=0
	SR solver time= 0.004772663116455078
	symmetric= False
	niter= 43
	niter= 330
	solver time=0.06315898895263672,exit status=0
	RGN solver time= 0.06318974494934082
	xnorm=5.484276659715598,dnorm=0.004852749558323704
	dense amplitude time= 0.013798236846923828
	total non-zero amplitudes= 4900
	nsamples per process= 50
	sample time= 0.3758811950683594
	self.n= 0.5282914807043798
	RGN updated loss=-14.003624772164914,dloss=-4.989559521106912e-08
step= 264

nparam= 1004
	dense amplitude time= 0.023843050003051758
	total non-zero amplitudes= 4900
	nsamples per process= 50
	sample time= 1.6041107177734375
	self.n= 0.5282914807043795
	collect g,h time= 2.870380163192749
E=-14.003624772164912,dE=-4.989559343471228e-08,std=0
L=-14.003624772164912,dL=-4.989559343471228e-08,std=0
	gnorm= 3.217825953669904e-05
	symmetric= True
	solver time=0.00496673583984375,exit status=0
	SR solver time= 0.005003690719604492
	symmetric= False
	niter= 44
	niter= 321
	solver time=0.06060171127319336,exit status=0
	RGN solver time= 0.060637474060058594
	xnorm=5.485476302145446,dnorm=0.004817123823015505
	dense amplitude time= 0.015849828720092773
	total non-zero amplitudes= 4900
	nsamples per process= 50
	sample time= 0.37506985664367676
	self.n= 0.5282434553314896
	RGN updated loss=-14.00362481563333,dloss=-4.346841819824476e-08
step= 265

nparam= 1004
	dense amplitude time= 0.0158388614654541
	total non-zero amplitudes= 4900
	nsamples per process= 50
	sample time= 1.594982385635376
	self.n= 0.528243455331489
	collect g,h time= 2.8655288219451904
E=-14.00362481563333,dE=-4.346841819824476e-08,std=0
L=-14.00362481563333,dL=-4.346841819824476e-08,std=0
	gnorm= 2.8899008367780206e-05
	symmetric= True
	solver time=0.00463104248046875,exit status=0
	SR solver time= 0.004668474197387695
	symmetric= False
	niter= 43
	niter= 331
	solver time=0.062491416931152344,exit status=0
	RGN solver time= 0.06252455711364746
	xnorm=5.486680665987743,dnorm=0.004802144220871316
	dense amplitude time= 0.013934612274169922
	total non-zero amplitudes= 4900
	nsamples per process= 50
	sample time= 0.3775827884674072
	self.n= 0.5281964427795367
	RGN updated loss=-14.00362486447129,dloss=-4.883795945431757e-08
step= 266

nparam= 1004
	dense amplitude time= 0.025590181350708008
	total non-zero amplitudes= 4900
	nsamples per process= 50
	sample time= 1.6096622943878174
	self.n= 0.5281964427795364
	collect g,h time= 2.882380723953247
E=-14.003624864471291,dE=-4.883796123067441e-08,std=0
L=-14.003624864471291,dL=-4.883796123067441e-08,std=0
	gnorm= 3.221969412718948e-05
	symmetric= True
	solver time=0.0047681331634521484,exit status=0
	SR solver time= 0.004803657531738281
	symmetric= False
	niter= 44
	niter= 320
	solver time=0.060730695724487305,exit status=0
	RGN solver time= 0.06076383590698242
	xnorm=5.487866286803662,dnorm=0.004767377460763013
	dense amplitude time= 0.013851404190063477
	total non-zero amplitudes= 4900
	nsamples per process= 50
	sample time= 0.37561726570129395
	self.n= 0.5281492728290775
	RGN updated loss=-14.003624907033767,dloss=-4.2562476210150635e-08
step= 267

nparam= 1004
	dense amplitude time= 0.022252559661865234
	total non-zero amplitudes= 4900
	nsamples per process= 50
	sample time= 1.5950186252593994
	self.n= 0.5281492728290775
	collect g,h time= 2.869903564453125
E=-14.00362490703377,dE=-4.2562477986507474e-08,std=0
L=-14.00362490703377,dL=-4.2562477986507474e-08,std=0
	gnorm= 2.8932173813648072e-05
	symmetric= True
	solver time=0.004673957824707031,exit status=0
	SR solver time= 0.004705190658569336
	symmetric= False
	niter= 43
	niter= 330
	solver time=0.06287145614624023,exit status=0
	RGN solver time= 0.06290268898010254
	xnorm=5.48905693428377,dnorm=0.004753207543151942
	dense amplitude time= 0.013895511627197266
	total non-zero amplitudes= 4900
	nsamples per process= 50
	sample time= 0.37531399726867676
	self.n= 0.528103127673961
	RGN updated loss=-14.003624954856399,dloss=-4.7822629412053175e-08
step= 268

nparam= 1004
	dense amplitude time= 0.016501903533935547
	total non-zero amplitudes= 4900
	nsamples per process= 50
	sample time= 1.5942020416259766
	self.n= 0.5281031276739601
	collect g,h time= 2.8622047901153564
E=-14.003624954856399,dE=-4.7822629412053175e-08,std=0
L=-14.003624954856399,dL=-4.7822629412053175e-08,std=0
	gnorm= 3.226101935394987e-05
	symmetric= True
	solver time=0.004733085632324219,exit status=0
	SR solver time= 0.004768848419189453
	symmetric= False
	niter= 44
	niter= 318
	solver time=0.06035208702087402,exit status=0
	RGN solver time= 0.06038498878479004
	xnorm=5.490229074171826,dnorm=0.004719062539172501
	dense amplitude time= 0.013954401016235352
	total non-zero amplitudes= 4900
	nsamples per process= 50
	sample time= 0.3754594326019287
	self.n= 0.528056785404603
	RGN updated loss=-14.003624996550885,dloss=-4.1694486085930293e-08
step= 269

nparam= 1004
	dense amplitude time= 0.014776468276977539
	total non-zero amplitudes= 4900
	nsamples per process= 50
	sample time= 1.5919911861419678
	self.n= 0.5280567854046025
	collect g,h time= 2.8612356185913086
E=-14.003624996550887,dE=-4.169448786228713e-08,std=0
L=-14.003624996550887,dL=-4.169448786228713e-08,std=0
	gnorm= 2.896564120280498e-05
	symmetric= True
	solver time=0.004700660705566406,exit status=0
	SR solver time= 0.004740715026855469
	symmetric= False
	niter= 43
	niter= 329
	solver time=0.06379866600036621,exit status=0
	RGN solver time= 0.06383514404296875
	xnorm=5.491406449944081,dnorm=0.004705622365681272
	dense amplitude time= 0.014041900634765625
	total non-zero amplitudes= 4900
	nsamples per process= 50
	sample time= 0.3878004550933838
	self.n= 0.5280114869945516
	RGN updated loss=-14.003625043614683,dloss=-4.706379641561398e-08
step= 270

nparam= 1004
	dense amplitude time= 0.014759302139282227
	total non-zero amplitudes= 4900
	nsamples per process= 50
	sample time= 1.6535484790802002
	self.n= 0.5280114869945509
	collect g,h time= 2.8619260787963867
E=-14.00362504361468,dE=-4.70637928629003e-08,std=0
L=-14.00362504361468,dL=-4.70637928629003e-08,std=0
	gnorm= 3.451835161274198e-05
	symmetric= True
	solver time=0.004830360412597656,exit status=0
	SR solver time= 0.004868030548095703
	symmetric= False
	niter= 44
	niter= 319
	solver time=0.06030440330505371,exit status=0
	RGN solver time= 0.06033754348754883
	xnorm=5.492565505499438,dnorm=0.004680504915154987
	dense amplitude time= 0.015727758407592773
	total non-zero amplitudes= 4900
	nsamples per process= 50
	sample time= 0.3747527599334717
	self.n= 0.5279704088265555
	RGN updated loss=-14.003625083948938,dloss=-4.0334258599727946e-08
step= 271

nparam= 1004
	dense amplitude time= 0.04555249214172363
	total non-zero amplitudes= 4900
	nsamples per process= 50
	sample time= 1.5919365882873535
	self.n= 0.5279704088265551
	collect g,h time= 2.8607239723205566
E=-14.003625083948936,dE=-4.0334256823371106e-08,std=0
L=-14.003625083948936,dL=-4.0334256823371106e-08,std=0
	gnorm= 2.8565654038983967e-05
	symmetric= True
	solver time=0.004770994186401367,exit status=0
	SR solver time= 0.004812955856323242
	symmetric= False
	niter= 44
	niter= 329
	solver time=0.06387901306152344,exit status=0
	RGN solver time= 0.06391191482543945
	xnorm=5.493740851308868,dnorm=0.004660609636841625
	dense amplitude time= 0.014012813568115234
	total non-zero amplitudes= 4900
	nsamples per process= 50
	sample time= 0.3790593147277832
	self.n= 0.5279207973276903
	RGN updated loss=-14.003625129625954,dloss=-4.5677017723733115e-08
step= 272

nparam= 1004
	dense amplitude time= 0.025594711303710938
	total non-zero amplitudes= 4900
	nsamples per process= 50
	sample time= 1.6010346412658691
	self.n= 0.5279207973276895
	collect g,h time= 2.860929250717163
E=-14.003625129625954,dE=-4.5677017723733115e-08,std=0
L=-14.003625129625954,dL=-4.5677017723733115e-08,std=0
	gnorm= 2.9535699437168795e-05
	symmetric= True
	solver time=0.004796028137207031,exit status=0
	SR solver time= 0.0048334598541259766
	symmetric= False
	niter= 45
	niter= 324
	solver time=0.061339616775512695,exit status=0
	RGN solver time= 0.06137728691101074
	xnorm=5.494887439544654,dnorm=0.004629689192411264
	dense amplitude time= 0.013946056365966797
	total non-zero amplitudes= 4900
	nsamples per process= 50
	sample time= 0.37630629539489746
	self.n= 0.5278756707299639
	RGN updated loss=-14.003625170360872,dloss=-4.073491766121151e-08
step= 273

nparam= 1004
	dense amplitude time= 0.016140222549438477
	total non-zero amplitudes= 4900
	nsamples per process= 50
	sample time= 1.6666440963745117
	self.n= 0.5278756707299636
	collect g,h time= 2.908665180206299
E=-14.003625170360873,dE=-4.073491943756835e-08,std=0
L=-14.003625170360873,dL=-4.073491943756835e-08,std=0
	gnorm= 2.6336356386681562e-05
	symmetric= True
	solver time=0.004898786544799805,exit status=0
	SR solver time= 0.004938602447509766
	symmetric= False
	niter= 44
	niter= 335
	solver time=0.06373786926269531,exit status=0
	RGN solver time= 0.06376981735229492
	xnorm=5.4960360226508165,dnorm=0.004613883415274159
	dense amplitude time= 0.013807296752929688
	total non-zero amplitudes= 4900
	nsamples per process= 50
	sample time= 0.3759453296661377
	self.n= 0.5278321264417906
	RGN updated loss=-14.003625215304563,dloss=-4.494368965879403e-08
step= 274

nparam= 1004
	dense amplitude time= 0.02642536163330078
	total non-zero amplitudes= 4900
	nsamples per process= 50
	sample time= 1.5951604843139648
	self.n= 0.5278321264417902
	collect g,h time= 2.8708813190460205
E=-14.003625215304561,dE=-4.494368788243719e-08,std=0
L=-14.003625215304561,dL=-4.494368788243719e-08,std=0
	gnorm= 3.243965998735611e-05
	symmetric= True
	solver time=0.004788637161254883,exit status=0
	SR solver time= 0.004827737808227539
	symmetric= False
	niter= 44
	niter= 323
	solver time=0.06121373176574707,exit status=0
	RGN solver time= 0.061248064041137695
	xnorm=5.497171452505142,dnorm=0.004586731517051838
	dense amplitude time= 0.013926506042480469
	total non-zero amplitudes= 4900
	nsamples per process= 50
	sample time= 0.37483811378479004
	self.n= 0.5277913952036126
	RGN updated loss=-14.003625253919289,dloss=-3.861472741562011e-08
step= 275

nparam= 1004
	dense amplitude time= 0.02342391014099121
	total non-zero amplitudes= 4900
	nsamples per process= 50
	sample time= 1.617429494857788
	self.n= 0.5277913952036126
	collect g,h time= 2.868191719055176
E=-14.003625253919289,dE=-3.861472741562011e-08,std=0
L=-14.003625253919289,dL=-3.861472741562011e-08,std=0
	gnorm= 3.114075070787832e-05
	symmetric= True
	solver time=0.004855632781982422,exit status=0
	SR solver time= 0.004893064498901367
	symmetric= False
	niter= 44
	niter= 323
	solver time=0.061812400817871094,exit status=0
	RGN solver time= 0.061846256256103516
	xnorm=5.49832064385219,dnorm=0.004575351129337589
	dense amplitude time= 0.013867616653442383
	total non-zero amplitudes= 4900
	nsamples per process= 50
	sample time= 0.3756449222564697
	self.n= 0.5277442897462591
	RGN updated loss=-14.003625298902554,dloss=-4.4983265112819026e-08
step= 276

nparam= 1004
	dense amplitude time= 0.023194551467895508
	total non-zero amplitudes= 4900
	nsamples per process= 50
	sample time= 1.5963823795318604
	self.n= 0.5277442897462592
	collect g,h time= 2.863532781600952
E=-14.003625298902556,dE=-4.4983266889175866e-08,std=0
L=-14.003625298902556,dL=-4.4983266889175866e-08,std=0
	gnorm= 3.4529376902384134e-05
	symmetric= True
	solver time=0.004969596862792969,exit status=0
	SR solver time= 0.005004405975341797
	symmetric= False
	niter= 44
	niter= 316
	solver time=0.06184840202331543,exit status=0
	RGN solver time= 0.06188321113586426
	xnorm=5.499439681620506,dnorm=0.004543849974673985
	dense amplitude time= 0.015927553176879883
	total non-zero amplitudes= 4900
	nsamples per process= 50
	sample time= 0.3877449035644531
	self.n= 0.5277053809322153
	RGN updated loss=-14.003625337034544,dloss=-3.8131988233658376e-08
step= 277

nparam= 1004
	dense amplitude time= 0.021340131759643555
	total non-zero amplitudes= 4900
	nsamples per process= 50
	sample time= 1.6401190757751465
	self.n= 0.5277053809322145
	collect g,h time= 2.8721225261688232
E=-14.003625337034542,dE=-3.8131986457301537e-08,std=0
L=-14.003625337034542,dL=-3.8131986457301537e-08,std=0
	gnorm= 2.8700361128751285e-05
	symmetric= True
	solver time=0.0047228336334228516,exit status=0
	SR solver time= 0.0047588348388671875
	symmetric= False
	niter= 44
	niter= 329
	solver time=0.06247401237487793,exit status=0
	RGN solver time= 0.06250643730163574
	xnorm=5.500575380621817,dnorm=0.0045311691250658195
	dense amplitude time= 0.013957500457763672
	total non-zero amplitudes= 4900
	nsamples per process= 50
	sample time= 0.3753809928894043
	self.n= 0.5276589040742352
	RGN updated loss=-14.00362538039822,dloss=-4.3363677093566366e-08
step= 278

nparam= 1004
	dense amplitude time= 0.026551485061645508
	total non-zero amplitudes= 4900
	nsamples per process= 50
	sample time= 1.595824956893921
	self.n= 0.527658904074235
	collect g,h time= 2.862931728363037
E=-14.003625380398223,dE=-4.3363680646280045e-08,std=0
L=-14.003625380398223,dL=-4.3363680646280045e-08,std=0
	gnorm= 3.1918403916697366e-05
	symmetric= True
	solver time=0.0049021244049072266,exit status=0
	SR solver time= 0.004943370819091797
	symmetric= False
	niter= 45
	niter= 320
	solver time=0.06176877021789551,exit status=0
	RGN solver time= 0.06180119514465332
	xnorm=5.501683488817877,dnorm=0.004502772376542952
	dense amplitude time= 0.013964176177978516
	total non-zero amplitudes= 4900
	nsamples per process= 50
	sample time= 0.37934446334838867
	self.n= 0.5276204107406708
	RGN updated loss=-14.003625418196918,dloss=-3.7798695728952225e-08
step= 279

nparam= 1004
	dense amplitude time= 0.01643085479736328
	total non-zero amplitudes= 4900
	nsamples per process= 50
	sample time= 1.6048471927642822
	self.n= 0.5276204107406713
	collect g,h time= 2.8608903884887695
E=-14.003625418196918,dE=-3.7798695728952225e-08,std=0
L=-14.003625418196918,dL=-3.7798695728952225e-08,std=0
	gnorm= 2.8528456498127916e-05
	symmetric= True
	solver time=0.004921674728393555,exit status=0
	SR solver time= 0.0049588680267333984
	symmetric= False
	niter= 45
	niter= 332
	solver time=0.06293582916259766,exit status=0
	RGN solver time= 0.06297087669372559
	xnorm=5.502804738104502,dnorm=0.004490332159112886
	dense amplitude time= 0.013931512832641602
	total non-zero amplitudes= 4900
	nsamples per process= 50
	sample time= 0.3744940757751465
	self.n= 0.527575189312965
	RGN updated loss=-14.003625460999771,dloss=-4.280285281765828e-08
step= 280

nparam= 1004
	dense amplitude time= 0.019102811813354492
	total non-zero amplitudes= 4900
	nsamples per process= 50
	sample time= 1.6740243434906006
	self.n= 0.5275751893129648
	collect g,h time= 2.902904987335205
E=-14.00362546099977,dE=-4.280285104130144e-08,std=0
L=-14.00362546099977,dL=-4.280285104130144e-08,std=0
	gnorm= 3.244988192363216e-05
	symmetric= True
	solver time=0.005018711090087891,exit status=0
	SR solver time= 0.005055665969848633
	symmetric= False
	niter= 44
	niter= 319
	solver time=0.0629122257232666,exit status=0
	RGN solver time= 0.06294441223144531
	xnorm=5.503900848284592,dnorm=0.00445915114246285
	dense amplitude time= 0.014058589935302734
	total non-zero amplitudes= 4900
	nsamples per process= 50
	sample time= 0.3751211166381836
	self.n= 0.5275367602371279
	RGN updated loss=-14.003625497831356,dloss=-3.683158666945019e-08
step= 281

nparam= 1004
	dense amplitude time= 0.03361701965332031
	total non-zero amplitudes= 4900
	nsamples per process= 50
	sample time= 1.593189001083374
	self.n= 0.5275367602371277
	collect g,h time= 2.8615479469299316
E=-14.003625497831354,dE=-3.683158489309335e-08,std=0
L=-14.003625497831354,dL=-3.683158489309335e-08,std=0
	gnorm= 2.8760984060685063e-05
	symmetric= True
	solver time=0.004753828048706055,exit status=0
	SR solver time= 0.004791259765625
	symmetric= False
	niter= 44
	niter= 329
	solver time=0.0620732307434082,exit status=0
	RGN solver time= 0.06210827827453613
	xnorm=5.505012269645676,dnorm=0.004449223833940685
	dense amplitude time= 0.013923168182373047
	total non-zero amplitudes= 4900
	nsamples per process= 50
	sample time= 0.3744015693664551
	self.n= 0.5274918048249138
	RGN updated loss=-14.003625540500382,dloss=-4.266902742244838e-08
step= 282

nparam= 1004
	dense amplitude time= 0.02422356605529785
	total non-zero amplitudes= 4900
	nsamples per process= 50
	sample time= 1.6188163757324219
	self.n= 0.5274918048249133
	collect g,h time= 2.861976385116577
E=-14.00362554050038,dE=-4.266902564609154e-08,std=0
L=-14.00362554050038,dL=-4.266902564609154e-08,std=0
	gnorm= 9.559627007596593e-06
	symmetric= True
	solver time=0.004005908966064453,exit status=0
	SR solver time= 0.004043102264404297
	symmetric= False
	niter= 37
	niter= 362
	solver time=0.0688176155090332,exit status=0
	RGN solver time= 0.06885457038879395
	xnorm=5.5060966995546154,dnorm=0.004403472255445713
	dense amplitude time= 0.01393747329711914
	total non-zero amplitudes= 4900
	nsamples per process= 50
	sample time= 0.37667202949523926
	self.n= 0.5274587168922421
	RGN updated loss=-14.003625579041236,dloss=-3.854085584009681e-08
step= 283

nparam= 1004
	dense amplitude time= 0.021552085876464844
	total non-zero amplitudes= 4900
	nsamples per process= 50
	sample time= 1.6267163753509521
	self.n= 0.5274587168922416
	collect g,h time= 2.8867130279541016
E=-14.003625579041232,dE=-3.854085228738313e-08,std=0
L=-14.003625579041232,dL=-3.854085228738313e-08,std=0
	gnorm= 9.249218625889684e-06
	symmetric= True
	solver time=0.004419565200805664,exit status=0
	SR solver time= 0.004460573196411133
	symmetric= False
	niter= 37
	niter= 360
	solver time=0.07680344581604004,exit status=0
	RGN solver time= 0.07683992385864258
	xnorm=5.507195737804559,dnorm=0.004383290257421109
	dense amplitude time= 0.015253305435180664
	total non-zero amplitudes= 4900
	nsamples per process= 50
	sample time= 0.3886895179748535
	self.n= 0.5274162914118231
	RGN updated loss=-14.00362561812391,dloss=-3.9082678426893835e-08
step= 284

nparam= 1004
	dense amplitude time= 0.02259683609008789
	total non-zero amplitudes= 4900
	nsamples per process= 50
	sample time= 1.607306957244873
	self.n= 0.5274162914118229
	collect g,h time= 2.862210988998413
E=-14.00362561812391,dE=-3.9082678426893835e-08,std=0
L=-14.00362561812391,dL=-3.9082678426893835e-08,std=0
	gnorm= 9.648072119510628e-06
	symmetric= True
	solver time=0.004025936126708984,exit status=0
	SR solver time= 0.004060029983520508
	symmetric= False
	niter= 37
	niter= 355
	solver time=0.06723380088806152,exit status=0
	RGN solver time= 0.06727027893066406
	xnorm=5.508279308073474,dnorm=0.004359165798965423
	dense amplitude time= 0.013933897018432617
	total non-zero amplitudes= 4900
	nsamples per process= 50
	sample time= 0.37645673751831055
	self.n= 0.5273803463704186
	RGN updated loss=-14.00362565586801,dloss=-3.774409940149326e-08
step= 285

nparam= 1004
	dense amplitude time= 0.02379751205444336
	total non-zero amplitudes= 4900
	nsamples per process= 50
	sample time= 1.608325719833374
	self.n= 0.5273803463704182
	collect g,h time= 2.862553596496582
E=-14.003625655868012,dE=-3.77441011778501e-08,std=0
L=-14.003625655868012,dL=-3.77441011778501e-08,std=0
	gnorm= 9.27562719442182e-06
	symmetric= True
	solver time=0.0040056705474853516,exit status=0
	SR solver time= 0.004042625427246094
	symmetric= False
	niter= 37
	niter= 360
	solver time=0.06828808784484863,exit status=0
	RGN solver time= 0.06832456588745117
	xnorm=5.50936905973228,dnorm=0.004341549000730788
	dense amplitude time= 0.013880491256713867
	total non-zero amplitudes= 4900
	nsamples per process= 50
	sample time= 0.37519359588623047
	self.n= 0.5273362821329259
	RGN updated loss=-14.003625694284569,dloss=-3.841655704661662e-08
step= 286

nparam= 1004
	dense amplitude time= 0.01757216453552246
	total non-zero amplitudes= 4900
	nsamples per process= 50
	sample time= 1.600508213043213
	self.n= 0.5273362821329259
	collect g,h time= 2.8593997955322266
E=-14.00362569428457,dE=-3.841655882297346e-08,std=0
L=-14.00362569428457,dL=-3.841655882297346e-08,std=0
	gnorm= 9.619562512075916e-06
	symmetric= True
	solver time=0.004337310791015625,exit status=0
	SR solver time= 0.004374980926513672
	symmetric= False
	niter= 37
	niter= 348
	solver time=0.0725095272064209,exit status=0
	RGN solver time= 0.07254290580749512
	xnorm=5.510441200905289,dnorm=0.0043203350207762
	dense amplitude time= 0.015827178955078125
	total non-zero amplitudes= 4900
	nsamples per process= 50
	sample time= 0.3796536922454834
	self.n= 0.5273001205462027
	RGN updated loss=-14.00362573139918,dloss=-3.711461005195815e-08
step= 287

nparam= 1004
	dense amplitude time= 0.024159669876098633
	total non-zero amplitudes= 4900
	nsamples per process= 50
	sample time= 1.635711431503296
	self.n= 0.5273001205462019
	collect g,h time= 2.8640239238739014
E=-14.003625731399179,dE=-3.711460827560131e-08,std=0
L=-14.003625731399179,dL=-3.711460827560131e-08,std=0
	gnorm= 9.260836364455873e-06
	symmetric= True
	solver time=0.004063844680786133,exit status=0
	SR solver time= 0.004099845886230469
	symmetric= False
	niter= 37
	niter= 356
	solver time=0.06771659851074219,exit status=0
	RGN solver time= 0.06775426864624023
	xnorm=5.511520134390248,dnorm=0.0043032957427805
	dense amplitude time= 0.013870954513549805
	total non-zero amplitudes= 4900
	nsamples per process= 50
	sample time= 0.37453436851501465
	self.n= 0.527256032484637
	RGN updated loss=-14.003625769078079,dloss=-3.767890000005991e-08
step= 288

nparam= 1004
	dense amplitude time= 0.026242494583129883
	total non-zero amplitudes= 4900
	nsamples per process= 50
	sample time= 1.5915608406066895
	self.n= 0.5272560324846371
	collect g,h time= 2.862410068511963
E=-14.003625769078079,dE=-3.767890000005991e-08,std=0
L=-14.003625769078079,dL=-3.767890000005991e-08,std=0
	gnorm= 9.598647922977525e-06
	symmetric= True
	solver time=0.00414586067199707,exit status=0
	SR solver time= 0.004182577133178711
	symmetric= False
	niter= 37
	niter= 347
	solver time=0.06728386878967285,exit status=0
	RGN solver time= 0.06732034683227539
	xnorm=5.512581573419241,dnorm=0.0042830269188932546
	dense amplitude time= 0.013920307159423828
	total non-zero amplitudes= 4900
	nsamples per process= 50
	sample time= 0.3781616687774658
	self.n= 0.5272202570954904
	RGN updated loss=-14.003625805572021,dloss=-3.649394209048751e-08
step= 289

nparam= 1004
	dense amplitude time= 0.01783156394958496
	total non-zero amplitudes= 4900
	nsamples per process= 50
	sample time= 1.6032896041870117
	self.n= 0.5272202570954907
	collect g,h time= 2.8872666358947754
E=-14.003625805572023,dE=-3.649394386684435e-08,std=0
L=-14.003625805572023,dL=-3.649394386684435e-08,std=0
	gnorm= 9.269266811383468e-06
	symmetric= True
	solver time=0.0040624141693115234,exit status=0
	SR solver time= 0.0040988922119140625
	symmetric= False
	niter= 37
	niter= 354
	solver time=0.06777119636535645,exit status=0
	RGN solver time= 0.06780576705932617
	xnorm=5.513649528700907,dnorm=0.004266718488845374
	dense amplitude time= 0.014017343521118164
	total non-zero amplitudes= 4900
	nsamples per process= 50
	sample time= 0.38607144355773926
	self.n= 0.5271766392251668
	RGN updated loss=-14.003625842582393,dloss=-3.701036987990847e-08
step= 290

nparam= 1004
	dense amplitude time= 0.013825178146362305
	total non-zero amplitudes= 4900
	nsamples per process= 50
	sample time= 1.6793198585510254
	self.n= 0.5271766392251658
	collect g,h time= 2.890388250350952
E=-14.003625842582395,dE=-3.7010371656265306e-08,std=0
L=-14.003625842582395,dL=-3.7010371656265306e-08,std=0
	gnorm= 9.605363124326488e-06
	symmetric= True
	solver time=0.004286527633666992,exit status=0
	SR solver time= 0.004325389862060547
	symmetric= False
	niter= 38
	niter= 346
	solver time=0.06940102577209473,exit status=0
	RGN solver time= 0.06943440437316895
	xnorm=5.5147003702094874,dnorm=0.00424694800742751
	dense amplitude time= 0.01639699935913086
	total non-zero amplitudes= 4900
	nsamples per process= 50
	sample time= 0.37594008445739746
	self.n= 0.5271413967746856
	RGN updated loss=-14.00362587848597,dloss=-3.590357522398335e-08
step= 291

nparam= 1004
	dense amplitude time= 0.0525822639465332
	total non-zero amplitudes= 4900
	nsamples per process= 50
	sample time= 1.5939428806304932
	self.n= 0.5271413967746855
	collect g,h time= 2.882444381713867
E=-14.003625878485966,dE=-3.5903571671269674e-08,std=0
L=-14.003625878485966,dL=-3.5903571671269674e-08,std=0
	gnorm= 9.276804799624574e-06
	symmetric= True
	solver time=0.0040590763092041016,exit status=0
	SR solver time= 0.004098176956176758
	symmetric= False
	niter= 37
	niter= 355
	solver time=0.06852293014526367,exit status=0
	RGN solver time= 0.06855630874633789
	xnorm=5.51575801839415,dnorm=0.004231198583860273
	dense amplitude time= 0.013973712921142578
	total non-zero amplitudes= 4900
	nsamples per process= 50
	sample time= 0.38094186782836914
	self.n= 0.5270983547372163
	RGN updated loss=-14.00362591485128,dloss=-3.6365314315389696e-08
step= 292

nparam= 1004
	dense amplitude time= 0.016670942306518555
	total non-zero amplitudes= 4900
	nsamples per process= 50
	sample time= 1.6081633567810059
	self.n= 0.5270983547372161
	collect g,h time= 2.8680412769317627
E=-14.003625914851275,dE=-3.636530898631918e-08,std=0
L=-14.003625914851275,dL=-3.636530898631918e-08,std=0
	gnorm= 9.612691870403293e-06
	symmetric= True
	solver time=0.004228353500366211,exit status=0
	SR solver time= 0.004269838333129883
	symmetric= False
	niter= 38
	niter= 346
	solver time=0.0661461353302002,exit status=0
	RGN solver time= 0.06617975234985352
	xnorm=5.516798732751307,dnorm=0.004211852823125398
	dense amplitude time= 0.01393747329711914
	total non-zero amplitudes= 4900
	nsamples per process= 50
	sample time= 0.3764841556549072
	self.n= 0.5270637392663434
	RGN updated loss=-14.003625950508521,dloss=-3.565724604470688e-08
step= 293

nparam= 1004
	dense amplitude time= 0.015537261962890625
	total non-zero amplitudes= 4900
	nsamples per process= 50
	sample time= 1.5964758396148682
	self.n= 0.5270637392663438
	collect g,h time= 2.8755667209625244
E=-14.003625950508521,dE=-3.565724604470688e-08,std=0
L=-14.003625950508521,dL=-3.565724604470688e-08,std=0
	gnorm= 4.459176326014806e-06
	symmetric= True
	solver time=0.0028755664825439453,exit status=0
	SR solver time= 0.0029141902923583984
	symmetric= False
	niter= 23
	niter= 366
	solver time=0.07066702842712402,exit status=0
	RGN solver time= 0.07070493698120117
	xnorm=5.517846470062411,dnorm=0.004190836128093856
	dense amplitude time= 0.014003992080688477
	total non-zero amplitudes= 4900
	nsamples per process= 50
	sample time= 0.37833452224731445
	self.n= 0.5270251657454905
	RGN updated loss=-14.003625985496594,dloss=-3.498807288337957e-08
step= 294

nparam= 1004
	dense amplitude time= 0.015229940414428711
	total non-zero amplitudes= 4900
	nsamples per process= 50
	sample time= 1.6272764205932617
	self.n= 0.5270251657454905
	collect g,h time= 2.8751299381256104
E=-14.003625985496596,dE=-3.498807465973641e-08,std=0
L=-14.003625985496596,dL=-3.498807465973641e-08,std=0
	gnorm= 9.471981213271922e-06
	symmetric= True
	solver time=0.004410266876220703,exit status=0
	SR solver time= 0.004448413848876953
	symmetric= False
	niter= 38
	niter= 355
	solver time=0.06900858879089355,exit status=0
	RGN solver time= 0.06904840469360352
	xnorm=5.518887819008489,dnorm=0.004181010359871699
	dense amplitude time= 0.013910055160522461
	total non-zero amplitudes= 4900
	nsamples per process= 50
	sample time= 0.37587547302246094
	self.n= 0.5269827494504942
	RGN updated loss=-14.00362602102064,dloss=-3.5524044150747613e-08
step= 295

nparam= 1004
	dense amplitude time= 0.01517486572265625
	total non-zero amplitudes= 4900
	nsamples per process= 50
	sample time= 1.618884801864624
	self.n= 0.5269827494504944
	collect g,h time= 2.8745927810668945
E=-14.00362602102064,dE=-3.5524044150747613e-08,std=0
L=-14.00362602102064,dL=-3.5524044150747613e-08,std=0
	gnorm= 9.587183844779859e-06
	symmetric= True
	solver time=0.004403352737426758,exit status=0
	SR solver time= 0.004439353942871094
	symmetric= False
	niter= 38
	niter= 345
	solver time=0.06676936149597168,exit status=0
	RGN solver time= 0.06680893898010254
	xnorm=5.519912819011134,dnorm=0.004160296902553021
	dense amplitude time= 0.013876914978027344
	total non-zero amplitudes= 4900
	nsamples per process= 50
	sample time= 0.37680482864379883
	self.n= 0.5269491272976068
	RGN updated loss=-14.003626055808153,dloss=-3.478751331442709e-08
step= 296

nparam= 1004
	dense amplitude time= 0.02242302894592285
	total non-zero amplitudes= 4900
	nsamples per process= 50
	sample time= 1.6066360473632812
	self.n= 0.526949127297607
	collect g,h time= 2.872783899307251
E=-14.003626055808152,dE=-3.478751153807025e-08,std=0
L=-14.003626055808152,dL=-3.478751153807025e-08,std=0
	gnorm= 4.4015159076213846e-06
	symmetric= True
	solver time=0.002826213836669922,exit status=0
	SR solver time= 0.0028612613677978516
	symmetric= False
	niter= 23
	niter= 365
	solver time=0.07032346725463867,exit status=0
	RGN solver time= 0.07036375999450684
	xnorm=5.520945538203742,dnorm=0.004140258904967361
	dense amplitude time= 0.014049053192138672
	total non-zero amplitudes= 4900
	nsamples per process= 50
	sample time= 0.3789093494415283
	self.n= 0.5269116323357526
	RGN updated loss=-14.00362609030378,dloss=-3.4495627687647357e-08
step= 297

nparam= 1004
	dense amplitude time= 0.01365208625793457
	total non-zero amplitudes= 4900
	nsamples per process= 50
	sample time= 1.650780200958252
	self.n= 0.5269116323357523
	collect g,h time= 2.871929407119751
E=-14.003626090303783,dE=-3.4495631240361035e-08,std=0
L=-14.003626090303783,dL=-3.4495631240361035e-08,std=0
	gnorm= 4.3636920640434615e-06
	symmetric= True
	solver time=0.0027778148651123047,exit status=0
	SR solver time= 0.002816438674926758
	symmetric= False
	niter= 23
	niter= 365
	solver time=0.06916165351867676,exit status=0
	RGN solver time= 0.06919550895690918
	xnorm=5.5219722925601555,dnorm=0.0041233796787167026
	dense amplitude time= 0.014257669448852539
	total non-zero amplitudes= 4900
	nsamples per process= 50
	sample time= 0.377697229385376
	self.n= 0.5268741267587639
	RGN updated loss=-14.003626124544015,dloss=-3.4240231983062586e-08
step= 298

nparam= 1004
	dense amplitude time= 0.026020288467407227
	total non-zero amplitudes= 4900
	nsamples per process= 50
	sample time= 1.5990657806396484
	self.n= 0.526874126758764
	collect g,h time= 2.874147653579712
E=-14.003626124544015,dE=-3.4240231983062586e-08,std=0
L=-14.003626124544015,dL=-3.4240231983062586e-08,std=0
	gnorm= 4.344236201992643e-06
	symmetric= True
	solver time=0.002637147903442383,exit status=0
	SR solver time= 0.0027933120727539062
	symmetric= False
	niter= 23
	niter= 364
	solver time=0.06899881362915039,exit status=0
	RGN solver time= 0.06903362274169922
	xnorm=5.522993408697474,dnorm=0.004107066812163055
	dense amplitude time= 0.013915300369262695
	total non-zero amplitudes= 4900
	nsamples per process= 50
	sample time= 0.37450480461120605
	self.n= 0.5268369427765262
	RGN updated loss=-14.003626158520756,dloss=-3.397674142036067e-08
step= 299

nparam= 1004
	dense amplitude time= 0.021667003631591797
	total non-zero amplitudes= 4900
	nsamples per process= 50
	sample time= 1.5963895320892334
	self.n= 0.5268369427765258
	collect g,h time= 2.888324499130249
E=-14.00362615852076,dE=-3.3976744973074346e-08,std=0
L=-14.00362615852076,dL=-3.3976744973074346e-08,std=0
	gnorm= 4.326149724565432e-06
	symmetric= True
	solver time=0.0026350021362304688,exit status=0
	SR solver time= 0.0026721954345703125
	symmetric= False
	niter= 23
	niter= 364
	solver time=0.06902766227722168,exit status=0
	RGN solver time= 0.06906867027282715
	xnorm=5.524009354016396,dnorm=0.004091052599973492
	dense amplitude time= 0.01394033432006836
	total non-zero amplitudes= 4900
	nsamples per process= 50
	sample time= 0.3756527900695801
	self.n= 0.5268001442732855
	RGN updated loss=-14.003626192236023,dloss=-3.371526346995779e-08
step= 300

nparam= 1004
	dense amplitude time= 0.015105962753295898
	total non-zero amplitudes= 4900
	nsamples per process= 50
	sample time= 1.5980515480041504
	self.n= 0.5268001442732853
	collect g,h time= 2.872124671936035
E=-14.003626192236021,dE=-3.371526169360095e-08,std=0
L=-14.003626192236021,dL=-3.371526169360095e-08,std=0
	gnorm= 4.308597515193694e-06
	symmetric= True
	solver time=0.0026519298553466797,exit status=0
	SR solver time= 0.002690553665161133
	symmetric= False
	niter= 23
	niter= 364
	solver time=0.06909489631652832,exit status=0
	RGN solver time= 0.06913065910339355
	xnorm=5.525020386386541,dnorm=0.004075273281477718
	dense amplitude time= 0.013972282409667969
	total non-zero amplitudes= 4900
	nsamples per process= 50
	sample time= 0.38050007820129395
	self.n= 0.5267637393966789
	RGN updated loss=-14.003626225693255,dloss=-3.345723342818019e-08
step= 301

nparam= 1004
	dense amplitude time= 0.03719687461853027
	total non-zero amplitudes= 4900
	nsamples per process= 50
	sample time= 1.6054229736328125
	self.n= 0.5267637393966784
	collect g,h time= 2.8727896213531494
E=-14.003626225693257,dE=-3.345723520453703e-08,std=0
L=-14.003626225693257,dL=-3.345723520453703e-08,std=0
	gnorm= 4.291371437468404e-06
	symmetric= True
	solver time=0.002742290496826172,exit status=0
	SR solver time= 0.002780437469482422
	symmetric= False
	niter= 23
	niter= 364
	solver time=0.07017350196838379,exit status=0
	RGN solver time= 0.07021474838256836
	xnorm=5.526026674176838,dnorm=0.0040597164596071445
	dense amplitude time= 0.013911962509155273
	total non-zero amplitudes= 4900
	nsamples per process= 50
	sample time= 0.37691617012023926
	self.n= 0.5267277221776504
	RGN updated loss=-14.003626258896302,dloss=-3.320304564624621e-08
step= 302

nparam= 1004
	dense amplitude time= 0.017063617706298828
	total non-zero amplitudes= 4900
	nsamples per process= 50
	sample time= 1.6188437938690186
	self.n= 0.5267277221776497
	collect g,h time= 2.879534959793091
E=-14.003626258896299,dE=-3.320304209353253e-08,std=0
L=-14.003626258896299,dL=-3.320304209353253e-08,std=0
	gnorm= 4.2744000163675455e-06
	symmetric= True
	solver time=0.0028617382049560547,exit status=0
	SR solver time= 0.002898693084716797
	symmetric= False
	niter= 23
	niter= 364
	solver time=0.07320427894592285,exit status=0
	RGN solver time= 0.07324600219726562
	xnorm=5.527028347243061,dnorm=0.0040443609989220305
	dense amplitude time= 0.015472888946533203
	total non-zero amplitudes= 4900
	nsamples per process= 50
	sample time= 0.37674736976623535
	self.n= 0.5266920827058114
	RGN updated loss=-14.003626291849011,dloss=-3.295271255865373e-08
step= 303

nparam= 1004
	dense amplitude time= 0.020287513732910156
	total non-zero amplitudes= 4900
	nsamples per process= 50
	sample time= 1.6068780422210693
	self.n= 0.5266920827058114
	collect g,h time= 2.873575210571289
E=-14.003626291849015,dE=-3.295271611136741e-08,std=0
L=-14.003626291849015,dL=-3.295271611136741e-08,std=0
	gnorm= 4.257654595501363e-06
	symmetric= True
	solver time=0.002677440643310547,exit status=0
	SR solver time= 0.002712726593017578
	symmetric= False
	niter= 23
	niter= 364
	solver time=0.06981849670410156,exit status=0
	RGN solver time= 0.06985831260681152
	xnorm=5.528025512334009,dnorm=0.00402920252785413
	dense amplitude time= 0.01384592056274414
	total non-zero amplitudes= 4900
	nsamples per process= 50
	sample time= 0.3761167526245117
	self.n= 0.526656810443862
	RGN updated loss=-14.003626324555277,dloss=-3.270626258711218e-08
step= 304

nparam= 1004
	dense amplitude time= 0.020573854446411133
	total non-zero amplitudes= 4900
	nsamples per process= 50
	sample time= 1.6241483688354492
	self.n= 0.526656810443862
	collect g,h time= 2.871110200881958
E=-14.00362632455528,dE=-3.270626436346902e-08,std=0
L=-14.00362632455528,dL=-3.270626436346902e-08,std=0
	gnorm= 4.241125274893848e-06
	symmetric= True
	solver time=0.0026967525482177734,exit status=0
	SR solver time= 0.0027327537536621094
	symmetric= False
	niter= 23
	niter= 364
	solver time=0.0689401626586914,exit status=0
	RGN solver time= 0.06898212432861328
	xnorm=5.529018264896585,dnorm=0.0040142354468657
	dense amplitude time= 0.013893842697143555
	total non-zero amplitudes= 4900
	nsamples per process= 50
	sample time= 0.37584471702575684
	self.n= 0.5266218955364579
	RGN updated loss=-14.003626357018948,dloss=-3.2463669086268965e-08
step= 305

nparam= 1004
	dense amplitude time= 0.014634132385253906
	total non-zero amplitudes= 4900
	nsamples per process= 50
	sample time= 1.5936286449432373
	self.n= 0.5266218955364582
	collect g,h time= 2.869520664215088
E=-14.003626357018948,dE=-3.2463669086268965e-08,std=0
L=-14.003626357018948,dL=-3.2463669086268965e-08,std=0
	gnorm= 4.224806022397342e-06
	symmetric= True
	solver time=0.0027277469635009766,exit status=0
	SR solver time= 0.0027627944946289062
	symmetric= False
	niter= 23
	niter= 363
	solver time=0.06868982315063477,exit status=0
	RGN solver time= 0.06872248649597168
	xnorm=5.530006692232853,dnorm=0.003999453827893491
	dense amplitude time= 0.013959169387817383
	total non-zero amplitudes= 4900
	nsamples per process= 50
	sample time= 0.37504124641418457
	self.n= 0.5265873290035614
	RGN updated loss=-14.003626389243818,dloss=-3.222486988363471e-08
step= 306

nparam= 1004
	dense amplitude time= 0.026792049407958984
	total non-zero amplitudes= 4900
	nsamples per process= 50
	sample time= 1.5949554443359375
	self.n= 0.5265873290035614
	collect g,h time= 2.87347674369812
E=-14.003626389243815,dE=-3.222486633092103e-08,std=0
L=-14.003626389243815,dL=-3.222486633092103e-08,std=0
	gnorm= 4.208690890811184e-06
	symmetric= True
	solver time=0.0027551651000976562,exit status=0
	SR solver time= 0.0027916431427001953
	symmetric= False
	niter= 23
	niter= 363
	solver time=0.0688934326171875,exit status=0
	RGN solver time= 0.06892657279968262
	xnorm=5.530990875111408,dnorm=0.003984857360248185
	dense amplitude time= 0.013996124267578125
	total non-zero amplitudes= 4900
	nsamples per process= 50
	sample time= 0.3766648769378662
	self.n= 0.52655310294681
	RGN updated loss=-14.00362642123364,dloss=-3.198982589935895e-08
step= 307

nparam= 1004
	dense amplitude time= 0.023694515228271484
	total non-zero amplitudes= 4900
	nsamples per process= 50
	sample time= 1.5966360569000244
	self.n= 0.5265531029468106
	collect g,h time= 2.8910164833068848
E=-14.003626421233637,dE=-3.198982234664527e-08,std=0
L=-14.003626421233637,dL=-3.198982234664527e-08,std=0
	gnorm= 4.192784403655643e-06
	symmetric= True
	solver time=0.0027348995208740234,exit status=0
	SR solver time= 0.0027713775634765625
	symmetric= False
	niter= 23
	niter= 363
	solver time=0.06890392303466797,exit status=0
	RGN solver time= 0.06894183158874512
	xnorm=5.531970890150232,dnorm=0.003970439336970545
	dense amplitude time= 0.013762950897216797
	total non-zero amplitudes= 4900
	nsamples per process= 50
	sample time= 0.3759756088256836
	self.n= 0.526519210557995
	RGN updated loss=-14.003626452992085,dloss=-3.175844831559971e-08
step= 308

nparam= 1004
	dense amplitude time= 0.025526046752929688
	total non-zero amplitudes= 4900
	nsamples per process= 50
	sample time= 1.6100399494171143
	self.n= 0.5265192105579947
	collect g,h time= 2.8757224082946777
E=-14.003626452992087,dE=-3.175845009195655e-08,std=0
L=-14.003626452992087,dL=-3.175845009195655e-08,std=0
	gnorm= 4.1770770333048745e-06
	symmetric= True
	solver time=0.002650737762451172,exit status=0
	SR solver time= 0.002688169479370117
	symmetric= False
	niter= 23
	niter= 363
	solver time=0.07065272331237793,exit status=0
	RGN solver time= 0.07068681716918945
	xnorm=5.5329468094182515,dnorm=0.0039561965838341194
	dense amplitude time= 0.013928651809692383
	total non-zero amplitudes= 4900
	nsamples per process= 50
	sample time= 0.3798949718475342
	self.n= 0.5264856451897088
	RGN updated loss=-14.00362648447919,dloss=-3.148710270295396e-08
step= 309

nparam= 1004
	dense amplitude time= 0.016859769821166992
	total non-zero amplitudes= 4900
	nsamples per process= 50
	sample time= 1.6818022727966309
	self.n= 0.5264856451897081
	collect g,h time= 2.89894962310791
E=-14.00362648447919,dE=-3.148710270295396e-08,std=0
L=-14.00362648447919,dL=-3.148710270295396e-08,std=0
	gnorm= 4.166360709635219e-06
	symmetric= True
	solver time=0.002605915069580078,exit status=0
	SR solver time= 0.002645254135131836
	symmetric= False
	niter= 23
	niter= 362
	solver time=0.0684196949005127,exit status=0
	RGN solver time= 0.06845355033874512
	xnorm=5.533918700715815,dnorm=0.003941905503361996
	dense amplitude time= 0.013882160186767578
	total non-zero amplitudes= 4900
	nsamples per process= 50
	sample time= 0.3759491443634033
	self.n= 0.5264523248502235
	RGN updated loss=-14.003626515783361,dloss=-3.1304171699275685e-08
step= 310

nparam= 1004
	dense amplitude time= 0.015594005584716797
	total non-zero amplitudes= 4900
	nsamples per process= 50
	sample time= 1.5948841571807861
	self.n= 0.5264523248502229
	collect g,h time= 2.8712408542633057
E=-14.003626515783367,dE=-3.13041770283462e-08,std=0
L=-14.003626515783367,dL=-3.13041770283462e-08,std=0
	gnorm= 4.146139985383121e-06
	symmetric= True
	solver time=0.002618551254272461,exit status=0
	SR solver time= 0.002654552459716797
	symmetric= False
	niter= 23
	niter= 363
	solver time=0.07000446319580078,exit status=0
	RGN solver time= 0.07004117965698242
	xnorm=5.534886622682846,dnorm=0.003927973316630597
	dense amplitude time= 0.01392054557800293
	total non-zero amplitudes= 4900
	nsamples per process= 50
	sample time= 0.38044118881225586
	self.n= 0.5264193014283666
	RGN updated loss=-14.003626546866691,dloss=-3.108332435886041e-08
step= 311

nparam= 1004
	dense amplitude time= 0.037525177001953125
	total non-zero amplitudes= 4900
	nsamples per process= 50
	sample time= 1.6181023120880127
	self.n= 0.5264193014283662
	collect g,h time= 2.8718695640563965
E=-14.003626546866691,dE=-3.108332435886041e-08,std=0
L=-14.003626546866691,dL=-3.108332435886041e-08,std=0
	gnorm= 4.130878493698704e-06
	symmetric= True
	solver time=0.002668619155883789,exit status=0
	SR solver time= 0.0027048587799072266
	symmetric= False
	niter= 23
	niter= 362
	solver time=0.0692434310913086,exit status=0
	RGN solver time= 0.06928348541259766
	xnorm=5.535850594116545,dnorm=0.003914242961467967
	dense amplitude time= 0.013952255249023438
	total non-zero amplitudes= 4900
	nsamples per process= 50
	sample time= 0.3756132125854492
	self.n= 0.5263866056072171
	RGN updated loss=-14.00362657773258,dloss=-3.086588939993362e-08
step= 312

nparam= 1004
	dense amplitude time= 0.02623748779296875
	total non-zero amplitudes= 4900
	nsamples per process= 50
	sample time= 1.5968167781829834
	self.n= 0.5263866056072168
	collect g,h time= 2.873800277709961
E=-14.003626577732582,dE=-3.086589117629046e-08,std=0
L=-14.003626577732582,dL=-3.086589117629046e-08,std=0
	gnorm= 4.115939464904598e-06
	symmetric= True
	solver time=0.0029723644256591797,exit status=0
	SR solver time= 0.003009319305419922
	symmetric= False
	niter= 23
	niter= 362
	solver time=0.07056689262390137,exit status=0
	RGN solver time= 0.07060766220092773
	xnorm=5.5368107023166315,dnorm=0.003900677713108025
	dense amplitude time= 0.016324996948242188
	total non-zero amplitudes= 4900
	nsamples per process= 50
	sample time= 0.37896251678466797
	self.n= 0.5263542289121875
	RGN updated loss=-14.003626608384407,dloss=-3.0651824189931176e-08
step= 313

nparam= 1004
	dense amplitude time= 0.022124528884887695
	total non-zero amplitudes= 4900
	nsamples per process= 50
	sample time= 1.6281061172485352
	self.n= 0.5263542289121872
	collect g,h time= 2.874868631362915
E=-14.003626608384412,dE=-3.0651829519001694e-08,std=0
L=-14.003626608384412,dL=-3.0651829519001694e-08,std=0
	gnorm= 4.1011947737040786e-06
	symmetric= True
	solver time=0.0028319358825683594,exit status=0
	SR solver time= 0.00286865234375
	symmetric= False
	niter= 22
	niter= 362
	solver time=0.0699150562286377,exit status=0
	RGN solver time= 0.06995511054992676
	xnorm=5.537767010916796,dnorm=0.0038872756815502268
	dense amplitude time= 0.013866424560546875
	total non-zero amplitudes= 4900
	nsamples per process= 50
	sample time= 0.37862443923950195
	self.n= 0.5263221639167686
	RGN updated loss=-14.003626638825494,dloss=-3.044108254357525e-08
step= 314

nparam= 1004
	dense amplitude time= 0.022502422332763672
	total non-zero amplitudes= 4900
	nsamples per process= 50
	sample time= 1.6309328079223633
	self.n= 0.5263221639167688
	collect g,h time= 2.8750312328338623
E=-14.003626638825498,dE=-3.044108609628893e-08,std=0
L=-14.003626638825498,dL=-3.044108609628893e-08,std=0
	gnorm= 4.086637132525689e-06
	symmetric= True
	solver time=0.0026247501373291016,exit status=0
	SR solver time= 0.002661466598510742
	symmetric= False
	niter= 22
	niter= 361
	solver time=0.0704958438873291,exit status=0
	RGN solver time= 0.07053375244140625
	xnorm=5.538719580748995,dnorm=0.003874035169294692
	dense amplitude time= 0.013946771621704102
	total non-zero amplitudes= 4900
	nsamples per process= 50
	sample time= 0.37752223014831543
	self.n= 0.526290404219178
	RGN updated loss=-14.003626669059093,dloss=-3.02335951829491e-08
step= 315

nparam= 1004
	dense amplitude time= 0.01638317108154297
	total non-zero amplitudes= 4900
	nsamples per process= 50
	sample time= 1.6261019706726074
	self.n= 0.5262904042191783
	collect g,h time= 2.8894336223602295
E=-14.00362666905909,dE=-3.0233591630235424e-08,std=0
L=-14.00362666905909,dL=-3.0233591630235424e-08,std=0
	gnorm= 4.072262585703955e-06
	symmetric= True
	solver time=0.0026848316192626953,exit status=0
	SR solver time= 0.002723217010498047
	symmetric= False
	niter= 22
	niter= 360
	solver time=0.06974148750305176,exit status=0
	RGN solver time= 0.06978464126586914
	xnorm=5.539668469446321,dnorm=0.003860948474605949
	dense amplitude time= 0.013823986053466797
	total non-zero amplitudes= 4900
	nsamples per process= 50
	sample time= 0.37701845169067383
	self.n= 0.5262589439965919
	RGN updated loss=-14.003626699088311,dloss=-3.0029221775862425e-08
step= 316

nparam= 1004
	dense amplitude time= 0.015004396438598633
	total non-zero amplitudes= 4900
	nsamples per process= 50
	sample time= 1.6139278411865234
	self.n= 0.5262589439965912
	collect g,h time= 2.8685734272003174
E=-14.003626699088317,dE=-3.002922710493294e-08,std=0
L=-14.003626699088317,dL=-3.002922710493294e-08,std=0
	gnorm= 4.058070923214618e-06
	symmetric= True
	solver time=0.0028297901153564453,exit status=0
	SR solver time= 0.002865314483642578
	symmetric= False
	niter= 22
	niter= 361
	solver time=0.06857728958129883,exit status=0
	RGN solver time= 0.0686187744140625
	xnorm=5.540613730864069,dnorm=0.0038480152801132566
	dense amplitude time= 0.015696287155151367
	total non-zero amplitudes= 4900
	nsamples per process= 50
	sample time= 0.3758809566497803
	self.n= 0.5262277783098193
	RGN updated loss=-14.00362672891625,dloss=-2.9827933900605785e-08
step= 317

nparam= 1004
	dense amplitude time= 0.024447917938232422
	total non-zero amplitudes= 4900
	nsamples per process= 50
	sample time= 1.598923921585083
	self.n= 0.5262277783098189
	collect g,h time= 2.8659520149230957
E=-14.003626728916254,dE=-2.9827937453319464e-08,std=0
L=-14.003626728916254,dL=-2.9827937453319464e-08,std=0
	gnorm= 4.044051631731694e-06
	symmetric= True
	solver time=0.002744436264038086,exit status=0
	SR solver time= 0.0027801990509033203
	symmetric= False
	niter= 22
	niter= 360
	solver time=0.07082772254943848,exit status=0
	RGN solver time= 0.07086610794067383
	xnorm=5.541555416928083,dnorm=0.003835230430286682
	dense amplitude time= 0.01420736312866211
	total non-zero amplitudes= 4900
	nsamples per process= 50
	sample time= 0.3778684139251709
	self.n= 0.5261969015610757
	RGN updated loss=-14.00362675854589,dloss=-2.9629635633909857e-08
step= 318

nparam= 1004
	dense amplitude time= 0.024820327758789062
	total non-zero amplitudes= 4900
	nsamples per process= 50
	sample time= 1.6311354637145996
	self.n= 0.5261969015610753
	collect g,h time= 2.8664982318878174
E=-14.003626758545888,dE=-2.9629633857553017e-08,std=0
L=-14.003626758545888,dL=-2.9629633857553017e-08,std=0
	gnorm= 4.030207518881111e-06
	symmetric= True
	solver time=0.0026900768280029297,exit status=0
	SR solver time= 0.0027256011962890625
	symmetric= False
	niter= 22
	niter= 360
	solver time=0.07259345054626465,exit status=0
	RGN solver time= 0.07263398170471191
	xnorm=5.542493576874532,dnorm=0.0038225922171937505
	dense amplitude time= 0.015868425369262695
	total non-zero amplitudes= 4900
	nsamples per process= 50
	sample time= 0.37479710578918457
	self.n= 0.526166309116875
	RGN updated loss=-14.003626787980165,dloss=-2.9434277237783135e-08
step= 319

nparam= 1004
	dense amplitude time= 0.021944046020507812
	total non-zero amplitudes= 4900
	nsamples per process= 50
	sample time= 1.6098229885101318
	self.n= 0.5261663091168748
	collect g,h time= 2.87367844581604
E=-14.003626787980167,dE=-2.9434279014139975e-08,std=0
L=-14.003626787980167,dL=-2.9434279014139975e-08,std=0
	gnorm= 4.016533037872235e-06
	symmetric= True
	solver time=0.0025081634521484375,exit status=0
	SR solver time= 0.002545595169067383
	symmetric= False
	niter= 22
	niter= 360
	solver time=0.06880760192871094,exit status=0
	RGN solver time= 0.06884407997131348
	xnorm=5.543428258796675,dnorm=0.003810098447776836
	dense amplitude time= 0.013944625854492188
	total non-zero amplitudes= 4900
	nsamples per process= 50
	sample time= 0.3749878406524658
	self.n= 0.526135996425318
	RGN updated loss=-14.003626817221958,dloss=-2.9241791210665724e-08
step= 320

nparam= 1004
	dense amplitude time= 0.02512359619140625
	total non-zero amplitudes= 4900
	nsamples per process= 50
	sample time= 1.5953209400177002
	self.n= 0.5261359964253174
	collect g,h time= 2.866295337677002
E=-14.003626817221962,dE=-2.9241794763379403e-08,std=0
L=-14.003626817221962,dL=-2.9241794763379403e-08,std=0
	gnorm= 4.0030245667380274e-06
	symmetric= True
	solver time=0.0025801658630371094,exit status=0
	SR solver time= 0.0026137828826904297
	symmetric= False
	niter= 22
	niter= 360
	solver time=0.06810712814331055,exit status=0
	RGN solver time= 0.06814265251159668
	xnorm=5.544359509221801,dnorm=0.003797746357307356
	dense amplitude time= 0.013907432556152344
	total non-zero amplitudes= 4900
	nsamples per process= 50
	sample time= 0.3752415180206299
	self.n= 0.526105959195529
	RGN updated loss=-14.003626846274088,dloss=-2.905212603820928e-08
step= 321

nparam= 1004
	dense amplitude time= 0.025839805603027344
	total non-zero amplitudes= 4900
	nsamples per process= 50
	sample time= 1.5925228595733643
	self.n= 0.5261059591955292
	collect g,h time= 2.8656890392303467
E=-14.00362684627409,dE=-2.905212781456612e-08,std=0
L=-14.00362684627409,dL=-2.905212781456612e-08,std=0
	gnorm= 3.989680081791518e-06
	symmetric= True
	solver time=0.002683401107788086,exit status=0
	SR solver time= 0.0027217864990234375
	symmetric= False
	niter= 22
	niter= 360
	solver time=0.0696108341217041,exit status=0
	RGN solver time= 0.06964373588562012
	xnorm=5.545287373420365,dnorm=0.0037855337440754738
	dense amplitude time= 0.0140533447265625
	total non-zero amplitudes= 4900
	nsamples per process= 50
	sample time= 0.376554012298584
	self.n= 0.5260761934083029
	RGN updated loss=-14.003626875139311,dloss=-2.8865221324281265e-08
step= 322

nparam= 1004
	dense amplitude time= 0.024094581604003906
	total non-zero amplitudes= 4900
	nsamples per process= 50
	sample time= 1.609666109085083
	self.n= 0.5260761934083027
	collect g,h time= 2.873516798019409
E=-14.003626875139313,dE=-2.8865223100638104e-08,std=0
L=-14.003626875139313,dL=-2.8865223100638104e-08,std=0
	gnorm= 3.97649627091515e-06
	symmetric= True
	solver time=0.0026493072509765625,exit status=0
	SR solver time= 0.0026869773864746094
	symmetric= False
	niter= 22
	niter= 359
	solver time=0.06950545310974121,exit status=0
	RGN solver time= 0.06953763961791992
	xnorm=5.546211895506705,dnorm=0.0037734583900184597
	dense amplitude time= 0.013793468475341797
	total non-zero amplitudes= 4900
	nsamples per process= 50
	sample time= 0.37645792961120605
	self.n= 0.5260466950943995
	RGN updated loss=-14.003626903820335,dloss=-2.8681022001819656e-08
step= 323

nparam= 1004
	dense amplitude time= 0.0164797306060791
	total non-zero amplitudes= 4900
	nsamples per process= 50
	sample time= 1.6110026836395264
	self.n= 0.5260466950943996
	collect g,h time= 2.88671875
E=-14.003626903820333,dE=-2.8681020225462817e-08,std=0
L=-14.003626903820333,dL=-2.8681020225462817e-08,std=0
	gnorm= 3.963473175852514e-06
	symmetric= True
	solver time=0.002541780471801758,exit status=0
	SR solver time= 0.0025763511657714844
	symmetric= False
	niter= 22
	niter= 359
	solver time=0.06875467300415039,exit status=0
	RGN solver time= 0.06879115104675293
	xnorm=5.547133118458951,dnorm=0.0037615191595633418
	dense amplitude time= 0.01386117935180664
	total non-zero amplitudes= 4900
	nsamples per process= 50
	sample time= 0.37581372261047363
	self.n= 0.5260174607364534
	RGN updated loss=-14.003626932319815,dloss=-2.849948188554663e-08
step= 324

nparam= 1004
	dense amplitude time= 0.013758420944213867
	total non-zero amplitudes= 4900
	nsamples per process= 50
	sample time= 1.596066951751709
	self.n= 0.5260174607364534
	collect g,h time= 2.865755319595337
E=-14.003626932319817,dE=-2.849948366190347e-08,std=0
L=-14.003626932319817,dL=-2.849948366190347e-08,std=0
	gnorm= 3.9506028372102005e-06
	symmetric= True
	solver time=0.00254058837890625,exit status=0
	SR solver time= 0.0025780200958251953
	symmetric= False
	niter= 22
	niter= 359
	solver time=0.06876873970031738,exit status=0
	RGN solver time= 0.06880402565002441
	xnorm=5.548051084714794,dnorm=0.003749714154016272
	dense amplitude time= 0.01392984390258789
	total non-zero amplitudes= 4900
	nsamples per process= 50
	sample time= 0.3751246929168701
	self.n= 0.5259884867361595
	RGN updated loss=-14.003626960640366,dloss=-2.8320549461113842e-08
step= 325

nparam= 1004
	dense amplitude time= 0.018713951110839844
	total non-zero amplitudes= 4900
	nsamples per process= 50
	sample time= 1.5976378917694092
	self.n= 0.5259884867361593
	collect g,h time= 2.868391275405884
E=-14.003626960640368,dE=-2.832055123747068e-08,std=0
L=-14.003626960640368,dL=-2.832055123747068e-08,std=0
	gnorm= 3.937887913970094e-06
	symmetric= True
	solver time=0.0026574134826660156,exit status=0
	SR solver time= 0.00269317626953125
	symmetric= False
	niter= 22
	niter= 358
	solver time=0.07162880897521973,exit status=0
	RGN solver time= 0.07166790962219238
	xnorm=5.548965835476261,dnorm=0.0037380560119435026
	dense amplitude time= 0.014238834381103516
	total non-zero amplitudes= 4900
	nsamples per process= 50
	sample time= 0.38016390800476074
	self.n= 0.5259597696450664
	RGN updated loss=-14.003626988784657,dloss=-2.8144288677367513e-08
step= 326

nparam= 1004
	dense amplitude time= 0.015492916107177734
	total non-zero amplitudes= 4900
	nsamples per process= 50
	sample time= 1.6025676727294922
	self.n= 0.5259597696450666
	collect g,h time= 2.8727126121520996
E=-14.003626988784655,dE=-2.8144286901010673e-08,std=0
L=-14.003626988784655,dL=-2.8144286901010673e-08,std=0
	gnorm= 3.925323345627152e-06
	symmetric= True
	solver time=0.0025267601013183594,exit status=0
	SR solver time= 0.0025620460510253906
	symmetric= False
	niter= 22
	niter= 359
	solver time=0.06850194931030273,exit status=0
	RGN solver time= 0.06853771209716797
	xnorm=5.549877414995428,dnorm=0.0037264869510052513
	dense amplitude time= 0.013934850692749023
	total non-zero amplitudes= 4900
	nsamples per process= 50
	sample time= 0.37500977516174316
	self.n= 0.5259313060540675
	RGN updated loss=-14.003627016754875,dloss=-2.7970219917961003e-08
step= 327

nparam= 1004
	dense amplitude time= 0.01464533805847168
	total non-zero amplitudes= 4900
	nsamples per process= 50
	sample time= 1.5929875373840332
	self.n= 0.5259313060540671
	collect g,h time= 2.8695130348205566
E=-14.003627016754873,dE=-2.7970218141604164e-08,std=0
L=-14.003627016754873,dL=-2.7970218141604164e-08,std=0
	gnorm= 3.912904527668485e-06
	symmetric= True
	solver time=0.002602815628051758,exit status=0
	SR solver time= 0.0026378631591796875
	symmetric= False
	niter= 22
	niter= 358
	solver time=0.06796479225158691,exit status=0
	RGN solver time= 0.06799864768981934
	xnorm=5.550785852813225,dnorm=0.003715065436849053
	dense amplitude time= 0.013903141021728516
	total non-zero amplitudes= 4900
	nsamples per process= 50
	sample time= 0.3753519058227539
	self.n= 0.5259030928843403
	RGN updated loss=-14.003627044553642,dloss=-2.779876950853577e-08
step= 328

nparam= 1004
	dense amplitude time= 0.024046897888183594
	total non-zero amplitudes= 4900
	nsamples per process= 50
	sample time= 1.5952131748199463
	self.n= 0.5259030928843403
	collect g,h time= 2.868994951248169
E=-14.003627044553642,dE=-2.779876950853577e-08,std=0
L=-14.003627044553642,dL=-2.779876950853577e-08,std=0
	gnorm= 3.900631503674873e-06
	symmetric= True
	solver time=0.002503633499145508,exit status=0
	SR solver time= 0.0025463104248046875
	symmetric= False
	niter= 22
	niter= 359
	solver time=0.06770133972167969,exit status=0
	RGN solver time= 0.06773519515991211
	xnorm=5.551691192127427,dnorm=0.003703771529760079
	dense amplitude time= 0.013872623443603516
	total non-zero amplitudes= 4900
	nsamples per process= 50
	sample time= 0.3742523193359375
	self.n= 0.5258751273092953
	RGN updated loss=-14.00362707218337,dloss=-2.7629727838984763e-08
step= 329

nparam= 1004
	dense amplitude time= 0.015368223190307617
	total non-zero amplitudes= 4900
	nsamples per process= 50
	sample time= 1.5979790687561035
	self.n= 0.5258751273092955
	collect g,h time= 2.872596263885498
E=-14.003627072183372,dE=-2.7629729615341603e-08,std=0
L=-14.003627072183372,dL=-2.7629729615341603e-08,std=0
	gnorm= 3.8885025391842976e-06
	symmetric= True
	solver time=0.002588987350463867,exit status=0
	SR solver time= 0.002622842788696289
	symmetric= False
	niter= 22
	niter= 359
	solver time=0.06969642639160156,exit status=0
	RGN solver time= 0.06973552703857422
	xnorm=5.55259347187637,dnorm=0.00369259961614628
	dense amplitude time= 0.014033079147338867
	total non-zero amplitudes= 4900
	nsamples per process= 50
	sample time= 0.3896479606628418
	self.n= 0.5258474060797458
	RGN updated loss=-14.003627099646415,dloss=-2.746304339495964e-08
step= 330

nparam= 1004
	dense amplitude time= 0.02506232261657715
	total non-zero amplitudes= 4900
	nsamples per process= 50
	sample time= 1.6200335025787354
	self.n= 0.5258474060797453
	collect g,h time= 2.871835708618164
E=-14.003627099646419,dE=-2.746304694767332e-08,std=0
L=-14.003627099646419,dL=-2.746304694767332e-08,std=0
	gnorm= 3.876514496399521e-06
	symmetric= True
	solver time=0.0025205612182617188,exit status=0
	SR solver time= 0.0025568008422851562
	symmetric= False
	niter= 22
	niter= 359
	solver time=0.06830310821533203,exit status=0
	RGN solver time= 0.06833672523498535
	xnorm=5.553492728462111,dnorm=0.0036815483774633308
	dense amplitude time= 0.013904094696044922
	total non-zero amplitudes= 4900
	nsamples per process= 50
	sample time= 0.3762626647949219
	self.n= 0.5258199262016564
	RGN updated loss=-14.003627126945089,dloss=-2.7298669991182578e-08
step= 331

nparam= 1004
	dense amplitude time= 0.048467159271240234
	total non-zero amplitudes= 4900
	nsamples per process= 50
	sample time= 1.5955350399017334
	self.n= 0.5258199262016559
	collect g,h time= 2.8884975910186768
E=-14.00362712694509,dE=-2.7298671767539417e-08,std=0
L=-14.00362712694509,dL=-2.7298671767539417e-08,std=0
	gnorm= 3.864665714940163e-06
	symmetric= True
	solver time=0.0026769638061523438,exit status=0
	SR solver time= 0.0027108192443847656
	symmetric= False
	niter= 22
	niter= 359
	solver time=0.06973505020141602,exit status=0
	RGN solver time= 0.0697774887084961
	xnorm=5.554388998137511,dnorm=0.0036706152374311575
	dense amplitude time= 0.013647317886352539
	total non-zero amplitudes= 4900
	nsamples per process= 50
	sample time= 0.37876415252685547
	self.n= 0.5257926850497553
	RGN updated loss=-14.003627154081643,dloss=-2.7136552560591554e-08
step= 332

nparam= 1004
	dense amplitude time= 0.026998043060302734
	total non-zero amplitudes= 4900
	nsamples per process= 50
	sample time= 1.6119160652160645
	self.n= 0.5257926850497552
	collect g,h time= 2.87050724029541
E=-14.003627154081643,dE=-2.7136552560591554e-08,std=0
L=-14.003627154081643,dL=-2.7136552560591554e-08,std=0
	gnorm= 3.852952286619719e-06
	symmetric= True
	solver time=0.0025517940521240234,exit status=0
	SR solver time= 0.0025873184204101562
	symmetric= False
	niter= 22
	niter= 359
	solver time=0.0677797794342041,exit status=0
	RGN solver time= 0.06781554222106934
	xnorm=5.555282316186401,dnorm=0.003659802383592419
	dense amplitude time= 0.013946771621704102
	total non-zero amplitudes= 4900
	nsamples per process= 50
	sample time= 0.3794240951538086
	self.n= 0.5257656799209496
	RGN updated loss=-14.003627181058317,dloss=-2.6976673339618173e-08
step= 333

nparam= 1004
	dense amplitude time= 0.01439976692199707
	total non-zero amplitudes= 4900
	nsamples per process= 50
	sample time= 1.679621934890747
	self.n= 0.5257656799209494
	collect g,h time= 2.89778733253479
E=-14.00362718105832,dE=-2.6976676892331852e-08,std=0
L=-14.00362718105832,dL=-2.6976676892331852e-08,std=0
	gnorm= 3.841372564777762e-06
	symmetric= True
	solver time=0.0025625228881835938,exit status=0
	SR solver time= 0.0025975704193115234
	symmetric= False
	niter= 22
	niter= 359
	solver time=0.06793069839477539,exit status=0
	RGN solver time= 0.06796836853027344
	xnorm=5.556172718286738,dnorm=0.0036491051140604973
	dense amplitude time= 0.013851642608642578
	total non-zero amplitudes= 4900
	nsamples per process= 50
	sample time= 0.3746936321258545
	self.n= 0.5257389079841008
	RGN updated loss=-14.003627207877296,dloss=-2.6818975484843577e-08
step= 334

nparam= 1004
	dense amplitude time= 0.015587329864501953
	total non-zero amplitudes= 4900
	nsamples per process= 50
	sample time= 1.5953760147094727
	self.n= 0.5257389079841011
	collect g,h time= 2.8690991401672363
E=-14.0036272078773,dE=-2.6818979037557256e-08,std=0
L=-14.0036272078773,dL=-2.6818979037557256e-08,std=0
	gnorm= 3.8299240407427856e-06
	symmetric= True
	solver time=0.002656221389770508,exit status=0
	SR solver time= 0.0026900768280029297
	symmetric= False
	niter= 22
	niter= 359
	solver time=0.06861495971679688,exit status=0
	RGN solver time= 0.0686497688293457
	xnorm=5.557060238735098,dnorm=0.003638521619206377
	dense amplitude time= 0.014982223510742188
	total non-zero amplitudes= 4900
	nsamples per process= 50
	sample time= 0.3755054473876953
	self.n= 0.5257123666392023
	RGN updated loss=-14.00362723454073,dloss=-2.6663430574558333e-08
step= 335

nparam= 1004
	dense amplitude time= 0.015407800674438477
	total non-zero amplitudes= 4900
	nsamples per process= 50
	sample time= 1.618743658065796
	self.n= 0.5257123666392018
	collect g,h time= 2.8698806762695312
E=-14.003627234540728,dE=-2.6663428798201494e-08,std=0
L=-14.003627234540728,dL=-2.6663428798201494e-08,std=0
	gnorm= 3.8186053477629406e-06
	symmetric= True
	solver time=0.0025343894958496094,exit status=0
	SR solver time= 0.0025703907012939453
	symmetric= False
	niter= 22
	niter= 359
	solver time=0.06939888000488281,exit status=0
	RGN solver time= 0.06943392753601074
	xnorm=5.557944911097604,dnorm=0.003628050061579633
	dense amplitude time= 0.013953208923339844
	total non-zero amplitudes= 4900
	nsamples per process= 50
	sample time= 0.3757467269897461
	self.n= 0.525686053365961
	RGN updated loss=-14.003627261050699,dloss=-2.6509971107202546e-08
step= 336

nparam= 1004
	dense amplitude time= 0.027280330657958984
	total non-zero amplitudes= 4900
	nsamples per process= 50
	sample time= 1.6293127536773682
	self.n= 0.5256860533659607
	collect g,h time= 2.8907809257507324
E=-14.0036272610507,dE=-2.6509972883559385e-08,std=0
L=-14.0036272610507,dL=-2.6509972883559385e-08,std=0
	gnorm= 3.8074144652295692e-06
	symmetric= True
	solver time=0.0026521682739257812,exit status=0
	SR solver time= 0.0026891231536865234
	symmetric= False
	niter= 22
	niter= 359
	solver time=0.06946539878845215,exit status=0
	RGN solver time= 0.06950187683105469
	xnorm=5.558826768259662,dnorm=0.0036176895441949815
	dense amplitude time= 0.014020442962646484
	total non-zero amplitudes= 4900
	nsamples per process= 50
	sample time= 0.38911867141723633
	self.n= 0.5256599657398334
	RGN updated loss=-14.003627287409278,dloss=-2.635857754285098e-08
step= 337

nparam= 1004
	dense amplitude time= 0.015487909317016602
	total non-zero amplitudes= 4900
	nsamples per process= 50
	sample time= 1.598310947418213
	self.n= 0.5256599657398333
	collect g,h time= 2.868037700653076
E=-14.00362728740928,dE=-2.635857931920782e-08,std=0
L=-14.00362728740928,dL=-2.635857931920782e-08,std=0
	gnorm= 3.796348152457528e-06
	symmetric= True
	solver time=0.0025196075439453125,exit status=0
	SR solver time= 0.0025556087493896484
	symmetric= False
	niter= 22
	niter= 359
	solver time=0.06819319725036621,exit status=0
	RGN solver time= 0.06823134422302246
	xnorm=5.559705843043823,dnorm=0.0036074380814737363
	dense amplitude time= 0.013894319534301758
	total non-zero amplitudes= 4900
	nsamples per process= 50
	sample time= 0.3745150566101074
	self.n= 0.5256341013340828
	RGN updated loss=-14.00362731361849,dloss=-2.6209209025296332e-08
step= 338

nparam= 1004
	dense amplitude time= 0.02627420425415039
	total non-zero amplitudes= 4900
	nsamples per process= 50
	sample time= 1.5964181423187256
	self.n= 0.5256341013340831
	collect g,h time= 2.8694286346435547
E=-14.003627313618487,dE=-2.6209207248939492e-08,std=0
L=-14.003627313618487,dL=-2.6209207248939492e-08,std=0
	gnorm= 3.7854058124215007e-06
	symmetric= True
	solver time=0.002582550048828125,exit status=0
	SR solver time= 0.002619504928588867
	symmetric= False
	niter= 22
	niter= 359
	solver time=0.06847238540649414,exit status=0
	RGN solver time= 0.06850695610046387
	xnorm=5.560582167250708,dnorm=0.0035972924320287177
	dense amplitude time= 0.013952970504760742
	total non-zero amplitudes= 4900
	nsamples per process= 50
	sample time= 0.3757669925689697
	self.n= 0.5256084578368551
	RGN updated loss=-14.003627340982664,dloss=-2.736417670234914e-08
step= 339

nparam= 1004
	dense amplitude time= 0.027971744537353516
	total non-zero amplitudes= 4900
	nsamples per process= 50
	sample time= 1.6060452461242676
	self.n= 0.5256084578368546
	collect g,h time= 2.885253667831421
E=-14.003627340982662,dE=-2.7364174925992302e-08,std=0
L=-14.003627340982662,dL=-2.7364174925992302e-08,std=0
	gnorm= 5.356030931516549e-05
	symmetric= True
	solver time=0.005041360855102539,exit status=0
	SR solver time= 0.005079507827758789
	symmetric= False
	niter= 45
	niter= 312
	solver time=0.06262063980102539,exit status=0
	RGN solver time= 0.06265449523925781
	xnorm=5.561455772067882,dnorm=0.0037030285430204243
	dense amplitude time= 0.013811826705932617
	total non-zero amplitudes= 4900
	nsamples per process= 50
	sample time= 0.3769073486328125
	self.n= 0.5255854435624128
	RGN updated loss=-14.00362735658304,dloss=-1.560037787839974e-08
step= 340

nparam= 1004
	dense amplitude time= 0.02159595489501953
	total non-zero amplitudes= 4900
	nsamples per process= 50
	sample time= 1.6656467914581299
	self.n= 0.5255854435624125
	collect g,h time= 2.8648080825805664
E=-14.003627356583038,dE=-1.56003761020429e-08,std=0
L=-14.003627356583038,dL=-1.56003761020429e-08,std=0
	gnorm= 4.31672692165956e-05
	symmetric= True
	solver time=0.00506138801574707,exit status=0
	SR solver time= 0.005106925964355469
	symmetric= False
	niter= 46
	niter= 312
	solver time=0.05935811996459961,exit status=0
	RGN solver time= 0.05939126014709473
	xnorm=5.562351678103138,dnorm=0.0036271308019000794
	dense amplitude time= 0.013938188552856445
	total non-zero amplitudes= 4900
	nsamples per process= 50
	sample time= 0.3750178813934326
	self.n= 0.5255550777049778
	RGN updated loss=-14.003627391043835,dloss=-3.4460796882740397e-08
step= 341

nparam= 1004
	dense amplitude time= 0.035013675689697266
	total non-zero amplitudes= 4900
	nsamples per process= 50
	sample time= 1.5960993766784668
	self.n= 0.5255550777049778
	collect g,h time= 2.8677988052368164
E=-14.003627391043842,dE=-3.4460803988167754e-08,std=0
L=-14.003627391043842,dL=-3.4460803988167754e-08,std=0
	gnorm= 5.180989685812268e-06
	symmetric= True
	solver time=0.0036983489990234375,exit status=0
	SR solver time= 0.003734111785888672
	symmetric= False
	niter= 33
	niter= 374
	solver time=0.07208538055419922,exit status=0
	RGN solver time= 0.07212996482849121
	xnorm=5.563217331904766,dnorm=0.0035720004056969744
	dense amplitude time= 0.013921499252319336
	total non-zero amplitudes= 4900
	nsamples per process= 50
	sample time= 0.37947940826416016
	self.n= 0.5255305595178573
	RGN updated loss=-14.003627416848836,dloss=-2.5804993697420286e-08
step= 342

nparam= 1004
	dense amplitude time= 0.016904830932617188
	total non-zero amplitudes= 4900
	nsamples per process= 50
	sample time= 1.6087102890014648
	self.n= 0.525530559517857
	collect g,h time= 2.874680519104004
E=-14.003627416848836,dE=-2.5804993697420286e-08,std=0
L=-14.003627416848836,dL=-2.5804993697420286e-08,std=0
	gnorm= 3.7529237127243984e-06
	symmetric= True
	solver time=0.0025763511657714844,exit status=0
	SR solver time= 0.0026106834411621094
	symmetric= False
	niter= 22
	niter= 364
	solver time=0.06952500343322754,exit status=0
	RGN solver time= 0.06956219673156738
	xnorm=5.564080123102167,dnorm=0.0035589747968834983
	dense amplitude time= 0.013888120651245117
	total non-zero amplitudes= 4900
	nsamples per process= 50
	sample time= 0.37508630752563477
	self.n= 0.525506391119535
	RGN updated loss=-14.003627442367451,dloss=-2.5518614776842696e-08
step= 343

nparam= 1004
	dense amplitude time= 0.016748666763305664
	total non-zero amplitudes= 4900
	nsamples per process= 50
	sample time= 1.6678941249847412
	self.n= 0.5255063911195345
	collect g,h time= 2.884765863418579
E=-14.00362744236745,dE=-2.5518613000485857e-08,std=0
L=-14.00362744236745,dL=-2.5518613000485857e-08,std=0
	gnorm= 3.7361079859414968e-06
	symmetric= True
	solver time=0.002670764923095703,exit status=0
	SR solver time= 0.002706766128540039
	symmetric= False
	niter= 22
	niter= 361
	solver time=0.07236933708190918,exit status=0
	RGN solver time= 0.07240509986877441
	xnorm=5.564941166507434,dnorm=0.0035485985879391774
	dense amplitude time= 0.013943910598754883
	total non-zero amplitudes= 4900
	nsamples per process= 50
	sample time= 0.37610960006713867
	self.n= 0.5254822104632002
	RGN updated loss=-14.003627468947283,dloss=-2.6579833445339318e-08
step= 344

nparam= 1004
	dense amplitude time= 0.024504899978637695
	total non-zero amplitudes= 4900
	nsamples per process= 50
	sample time= 1.5950653553009033
	self.n= 0.5254822104631995
	collect g,h time= 2.866271734237671
E=-14.003627468947284,dE=-2.6579835221696158e-08,std=0
L=-14.003627468947284,dL=-2.6579835221696158e-08,std=0
	gnorm= 5.36123570213203e-05
	symmetric= True
	solver time=0.004845142364501953,exit status=0
	SR solver time= 0.004878520965576172
	symmetric= False
	niter= 45
	niter= 312
	solver time=0.05918478965759277,exit status=0
	RGN solver time= 0.059220075607299805
	xnorm=5.565800112453855,dnorm=0.003648424034414226
	dense amplitude time= 0.013944864273071289
	total non-zero amplitudes= 4900
	nsamples per process= 50
	sample time= 0.3745689392089844
	self.n= 0.5254604336939933
	RGN updated loss=-14.003627483841557,dloss=-1.4894272482024462e-08
step= 345

nparam= 1004
	dense amplitude time= 0.02693939208984375
	total non-zero amplitudes= 4900
	nsamples per process= 50
	sample time= 1.6179943084716797
	self.n= 0.5254604336939932
	collect g,h time= 2.886744499206543
E=-14.00362748384156,dE=-1.4894276034738141e-08,std=0
L=-14.00362748384156,dL=-1.4894276034738141e-08,std=0
	gnorm= 4.3249487411896975e-05
	symmetric= True
	solver time=0.005074024200439453,exit status=0
	SR solver time= 0.005115032196044922
	symmetric= False
	niter= 46
	niter= 312
	solver time=0.05981278419494629,exit status=0
	RGN solver time= 0.05984663963317871
	xnorm=5.566681869153364,dnorm=0.0035813728049549783
	dense amplitude time= 0.014070987701416016
	total non-zero amplitudes= 4900
	nsamples per process= 50
	sample time= 0.37586021423339844
	self.n= 0.5254312683053767
	RGN updated loss=-14.003627517681577,dloss=-3.384001701078887e-08
step= 346

nparam= 1004
	dense amplitude time= 0.019155263900756836
	total non-zero amplitudes= 4900
	nsamples per process= 50
	sample time= 1.6253550052642822
	self.n= 0.5254312683053761
	collect g,h time= 2.8711180686950684
E=-14.003627517681576,dE=-3.384001523443203e-08,std=0
L=-14.003627517681576,dL=-3.384001523443203e-08,std=0
	gnorm= 5.139336903281291e-06
	symmetric= True
	solver time=0.003942012786865234,exit status=0
	SR solver time= 0.00397944450378418
	symmetric= False
	niter= 33
	niter= 374
	solver time=0.07523655891418457,exit status=0
	RGN solver time= 0.0752706527709961
	xnorm=5.567533692294267,dnorm=0.0035251854148443517
	dense amplitude time= 0.01552581787109375
	total non-zero amplitudes= 4900
	nsamples per process= 50
	sample time= 0.3909292221069336
	self.n= 0.5254079060465797
	RGN updated loss=-14.003627542820416,dloss=-2.513884034271996e-08
step= 347

nparam= 1004
	dense amplitude time= 0.01767444610595703
	total non-zero amplitudes= 4900
	nsamples per process= 50
	sample time= 1.5979304313659668
	self.n= 0.5254079060465797
	collect g,h time= 2.875227451324463
E=-14.003627542820418,dE=-2.51388421190768e-08,std=0
L=-14.003627542820418,dL=-2.51388421190768e-08,std=0
	gnorm= 3.704789343268574e-06
	symmetric= True
	solver time=0.0026350021362304688,exit status=0
	SR solver time= 0.002669811248779297
	symmetric= False
	niter= 23
	niter= 367
	solver time=0.06966996192932129,exit status=0
	RGN solver time= 0.06970524787902832
	xnorm=5.568383037211507,dnorm=0.0035122226713160945
	dense amplitude time= 0.013939142227172852
	total non-zero amplitudes= 4900
	nsamples per process= 50
	sample time= 0.37471771240234375
	self.n= 0.5253848449179953
	RGN updated loss=-14.003627568826465,dloss=-2.6006047093574125e-08
step= 348

nparam= 1004
	dense amplitude time= 0.016011714935302734
	total non-zero amplitudes= 4900
	nsamples per process= 50
	sample time= 1.6142001152038574
	self.n= 0.5253848449179953
	collect g,h time= 2.8661561012268066
E=-14.003627568826465,dE=-2.6006047093574125e-08,std=0
L=-14.003627568826465,dL=-2.6006047093574125e-08,std=0
	gnorm= 5.364316714668739e-05
	symmetric= True
	solver time=0.004832744598388672,exit status=0
	SR solver time= 0.004870414733886719
	symmetric= False
	niter= 45
	niter= 312
	solver time=0.059677839279174805,exit status=0
	RGN solver time= 0.059710025787353516
	xnorm=5.569230900429274,dnorm=0.0036067997149183263
	dense amplitude time= 0.013919353485107422
	total non-zero amplitudes= 4900
	nsamples per process= 50
	sample time= 0.37597036361694336
	self.n= 0.5253640469782925
	RGN updated loss=-14.003627583188681,dloss=-1.436221630513046e-08
step= 349

nparam= 1004
	dense amplitude time= 0.017206907272338867
	total non-zero amplitudes= 4900
	nsamples per process= 50
	sample time= 1.6009485721588135
	self.n= 0.5253640469782923
	collect g,h time= 2.8652749061584473
E=-14.003627583188678,dE=-1.4362212752416781e-08,std=0
L=-14.003627583188678,dL=-1.4362212752416781e-08,std=0
	gnorm= 4.331735952816696e-05
	symmetric= True
	solver time=0.00530242919921875,exit status=0
	SR solver time= 0.005336761474609375
	symmetric= False
	niter= 46
	niter= 312
	solver time=0.062021493911743164,exit status=0
	RGN solver time= 0.062055110931396484
	xnorm=5.570101947582591,dnorm=0.0035467656687019522
	dense amplitude time= 0.013947486877441406
	total non-zero amplitudes= 4900
	nsamples per process= 50
	sample time= 0.37659144401550293
	self.n= 0.5253358221234327
	RGN updated loss=-14.003627616569803,dloss=-3.3381125419396085e-08
step= 350

nparam= 1004
	dense amplitude time= 0.013941049575805664
	total non-zero amplitudes= 4900
	nsamples per process= 50
	sample time= 1.6477100849151611
	self.n= 0.5253358221234328
	collect g,h time= 2.8641257286071777
E=-14.003627616569801,dE=-3.3381123643039246e-08,std=0
L=-14.003627616569801,dL=-3.3381123643039246e-08,std=0
	gnorm= 5.107535286298474e-06
	symmetric= True
	solver time=0.0036344528198242188,exit status=0
	SR solver time= 0.0036764144897460938
	symmetric= False
	niter= 33
	solver time=0.07422757148742676,exit status=0
	RGN solver time= 0.07427406311035156
	xnorm=5.570943233560162,dnorm=0.003489503142555462
	niter= 374
	dense amplitude time= 0.014958858489990234
	total non-zero amplitudes= 4900
	nsamples per process= 50
	sample time= 0.37502551078796387
	self.n= 0.5253133556491988
	RGN updated loss=-14.003627642488032,dloss=-2.5918231116861534e-08
step= 351

nparam= 1004
	dense amplitude time= 0.03754925727844238
	total non-zero amplitudes= 4900
	nsamples per process= 50
	sample time= 1.5948715209960938
	self.n= 0.5253133556491982
	collect g,h time= 2.864143133163452
E=-14.003627642488029,dE=-2.5918227564147855e-08,std=0
L=-14.003627642488029,dL=-2.5918227564147855e-08,std=0
	gnorm= 5.344755671863866e-05
	symmetric= True
	solver time=0.004961490631103516,exit status=0
	SR solver time= 0.005003213882446289
	symmetric= False
	niter= 45
	niter= 312
	solver time=0.0605466365814209,exit status=0
	RGN solver time= 0.060579538345336914
	xnorm=5.57178230480514,dnorm=0.003570540712580613
	dense amplitude time= 0.013908863067626953
	total non-zero amplitudes= 4900
	nsamples per process= 50
	sample time= 0.375302791595459
	self.n= 0.5252934254037385
	RGN updated loss=-14.003627656273022,dloss=-1.3784992702881027e-08
step= 352

nparam= 1004
	dense amplitude time= 0.02876591682434082
	total non-zero amplitudes= 4900
	nsamples per process= 50
	sample time= 1.6031544208526611
	self.n= 0.5252934254037388
	collect g,h time= 2.882132053375244
E=-14.003627656273018,dE=-1.3784989150167348e-08,std=0
L=-14.003627656273018,dL=-1.3784989150167348e-08,std=0
	gnorm= 4.334221871954246e-05
	symmetric= True
	solver time=0.004965782165527344,exit status=0
	SR solver time= 0.005002498626708984
	symmetric= False
	niter= 46
	niter= 312
	solver time=0.05956625938415527,exit status=0
	RGN solver time= 0.05959892272949219
	xnorm=5.5726451560424195,dnorm=0.003523350942627436
	dense amplitude time= 0.013916254043579102
	total non-zero amplitudes= 4900
	nsamples per process= 50
	sample time= 0.37679123878479004
	self.n= 0.525266009902513
	RGN updated loss=-14.003627689356737,dloss=-3.30837188755595e-08
step= 353

nparam= 1004
	dense amplitude time= 0.01737070083618164
	total non-zero amplitudes= 4900
	nsamples per process= 50
	sample time= 1.6194002628326416
	self.n= 0.5252660099025125
	collect g,h time= 2.8814821243286133
E=-14.003627689356742,dE=-3.3083724204630016e-08,std=0
L=-14.003627689356742,dL=-3.3083724204630016e-08,std=0
	gnorm= 5.087860270135829e-06
	symmetric= True
	niter= 33
	solver time=0.0037431716918945312,exit status=0
	SR solver time= 0.003780841827392578
	symmetric= False
	niter= 374
	solver time=0.07280540466308594,exit status=0
	RGN solver time= 0.07283949851989746
	xnorm=5.573478471007399,dnorm=0.0034642493918587178
	dense amplitude time= 0.01388096809387207
	total non-zero amplitudes= 4900
	nsamples per process= 50
	sample time= 0.3786604404449463
	self.n= 0.5252442657865545
	RGN updated loss=-14.003627714839466,dloss=-2.5482723486902614e-08
step= 354

nparam= 1004
	dense amplitude time= 0.0185391902923584
	total non-zero amplitudes= 4900
	nsamples per process= 50
	sample time= 1.6251463890075684
	self.n= 0.5252442657865541
	collect g,h time= 2.8865437507629395
E=-14.003627714839467,dE=-2.5482725263259454e-08,std=0
L=-14.003627714839467,dL=-2.5482725263259454e-08,std=0
	gnorm= 5.349723260641408e-05
	symmetric= True
	solver time=0.004988908767700195,exit status=0
	SR solver time= 0.00502324104309082
	symmetric= False
	niter= 45
	niter= 312
	solver time=0.060901641845703125,exit status=0
	RGN solver time= 0.06094050407409668
	xnorm=5.574309848469321,dnorm=0.0035430214121829917
	dense amplitude time= 0.013927221298217773
	total non-zero amplitudes= 4900
	nsamples per process= 50
	sample time= 0.37696194648742676
	self.n= 0.5252249667998308
	RGN updated loss=-14.003627728308956,dloss=-1.346948863556463e-08
step= 355

nparam= 1004
	dense amplitude time= 0.015198945999145508
	total non-zero amplitudes= 4900
	nsamples per process= 50
	sample time= 1.608412504196167
	self.n= 0.5252249667998306
	collect g,h time= 2.8896238803863525
E=-14.00362772830896,dE=-1.346949218827831e-08,std=0
L=-14.00362772830896,dL=-1.346949218827831e-08,std=0
	gnorm= 4.3401384267285364e-05
	symmetric= True
	solver time=0.005147218704223633,exit status=0
	SR solver time= 0.005187034606933594
	symmetric= False
	niter= 46
	niter= 312
	solver time=0.05978965759277344,exit status=0
	RGN solver time= 0.059822797775268555
	xnorm=5.575165232126249,dnorm=0.0034988545764207068
	dense amplitude time= 0.013645410537719727
	total non-zero amplitudes= 4900
	nsamples per process= 50
	sample time= 0.376751184463501
	self.n= 0.5251981825608977
	RGN updated loss=-14.003627761074217,dloss=-3.27652571741055e-08
step= 356

nparam= 1004
	dense amplitude time= 0.025247573852539062
	total non-zero amplitudes= 4900
	nsamples per process= 50
	sample time= 1.6355690956115723
	self.n= 0.525198182560898
	collect g,h time= 2.8751442432403564
E=-14.003627761074215,dE=-3.276525539774866e-08,std=0
L=-14.003627761074215,dL=-3.276525539774866e-08,std=0
	gnorm= 5.064507152322543e-06
	symmetric= True
	solver time=0.0038678646087646484,exit status=0
	SR solver time= 0.003904581069946289
	symmetric= False
	niter= 33
	niter= 374
	solver time=0.07265686988830566,exit status=0
	RGN solver time= 0.07269620895385742
	xnorm=5.575991188420784,dnorm=0.003439119703492209
	dense amplitude time= 0.016019821166992188
	total non-zero amplitudes= 4900
	nsamples per process= 50
	sample time= 0.3835587501525879
	self.n= 0.5251770570043747
	RGN updated loss=-14.003627786083968,dloss=-2.5009752491200743e-08
step= 357

nparam= 1004
	dense amplitude time= 0.023694515228271484
	total non-zero amplitudes= 4900
	nsamples per process= 50
	sample time= 1.6184489727020264
	self.n= 0.525177057004375
	collect g,h time= 2.8778769969940186
E=-14.003627786083968,dE=-2.5009752491200743e-08,std=0
L=-14.003627786083968,dL=-2.5009752491200743e-08,std=0
	gnorm= 5.356533891394546e-05
	symmetric= True
	solver time=0.004919767379760742,exit status=0
	SR solver time= 0.0049555301666259766
	symmetric= False
	niter= 45
	niter= 312
	solver time=0.0594179630279541,exit status=0
	RGN solver time= 0.059450387954711914
	xnorm=5.576815369520336,dnorm=0.0035176841143843194
	dense amplitude time= 0.013902902603149414
	total non-zero amplitudes= 4900
	nsamples per process= 50
	sample time= 0.375885009765625
	self.n= 0.5251583239008878
	RGN updated loss=-14.003627799291095,dloss=-1.3207127835812571e-08
step= 358

nparam= 1004
	dense amplitude time= 0.02627420425415039
	total non-zero amplitudes= 4900
	nsamples per process= 50
	sample time= 1.5975120067596436
	self.n= 0.5251583239008873
	collect g,h time= 2.8765323162078857
E=-14.003627799291097,dE=-1.320712961216941e-08,std=0
L=-14.003627799291097,dL=-1.320712961216941e-08,std=0
	gnorm= 4.347185278542465e-05
	symmetric= True
	solver time=0.005055427551269531,exit status=0
	SR solver time= 0.0050907135009765625
	symmetric= False
	niter= 46
	niter= 312
	solver time=0.05992436408996582,exit status=0
	RGN solver time= 0.05995798110961914
	xnorm=5.577663697158065,dnorm=0.0034746324575856834
	dense amplitude time= 0.013881444931030273
	total non-zero amplitudes= 4900
	nsamples per process= 50
	sample time= 0.37465715408325195
	self.n= 0.5251321237587603
	RGN updated loss=-14.0036278317465,dloss=-3.2455403697895235e-08
step= 359

nparam= 1004
	dense amplitude time= 0.015338897705078125
	total non-zero amplitudes= 4900
	nsamples per process= 50
	sample time= 1.5990054607391357
	self.n= 0.5251321237587603
	collect g,h time= 2.8778035640716553
E=-14.0036278317465,dE=-3.2455403697895235e-08,std=0
L=-14.0036278317465,dL=-3.2455403697895235e-08,std=0
	gnorm= 5.040934864430771e-06
	symmetric= True
	solver time=0.003732442855834961,exit status=0
	SR solver time= 0.0037670135498046875
	symmetric= False
	niter= 33
	niter= 374
	solver time=0.07154393196105957,exit status=0
	RGN solver time= 0.07157683372497559
	xnorm=5.578482645468054,dnorm=0.0034145042566811564
	dense amplitude time= 0.013965845108032227
	total non-zero amplitudes= 4900
	nsamples per process= 50
	sample time= 0.3760387897491455
	self.n= 0.5251115825102544
	RGN updated loss=-14.003627856276513,dloss=-2.4530011799583917e-08
step= 360

nparam= 1004
	dense amplitude time= 0.02635955810546875
	total non-zero amplitudes= 4900
	nsamples per process= 50
	sample time= 1.5991218090057373
	self.n= 0.5251115825102541
	collect g,h time= 2.872359037399292
E=-14.00362785627651,dE=-2.4530010023227078e-08,std=0
L=-14.00362785627651,dL=-2.4530010023227078e-08,std=0
	gnorm= 5.364082896350128e-05
	symmetric= True
	solver time=0.005100727081298828,exit status=0
	SR solver time= 0.005141735076904297
	symmetric= False
	niter= 45
	niter= 312
	solver time=0.06370806694030762,exit status=0
	RGN solver time= 0.06374430656433105
	xnorm=5.57929995008012,dnorm=0.003493603139446515
	dense amplitude time= 0.016265153884887695
	total non-zero amplitudes= 4900
	nsamples per process= 50
	sample time= 0.37750911712646484
	self.n= 0.5250933879999572
	RGN updated loss=-14.003627869626278,dloss=-1.3349767513659572e-08
step= 361

nparam= 1004
	dense amplitude time= 0.028650283813476562
	total non-zero amplitudes= 4900
	nsamples per process= 50
	sample time= 1.6204493045806885
	self.n= 0.5250933879999571
	collect g,h time= 2.8751862049102783
E=-14.00362786962628,dE=-1.3349769290016411e-08,std=0
L=-14.00362786962628,dL=-1.3349769290016411e-08,std=0
	gnorm= 4.460880863929129e-05
	symmetric= True
	solver time=0.005086660385131836,exit status=0
	SR solver time= 0.00512242317199707
	symmetric= False
	niter= 46
	niter= 312
	solver time=0.060561180114746094,exit status=0
	RGN solver time= 0.06059408187866211
	xnorm=5.580141523112608,dnorm=0.0034627655031587976
	dense amplitude time= 0.01401972770690918
	total non-zero amplitudes= 4900
	nsamples per process= 50
	sample time= 0.3758389949798584
	self.n= 0.5250639808130086
	RGN updated loss=-14.003627902324034,dloss=-3.269775383785145e-08
step= 362

nparam= 1004
	dense amplitude time= 0.026999473571777344
	total non-zero amplitudes= 4900
	nsamples per process= 50
	sample time= 1.6145658493041992
	self.n= 0.5250639808130082
	collect g,h time= 2.876734733581543
E=-14.003627902324036,dE=-3.269775561420829e-08,std=0
L=-14.003627902324036,dL=-3.269775561420829e-08,std=0
	gnorm= 5.050692518445838e-06
	symmetric= True
	solver time=0.003732442855834961,exit status=0
	SR solver time= 0.003771543502807617
	symmetric= False
	niter= 33
	niter= 374
	solver time=0.07146096229553223,exit status=0
	RGN solver time= 0.07149481773376465
	xnorm=5.580942646443449,dnorm=0.0033964654529853896
	dense amplitude time= 0.01388239860534668
	total non-zero amplitudes= 4900
	nsamples per process= 50
	sample time= 0.3761615753173828
	self.n= 0.5250449222619683
	RGN updated loss=-14.00362792646197,dloss=-2.4137934317991494e-08
step= 363

nparam= 1004
	dense amplitude time= 0.014409542083740234
	total non-zero amplitudes= 4900
	nsamples per process= 50
	sample time= 1.6151156425476074
	self.n= 0.5250449222619684
	collect g,h time= 2.898515224456787
E=-14.00362792646197,dE=-2.4137934317991494e-08,std=0
L=-14.00362792646197,dL=-2.4137934317991494e-08,std=0
	gnorm= 5.348098070309027e-05
	symmetric= True
	solver time=0.00485992431640625,exit status=0
	SR solver time= 0.004895448684692383
	symmetric= False
	niter= 45
	niter= 312
	solver time=0.05940651893615723,exit status=0
	RGN solver time= 0.05944013595581055
	xnorm=5.581745284935748,dnorm=0.0034745498244199264
	dense amplitude time= 0.013836145401000977
	total non-zero amplitudes= 4900
	nsamples per process= 50
	sample time= 0.3753979206085205
	self.n= 0.5250289358706497
	RGN updated loss=-14.00362793937964,dloss=-1.29176704888323e-08
step= 364

nparam= 1004
	dense amplitude time= 0.020158767700195312
	total non-zero amplitudes= 4900
	nsamples per process= 50
	sample time= 1.597827434539795
	self.n= 0.5250289358706497
	collect g,h time= 2.878164768218994
E=-14.00362793937964,dE=-1.29176704888323e-08,std=0
L=-14.00362793937964,dL=-1.29176704888323e-08,std=0
	gnorm= 4.331348306988419e-05
	symmetric= True
	solver time=0.0049707889556884766,exit status=0
	SR solver time= 0.0050067901611328125
	symmetric= False
	niter= 46
	niter= 312
	solver time=0.05896139144897461,exit status=0
	RGN solver time= 0.058995723724365234
	xnorm=5.5825745898705685,dnorm=0.0034312639546970414
	dense amplitude time= 0.013905763626098633
	total non-zero amplitudes= 4900
	nsamples per process= 50
	sample time= 0.3748807907104492
	self.n= 0.5250051234413693
	RGN updated loss=-14.003627971180624,dloss=-3.180098318011915e-08
step= 365

nparam= 1004
	dense amplitude time= 0.01577925682067871
	total non-zero amplitudes= 4900
	nsamples per process= 50
	sample time= 1.599635124206543
	self.n= 0.5250051234413684
	collect g,h time= 2.8902297019958496
E=-14.003627971180622,dE=-3.180098140376231e-08,std=0
L=-14.003627971180622,dL=-3.180098140376231e-08,std=0
	gnorm= 5.125835038251578e-06
	symmetric= True
	solver time=0.003760099411010742,exit status=0
	SR solver time= 0.003793478012084961
	symmetric= False
	niter= 34
	niter= 374
	solver time=0.07058095932006836,exit status=0
	RGN solver time= 0.07061481475830078
	xnorm=5.583375890509665,dnorm=0.0033707623062297193
	dense amplitude time= 0.013844966888427734
	total non-zero amplitudes= 4900
	nsamples per process= 50
	sample time= 0.3754303455352783
	self.n= 0.5249870590355697
	RGN updated loss=-14.00362799480331,dloss=-2.3622687805868736e-08
step= 366

nparam= 1004
	dense amplitude time= 0.014260053634643555
	total non-zero amplitudes= 4900
	nsamples per process= 50
	sample time= 1.6024441719055176
	self.n= 0.5249870590355696
	collect g,h time= 2.88261342048645
E=-14.003627994803308,dE=-2.3622686029511897e-08,std=0
L=-14.003627994803308,dL=-2.3622686029511897e-08,std=0
	gnorm= 5.380949534051085e-05
	symmetric= True
	solver time=0.004729032516479492,exit status=0
	SR solver time= 0.004767179489135742
	symmetric= False
	niter= 44
	solver time=0.06190371513366699,exit status=0
	RGN solver time= 0.061945199966430664
	xnorm=5.584176968016983,dnorm=0.003450778579752417
	niter= 312
	dense amplitude time= 0.015103340148925781
	total non-zero amplitudes= 4900
	nsamples per process= 50
	sample time= 0.3752710819244385
	self.n= 0.5249712519313879
	RGN updated loss=-14.003628007527507,dloss=-1.2724198583669022e-08
step= 367

nparam= 1004
	dense amplitude time= 0.01549077033996582
	total non-zero amplitudes= 4900
	nsamples per process= 50
	sample time= 1.5991160869598389
	self.n= 0.5249712519313878
	collect g,h time= 2.8730990886688232
E=-14.003628007527508,dE=-1.2724200360025861e-08,std=0
L=-14.003628007527508,dL=-1.2724200360025861e-08,std=0
	gnorm= 4.339037651462451e-05
	symmetric= True
	solver time=0.0049228668212890625,exit status=0
	SR solver time= 0.004961967468261719
	symmetric= False
	niter= 46
	niter= 312
	solver time=0.05962061882019043,exit status=0
	RGN solver time= 0.05965232849121094
	xnorm=5.585003454686027,dnorm=0.003407825473684786
	dense amplitude time= 0.014182567596435547
	total non-zero amplitudes= 4900
	nsamples per process= 50
	sample time= 0.3756675720214844
	self.n= 0.5249475376961054
	RGN updated loss=-14.003628039116318,dloss=-3.158880979015066e-08
step= 368

nparam= 1004
	dense amplitude time= 0.02539801597595215
	total non-zero amplitudes= 4900
	nsamples per process= 50
	sample time= 1.6562724113464355
	self.n= 0.5249475376961052
	collect g,h time= 2.9096314907073975
E=-14.003628039116318,dE=-3.158880979015066e-08,std=0
L=-14.003628039116318,dL=-3.158880979015066e-08,std=0
	gnorm= 5.467830197445338e-06
	symmetric= True
	solver time=0.00383758544921875,exit status=0
	SR solver time= 0.003872394561767578
	symmetric= False
	niter= 34
	niter= 374
	solver time=0.0725412368774414,exit status=0
	RGN solver time= 0.07257866859436035
	xnorm=5.58580119295433,dnorm=0.0033472871605885416
	dense amplitude time= 0.014248847961425781
	total non-zero amplitudes= 4900
	nsamples per process= 50
	sample time= 0.38374948501586914
	self.n= 0.524929898254718
	RGN updated loss=-14.003628062232456,dloss=-2.3116138336831682e-08
step= 369

nparam= 1004
	dense amplitude time= 0.015440940856933594
	total non-zero amplitudes= 4900
	nsamples per process= 50
	sample time= 1.5982253551483154
	self.n= 0.5249298982547184
	collect g,h time= 2.873384714126587
E=-14.003628062232458,dE=-2.311614011318852e-08,std=0
L=-14.003628062232458,dL=-2.311614011318852e-08,std=0
	gnorm= 5.391114568459082e-05
	symmetric= True
	solver time=0.004724264144897461,exit status=0
	SR solver time= 0.004761219024658203
	symmetric= False
	niter= 44
	niter= 312
	solver time=0.05895829200744629,exit status=0
	RGN solver time= 0.05899238586425781
	xnorm=5.586597856934188,dnorm=0.0034296250209913098
	dense amplitude time= 0.013936519622802734
	total non-zero amplitudes= 4900
	nsamples per process= 50
	sample time= 0.37490344047546387
	self.n= 0.524914344588549
	RGN updated loss=-14.00362807476815,dloss=-1.2535691595871867e-08
step= 370

nparam= 1004
	dense amplitude time= 0.026486635208129883
	total non-zero amplitudes= 4900
	nsamples per process= 50
	sample time= 1.6653757095336914
	self.n= 0.5249143445885486
	collect g,h time= 2.9044578075408936
E=-14.003628074768153,dE=-1.2535695148585546e-08,std=0
L=-14.003628074768153,dL=-1.2535695148585546e-08,std=0
	gnorm= 4.327585930080738e-05
	symmetric= True
	solver time=0.004957437515258789,exit status=0
	SR solver time= 0.004996061325073242
	symmetric= False
	niter= 46
	niter= 312
	solver time=0.05974316596984863,exit status=0
	RGN solver time= 0.05977439880371094
	xnorm=5.587420327032487,dnorm=0.003386485951413311
	dense amplitude time= 0.01389002799987793
	total non-zero amplitudes= 4900
	nsamples per process= 50
	sample time= 0.3788485527038574
	self.n= 0.524890633976085
	RGN updated loss=-14.003628106040363,dloss=-3.1272209710664356e-08
step= 371

nparam= 1004
	dense amplitude time= 0.040575504302978516
	total non-zero amplitudes= 4900
	nsamples per process= 50
	sample time= 1.6000003814697266
	self.n= 0.5248906339760842
	collect g,h time= 2.896355390548706
E=-14.003628106040363,dE=-3.1272209710664356e-08,std=0
L=-14.003628106040363,dL=-3.1272209710664356e-08,std=0
	gnorm= 5.441792474059178e-06
	symmetric= True
	solver time=0.003936290740966797,exit status=0
	SR solver time= 0.003973245620727539
	symmetric= False
	niter= 34
	niter= 374
	solver time=0.07291698455810547,exit status=0
	RGN solver time= 0.0729520320892334
	xnorm=5.588214217649721,dnorm=0.0033247138431199775
	dense amplitude time= 0.013839960098266602
	total non-zero amplitudes= 4900
	nsamples per process= 50
	sample time= 0.3785858154296875
	self.n= 0.5248732054558408
	RGN updated loss=-14.003628128700784,dloss=-2.2660421095110905e-08
step= 372

nparam= 1004
	dense amplitude time= 0.024041175842285156
	total non-zero amplitudes= 4900
	nsamples per process= 50
	sample time= 1.6356620788574219
	self.n= 0.5248732054558405
	collect g,h time= 2.87732195854187
E=-14.003628128700784,dE=-2.2660421095110905e-08,std=0
L=-14.003628128700784,dL=-2.2660421095110905e-08,std=0
	gnorm= 5.398956386269558e-05
	symmetric= True
	solver time=0.005053997039794922,exit status=0
	SR solver time= 0.005092144012451172
	symmetric= False
	niter= 44
	niter= 312
	solver time=0.06054258346557617,exit status=0
	RGN solver time= 0.06057453155517578
	xnorm=5.589006384981911,dnorm=0.003407892668434398
	dense amplitude time= 0.013843059539794922
	total non-zero amplitudes= 4900
	nsamples per process= 50
	sample time= 0.3791379928588867
	self.n= 0.5248579514704953
	RGN updated loss=-14.003628141040384,dloss=-1.2339599564370474e-08
step= 373

nparam= 1004
	dense amplitude time= 0.014560699462890625
	total non-zero amplitudes= 4900
	nsamples per process= 50
	sample time= 1.6298649311065674
	self.n= 0.5248579514704952
	collect g,h time= 2.8754560947418213
E=-14.003628141040384,dE=-1.2339599564370474e-08,std=0
L=-14.003628141040384,dL=-1.2339599564370474e-08,std=0
	gnorm= 4.335531856222684e-05
	symmetric= True
	solver time=0.005285739898681641,exit status=0
	SR solver time= 0.005322456359863281
	symmetric= False
	niter= 46
	niter= 312
	solver time=0.060686349868774414,exit status=0
	RGN solver time= 0.06071925163269043
	xnorm=5.589824175458413,dnorm=0.0033650338111886465
	dense amplitude time= 0.013923168182373047
	total non-zero amplitudes= 4900
	nsamples per process= 50
	sample time= 0.37756872177124023
	self.n= 0.5248346049154136
	RGN updated loss=-14.003628172062097,dloss=-3.102171319824265e-08
step= 374

nparam= 1004
	dense amplitude time= 0.014884471893310547
	total non-zero amplitudes= 4900
	nsamples per process= 50
	sample time= 1.619166612625122
	self.n= 0.5248346049154133
	collect g,h time= 2.8823530673980713
E=-14.003628172062095,dE=-3.102171142188581e-08,std=0
L=-14.003628172062095,dL=-3.102171142188581e-08,std=0
	gnorm= 5.42358067794372e-06
	symmetric= True
	solver time=0.003942251205444336,exit status=0
	SR solver time= 0.003981828689575195
	symmetric= False
	niter= 35
	niter= 374
	solver time=0.07257366180419922,exit status=0
	RGN solver time= 0.07260894775390625
	xnorm=5.590613199844999,dnorm=0.0033027880635378517
	dense amplitude time= 0.013967752456665039
	total non-zero amplitudes= 4900
	nsamples per process= 50
	sample time= 0.37671661376953125
	self.n= 0.524817565137043
	RGN updated loss=-14.003628194273213,dloss=-2.2211118277937203e-08
step= 375

nparam= 1004
	dense amplitude time= 0.01477670669555664
	total non-zero amplitudes= 4900
	nsamples per process= 50
	sample time= 1.616349697113037
	self.n= 0.5248175651370419
	collect g,h time= 2.874932289123535
E=-14.003628194273217,dE=-2.2211121830650882e-08,std=0
L=-14.003628194273217,dL=-2.2211121830650882e-08,std=0
	gnorm= 5.4071685819479906e-05
	symmetric= True
	solver time=0.0049936771392822266,exit status=0
	SR solver time= 0.005033016204833984
	symmetric= False
	niter= 45
	niter= 312
	solver time=0.059892892837524414,exit status=0
	RGN solver time= 0.05992770195007324
	xnorm=5.591400422545838,dnorm=0.003387045388139529
	dense amplitude time= 0.013916969299316406
	total non-zero amplitudes= 4900
	nsamples per process= 50
	sample time= 0.3773975372314453
	self.n= 0.5248026671991393
	RGN updated loss=-14.00362820643468,dloss=-1.2161462947801738e-08
step= 376

nparam= 1004
	dense amplitude time= 0.021218538284301758
	total non-zero amplitudes= 4900
	nsamples per process= 50
	sample time= 1.595414400100708
	self.n= 0.524802667199139
	collect g,h time= 2.8732693195343018
E=-14.003628206434678,dE=-1.2161461171444898e-08,std=0
L=-14.003628206434678,dL=-1.2161461171444898e-08,std=0
	gnorm= 4.343686201926392e-05
	symmetric= True
	solver time=0.0051271915435791016,exit status=0
	SR solver time= 0.005164146423339844
	symmetric= False
	niter= 46
	niter= 312
	solver time=0.05930805206298828,exit status=0
	RGN solver time= 0.0593416690826416
	xnorm=5.5922132469923564,dnorm=0.003344095522267115
	dense amplitude time= 0.014055013656616211
	total non-zero amplitudes= 4900
	nsamples per process= 50
	sample time= 0.3758065700531006
	self.n= 0.5247797010700709
	RGN updated loss=-14.003628238536725,dloss=-3.210204724268806e-08
step= 377

nparam= 1004
	dense amplitude time= 0.01542210578918457
	total non-zero amplitudes= 4900
	nsamples per process= 50
	sample time= 1.6364731788635254
	self.n= 0.5247797010700708
	collect g,h time= 2.867366075515747
E=-14.003628238536727,dE=-3.21020490190449e-08,std=0
L=-14.003628238536727,dL=-3.21020490190449e-08,std=0
	gnorm= 5.008307348506801e-05
	symmetric= True
	solver time=0.004969358444213867,exit status=0
	SR solver time= 0.0050051212310791016
	symmetric= False
	niter= 45
	niter= 312
	solver time=0.059487104415893555,exit status=0
	RGN solver time= 0.05952143669128418
	xnorm=5.59299719410614,dnorm=0.003347965511350412
	dense amplitude time= 0.01398015022277832
	total non-zero amplitudes= 4900
	nsamples per process= 50
	sample time= 0.3765580654144287
	self.n= 0.5247651701359082
	RGN updated loss=-14.003628249263782,dloss=-1.0727054799986036e-08
step= 378

nparam= 1004
	dense amplitude time= 0.026118993759155273
	total non-zero amplitudes= 4900
	nsamples per process= 50
	sample time= 1.6053528785705566
	self.n= 0.524765170135908
	collect g,h time= 2.884162664413452
E=-14.003628249263784,dE=-1.0727056576342875e-08,std=0
L=-14.003628249263784,dL=-1.0727056576342875e-08,std=0
	gnorm= 4.3497640870920006e-05
	symmetric= True
	solver time=0.004950761795043945,exit status=0
	SR solver time= 0.004988670349121094
	symmetric= False
	niter= 46
	niter= 312
	solver time=0.059177398681640625,exit status=0
	RGN solver time= 0.059212446212768555
	xnorm=5.593804704589542,dnorm=0.003336953426385701
	dense amplitude time= 0.013905525207519531
	total non-zero amplitudes= 4900
	nsamples per process= 50
	sample time= 0.37462282180786133
	self.n= 0.5247429035554271
	RGN updated loss=-14.003628280067009,dloss=-3.08032248597101e-08
step= 379

nparam= 1004
	dense amplitude time= 0.014009475708007812
	total non-zero amplitudes= 4900
	nsamples per process= 50
	sample time= 1.5968635082244873
	self.n= 0.5247429035554262
	collect g,h time= 2.8975417613983154
E=-14.003628280067007,dE=-3.080322308335326e-08,std=0
L=-14.003628280067007,dL=-3.080322308335326e-08,std=0
	gnorm= 5.411154518101868e-06
	symmetric= True
	solver time=0.003916501998901367,exit status=0
	SR solver time= 0.003954410552978516
	symmetric= False
	niter= 35
	niter= 374
	solver time=0.0706794261932373,exit status=0
	RGN solver time= 0.07071447372436523
	xnorm=5.594584264687138,dnorm=0.0032696125499774853
	dense amplitude time= 0.013620376586914062
	total non-zero amplitudes= 4900
	nsamples per process= 50
	sample time= 0.37508416175842285
	self.n= 0.5247267558631332
	RGN updated loss=-14.003628301680799,dloss=-2.1613791645336278e-08
step= 380

nparam= 1004
	dense amplitude time= 0.028686046600341797
	total non-zero amplitudes= 4900
	nsamples per process= 50
	sample time= 1.6039128303527832
	self.n= 0.5247267558631331
	collect g,h time= 2.8737497329711914
E=-14.003628301680797,dE=-2.1613789868979438e-08,std=0
L=-14.003628301680797,dL=-2.1613789868979438e-08,std=0
	gnorm= 5.416529498608294e-05
	symmetric= True
	solver time=0.004831075668334961,exit status=0
	SR solver time= 0.0048675537109375
	symmetric= False
	niter= 44
	niter= 312
	solver time=0.06070685386657715,exit status=0
	RGN solver time= 0.0607452392578125
	xnorm=5.595362283882199,dnorm=0.003350324245269929
	dense amplitude time= 0.015607118606567383
	total non-zero amplitudes= 4900
	nsamples per process= 50
	sample time= 0.37552475929260254
	self.n= 0.5247125811776412
	RGN updated loss=-14.003628313477503,dloss=-1.179670583439929e-08
step= 381

nparam= 1004
	dense amplitude time= 0.03239774703979492
	total non-zero amplitudes= 4900
	nsamples per process= 50
	sample time= 1.6175320148468018
	self.n= 0.5247125811776403
	collect g,h time= 2.875170946121216
E=-14.003628313477504,dE=-1.179670761075613e-08,std=0
L=-14.003628313477504,dL=-1.179670761075613e-08,std=0
	gnorm= 4.3546576770431e-05
	symmetric= True
	solver time=0.005055665969848633,exit status=0
	SR solver time= 0.0051021575927734375
	symmetric= False
	niter= 46
	niter= 312
	solver time=0.060529232025146484,exit status=0
	RGN solver time= 0.060565948486328125
	xnorm=5.596166125015446,dnorm=0.003311600374947984
	dense amplitude time= 0.013841629028320312
	total non-zero amplitudes= 4900
	nsamples per process= 50
	sample time= 0.37975287437438965
	self.n= 0.5246903280288538
	RGN updated loss=-14.003628344997935,dloss=-3.152043070997479e-08
step= 382

nparam= 1004
	dense amplitude time= 0.01561284065246582
	total non-zero amplitudes= 4900
	nsamples per process= 50
	sample time= 1.6109259128570557
	self.n= 0.5246903280288528
	collect g,h time= 2.8696134090423584
E=-14.003628344997937,dE=-3.152043248633163e-08,std=0
L=-14.003628344997937,dL=-3.152043248633163e-08,std=0
	gnorm= 5.0212478029538296e-05
	symmetric= True
	solver time=0.004909515380859375,exit status=0
	SR solver time= 0.004945039749145508
	symmetric= False
	niter= 45
	solver time=0.06311249732971191,exit status=0
	RGN solver time= 0.0631563663482666
	xnorm=5.596941093286932,dnorm=0.003313509548166163
	niter= 312
	dense amplitude time= 0.01495671272277832
	total non-zero amplitudes= 4900
	nsamples per process= 50
	sample time= 0.3754310607910156
	self.n= 0.5246764507676207
	RGN updated loss=-14.003628355413277,dloss=-1.041533970180808e-08
step= 383

nparam= 1004
	dense amplitude time= 0.017660140991210938
	total non-zero amplitudes= 4900
	nsamples per process= 50
	sample time= 1.599959373474121
	self.n= 0.5246764507676199
	collect g,h time= 2.8781731128692627
E=-14.003628355413278,dE=-1.0415341478164919e-08,std=0
L=-14.003628355413278,dL=-1.0415341478164919e-08,std=0
	gnorm= 4.361874771327395e-05
	symmetric= True
	solver time=0.00488734245300293,exit status=0
	SR solver time= 0.004925727844238281
	symmetric= False
	niter= 45
	niter= 312
	solver time=0.05879044532775879,exit status=0
	RGN solver time= 0.0588221549987793
	xnorm=5.597739816234594,dnorm=0.0033045659215899113
	dense amplitude time= 0.013967037200927734
	total non-zero amplitudes= 4900
	nsamples per process= 50
	sample time= 0.37520360946655273
	self.n= 0.5246548615125072
	RGN updated loss=-14.003628386976748,dloss=-3.156347005983662e-08
step= 384

nparam= 1004
	dense amplitude time= 0.025730609893798828
	total non-zero amplitudes= 4900
	nsamples per process= 50
	sample time= 1.6226544380187988
	self.n= 0.5246548615125067
	collect g,h time= 2.8810877799987793
E=-14.003628386976748,dE=-3.156347005983662e-08,std=0
L=-14.003628386976748,dL=-3.156347005983662e-08,std=0
	gnorm= 5.020844321327304e-05
	symmetric= True
	solver time=0.004804134368896484,exit status=0
	SR solver time= 0.0048406124114990234
	symmetric= False
	niter= 45
	niter= 311
	solver time=0.05899453163146973,exit status=0
	RGN solver time= 0.059029340744018555
	xnorm=5.5985105435176825,dnorm=0.003296493083272167
	dense amplitude time= 0.013885974884033203
	total non-zero amplitudes= 4900
	nsamples per process= 50
	sample time= 0.37516069412231445
	self.n= 0.5246414617385097
	RGN updated loss=-14.003628397182247,dloss=-1.0205498668369728e-08
step= 385

nparam= 1004
	dense amplitude time= 0.014324665069580078
	total non-zero amplitudes= 4900
	nsamples per process= 50
	sample time= 1.6029245853424072
	self.n= 0.5246414617385088
	collect g,h time= 2.8834784030914307
E=-14.00362839718225,dE=-1.0205502221083407e-08,std=0
L=-14.00362839718225,dL=-1.0205502221083407e-08,std=0
	gnorm= 4.364040537218364e-05
	symmetric= True
	solver time=0.004987239837646484,exit status=0
	SR solver time= 0.005025625228881836
	symmetric= False
	niter= 45
	niter= 312
	solver time=0.05881190299987793,exit status=0
	RGN solver time= 0.05884385108947754
	xnorm=5.59930527623927,dnorm=0.0032936569175689564
	dense amplitude time= 0.016338109970092773
	total non-zero amplitudes= 4900
	nsamples per process= 50
	sample time= 0.37435436248779297
	self.n= 0.5246202411909417
	RGN updated loss=-14.00362842857817,dloss=-3.139591875367387e-08
step= 386

nparam= 1004
	dense amplitude time= 0.02638697624206543
	total non-zero amplitudes= 4900
	nsamples per process= 50
	sample time= 1.6017911434173584
	self.n= 0.5246202411909422
	collect g,h time= 2.879422187805176
E=-14.00362842857817,dE=-3.139591875367387e-08,std=0
L=-14.00362842857817,dL=-3.139591875367387e-08,std=0
	gnorm= 5.024275897173732e-05
	symmetric= True
	solver time=0.004935503005981445,exit status=0
	SR solver time= 0.004973173141479492
	symmetric= False
	niter= 45
	niter= 311
	solver time=0.058751821517944336,exit status=0
	RGN solver time= 0.05878472328186035
	xnorm=5.600072159334855,dnorm=0.003282233609104045
	dense amplitude time= 0.014015436172485352
	total non-zero amplitudes= 4900
	nsamples per process= 50
	sample time= 0.3764619827270508
	self.n= 0.5246071534097612
	RGN updated loss=-14.003628438637858,dloss=-1.0059688193564398e-08
step= 387

nparam= 1004
	dense amplitude time= 0.014422416687011719
	total non-zero amplitudes= 4900
	nsamples per process= 50
	sample time= 1.6001436710357666
	self.n= 0.5246071534097617
	collect g,h time= 2.896995782852173
E=-14.003628438637858,dE=-1.0059688193564398e-08,std=0
L=-14.003628438637858,dL=-1.0059688193564398e-08,std=0
	gnorm= 4.367750980542297e-05
	symmetric= True
	solver time=0.005032539367675781,exit status=0
	SR solver time= 0.00507044792175293
	symmetric= False
	niter= 45
	niter= 312
	solver time=0.060971736907958984,exit status=0
	RGN solver time= 0.0610051155090332
	xnorm=5.60086319857359,dnorm=0.0032819371273276575
	dense amplitude time= 0.013936996459960938
	total non-zero amplitudes= 4900
	nsamples per process= 50
	sample time= 0.38858461380004883
	self.n= 0.5245862373333151
	RGN updated loss=-14.003628469832393,dloss=-3.11945349551479e-08
step= 388

nparam= 1004
	dense amplitude time= 0.013864517211914062
	total non-zero amplitudes= 4900
	nsamples per process= 50
	sample time= 1.635932445526123
	self.n= 0.5245862373333148
	collect g,h time= 2.8793063163757324
E=-14.00362846983239,dE=-3.119453317879106e-08,std=0
L=-14.00362846983239,dL=-3.119453317879106e-08,std=0
	gnorm= 5.0288284532924596e-05
	symmetric= True
	solver time=0.004889249801635742,exit status=0
	SR solver time= 0.004926204681396484
	symmetric= False
	niter= 45
	niter= 311
	solver time=0.05874323844909668,exit status=0
	RGN solver time= 0.05877852439880371
	xnorm=5.601626447193415,dnorm=0.0032690265732109765
	dense amplitude time= 0.013884305953979492
	total non-zero amplitudes= 4900
	nsamples per process= 50
	sample time= 0.3752439022064209
	self.n= 0.5245734250722969
	RGN updated loss=-14.00362847984757,dloss=-1.0015179796596385e-08
step= 389

nparam= 1004
	dense amplitude time= 0.01484537124633789
	total non-zero amplitudes= 4900
	nsamples per process= 50
	sample time= 1.6131303310394287
	self.n= 0.524573425072297
	collect g,h time= 2.8813130855560303
E=-14.003628479847572,dE=-1.0015181572953225e-08,std=0
L=-14.003628479847572,dL=-1.0015181572953225e-08,std=0
	gnorm= 4.396411650592972e-05
	symmetric= True
	solver time=0.00482940673828125,exit status=0
	SR solver time= 0.004866600036621094
	symmetric= False
	niter= 45
	niter= 312
	solver time=0.05996847152709961,exit status=0
	RGN solver time= 0.06000375747680664
	xnorm=5.602413964155805,dnorm=0.0032686225901716556
	dense amplitude time= 0.013890743255615234
	total non-zero amplitudes= 4900
	nsamples per process= 50
	sample time= 0.3789191246032715
	self.n= 0.5245531182359955
	RGN updated loss=-14.003628510712064,dloss=-3.0864491407101013e-08
step= 390

nparam= 1004
	dense amplitude time= 0.014977216720581055
	total non-zero amplitudes= 4900
	nsamples per process= 50
	sample time= 1.6080653667449951
	self.n= 0.5245531182359948
	collect g,h time= 2.8799667358398438
E=-14.003628510712062,dE=-3.0864489630744174e-08,std=0
L=-14.003628510712062,dL=-3.0864489630744174e-08,std=0
	gnorm= 5.064241767288634e-05
	symmetric= True
	solver time=0.005148172378540039,exit status=0
	SR solver time= 0.005186796188354492
	symmetric= False
	niter= 45
	niter= 310
	solver time=0.06216144561767578,exit status=0
	RGN solver time= 0.0621943473815918
	xnorm=5.60317314223458,dnorm=0.00325568558372235
	dense amplitude time= 0.01399087905883789
	total non-zero amplitudes= 4900
	nsamples per process= 50
	sample time= 0.38915586471557617
	self.n= 0.524540407752501
	RGN updated loss=-14.003628520659003,dloss=-9.946941048610825e-09
step= 391

nparam= 1004
	dense amplitude time= 0.04296517372131348
	total non-zero amplitudes= 4900
	nsamples per process= 50
	sample time= 1.6510980129241943
	self.n= 0.5245404077525008
	collect g,h time= 2.877807378768921
E=-14.003628520659003,dE=-9.946941048610825e-09,std=0
L=-14.003628520659003,dL=-9.946941048610825e-09,std=0
	gnorm= 4.400408590716375e-05
	symmetric= True
	solver time=0.004838228225708008,exit status=0
	SR solver time= 0.004877567291259766
	symmetric= False
	niter= 45
	niter= 312
	solver time=0.05987095832824707,exit status=0
	RGN solver time= 0.059906721115112305
	xnorm=5.60395791501428,dnorm=0.003257019794462216
	dense amplitude time= 0.014044046401977539
	total non-zero amplitudes= 4900
	nsamples per process= 50
	sample time= 0.37594008445739746
	self.n= 0.5245202825434734
	RGN updated loss=-14.003628551307155,dloss=-3.0648152460344136e-08
step= 392

nparam= 1004
	dense amplitude time= 0.02349090576171875
	total non-zero amplitudes= 4900
	nsamples per process= 50
	sample time= 1.6090564727783203
	self.n= 0.5245202825434735
	collect g,h time= 2.893450975418091
E=-14.00362855130716,dE=-3.0648157789414654e-08,std=0
L=-14.00362855130716,dL=-3.0648157789414654e-08,std=0
	gnorm= 5.069539462403938e-05
	symmetric= True
	solver time=0.004949092864990234,exit status=0
	SR solver time= 0.004987478256225586
	symmetric= False
	niter= 45
	niter= 310
	solver time=0.05984044075012207,exit status=0
	RGN solver time= 0.0598757266998291
	xnorm=5.604713804806322,dnorm=0.0032432159006113358
	dense amplitude time= 0.013982057571411133
	total non-zero amplitudes= 4900
	nsamples per process= 50
	sample time= 0.3849027156829834
	self.n= 0.5245078306111949
	RGN updated loss=-14.003628561153892,dloss=-9.846731430229738e-09
step= 393

nparam= 1004
	dense amplitude time= 0.014010429382324219
	total non-zero amplitudes= 4900
	nsamples per process= 50
	sample time= 1.61533522605896
	self.n= 0.5245078306111948
	collect g,h time= 2.873049736022949
E=-14.003628561153892,dE=-9.846731430229738e-09,std=0
L=-14.003628561153892,dL=-9.846731430229738e-09,std=0
	gnorm= 4.40537188390252e-05
	symmetric= True
	solver time=0.005251407623291016,exit status=0
	SR solver time= 0.00529170036315918
	symmetric= False
	niter= 45
	niter= 312
	solver time=0.06209993362426758,exit status=0
	RGN solver time= 0.0621342658996582
	xnorm=5.60549527709061,dnorm=0.0032452916513496274
	dense amplitude time= 0.016640663146972656
	total non-zero amplitudes= 4900
	nsamples per process= 50
	sample time= 0.3904116153717041
	self.n= 0.5244880006333859
	RGN updated loss=-14.003628591581478,dloss=-3.0427585784309485e-08
step= 394

nparam= 1004
	dense amplitude time= 0.02528524398803711
	total non-zero amplitudes= 4900
	nsamples per process= 50
	sample time= 1.662067174911499
	self.n= 0.5244880006333862
	collect g,h time= 2.8742644786834717
E=-14.00362859158148,dE=-3.0427587560666325e-08,std=0
L=-14.00362859158148,dL=-3.0427587560666325e-08,std=0
	gnorm= 5.075238286685347e-05
	symmetric= True
	solver time=0.004869699478149414,exit status=0
	SR solver time= 0.0049054622650146484
	symmetric= False
	niter= 45
	niter= 309
	solver time=0.05843186378479004,exit status=0
	RGN solver time= 0.05846524238586426
	xnorm=5.606247826072858,dnorm=0.0032311645987232996
	dense amplitude time= 0.013937711715698242
	total non-zero amplitudes= 4900
	nsamples per process= 50
	sample time= 0.37555718421936035
	self.n= 0.5244758270792348
	RGN updated loss=-14.003628601336816,dloss=-9.755336094485756e-09
step= 395

nparam= 1004
	dense amplitude time= 0.015379190444946289
	total non-zero amplitudes= 4900
	nsamples per process= 50
	sample time= 1.6018931865692139
	self.n= 0.5244758270792345
	collect g,h time= 2.8950743675231934
E=-14.003628601336814,dE=-9.755334318128916e-09,std=0
L=-14.003628601336814,dL=-9.755334318128916e-09,std=0
	gnorm= 4.410519804959757e-05
	symmetric= True
	solver time=0.0050008296966552734,exit status=0
	SR solver time= 0.0050394535064697266
	symmetric= False
	niter= 45
	niter= 312
	solver time=0.06073141098022461,exit status=0
	RGN solver time= 0.06076455116271973
	xnorm=5.60702603436059,dnorm=0.0032336577615768025
	dense amplitude time= 0.014045953750610352
	total non-zero amplitudes= 4900
	nsamples per process= 50
	sample time= 0.37973999977111816
	self.n= 0.5244562835312274
	RGN updated loss=-14.003628631542561,dloss=-3.0205747236777825e-08
step= 396

nparam= 1004
	dense amplitude time= 0.015300273895263672
	total non-zero amplitudes= 4900
	nsamples per process= 50
	sample time= 1.610180139541626
	self.n= 0.5244562835312284
	collect g,h time= 2.8642940521240234
E=-14.00362863154256,dE=-3.0205745460420985e-08,std=0
L=-14.00362863154256,dL=-3.0205745460420985e-08,std=0
	gnorm= 5.081098056583351e-05
	symmetric= True
	solver time=0.004956483840942383,exit status=0
	SR solver time= 0.004998922348022461
	symmetric= False
	niter= 45
	niter= 309
	solver time=0.06314206123352051,exit status=0
	RGN solver time= 0.06317687034606934
	xnorm=5.607775290510286,dnorm=0.00321937707887377
	dense amplitude time= 0.015776395797729492
	total non-zero amplitudes= 4900
	nsamples per process= 50
	sample time= 0.39094114303588867
	self.n= 0.524444373825834
	RGN updated loss=-14.003628641212304,dloss=-9.669744116536094e-09
step= 397

nparam= 1004
	dense amplitude time= 0.021728515625
	total non-zero amplitudes= 4900
	nsamples per process= 50
	sample time= 1.659360408782959
	self.n= 0.5244443738258336
	collect g,h time= 2.8879482746124268
E=-14.003628641212307,dE=-9.669747669249773e-09,std=0
L=-14.003628641212307,dL=-9.669747669249773e-09,std=0
	gnorm= 4.415761455742792e-05
	symmetric= True
	niter= 45
	solver time=0.004858255386352539,exit status=0
	SR solver time= 0.004896640777587891
	symmetric= False
	niter= 312
	solver time=0.0593259334564209,exit status=0
	RGN solver time= 0.05935811996459961
	xnorm=5.6085502809666155,dnorm=0.003222159682032305
	dense amplitude time= 0.013895750045776367
	total non-zero amplitudes= 4900
	nsamples per process= 50
	sample time= 0.3746964931488037
	self.n= 0.5244251030567968
	RGN updated loss=-14.00362867119672,dloss=-2.9984413174588553e-08
step= 398

nparam= 1004
	dense amplitude time= 0.025238752365112305
	total non-zero amplitudes= 4900
	nsamples per process= 50
	sample time= 1.5969135761260986
	self.n= 0.5244251030567963
	collect g,h time= 2.8739945888519287
E=-14.003628671196724,dE=-2.998441672730223e-08,std=0
L=-14.003628671196724,dL=-2.998441672730223e-08,std=0
	gnorm= 5.0870568822007684e-05
	symmetric= True
	solver time=0.0050389766693115234,exit status=0
	SR solver time= 0.0050771236419677734
	symmetric= False
	niter= 44
	solver time=0.06335783004760742,exit status=0
	RGN solver time= 0.06340646743774414
	xnorm=5.609296293458677,dnorm=0.0032078088774371563
	niter= 309
	dense amplitude time= 0.014869928359985352
	total non-zero amplitudes= 4900
	nsamples per process= 50
	sample time= 0.3936598300933838
	self.n= 0.5244134458848785
	RGN updated loss=-14.003628680785537,dloss=-9.588813298933019e-09
step= 399

nparam= 1004
	dense amplitude time= 0.01409602165222168
	total non-zero amplitudes= 4900
	nsamples per process= 50
	sample time= 1.6192855834960938
	self.n= 0.5244134458848781
	collect g,h time= 2.8749518394470215
E=-14.003628680785534,dE=-9.58880974621934e-09,std=0
L=-14.003628680785534,dL=-9.58880974621934e-09,std=0
	gnorm= 4.421078188310822e-05
	symmetric= True
	solver time=0.004825115203857422,exit status=0
	SR solver time= 0.004863262176513672
	symmetric= False
	niter= 45
	niter= 312
	solver time=0.05919337272644043,exit status=0
	RGN solver time= 0.059226274490356445
	xnorm=5.6100681145211135,dnorm=0.003210836675369031
	dense amplitude time= 0.013927221298217773
	total non-zero amplitudes= 4900
	nsamples per process= 50
	sample time= 0.3835411071777344
	self.n= 0.5243944387369763
	RGN updated loss=-14.003628710552109,dloss=-2.9766574982659222e-08
step= 400

nparam= 1004
	dense amplitude time= 0.024875402450561523
	total non-zero amplitudes= 4900
	nsamples per process= 50
	sample time= 1.6772611141204834
	self.n= 0.5243944387369768
	collect g,h time= 2.888982057571411
E=-14.003628710552109,dE=-2.9766574982659222e-08,std=0
L=-14.003628710552109,dL=-2.9766574982659222e-08,std=0
	gnorm= 5.0920361353912206e-05
	symmetric= True
	solver time=0.00476837158203125,exit status=0
	SR solver time= 0.004807710647583008
	symmetric= False
	niter= 44
	niter= 309
	solver time=0.05822181701660156,exit status=0
	RGN solver time= 0.058255910873413086
	xnorm=5.610810941259514,dnorm=0.003196394587365232
	dense amplitude time= 0.013951539993286133
	total non-zero amplitudes= 4900
	nsamples per process= 50
	sample time= 0.3759734630584717
	self.n= 0.5243830268209431
	RGN updated loss=-14.003628720061707,dloss=-9.509598442036804e-09
step= 401

nparam= 1004
	dense amplitude time= 0.03359365463256836
	total non-zero amplitudes= 4900
	nsamples per process= 50
	sample time= 1.595452070236206
	self.n= 0.5243830268209426
	collect g,h time= 2.8983919620513916
E=-14.003628720061707,dE=-9.509598442036804e-09,std=0
L=-14.003628720061707,dL=-9.509598442036804e-09,std=0
	gnorm= 4.426634225520059e-05
	symmetric= True
	solver time=0.005025148391723633,exit status=0
	SR solver time= 0.0050618648529052734
	symmetric= False
	niter= 45
	niter= 312
	solver time=0.06000351905822754,exit status=0
	RGN solver time= 0.06003522872924805
	xnorm=5.6115796346641895,dnorm=0.0031996884152279454
	dense amplitude time= 0.01665496826171875
	total non-zero amplitudes= 4900
	nsamples per process= 50
	sample time= 0.38970303535461426
	self.n= 0.5243642789742713
	RGN updated loss=-14.003628749611256,dloss=-2.9549548585805496e-08
step= 402

nparam= 1004
	dense amplitude time= 0.014770984649658203
	total non-zero amplitudes= 4900
	nsamples per process= 50
	sample time= 1.6288061141967773
	self.n= 0.5243642789742704
	collect g,h time= 2.8743300437927246
E=-14.003628749611254,dE=-2.9549546809448657e-08,std=0
L=-14.003628749611254,dL=-2.9549546809448657e-08,std=0
	gnorm= 5.0976137054028236e-05
	symmetric= True
	solver time=0.0048542022705078125,exit status=0
	SR solver time= 0.004888772964477539
	symmetric= False
	niter= 44
	niter= 309
	solver time=0.05880260467529297,exit status=0
	RGN solver time= 0.05883669853210449
	xnorm=5.61231932635995,dnorm=0.0031852469683208667
	dense amplitude time= 0.015533208847045898
	total non-zero amplitudes= 4900
	nsamples per process= 50
	sample time= 0.37499117851257324
	self.n= 0.524353112613742
	RGN updated loss=-14.003628759002087,dloss=-9.390833000111343e-09
step= 403

nparam= 1004
	dense amplitude time= 0.02251601219177246
	total non-zero amplitudes= 4900
	nsamples per process= 50
	sample time= 1.6564362049102783
	self.n= 0.524353112613742
	collect g,h time= 2.8961408138275146
E=-14.003628759002085,dE=-9.390831223754503e-09,std=0
L=-14.003628759002085,dL=-9.390831223754503e-09,std=0
	gnorm= 4.4598918007985854e-05
	symmetric= True
	niter= 45
	solver time=0.0051727294921875,exit status=0
	SR solver time= 0.005208492279052734
	symmetric= False
	niter= 312
	solver time=0.06132245063781738,exit status=0
	RGN solver time= 0.06135749816894531
	xnorm=5.613084950536733,dnorm=0.003189301339159351
	dense amplitude time= 0.013506412506103516
	total non-zero amplitudes= 4900
	nsamples per process= 50
	sample time= 0.3759191036224365
	self.n= 0.5243347979761175
	RGN updated loss=-14.003628788353778,dloss=-2.9351692631962578e-08
step= 404

nparam= 1004
	dense amplitude time= 0.02587413787841797
	total non-zero amplitudes= 4900
	nsamples per process= 50
	sample time= 1.6078989505767822
	self.n= 0.5243347979761176
	collect g,h time= 2.8715732097625732
E=-14.003628788353781,dE=-2.9351696184676257e-08,std=0
L=-14.003628788353781,dL=-2.9351696184676257e-08,std=0
	gnorm= 5.123594268248403e-05
	symmetric= True
	solver time=0.0048809051513671875,exit status=0
	SR solver time= 0.004918813705444336
	symmetric= False
	niter= 45
	niter= 309
	solver time=0.05883002281188965,exit status=0
	RGN solver time= 0.05886530876159668
	xnorm=5.613821595842462,dnorm=0.0031745876884658433
	dense amplitude time= 0.01391291618347168
	total non-zero amplitudes= 4900
	nsamples per process= 50
	sample time= 0.37473487854003906
	self.n= 0.5243238444775453
	RGN updated loss=-14.003628797709313,dloss=-9.355531460641942e-09
step= 405

nparam= 1004
	dense amplitude time= 0.01664113998413086
	total non-zero amplitudes= 4900
	nsamples per process= 50
	sample time= 1.653005838394165
	self.n= 0.5243238444775453
	collect g,h time= 2.893872022628784
E=-14.003628797709315,dE=-9.355533236998781e-09,std=0
L=-14.003628797709315,dL=-9.355533236998781e-09,std=0
	gnorm= 4.4644502971014496e-05
	symmetric= True
	solver time=0.004832029342651367,exit status=0
	SR solver time= 0.004869222640991211
	symmetric= False
	niter= 45
	niter= 312
	solver time=0.05987071990966797,exit status=0
	RGN solver time= 0.05990242958068848
	xnorm=5.614584250379311,dnorm=0.003178370227244808
	dense amplitude time= 0.013896942138671875
	total non-zero amplitudes= 4900
	nsamples per process= 50
	sample time= 0.37618255615234375
	self.n= 0.5243057379179706
	RGN updated loss=-14.003628826840341,dloss=-2.913102647994492e-08
step= 406

nparam= 1004
	dense amplitude time= 0.013621330261230469
	total non-zero amplitudes= 4900
	nsamples per process= 50
	sample time= 1.6226129531860352
	self.n= 0.5243057379179705
	collect g,h time= 2.869359254837036
E=-14.003628826840343,dE=-2.913102825630176e-08,std=0
L=-14.003628826840343,dL=-2.913102825630176e-08,std=0
	gnorm= 5.129446092947973e-05
	symmetric= True
	solver time=0.005016326904296875,exit status=0
	SR solver time= 0.005057573318481445
	symmetric= False
	niter= 44
	niter= 309
	solver time=0.0620119571685791,exit status=0
	RGN solver time= 0.062043190002441406
	xnorm=5.615317875593127,dnorm=0.0031638184370844234
	dense amplitude time= 0.013962507247924805
	total non-zero amplitudes= 4900
	nsamples per process= 50
	sample time= 0.3777148723602295
	self.n= 0.5242950022550813
	RGN updated loss=-14.00362883613264,dloss=-9.292296709872971e-09
step= 407

nparam= 1004
	dense amplitude time= 0.014594554901123047
	total non-zero amplitudes= 4900
	nsamples per process= 50
	sample time= 1.5998945236206055
	self.n= 0.5242950022550813
	collect g,h time= 2.8719582557678223
E=-14.003628836132643,dE=-9.29230026258665e-09,std=0
L=-14.003628836132643,dL=-9.29230026258665e-09,std=0
	gnorm= 4.469585173998925e-05
	symmetric= True
	solver time=0.004928112030029297,exit status=0
	SR solver time= 0.004965782165527344
	symmetric= False
	niter= 45
	niter= 312
	solver time=0.058785438537597656,exit status=0
	RGN solver time= 0.05881619453430176
	xnorm=5.616077573900096,dnorm=0.0031676560224977485
	dense amplitude time= 0.014061212539672852
	total non-zero amplitudes= 4900
	nsamples per process= 50
	sample time= 0.376633882522583
	self.n= 0.5242771320903636
	RGN updated loss=-14.003628865048656,dloss=-2.8916012695390236e-08
step= 408

nparam= 1004
	dense amplitude time= 0.025864124298095703
	total non-zero amplitudes= 4900
	nsamples per process= 50
	sample time= 1.6246545314788818
	self.n= 0.5242771320903633
	collect g,h time= 2.8876898288726807
E=-14.003628865048656,dE=-2.8916012695390236e-08,std=0
L=-14.003628865048656,dL=-2.8916012695390236e-08,std=0
	gnorm= 5.1352466666262856e-05
	symmetric= True
	solver time=0.0049762725830078125,exit status=0
	SR solver time= 0.0050127506256103516
	symmetric= False
	niter= 44
	niter= 309
	solver time=0.06246209144592285,exit status=0
	RGN solver time= 0.062491655349731445
	xnorm=5.616808212925097,dnorm=0.003153197033837371
	dense amplitude time= 0.016370296478271484
	total non-zero amplitudes= 4900
	nsamples per process= 50
	sample time= 0.3784327507019043
	self.n= 0.5242666263824806
	RGN updated loss=-14.00362887428001,dloss=-9.231353459426828e-09
step= 409

nparam= 1004
	dense amplitude time= 0.013259410858154297
	total non-zero amplitudes= 4900
	nsamples per process= 50
	sample time= 1.6040942668914795
	self.n= 0.52426662638248
	collect g,h time= 2.877706527709961
E=-14.003628874280011,dE=-9.231355235783667e-09,std=0
L=-14.003628874280011,dL=-9.231355235783667e-09,std=0
	gnorm= 4.474722217323142e-05
	symmetric= True
	solver time=0.004934787750244141,exit status=0
	SR solver time= 0.004971504211425781
	symmetric= False
	niter= 45
	niter= 312
	solver time=0.05948233604431152,exit status=0
	RGN solver time= 0.059517860412597656
	xnorm=5.617564997562163,dnorm=0.003157112583500102
	dense amplitude time= 0.016410350799560547
	total non-zero amplitudes= 4900
	nsamples per process= 50
	sample time= 0.37604403495788574
	self.n= 0.5242489979470775
	RGN updated loss=-14.003628902983468,dloss=-2.870345738870128e-08
step= 410

nparam= 1004
	dense amplitude time= 0.02194976806640625
	total non-zero amplitudes= 4900
	nsamples per process= 50
	sample time= 1.6312565803527832
	self.n= 0.524248997947077
	collect g,h time= 2.8810863494873047
E=-14.00362890298347,dE=-2.870345916505812e-08,std=0
L=-14.00362890298347,dL=-2.870345916505812e-08,std=0
	gnorm= 5.1410514738587655e-05
	symmetric= True
	solver time=0.004990100860595703,exit status=0
	SR solver time= 0.005028247833251953
	symmetric= False
	niter= 44
	niter= 309
	solver time=0.0599973201751709,exit status=0
	RGN solver time= 0.060033559799194336
	xnorm=5.618292696510133,dnorm=0.0031427251104733565
	dense amplitude time= 0.013867378234863281
	total non-zero amplitudes= 4900
	nsamples per process= 50
	sample time= 0.37969970703125
	self.n= 0.524238724714121
	RGN updated loss=-14.003628912095248,dloss=-9.1117779987826e-09
step= 411

nparam= 1004
	dense amplitude time= 0.04114556312561035
	total non-zero amplitudes= 4900
	nsamples per process= 50
	sample time= 1.6191325187683105
	self.n= 0.5242387247141209
	collect g,h time= 2.900223731994629
E=-14.003628912095254,dE=-9.111783327853118e-09,std=0
L=-14.003628912095254,dL=-9.111783327853118e-09,std=0
	gnorm= 4.5113626545624505e-05
	symmetric= True
	solver time=0.004950761795043945,exit status=0
	SR solver time= 0.004988193511962891
	symmetric= False
	niter= 45
	niter= 312
	solver time=0.06026124954223633,exit status=0
	RGN solver time= 0.060296058654785156
	xnorm=5.619046611882524,dnorm=0.0031469040102541247
	dense amplitude time= 0.013898134231567383
	total non-zero amplitudes= 4900
	nsamples per process= 50
	sample time= 0.37604212760925293
	self.n= 0.5242215930479573
	RGN updated loss=-14.003628940627816,dloss=-2.853256297896678e-08
step= 412

nparam= 1004
	dense amplitude time= 0.014136552810668945
	total non-zero amplitudes= 4900
	nsamples per process= 50
	sample time= 1.609057903289795
	self.n= 0.5242215930479569
	collect g,h time= 2.8754026889801025
E=-14.003628940627815,dE=-2.853256120260994e-08,std=0
L=-14.003628940627815,dL=-2.853256120260994e-08,std=0
	gnorm= 5.188947002441557e-05
	symmetric= True
	solver time=0.004849672317504883,exit status=0
	SR solver time= 0.004885673522949219
	symmetric= False
	niter= 44
	niter= 309
	solver time=0.06025362014770508,exit status=0
	RGN solver time= 0.060286521911621094
	xnorm=5.61977111328423,dnorm=0.0031328953378178875
	dense amplitude time= 0.01395559310913086
	total non-zero amplitudes= 4900
	nsamples per process= 50
	sample time= 0.3797149658203125
	self.n= 0.524211109183908
	RGN updated loss=-14.003628949714512,dloss=-9.086697616567108e-09
step= 413

nparam= 1004
	dense amplitude time= 0.014943838119506836
	total non-zero amplitudes= 4900
	nsamples per process= 50
	sample time= 1.6406805515289307
	self.n= 0.5242111091839077
	collect g,h time= 2.8785769939422607
E=-14.003628949714514,dE=-9.086699392923947e-09,std=0
L=-14.003628949714514,dL=-9.086699392923947e-09,std=0
	gnorm= 4.51477737374641e-05
	symmetric= True
	solver time=0.004927158355712891,exit status=0
	SR solver time= 0.00496363639831543
	symmetric= False
	niter= 45
	niter= 312
	solver time=0.06032443046569824,exit status=0
	RGN solver time= 0.06036114692687988
	xnorm=5.620522434859485,dnorm=0.0031366170887592694
	dense amplitude time= 0.01383352279663086
	total non-zero amplitudes= 4900
	nsamples per process= 50
	sample time= 0.3788149356842041
	self.n= 0.5241942855252456
	RGN updated loss=-14.003628978030726,dloss=-2.8316211597712027e-08
step= 414

nparam= 1004
	dense amplitude time= 0.014588117599487305
	total non-zero amplitudes= 4900
	nsamples per process= 50
	sample time= 1.6236650943756104
	self.n= 0.5241942855252453
	collect g,h time= 2.878998279571533
E=-14.003628978030724,dE=-2.8316209821355187e-08,std=0
L=-14.003628978030724,dL=-2.8316209821355187e-08,std=0
	gnorm= 5.194877900040531e-05
	symmetric= True
	solver time=0.004949808120727539,exit status=0
	SR solver time= 0.004991769790649414
	symmetric= False
	niter= 44
	niter= 309
	solver time=0.05837750434875488,exit status=0
	RGN solver time= 0.05841255187988281
	xnorm=5.621244137428291,dnorm=0.0031227265550534304
	dense amplitude time= 0.014998912811279297
	total non-zero amplitudes= 4900
	nsamples per process= 50
	sample time= 0.3753671646118164
	self.n= 0.5241840834016924
	RGN updated loss=-14.003628987062797,dloss=-9.03207286739871e-09
step= 415

nparam= 1004
	dense amplitude time= 0.017992496490478516
	total non-zero amplitudes= 4900
	nsamples per process= 50
	sample time= 1.601656436920166
	self.n= 0.5241840834016924
	collect g,h time= 2.877683401107788
E=-14.003628987062802,dE=-9.032078196469229e-09,std=0
L=-14.003628987062802,dL=-9.032078196469229e-09,std=0
	gnorm= 4.519759256702849e-05
	symmetric= True
	solver time=0.004876136779785156,exit status=0
	SR solver time= 0.004914283752441406
	symmetric= False
	niter= 45
	niter= 312
	solver time=0.05965828895568848,exit status=0
	RGN solver time= 0.0596923828125
	xnorm=5.62199273370998,dnorm=0.0031265579787627964
	dense amplitude time= 0.013974189758300781
	total non-zero amplitudes= 4900
	nsamples per process= 50
	sample time= 0.37685513496398926
	self.n= 0.5241675279986235
	RGN updated loss=-14.003629015174173,dloss=-2.8111371008776587e-08
step= 416

nparam= 1004
	dense amplitude time= 0.02607583999633789
	total non-zero amplitudes= 4900
	nsamples per process= 50
	sample time= 1.59930419921875
	self.n= 0.5241675279986231
	collect g,h time= 2.8702523708343506
E=-14.003629015174168,dE=-2.811136567970607e-08,std=0
L=-14.003629015174168,dL=-2.811136567970607e-08,std=0
	gnorm= 5.2005737894755993e-05
	symmetric= True
	solver time=0.004814624786376953,exit status=0
	SR solver time= 0.004850149154663086
	symmetric= False
	niter= 44
	niter= 309
	solver time=0.058927059173583984,exit status=0
	RGN solver time= 0.0589597225189209
	xnorm=5.622711667634677,dnorm=0.003112696504884113
	dense amplitude time= 0.013979434967041016
	total non-zero amplitudes= 4900
	nsamples per process= 50
	sample time= 0.3744478225708008
	self.n= 0.5241575720384626
	RGN updated loss=-14.003629024154115,dloss=-8.97994745230335e-09
step= 417

nparam= 1004
	dense amplitude time= 0.01648569107055664
	total non-zero amplitudes= 4900
	nsamples per process= 50
	sample time= 1.6003046035766602
	self.n= 0.5241575720384621
	collect g,h time= 2.8756279945373535
E=-14.003629024154115,dE=-8.97994745230335e-09,std=0
L=-14.003629024154115,dL=-8.97994745230335e-09,std=0
	gnorm= 4.5247626195158886e-05
	symmetric= True
	solver time=0.005143642425537109,exit status=0
	SR solver time= 0.005182981491088867
	symmetric= False
	niter= 45
	niter= 312
	solver time=0.06428122520446777,exit status=0
	RGN solver time= 0.06431341171264648
	xnorm=5.6234575601909915,dnorm=0.003116632227936919
	dense amplitude time= 0.0162198543548584
	total non-zero amplitudes= 4900
	nsamples per process= 50
	sample time= 0.37680602073669434
	self.n= 0.5241412641112051
	RGN updated loss=-14.003629052062616,dloss=-2.7908500399576042e-08
step= 418

nparam= 1004
	dense amplitude time= 0.02455902099609375
	total non-zero amplitudes= 4900
	nsamples per process= 50
	sample time= 1.6188039779663086
	self.n= 0.5241412641112044
	collect g,h time= 2.877498149871826
E=-14.003629052062617,dE=-2.790850217593288e-08,std=0
L=-14.003629052062617,dL=-2.790850217593288e-08,std=0
	gnorm= 5.206266643603908e-05
	symmetric= True
	solver time=0.0047953128814697266,exit status=0
	SR solver time= 0.004836559295654297
	symmetric= False
	niter= 44
	niter= 309
	solver time=0.05982494354248047,exit status=0
	RGN solver time= 0.05986452102661133
	xnorm=5.624173753852001,dnorm=0.0031028200571170434
	dense amplitude time= 0.013818025588989258
	total non-zero amplitudes= 4900
	nsamples per process= 50
	sample time= 0.37631654739379883
	self.n= 0.5241315438655927
	RGN updated loss=-14.00362906099311,dloss=-8.930491901537607e-09
step= 419

nparam= 1004
	dense amplitude time= 0.01450967788696289
	total non-zero amplitudes= 4900
	nsamples per process= 50
	sample time= 1.6158733367919922
	self.n= 0.5241315438655922
	collect g,h time= 2.897090435028076
E=-14.003629060993111,dE=-8.930493677894447e-09,std=0
L=-14.003629060993111,dL=-8.930493677894447e-09,std=0
	gnorm= 4.529780694075342e-05
	symmetric= True
	solver time=0.004898548126220703,exit status=0
	SR solver time= 0.004933834075927734
	symmetric= False
	niter= 45
	niter= 312
	solver time=0.06019282341003418,exit status=0
	RGN solver time= 0.06023144721984863
	xnorm=5.624916973548301,dnorm=0.0031068435534494228
	dense amplitude time= 0.01385498046875
	total non-zero amplitudes= 4900
	nsamples per process= 50
	sample time= 0.3771209716796875
	self.n= 0.5241154769855729
	RGN updated loss=-14.003629088700572,dloss=-2.7707461214276918e-08
step= 420

nparam= 1004
	dense amplitude time= 0.015939712524414062
	total non-zero amplitudes= 4900
	nsamples per process= 50
	sample time= 1.6057517528533936
	self.n= 0.5241154769855725
	collect g,h time= 2.877859592437744
E=-14.003629088700572,dE=-2.7707461214276918e-08,std=0
L=-14.003629088700572,dL=-2.7707461214276918e-08,std=0
	gnorm= 5.211961442286376e-05
	symmetric= True
	solver time=0.004848003387451172,exit status=0
	SR solver time= 0.004884958267211914
	symmetric= False
	niter= 44
	niter= 309
	solver time=0.058672428131103516,exit status=0
	RGN solver time= 0.05870699882507324
	xnorm=5.625630461252402,dnorm=0.0030930675492809386
	dense amplitude time= 0.013941764831542969
	total non-zero amplitudes= 4900
	nsamples per process= 50
	sample time= 0.374859094619751
	self.n= 0.5241059886020578
	RGN updated loss=-14.00362909758392,dloss=-8.883347391019925e-09
step= 421

nparam= 1004
	dense amplitude time= 0.04039192199707031
	total non-zero amplitudes= 4900
	nsamples per process= 50
	sample time= 1.5988245010375977
	self.n= 0.5241059886020574
	collect g,h time= 2.8787760734558105
E=-14.00362909758392,dE=-8.883347391019925e-09,std=0
L=-14.00362909758392,dL=-8.883347391019925e-09,std=0
	gnorm= 4.534796190108638e-05
	symmetric= True
	solver time=0.004927396774291992,exit status=0
	SR solver time= 0.004969120025634766
	symmetric= False
	niter= 45
	niter= 312
	solver time=0.05906081199645996,exit status=0
	RGN solver time= 0.059099674224853516
	xnorm=5.62637103618907,dnorm=0.003097192219728739
	dense amplitude time= 0.013876676559448242
	total non-zero amplitudes= 4900
	nsamples per process= 50
	sample time= 0.3750004768371582
	self.n= 0.5240901598961322
	RGN updated loss=-14.003629125092242,dloss=-2.7508322730795953e-08
step= 422

nparam= 1004
	dense amplitude time= 0.013784170150756836
	total non-zero amplitudes= 4900
	nsamples per process= 50
	sample time= 1.602750301361084
	self.n= 0.524090159896132
	collect g,h time= 2.8725640773773193
E=-14.003629125092242,dE=-2.7508322730795953e-08,std=0
L=-14.003629125092242,dL=-2.7508322730795953e-08,std=0
	gnorm= 5.217659799473187e-05
	symmetric= True
	solver time=0.004784107208251953,exit status=0
	SR solver time= 0.004820585250854492
	symmetric= False
	niter= 44
	niter= 308
	solver time=0.058211565017700195,exit status=0
	RGN solver time= 0.05825185775756836
	xnorm=5.6270818542234124,dnorm=0.0030834739451519157
	dense amplitude time= 0.013906717300415039
	total non-zero amplitudes= 4900
	nsamples per process= 50
	sample time= 0.3747141361236572
	self.n= 0.5240809012770709
	RGN updated loss=-14.00362913393082,dloss=-8.83857786959652e-09
step= 423

nparam= 1004
	dense amplitude time= 0.014464378356933594
	total non-zero amplitudes= 4900
	nsamples per process= 50
	sample time= 1.5986123085021973
	self.n= 0.5240809012770707
	collect g,h time= 2.8727431297302246
E=-14.003629133930822,dE=-8.83857964595336e-09,std=0
L=-14.003629133930822,dL=-8.83857964595336e-09,std=0
	gnorm= 4.5398154499318146e-05
	symmetric= True
	solver time=0.0049631595611572266,exit status=0
	SR solver time= 0.004998922348022461
	symmetric= False
	niter= 45
	niter= 312
	solver time=0.05916881561279297,exit status=0
	RGN solver time= 0.0592045783996582
	xnorm=5.627819825791215,dnorm=0.00308767653846054
	dense amplitude time= 0.014018058776855469
	total non-zero amplitudes= 4900
	nsamples per process= 50
	sample time= 0.3753471374511719
	self.n= 0.5240653083538753
	RGN updated loss=-14.003629161241934,dloss=-2.7311111594485737e-08
step= 424

nparam= 1004
	dense amplitude time= 0.024663686752319336
	total non-zero amplitudes= 4900
	nsamples per process= 50
	sample time= 1.6012845039367676
	self.n= 0.5240653083538747
	collect g,h time= 2.871297836303711
E=-14.003629161241932,dE=-2.7311109818128898e-08,std=0
L=-14.003629161241932,dL=-2.7311109818128898e-08,std=0
	gnorm= 5.22335659458736e-05
	symmetric= True
	solver time=0.004794120788574219,exit status=0
	SR solver time= 0.004831075668334961
	symmetric= False
	niter= 44
	niter= 309
	solver time=0.05821800231933594,exit status=0
	RGN solver time= 0.05825090408325195
	xnorm=5.628528009639746,dnorm=0.003074021398687755
	dense amplitude time= 0.013967752456665039
	total non-zero amplitudes= 4900
	nsamples per process= 50
	sample time= 0.3744380474090576
	self.n= 0.5240562776569355
	RGN updated loss=-14.003629170038025,dloss=-8.796092743068584e-09
step= 425

nparam= 1004
	dense amplitude time= 0.014382123947143555
	total non-zero amplitudes= 4900
	nsamples per process= 50
	sample time= 1.6373200416564941
	self.n= 0.5240562776569349
	collect g,h time= 2.876084089279175
E=-14.003629170038023,dE=-8.796090966711745e-09,std=0
L=-14.003629170038023,dL=-8.796090966711745e-09,std=0
	gnorm= 4.544828159696865e-05
	symmetric= True
	solver time=0.005090951919555664,exit status=0
	SR solver time= 0.005126237869262695
	symmetric= False
	niter= 45
	niter= 312
	solver time=0.06583189964294434,exit status=0
	RGN solver time= 0.06586933135986328
	xnorm=5.629263412349752,dnorm=0.003078295921366222
	dense amplitude time= 0.016307830810546875
	total non-zero amplitudes= 4900
	nsamples per process= 50
	sample time= 0.37797021865844727
	self.n= 0.5240409189895573
	RGN updated loss=-14.00362919715378,dloss=-2.7115756751072695e-08
step= 426

nparam= 1004
	dense amplitude time= 0.026300907135009766
	total non-zero amplitudes= 4900
	nsamples per process= 50
	sample time= 1.6035270690917969
	self.n= 0.524040918989557
	collect g,h time= 2.878582715988159
E=-14.003629197153781,dE=-2.7115758527429534e-08,std=0
L=-14.003629197153781,dL=-2.7115758527429534e-08,std=0
	gnorm= 5.229054027200145e-05
	symmetric= True
	solver time=0.004782915115356445,exit status=0
	SR solver time= 0.004817485809326172
	symmetric= False
	niter= 44
	niter= 309
	solver time=0.058394432067871094,exit status=0
	RGN solver time= 0.05842995643615723
	xnorm=5.6299690000117915,dnorm=0.003064715860642753
	dense amplitude time= 0.013905048370361328
	total non-zero amplitudes= 4900
	nsamples per process= 50
	sample time= 0.3745713233947754
	self.n= 0.5240321145649903
	RGN updated loss=-14.003629205909546,dloss=-8.75576411374368e-09
step= 427

nparam= 1004
	dense amplitude time= 0.015905141830444336
	total non-zero amplitudes= 4900
	nsamples per process= 50
	sample time= 1.665074110031128
	self.n= 0.5240321145649901
	collect g,h time= 2.908693313598633
E=-14.003629205909546,dE=-8.75576411374368e-09,std=0
L=-14.003629205909546,dL=-8.75576411374368e-09,std=0
	gnorm= 4.549838134012876e-05
	symmetric= True
	solver time=0.004975318908691406,exit status=0
	SR solver time= 0.005010366439819336
	symmetric= False
	niter= 45
	niter= 312
	solver time=0.06029987335205078,exit status=0
	RGN solver time= 0.06033444404602051
	xnorm=5.630701874515269,dnorm=0.0030690488878434476
	dense amplitude time= 0.013667821884155273
	total non-zero amplitudes= 4900
	nsamples per process= 50
	sample time= 0.37865543365478516
	self.n= 0.524016988201239
	RGN updated loss=-14.003629232831834,dloss=-2.6922288398623095e-08
step= 428

nparam= 1004
	dense amplitude time= 0.025255680084228516
	total non-zero amplitudes= 4900
	nsamples per process= 50
	sample time= 1.6097137928009033
	self.n= 0.5240169882012395
	collect g,h time= 2.8787009716033936
E=-14.003629232831836,dE=-2.6922290174979935e-08,std=0
L=-14.003629232831836,dL=-2.6922290174979935e-08,std=0
	gnorm= 5.234750723754214e-05
	symmetric= True
	solver time=0.0047953128814697266,exit status=0
	SR solver time= 0.0048329830169677734
	symmetric= False
	niter= 44
	niter= 309
	solver time=0.059623003005981445,exit status=0
	RGN solver time= 0.05965995788574219
	xnorm=5.63140490177934,dnorm=0.0030555498428129386
	dense amplitude time= 0.01382136344909668
	total non-zero amplitudes= 4900
	nsamples per process= 50
	sample time= 0.3787226676940918
	self.n= 0.5240084086716418
	RGN updated loss=-14.003629241549383,dloss=-8.717547572700823e-09
step= 429

nparam= 1004
	dense amplitude time= 0.01827406883239746
	total non-zero amplitudes= 4900
	nsamples per process= 50
	sample time= 1.634948492050171
	self.n= 0.5240084086716417
	collect g,h time= 2.880793333053589
E=-14.003629241549383,dE=-8.717547572700823e-09,std=0
L=-14.003629241549383,dL=-8.717547572700823e-09,std=0
	gnorm= 4.5548483577048174e-05
	symmetric= True
	solver time=0.004996299743652344,exit status=0
	SR solver time= 0.005032539367675781
	symmetric= False
	niter= 45
	niter= 312
	solver time=0.06061506271362305,exit status=0
	RGN solver time= 0.06064939498901367
	xnorm=5.632135285769317,dnorm=0.003059933654971999
	dense amplitude time= 0.013829231262207031
	total non-zero amplitudes= 4900
	nsamples per process= 50
	sample time= 0.37892913818359375
	self.n= 0.5239935129068675
	RGN updated loss=-14.00362926828006,dloss=-2.673067633907067e-08
step= 430

nparam= 1004
	dense amplitude time= 0.01655292510986328
	total non-zero amplitudes= 4900
	nsamples per process= 50
	sample time= 1.6348965167999268
	self.n= 0.5239935129068669
	collect g,h time= 2.880764961242676
E=-14.00362926828006,dE=-2.673067633907067e-08,std=0
L=-14.00362926828006,dL=-2.673067633907067e-08,std=0
	gnorm= 5.2404470674290357e-05
	symmetric= True
	solver time=0.00499725341796875,exit status=0
	SR solver time= 0.005040884017944336
	symmetric= False
	niter= 44
	solver time=0.06295394897460938,exit status=0
	RGN solver time= 0.06299686431884766
	xnorm=5.632835788550874,dnorm=0.00304650881108957
	niter= 309
	dense amplitude time= 0.014719009399414062
	total non-zero amplitudes= 4900
	nsamples per process= 50
	sample time= 0.3776061534881592
	self.n= 0.523985156735663
	RGN updated loss=-14.003629276961332,dloss=-8.681272589683431e-09
step= 431

nparam= 1004
	dense amplitude time= 0.03330397605895996
	total non-zero amplitudes= 4900
	nsamples per process= 50
	sample time= 1.6297049522399902
	self.n= 0.5239851567356628
	collect g,h time= 2.885457992553711
E=-14.003629276961327,dE=-8.681267260612913e-09,std=0
L=-14.003629276961327,dL=-8.681267260612913e-09,std=0
	gnorm= 4.559853878804833e-05
	symmetric= True
	solver time=0.005129814147949219,exit status=0
	SR solver time= 0.00519108772277832
	symmetric= False
	niter= 45
	niter= 312
	solver time=0.06088447570800781,exit status=0
	RGN solver time= 0.06092357635498047
	xnorm=5.63356371579007,dnorm=0.0030509485459013614
	dense amplitude time= 0.013795614242553711
	total non-zero amplitudes= 4900
	nsamples per process= 50
	sample time= 0.37732768058776855
	self.n= 0.5239704901665203
	RGN updated loss=-14.003629303502215,dloss=-2.6540888597992307e-08
step= 432

nparam= 1004
	dense amplitude time= 0.021646499633789062
	total non-zero amplitudes= 4900
	nsamples per process= 50
	sample time= 1.6214847564697266
	self.n= 0.5239704901665205
	collect g,h time= 2.871199369430542
E=-14.003629303502217,dE=-2.6540890374349146e-08,std=0
L=-14.003629303502217,dL=-2.6540890374349146e-08,std=0
	gnorm= 5.246141430466894e-05
	symmetric= True
	solver time=0.004827976226806641,exit status=0
	SR solver time= 0.00486302375793457
	symmetric= False
	niter= 44
	niter= 309
	solver time=0.05934929847717285,exit status=0
	RGN solver time= 0.05938410758972168
	xnorm=5.634261729762071,dnorm=0.003037600162306781
	dense amplitude time= 0.013725042343139648
	total non-zero amplitudes= 4900
	nsamples per process= 50
	sample time= 0.3764793872833252
	self.n= 0.5239623558242243
	RGN updated loss=-14.003629312149178,dloss=-8.646960480973576e-09
step= 433

nparam= 1004
	dense amplitude time= 0.014598369598388672
	total non-zero amplitudes= 4900
	nsamples per process= 50
	sample time= 1.6035797595977783
	self.n= 0.5239623558242235
	collect g,h time= 2.8758456707000732
E=-14.003629312149178,dE=-8.646960480973576e-09,std=0
L=-14.003629312149178,dL=-8.646960480973576e-09,std=0
	gnorm= 4.564857096722944e-05
	symmetric= True
	solver time=0.005235910415649414,exit status=0
	SR solver time= 0.005273103713989258
	symmetric= False
	niter= 45
	niter= 312
	solver time=0.06498265266418457,exit status=0
	RGN solver time= 0.0650169849395752
	xnorm=5.634987236447553,dnorm=0.0030420827297452093
	dense amplitude time= 0.016584157943725586
	total non-zero amplitudes= 4900
	nsamples per process= 50
	sample time= 0.3753068447113037
	self.n= 0.5239479167073386
	RGN updated loss=-14.003629339868898,dloss=-2.771971985282562e-08
step= 434

nparam= 1004
	dense amplitude time= 0.028842687606811523
	total non-zero amplitudes= 4900
	nsamples per process= 50
	sample time= 1.6442618370056152
	self.n= 0.5239479167073381
	collect g,h time= 2.876858949661255
E=-14.003629339868896,dE=-2.771971807646878e-08,std=0
L=-14.003629339868896,dL=-2.771971807646878e-08,std=0
	gnorm= 4.381546524218799e-06
	symmetric= True
	solver time=0.0038785934448242188,exit status=0
	SR solver time= 0.003914594650268555
	symmetric= False
	niter= 33
	niter= 379
	solver time=0.07903766632080078,exit status=0
	RGN solver time= 0.07907342910766602
	xnorm=5.635682792885295,dnorm=0.002965369568193258
	dense amplitude time= 0.016001462936401367
	total non-zero amplitudes= 4900
	nsamples per process= 50
	sample time= 0.37604260444641113
	self.n= 0.5239383088200404
	RGN updated loss=-14.00362935768806,dloss=-1.7819164810362054e-08
step= 435

nparam= 1004
	dense amplitude time= 0.021803855895996094
	total non-zero amplitudes= 4900
	nsamples per process= 50
	sample time= 1.603623867034912
	self.n= 0.5239383088200404
	collect g,h time= 2.8931987285614014
E=-14.00362935768806,dE=-1.7819164810362054e-08,std=0
L=-14.00362935768806,dL=-1.7819164810362054e-08,std=0
	gnorm= 3.1324095905202135e-06
	symmetric= True
	solver time=0.0026607513427734375,exit status=0
	SR solver time= 0.002694368362426758
	symmetric= False
	niter= 23
	niter= 374
	solver time=0.07135701179504395,exit status=0
	RGN solver time= 0.07139062881469727
	xnorm=5.636379894331199,dnorm=0.0029521024083880194
	dense amplitude time= 0.013892173767089844
	total non-zero amplitudes= 4900
	nsamples per process= 50
	sample time= 0.37450313568115234
	self.n= 0.5239289127494101
	RGN updated loss=-14.003629375264127,dloss=-1.757606682417645e-08
step= 436

nparam= 1004
	dense amplitude time= 0.02572941780090332
	total non-zero amplitudes= 4900
	nsamples per process= 50
	sample time= 1.6009812355041504
	self.n= 0.5239289127494089
	collect g,h time= 2.8811633586883545
E=-14.00362937526413,dE=-1.757606860053329e-08,std=0
L=-14.00362937526413,dL=-1.757606860053329e-08,std=0
	gnorm= 3.1098507571617867e-06
	symmetric= True
	solver time=0.0025348663330078125,exit status=0
	SR solver time= 0.0025691986083984375
	symmetric= False
	niter= 22
	niter= 371
	solver time=0.0731198787689209,exit status=0
	RGN solver time= 0.07315850257873535
	xnorm=5.637077314428733,dnorm=0.002944454195233456
	dense amplitude time= 0.015512704849243164
	total non-zero amplitudes= 4900
	nsamples per process= 50
	sample time= 0.37535619735717773
	self.n= 0.5239191374222809
	RGN updated loss=-14.003629392736213,dloss=-1.7472084223868478e-08
step= 437

nparam= 1004
	dense amplitude time= 0.023581981658935547
	total non-zero amplitudes= 4900
	nsamples per process= 50
	sample time= 1.6074399948120117
	self.n= 0.5239191374222811
	collect g,h time= 2.8825998306274414
E=-14.003629392736215,dE=-1.7472086000225318e-08,std=0
L=-14.003629392736215,dL=-1.7472086000225318e-08,std=0
	gnorm= 3.099349874988596e-06
	symmetric= True
	solver time=0.0025637149810791016,exit status=0
	SR solver time= 0.002603292465209961
	symmetric= False
	niter= 22
	niter= 371
	solver time=0.07243514060974121,exit status=0
	RGN solver time= 0.07246971130371094
	xnorm=5.637774616819115,dnorm=0.0029383721862589972
	dense amplitude time= 0.014066934585571289
	total non-zero amplitudes= 4900
	nsamples per process= 50
	sample time= 0.37805795669555664
	self.n= 0.5239091483060663
	RGN updated loss=-14.003629410131115,dloss=-1.7394899742839698e-08
step= 438

nparam= 1004
	dense amplitude time= 0.022368669509887695
	total non-zero amplitudes= 4900
	nsamples per process= 50
	sample time= 1.621124029159546
	self.n= 0.523909148306066
	collect g,h time= 2.8782896995544434
E=-14.003629410131113,dE=-1.739489796648286e-08,std=0
L=-14.003629410131113,dL=-1.739489796648286e-08,std=0
	gnorm= 3.091424808943437e-06
	symmetric= True
	solver time=0.0025632381439208984,exit status=0
	SR solver time= 0.002599000930786133
	symmetric= False
	niter= 22
	niter= 368
	solver time=0.07105088233947754,exit status=0
	RGN solver time= 0.07108831405639648
	xnorm=5.638471546305426,dnorm=0.0029330557195725903
	dense amplitude time= 0.01399850845336914
	total non-zero amplitudes= 4900
	nsamples per process= 50
	sample time= 0.37552332878112793
	self.n= 0.5238990776834416
	RGN updated loss=-14.003629427460401,dloss=-1.732928822661961e-08
step= 439

nparam= 1004
	dense amplitude time= 0.013710260391235352
	total non-zero amplitudes= 4900
	nsamples per process= 50
	sample time= 1.612802267074585
	self.n= 0.523899077683441
	collect g,h time= 2.8820388317108154
E=-14.003629427460401,dE=-1.732928822661961e-08,std=0
L=-14.003629427460401,dL=-1.732928822661961e-08,std=0
	gnorm= 3.084728409019373e-06
	symmetric= True
	solver time=0.0026252269744873047,exit status=0
	SR solver time= 0.0026590824127197266
	symmetric= False
	niter= 22
	niter= 366
	solver time=0.06982946395874023,exit status=0
	RGN solver time= 0.06986379623413086
	xnorm=5.639167948379167,dnorm=0.002928101061709223
	dense amplitude time= 0.013967514038085938
	total non-zero amplitudes= 4900
	nsamples per process= 50
	sample time= 0.3744819164276123
	self.n= 0.5238890005809527
	RGN updated loss=-14.003629444729633,dloss=-1.7269231378236327e-08
step= 440

nparam= 1004
	dense amplitude time= 0.024524927139282227
	total non-zero amplitudes= 4900
	nsamples per process= 50
	sample time= 1.6029314994812012
	self.n= 0.5238890005809526
	collect g,h time= 2.8806588649749756
E=-14.003629444729635,dE=-1.7269233154593167e-08,std=0
L=-14.003629444729635,dL=-1.7269233154593167e-08,std=0
	gnorm= 3.0787021769725405e-06
	symmetric= True
	solver time=0.00249481201171875,exit status=0
	SR solver time= 0.0025331974029541016
	symmetric= False
	niter= 22
	niter= 366
	solver time=0.06952667236328125,exit status=0
	RGN solver time= 0.06955933570861816
	xnorm=5.6398637029021526,dnorm=0.0029233503438608447
	dense amplitude time= 0.014166116714477539
	total non-zero amplitudes= 4900
	nsamples per process= 50
	sample time= 0.38068175315856934
	self.n= 0.5238789583062503
	RGN updated loss=-14.003629461941891,dloss=-1.7212256508969404e-08
step= 441

nparam= 1004
	dense amplitude time= 0.03525233268737793
	total non-zero amplitudes= 4900
	nsamples per process= 50
	sample time= 1.6188035011291504
	self.n= 0.5238789583062504
	collect g,h time= 2.887218475341797
E=-14.003629461941893,dE=-1.7212258285326243e-08,std=0
L=-14.003629461941893,dL=-1.7212258285326243e-08,std=0
	gnorm= 3.073066321067005e-06
	symmetric= True
	solver time=0.0027282238006591797,exit status=0
	SR solver time= 0.002760648727416992
	symmetric= False
	niter= 22
	niter= 366
	solver time=0.0720820426940918,exit status=0
	RGN solver time= 0.07211732864379883
	xnorm=5.640558724353312,dnorm=0.002918727566801528
	dense amplitude time= 0.01608896255493164
	total non-zero amplitudes= 4900
	nsamples per process= 50
	sample time= 0.3754310607910156
	self.n= 0.5238689744221487
	RGN updated loss=-14.003629479099105,dloss=-1.7157212539586908e-08
step= 442

nparam= 1004
	dense amplitude time= 0.026592493057250977
	total non-zero amplitudes= 4900
	nsamples per process= 50
	sample time= 1.6042513847351074
	self.n= 0.5238689744221482
	collect g,h time= 2.8862531185150146
E=-14.003629479099107,dE=-1.7157214315943747e-08,std=0
L=-14.003629479099107,dL=-1.7157214315943747e-08,std=0
	gnorm= 3.0676823553685118e-06
	symmetric= True
	solver time=0.0025529861450195312,exit status=0
	SR solver time= 0.002588033676147461
	symmetric= False
	niter= 22
	niter= 365
	solver time=0.06903386116027832,exit status=0
	RGN solver time= 0.06906700134277344
	xnorm=5.641252952407852,dnorm=0.002914191259287194
	dense amplitude time= 0.0139312744140625
	total non-zero amplitudes= 4900
	nsamples per process= 50
	sample time= 0.3755009174346924
	self.n= 0.5238590632101048
	RGN updated loss=-14.003629496188285,dloss=-1.708917807263788e-08
step= 443

nparam= 1004
	dense amplitude time= 0.014663457870483398
	total non-zero amplitudes= 4900
	nsamples per process= 50
	sample time= 1.6050565242767334
	self.n= 0.5238590632101046
	collect g,h time= 2.9003775119781494
E=-14.003629496188289,dE=-1.7089181625351557e-08,std=0
L=-14.003629496188289,dL=-1.7089181625351557e-08,std=0
	gnorm= 3.0612732296508334e-06
	symmetric= True
	solver time=0.002530336380004883,exit status=0
	SR solver time= 0.0025663375854492188
	symmetric= False
	niter= 22
	niter= 365
	solver time=0.06930041313171387,exit status=0
	RGN solver time= 0.06933355331420898
	xnorm=5.6419463442440225,dnorm=0.0029096192348950015
	dense amplitude time= 0.013924360275268555
	total non-zero amplitudes= 4900
	nsamples per process= 50
	sample time= 0.37607240676879883
	self.n= 0.52384915563418
	RGN updated loss=-14.00362951323879,dloss=-1.7050501455173617e-08
step= 444

nparam= 1004
	dense amplitude time= 0.020418167114257812
	total non-zero amplitudes= 4900
	nsamples per process= 50
	sample time= 1.6014111042022705
	self.n= 0.5238491556341796
	collect g,h time= 2.8818750381469727
E=-14.00362951323879,dE=-1.7050501455173617e-08,std=0
L=-14.00362951323879,dL=-1.7050501455173617e-08,std=0
	gnorm= 3.0571158117750442e-06
	symmetric= True
	solver time=0.002571582794189453,exit status=0
	SR solver time= 0.0026063919067382812
	symmetric= False
	niter= 22
	niter= 365
	solver time=0.06829547882080078,exit status=0
	RGN solver time= 0.06833386421203613
	xnorm=5.642638835166324,dnorm=0.0029051988092002115
	dense amplitude time= 0.016333341598510742
	total non-zero amplitudes= 4900
	nsamples per process= 50
	sample time= 0.37972354888916016
	self.n= 0.5238393505703443
	RGN updated loss=-14.003629530237136,dloss=-1.6998345842011986e-08
step= 445

nparam= 1004
	dense amplitude time= 0.0230867862701416
	total non-zero amplitudes= 4900
	nsamples per process= 50
	sample time= 1.6679346561431885
	self.n= 0.5238393505703436
	collect g,h time= 2.8828046321868896
E=-14.003629530237136,dE=-1.6998345842011986e-08,std=0
L=-14.003629530237136,dL=-1.6998345842011986e-08,std=0
	gnorm= 3.052268505386757e-06
	symmetric= True
	solver time=0.002701997756958008,exit status=0
	SR solver time= 0.0027353763580322266
	symmetric= False
	niter= 22
	niter= 365
	solver time=0.06941819190979004,exit status=0
	RGN solver time= 0.06945395469665527
	xnorm=5.643330431455736,dnorm=0.002900828040208678
	dense amplitude time= 0.013882875442504883
	total non-zero amplitudes= 4900
	nsamples per process= 50
	sample time= 0.3749837875366211
	self.n= 0.5238296587057265
	RGN updated loss=-14.003629547184063,dloss=-1.6946927416938706e-08
step= 446

nparam= 1004
	dense amplitude time= 0.013758659362792969
	total non-zero amplitudes= 4900
	nsamples per process= 50
	sample time= 1.605255126953125
	self.n= 0.5238296587057265
	collect g,h time= 2.879807710647583
E=-14.003629547184062,dE=-1.6946925640581867e-08,std=0
L=-14.003629547184062,dL=-1.6946925640581867e-08,std=0
	gnorm= 3.047396858352978e-06
	symmetric= True
	solver time=0.002579927444458008,exit status=0
	SR solver time= 0.002615213394165039
	symmetric= False
	niter= 22
	niter= 365
	solver time=0.06955504417419434,exit status=0
	RGN solver time= 0.06958842277526855
	xnorm=5.64402112190055,dnorm=0.002896496679359799
	dense amplitude time= 0.014901161193847656
	total non-zero amplitudes= 4900
	nsamples per process= 50
	sample time= 0.375347375869751
	self.n= 0.5238200723890142
	RGN updated loss=-14.003629564080185,dloss=-1.689612361133186e-08
step= 447

nparam= 1004
	dense amplitude time= 0.014829158782958984
	total non-zero amplitudes= 4900
	nsamples per process= 50
	sample time= 1.6440153121948242
	self.n= 0.5238200723890143
	collect g,h time= 2.8784403800964355
E=-14.003629564080187,dE=-1.68961253876887e-08,std=0
L=-14.003629564080187,dL=-1.68961253876887e-08,std=0
	gnorm= 3.042589522308542e-06
	symmetric= True
	solver time=0.0026667118072509766,exit status=0
	SR solver time= 0.002730131149291992
	symmetric= False
	niter= 22
	niter= 365
	solver time=0.06974244117736816,exit status=0
	RGN solver time= 0.06977677345275879
	xnorm=5.644710900687715,dnorm=0.0028921993428024065
	dense amplitude time= 0.013861894607543945
	total non-zero amplitudes= 4900
	nsamples per process= 50
	sample time= 0.37514805793762207
	self.n= 0.5238105893155698
	RGN updated loss=-14.00362958092605,dloss=-1.684586337091787e-08
step= 448

nparam= 1004
	dense amplitude time= 0.0201113224029541
	total non-zero amplitudes= 4900
	nsamples per process= 50
	sample time= 1.6411082744598389
	self.n= 0.5238105893155696
	collect g,h time= 2.894375801086426
E=-14.00362958092605,dE=-1.684586337091787e-08,std=0
L=-14.00362958092605,dL=-1.684586337091787e-08,std=0
	gnorm= 3.037846295648266e-06
	symmetric= True
	solver time=0.002579927444458008,exit status=0
	SR solver time= 0.0026197433471679688
	symmetric= False
	niter= 22
	niter= 365
	solver time=0.07095503807067871,exit status=0
	RGN solver time= 0.07098841667175293
	xnorm=5.645399761733411,dnorm=0.0028879337593828848
	dense amplitude time= 0.014185428619384766
	total non-zero amplitudes= 4900
	nsamples per process= 50
	sample time= 0.3877849578857422
	self.n= 0.5238012088306159
	RGN updated loss=-14.00362959772214,dloss=-1.6796089852277873e-08
step= 449

nparam= 1004
	dense amplitude time= 0.013602256774902344
	total non-zero amplitudes= 4900
	nsamples per process= 50
	sample time= 1.6034042835235596
	self.n= 0.5238012088306159
	collect g,h time= 2.8800950050354004
E=-14.00362959772214,dE=-1.6796089852277873e-08,std=0
L=-14.00362959772214,dL=-1.6796089852277873e-08,std=0
	gnorm= 3.033162725992021e-06
	symmetric= True
	solver time=0.0027153491973876953,exit status=0
	SR solver time= 0.002753734588623047
	symmetric= False
	niter= 22
	niter= 365
	solver time=0.06925582885742188,exit status=0
	RGN solver time= 0.06928873062133789
	xnorm=5.6460877002227265,dnorm=0.0028836966890055677
	dense amplitude time= 0.016908884048461914
	total non-zero amplitudes= 4900
	nsamples per process= 50
	sample time= 0.37596607208251953
	self.n= 0.5237919309262242
	RGN updated loss=-14.003629614468895,dloss=-1.674675509377721e-08
step= 450

nparam= 1004
	dense amplitude time= 0.02577495574951172
	total non-zero amplitudes= 4900
	nsamples per process= 50
	sample time= 1.6250181198120117
	self.n= 0.5237919309262243
	collect g,h time= 2.8976047039031982
E=-14.003629614468897,dE=-1.674675687013405e-08,std=0
L=-14.003629614468897,dL=-1.674675687013405e-08,std=0
	gnorm= 3.028533124078418e-06
	symmetric= True
	solver time=0.0026390552520751953,exit status=0
	SR solver time= 0.002673625946044922
	symmetric= False
	niter= 22
	niter= 366
	solver time=0.0710442066192627,exit status=0
	RGN solver time= 0.07107973098754883
	xnorm=5.6467747120115765,dnorm=0.0028794888179481323
	dense amplitude time= 0.013972282409667969
	total non-zero amplitudes= 4900
	nsamples per process= 50
	sample time= 0.3843994140625
	self.n= 0.5237827556871886
	RGN updated loss=-14.003629631166753,dloss=-1.66978555427022e-08
step= 451

nparam= 1004
	dense amplitude time= 0.04216885566711426
	total non-zero amplitudes= 4900
	nsamples per process= 50
	sample time= 1.617769479751587
	self.n= 0.5237827556871881
	collect g,h time= 2.8922946453094482
E=-14.003629631166755,dE=-1.669785731905904e-08,std=0
L=-14.003629631166755,dL=-1.669785731905904e-08,std=0
	gnorm= 3.023950393752696e-06
	symmetric= True
	solver time=0.0027923583984375,exit status=0
	SR solver time= 0.0028290748596191406
	symmetric= False
	niter= 22
	niter= 366
	solver time=0.07301855087280273,exit status=0
	RGN solver time= 0.07305240631103516
	xnorm=5.647460794364388,dnorm=0.0028753079160772107
	dense amplitude time= 0.013289928436279297
	total non-zero amplitudes= 4900
	nsamples per process= 50
	sample time= 0.37984681129455566
	self.n= 0.5237736832523263
	RGN updated loss=-14.003629647816114,dloss=-1.6649359224629734e-08
step= 452

nparam= 1004
	dense amplitude time= 0.02194070816040039
	total non-zero amplitudes= 4900
	nsamples per process= 50
	sample time= 1.6285712718963623
	self.n= 0.5237736832523261
	collect g,h time= 2.8787894248962402
E=-14.003629647816117,dE=-1.6649362777343413e-08,std=0
L=-14.003629647816117,dL=-1.6649362777343413e-08,std=0
	gnorm= 3.0194143952801787e-06
	symmetric= True
	solver time=0.002555370330810547,exit status=0
	SR solver time= 0.002590179443359375
	symmetric= False
	niter= 22
	niter= 366
	solver time=0.06963086128234863,exit status=0
	RGN solver time= 0.06966400146484375
	xnorm=5.648145944731907,dnorm=0.0028711579863362935
	dense amplitude time= 0.014073371887207031
	total non-zero amplitudes= 4900
	nsamples per process= 50
	sample time= 0.376267671585083
	self.n= 0.5237647138393114
	RGN updated loss=-14.003629664417403,dloss=-1.6601285679485045e-08
step= 453

nparam= 1004
	dense amplitude time= 0.023564577102661133
	total non-zero amplitudes= 4900
	nsamples per process= 50
	sample time= 1.6296474933624268
	self.n= 0.5237647138393114
	collect g,h time= 2.890583038330078
E=-14.003629664417403,dE=-1.6601285679485045e-08,std=0
L=-14.003629664417403,dL=-1.6601285679485045e-08,std=0
	gnorm= 3.0149234474527478e-06
	symmetric= True
	solver time=0.002645730972290039,exit status=0
	SR solver time= 0.002684354782104492
	symmetric= False
	niter= 22
	niter= 366
	solver time=0.0692586898803711,exit status=0
	RGN solver time= 0.06929612159729004
	xnorm=5.648830162397497,dnorm=0.002867037977542441
	dense amplitude time= 0.01386404037475586
	total non-zero amplitudes= 4900
	nsamples per process= 50
	sample time= 0.37787365913391113
	self.n= 0.5237558475725511
	RGN updated loss=-14.003629680971017,dloss=-1.655361359098606e-08
step= 454

nparam= 1004
	dense amplitude time= 0.013509750366210938
	total non-zero amplitudes= 4900
	nsamples per process= 50
	sample time= 1.5986835956573486
	self.n= 0.523755847572551
	collect g,h time= 2.8753674030303955
E=-14.00362968097102,dE=-1.655361714369974e-08,std=0
L=-14.00362968097102,dL=-1.655361714369974e-08,std=0
	gnorm= 3.0104744909794376e-06
	symmetric= True
	solver time=0.0028183460235595703,exit status=0
	SR solver time= 0.002855062484741211
	symmetric= False
	niter= 22
	niter= 366
	solver time=0.0731959342956543,exit status=0
	RGN solver time= 0.07323408126831055
	xnorm=5.649513446927035,dnorm=0.002862944150462939
	dense amplitude time= 0.013985395431518555
	total non-zero amplitudes= 4900
	nsamples per process= 50
	sample time= 0.3785731792449951
	self.n= 0.5237470845163212
	RGN updated loss=-14.003629697477344,dloss=-1.6506323419207547e-08
step= 455

nparam= 1004
	dense amplitude time= 0.01421976089477539
	total non-zero amplitudes= 4900
	nsamples per process= 50
	sample time= 1.6335268020629883
	self.n= 0.5237470845163216
	collect g,h time= 2.87768292427063
E=-14.003629697477344,dE=-1.6506323419207547e-08,std=0
L=-14.003629697477344,dL=-1.6506323419207547e-08,std=0
	gnorm= 3.0060628817777734e-06
	symmetric= True
	solver time=0.002560138702392578,exit status=0
	SR solver time= 0.002597332000732422
	symmetric= False
	niter= 22
	niter= 365
	solver time=0.0691380500793457,exit status=0
	RGN solver time= 0.06917333602905273
	xnorm=5.6501957976357415,dnorm=0.002858873490375884
	dense amplitude time= 0.013945341110229492
	total non-zero amplitudes= 4900
	nsamples per process= 50
	sample time= 0.37462449073791504
	self.n= 0.5237384246901646
	RGN updated loss=-14.003629713936727,dloss=-1.6459383189726395e-08
step= 456

nparam= 1004
	dense amplitude time= 0.025577545166015625
	total non-zero amplitudes= 4900
	nsamples per process= 50
	sample time= 1.6274371147155762
	self.n= 0.5237384246901646
	collect g,h time= 2.9033114910125732
E=-14.003629713936729,dE=-1.6459384966083235e-08,std=0
L=-14.003629713936729,dL=-1.6459384966083235e-08,std=0
	gnorm= 3.001690045395868e-06
	symmetric= True
	solver time=0.002759218215942383,exit status=0
	SR solver time= 0.0027952194213867188
	symmetric= False
	niter= 22
	niter= 365
	solver time=0.07050490379333496,exit status=0
	RGN solver time= 0.07053971290588379
	xnorm=5.6508772135320955,dnorm=0.002854827817124067
	dense amplitude time= 0.016338109970092773
	total non-zero amplitudes= 4900
	nsamples per process= 50
	sample time= 0.3793001174926758
	self.n= 0.5237298680384388
	RGN updated loss=-14.003629730349532,dloss=-1.6412803560683642e-08
step= 457

nparam= 1004
	dense amplitude time= 0.013263940811157227
	total non-zero amplitudes= 4900
	nsamples per process= 50
	sample time= 1.6008775234222412
	self.n= 0.5237298680384386
	collect g,h time= 2.8978147506713867
E=-14.003629730349534,dE=-1.641280533704048e-08,std=0
L=-14.003629730349534,dL=-1.641280533704048e-08,std=0
	gnorm= 2.9973509275944882e-06
	symmetric= True
	solver time=0.002838134765625,exit status=0
	SR solver time= 0.0028731822967529297
	symmetric= False
	niter= 22
	niter= 365
	solver time=0.07260775566101074,exit status=0
	RGN solver time= 0.07264494895935059
	xnorm=5.651557694646988,dnorm=0.0028508060314968086
	dense amplitude time= 0.01632404327392578
	total non-zero amplitudes= 4900
	nsamples per process= 50
	sample time= 0.37859559059143066
	self.n= 0.5237214144506956
	RGN updated loss=-14.003629746716117,dloss=-1.6366582755722447e-08
step= 458

nparam= 1004
	dense amplitude time= 0.014073610305786133
	total non-zero amplitudes= 4900
	nsamples per process= 50
	sample time= 1.6436197757720947
	self.n= 0.5237214144506954
	collect g,h time= 2.8772521018981934
E=-14.003629746716115,dE=-1.6366580979365608e-08,std=0
L=-14.003629746716115,dL=-1.6366580979365608e-08,std=0
	gnorm= 2.993043385706916e-06
	symmetric= True
	solver time=0.002527475357055664,exit status=0
	SR solver time= 0.0025615692138671875
	symmetric= False
	niter= 22
	niter= 365
	solver time=0.06948375701904297,exit status=0
	RGN solver time= 0.06951689720153809
	xnorm=5.6522372410968265,dnorm=0.002846807808845584
	dense amplitude time= 0.015420198440551758
	total non-zero amplitudes= 4900
	nsamples per process= 50
	sample time= 0.3750913143157959
	self.n= 0.5237130637385745
	RGN updated loss=-14.003629763036798,dloss=-1.6320683471349184e-08
step= 459

nparam= 1004
	dense amplitude time= 0.023858070373535156
	total non-zero amplitudes= 4900
	nsamples per process= 50
	sample time= 1.6160619258880615
	self.n= 0.5237130637385744
	collect g,h time= 2.892005443572998
E=-14.0036297630368,dE=-1.6320685247706024e-08,std=0
L=-14.0036297630368,dL=-1.6320685247706024e-08,std=0
	gnorm= 2.988771045321263e-06
	symmetric= True
	solver time=0.002561807632446289,exit status=0
	SR solver time= 0.0025997161865234375
	symmetric= False
	niter= 22
	niter= 365
	solver time=0.0704190731048584,exit status=0
	RGN solver time= 0.07045412063598633
	xnorm=5.652915853345459,dnorm=0.002842832726468015
	dense amplitude time= 0.013855934143066406
	total non-zero amplitudes= 4900
	nsamples per process= 50
	sample time= 0.3780815601348877
	self.n= 0.5237048156663757
	RGN updated loss=-14.00362977931194,dloss=-1.62751394583438e-08
step= 460

nparam= 1004
	dense amplitude time= 0.02040410041809082
	total non-zero amplitudes= 4900
	nsamples per process= 50
	sample time= 1.6039583683013916
	self.n= 0.5237048156663747
	collect g,h time= 2.8704981803894043
E=-14.003629779311936,dE=-1.6275135905630123e-08,std=0
L=-14.003629779311936,dL=-1.6275135905630123e-08,std=0
	gnorm= 2.9845278338179594e-06
	symmetric= True
	solver time=0.0025763511657714844,exit status=0
	SR solver time= 0.0026133060455322266
	symmetric= False
	niter= 22
	niter= 365
	solver time=0.07111001014709473,exit status=0
	RGN solver time= 0.07114672660827637
	xnorm=5.6535935320792365,dnorm=0.0028388811669205595
	dense amplitude time= 0.014156579971313477
	total non-zero amplitudes= 4900
	nsamples per process= 50
	sample time= 0.3896934986114502
	self.n= 0.5236966699401925
	RGN updated loss=-14.003629795541864,dloss=-1.6229927624067386e-08
step= 461

nparam= 1004
	dense amplitude time= 0.034024953842163086
	total non-zero amplitudes= 4900
	nsamples per process= 50
	sample time= 1.6617074012756348
	self.n= 0.523696669940192
	collect g,h time= 2.872314691543579
E=-14.003629795541862,dE=-1.6229925847710547e-08,std=0
L=-14.003629795541862,dL=-1.6229925847710547e-08,std=0
	gnorm= 2.9803140046921475e-06
	symmetric= True
	solver time=0.0025377273559570312,exit status=0
	SR solver time= 0.002574920654296875
	symmetric= False
	niter= 22
	niter= 365
	solver time=0.06899189949035645,exit status=0
	RGN solver time= 0.06902551651000977
	xnorm=5.654270278472782,dnorm=0.0028349523334480547
	dense amplitude time= 0.013844728469848633
	total non-zero amplitudes= 4900
	nsamples per process= 50
	sample time= 0.37418627738952637
	self.n= 0.5236886262268285
	RGN updated loss=-14.003629811726894,dloss=-1.6185031981308384e-08
step= 462

nparam= 1004
	dense amplitude time= 0.016486167907714844
	total non-zero amplitudes= 4900
	nsamples per process= 50
	sample time= 1.5973706245422363
	self.n= 0.5236886262268285
	collect g,h time= 2.8990366458892822
E=-14.003629811726894,dE=-1.6185031981308384e-08,std=0
L=-14.003629811726894,dL=-1.6185031981308384e-08,std=0
	gnorm= 2.9761311464082422e-06
	symmetric= True
	solver time=0.0026476383209228516,exit status=0
	SR solver time= 0.002683401107788086
	symmetric= False
	niter= 22
	niter= 364
	solver time=0.07362985610961914,exit status=0
	RGN solver time= 0.07366538047790527
	xnorm=5.654946093815691,dnorm=0.002831044703742636
	dense amplitude time= 0.015655994415283203
	total non-zero amplitudes= 4900
	nsamples per process= 50
	sample time= 0.38079309463500977
	self.n= 0.5236806841665794
	RGN updated loss=-14.003629827867355,dloss=-1.6140461411850993e-08
step= 463

nparam= 1004
	dense amplitude time= 0.014118194580078125
	total non-zero amplitudes= 4900
	nsamples per process= 50
	sample time= 1.6120164394378662
	self.n= 0.5236806841665788
	collect g,h time= 2.873724937438965
E=-14.003629827867352,dE=-1.6140457859137314e-08,std=0
L=-14.003629827867352,dL=-1.6140457859137314e-08,std=0
	gnorm= 2.971976948554882e-06
	symmetric= True
	solver time=0.002748250961303711,exit status=0
	SR solver time= 0.002788066864013672
	symmetric= False
	niter= 22
	niter= 364
	solver time=0.07303476333618164,exit status=0
	RGN solver time= 0.07307028770446777
	xnorm=5.655620979282527,dnorm=0.002827160691232013
	dense amplitude time= 0.013886213302612305
	total non-zero amplitudes= 4900
	nsamples per process= 50
	sample time= 0.3784213066101074
	self.n= 0.5236728433490787
	RGN updated loss=-14.003629843963564,dloss=-1.6096212362981532e-08
step= 464

nparam= 1004
	dense amplitude time= 0.022404909133911133
	total non-zero amplitudes= 4900
	nsamples per process= 50
	sample time= 1.6522245407104492
	self.n= 0.5236728433490783
	collect g,h time= 2.8659210205078125
E=-14.003629843963562,dE=-1.6096210586624693e-08,std=0
L=-14.003629843963562,dL=-1.6096210586624693e-08,std=0
	gnorm= 2.967849374116705e-06
	symmetric= True
	solver time=0.002566814422607422,exit status=0
	SR solver time= 0.002599477767944336
	symmetric= False
	niter= 22
	niter= 364
	solver time=0.06961464881896973,exit status=0
	RGN solver time= 0.06965184211730957
	xnorm=5.656294937089737,dnorm=0.0028232986343408096
	dense amplitude time= 0.01388406753540039
	total non-zero amplitudes= 4900
	nsamples per process= 50
	sample time= 0.374920129776001
	self.n= 0.5236651033182873
	RGN updated loss=-14.00362986001584,dloss=-1.6052277729272646e-08
step= 465

nparam= 1004
	dense amplitude time= 0.014627695083618164
	total non-zero amplitudes= 4900
	nsamples per process= 50
	sample time= 1.5946109294891357
	self.n= 0.5236651033182873
	collect g,h time= 2.8738491535186768
E=-14.00362986001584,dE=-1.6052277729272646e-08,std=0
L=-14.00362986001584,dL=-1.6052277729272646e-08,std=0
	gnorm= 2.9637506895153434e-06
	symmetric= True
	solver time=0.0027527809143066406,exit status=0
	SR solver time= 0.0027887821197509766
	symmetric= False
	niter= 22
	niter= 364
	solver time=0.07405686378479004,exit status=0
	RGN solver time= 0.07408785820007324
	xnorm=5.6569679691805765,dnorm=0.0028194586972589363
	dense amplitude time= 0.01663041114807129
	total non-zero amplitudes= 4900
	nsamples per process= 50
	sample time= 0.38331151008605957
	self.n= 0.5236574636175512
	RGN updated loss=-14.00362987602449,dloss=-1.6008650405296976e-08
step= 466

nparam= 1004
	dense amplitude time= 0.02514815330505371
	total non-zero amplitudes= 4900
	nsamples per process= 50
	sample time= 1.6131818294525146
	self.n= 0.5236574636175511
	collect g,h time= 2.8749053478240967
E=-14.003629876024494,dE=-1.6008653958010655e-08,std=0
L=-14.003629876024494,dL=-1.6008653958010655e-08,std=0
	gnorm= 2.9596767800246134e-06
	symmetric= True
	solver time=0.0027060508728027344,exit status=0
	SR solver time= 0.002745389938354492
	symmetric= False
	niter= 22
	niter= 364
	solver time=0.06905174255371094,exit status=0
	RGN solver time= 0.06908488273620605
	xnorm=5.657640077960029,dnorm=0.002815640216763381
	dense amplitude time= 0.015623807907104492
	total non-zero amplitudes= 4900
	nsamples per process= 50
	sample time= 0.37587475776672363
	self.n= 0.5236499237689696
	RGN updated loss=-14.003629891989824,dloss=-1.5965330391054522e-08
step= 467

nparam= 1004
	dense amplitude time= 0.024907588958740234
	total non-zero amplitudes= 4900
	nsamples per process= 50
	sample time= 1.621830701828003
	self.n= 0.5236499237689695
	collect g,h time= 2.9012036323547363
E=-14.003629891989828,dE=-1.59653339437682e-08,std=0
L=-14.003629891989828,dL=-1.59653339437682e-08,std=0
	gnorm= 2.9556294744179664e-06
	symmetric= True
	solver time=0.0026493072509765625,exit status=0
	SR solver time= 0.002683877944946289
	symmetric= False
	niter= 22
	niter= 365
	solver time=0.07125043869018555,exit status=0
	RGN solver time= 0.0712885856628418
	xnorm=5.658311265761457,dnorm=0.0028118436205719537
	dense amplitude time= 0.014060497283935547
	total non-zero amplitudes= 4900
	nsamples per process= 50
	sample time= 0.37874412536621094
	self.n= 0.523642483311646
	RGN updated loss=-14.00362990785278,dloss=-1.5862951840972528e-08
step= 468

nparam= 1004
	dense amplitude time= 0.02101922035217285
	total non-zero amplitudes= 4900
	nsamples per process= 50
	sample time= 1.630768060684204
	self.n= 0.5236424833116461
	collect g,h time= 2.8833978176116943
E=-14.003629907852778,dE=-1.586295006461569e-08,std=0
L=-14.003629907852778,dL=-1.586295006461569e-08,std=0
	gnorm= 3.2137121868280435e-06
	symmetric= True
	solver time=0.003174304962158203,exit status=0
	SR solver time= 0.003213644027709961
	symmetric= False
	niter= 27
	niter= 374
	solver time=0.07243061065673828,exit status=0
	RGN solver time= 0.07246923446655273
	xnorm=5.658981535375407,dnorm=0.002807946477399891
	dense amplitude time= 0.013973712921142578
	total non-zero amplitudes= 4900
	nsamples per process= 50
	sample time= 0.37937331199645996
	self.n= 0.5236352553166516
	RGN updated loss=-14.003629923784292,dloss=-1.593151388590286e-08
step= 469

nparam= 1004
	dense amplitude time= 0.3277614116668701
	total non-zero amplitudes= 4900
	nsamples per process= 50
	sample time= 1.6196460723876953
	self.n= 0.5236352553166517
	collect g,h time= 2.878056287765503
E=-14.00362992378429,dE=-1.593151210954602e-08,std=0
L=-14.00362992378429,dL=-1.593151210954602e-08,std=0
	gnorm= 3.19625029245114e-06
	symmetric= True
	solver time=0.0030443668365478516,exit status=0
	SR solver time= 0.0030820369720458984
	symmetric= False
	niter= 26
	niter= 370
	solver time=0.07024240493774414,exit status=0
	RGN solver time= 0.07027983665466309
	xnorm=5.659652291677487,dnorm=0.002804323552843811
	dense amplitude time= 0.013916730880737305
	total non-zero amplitudes= 4900
	nsamples per process= 50
	sample time= 0.37668633460998535
	self.n= 0.5236277517084599
	RGN updated loss=-14.003629939566935,dloss=-1.5782644524620082e-08
step= 470

nparam= 1004
	dense amplitude time= 0.014513254165649414
	total non-zero amplitudes= 4900
	nsamples per process= 50
	sample time= 1.6540532112121582
	self.n= 0.5236277517084597
	collect g,h time= 2.887964963912964
E=-14.003629939566935,dE=-1.5782644524620082e-08,std=0
L=-14.003629939566935,dL=-1.5782644524620082e-08,std=0
	gnorm= 3.1863624809218958e-06
	symmetric= True
	solver time=0.00292205810546875,exit status=0
	SR solver time= 0.002958536148071289
	symmetric= False
	niter= 26
	niter= 374
	solver time=0.07221221923828125,exit status=0
	RGN solver time= 0.0722494125366211
	xnorm=5.660320154569386,dnorm=0.0028004343473335344
	dense amplitude time= 0.013890504837036133
	total non-zero amplitudes= 4900
	nsamples per process= 50
	sample time= 0.37926673889160156
	self.n= 0.5236207250373511
	RGN updated loss=-14.0036299554147,dloss=-1.5847765766352495e-08
step= 471

nparam= 1004
	dense amplitude time= 0.033568620681762695
	total non-zero amplitudes= 4900
	nsamples per process= 50
	sample time= 1.60914945602417
	self.n= 0.5236207250373512
	collect g,h time= 2.8870389461517334
E=-14.003629955414702,dE=-1.5847767542709335e-08,std=0
L=-14.003629955414702,dL=-1.5847767542709335e-08,std=0
	gnorm= 3.185553098371142e-06
	symmetric= True
	solver time=0.0029382705688476562,exit status=0
	SR solver time= 0.0029754638671875
	symmetric= False
	niter= 26
	niter= 368
	solver time=0.06973814964294434,exit status=0
	RGN solver time= 0.06977343559265137
	xnorm=5.660988848026968,dnorm=0.002796951036433368
	dense amplitude time= 0.013851165771484375
	total non-zero amplitudes= 4900
	nsamples per process= 50
	sample time= 0.3761332035064697
	self.n= 0.5236134477416752
	RGN updated loss=-14.003629971113037,dloss=-1.5698335076308467e-08
step= 472

nparam= 1004
	dense amplitude time= 0.024832725524902344
	total non-zero amplitudes= 4900
	nsamples per process= 50
	sample time= 1.6049842834472656
	self.n= 0.5236134477416757
	collect g,h time= 2.883061170578003
E=-14.003629971113037,dE=-1.5698335076308467e-08,std=0
L=-14.003629971113037,dL=-1.5698335076308467e-08,std=0
	gnorm= 3.174753437106461e-06
	symmetric= True
	solver time=0.0029757022857666016,exit status=0
	SR solver time= 0.00301361083984375
	symmetric= False
	niter= 26
	niter= 374
	solver time=0.07078361511230469,exit status=0
	RGN solver time= 0.0708153247833252
	xnorm=5.661654786048804,dnorm=0.002793015764372214
	dense amplitude time= 0.013973236083984375
	total non-zero amplitudes= 4900
	nsamples per process= 50
	sample time= 0.3764615058898926
	self.n= 0.5236066341036776
	RGN updated loss=-14.003629986878389,dloss=-1.576535169078852e-08
step= 473

nparam= 1004
	dense amplitude time= 0.014424562454223633
	total non-zero amplitudes= 4900
	nsamples per process= 50
	sample time= 1.6037507057189941
	self.n= 0.5236066341036769
	collect g,h time= 2.890413761138916
E=-14.003629986878392,dE=-1.57653552435022e-08,std=0
L=-14.003629986878392,dL=-1.57653552435022e-08,std=0
	gnorm= 3.1739917769093215e-06
	symmetric= True
	solver time=0.0031409263610839844,exit status=0
	SR solver time= 0.003175973892211914
	symmetric= False
	niter= 26
	niter= 369
	solver time=0.06873011589050293,exit status=0
	RGN solver time= 0.06876516342163086
	xnorm=5.662321573191125,dnorm=0.002789587271197891
	dense amplitude time= 0.016525983810424805
	total non-zero amplitudes= 4900
	nsamples per process= 50
	sample time= 0.3756546974182129
	self.n= 0.5235995651606538
	RGN updated loss=-14.00363000249296,dloss=-1.561456741683287e-08
step= 474

nparam= 1004
	dense amplitude time= 0.024499177932739258
	total non-zero amplitudes= 4900
	nsamples per process= 50
	sample time= 1.6109251976013184
	self.n= 0.5235995651606534
	collect g,h time= 2.884077310562134
E=-14.003630002492962,dE=-1.561456919318971e-08,std=0
L=-14.003630002492962,dL=-1.561456919318971e-08,std=0
	gnorm= 3.163200719917704e-06
	symmetric= True
	solver time=0.003175497055053711,exit status=0
	SR solver time= 0.003212451934814453
	symmetric= False
	niter= 26
	niter= 374
	solver time=0.07295989990234375,exit status=0
	RGN solver time= 0.0729973316192627
	xnorm=5.662985655373209,dnorm=0.0027856497792709944
	dense amplitude time= 0.013995170593261719
	total non-zero amplitudes= 4900
	nsamples per process= 50
	sample time= 0.3805365562438965
	self.n= 0.5235929532414767
	RGN updated loss=-14.003630018176846,dloss=-1.5683884413419946e-08
step= 475

nparam= 1004
	dense amplitude time= 0.015264272689819336
	total non-zero amplitudes= 4900
	nsamples per process= 50
	sample time= 1.633596658706665
	self.n= 0.5235929532414764
	collect g,h time= 2.898740768432617
E=-14.003630018176848,dE=-1.5683886189776786e-08,std=0
L=-14.003630018176848,dL=-1.5683886189776786e-08,std=0
	gnorm= 3.16244157176812e-06
	symmetric= True
	solver time=0.00310516357421875,exit status=0
	SR solver time= 0.003142118453979492
	symmetric= False
	niter= 26
	niter= 369
	solver time=0.0747537612915039,exit status=0
	RGN solver time= 0.07478880882263184
	xnorm=5.663650583589645,dnorm=0.002782284007119768
	dense amplitude time= 0.014731407165527344
	total non-zero amplitudes= 4900
	nsamples per process= 50
	sample time= 0.37626051902770996
	self.n= 0.5235860821381652
	RGN updated loss=-14.003630033708653,dloss=-1.5531805175328373e-08
step= 476

nparam= 1004
	dense amplitude time= 0.023636579513549805
	total non-zero amplitudes= 4900
	nsamples per process= 50
	sample time= 1.6194086074829102
	self.n= 0.5235860821381655
	collect g,h time= 2.88356351852417
E=-14.003630033708651,dE=-1.5531803398971533e-08,std=0
L=-14.003630033708651,dL=-1.5531803398971533e-08,std=0
	gnorm= 3.151700970058184e-06
	symmetric= True
	solver time=0.0030803680419921875,exit status=0
	SR solver time= 0.0031147003173828125
	symmetric= False
	niter= 26
	niter= 374
	solver time=0.07164525985717773,exit status=0
	RGN solver time= 0.07168149948120117
	xnorm=5.664312846077223,dnorm=0.002778430558164153
	dense amplitude time= 0.01554727554321289
	total non-zero amplitudes= 4900
	nsamples per process= 50
	sample time= 0.37677454948425293
	self.n= 0.5235796592530764
	RGN updated loss=-14.003630049253173,dloss=-1.554452211394164e-08
step= 477

nparam= 1004
	dense amplitude time= 0.026341676712036133
	total non-zero amplitudes= 4900
	nsamples per process= 50
	sample time= 1.6155757904052734
	self.n= 0.5235796592530759
	collect g,h time= 2.889836549758911
E=-14.003630049253175,dE=-1.554452389029848e-08,std=0
L=-14.003630049253175,dL=-1.554452389029848e-08,std=0
	gnorm= 2.9168590712767797e-06
	symmetric= True
	solver time=0.002646923065185547,exit status=0
	SR solver time= 0.002680540084838867
	symmetric= False
	niter= 22
	niter= 363
	solver time=0.06735897064208984,exit status=0
	RGN solver time= 0.06739258766174316
	xnorm=5.6649759654573355,dnorm=0.002774763187198227
	dense amplitude time= 0.013845682144165039
	total non-zero amplitudes= 4900
	nsamples per process= 50
	sample time= 0.37456560134887695
	self.n= 0.5235730872679702
	RGN updated loss=-14.003630064758333,dloss=-1.550515804638053e-08
step= 478

nparam= 1004
	dense amplitude time= 0.02389049530029297
	total non-zero amplitudes= 4900
	nsamples per process= 50
	sample time= 1.6003432273864746
	self.n= 0.5235730872679694
	collect g,h time= 2.8837227821350098
E=-14.003630064758328,dE=-1.550515271731001e-08,std=0
L=-14.003630064758328,dL=-1.550515271731001e-08,std=0
	gnorm= 2.9122750603890505e-06
	symmetric= True
	solver time=0.002618551254272461,exit status=0
	SR solver time= 0.0026557445526123047
	symmetric= False
	niter= 22
	niter= 363
	solver time=0.06860709190368652,exit status=0
	RGN solver time= 0.06864261627197266
	xnorm=5.66563777292938,dnorm=0.0027711733696774896
	dense amplitude time= 0.015862703323364258
	total non-zero amplitudes= 4900
	nsamples per process= 50
	sample time= 0.37486958503723145
	self.n= 0.5235666046200655
	RGN updated loss=-14.00363008022409,dloss=-1.546576200439631e-08
step= 479

nparam= 1004
	dense amplitude time= 0.01732611656188965
	total non-zero amplitudes= 4900
	nsamples per process= 50
	sample time= 1.6032540798187256
	self.n= 0.5235666046200653
	collect g,h time= 2.883970022201538
E=-14.003630080224086,dE=-1.5465758451682632e-08,std=0
L=-14.003630080224086,dL=-1.5465758451682632e-08,std=0
	gnorm= 2.908483009538079e-06
	symmetric= True
	solver time=0.0025060176849365234,exit status=0
	SR solver time= 0.0025441646575927734
	symmetric= False
	niter= 22
	niter= 363
	solver time=0.06919527053833008,exit status=0
	RGN solver time= 0.0692300796508789
	xnorm=5.666298542918782,dnorm=0.0027676125011592842
	dense amplitude time= 0.013955116271972656
	total non-zero amplitudes= 4900
	nsamples per process= 50
	sample time= 0.3757498264312744
	self.n= 0.5235602318888861
	RGN updated loss=-14.003630095650303,dloss=-1.5426216748437582e-08
step= 480

nparam= 1004
	dense amplitude time= 0.023443222045898438
	total non-zero amplitudes= 4900
	nsamples per process= 50
	sample time= 1.6055407524108887
	self.n= 0.5235602318888863
	collect g,h time= 2.8811752796173096
E=-14.003630095650305,dE=-1.5426218524794422e-08,std=0
L=-14.003630095650305,dL=-1.5426218524794422e-08,std=0
	gnorm= 2.9047347333365533e-06
	symmetric= True
	solver time=0.002508878707885742,exit status=0
	SR solver time= 0.0025463104248046875
	symmetric= False
	niter= 22
	niter= 364
	solver time=0.06852412223815918,exit status=0
	RGN solver time= 0.0685570240020752
	xnorm=5.66695834918603,dnorm=0.0027640723204735373
	dense amplitude time= 0.013941764831542969
	total non-zero amplitudes= 4900
	nsamples per process= 50
	sample time= 0.37476301193237305
	self.n= 0.523553964916383
	RGN updated loss=-14.003630111037177,dloss=-1.5386872220801706e-08
step= 481

nparam= 1004
	dense amplitude time= 0.03502678871154785
	total non-zero amplitudes= 4900
	nsamples per process= 50
	sample time= 1.6036431789398193
	self.n= 0.5235539649163832
	collect g,h time= 2.881969690322876
E=-14.003630111037175,dE=-1.5386870444444867e-08,std=0
L=-14.003630111037175,dL=-1.5386870444444867e-08,std=0
	gnorm= 2.901005339750563e-06
	symmetric= True
	solver time=0.002763986587524414,exit status=0
	SR solver time= 0.0028030872344970703
	symmetric= False
	niter= 22
	niter= 364
	solver time=0.0723273754119873,exit status=0
	RGN solver time= 0.07236266136169434
	xnorm=5.667617226372259,dnorm=0.0027605501524137137
	dense amplitude time= 0.01620960235595703
	total non-zero amplitudes= 4900
	nsamples per process= 50
	sample time= 0.37874388694763184
	self.n= 0.5235477990269802
	RGN updated loss=-14.003630126384927,dloss=-1.5347751514127594e-08
step= 482

nparam= 1004
	dense amplitude time= 0.024885177612304688
	total non-zero amplitudes= 4900
	nsamples per process= 50
	sample time= 1.6499707698822021
	self.n= 0.5235477990269796
	collect g,h time= 2.8812026977539062
E=-14.003630126384929,dE=-1.5347753290484434e-08,std=0
L=-14.003630126384929,dL=-1.5347753290484434e-08,std=0
	gnorm= 2.897293640876105e-06
	symmetric= True
	solver time=0.0025975704193115234,exit status=0
	SR solver time= 0.0026350021362304688
	symmetric= False
	niter= 22
	niter= 364
	solver time=0.06947135925292969,exit status=0
	RGN solver time= 0.0695047378540039
	xnorm=5.668275194573739,dnorm=0.0027570468798254347
	dense amplitude time= 0.013893842697143555
	total non-zero amplitudes= 4900
	nsamples per process= 50
	sample time= 0.3783695697784424
	self.n= 0.52354173089703
	RGN updated loss=-14.003630141693813,dloss=-1.5308884826481517e-08
step= 483

nparam= 1004
	dense amplitude time= 0.014608621597290039
	total non-zero amplitudes= 4900
	nsamples per process= 50
	sample time= 1.6028003692626953
	self.n= 0.5235417308970296
	collect g,h time= 2.8969311714172363
E=-14.00363014169381,dE=-1.5308881273767838e-08,std=0
L=-14.00363014169381,dL=-1.5308881273767838e-08,std=0
	gnorm= 2.8936023972563505e-06
	symmetric= True
	solver time=0.002595186233520508,exit status=0
	SR solver time= 0.0026311874389648438
	symmetric= False
	niter= 22
	niter= 364
	solver time=0.07090258598327637,exit status=0
	RGN solver time= 0.07094645500183105
	xnorm=5.668932267965258,dnorm=0.0027535618646181382
	dense amplitude time= 0.014355659484863281
	total non-zero amplitudes= 4900
	nsamples per process= 50
	sample time= 0.38237690925598145
	self.n= 0.5235357583270344
	RGN updated loss=-14.003630156964066,dloss=-1.527025617065192e-08
step= 484

nparam= 1004
	dense amplitude time= 0.015613794326782227
	total non-zero amplitudes= 4900
	nsamples per process= 50
	sample time= 1.6218376159667969
	self.n= 0.5235357583270347
	collect g,h time= 2.8782448768615723
E=-14.00363015696407,dE=-1.5270259723365598e-08,std=0
L=-14.00363015696407,dL=-1.5270259723365598e-08,std=0
	gnorm= 2.8899316166763863e-06
	symmetric= True
	solver time=0.00254058837890625,exit status=0
	SR solver time= 0.0025777816772460938
	symmetric= False
	niter= 22
	niter= 364
	solver time=0.06895256042480469,exit status=0
	RGN solver time= 0.06898617744445801
	xnorm=5.669588457282689,dnorm=0.0027500950689779654
	dense amplitude time= 0.01388096809387207
	total non-zero amplitudes= 4900
	nsamples per process= 50
	sample time= 0.3772389888763428
	self.n= 0.5235298797878456
	RGN updated loss=-14.003630172195939,dloss=-1.523186909935248e-08
step= 485

nparam= 1004
	dense amplitude time= 0.015623092651367188
	total non-zero amplitudes= 4900
	nsamples per process= 50
	sample time= 1.6244564056396484
	self.n= 0.5235298797878445
	collect g,h time= 2.8897604942321777
E=-14.00363017219594,dE=-1.523187087570932e-08,std=0
L=-14.00363017219594,dL=-1.523187087570932e-08,std=0
	gnorm= 2.8862804394026647e-06
	symmetric= True
	solver time=0.002629518508911133,exit status=0
	SR solver time= 0.0026695728302001953
	symmetric= False
	niter= 22
	niter= 364
	solver time=0.07111835479736328,exit status=0
	RGN solver time= 0.0711524486541748
	xnorm=5.670243771348778,dnorm=0.0027466462165835156
	dense amplitude time= 0.01411747932434082
	total non-zero amplitudes= 4900
	nsamples per process= 50
	sample time= 0.3795304298400879
	self.n= 0.523524094192615
	RGN updated loss=-14.003630187389675,dloss=-1.5193734270724235e-08
step= 486

nparam= 1004
	dense amplitude time= 0.01577901840209961
	total non-zero amplitudes= 4900
	nsamples per process= 50
	sample time= 1.634629249572754
	self.n= 0.5235240941926145
	collect g,h time= 2.8853938579559326
E=-14.003630187389676,dE=-1.5193736047081075e-08,std=0
L=-14.003630187389676,dL=-1.5193736047081075e-08,std=0
	gnorm= 2.882648957285375e-06
	symmetric= True
	solver time=0.002601146697998047,exit status=0
	SR solver time= 0.002636432647705078
	symmetric= False
	niter= 22
	niter= 364
	solver time=0.07132959365844727,exit status=0
	RGN solver time= 0.07136821746826172
	xnorm=5.670898217696221,dnorm=0.0027432150530467985
	dense amplitude time= 0.01381826400756836
	total non-zero amplitudes= 4900
	nsamples per process= 50
	sample time= 0.3788571357727051
	self.n= 0.5235184007183082
	RGN updated loss=-14.003630202545516,dloss=-1.515583925026931e-08
step= 487

nparam= 1004
	dense amplitude time= 0.016395092010498047
	total non-zero amplitudes= 4900
	nsamples per process= 50
	sample time= 1.630462884902954
	self.n= 0.5235184007183082
	collect g,h time= 2.8939449787139893
E=-14.003630202545516,dE=-1.515583925026931e-08,std=0
L=-14.003630202545516,dL=-1.515583925026931e-08,std=0
	gnorm= 2.8790365973937136e-06
	symmetric= True
	solver time=0.0026357173919677734,exit status=0
	SR solver time= 0.0026733875274658203
	symmetric= False
	niter= 22
	niter= 364
	solver time=0.0706644058227539,exit status=0
	RGN solver time= 0.07069945335388184
	xnorm=5.671551802967655,dnorm=0.0027398013185923288
	dense amplitude time= 0.013824224472045898
	total non-zero amplitudes= 4900
	nsamples per process= 50
	sample time= 0.3800227642059326
	self.n= 0.5235127987080012
	RGN updated loss=-14.003630217663694,dloss=-1.5118178708917185e-08
step= 488

nparam= 1004
	dense amplitude time= 0.019063711166381836
	total non-zero amplitudes= 4900
	nsamples per process= 50
	sample time= 1.6243641376495361
	self.n= 0.5235127987080015
	collect g,h time= 2.883136749267578
E=-14.003630217663693,dE=-1.5118176932560345e-08,std=0
L=-14.003630217663693,dL=-1.5118176932560345e-08,std=0
	gnorm= 2.875442923457936e-06
	symmetric= True
	solver time=0.002630949020385742,exit status=0
	SR solver time= 0.002668142318725586
	symmetric= False
	niter= 22
	niter= 364
	solver time=0.06980609893798828,exit status=0
	RGN solver time= 0.06984138488769531
	xnorm=5.672204533157232,dnorm=0.0027364048666181414
	dense amplitude time= 0.013987302780151367
	total non-zero amplitudes= 4900
	nsamples per process= 50
	sample time= 0.3774571418762207
	self.n= 0.5235072876043386
	RGN updated loss=-14.00363023274445,dloss=-1.508075797573838e-08
step= 489

nparam= 1004
	dense amplitude time= 0.016155004501342773
	total non-zero amplitudes= 4900
	nsamples per process= 50
	sample time= 1.608415126800537
	self.n= 0.5235072876043388
	collect g,h time= 2.878279209136963
E=-14.00363023274445,dE=-1.508075797573838e-08,std=0
L=-14.00363023274445,dL=-1.508075797573838e-08,std=0
	gnorm= 2.8718677312380086e-06
	symmetric= True
	solver time=0.002755880355834961,exit status=0
	SR solver time= 0.002791881561279297
	symmetric= False
	niter= 22
	niter= 364
	solver time=0.06974554061889648,exit status=0
	RGN solver time= 0.06978130340576172
	xnorm=5.672856413806421,dnorm=0.0027330255743109205
	dense amplitude time= 0.016269922256469727
	total non-zero amplitudes= 4900
	nsamples per process= 50
	sample time= 0.37619638442993164
	self.n= 0.5235018669069813
	RGN updated loss=-14.003630247788015,dloss=-1.5043564616235017e-08
step= 490

nparam= 1004
	dense amplitude time= 0.02578568458557129
	total non-zero amplitudes= 4900
	nsamples per process= 50
	sample time= 1.6205687522888184
	self.n= 0.5235018669069817
	collect g,h time= 2.874941349029541
E=-14.003630247788013,dE=-1.5043562839878177e-08,std=0
L=-14.003630247788013,dL=-1.5043562839878177e-08,std=0
	gnorm= 2.868310805109187e-06
	symmetric= True
	solver time=0.0027954578399658203,exit status=0
	SR solver time= 0.002833127975463867
	symmetric= False
	niter= 22
	niter= 364
	solver time=0.07261085510253906,exit status=0
	RGN solver time= 0.0726480484008789
	xnorm=5.673507450124402,dnorm=0.002729663279270693
	dense amplitude time= 0.013999700546264648
	total non-zero amplitudes= 4900
	nsamples per process= 50
	sample time= 0.37764859199523926
	self.n= 0.523496536152805
	RGN updated loss=-14.003630262794617,dloss=-1.5006603959477616e-08
step= 491

nparam= 1004
	dense amplitude time= 0.08900165557861328
	total non-zero amplitudes= 4900
	nsamples per process= 50
	sample time= 1.6211605072021484
	self.n= 0.5234965361528046
	collect g,h time= 2.892869710922241
E=-14.00363026279462,dE=-1.5006605735834455e-08,std=0
L=-14.00363026279462,dL=-1.5006605735834455e-08,std=0
	gnorm= 2.8647718966227257e-06
	symmetric= True
	solver time=0.0025975704193115234,exit status=0
	SR solver time= 0.0026361942291259766
	symmetric= False
	niter= 22
	niter= 364
	solver time=0.06943535804748535,exit status=0
	RGN solver time= 0.06946825981140137
	xnorm=5.674157647055621,dnorm=0.0027263178091323217
	dense amplitude time= 0.013849973678588867
	total non-zero amplitudes= 4900
	nsamples per process= 50
	sample time= 0.3756077289581299
	self.n= 0.5234912948984803
	RGN updated loss=-14.003630277701559,dloss=-1.4906939682646225e-08
step= 492

nparam= 1004
	dense amplitude time= 0.02073359489440918
	total non-zero amplitudes= 4900
	nsamples per process= 50
	sample time= 1.6023375988006592
	self.n= 0.5234912948984797
	collect g,h time= 2.8861052989959717
E=-14.003630277701559,dE=-1.4906939682646225e-08,std=0
L=-14.003630277701559,dL=-1.4906939682646225e-08,std=0
	gnorm= 3.040023740164042e-06
	symmetric= True
	solver time=0.0030651092529296875,exit status=0
	SR solver time= 0.003111600875854492
	symmetric= False
	niter= 27
	niter= 373
	solver time=0.07025766372680664,exit status=0
	RGN solver time= 0.07029223442077637
	xnorm=5.674807009333744,dnorm=0.002722983870400621
	dense amplitude time= 0.013878822326660156
	total non-zero amplitudes= 4900
	nsamples per process= 50
	sample time= 0.37550783157348633
	self.n= 0.5234863861457797
	RGN updated loss=-14.003630292721663,dloss=-1.5020104271457058e-08
step= 493

nparam= 1004
	dense amplitude time= 0.015313863754272461
	total non-zero amplitudes= 4900
	nsamples per process= 50
	sample time= 1.6023199558258057
	self.n= 0.5234863861457797
	collect g,h time= 2.879042863845825
E=-14.00363029272166,dE=-1.502010071874338e-08,std=0
L=-14.00363029272166,dL=-1.502010071874338e-08,std=0
	gnorm= 3.0461964034780293e-06
	symmetric= True
	solver time=0.0030333995819091797,exit status=0
	SR solver time= 0.0030694007873535156
	symmetric= False
	niter= 27
	niter= 371
	solver time=0.07021903991699219,exit status=0
	RGN solver time= 0.07025647163391113
	xnorm=5.675455276362656,dnorm=0.002719838133339904
	dense amplitude time= 0.013955831527709961
	total non-zero amplitudes= 4900
	nsamples per process= 50
	sample time= 0.3751096725463867
	self.n= 0.5234809413624218
	RGN updated loss=-14.003630307535662,dloss=-1.4814002469165644e-08
step= 494

nparam= 1004
	dense amplitude time= 0.01621270179748535
	total non-zero amplitudes= 4900
	nsamples per process= 50
	sample time= 1.6265380382537842
	self.n= 0.5234809413624217
	collect g,h time= 2.8815736770629883
E=-14.003630307535664,dE=-1.4814004245522483e-08,std=0
L=-14.003630307535664,dL=-1.4814004245522483e-08,std=0
	gnorm= 3.023049248299534e-06
	symmetric= True
	solver time=0.003282785415649414,exit status=0
	SR solver time= 0.0033245086669921875
	symmetric= False
	niter= 27
	niter= 372
	solver time=0.07250690460205078,exit status=0
	RGN solver time= 0.07254338264465332
	xnorm=5.676103187800775,dnorm=0.002716350022736485
	dense amplitude time= 0.014830589294433594
	total non-zero amplitudes= 4900
	nsamples per process= 50
	sample time= 0.3793203830718994
	self.n= 0.5234762605657312
	RGN updated loss=-14.003630322480682,dloss=-1.494501766785561e-08
step= 495

nparam= 1004
	dense amplitude time= 0.02007293701171875
	total non-zero amplitudes= 4900
	nsamples per process= 50
	sample time= 1.6182255744934082
	self.n= 0.5234762605657306
	collect g,h time= 2.874711275100708
E=-14.003630322480685,dE=-1.4945021220569288e-08,std=0
L=-14.003630322480685,dL=-1.4945021220569288e-08,std=0
	gnorm= 3.0388586815196824e-06
	symmetric= True
	solver time=0.003088235855102539,exit status=0
	SR solver time= 0.0031278133392333984
	symmetric= False
	niter= 27
	niter= 371
	solver time=0.07194256782531738,exit status=0
	RGN solver time= 0.07199287414550781
	xnorm=5.676749856139311,dnorm=0.0027132647463642082
	dense amplitude time= 0.013913393020629883
	total non-zero amplitudes= 4900
	nsamples per process= 50
	sample time= 0.37465405464172363
	self.n= 0.5234710309332347
	RGN updated loss=-14.003630337222015,dloss=-1.474132993450894e-08
step= 496

nparam= 1004
	dense amplitude time= 0.02064371109008789
	total non-zero amplitudes= 4900
	nsamples per process= 50
	sample time= 1.6021788120269775
	self.n= 0.5234710309332341
	collect g,h time= 2.875237226486206
E=-14.003630337222015,dE=-1.474132993450894e-08,std=0
L=-14.003630337222015,dL=-1.474132993450894e-08,std=0
	gnorm= 3.0150459833821944e-06
	symmetric= True
	solver time=0.0030279159545898438,exit status=0
	SR solver time= 0.0030670166015625
	symmetric= False
	niter= 27
	niter= 372
	solver time=0.07015061378479004,exit status=0
	RGN solver time= 0.07018494606018066
	xnorm=5.67739616478831,dnorm=0.0027097975045164507
	dense amplitude time= 0.01389765739440918
	total non-zero amplitudes= 4900
	nsamples per process= 50
	sample time= 0.37778759002685547
	self.n= 0.5234665441608137
	RGN updated loss=-14.00363035209569,dloss=-1.4873675624471616e-08
step= 497

nparam= 1004
	dense amplitude time= 0.014584779739379883
	total non-zero amplitudes= 4900
	nsamples per process= 50
	sample time= 1.6018927097320557
	self.n= 0.5234665441608141
	collect g,h time= 2.8807637691497803
E=-14.003630352095692,dE=-1.4873677400828456e-08,std=0
L=-14.003630352095692,dL=-1.4873677400828456e-08,std=0
	gnorm= 3.0307224297910335e-06
	symmetric= True
	solver time=0.0032956600189208984,exit status=0
	SR solver time= 0.003343820571899414
	symmetric= False
	niter= 27
	niter= 371
	solver time=0.07359623908996582,exit status=0
	RGN solver time= 0.07363271713256836
	xnorm=5.6780412325173355,dnorm=0.002706749216807094
	dense amplitude time= 0.016655445098876953
	total non-zero amplitudes= 4900
	nsamples per process= 50
	sample time= 0.37698864936828613
	self.n= 0.5234614996333716
	RGN updated loss=-14.003630366765462,dloss=-1.46697693992337e-08
step= 498

nparam= 1004
	dense amplitude time= 0.025307655334472656
	total non-zero amplitudes= 4900
	nsamples per process= 50
	sample time= 1.5995256900787354
	self.n= 0.5234614996333715
	collect g,h time= 2.8839492797851562
E=-14.00363036676546,dE=-1.4669767622876861e-08,std=0
L=-14.00363036676546,dL=-1.4669767622876861e-08,std=0
	gnorm= 3.007060751468556e-06
	symmetric= True
	solver time=0.0032317638397216797,exit status=0
	SR solver time= 0.003270387649536133
	symmetric= False
	niter= 27
	niter= 372
	solver time=0.07025742530822754,exit status=0
	RGN solver time= 0.07029151916503906
	xnorm=5.6786859396979885,dnorm=0.0027033134036439244
	dense amplitude time= 0.01623082160949707
	total non-zero amplitudes= 4900
	nsamples per process= 50
	sample time= 0.3755967617034912
	self.n= 0.5234571898701044
	RGN updated loss=-14.003630381568849,dloss=-1.4803388737050227e-08
step= 499

nparam= 1004
	dense amplitude time= 0.025727033615112305
	total non-zero amplitudes= 4900
	nsamples per process= 50
	sample time= 1.5991334915161133
	self.n= 0.5234571898701041
	collect g,h time= 2.8938097953796387
E=-14.003630381568849,dE=-1.4803388737050227e-08,std=0
L=-14.003630381568849,dL=-1.4803388737050227e-08,std=0
	gnorm= 3.022568289411147e-06
	symmetric= True
	solver time=0.003140687942504883,exit status=0
	SR solver time= 0.0031795501708984375
	symmetric= False
	niter= 27
	niter= 371
	solver time=0.07334399223327637,exit status=0
	RGN solver time= 0.0733804702758789
	xnorm=5.679329411934556,dnorm=0.00270029551879393
	dense amplitude time= 0.01460886001586914
	total non-zero amplitudes= 4900
	nsamples per process= 50
	sample time= 0.37604832649230957
	self.n= 0.5234523215630241
	RGN updated loss=-14.003630396167942,dloss=-1.4599093489664483e-08
