layer= 0
nparam= 660
hop_ls= [(1, 5), (1, 8), (1, 9), (1, 13), (5, 8), (5, 9), (5, 13), (8, 9), (8, 13), (9, 13)]

layer= 1
nparam= 144
hop_ls= [(9, 14), (1, 6), (2, 5), (2, 8), (2, 14), (13, 14), (6, 8), (6, 14), (5, 6), (8, 14), (1, 2), (1, 14), (2, 13), (6, 13), (5, 14), (2, 9), (2, 6), (6, 9)]

layer= 2
nparam= 152
hop_ls= [(6, 12), (4, 9), (4, 6), (4, 12), (12, 13), (0, 2), (5, 10), (0, 5), (8, 12), (0, 8), (0, 14), (10, 12), (1, 12), (4, 5), (4, 8), (4, 14), (5, 12), (0, 1), (9, 10), (2, 4), (0, 4), (0, 10), (0, 13), (2, 10), (10, 14), (6, 10), (12, 14), (4, 10), (4, 13), (9, 12), (0, 9), (8, 10), (1, 4), (0, 6), (0, 12), (2, 12), (1, 10), (10, 13)]

layer= 3
nparam= 48
hop_ls= [(6, 15), (3, 4), (3, 10), (5, 7), (4, 15), (3, 13), (9, 11), (11, 14), (1, 3), (2, 11), (8, 15), (0, 11), (10, 15), (1, 15), (6, 11), (7, 10), (7, 13), (3, 9), (12, 15), (3, 6), (3, 12), (4, 11), (14, 15), (8, 11), (0, 7), (5, 15), (10, 11), (2, 7), (1, 11), (11, 13), (7, 9), (6, 7), (7, 12), (4, 7), (3, 5), (3, 8), (3, 14), (5, 11), (0, 3), (9, 15), (2, 3), (11, 12), (1, 7), (0, 15), (2, 15), (13, 15), (7, 8), (7, 14)]

step= 0

nparam= 1004
ntotal configs= 4900
	dense amplitude time= 0.09490251541137695
	total non-zero amplitudes= 4900
	nsamples per process= 50
	sample time= 6.594884157180786
	self.n= 0.7998075407540827
	collect g,h time= 12.714668989181519
E=-13.065279535222329,dE=0,std=0
L=-13.065279535222329,dL=0,std=0
	gnorm= 1.4381525857193487
	symmetric= True
	solver time=0.044519662857055664,exit status=0
	SR solver time= 0.04460024833679199
	symmetric= False
	niter= 39
	niter= 188
	solver time=0.13533592224121094,exit status=0
	RGN solver time= 0.1353766918182373
	xnorm=1.8075877526693962,dnorm=3.456445840921926
	dense amplitude time= 0.057698726654052734
	total non-zero amplitudes= 4900
	nsamples per process= 50
	sample time= 0.5310089588165283
	self.n= 0.782102484904073
	RGN updated loss=-13.730555099955623,dloss=-0.6652755647332942
step= 1

nparam= 1004
	dense amplitude time= 0.09618377685546875
	total non-zero amplitudes= 4900
	nsamples per process= 50
	sample time= 1.8584401607513428
	self.n= 0.7821024849040732
	collect g,h time= 5.316817998886108
E=-13.730555099955621,dE=-0.6652755647332924,std=0
L=-13.730555099955621,dL=-0.6652755647332924,std=0
	gnorm= 0.5403088443081909
	symmetric= True
	solver time=0.03674650192260742,exit status=0
	SR solver time= 0.036788225173950195
	symmetric= False
	niter= 40
	niter= 188
	solver time=0.12045526504516602,exit status=0
	RGN solver time= 0.12049102783203125
	xnorm=3.412371673912095,dnorm=1.6957431755737495
	dense amplitude time= 0.0358576774597168
	total non-zero amplitudes= 4900
	nsamples per process= 50
	sample time= 0.4413571357727051
	self.n= 0.8886841049930166
	RGN updated loss=-13.963637646758253,dloss=-0.23308254680263119
step= 2

nparam= 1004
	dense amplitude time= 0.0900123119354248
	total non-zero amplitudes= 4900
	nsamples per process= 50
	sample time= 1.8927035331726074
	self.n= 0.8886841049930176
	collect g,h time= 5.221717357635498
E=-13.963637646758249,dE=-0.23308254680262763,std=0
L=-13.963637646758249,dL=-0.23308254680262763,std=0
	gnorm= 0.18172736733566358
	symmetric= True
	solver time=0.043381690979003906,exit status=0
	SR solver time= 0.04342508316040039
	symmetric= False
	niter= 42
	niter= 229
	solver time=0.11421561241149902,exit status=0
	RGN solver time= 0.11424732208251953
	xnorm=2.759613596340924,dnorm=1.1387003292710687
	dense amplitude time= 0.03845024108886719
	total non-zero amplitudes= 4900
	nsamples per process= 50
	sample time= 0.4257071018218994
	self.n= 0.8984835100411529
	RGN updated loss=-13.987599996331928,dloss=-0.023962349573679376
step= 3

nparam= 1004
	dense amplitude time= 0.08170843124389648
	total non-zero amplitudes= 4900
	nsamples per process= 50
	sample time= 1.8531274795532227
	self.n= 0.8984835100411536
	collect g,h time= 5.0968286991119385
E=-13.987599996331925,dE=-0.023962349573675823,std=0
L=-13.987599996331925,dL=-0.023962349573675823,std=0
	gnorm= 0.11705507789637694
	symmetric= True
	solver time=0.027073383331298828,exit status=0
	SR solver time= 0.027138948440551758
	symmetric= False
	niter= 42
	niter= 240
	solver time=0.17233896255493164,exit status=0
	RGN solver time= 0.1723775863647461
	xnorm=2.7422831345409215,dnorm=0.7995288360155932
	dense amplitude time= 0.02655935287475586
	total non-zero amplitudes= 4900
	nsamples per process= 50
	sample time= 0.44597458839416504
	self.n= 0.8680994778845259
	RGN updated loss=-13.99496409637652,dloss=-0.007364100044595645
step= 4

nparam= 1004
	dense amplitude time= 0.1430215835571289
	total non-zero amplitudes= 4900
	nsamples per process= 50
	sample time= 1.8629331588745117
	self.n= 0.8680994778845255
	collect g,h time= 5.232017993927002
E=-13.994964096376522,dE=-0.007364100044597421,std=0
L=-13.994964096376522,dL=-0.007364100044597421,std=0
	gnorm= 0.07140169561575632
	symmetric= True
	solver time=0.012251615524291992,exit status=0
	SR solver time= 0.01228642463684082
	symmetric= False
	niter= 42
	niter= 250
	solver time=0.08602166175842285,exit status=0
	RGN solver time= 0.08605289459228516
	xnorm=2.803568387839746,dnorm=0.6090730385780166
	dense amplitude time= 0.026955127716064453
	total non-zero amplitudes= 4900
	nsamples per process= 50
	sample time= 0.42942190170288086
	self.n= 0.8393775477210218
	RGN updated loss=-13.99868772792905,dloss=-0.003723631552528417
step= 5

nparam= 1004
	dense amplitude time= 0.1861250400543213
	total non-zero amplitudes= 4900
	nsamples per process= 50
	sample time= 1.894392967224121
	self.n= 0.8393775477210208
	collect g,h time= 5.261165142059326
E=-13.99868772792905,dE=-0.003723631552528417,std=0
L=-13.99868772792905,dL=-0.003723631552528417,std=0
	gnorm= 0.03437279989522332
	symmetric= True
	solver time=0.01757669448852539,exit status=0
	SR solver time= 0.017618894577026367
	symmetric= False
	niter= 42
	niter= 278
	solver time=0.1333177089691162,exit status=0
	RGN solver time= 0.13335251808166504
	xnorm=2.9047974246066626,dnorm=0.47838502131168326
	dense amplitude time= 0.033115386962890625
	total non-zero amplitudes= 4900
	nsamples per process= 50
	sample time= 0.43334078788757324
	self.n= 0.8003768262077287
	RGN updated loss=-14.00010510772141,dloss=-0.0014173797923593412
step= 6

nparam= 1004
	dense amplitude time= 0.11763906478881836
	total non-zero amplitudes= 4900
	nsamples per process= 50
	sample time= 1.8985867500305176
	self.n= 0.8003768262077279
	collect g,h time= 5.275670051574707
E=-14.00010510772141,dE=-0.0014173797923593412,std=0
L=-14.00010510772141,dL=-0.0014173797923593412,std=0
	gnorm= 0.02439145708722283
	symmetric= True
	solver time=0.041033029556274414,exit status=0
	SR solver time= 0.041078805923461914
	symmetric= False
	niter= 43
	niter= 285
	solver time=0.11164045333862305,exit status=0
	RGN solver time= 0.11168026924133301
	xnorm=3.0123303794205674,dnorm=0.3968644963645229
	dense amplitude time= 0.0262601375579834
	total non-zero amplitudes= 4900
	nsamples per process= 50
	sample time= 0.4336361885070801
	self.n= 0.7709568603753364
	RGN updated loss=-14.001197923222616,dloss=-0.0010928155012059904
step= 7

nparam= 1004
	dense amplitude time= 0.11713886260986328
	total non-zero amplitudes= 4900
	nsamples per process= 50
	sample time= 1.8717491626739502
	self.n= 0.7709568603753363
	collect g,h time= 4.8383708000183105
E=-14.001197923222618,dE=-0.0010928155012077667,std=0
L=-14.001197923222618,dL=-0.0010928155012077667,std=0
	gnorm= 0.019268048257620077
	symmetric= True
	solver time=0.027531862258911133,exit status=0
	SR solver time= 0.027568578720092773
	symmetric= False
	niter= 43
	niter= 288
	solver time=0.11073684692382812,exit status=0
	RGN solver time= 0.11077094078063965
	xnorm=3.086652517685276,dnorm=0.32944221355760894
	dense amplitude time= 0.02121257781982422
	total non-zero amplitudes= 4900
	nsamples per process= 50
	sample time= 0.4255385398864746
	self.n= 0.7451183620415084
	RGN updated loss=-14.001760012254671,dloss=-0.0005620890320532368
step= 8

nparam= 1004
	dense amplitude time= 0.0813906192779541
	total non-zero amplitudes= 4900
	nsamples per process= 50
	sample time= 1.8593029975891113
	self.n= 0.7451183620415087
	collect g,h time= 5.3180458545684814
E=-14.001760012254675,dE=-0.0005620890320567895,std=0
L=-14.001760012254675,dL=-0.0005620890320567895,std=0
	gnorm= 0.01502717463297877
	symmetric= True
	solver time=0.042440176010131836,exit status=0
	SR solver time= 0.042482852935791016
	symmetric= False
	niter= 43
	niter= 292
	solver time=0.3569521903991699,exit status=0
	RGN solver time= 0.35698461532592773
	xnorm=3.1782452862865846,dnorm=0.2722646199079779
	dense amplitude time= 0.0456240177154541
	total non-zero amplitudes= 4900
	nsamples per process= 50
	sample time= 0.42578983306884766
	self.n= 0.7257621711270881
	RGN updated loss=-14.002165143552556,dloss=-0.0004051312978816668
step= 9

nparam= 1004
	dense amplitude time= 0.1801302433013916
	total non-zero amplitudes= 4900
	nsamples per process= 50
	sample time= 1.8776967525482178
	self.n= 0.7257621711270879
	collect g,h time= 5.308600664138794
E=-14.002165143552554,dE=-0.00040513129787989044,std=0
L=-14.002165143552554,dL=-0.00040513129787989044,std=0
	gnorm= 0.010517278410253385
	symmetric= True
	solver time=0.04814577102661133,exit status=0
	SR solver time= 0.048212528228759766
	symmetric= False
	niter= 44
	niter= 305
	solver time=0.12158560752868652,exit status=0
	RGN solver time= 0.12161874771118164
	xnorm=3.238929540938695,dnorm=0.23034693133425763
	dense amplitude time= 0.04588961601257324
	total non-zero amplitudes= 4900
	nsamples per process= 50
	sample time= 0.4322969913482666
	self.n= 0.7108004622760167
	RGN updated loss=-14.002375376111386,dloss=-0.00021023255883179104
step= 10

nparam= 1004
	dense amplitude time= 0.07713437080383301
	total non-zero amplitudes= 4900
	nsamples per process= 50
	sample time= 1.9132652282714844
	self.n= 0.7108004622760162
	collect g,h time= 4.730969190597534
E=-14.00237537611139,dE=-0.00021023255883534375,std=0
L=-14.00237537611139,dL=-0.00021023255883534375,std=0
	gnorm= 0.008804505454902703
	symmetric= True
	solver time=0.021554231643676758,exit status=0
	SR solver time= 0.021595239639282227
	symmetric= False
	niter= 45
	niter= 303
	solver time=0.1271684169769287,exit status=0
	RGN solver time= 0.12719964981079102
	xnorm=3.298134758450504,dnorm=0.18853570025646854
	dense amplitude time= 0.026700735092163086
	total non-zero amplitudes= 4900
	nsamples per process= 50
	sample time= 0.41907691955566406
	self.n= 0.7011532266136138
	RGN updated loss=-14.00252352106877,dloss=-0.00014814495738058042
step= 11

nparam= 1004
	dense amplitude time= 0.1440258026123047
	total non-zero amplitudes= 4900
	nsamples per process= 50
	sample time= 1.8530442714691162
	self.n= 0.7011532266136131
	collect g,h time= 5.287222862243652
E=-14.002523521068774,dE=-0.00014814495738413314,std=0
L=-14.002523521068774,dL=-0.00014814495738413314,std=0
	gnorm= 0.005498217652171242
	symmetric= True
	solver time=0.030460357666015625,exit status=0
	SR solver time= 0.030499696731567383
	symmetric= False
	niter= 44
	niter= 312
	solver time=0.12314510345458984,exit status=0
	RGN solver time= 0.12318849563598633
	xnorm=3.341749548684655,dnorm=0.1630725578913353
	dense amplitude time= 0.07166314125061035
	total non-zero amplitudes= 4900
	nsamples per process= 50
	sample time= 0.4308755397796631
	self.n= 0.6949155141624189
	RGN updated loss=-14.002608298583311,dloss=-8.477751453739302e-05
step= 12

nparam= 1004
	dense amplitude time= 0.11610007286071777
	total non-zero amplitudes= 4900
	nsamples per process= 50
	sample time= 1.8718197345733643
	self.n= 0.6949155141624188
	collect g,h time= 5.313093900680542
E=-14.002608298583308,dE=-8.47775145338403e-05,std=0
L=-14.002608298583308,dL=-8.47775145338403e-05,std=0
	gnorm= 0.004315779714538598
	symmetric= True
	niter= 44
	solver time=0.05851173400878906,exit status=0
	SR solver time= 0.05855417251586914
	symmetric= False
	niter= 312
	solver time=0.12867283821105957,exit status=0
	RGN solver time= 0.1287062168121338
	xnorm=3.378643219175934,dnorm=0.13559190417869352
	dense amplitude time= 0.03867506980895996
	total non-zero amplitudes= 4900
	nsamples per process= 50
	sample time= 0.438169002532959
	self.n= 0.6908394130870013
	RGN updated loss=-14.00266753234079,dloss=-5.923375748295712e-05
step= 13

nparam= 1004
	dense amplitude time= 0.1120305061340332
	total non-zero amplitudes= 4900
	nsamples per process= 50
	sample time= 1.8923118114471436
	self.n= 0.690839413087001
	collect g,h time= 5.280263185501099
E=-14.00266753234079,dE=-5.923375748295712e-05,std=0
L=-14.00266753234079,dL=-5.923375748295712e-05,std=0
	gnorm= 0.0028926912932339412
	symmetric= True
	solver time=0.03252243995666504,exit status=0
	SR solver time= 0.03258967399597168
	symmetric= False
	niter= 42
	niter= 312
	solver time=0.10363292694091797,exit status=0
	RGN solver time= 0.1036686897277832
	xnorm=3.408820041610391,dnorm=0.11969708130944967
	dense amplitude time= 0.02912163734436035
	total non-zero amplitudes= 4900
	nsamples per process= 50
	sample time= 0.43837785720825195
	self.n= 0.6884508816639558
	RGN updated loss=-14.002707958778197,dloss=-4.042643740653773e-05
step= 14

nparam= 1004
	dense amplitude time= 0.12250208854675293
	total non-zero amplitudes= 4900
	nsamples per process= 50
	sample time= 1.8827016353607178
	self.n= 0.6884508816639557
	collect g,h time= 5.272509574890137
E=-14.0027079587782,dE=-4.042643741009044e-05,std=0
L=-14.0027079587782,dL=-4.042643741009044e-05,std=0
	gnorm= 0.0020883462830391993
	symmetric= True
	niter= 42
	solver time=0.040100812911987305,exit status=0
	SR solver time= 0.04014277458190918
	symmetric= False
	niter= 318
	solver time=0.12844109535217285,exit status=0
	RGN solver time= 0.12847232818603516
	xnorm=3.4349563486875754,dnorm=0.10460839720876859
	dense amplitude time= 0.047213077545166016
	total non-zero amplitudes= 4900
	nsamples per process= 50
	sample time= 0.4368894100189209
	self.n= 0.6868688224020132
	RGN updated loss=-14.002737928031658,dloss=-2.9969253457551304e-05
step= 15

nparam= 1004
	dense amplitude time= 0.14635467529296875
	total non-zero amplitudes= 4900
	nsamples per process= 50
	sample time= 1.8891918659210205
	self.n= 0.6868688224020123
	collect g,h time= 5.266962289810181
E=-14.002737928031658,dE=-2.9969253457551304e-05,std=0
L=-14.002737928031658,dL=-2.9969253457551304e-05,std=0
	gnorm= 0.0014862057621445254
	symmetric= True
	solver time=0.05001974105834961,exit status=0
	SR solver time= 0.05006527900695801
	symmetric= False
	niter= 39
	niter= 331
	solver time=0.13109087944030762,exit status=0
	RGN solver time= 0.13112425804138184
	xnorm=3.457963486542616,dnorm=0.09490671133423838
	dense amplitude time= 0.03532719612121582
	total non-zero amplitudes= 4900
	nsamples per process= 50
	sample time= 0.43674421310424805
	self.n= 0.6859400274319452
	RGN updated loss=-14.002761139998876,dloss=-2.3211967217662277e-05
step= 16

nparam= 1004
	dense amplitude time= 0.11018228530883789
	total non-zero amplitudes= 4900
	nsamples per process= 50
	sample time= 1.8765618801116943
	self.n= 0.6859400274319446
	collect g,h time= 4.897637367248535
E=-14.00276113999888,dE=-2.321196722121499e-05,std=0
L=-14.00276113999888,dL=-2.321196722121499e-05,std=0
	gnorm= 0.001100529484918001
	symmetric= True
	solver time=0.03247976303100586,exit status=0
	SR solver time= 0.032518625259399414
	symmetric= False
	niter= 39
	niter= 342
	solver time=0.11601614952087402,exit status=0
	RGN solver time= 0.11604976654052734
	xnorm=3.4788768997860227,dnorm=0.08647391272781475
	dense amplitude time= 0.04589557647705078
	total non-zero amplitudes= 4900
	nsamples per process= 50
	sample time= 0.434161901473999
	self.n= 0.6853334259688136
	RGN updated loss=-14.002780008465582,dloss=-1.8868466701960074e-05
step= 17

nparam= 1004
	dense amplitude time= 0.09192514419555664
	total non-zero amplitudes= 4900
	nsamples per process= 50
	sample time= 1.9016962051391602
	self.n= 0.6853334259688131
	collect g,h time= 5.29631781578064
E=-14.002780008465582,dE=-1.8868466701960074e-05,std=0
L=-14.002780008465582,dL=-1.8868466701960074e-05,std=0
	gnorm= 0.0008374656750539059
	symmetric= True
	solver time=0.04160952568054199,exit status=0
	SR solver time= 0.04165315628051758
	symmetric= False
	niter= 38
	niter= 343
	solver time=0.12505459785461426,exit status=0
	RGN solver time= 0.1250934600830078
	xnorm=3.4981130490476935,dnorm=0.0805342101720974
	dense amplitude time= 0.04972386360168457
	total non-zero amplitudes= 4900
	nsamples per process= 50
	sample time= 0.42534828186035156
	self.n= 0.6849825505463827
	RGN updated loss=-14.002795965926786,dloss=-1.5957461204862966e-05
step= 18

nparam= 1004
	dense amplitude time= 0.1104433536529541
	total non-zero amplitudes= 4900
	nsamples per process= 50
	sample time= 1.836747646331787
	self.n= 0.6849825505463827
	collect g,h time= 4.968201637268066
E=-14.002795965926783,dE=-1.5957461201310252e-05,std=0
L=-14.002795965926783,dL=-1.5957461201310252e-05,std=0
	gnorm= 0.0006490480583302732
	symmetric= True
	solver time=0.04027676582336426,exit status=0
	SR solver time= 0.04031634330749512
	symmetric= False
	niter= 38
	niter= 347
	solver time=0.1573944091796875,exit status=0
	RGN solver time= 0.1574268341064453
	xnorm=3.5161132521812664,dnorm=0.07579766675440705
	dense amplitude time= 0.0292818546295166
	total non-zero amplitudes= 4900
	nsamples per process= 50
	sample time= 0.40537524223327637
	self.n= 0.684771088516504
	RGN updated loss=-14.002809967124279,dloss=-1.400119749561668e-05
step= 19

nparam= 1004
	dense amplitude time= 0.13661956787109375
	total non-zero amplitudes= 4900
	nsamples per process= 50
	sample time= 1.783923864364624
	self.n= 0.6847710885165034
	collect g,h time= 5.262734413146973
E=-14.00280996712428,dE=-1.4001197497393036e-05,std=0
L=-14.00280996712428,dL=-1.4001197497393036e-05,std=0
	gnorm= 0.0005284354967188417
	symmetric= True
	solver time=0.009682655334472656,exit status=0
	SR solver time= 0.009720325469970703
	symmetric= False
	niter= 38
	niter= 359
	solver time=0.11307930946350098,exit status=0
	RGN solver time= 0.1131138801574707
	xnorm=3.5330799851041896,dnorm=0.07237926680404655
	dense amplitude time= 0.02708148956298828
	total non-zero amplitudes= 4900
	nsamples per process= 50
	sample time= 0.3947176933288574
	self.n= 0.6846144738370832
	RGN updated loss=-14.002822627767607,dloss=-1.2660643326611876e-05
step= 20

nparam= 1004
	dense amplitude time= 0.02218341827392578
	total non-zero amplitudes= 4900
	nsamples per process= 50
	sample time= 1.9001760482788086
	self.n= 0.684614473837083
	collect g,h time= 5.255090951919556
E=-14.002822627767607,dE=-1.2660643326611876e-05,std=0
L=-14.002822627767607,dL=-1.2660643326611876e-05,std=0
	gnorm= 0.00044546568271054937
	symmetric= True
	solver time=0.05877089500427246,exit status=0
	SR solver time= 0.058815956115722656
	symmetric= False
	niter= 38
	niter= 365
	solver time=0.12979483604431152,exit status=0
	RGN solver time= 0.12983369827270508
	xnorm=3.5492466915976495,dnorm=0.06984387495434964
	dense amplitude time= 0.057268381118774414
	total non-zero amplitudes= 4900
	nsamples per process= 50
	sample time= 0.4244391918182373
	self.n= 0.6844445448571657
	RGN updated loss=-14.002834370505463,dloss=-1.1742737855868768e-05
step= 21

nparam= 1004
	dense amplitude time= 0.015345573425292969
	total non-zero amplitudes= 4900
	nsamples per process= 50
	sample time= 1.8896141052246094
	self.n= 0.6844445448571651
	collect g,h time= 5.270975828170776
E=-14.002834370505463,dE=-1.1742737855868768e-05,std=0
L=-14.002834370505463,dL=-1.1742737855868768e-05,std=0
	gnorm= 0.00038940747677057504
	symmetric= True
	solver time=0.024027109146118164,exit status=0
	SR solver time= 0.024065732955932617
	symmetric= False
	niter= 37
	niter= 373
	solver time=0.12202191352844238,exit status=0
	RGN solver time= 0.12205958366394043
	xnorm=3.5647814340882564,dnorm=0.06788603344907736
	dense amplitude time= 0.04938077926635742
	total non-zero amplitudes= 4900
	nsamples per process= 50
	sample time= 0.4374361038208008
	self.n= 0.6842789259830272
	RGN updated loss=-14.002845447734558,dloss=-1.1077229094880181e-05
step= 22

nparam= 1004
	dense amplitude time= 0.028309106826782227
	total non-zero amplitudes= 4900
	nsamples per process= 50
	sample time= 1.9164464473724365
	self.n= 0.684278925983026
	collect g,h time= 5.261272192001343
E=-14.002845447734558,dE=-1.1077229094880181e-05,std=0
L=-14.002845447734558,dL=-1.1077229094880181e-05,std=0
	gnorm= 0.0003502098908353009
	symmetric= True
	niter= 38
	solver time=0.025889873504638672,exit status=0
	SR solver time= 0.02593064308166504
	symmetric= False
	niter= 374
	solver time=0.13283991813659668,exit status=0
	RGN solver time= 0.1328752040863037
	xnorm=3.5797958264441228,dnorm=0.06640893436681125
	dense amplitude time= 0.060063838958740234
	total non-zero amplitudes= 4900
	nsamples per process= 50
	sample time= 0.4433872699737549
	self.n= 0.6840626312438024
	RGN updated loss=-14.002856043747778,dloss=-1.0596013220620648e-05
step= 23

nparam= 1004
	dense amplitude time= 0.018436670303344727
	total non-zero amplitudes= 4900
	nsamples per process= 50
	sample time= 2.0190861225128174
	self.n= 0.6840626312438023
	collect g,h time= 5.263497352600098
E=-14.002856043747776,dE=-1.0596013218844291e-05,std=0
L=-14.002856043747776,dL=-1.0596013218844291e-05,std=0
	gnorm= 0.0003240731835998454
	symmetric= True
	solver time=0.02430868148803711,exit status=0
	SR solver time= 0.024349451065063477
	symmetric= False
	niter= 38
	niter= 374
	solver time=0.14229559898376465,exit status=0
	RGN solver time= 0.1423325538635254
	xnorm=3.5944113439670176,dnorm=0.06520323387024414
	dense amplitude time= 0.05900859832763672
	total non-zero amplitudes= 4900
	nsamples per process= 50
	sample time= 0.4191477298736572
	self.n= 0.683791663104232
	RGN updated loss=-14.002866262478888,dloss=-1.0218731111066859e-05
step= 24

nparam= 1004
	dense amplitude time= 0.035564422607421875
	total non-zero amplitudes= 4900
	nsamples per process= 50
	sample time= 1.9075939655303955
	self.n= 0.6837916631042322
	collect g,h time= 5.2336976528167725
E=-14.002866262478886,dE=-1.0218731109290502e-05,std=0
L=-14.002866262478886,dL=-1.0218731109290502e-05,std=0
	gnorm= 0.0003062223394726771
	symmetric= True
	solver time=0.02020716667175293,exit status=0
	SR solver time= 0.020246267318725586
	symmetric= False
	niter= 38
	niter= 374
	solver time=0.11006021499633789,exit status=0
	RGN solver time= 0.1100926399230957
	xnorm=3.6087090826627395,dnorm=0.06418556996425408
	dense amplitude time= 0.048413991928100586
	total non-zero amplitudes= 4900
	nsamples per process= 50
	sample time= 0.43346142768859863
	self.n= 0.6834485439372442
	RGN updated loss=-14.00287617159971,dloss=-9.909120823436979e-06
step= 25

nparam= 1004
	dense amplitude time= 0.027395963668823242
	total non-zero amplitudes= 4900
	nsamples per process= 50
	sample time= 2.0265166759490967
	self.n= 0.6834485439372437
	collect g,h time= 5.26711106300354
E=-14.002876171599711,dE=-9.909120825213336e-06,std=0
L=-14.002876171599711,dL=-9.909120825213336e-06,std=0
	gnorm= 0.0003154604511469254
	symmetric= True
	solver time=0.020714521408081055,exit status=0
	SR solver time= 0.020757675170898438
	symmetric= False
	niter= 40
	niter= 374
	solver time=0.12021756172180176,exit status=0
	RGN solver time= 0.12025141716003418
	xnorm=3.6227340685048577,dnorm=0.0633416766032257
	dense amplitude time= 0.06106305122375488
	total non-zero amplitudes= 4900
	nsamples per process= 50
	sample time= 0.4219374656677246
	self.n= 0.6830170844035075
	RGN updated loss=-14.00288581083998,dloss=-9.639240268199956e-06
step= 26

nparam= 1004
	dense amplitude time= 0.01559591293334961
	total non-zero amplitudes= 4900
	nsamples per process= 50
	sample time= 1.9129300117492676
	self.n= 0.6830170844035067
	collect g,h time= 5.25911808013916
E=-14.002885810839977,dE=-9.639240266423599e-06,std=0
L=-14.002885810839977,dL=-9.639240266423599e-06,std=0
	gnorm= 0.00028876189235604047
	symmetric= True
	solver time=0.007815837860107422,exit status=0
	SR solver time= 0.00785207748413086
	symmetric= False
	niter= 38
	niter= 374
	solver time=0.12879037857055664,exit status=0
	RGN solver time= 0.12882399559020996
	xnorm=3.6366184361203735,dnorm=0.06249054022130993
	dense amplitude time= 0.035147666931152344
	total non-zero amplitudes= 4900
	nsamples per process= 50
	sample time= 0.44122934341430664
	self.n= 0.6825275512782123
	RGN updated loss=-14.002895233742754,dloss=-9.42290277627933e-06
step= 27

nparam= 1004
	dense amplitude time= 0.034044742584228516
	total non-zero amplitudes= 4900
	nsamples per process= 50
	sample time= 2.0004589557647705
	self.n= 0.6825275512782123
	collect g,h time= 5.263095855712891
E=-14.002895233742754,dE=-9.42290277627933e-06,std=0
L=-14.002895233742754,dL=-9.42290277627933e-06,std=0
	gnorm= 0.00027697160704219623
	symmetric= True
	solver time=0.03995800018310547,exit status=0
	SR solver time= 0.040001630783081055
	symmetric= False
	niter= 38
	niter= 377
	solver time=0.15967702865600586,exit status=0
	RGN solver time= 0.15971040725708008
	xnorm=3.6502222095834522,dnorm=0.061675993970962725
	dense amplitude time= 0.040747880935668945
	total non-zero amplitudes= 4900
	nsamples per process= 50
	sample time= 0.4357585906982422
	self.n= 0.6819681515038944
	RGN updated loss=-14.002904420787468,dloss=-9.187044714309422e-06
step= 28

nparam= 1004
	dense amplitude time= 0.03040909767150879
	total non-zero amplitudes= 4900
	nsamples per process= 50
	sample time= 1.8630661964416504
	self.n= 0.6819681515038944
	collect g,h time= 5.263481616973877
E=-14.00290442078747,dE=-9.18704471608578e-06,std=0
L=-14.00290442078747,dL=-9.18704471608578e-06,std=0
	gnorm= 0.00027440155695449
	symmetric= True
	solver time=0.041834115982055664,exit status=0
	SR solver time= 0.04187583923339844
	symmetric= False
	niter= 38
	niter= 376
	solver time=0.1329021453857422,exit status=0
	RGN solver time= 0.1329355239868164
	xnorm=3.663641760140857,dnorm=0.0609453800761493
	dense amplitude time= 0.03864550590515137
	total non-zero amplitudes= 4900
	nsamples per process= 50
	sample time= 0.4413318634033203
	self.n= 0.6813512238038993
	RGN updated loss=-14.002913408769675,dloss=-8.987982205610479e-06
step= 29

nparam= 1004
	dense amplitude time= 0.03357648849487305
	total non-zero amplitudes= 4900
	nsamples per process= 50
	sample time= 2.0024497509002686
	self.n= 0.681351223803899
	collect g,h time= 5.2664525508880615
E=-14.002913408769675,dE=-8.987982205610479e-06,std=0
L=-14.002913408769675,dL=-8.987982205610479e-06,std=0
	gnorm= 0.00026594923929563954
	symmetric= True
	solver time=0.02015852928161621,exit status=0
	SR solver time= 0.02019524574279785
	symmetric= False
	niter= 39
	niter= 379
	solver time=0.1206967830657959,exit status=0
	RGN solver time= 0.12073063850402832
	xnorm=3.6769128110569653,dnorm=0.06023101737188312
	dense amplitude time= 0.024565458297729492
	total non-zero amplitudes= 4900
	nsamples per process= 50
	sample time= 0.43833374977111816
	self.n= 0.6806628346552641
	RGN updated loss=-14.002922216487868,dloss=-8.807718192116454e-06
step= 30

nparam= 1004
	dense amplitude time= 0.015691757202148438
	total non-zero amplitudes= 4900
	nsamples per process= 50
	sample time= 1.9279379844665527
	self.n= 0.6806628346552632
	collect g,h time= 5.275667905807495
E=-14.002922216487868,dE=-8.807718192116454e-06,std=0
L=-14.002922216487868,dL=-8.807718192116454e-06,std=0
	gnorm= 0.00026340942545772557
	symmetric= True
	solver time=0.026371002197265625,exit status=0
	SR solver time= 0.026410341262817383
	symmetric= False
	niter= 39
	niter= 378
	solver time=0.13111281394958496,exit status=0
	RGN solver time= 0.13114547729492188
	xnorm=3.690021207833668,dnorm=0.059564097159626454
	dense amplitude time= 0.0335240364074707
	total non-zero amplitudes= 4900
	nsamples per process= 50
	sample time= 0.4437062740325928
	self.n= 0.679928904964562
	RGN updated loss=-14.00293086042709,dloss=-8.643939223063057e-06
step= 31

nparam= 1004
	dense amplitude time= 0.02364516258239746
	total non-zero amplitudes= 4900
	nsamples per process= 50
	sample time= 1.9912521839141846
	self.n= 0.6799289049645617
	collect g,h time= 5.298373222351074
E=-14.002930860427092,dE=-8.643939224839414e-06,std=0
L=-14.002930860427092,dL=-8.643939224839414e-06,std=0
	gnorm= 0.0002590292166786538
	symmetric= True
	solver time=0.01990485191345215,exit status=0
	SR solver time= 0.019971847534179688
	symmetric= False
	niter= 39
	niter= 381
	solver time=0.1269207000732422,exit status=0
	RGN solver time= 0.1269526481628418
	xnorm=3.7029640630347793,dnorm=0.05892623297267729
	dense amplitude time= 0.029392480850219727
	total non-zero amplitudes= 4900
	nsamples per process= 50
	sample time= 0.45323896408081055
	self.n= 0.679162645998297
	RGN updated loss=-14.00293936061289,dloss=-8.500185797899462e-06
step= 32

nparam= 1004
	dense amplitude time= 0.03745532035827637
	total non-zero amplitudes= 4900
	nsamples per process= 50
	sample time= 1.890885829925537
	self.n= 0.6791626459982968
	collect g,h time= 5.2708656787872314
E=-14.002939360612892,dE=-8.500185799675819e-06,std=0
L=-14.002939360612892,dL=-8.500185799675819e-06,std=0
	gnorm= 0.0002596782600168391
	symmetric= True
	solver time=0.03423142433166504,exit status=0
	SR solver time= 0.03427243232727051
	symmetric= False
	niter= 40
	solver time=0.2250220775604248,exit status=0
	RGN solver time= 0.2250688076019287
	xnorm=3.7157445949947734,dnorm=0.05845650724259266
	niter= 380
	dense amplitude time= 0.04681229591369629
	total non-zero amplitudes= 4900
	nsamples per process= 50
	sample time= 0.4428565502166748
	self.n= 0.6783841639225261
	RGN updated loss=-14.00294775089463,dloss=-8.390281738712702e-06
step= 33

nparam= 1004
	dense amplitude time= 0.03158736228942871
	total non-zero amplitudes= 4900
	nsamples per process= 50
	sample time= 1.9466724395751953
	self.n= 0.6783841639225258
	collect g,h time= 5.2862868309021
E=-14.002947750894627,dE=-8.390281735159988e-06,std=0
L=-14.002947750894627,dL=-8.390281735159988e-06,std=0
	gnorm= 0.0002491622067624277
	symmetric= True
	solver time=0.010095596313476562,exit status=0
	SR solver time= 0.01014089584350586
	symmetric= False
	niter= 39
	niter= 387
	solver time=0.11207056045532227,exit status=0
	RGN solver time= 0.11210799217224121
	xnorm=3.7284313879359234,dnorm=0.05790502939159715
	dense amplitude time= 0.038558244705200195
	total non-zero amplitudes= 4900
	nsamples per process= 50
	sample time= 0.4555387496948242
	self.n= 0.677559107402783
	RGN updated loss=-14.002956036241999,dloss=-8.285347371739249e-06
step= 34

nparam= 1004
	dense amplitude time= 0.016246557235717773
	total non-zero amplitudes= 4900
	nsamples per process= 50
	sample time= 1.9157423973083496
	self.n= 0.6775591074027829
	collect g,h time= 5.284927129745483
E=-14.002956036241997,dE=-8.285347369962892e-06,std=0
L=-14.002956036241997,dL=-8.285347369962892e-06,std=0
	gnorm= 0.0002460593165199612
	symmetric= True
	solver time=0.00903177261352539,exit status=0
	SR solver time= 0.009072303771972656
	symmetric= False
	niter= 40
	niter= 389
	solver time=0.11932873725891113,exit status=0
	RGN solver time= 0.11936712265014648
	xnorm=3.7409855560532264,dnorm=0.05749206598865533
	dense amplitude time= 0.05759477615356445
	total non-zero amplitudes= 4900
	nsamples per process= 50
	sample time= 0.42830872535705566
	self.n= 0.6767229881931988
	RGN updated loss=-14.002964242392661,dloss=-8.206150663880862e-06
step= 35

nparam= 1004
	dense amplitude time= 0.018301725387573242
	total non-zero amplitudes= 4900
	nsamples per process= 50
	sample time= 1.8992972373962402
	self.n= 0.6767229881931978
	collect g,h time= 5.281022071838379
E=-14.002964242392657,dE=-8.206150660328149e-06,std=0
L=-14.002964242392657,dL=-8.206150660328149e-06,std=0
	gnorm= 0.00024254837007955357
	symmetric= True
	solver time=0.011846065521240234,exit status=0
	SR solver time= 0.01188349723815918
	symmetric= False
	niter= 39
	niter= 391
	solver time=0.14869213104248047,exit status=0
	RGN solver time= 0.1487274169921875
	xnorm=3.7534250321307527,dnorm=0.057166072339246865
	dense amplitude time= 0.04871869087219238
	total non-zero amplitudes= 4900
	nsamples per process= 50
	sample time= 0.47113895416259766
	self.n= 0.6758775730606252
	RGN updated loss=-14.002972398486108,dloss=-8.156093450395474e-06
step= 36

nparam= 1004
	dense amplitude time= 0.039215803146362305
	total non-zero amplitudes= 4900
	nsamples per process= 50
	sample time= 2.0188403129577637
	self.n= 0.6758775730606252
	collect g,h time= 5.262474536895752
E=-14.002972398486104,dE=-8.15609344684276e-06,std=0
L=-14.002972398486104,dL=-8.15609344684276e-06,std=0
	gnorm= 0.00024050528689533257
	symmetric= True
	solver time=0.019606351852416992,exit status=0
	SR solver time= 0.01964545249938965
	symmetric= False
	niter= 39
	niter= 390
	solver time=0.1394500732421875,exit status=0
	RGN solver time= 0.13948702812194824
	xnorm=3.7657590640622542,dnorm=0.056915729209859385
	dense amplitude time= 0.03390169143676758
	total non-zero amplitudes= 4900
	nsamples per process= 50
	sample time= 0.4005303382873535
	self.n= 0.675033575588507
	RGN updated loss=-14.002980527962734,dloss=-8.129476629648025e-06
step= 37

nparam= 1004
	dense amplitude time= 0.01842498779296875
	total non-zero amplitudes= 4900
	nsamples per process= 50
	sample time= 1.8407084941864014
	self.n= 0.675033575588506
	collect g,h time= 5.283716917037964
E=-14.002980527962729,dE=-8.129476624318954e-06,std=0
L=-14.002980527962729,dL=-8.129476624318954e-06,std=0
	gnorm= 0.00023868082653509106
	symmetric= True
	solver time=0.008962392807006836,exit status=0
	SR solver time= 0.008992910385131836
	symmetric= False
	niter= 40
	niter= 392
	solver time=0.11327195167541504,exit status=0
	RGN solver time= 0.11330533027648926
	xnorm=3.7780014179515558,dnorm=0.056799407569316715
	dense amplitude time= 0.044284820556640625
	total non-zero amplitudes= 4900
	nsamples per process= 50
	sample time= 0.4433727264404297
	self.n= 0.6741880627203665
	RGN updated loss=-14.002988667466292,dloss=-8.139503563597827e-06
step= 38

nparam= 1004
	dense amplitude time= 0.020831584930419922
	total non-zero amplitudes= 4900
	nsamples per process= 50
	sample time= 2.149444103240967
	self.n= 0.6741880627203658
	collect g,h time= 5.294445991516113
E=-14.002988667466289,dE=-8.139503560045114e-06,std=0
L=-14.002988667466289,dL=-8.139503560045114e-06,std=0
	gnorm= 0.00023803590540011121
	symmetric= True
	solver time=0.022857666015625,exit status=0
	SR solver time= 0.022897958755493164
	symmetric= False
	niter= 40
	niter= 393
	solver time=0.13820171356201172,exit status=0
	RGN solver time= 0.13823819160461426
	xnorm=3.7901679127415036,dnorm=0.056812709627499215
	dense amplitude time= 0.02643108367919922
	total non-zero amplitudes= 4900
	nsamples per process= 50
	sample time= 0.4284684658050537
	self.n= 0.6733411529131339
	RGN updated loss=-14.002996853457645,dloss=-8.18599135676834e-06
step= 39

nparam= 1004
	dense amplitude time= 0.01600790023803711
	total non-zero amplitudes= 4900
	nsamples per process= 50
	sample time= 1.8778326511383057
	self.n= 0.6733411529131337
	collect g,h time= 5.297239065170288
E=-14.002996853457644,dE=-8.185991354991984e-06,std=0
L=-14.002996853457644,dL=-8.185991354991984e-06,std=0
	gnorm= 0.00024034166577830047
	symmetric= True
	solver time=0.035205841064453125,exit status=0
	SR solver time= 0.035243988037109375
	symmetric= False
	niter= 40
	niter= 396
	solver time=0.18208622932434082,exit status=0
	RGN solver time= 0.18212032318115234
	xnorm=3.8022912187494593,dnorm=0.057005560872758
	dense amplitude time= 0.03668808937072754
	total non-zero amplitudes= 4900
	nsamples per process= 50
	sample time= 0.4235982894897461
	self.n= 0.6724831764764959
	RGN updated loss=-14.003005129362297,dloss=-8.275904653132216e-06
step= 40

nparam= 1004
	dense amplitude time= 0.016119718551635742
	total non-zero amplitudes= 4900
	nsamples per process= 50
	sample time= 1.9825689792633057
	self.n= 0.6724831764764954
	collect g,h time= 5.305718183517456
E=-14.003005129362297,dE=-8.275904653132216e-06,std=0
L=-14.003005129362297,dL=-8.275904653132216e-06,std=0
	gnorm= 0.0002406788759641512
	symmetric= True
	niter= 40
	solver time=0.052919864654541016,exit status=0
	SR solver time= 0.05299043655395508
	symmetric= False
	niter= 394
	solver time=0.1315011978149414,exit status=0
	RGN solver time= 0.13153719902038574
	xnorm=3.814420858117318,dnorm=0.05727686131633459
	dense amplitude time= 0.032666683197021484
	total non-zero amplitudes= 4900
	nsamples per process= 50
	sample time= 0.41987013816833496
	self.n= 0.6716254260049175
	RGN updated loss=-14.003013534154277,dloss=-8.404791980609616e-06
step= 41

nparam= 1004
	dense amplitude time= 0.017641544342041016
	total non-zero amplitudes= 4900
	nsamples per process= 50
	sample time= 1.8583905696868896
	self.n= 0.6716254260049167
	collect g,h time= 5.273764133453369
E=-14.003013534154281,dE=-8.40479198416233e-06,std=0
L=-14.003013534154281,dL=-8.40479198416233e-06,std=0
	gnorm= 0.0002468099707337228
	symmetric= True
	solver time=0.039919376373291016,exit status=0
	SR solver time= 0.03997611999511719
	symmetric= False
	niter= 40
	niter= 395
	solver time=0.137115478515625,exit status=0
	RGN solver time= 0.13715410232543945
	xnorm=3.8265110222839565,dnorm=0.05777227140315114
	dense amplitude time= 0.02521967887878418
	total non-zero amplitudes= 4900
	nsamples per process= 50
	sample time= 0.4171273708343506
	self.n= 0.6707705293459698
	RGN updated loss=-14.003022125118859,dloss=-8.590964577948057e-06
step= 42

nparam= 1004
	dense amplitude time= 0.02813124656677246
	total non-zero amplitudes= 4900
	nsamples per process= 50
	sample time= 1.9172766208648682
	self.n= 0.6707705293459695
	collect g,h time= 5.3347907066345215
E=-14.00302212511886,dE=-8.590964579724414e-06,std=0
L=-14.00302212511886,dL=-8.590964579724414e-06,std=0
	gnorm= 0.00025592261522145614
	symmetric= True
	solver time=0.018402814865112305,exit status=0
	SR solver time= 0.01844620704650879
	symmetric= False
	niter= 40
	niter= 392
	solver time=0.13976669311523438,exit status=0
	RGN solver time= 0.13980555534362793
	xnorm=3.8386260864407578,dnorm=0.05847590452857123
	dense amplitude time= 0.028043508529663086
	total non-zero amplitudes= 4900
	nsamples per process= 50
	sample time= 0.45240068435668945
	self.n= 0.6699116776057026
	RGN updated loss=-14.003030968076322,dloss=-8.84295746139685e-06
step= 43

nparam= 1004
	dense amplitude time= 0.016839027404785156
	total non-zero amplitudes= 4900
	nsamples per process= 50
	sample time= 1.9084692001342773
	self.n= 0.6699116776057021
	collect g,h time= 5.280511379241943
E=-14.003030968076324,dE=-8.842957463173207e-06,std=0
L=-14.003030968076324,dL=-8.842957463173207e-06,std=0
	gnorm= 0.0002688446585126283
	symmetric= True
	solver time=0.01872539520263672,exit status=0
	SR solver time= 0.01877284049987793
	symmetric= False
	niter= 40
	niter= 389
	solver time=0.130265474319458,exit status=0
	RGN solver time= 0.13030362129211426
	xnorm=3.850798140991465,dnorm=0.05940507124196097
	dense amplitude time= 0.04350686073303223
	total non-zero amplitudes= 4900
	nsamples per process= 50
	sample time= 0.40195417404174805
	self.n= 0.6690430856428629
	RGN updated loss=-14.003040134934645,dloss=-9.166858321307814e-06
step= 44

nparam= 1004
	dense amplitude time= 0.023790597915649414
	total non-zero amplitudes= 4900
	nsamples per process= 50
	sample time= 1.928356647491455
	self.n= 0.6690430856428633
	collect g,h time= 5.323519706726074
E=-14.003040134934643,dE=-9.166858319531457e-06,std=0
L=-14.003040134934643,dL=-9.166858319531457e-06,std=0
	gnorm= 0.00028659160693278164
	symmetric= True
	niter= 40
	solver time=0.05186152458190918,exit status=0
	SR solver time= 0.05191993713378906
	symmetric= False
	niter= 379
	solver time=0.19283723831176758,exit status=0
	RGN solver time= 0.19287753105163574
	xnorm=3.8630565716712812,dnorm=0.060552419068395945
	dense amplitude time= 0.03897428512573242
	total non-zero amplitudes= 4900
	nsamples per process= 50
	sample time= 0.45519137382507324
	self.n= 0.6681619706956528
	RGN updated loss=-14.003049697025748,dloss=-9.562091104697856e-06
step= 45

nparam= 1004
	dense amplitude time= 0.033019304275512695
	total non-zero amplitudes= 4900
	nsamples per process= 50
	sample time= 2.043443202972412
	self.n= 0.6681619706956518
	collect g,h time= 5.314627647399902
E=-14.003049697025748,dE=-9.562091104697856e-06,std=0
L=-14.003049697025748,dL=-9.562091104697856e-06,std=0
	gnorm= 0.00030648208152738755
	symmetric= True
	solver time=0.02419137954711914,exit status=0
	SR solver time= 0.02423572540283203
	symmetric= False
	niter= 40
	niter= 377
	solver time=0.13986444473266602,exit status=0
	RGN solver time= 0.13990139961242676
	xnorm=3.875441982766416,dnorm=0.0619363158293663
	dense amplitude time= 0.025505781173706055
	total non-zero amplitudes= 4900
	nsamples per process= 50
	sample time= 0.41201162338256836
	self.n= 0.6672537708638243
	RGN updated loss=-14.003059734279176,dloss=-1.0037253428407666e-05
step= 46

nparam= 1004
	dense amplitude time= 0.01784515380859375
	total non-zero amplitudes= 4900
	nsamples per process= 50
	sample time= 1.9088335037231445
	self.n= 0.6672537708638238
	collect g,h time= 5.293980598449707
E=-14.003059734279175,dE=-1.003725342663131e-05,std=0
L=-14.003059734279175,dL=-1.003725342663131e-05,std=0
	gnorm= 0.0003325940325151605
	symmetric= True
	solver time=0.033925533294677734,exit status=0
	SR solver time= 0.03397059440612793
	symmetric= False
	niter= 40
	niter= 374
	solver time=0.15572142601013184,exit status=0
	RGN solver time= 0.15576171875
	xnorm=3.8879534854008044,dnorm=0.06347087726605509
	dense amplitude time= 0.030989885330200195
	total non-zero amplitudes= 4900
	nsamples per process= 50
	sample time= 0.4193732738494873
	self.n= 0.6663137901703985
	RGN updated loss=-14.003070301617736,dloss=-1.0567338561529027e-05
step= 47

nparam= 1004
	dense amplitude time= 0.015164613723754883
	total non-zero amplitudes= 4900
	nsamples per process= 50
	sample time= 1.9979751110076904
	self.n= 0.6663137901703979
	collect g,h time= 5.301624774932861
E=-14.003070301617733,dE=-1.0567338557976313e-05,std=0
L=-14.003070301617733,dL=-1.0567338557976313e-05,std=0
	gnorm= 0.0003599571531553611
	symmetric= True
	solver time=0.029750585556030273,exit status=0
	SR solver time= 0.029794931411743164
	symmetric= False
	niter= 40
	niter= 374
	solver time=0.1449747085571289,exit status=0
	RGN solver time= 0.14501261711120605
	xnorm=3.900618335104857,dnorm=0.06515720869782127
	dense amplitude time= 0.05791950225830078
	total non-zero amplitudes= 4900
	nsamples per process= 50
	sample time= 0.4184081554412842
	self.n= 0.6653273151637886
	RGN updated loss=-14.003081430004034,dloss=-1.1128386301351156e-05
step= 48

nparam= 1004
	dense amplitude time= 0.030829429626464844
	total non-zero amplitudes= 4900
	nsamples per process= 50
	sample time= 1.8385045528411865
	self.n= 0.6653273151637886
	collect g,h time= 5.306156873703003
E=-14.003081430004032,dE=-1.11283862995748e-05,std=0
L=-14.003081430004032,dL=-1.11283862995748e-05,std=0
	gnorm= 0.00038787551189891094
	symmetric= True
	solver time=0.02042531967163086,exit status=0
	SR solver time= 0.020464658737182617
	symmetric= False
	niter= 40
	niter= 374
	solver time=0.11995363235473633,exit status=0
	RGN solver time= 0.1200101375579834
	xnorm=3.9133926505343997,dnorm=0.06667101927973255
	dense amplitude time= 0.03360176086425781
	total non-zero amplitudes= 4900
	nsamples per process= 50
	sample time= 0.4366767406463623
	self.n= 0.6643241575644975
	RGN updated loss=-14.003093104549395,dloss=-1.1674545362438948e-05
step= 49

nparam= 1004
	dense amplitude time= 0.018090248107910156
	total non-zero amplitudes= 4900
	nsamples per process= 50
	sample time= 1.912177324295044
	self.n= 0.6643241575644969
	collect g,h time= 5.317440986633301
E=-14.003093104549396,dE=-1.1674545364215305e-05,std=0
L=-14.003093104549396,dL=-1.1674545364215305e-05,std=0
	gnorm= 0.0004149765103066654
	symmetric= True
	solver time=0.01876211166381836,exit status=0
	SR solver time= 0.01880049705505371
	symmetric= False
	niter= 40
	niter= 374
	solver time=0.13640570640563965,exit status=0
	RGN solver time= 0.13643693923950195
	xnorm=3.9263869074105675,dnorm=0.06806987429032335
	dense amplitude time= 0.029075145721435547
	total non-zero amplitudes= 4900
	nsamples per process= 50
	sample time= 0.4527924060821533
	self.n= 0.6632516935042201
	RGN updated loss=-14.00310524377652,dloss=-1.2139227123952878e-05
step= 50

nparam= 1004
	dense amplitude time= 0.0163877010345459
	total non-zero amplitudes= 4900
	nsamples per process= 50
	sample time= 1.8907670974731445
	self.n= 0.6632516935042192
	collect g,h time= 5.315384149551392
E=-14.003105243776524,dE=-1.2139227127505592e-05,std=0
L=-14.003105243776524,dL=-1.2139227127505592e-05,std=0
	gnorm= 0.000433661028317654
	symmetric= True
	solver time=0.009814739227294922,exit status=0
	SR solver time= 0.00986027717590332
	symmetric= False
	niter= 40
	niter= 374
	solver time=0.11265683174133301,exit status=0
	RGN solver time= 0.11268925666809082
	xnorm=3.9395132268141047,dnorm=0.0691345958829924
	dense amplitude time= 0.029358863830566406
	total non-zero amplitudes= 4900
	nsamples per process= 50
	sample time= 0.44274020195007324
	self.n= 0.6621372792882374
	RGN updated loss=-14.003117715822192,dloss=-1.2472045668232568e-05
step= 51

nparam= 1004
	dense amplitude time= 0.030405521392822266
	total non-zero amplitudes= 4900
	nsamples per process= 50
	sample time= 1.966845989227295
	self.n= 0.6621372792882367
	collect g,h time= 5.320428371429443
E=-14.003117715822194,dE=-1.2472045670008924e-05,std=0
L=-14.003117715822194,dL=-1.2472045670008924e-05,std=0
	gnorm= 0.00044408157024349406
	symmetric= True
	solver time=0.008822202682495117,exit status=0
	SR solver time= 0.00885915756225586
	symmetric= False
	niter= 40
	niter= 374
	solver time=0.12148070335388184,exit status=0
	RGN solver time= 0.1215207576751709
	xnorm=3.95273525440235,dnorm=0.06972000211084681
	dense amplitude time= 0.04705357551574707
	total non-zero amplitudes= 4900
	nsamples per process= 50
	sample time= 0.4184846878051758
	self.n= 0.660984188378525
	RGN updated loss=-14.00313033127019,dloss=-1.2615447996466855e-05
step= 52

nparam= 1004
	dense amplitude time= 0.01823568344116211
	total non-zero amplitudes= 4900
	nsamples per process= 50
	sample time= 1.9069302082061768
	self.n= 0.660984188378524
	collect g,h time= 5.31732702255249
E=-14.00313033127019,dE=-1.2615447996466855e-05,std=0
L=-14.00313033127019,dL=-1.2615447996466855e-05,std=0
	gnorm= 0.00044443051212577733
	symmetric= True
	niter= 40
	solver time=0.0704805850982666,exit status=0
	SR solver time= 0.07052922248840332
	symmetric= False
	niter= 374
	solver time=0.1760721206665039,exit status=0
	RGN solver time= 0.17610597610473633
	xnorm=3.9660108417925954,dnorm=0.06977549838841601
	dense amplitude time= 0.07794618606567383
	total non-zero amplitudes= 4900
	nsamples per process= 50
	sample time= 0.4327676296234131
	self.n= 0.6598018486224135
	RGN updated loss=-14.003142883140576,dloss=-1.2551870385735242e-05
step= 53

nparam= 1004
	dense amplitude time= 0.03030085563659668
	total non-zero amplitudes= 4900
	nsamples per process= 50
	sample time= 1.823920726776123
	self.n= 0.6598018486224131
	collect g,h time= 5.3166632652282715
E=-14.003142883140574,dE=-1.2551870383958885e-05,std=0
L=-14.003142883140574,dL=-1.2551870383958885e-05,std=0
	gnorm= 0.000434907560100194
	symmetric= True
	solver time=0.019804954528808594,exit status=0
	SR solver time= 0.019840002059936523
	symmetric= False
	niter= 40
	niter= 374
	solver time=0.12168002128601074,exit status=0
	RGN solver time= 0.12171411514282227
	xnorm=3.9792700179755807,dnorm=0.06927952183430647
	dense amplitude time= 0.030135393142700195
	total non-zero amplitudes= 4900
	nsamples per process= 50
	sample time= 0.43949341773986816
	self.n= 0.6586046124500124
	RGN updated loss=-14.003155164526243,dloss=-1.22813856684445e-05
step= 54

nparam= 1004
	dense amplitude time= 0.018392562866210938
	total non-zero amplitudes= 4900
	nsamples per process= 50
	sample time= 1.931891679763794
	self.n= 0.6586046124500123
	collect g,h time= 5.317852020263672
E=-14.003155164526243,dE=-1.22813856684445e-05,std=0
L=-14.003155164526243,dL=-1.22813856684445e-05,std=0
	gnorm= 0.0004169225960146211
	symmetric= True
	solver time=0.05074334144592285,exit status=0
	SR solver time= 0.05079221725463867
	symmetric= False
	niter= 40
	niter= 374
	solver time=0.13902568817138672,exit status=0
	RGN solver time= 0.13905692100524902
	xnorm=3.9924397923282164,dnorm=0.06826255822221282
	dense amplitude time= 0.04648733139038086
	total non-zero amplitudes= 4900
	nsamples per process= 50
	sample time= 0.4487442970275879
	self.n= 0.657384012863816
	RGN updated loss=-14.00316699115779,dloss=-1.1826631547862121e-05
step= 55

nparam= 1004
	dense amplitude time= 0.021123886108398438
	total non-zero amplitudes= 4900
	nsamples per process= 50
	sample time= 1.9574248790740967
	self.n= 0.657384012863815
	collect g,h time= 5.343782901763916
E=-14.003166991157793,dE=-1.1826631549638478e-05,std=0
L=-14.003166991157793,dL=-1.1826631549638478e-05,std=0
	gnorm= 0.0004008032949248104
	symmetric= True
	solver time=0.071929931640625,exit status=0
	SR solver time= 0.07197308540344238
	symmetric= False
	niter= 40
	niter= 374
	solver time=0.153914213180542,exit status=0
	RGN solver time= 0.15394806861877441
	xnorm=4.005479940607973,dnorm=0.06686819041092273
	dense amplitude time= 0.06064891815185547
	total non-zero amplitudes= 4900
	nsamples per process= 50
	sample time= 0.4150369167327881
	self.n= 0.6561801951226691
	RGN updated loss=-14.003178254824189,dloss=-1.1263666396033045e-05
step= 56

nparam= 1004
	dense amplitude time= 0.017012357711791992
	total non-zero amplitudes= 4900
	nsamples per process= 50
	sample time= 1.9689455032348633
	self.n= 0.6561801951226687
	collect g,h time= 5.3280415534973145
E=-14.003178254824187,dE=-1.1263666394256688e-05,std=0
L=-14.003178254824187,dL=-1.1263666394256688e-05,std=0
	gnorm= 0.000379503023988037
	symmetric= True
	solver time=0.017552852630615234,exit status=0
	SR solver time= 0.0176694393157959
	symmetric= False
	niter= 39
	niter= 374
	solver time=0.1366276741027832,exit status=0
	RGN solver time= 0.13666701316833496
	xnorm=4.018271652931458,dnorm=0.06521606508661854
	dense amplitude time= 0.046707868576049805
	total non-zero amplitudes= 4900
	nsamples per process= 50
	sample time= 0.42609429359436035
	self.n= 0.6549759865557937
	RGN updated loss=-14.003188881011244,dloss=-1.0626187057383163e-05
step= 57

nparam= 1004
	dense amplitude time= 0.018347978591918945
	total non-zero amplitudes= 4900
	nsamples per process= 50
	sample time= 1.896282434463501
	self.n= 0.6549759865557935
	collect g,h time= 5.173138380050659
E=-14.00318888101124,dE=-1.062618705383045e-05,std=0
L=-14.00318888101124,dL=-1.062618705383045e-05,std=0
	gnorm= 0.0003614767711501943
	symmetric= True
	solver time=0.03174185752868652,exit status=0
	SR solver time= 0.031815528869628906
	symmetric= False
	niter= 39
	niter= 374
	solver time=0.14115309715270996,exit status=0
	RGN solver time= 0.14122724533081055
	xnorm=4.030804916206701,dnorm=0.06345642635628186
	dense amplitude time= 0.05288434028625488
	total non-zero amplitudes= 4900
	nsamples per process= 50
	sample time= 0.4233052730560303
	self.n= 0.6537823568243457
	RGN updated loss=-14.003198853068325,dloss=-9.97205708408444e-06
step= 58

nparam= 1004
	dense amplitude time= 0.0325922966003418
	total non-zero amplitudes= 4900
	nsamples per process= 50
	sample time= 1.8429019451141357
	self.n= 0.6537823568243453
	collect g,h time= 5.191510200500488
E=-14.003198853068325,dE=-9.97205708408444e-06,std=0
L=-14.003198853068325,dL=-9.97205708408444e-06,std=0
	gnorm= 0.0003451384227895825
	symmetric= True
	solver time=0.008669137954711914,exit status=0
	SR solver time= 0.008711576461791992
	symmetric= False
	niter= 38
	niter= 374
	solver time=0.13248705863952637,exit status=0
	RGN solver time= 0.13254141807556152
	xnorm=4.0430581370615455,dnorm=0.06168279555548736
	dense amplitude time= 0.0455322265625
	total non-zero amplitudes= 4900
	nsamples per process= 50
	sample time= 0.4247758388519287
	self.n= 0.6525932360580278
	RGN updated loss=-14.003208200016637,dloss=-9.34694831222771e-06
step= 59

nparam= 1004
	dense amplitude time= 0.030229568481445312
	total non-zero amplitudes= 4900
	nsamples per process= 50
	sample time= 1.892648696899414
	self.n= 0.6525932360580277
	collect g,h time= 5.187579870223999
E=-14.003208200016635,dE=-9.346948310451353e-06,std=0
L=-14.003208200016635,dL=-9.346948310451353e-06,std=0
	gnorm= 0.00033289157516175496
	symmetric= True
	solver time=0.019089460372924805,exit status=0
	SR solver time= 0.0191347599029541
	symmetric= False
	niter= 38
	niter= 374
	solver time=0.13140606880187988,exit status=0
	RGN solver time= 0.13144779205322266
	xnorm=4.054975963649951,dnorm=0.05999567697315781
	dense amplitude time= 0.036446571350097656
	total non-zero amplitudes= 4900
	nsamples per process= 50
	sample time= 0.4415316581726074
	self.n= 0.6514275222608046
	RGN updated loss=-14.003216970087264,dloss=-8.770070628827398e-06
step= 60

nparam= 1004
	dense amplitude time= 0.014600276947021484
	total non-zero amplitudes= 4900
	nsamples per process= 50
	sample time= 1.9049649238586426
	self.n= 0.6514275222608041
	collect g,h time= 5.3146326541900635
E=-14.003216970087262,dE=-8.770070627051041e-06,std=0
L=-14.003216970087262,dL=-8.770070627051041e-06,std=0
	gnorm= 0.0003185884542071658
	symmetric= True
	solver time=0.026171207427978516,exit status=0
	SR solver time= 0.026213645935058594
	symmetric= False
	niter= 38
	niter= 374
	solver time=0.13438868522644043,exit status=0
	RGN solver time= 0.13442564010620117
	xnorm=4.066546909023787,dnorm=0.058416801395469356
	dense amplitude time= 0.05181312561035156
	total non-zero amplitudes= 4900
	nsamples per process= 50
	sample time= 0.42992568016052246
	self.n= 0.6502843643950336
	RGN updated loss=-14.003225221484538,dloss=-8.25139727567148e-06
step= 61

nparam= 1004
	dense amplitude time= 0.0229339599609375
	total non-zero amplitudes= 4900
	nsamples per process= 50
	sample time= 1.9228384494781494
	self.n= 0.6502843643950322
	collect g,h time= 5.356086492538452
E=-14.003225221484536,dE=-8.251397273895122e-06,std=0
L=-14.003225221484536,dL=-8.251397273895122e-06,std=0
	gnorm= 0.0003073658067843153
	symmetric= True
	solver time=0.019216060638427734,exit status=0
	SR solver time= 0.019255638122558594
	symmetric= False
	niter= 38
	niter= 374
	solver time=0.13436627388000488,exit status=0
	RGN solver time= 0.13440179824829102
	xnorm=4.077798783763247,dnorm=0.056987530892618016
	dense amplitude time= 0.06432723999023438
	total non-zero amplitudes= 4900
	nsamples per process= 50
	sample time= 0.4511535167694092
	self.n= 0.6491647225914814
	RGN updated loss=-14.003233018741732,dloss=-7.797257195463203e-06
step= 62

nparam= 1004
	dense amplitude time= 0.054264068603515625
	total non-zero amplitudes= 4900
	nsamples per process= 50
	sample time= 1.9570119380950928
	self.n= 0.6491647225914801
	collect g,h time= 5.329257011413574
E=-14.003233018741733,dE=-7.79725719723956e-06,std=0
L=-14.003233018741733,dL=-7.79725719723956e-06,std=0
	gnorm= 0.0002959004608015357
	symmetric= True
	solver time=0.03393912315368652,exit status=0
	SR solver time= 0.033982038497924805
	symmetric= False
	niter= 37
	niter= 374
	solver time=0.20750713348388672,exit status=0
	RGN solver time= 0.20754265785217285
	xnorm=4.088748655855318,dnorm=0.05570269881960803
	dense amplitude time= 0.06562495231628418
	total non-zero amplitudes= 4900
	nsamples per process= 50
	sample time= 0.4421088695526123
	self.n= 0.6480714774137171
	RGN updated loss=-14.003240421711004,dloss=-7.402969270486892e-06
step= 63

nparam= 1004
	dense amplitude time= 0.028090953826904297
	total non-zero amplitudes= 4900
	nsamples per process= 50
	sample time= 2.0040268898010254
	self.n= 0.6480714774137161
	collect g,h time= 5.328930854797363
E=-14.003240421711004,dE=-7.402969270486892e-06,std=0
L=-14.003240421711004,dL=-7.402969270486892e-06,std=0
	gnorm= 0.00028437486209458945
	symmetric= True
	solver time=0.019374370574951172,exit status=0
	SR solver time= 0.019411087036132812
	symmetric= False
	niter= 37
	niter= 374
	solver time=0.11968302726745605,exit status=0
	RGN solver time= 0.11971616744995117
	xnorm=4.099424739011976,dnorm=0.05455422985006141
	dense amplitude time= 0.08080720901489258
	total non-zero amplitudes= 4900
	nsamples per process= 50
	sample time= 0.44211411476135254
	self.n= 0.6470055585540213
	RGN updated loss=-14.003247483395468,dloss=-7.06168446384936e-06
step= 64

nparam= 1004
	dense amplitude time= 0.025735139846801758
	total non-zero amplitudes= 4900
	nsamples per process= 50
	sample time= 2.043457269668579
	self.n= 0.6470055585540206
	collect g,h time= 5.327304124832153
E=-14.003247483395464,dE=-7.061684460296647e-06,std=0
L=-14.003247483395464,dL=-7.061684460296647e-06,std=0
	gnorm= 0.00027477633479140913
	symmetric= True
	solver time=0.011741161346435547,exit status=0
	SR solver time= 0.011776924133300781
	symmetric= False
	niter= 37
	niter= 374
	solver time=0.15462470054626465,exit status=0
	RGN solver time= 0.15465879440307617
	xnorm=4.109860563787045,dnorm=0.05349801293464729
	dense amplitude time= 0.034580230712890625
	total non-zero amplitudes= 4900
	nsamples per process= 50
	sample time= 0.43900322914123535
	self.n= 0.6459726149075187
	RGN updated loss=-14.003254242728985,dloss=-6.759333521344502e-06
step= 65

nparam= 1004
	dense amplitude time= 0.10469841957092285
	total non-zero amplitudes= 4900
	nsamples per process= 50
	sample time= 2.0307695865631104
	self.n= 0.6459726149075191
	collect g,h time= 5.326527118682861
E=-14.003254242728982,dE=-6.759333517791788e-06,std=0
L=-14.003254242728982,dL=-6.759333517791788e-06,std=0
	gnorm= 0.00026534824191707827
	symmetric= True
	solver time=0.04067087173461914,exit status=0
	SR solver time= 0.040715932846069336
	symmetric= False
	niter= 37
	niter= 374
	solver time=0.1470649242401123,exit status=0
	RGN solver time= 0.14709949493408203
	xnorm=4.1200740298485075,dnorm=0.05253273193413512
	dense amplitude time= 0.038205623626708984
	total non-zero amplitudes= 4900
	nsamples per process= 50
	sample time= 0.44136667251586914
	self.n= 0.644978449911575
	RGN updated loss=-14.003260731992453,dloss=-6.489263471465279e-06
step= 66

nparam= 1004
	dense amplitude time= 0.03455328941345215
	total non-zero amplitudes= 4900
	nsamples per process= 50
	sample time= 2.032358169555664
	self.n= 0.644978449911574
	collect g,h time= 5.338070631027222
E=-14.003260731992452,dE=-6.489263469688922e-06,std=0
L=-14.003260731992452,dL=-6.489263469688922e-06,std=0
	gnorm= 0.000256408415770206
	symmetric= True
	solver time=0.03941774368286133,exit status=0
	SR solver time= 0.039459943771362305
	symmetric= False
	niter= 37
	niter= 374
	solver time=0.1406564712524414,exit status=0
	RGN solver time= 0.14069247245788574
	xnorm=4.130100539095648,dnorm=0.051626247152844605
	dense amplitude time= 0.03141450881958008
	total non-zero amplitudes= 4900
	nsamples per process= 50
	sample time= 0.45035743713378906
	self.n= 0.6440276001211498
	RGN updated loss=-14.00326698000118,dloss=-6.2480087290595065e-06
step= 67

nparam= 1004
	dense amplitude time= 0.06177544593811035
	total non-zero amplitudes= 4900
	nsamples per process= 50
	sample time= 2.038431406021118
	self.n= 0.6440276001211489
	collect g,h time= 5.338913679122925
E=-14.003266980001182,dE=-6.248008730835863e-06,std=0
L=-14.003266980001182,dL=-6.248008730835863e-06,std=0
	gnorm= 0.00024742061378512433
	symmetric= True
	solver time=0.018886566162109375,exit status=0
	SR solver time= 0.018924474716186523
	symmetric= False
	niter= 37
	niter= 374
	solver time=0.12276935577392578,exit status=0
	RGN solver time= 0.1228024959564209
	xnorm=4.139960641955624,dnorm=0.05076859586722162
	dense amplitude time= 0.029034137725830078
	total non-zero amplitudes= 4900
	nsamples per process= 50
	sample time= 0.4489707946777344
	self.n= 0.6431169387825979
	RGN updated loss=-14.003273004819599,dloss=-6.024818416605626e-06
step= 68

nparam= 1004
	dense amplitude time= 0.029985666275024414
	total non-zero amplitudes= 4900
	nsamples per process= 50
	sample time= 1.9873533248901367
	self.n= 0.6431169387825973
	collect g,h time= 5.343810081481934
E=-14.003273004819594,dE=-6.024818411276556e-06,std=0
L=-14.003273004819594,dL=-6.024818411276556e-06,std=0
	gnorm= 0.00024001582433882458
	symmetric= True
	solver time=0.031569719314575195,exit status=0
	SR solver time= 0.031610965728759766
	symmetric= False
	niter= 36
	niter= 374
	solver time=0.12407398223876953,exit status=0
	RGN solver time= 0.12410807609558105
	xnorm=4.149682185307527,dnorm=0.0499416910585047
	dense amplitude time= 0.06261777877807617
	total non-zero amplitudes= 4900
	nsamples per process= 50
	sample time= 0.4593026638031006
	self.n= 0.6422532978978039
	RGN updated loss=-14.003278820630008,dloss=-5.815810414588896e-06
step= 69

nparam= 1004
	dense amplitude time= 0.029059648513793945
	total non-zero amplitudes= 4900
	nsamples per process= 50
	sample time= 2.0409603118896484
	self.n= 0.6422532978978049
	collect g,h time= 5.335514307022095
E=-14.003278820630003,dE=-5.815810409259825e-06,std=0
L=-14.003278820630003,dL=-5.815810409259825e-06,std=0
	gnorm= 0.00023380890237931372
	symmetric= True
	solver time=0.017636775970458984,exit status=0
	SR solver time= 0.01767444610595703
	symmetric= False
	niter= 36
	niter= 374
	solver time=0.12851381301879883,exit status=0
	RGN solver time= 0.12854695320129395
	xnorm=4.1592776400384786,dnorm=0.04913497777571869
	dense amplitude time= 0.06855511665344238
	total non-zero amplitudes= 4900
	nsamples per process= 50
	sample time= 0.43567347526550293
	self.n= 0.641439126480964
	RGN updated loss=-14.003284439655147,dloss=-5.6190251438437144e-06
step= 70

nparam= 1004
	dense amplitude time= 0.4718642234802246
	total non-zero amplitudes= 4900
	nsamples per process= 50
	sample time= 1.9677984714508057
	self.n= 0.6414391264809636
	collect g,h time= 5.353769302368164
E=-14.003284439655145,dE=-5.619025142067358e-06,std=0
L=-14.003284439655145,dL=-5.619025142067358e-06,std=0
	gnorm= 0.00022811939057617664
	symmetric= True
	solver time=0.025460243225097656,exit status=0
	SR solver time= 0.025498390197753906
	symmetric= False
	niter= 36
	niter= 374
	solver time=0.11718297004699707,exit status=0
	RGN solver time= 0.11721587181091309
	xnorm=4.16876222349402,dnorm=0.048344771276664936
	dense amplitude time= 0.03691816329956055
	total non-zero amplitudes= 4900
	nsamples per process= 50
	sample time= 0.46142029762268066
	self.n= 0.6406765447825127
	RGN updated loss=-14.003289871640938,dloss=-5.431985792725413e-06
step= 71

nparam= 1004
	dense amplitude time= 0.06242990493774414
	total non-zero amplitudes= 4900
	nsamples per process= 50
	sample time= 1.9974768161773682
	self.n= 0.6406765447825117
	collect g,h time= 5.335520029067993
E=-14.003289871640941,dE=-5.431985796278127e-06,std=0
L=-14.003289871640941,dL=-5.431985796278127e-06,std=0
	gnorm= 0.00022149254319110684
	symmetric= True
	solver time=0.008147239685058594,exit status=0
	SR solver time= 0.00818181037902832
	symmetric= False
	niter= 36
	niter= 374
	solver time=0.11612892150878906,exit status=0
	RGN solver time= 0.11616182327270508
	xnorm=4.1781489153104046,dnorm=0.04756091176763388
	dense amplitude time= 0.03742241859436035
	total non-zero amplitudes= 4900
	nsamples per process= 50
	sample time= 0.46125245094299316
	self.n= 0.6399676616291627
	RGN updated loss=-14.003295123256848,dloss=-5.2516159065874035e-06
step= 72

nparam= 1004
	dense amplitude time= 0.05653548240661621
	total non-zero amplitudes= 4900
	nsamples per process= 50
	sample time= 1.959472417831421
	self.n= 0.6399676616291623
	collect g,h time= 5.337601184844971
E=-14.003295123256848,dE=-5.2516159065874035e-06,std=0
L=-14.003295123256848,dL=-5.2516159065874035e-06,std=0
	gnorm= 0.00021553959931039187
	symmetric= True
	solver time=0.02654862403869629,exit status=0
	SR solver time= 0.0265963077545166
	symmetric= False
	niter= 36
	niter= 374
	solver time=0.16136789321899414,exit status=0
	RGN solver time= 0.16140961647033691
	xnorm=4.1874508407482764,dnorm=0.046819200779436534
	dense amplitude time= 0.035590171813964844
	total non-zero amplitudes= 4900
	nsamples per process= 50
	sample time= 0.4596562385559082
	self.n= 0.6393046163378421
	RGN updated loss=-14.003300206659373,dloss=-5.083402525585257e-06
step= 73

nparam= 1004
	dense amplitude time= 0.054334402084350586
	total non-zero amplitudes= 4900
	nsamples per process= 50
	sample time= 1.9698612689971924
	self.n= 0.6393046163378415
	collect g,h time= 5.373985767364502
E=-14.003300206659372,dE=-5.0834025238089e-06,std=0
L=-14.003300206659372,dL=-5.0834025238089e-06,std=0
	gnorm= 0.00021735308894956152
	symmetric= True
	solver time=0.020298004150390625,exit status=0
	SR solver time= 0.020337343215942383
	symmetric= False
	niter= 36
	niter= 374
	solver time=0.13100719451904297,exit status=0
	RGN solver time= 0.13103914260864258
	xnorm=4.1966736974646,dnorm=0.046084748006040725
	dense amplitude time= 0.055187225341796875
	total non-zero amplitudes= 4900
	nsamples per process= 50
	sample time= 0.44304418563842773
	self.n= 0.6386894808310417
	RGN updated loss=-14.003305124885996,dloss=-4.918226624184285e-06
step= 74

nparam= 1004
	dense amplitude time= 0.04928922653198242
	total non-zero amplitudes= 4900
	nsamples per process= 50
	sample time= 1.9190587997436523
	self.n= 0.6386894808310419
	collect g,h time= 5.360400915145874
E=-14.00330512488599,dE=-4.918226618855215e-06,std=0
L=-14.00330512488599,dL=-4.918226618855215e-06,std=0
	gnorm= 0.0002026069302732727
	symmetric= True
	solver time=0.028144121170043945,exit status=0
	SR solver time= 0.02821063995361328
	symmetric= False
	niter= 36
	niter= 374
	solver time=0.13985657691955566,exit status=0
	RGN solver time= 0.1398916244506836
	xnorm=4.2058272287478715,dnorm=0.045362719844580734
	dense amplitude time= 0.0431826114654541
	total non-zero amplitudes= 4900
	nsamples per process= 50
	sample time= 0.4590275287628174
	self.n= 0.6381209875779541
	RGN updated loss=-14.003309895624303,dloss=-4.770738312842582e-06
step= 75

nparam= 1004
	dense amplitude time= 0.06884908676147461
	total non-zero amplitudes= 4900
	nsamples per process= 50
	sample time= 1.9810791015625
	self.n= 0.6381209875779531
	collect g,h time= 5.345480680465698
E=-14.003309895624303,dE=-4.770738312842582e-06,std=0
L=-14.003309895624303,dL=-4.770738312842582e-06,std=0
	gnorm= 0.0002081561999018208
	symmetric= True
	solver time=0.019461631774902344,exit status=0
	SR solver time= 0.01949787139892578
	symmetric= False
	niter= 37
	niter= 374
	solver time=0.1219935417175293,exit status=0
	RGN solver time= 0.12202620506286621
	xnorm=4.214921130712773,dnorm=0.04474023706252915
	dense amplitude time= 0.06239771842956543
	total non-zero amplitudes= 4900
	nsamples per process= 50
	sample time= 0.45950889587402344
	self.n= 0.6376145759654122
	RGN updated loss=-14.00331451142171,dloss=-4.6157974065152985e-06
step= 76

nparam= 1004
	dense amplitude time= 0.20149517059326172
	total non-zero amplitudes= 4900
	nsamples per process= 50
	sample time= 2.002149820327759
	self.n= 0.637614575965411
	collect g,h time= 5.357827663421631
E=-14.003314511421706,dE=-4.615797402962585e-06,std=0
L=-14.003314511421706,dL=-4.615797402962585e-06,std=0
	gnorm= 0.00019951976262454305
	symmetric= True
	solver time=0.029218196868896484,exit status=0
	SR solver time= 0.029258012771606445
	symmetric= False
	niter= 36
	niter= 374
	solver time=0.1340012550354004,exit status=0
	RGN solver time= 0.13403749465942383
	xnorm=4.223997858292385,dnorm=0.0440026084085176
	dense amplitude time= 0.03736996650695801
	total non-zero amplitudes= 4900
	nsamples per process= 50
	sample time= 0.44405126571655273
	self.n= 0.6371226947767125
	RGN updated loss=-14.003318993458043,dloss=-4.48203633673927e-06
step= 77

nparam= 1004
	dense amplitude time= 0.022192001342773438
	total non-zero amplitudes= 4900
	nsamples per process= 50
	sample time= 2.0459232330322266
	self.n= 0.6371226947767121
	collect g,h time= 5.360481262207031
E=-14.00331899345804,dE=-4.4820363331865565e-06,std=0
L=-14.00331899345804,dL=-4.4820363331865565e-06,std=0
	gnorm= 0.00019338838266516094
	symmetric= True
	solver time=0.011364221572875977,exit status=0
	SR solver time= 0.011399984359741211
	symmetric= False
	niter= 36
	niter= 374
	solver time=0.1308135986328125,exit status=0
	RGN solver time= 0.13084745407104492
	xnorm=4.232991401389726,dnorm=0.04336274997360823
	dense amplitude time= 0.05915474891662598
	total non-zero amplitudes= 4900
	nsamples per process= 50
	sample time= 0.440885066986084
	self.n= 0.6366702858958218
	RGN updated loss=-14.003323331306246,dloss=-4.337848206859007e-06
step= 78

nparam= 1004
	dense amplitude time= 0.0238497257232666
	total non-zero amplitudes= 4900
	nsamples per process= 50
	sample time= 1.989572525024414
	self.n= 0.6366702858958209
	collect g,h time= 5.389291048049927
E=-14.00332333130625,dE=-4.337848210411721e-06,std=0
L=-14.00332333130625,dL=-4.337848210411721e-06,std=0
	gnorm= 0.00018111487054736763
	symmetric= True
	solver time=0.03079509735107422,exit status=0
	SR solver time= 0.030838489532470703
	symmetric= False
	niter= 35
	niter= 374
	solver time=0.12012028694152832,exit status=0
	RGN solver time= 0.12015318870544434
	xnorm=4.241987173838499,dnorm=0.04271909519898903
	dense amplitude time= 0.05788564682006836
	total non-zero amplitudes= 4900
	nsamples per process= 50
	sample time= 0.4501948356628418
	self.n= 0.6362423725906747
	RGN updated loss=-14.003327542048009,dloss=-4.21074175882552e-06
step= 79

nparam= 1004
	dense amplitude time= 0.039182186126708984
	total non-zero amplitudes= 4900
	nsamples per process= 50
	sample time= 2.0392303466796875
	self.n= 0.6362423725906736
	collect g,h time= 5.375277042388916
E=-14.00332754204801,dE=-4.210741760601877e-06,std=0
L=-14.00332754204801,dL=-4.210741760601877e-06,std=0
	gnorm= 0.0001736802204666177
	symmetric= True
	niter= 35
	solver time=0.030015945434570312,exit status=0
	SR solver time= 0.03006148338317871
	symmetric= False
	niter= 376
	solver time=0.12458300590515137,exit status=0
	RGN solver time= 0.1246182918548584
	xnorm=4.250905415880037,dnorm=0.04212201536228458
	dense amplitude time= 0.02884507179260254
	total non-zero amplitudes= 4900
	nsamples per process= 50
	sample time= 0.44647932052612305
	self.n= 0.6358058348254751
	RGN updated loss=-14.003331622388158,dloss=-4.080340147538664e-06
step= 80

nparam= 1004
	dense amplitude time= 0.024221420288085938
	total non-zero amplitudes= 4900
	nsamples per process= 50
	sample time= 1.9682681560516357
	self.n= 0.6358058348254743
	collect g,h time= 5.359148025512695
E=-14.00333162238816,dE=-4.0803401493150204e-06,std=0
L=-14.00333162238816,dL=-4.0803401493150204e-06,std=0
	gnorm= 0.00016647367425958536
	symmetric= True
	solver time=0.008135318756103516,exit status=0
	SR solver time= 0.008170843124389648
	symmetric= False
	niter= 35
	niter= 376
	solver time=0.11609005928039551,exit status=0
	RGN solver time= 0.11612319946289062
	xnorm=4.259822630443909,dnorm=0.04154608570251351
	dense amplitude time= 0.03662919998168945
	total non-zero amplitudes= 4900
	nsamples per process= 50
	sample time= 0.4468235969543457
	self.n= 0.6354277043042349
	RGN updated loss=-14.003335586326578,dloss=-3.963938418394264e-06
step= 81

nparam= 1004
	dense amplitude time= 0.02434992790222168
	total non-zero amplitudes= 4900
	nsamples per process= 50
	sample time= 2.0390748977661133
	self.n= 0.6354277043042349
	collect g,h time= 5.3623206615448
E=-14.003335586326575,dE=-3.96393841484155e-06,std=0
L=-14.003335586326575,dL=-3.96393841484155e-06,std=0
	gnorm= 0.0001587312176048361
	symmetric= True
	solver time=0.06229257583618164,exit status=0
	SR solver time= 0.06233549118041992
	symmetric= False
	niter= 34
	niter= 374
	solver time=0.12297630310058594,exit status=0
	RGN solver time= 0.12300825119018555
	xnorm=4.268685642124855,dnorm=0.04098279934911808
	dense amplitude time= 0.0430903434753418
	total non-zero amplitudes= 4900
	nsamples per process= 50
	sample time= 0.4366416931152344
	self.n= 0.6350405594838497
	RGN updated loss=-14.003339433801353,dloss=-3.8474747778849405e-06
step= 82

nparam= 1004
	dense amplitude time= 0.023970842361450195
	total non-zero amplitudes= 4900
	nsamples per process= 50
	sample time= 1.9646687507629395
	self.n= 0.6350405594838505
	collect g,h time= 5.357773065567017
E=-14.003339433801354,dE=-3.847474779661297e-06,std=0
L=-14.003339433801354,dL=-3.847474779661297e-06,std=0
	gnorm= 0.00015232379927940235
	symmetric= True
	solver time=0.013234138488769531,exit status=0
	SR solver time= 0.013271808624267578
	symmetric= False
	niter= 34
	niter= 376
	solver time=0.10967230796813965,exit status=0
	RGN solver time= 0.1097097396850586
	xnorm=4.277558929605483,dnorm=0.04044776298408593
	dense amplitude time= 0.026376724243164062
	total non-zero amplitudes= 4900
	nsamples per process= 50
	sample time= 0.46764612197875977
	self.n= 0.6346452952860694
	RGN updated loss=-14.003343172392686,dloss=-3.7385913316256847e-06
step= 83

nparam= 1004
	dense amplitude time= 0.02195286750793457
	total non-zero amplitudes= 4900
	nsamples per process= 50
	sample time= 1.9843261241912842
	self.n= 0.6346452952860682
	collect g,h time= 5.355721950531006
E=-14.003343172392688,dE=-3.7385913334020415e-06,std=0
L=-14.003343172392688,dL=-3.7385913334020415e-06,std=0
	gnorm= 0.00014610183597556675
	symmetric= True
	solver time=0.0299074649810791,exit status=0
	SR solver time= 0.02997589111328125
	symmetric= False
	niter= 34
	niter= 376
	solver time=0.12908005714416504,exit status=0
	RGN solver time= 0.12911510467529297
	xnorm=4.286435372653907,dnorm=0.03993653327712261
	dense amplitude time= 0.0463261604309082
	total non-zero amplitudes= 4900
	nsamples per process= 50
	sample time= 0.44516515731811523
	self.n= 0.6342344943897584
	RGN updated loss=-14.003346806678133,dloss=-3.6342854450310824e-06
step= 84

nparam= 1004
	dense amplitude time= 0.032370567321777344
	total non-zero amplitudes= 4900
	nsamples per process= 50
	sample time= 1.9794394969940186
	self.n= 0.634234494389758
	collect g,h time= 5.363006114959717
E=-14.00334680667813,dE=-3.6342854414783687e-06,std=0
L=-14.00334680667813,dL=-3.6342854414783687e-06,std=0
	gnorm= 0.00014006376718135382
	symmetric= True
	solver time=0.01765894889831543,exit status=0
	SR solver time= 0.017694473266601562
	symmetric= False
	niter= 34
	niter= 378
	solver time=0.14290165901184082,exit status=0
	RGN solver time= 0.14293575286865234
	xnorm=4.295313536588185,dnorm=0.03944023493312318
	dense amplitude time= 0.02691030502319336
	total non-zero amplitudes= 4900
	nsamples per process= 50
	sample time= 0.4597485065460205
	self.n= 0.6338015047199362
	RGN updated loss=-14.003350340972451,dloss=-3.534294322093956e-06
step= 85

nparam= 1004
	dense amplitude time= 0.02368617057800293
	total non-zero amplitudes= 4900
	nsamples per process= 50
	sample time= 2.0270140171051025
	self.n= 0.6338015047199355
	collect g,h time= 5.366338729858398
E=-14.003350340972451,dE=-3.534294322093956e-06,std=0
L=-14.003350340972451,dL=-3.534294322093956e-06,std=0
	gnorm= 0.00013442692962003288
	symmetric= True
	niter= 34
	solver time=0.054474830627441406,exit status=0
	SR solver time= 0.054520606994628906
	symmetric= False
	niter= 378
	solver time=0.15058088302612305,exit status=0
	RGN solver time= 0.15061569213867188
	xnorm=4.304200179281104,dnorm=0.03895763923557956
	dense amplitude time= 0.03906369209289551
	total non-zero amplitudes= 4900
	nsamples per process= 50
	sample time= 0.45442652702331543
	self.n= 0.6333381302335005
	RGN updated loss=-14.003353779134734,dloss=-3.4381622828760783e-06
step= 86

nparam= 1004
	dense amplitude time= 0.05695748329162598
	total non-zero amplitudes= 4900
	nsamples per process= 50
	sample time= 2.0041799545288086
	self.n= 0.6333381302335004
	collect g,h time= 5.37244439125061
E=-14.00335377913473,dE=-3.4381622793233646e-06,std=0
L=-14.00335377913473,dL=-3.4381622793233646e-06,std=0
	gnorm= 0.0001291549192635128
	symmetric= True
	solver time=0.018170833587646484,exit status=0
	SR solver time= 0.018207073211669922
	symmetric= False
	niter= 34
	niter= 378
	solver time=0.13206171989440918,exit status=0
	RGN solver time= 0.1320950984954834
	xnorm=4.3130971696967535,dnorm=0.038485337901258
	dense amplitude time= 0.031801700592041016
	total non-zero amplitudes= 4900
	nsamples per process= 50
	sample time= 0.44019079208374023
	self.n= 0.6328366684616362
	RGN updated loss=-14.003357124260415,dloss=-3.345125684006689e-06
step= 87

nparam= 1004
	dense amplitude time= 0.027786970138549805
	total non-zero amplitudes= 4900
	nsamples per process= 50
	sample time= 1.865389347076416
	self.n= 0.6328366684616352
	collect g,h time= 5.400956392288208
E=-14.003357124260416,dE=-3.345125685783046e-06,std=0
L=-14.003357124260416,dL=-3.345125685783046e-06,std=0
	gnorm= 0.0001242898589812376
	symmetric= True
	solver time=0.018596887588500977,exit status=0
	SR solver time= 0.018639564514160156
	symmetric= False
	niter= 34
	niter= 377
	solver time=0.14055609703063965,exit status=0
	RGN solver time= 0.14059066772460938
	xnorm=4.32200457772059,dnorm=0.03802544011332249
	dense amplitude time= 0.022600173950195312
	total non-zero amplitudes= 4900
	nsamples per process= 50
	sample time= 0.4645392894744873
	self.n= 0.6322904680581456
	RGN updated loss=-14.003360379629184,dloss=-3.255368767440814e-06
step= 88

nparam= 1004
	dense amplitude time= 0.05165910720825195
	total non-zero amplitudes= 4900
	nsamples per process= 50
	sample time= 1.9367952346801758
	self.n= 0.6322904680581451
	collect g,h time= 5.3631978034973145
E=-14.00336037962918,dE=-3.2553687638881e-06,std=0
L=-14.00336037962918,dL=-3.2553687638881e-06,std=0
	gnorm= 0.00011962938539943534
	symmetric= True
	solver time=0.008146286010742188,exit status=0
	SR solver time= 0.008181571960449219
	symmetric= False
	niter= 33
	niter= 379
	solver time=0.114105224609375,exit status=0
	RGN solver time= 0.11413764953613281
	xnorm=4.330921443988025,dnorm=0.03756293954438325
	dense amplitude time= 0.024724245071411133
	total non-zero amplitudes= 4900
	nsamples per process= 50
	sample time= 0.44831037521362305
	self.n= 0.6316936648855435
	RGN updated loss=-14.003363546743516,dloss=-3.1671143361222676e-06
step= 89

nparam= 1004
	dense amplitude time= 0.02269148826599121
	total non-zero amplitudes= 4900
	nsamples per process= 50
	sample time= 1.9085466861724854
	self.n= 0.6316936648855429
	collect g,h time= 5.3589465618133545
E=-14.003363546743515,dE=-3.1671143343459107e-06,std=0
L=-14.003363546743515,dL=-3.1671143343459107e-06,std=0
	gnorm= 0.00011536176037623251
	symmetric= True
	solver time=0.017548561096191406,exit status=0
	SR solver time= 0.017583608627319336
	symmetric= False
	niter= 33
	niter= 378
	solver time=0.11689329147338867,exit status=0
	RGN solver time= 0.11692643165588379
	xnorm=4.339847000740443,dnorm=0.03710635222581876
	dense amplitude time= 0.05035972595214844
	total non-zero amplitudes= 4900
	nsamples per process= 50
	sample time= 0.47620558738708496
	self.n= 0.6310411493636044
	RGN updated loss=-14.00336662781069,dloss=-3.0810671756142938e-06
step= 90

nparam= 1004
	dense amplitude time= 0.0444331169128418
	total non-zero amplitudes= 4900
	nsamples per process= 50
	sample time= 2.0001327991485596
	self.n= 0.6310411493636029
	collect g,h time= 5.368811368942261
E=-14.003366627810689,dE=-3.081067173837937e-06,std=0
L=-14.003366627810689,dL=-3.081067173837937e-06,std=0
	gnorm= 0.00011136620055479895
	symmetric= True
	solver time=0.036498069763183594,exit status=0
	SR solver time= 0.036540985107421875
	symmetric= False
	niter= 33
	niter= 379
	solver time=0.14100050926208496,exit status=0
	RGN solver time= 0.1410369873046875
	xnorm=4.348775945368533,dnorm=0.03665203746988669
	dense amplitude time= 0.04837346076965332
	total non-zero amplitudes= 4900
	nsamples per process= 50
	sample time= 0.4469325542449951
	self.n= 0.6303298010582097
	RGN updated loss=-14.003369624631622,dloss=-2.9968209336317386e-06
step= 91

nparam= 1004
	dense amplitude time= 0.019780874252319336
	total non-zero amplitudes= 4900
	nsamples per process= 50
	sample time= 1.9257757663726807
	self.n= 0.6303298010582085
	collect g,h time= 5.380386829376221
E=-14.003369624631619,dE=-2.996820930079025e-06,std=0
L=-14.003369624631619,dL=-2.996820930079025e-06,std=0
	gnorm= 0.00010761913901522098
	symmetric= True
	niter= 33
	solver time=0.032326459884643555,exit status=0
	SR solver time= 0.03239583969116211
	symmetric= False
	niter= 380
	solver time=0.17367053031921387,exit status=0
	RGN solver time= 0.17370390892028809
	xnorm=4.357702995034592,dnorm=0.036198656435217025
	dense amplitude time= 0.033265113830566406
	total non-zero amplitudes= 4900
	nsamples per process= 50
	sample time= 0.45940470695495605
	self.n= 0.6295577365690594
	RGN updated loss=-14.003372538783553,dloss=-2.9141519348740985e-06
step= 92

nparam= 1004
	dense amplitude time= 0.059268951416015625
	total non-zero amplitudes= 4900
	nsamples per process= 50
	sample time= 1.900097370147705
	self.n= 0.6295577365690586
	collect g,h time= 5.360273361206055
E=-14.00337253878355,dE=-2.914151931321385e-06,std=0
L=-14.00337253878355,dL=-2.914151931321385e-06,std=0
	gnorm= 0.00010412710886250568
	symmetric= True
	solver time=0.007015705108642578,exit status=0
	SR solver time= 0.007050514221191406
	symmetric= False
	niter= 33
	niter= 382
	solver time=0.11133694648742676,exit status=0
	RGN solver time= 0.11137175559997559
	xnorm=4.3666218095152365,dnorm=0.035745087468307235
	dense amplitude time= 0.02348470687866211
	total non-zero amplitudes= 4900
	nsamples per process= 50
	sample time= 0.42920780181884766
	self.n= 0.628724118478631
	RGN updated loss=-14.003375371553915,dloss=-2.8327703649466685e-06
step= 93

nparam= 1004
	dense amplitude time= 0.02923417091369629
	total non-zero amplitudes= 4900
	nsamples per process= 50
	sample time= 1.8505632877349854
	self.n= 0.6287241184786307
	collect g,h time= 5.379147052764893
E=-14.003375371553911,dE=-2.8327703613939548e-06,std=0
L=-14.003375371553911,dL=-2.8327703613939548e-06,std=0
	gnorm= 0.00011432547087775053
	symmetric= True
	solver time=0.008935928344726562,exit status=0
	SR solver time= 0.008972644805908203
	symmetric= False
	niter= 36
	niter= 376
	solver time=0.10470938682556152,exit status=0
	RGN solver time= 0.10474038124084473
	xnorm=4.375523750121681,dnorm=0.03524701874368673
	dense amplitude time= 0.03828740119934082
	total non-zero amplitudes= 4900
	nsamples per process= 50
	sample time= 0.4356212615966797
	self.n= 0.6278426712656202
	RGN updated loss=-14.003378111420675,dloss=-2.739866763690202e-06
step= 94

nparam= 1004
	dense amplitude time= 0.03393959999084473
	total non-zero amplitudes= 4900
	nsamples per process= 50
	sample time= 1.92765474319458
	self.n= 0.6278426712656191
	collect g,h time= 5.378079414367676
E=-14.003378111420671,dE=-2.739866760137488e-06,std=0
L=-14.003378111420671,dL=-2.739866760137488e-06,std=0
	gnorm= 0.00011602841074172922
	symmetric= True
	solver time=0.018227100372314453,exit status=0
	SR solver time= 0.018263816833496094
	symmetric= False
	niter= 35
	niter= 376
	solver time=0.12205004692077637,exit status=0
	RGN solver time= 0.12208175659179688
	xnorm=4.3844175117887705,dnorm=0.034819530868095964
	dense amplitude time= 0.039443016052246094
	total non-zero amplitudes= 4900
	nsamples per process= 50
	sample time= 0.4231700897216797
	self.n= 0.6268885242838141
	RGN updated loss=-14.003380792343775,dloss=-2.680923103071109e-06
step= 95

nparam= 1004
	dense amplitude time= 0.017325878143310547
	total non-zero amplitudes= 4900
	nsamples per process= 50
	sample time= 1.8889997005462646
	self.n= 0.6268885242838138
	collect g,h time= 5.4075093269348145
E=-14.003380792343775,dE=-2.680923103071109e-06,std=0
L=-14.003380792343775,dL=-2.680923103071109e-06,std=0
	gnorm= 9.948315457273292e-05
	symmetric= True
	solver time=0.01659560203552246,exit status=0
	SR solver time= 0.016631364822387695
	symmetric= False
	niter= 35
	niter= 384
	solver time=0.14595723152160645,exit status=0
	RGN solver time= 0.14599204063415527
	xnorm=4.393244934598661,dnorm=0.03435164946702716
	dense amplitude time= 0.025868654251098633
	total non-zero amplitudes= 4900
	nsamples per process= 50
	sample time= 0.455718994140625
	self.n= 0.6258641368070139
	RGN updated loss=-14.003383388010326,dloss=-2.5956665510307175e-06
step= 96

nparam= 1004
	dense amplitude time= 0.07901215553283691
	total non-zero amplitudes= 4900
	nsamples per process= 50
	sample time= 2.0139641761779785
	self.n= 0.6258641368070135
	collect g,h time= 5.3916566371917725
E=-14.003383388010327,dE=-2.5956665528070744e-06,std=0
L=-14.003383388010327,dL=-2.5956665528070744e-06,std=0
	gnorm= 0.00010686575980149421
	symmetric= True
	solver time=0.01882171630859375,exit status=0
	SR solver time= 0.01885676383972168
	symmetric= False
	niter= 36
	niter= 381
	solver time=0.12174344062805176,exit status=0
	RGN solver time= 0.12177824974060059
	xnorm=4.402024421321232,dnorm=0.03385213455212375
	dense amplitude time= 0.03759598731994629
	total non-zero amplitudes= 4900
	nsamples per process= 50
	sample time= 0.4341714382171631
	self.n= 0.6247820613500331
	RGN updated loss=-14.003385896145852,dloss=-2.5081355250478055e-06
step= 97

nparam= 1004
	dense amplitude time= 0.06905889511108398
	total non-zero amplitudes= 4900
	nsamples per process= 50
	sample time= 1.9879307746887207
	self.n= 0.6247820613500326
	collect g,h time= 5.368153095245361
E=-14.00338589614585,dE=-2.5081355232714486e-06,std=0
L=-14.00338589614585,dL=-2.5081355232714486e-06,std=0
	gnorm= 0.00010394400212934644
	symmetric= True
	solver time=0.01814436912536621,exit status=0
	SR solver time= 0.018190383911132812
	symmetric= False
	niter= 35
	niter= 377
	solver time=0.13459372520446777,exit status=0
	RGN solver time= 0.13463783264160156
	xnorm=4.410795003028389,dnorm=0.0334948916085956
	dense amplitude time= 0.031236886978149414
	total non-zero amplitudes= 4900
	nsamples per process= 50
	sample time= 0.46883058547973633
	self.n= 0.6237109178039214
	RGN updated loss=-14.003388356551532,dloss=-2.4604056818589015e-06
step= 98

nparam= 1004
	dense amplitude time= 0.05848360061645508
	total non-zero amplitudes= 4900
	nsamples per process= 50
	sample time= 2.0388147830963135
	self.n= 0.623710917803922
	collect g,h time= 5.371763229370117
E=-14.00338835655153,dE=-2.4604056800825447e-06,std=0
L=-14.00338835655153,dL=-2.4604056800825447e-06,std=0
	gnorm= 8.872144271807423e-05
	symmetric= True
	solver time=0.008576154708862305,exit status=0
	SR solver time= 0.00861358642578125
	symmetric= False
	niter= 33
	niter= 390
	solver time=0.1201777458190918,exit status=0
	RGN solver time= 0.12021636962890625
	xnorm=4.4194696730248895,dnorm=0.03302962202674373
	dense amplitude time= 0.03362464904785156
	total non-zero amplitudes= 4900
	nsamples per process= 50
	sample time= 0.4359564781188965
	self.n= 0.6225675117131695
	RGN updated loss=-14.003390737184592,dloss=-2.380633061349613e-06
step= 99

nparam= 1004
	dense amplitude time= 0.015095233917236328
	total non-zero amplitudes= 4900
	nsamples per process= 50
	sample time= 1.9627940654754639
	self.n= 0.622567511713169
	collect g,h time= 5.373335123062134
E=-14.00339073718459,dE=-2.380633059573256e-06,std=0
L=-14.00339073718459,dL=-2.380633059573256e-06,std=0
	gnorm= 8.483996971613412e-05
	symmetric= True
	solver time=0.00807642936706543,exit status=0
	SR solver time= 0.00811147689819336
	symmetric= False
	niter= 33
	niter= 392
	solver time=0.11309552192687988,exit status=0
	RGN solver time= 0.1131281852722168
	xnorm=4.428082689878682,dnorm=0.03258082594720637
	dense amplitude time= 0.05311393737792969
	total non-zero amplitudes= 4900
	nsamples per process= 50
	sample time= 0.4603598117828369
	self.n= 0.6213933616260232
	RGN updated loss=-14.003393046341362,dloss=-2.3091567715738393e-06
layer= 0
nparam= 660
hop_ls= [(1, 5), (1, 8), (1, 9), (1, 13), (5, 8), (5, 9), (5, 13), (8, 9), (8, 13), (9, 13)]

layer= 1
nparam= 144
hop_ls= [(9, 14), (1, 6), (2, 5), (2, 8), (2, 14), (13, 14), (6, 8), (6, 14), (5, 6), (8, 14), (1, 2), (1, 14), (2, 13), (6, 13), (5, 14), (2, 9), (2, 6), (6, 9)]

layer= 2
nparam= 152
hop_ls= [(6, 12), (4, 9), (4, 6), (4, 12), (12, 13), (0, 2), (5, 10), (0, 5), (8, 12), (0, 8), (0, 14), (10, 12), (1, 12), (4, 5), (4, 8), (4, 14), (5, 12), (0, 1), (9, 10), (2, 4), (0, 4), (0, 10), (0, 13), (2, 10), (10, 14), (6, 10), (12, 14), (4, 10), (4, 13), (9, 12), (0, 9), (8, 10), (1, 4), (0, 6), (0, 12), (2, 12), (1, 10), (10, 13)]

layer= 3
nparam= 48
hop_ls= [(6, 15), (3, 4), (3, 10), (5, 7), (4, 15), (3, 13), (9, 11), (11, 14), (1, 3), (2, 11), (8, 15), (0, 11), (10, 15), (1, 15), (6, 11), (7, 10), (7, 13), (3, 9), (12, 15), (3, 6), (3, 12), (4, 11), (14, 15), (8, 11), (0, 7), (5, 15), (10, 11), (2, 7), (1, 11), (11, 13), (7, 9), (6, 7), (7, 12), (4, 7), (3, 5), (3, 8), (3, 14), (5, 11), (0, 3), (9, 15), (2, 3), (11, 12), (1, 7), (0, 15), (2, 15), (13, 15), (7, 8), (7, 14)]

step= 100

nparam= 1004
ntotal configs= 4900
	dense amplitude time= 0.01598954200744629
	total non-zero amplitudes= 4900
	nsamples per process= 50
	sample time= 5.7651097774505615
	self.n= 0.6213933616260231
	collect g,h time= 7.0280656814575195
E=-14.003393046341365,dE=0,std=0
L=-14.003393046341365,dL=0,std=0
	gnorm= 8.345252999668337e-05
	symmetric= True
	solver time=0.006537199020385742,exit status=0
	SR solver time= 0.006617069244384766
	symmetric= False
	niter= 33
	niter= 360
	solver time=0.07581329345703125,exit status=0
	RGN solver time= 0.0758521556854248
	xnorm=4.436617952659977,dnorm=0.032316546375646044
	dense amplitude time= 0.015825271606445312
	total non-zero amplitudes= 4900
	nsamples per process= 50
	sample time= 0.3773825168609619
	self.n= 0.6201591186818936
	RGN updated loss=-14.003395304468341,dloss=-2.2581269760735267e-06
step= 101

nparam= 1004
	dense amplitude time= 0.02606940269470215
	total non-zero amplitudes= 4900
	nsamples per process= 50
	sample time= 1.6449015140533447
	self.n= 0.6201591186818936
	collect g,h time= 2.885868549346924
E=-14.003395304468345,dE=-2.2581269796262404e-06,std=0
L=-14.003395304468345,dL=-2.2581269796262404e-06,std=0
	gnorm= 8.443418629636135e-05
	symmetric= True
	solver time=0.005023479461669922,exit status=0
	SR solver time= 0.0050885677337646484
	symmetric= False
	niter= 36
	niter= 354
	solver time=0.0689229965209961,exit status=0
	RGN solver time= 0.06896162033081055
	xnorm=4.445133125228586,dnorm=0.031827514092692744
	dense amplitude time= 0.016163349151611328
	total non-zero amplitudes= 4900
	nsamples per process= 50
	sample time= 0.37816810607910156
	self.n= 0.6188801190650961
	RGN updated loss=-14.003397481000622,dloss=-2.1765322770761486e-06
step= 102

nparam= 1004
	dense amplitude time= 0.026562213897705078
	total non-zero amplitudes= 4900
	nsamples per process= 50
	sample time= 1.6552491188049316
	self.n= 0.6188801190650959
	collect g,h time= 2.8837554454803467
E=-14.003397481000627,dE=-2.176532282405219e-06,std=0
L=-14.003397481000627,dL=-2.176532282405219e-06,std=0
	gnorm= 8.072779288171101e-05
	symmetric= True
	solver time=0.004729747772216797,exit status=0
	SR solver time= 0.004797935485839844
	symmetric= False
	niter= 35
	niter= 357
	solver time=0.08156013488769531,exit status=0
	RGN solver time= 0.08159637451171875
	xnorm=4.453565689777741,dnorm=0.031411855208765604
	dense amplitude time= 0.016434192657470703
	total non-zero amplitudes= 4900
	nsamples per process= 50
	sample time= 0.38069939613342285
	self.n= 0.6176161096210198
	RGN updated loss=-14.003399608041816,dloss=-2.127041188515477e-06
step= 103

nparam= 1004
	dense amplitude time= 0.01666879653930664
	total non-zero amplitudes= 4900
	nsamples per process= 50
	sample time= 1.636369228363037
	self.n= 0.6176161096210198
	collect g,h time= 2.893516778945923
E=-14.00339960804182,dE=-2.127041192068191e-06,std=0
L=-14.00339960804182,dL=-2.127041192068191e-06,std=0
	gnorm= 8.601743526043672e-05
	symmetric= True
	solver time=0.004490852355957031,exit status=0
	SR solver time= 0.004550933837890625
	symmetric= False
	niter= 36
	niter= 357
	solver time=0.06725931167602539,exit status=0
	RGN solver time= 0.06729555130004883
	xnorm=4.461863557604979,dnorm=0.030914749025869315
	dense amplitude time= 0.01666879653930664
	total non-zero amplitudes= 4900
	nsamples per process= 50
	sample time= 0.38277626037597656
	self.n= 0.6163205549071638
	RGN updated loss=-14.003401652634874,dloss=-2.0445930548618207e-06
step= 104

nparam= 1004
	dense amplitude time= 0.02355360984802246
	total non-zero amplitudes= 4900
	nsamples per process= 50
	sample time= 1.64365816116333
	self.n= 0.616320554907164
	collect g,h time= 2.913607358932495
E=-14.00340165263487,dE=-2.044593051309107e-06,std=0
L=-14.00340165263487,dL=-2.044593051309107e-06,std=0
	gnorm= 8.409887467577795e-05
	symmetric= True
	solver time=0.004182577133178711,exit status=0
	SR solver time= 0.004218101501464844
	symmetric= False
	niter= 35
	niter= 351
	solver time=0.0664510726928711,exit status=0
	RGN solver time= 0.06648564338684082
	xnorm=4.470082625523756,dnorm=0.03046984890896936
	dense amplitude time= 0.016338586807250977
	total non-zero amplitudes= 4900
	nsamples per process= 50
	sample time= 0.3715779781341553
	self.n= 0.6150296452288444
	RGN updated loss=-14.003403647493608,dloss=-1.9948587368645576e-06
step= 105

nparam= 1004
	dense amplitude time= 0.01652383804321289
	total non-zero amplitudes= 4900
	nsamples per process= 50
	sample time= 1.6171910762786865
	self.n= 0.6150296452288435
	collect g,h time= 2.885317802429199
E=-14.003403647493604,dE=-1.994858733311844e-06,std=0
L=-14.003403647493604,dL=-1.994858733311844e-06,std=0
	gnorm= 6.654647877033192e-05
	symmetric= True
	solver time=0.0041539669036865234,exit status=0
	SR solver time= 0.004218578338623047
	symmetric= False
	niter= 33
	niter= 369
	solver time=0.07002925872802734,exit status=0
	RGN solver time= 0.07006716728210449
	xnorm=4.478155407791473,dnorm=0.02998145268415297
	dense amplitude time= 0.01642632484436035
	total non-zero amplitudes= 4900
	nsamples per process= 50
	sample time= 0.38160037994384766
	self.n= 0.613738680291939
	RGN updated loss=-14.003405566809025,dloss=-1.919315421261558e-06
step= 106

nparam= 1004
	dense amplitude time= 0.016173124313354492
	total non-zero amplitudes= 4900
	nsamples per process= 50
	sample time= 1.630561351776123
	self.n= 0.6137386802919382
	collect g,h time= 2.881364107131958
E=-14.003405566809025,dE=-1.919315421261558e-06,std=0
L=-14.003405566809025,dL=-1.919315421261558e-06,std=0
	gnorm= 7.254939499515212e-05
	symmetric= True
	solver time=0.0053043365478515625,exit status=0
	SR solver time= 0.005338430404663086
	symmetric= False
	niter= 33
	niter= 362
	solver time=0.06779074668884277,exit status=0
	RGN solver time= 0.06782412528991699
	xnorm=4.486129918130876,dnorm=0.029519945650091757
	dense amplitude time= 0.015559911727905273
	total non-zero amplitudes= 4900
	nsamples per process= 50
	sample time= 0.3733391761779785
	self.n= 0.6124332949635032
	RGN updated loss=-14.003407427894297,dloss=-1.861085271670504e-06
step= 107

nparam= 1004
	dense amplitude time= 0.025786876678466797
	total non-zero amplitudes= 4900
	nsamples per process= 50
	sample time= 1.6189520359039307
	self.n= 0.6124332949635034
	collect g,h time= 2.9215188026428223
E=-14.003407427894295,dE=-1.8610852698941471e-06,std=0
L=-14.003407427894295,dL=-1.8610852698941471e-06,std=0
	gnorm= 6.208455423569912e-05
	symmetric= True
	niter= 32
	solver time=0.003813028335571289,exit status=0
	SR solver time= 0.003851652145385742
	symmetric= False
	niter= 371
	solver time=0.07206177711486816,exit status=0
	RGN solver time= 0.07209396362304688
	xnorm=4.493987485195849,dnorm=0.029025938763289877
	dense amplitude time= 0.014278888702392578
	total non-zero amplitudes= 4900
	nsamples per process= 50
	sample time= 0.38782572746276855
	self.n= 0.6111549284084901
	RGN updated loss=-14.003409223574307,dloss=-1.7956800117957528e-06
step= 108

nparam= 1004
	dense amplitude time= 0.014603376388549805
	total non-zero amplitudes= 4900
	nsamples per process= 50
	sample time= 1.6710917949676514
	self.n= 0.61115492840849
	collect g,h time= 2.893089771270752
E=-14.003409223574307,dE=-1.7956800117957528e-06,std=0
L=-14.003409223574307,dL=-1.7956800117957528e-06,std=0
	gnorm= 5.9944014623223965e-05
	symmetric= True
	solver time=0.003833293914794922,exit status=0
	SR solver time= 0.0038945674896240234
	symmetric= False
	niter= 32
	niter= 373
	solver time=0.07035112380981445,exit status=0
	RGN solver time= 0.07038474082946777
	xnorm=4.501728448065641,dnorm=0.028547885749948196
	dense amplitude time= 0.014929771423339844
	total non-zero amplitudes= 4900
	nsamples per process= 50
	sample time= 0.37805891036987305
	self.n= 0.6098688176464564
	RGN updated loss=-14.003410958925008,dloss=-1.735350700471372e-06
step= 109

nparam= 1004
	dense amplitude time= 0.020031452178955078
	total non-zero amplitudes= 4900
	nsamples per process= 50
	sample time= 1.629140853881836
	self.n= 0.6098688176464555
	collect g,h time= 2.8984568119049072
E=-14.003410958925008,dE=-1.735350700471372e-06,std=0
L=-14.003410958925008,dL=-1.735350700471372e-06,std=0
	gnorm= 5.775709647979511e-05
	symmetric= True
	solver time=0.003645658493041992,exit status=0
	SR solver time= 0.003679990768432617
	symmetric= False
	niter= 31
	niter= 370
	solver time=0.07135200500488281,exit status=0
	RGN solver time= 0.07138347625732422
	xnorm=4.509363767249028,dnorm=0.02806245783700751
	dense amplitude time= 0.015439510345458984
	total non-zero amplitudes= 4900
	nsamples per process= 50
	sample time= 0.39466261863708496
	self.n= 0.6086025475844088
	RGN updated loss=-14.00341263277452,dloss=-1.6738495123291841e-06
step= 110

nparam= 1004
	dense amplitude time= 0.0230562686920166
	total non-zero amplitudes= 4900
	nsamples per process= 50
	sample time= 1.6445388793945312
	self.n= 0.6086025475844079
	collect g,h time= 2.8864505290985107
E=-14.00341263277452,dE=-1.6738495123291841e-06,std=0
L=-14.00341263277452,dL=-1.6738495123291841e-06,std=0
	gnorm= 5.5788781546947285e-05
	symmetric= True
	solver time=0.003820657730102539,exit status=0
	SR solver time= 0.0038585662841796875
	symmetric= False
	niter= 31
	niter= 373
	solver time=0.07344770431518555,exit status=0
	RGN solver time= 0.0734860897064209
	xnorm=4.516877942138579,dnorm=0.02757240148145703
	dense amplitude time= 0.014709711074829102
	total non-zero amplitudes= 4900
	nsamples per process= 50
	sample time= 0.3797011375427246
	self.n= 0.6073449313640424
	RGN updated loss=-14.003414245978885,dloss=-1.613204364758758e-06
step= 111

nparam= 1004
	dense amplitude time= 0.05323147773742676
	total non-zero amplitudes= 4900
	nsamples per process= 50
	sample time= 1.6997239589691162
	self.n= 0.6073449313640416
	collect g,h time= 2.9355900287628174
E=-14.003414245978888,dE=-1.6132043683114716e-06,std=0
L=-14.003414245978888,dL=-1.6132043683114716e-06,std=0
	gnorm= 6.908849108248497e-05
	symmetric= True
	solver time=0.004438161849975586,exit status=0
	SR solver time= 0.004500389099121094
	symmetric= False
	niter= 37
	niter= 365
	solver time=0.07024455070495605,exit status=0
	RGN solver time= 0.07028651237487793
	xnorm=4.5242750146332105,dnorm=0.0270556808806675
	dense amplitude time= 0.015996694564819336
	total non-zero amplitudes= 4900
	nsamples per process= 50
	sample time= 0.37904882431030273
	self.n= 0.6060809642453829
	RGN updated loss=-14.003415791981967,dloss=-1.5460030784453238e-06
step= 112

nparam= 1004
	dense amplitude time= 0.0192258358001709
	total non-zero amplitudes= 4900
	nsamples per process= 50
	sample time= 1.6360108852386475
	self.n= 0.6060809642453817
	collect g,h time= 2.8807690143585205
E=-14.003415791981965,dE=-1.546003076668967e-06,std=0
L=-14.003415791981965,dL=-1.546003076668967e-06,std=0
	gnorm= 6.015015807176969e-05
	symmetric= True
	solver time=0.007227420806884766,exit status=0
	SR solver time= 0.007264852523803711
	symmetric= False
	niter= 36
	niter= 370
	solver time=0.0762639045715332,exit status=0
	RGN solver time= 0.07630562782287598
	xnorm=4.531524878090454,dnorm=0.026606626712841013
	dense amplitude time= 0.017142057418823242
	total non-zero amplitudes= 4900
	nsamples per process= 50
	sample time= 0.3833043575286865
	self.n= 0.6048663286314986
	RGN updated loss=-14.003417297035162,dloss=-1.5050531967375491e-06
step= 113

nparam= 1004
	dense amplitude time= 0.02622509002685547
	total non-zero amplitudes= 4900
	nsamples per process= 50
	sample time= 1.6756272315979004
	self.n= 0.6048663286314965
	collect g,h time= 2.964221715927124
E=-14.003417297035158,dE=-1.5050531931848354e-06,std=0
L=-14.003417297035158,dL=-1.5050531931848354e-06,std=0
	gnorm= 5.046655503473053e-05
	symmetric= True
	solver time=0.0037653446197509766,exit status=0
	SR solver time= 0.0038034915924072266
	symmetric= False
	niter= 31
	niter= 374
	solver time=0.0713503360748291,exit status=0
	RGN solver time= 0.07138776779174805
	xnorm=4.538688514317429,dnorm=0.026118987210247847
	dense amplitude time= 0.014866352081298828
	total non-zero amplitudes= 4900
	nsamples per process= 50
	sample time= 0.3835005760192871
	self.n= 0.603664643963213
	RGN updated loss=-14.0034187406834,dloss=-1.4436482427271358e-06
step= 114

nparam= 1004
	dense amplitude time= 0.02633190155029297
	total non-zero amplitudes= 4900
	nsamples per process= 50
	sample time= 1.6431641578674316
	self.n= 0.6036646439632127
	collect g,h time= 2.912360906600952
E=-14.003418740683403,dE=-1.4436482445034926e-06,std=0
L=-14.003418740683403,dL=-1.4436482445034926e-06,std=0
	gnorm= 4.8843635799421676e-05
	symmetric= True
	solver time=0.0035619735717773438,exit status=0
	SR solver time= 0.003596782684326172
	symmetric= False
	niter= 31
	niter= 374
	solver time=0.07238626480102539,exit status=0
	RGN solver time= 0.07242512702941895
	xnorm=4.545739555026081,dnorm=0.025651346799899086
	dense amplitude time= 0.014238119125366211
	total non-zero amplitudes= 4900
	nsamples per process= 50
	sample time= 0.38697314262390137
	self.n= 0.6024730537721679
	RGN updated loss=-14.003420130892554,dloss=-1.3902091513529058e-06
step= 115

nparam= 1004
	dense amplitude time= 0.025859594345092773
	total non-zero amplitudes= 4900
	nsamples per process= 50
	sample time= 1.6349682807922363
	self.n= 0.602473053772167
	collect g,h time= 2.8786237239837646
E=-14.003420130892554,dE=-1.3902091513529058e-06,std=0
L=-14.003420130892554,dL=-1.3902091513529058e-06,std=0
	gnorm= 4.707782229592085e-05
	symmetric= True
	solver time=0.0035288333892822266,exit status=0
	SR solver time= 0.003564119338989258
	symmetric= False
	niter= 31
	niter= 374
	solver time=0.07055807113647461,exit status=0
	RGN solver time= 0.07059741020202637
	xnorm=4.552683411057387,dnorm=0.025179920296801647
	dense amplitude time= 0.014144420623779297
	total non-zero amplitudes= 4900
	nsamples per process= 50
	sample time= 0.38292884826660156
	self.n= 0.6013050520643644
	RGN updated loss=-14.003421468815379,dloss=-1.3379228249732478e-06
step= 116

nparam= 1004
	dense amplitude time= 0.016704559326171875
	total non-zero amplitudes= 4900
	nsamples per process= 50
	sample time= 1.6254146099090576
	self.n= 0.6013050520643641
	collect g,h time= 2.897315263748169
E=-14.003421468815379,dE=-1.3379228249732478e-06,std=0
L=-14.003421468815379,dL=-1.3379228249732478e-06,std=0
	gnorm= 4.5562885112345804e-05
	symmetric= True
	solver time=0.0037262439727783203,exit status=0
	SR solver time= 0.003769397735595703
	symmetric= False
	niter= 31
	niter= 374
	solver time=0.07264232635498047,exit status=0
	RGN solver time= 0.07268118858337402
	xnorm=4.55951283960627,dnorm=0.02471718569382034
	dense amplitude time= 0.01582932472229004
	total non-zero amplitudes= 4900
	nsamples per process= 50
	sample time= 0.3968966007232666
	self.n= 0.6001588128922817
	RGN updated loss=-14.003422756443706,dloss=-1.2876283275176093e-06
step= 117

nparam= 1004
	dense amplitude time= 0.022374629974365234
	total non-zero amplitudes= 4900
	nsamples per process= 50
	sample time= 1.660856008529663
	self.n= 0.6001588128922815
	collect g,h time= 2.9007670879364014
E=-14.003422756443706,dE=-1.2876283275176093e-06,std=0
L=-14.003422756443706,dL=-1.2876283275176093e-06,std=0
	gnorm= 4.394814134195619e-05
	symmetric= True
	solver time=0.0034949779510498047,exit status=0
	SR solver time= 0.0035321712493896484
	symmetric= False
	niter= 31
	niter= 374
	solver time=0.07040071487426758,exit status=0
	RGN solver time= 0.07043695449829102
	xnorm=4.56622772378576,dnorm=0.024262230948628772
	dense amplitude time= 0.01433253288269043
	total non-zero amplitudes= 4900
	nsamples per process= 50
	sample time= 0.37870097160339355
	self.n= 0.5990347536980908
	RGN updated loss=-14.003423995479176,dloss=-1.2390354697799921e-06
step= 118

nparam= 1004
	dense amplitude time= 0.0184175968170166
	total non-zero amplitudes= 4900
	nsamples per process= 50
	sample time= 1.7000303268432617
	self.n= 0.5990347536980904
	collect g,h time= 2.9115190505981445
E=-14.003423995479173,dE=-1.2390354662272784e-06,std=0
L=-14.003423995479173,dL=-1.2390354662272784e-06,std=0
	gnorm= 4.247281054205216e-05
	symmetric= True
	solver time=0.003480195999145508,exit status=0
	SR solver time= 0.003516674041748047
	symmetric= False
	niter= 31
	niter= 374
	solver time=0.0707392692565918,exit status=0
	RGN solver time= 0.07077479362487793
	xnorm=4.5728293251311785,dnorm=0.023814742520022254
	dense amplitude time= 0.014134645462036133
	total non-zero amplitudes= 4900
	nsamples per process= 50
	sample time= 0.3767526149749756
	self.n= 0.5979322930124397
	RGN updated loss=-14.003425187970533,dloss=-1.1924913607685994e-06
step= 119

nparam= 1004
	dense amplitude time= 0.022455215454101562
	total non-zero amplitudes= 4900
	nsamples per process= 50
	sample time= 1.6415860652923584
	self.n= 0.5979322930124397
	collect g,h time= 2.882765293121338
E=-14.003425187970532,dE=-1.1924913589922426e-06,std=0
L=-14.003425187970532,dL=-1.1924913589922426e-06,std=0
	gnorm= 4.101204721979865e-05
	symmetric= True
	solver time=0.0035247802734375,exit status=0
	SR solver time= 0.003561735153198242
	symmetric= False
	niter= 31
	niter= 374
	solver time=0.06997275352478027,exit status=0
	RGN solver time= 0.07000946998596191
	xnorm=4.579320687212223,dnorm=0.023378093079231336
	dense amplitude time= 0.014249324798583984
	total non-zero amplitudes= 4900
	nsamples per process= 50
	sample time= 0.3854079246520996
	self.n= 0.5968512367737262
	RGN updated loss=-14.003426335911854,dloss=-1.1479413224435575e-06
step= 120

nparam= 1004
	dense amplitude time= 0.026608943939208984
	total non-zero amplitudes= 4900
	nsamples per process= 50
	sample time= 1.6870903968811035
	self.n= 0.5968512367737264
	collect g,h time= 2.9518744945526123
E=-14.003426335911856,dE=-1.1479413242199143e-06,std=0
L=-14.003426335911856,dL=-1.1479413242199143e-06,std=0
	gnorm= 3.964151737090154e-05
	symmetric= True
	solver time=0.003460407257080078,exit status=0
	SR solver time= 0.0034971237182617188
	symmetric= False
	niter= 30
	niter= 374
	solver time=0.07118940353393555,exit status=0
	RGN solver time= 0.07122588157653809
	xnorm=4.585704668101939,dnorm=0.02295188759365612
	dense amplitude time= 0.0157623291015625
	total non-zero amplitudes= 4900
	nsamples per process= 50
	sample time= 0.37796902656555176
	self.n= 0.5957918469341588
	RGN updated loss=-14.00342744126889,dloss=-1.1053570343477759e-06
step= 121

nparam= 1004
	dense amplitude time= 0.03872346878051758
	total non-zero amplitudes= 4900
	nsamples per process= 50
	sample time= 1.6670527458190918
	self.n= 0.5957918469341582
	collect g,h time= 2.925011396408081
E=-14.003427441268892,dE=-1.1053570361241327e-06,std=0
L=-14.003427441268892,dL=-1.1053570361241327e-06,std=0
	gnorm= 3.8327483080117874e-05
	symmetric= True
	solver time=0.0037343502044677734,exit status=0
	SR solver time= 0.0038056373596191406
	symmetric= False
	niter= 30
	niter= 374
	solver time=0.07888627052307129,exit status=0
	RGN solver time= 0.07891964912414551
	xnorm=4.591983751990774,dnorm=0.022537301400998324
	dense amplitude time= 0.016672372817993164
	total non-zero amplitudes= 4900
	nsamples per process= 50
	sample time= 0.3921835422515869
	self.n= 0.5947535630147598
	RGN updated loss=-14.003428506034734,dloss=-1.0647658417184402e-06
step= 122

nparam= 1004
	dense amplitude time= 0.023787975311279297
	total non-zero amplitudes= 4900
	nsamples per process= 50
	sample time= 1.6381111145019531
	self.n= 0.5947535630147596
	collect g,h time= 2.8873043060302734
E=-14.003428506034735,dE=-1.064765843494797e-06,std=0
L=-14.003428506034735,dL=-1.064765843494797e-06,std=0
	gnorm= 3.707868503034794e-05
	symmetric= True
	solver time=0.0034105777740478516,exit status=0
	SR solver time= 0.003447294235229492
	symmetric= False
	niter= 30
	niter= 374
	solver time=0.07166481018066406,exit status=0
	RGN solver time= 0.07169818878173828
	xnorm=4.598160776909496,dnorm=0.022135175394397192
	dense amplitude time= 0.014370441436767578
	total non-zero amplitudes= 4900
	nsamples per process= 50
	sample time= 0.3801991939544678
	self.n= 0.5937359083229385
	RGN updated loss=-14.00342953219654,dloss=-1.0261618044182796e-06
step= 123

nparam= 1004
	dense amplitude time= 0.02319478988647461
	total non-zero amplitudes= 4900
	nsamples per process= 50
	sample time= 1.6751632690429688
	self.n= 0.5937359083229381
	collect g,h time= 2.9371514320373535
E=-14.003429532196538,dE=-1.0261618026419228e-06,std=0
L=-14.003429532196538,dL=-1.0261618026419228e-06,std=0
	gnorm= 3.589741323721723e-05
	symmetric= True
	solver time=0.003506898880004883,exit status=0
	SR solver time= 0.0035436153411865234
	symmetric= False
	niter= 30
	niter= 374
	solver time=0.07119035720825195,exit status=0
	RGN solver time= 0.07123041152954102
	xnorm=4.6042387206681195,dnorm=0.02174550035479673
	dense amplitude time= 0.01417398452758789
	total non-zero amplitudes= 4900
	nsamples per process= 50
	sample time= 0.37813591957092285
	self.n= 0.5927383224266946
	RGN updated loss=-14.003430521712001,dloss=-9.895154633454695e-07
step= 124

nparam= 1004
	dense amplitude time= 0.02578258514404297
	total non-zero amplitudes= 4900
	nsamples per process= 50
	sample time= 1.6256251335144043
	self.n= 0.5927383224266933
	collect g,h time= 2.9162189960479736
E=-14.003430521712,dE=-9.895154615691126e-07,std=0
L=-14.003430521712,dL=-9.895154615691126e-07,std=0
	gnorm= 3.479780497932531e-05
	symmetric= True
	solver time=0.0033812522888183594,exit status=0
	SR solver time= 0.00341796875
	symmetric= False
	niter= 30
	niter= 374
	solver time=0.07201218605041504,exit status=0
	RGN solver time= 0.07204532623291016
	xnorm=4.610220486904518,dnorm=0.02136616786747478
	dense amplitude time= 0.014381170272827148
	total non-zero amplitudes= 4900
	nsamples per process= 50
	sample time= 0.39185547828674316
	self.n= 0.5917605963136876
	RGN updated loss=-14.003431476260603,dloss=-9.54548603715466e-07
step= 125

nparam= 1004
	dense amplitude time= 0.024925708770751953
	total non-zero amplitudes= 4900
	nsamples per process= 50
	sample time= 1.6548020839691162
	self.n= 0.5917605963136868
	collect g,h time= 2.8986973762512207
E=-14.003431476260598,dE=-9.545485983863955e-07,std=0
L=-14.003431476260598,dL=-9.545485983863955e-07,std=0
	gnorm= 3.372686414477399e-05
	symmetric= True
	solver time=0.0034112930297851562,exit status=0
	SR solver time= 0.003449678421020508
	symmetric= False
	niter= 30
	niter= 374
	solver time=0.0706019401550293,exit status=0
	RGN solver time= 0.07063746452331543
	xnorm=4.616109940442773,dnorm=0.021002138061802577
	dense amplitude time= 0.014255046844482422
	total non-zero amplitudes= 4900
	nsamples per process= 50
	sample time= 0.3811962604522705
	self.n= 0.5908013345685529
	RGN updated loss=-14.003432397950805,dloss=-9.216902068232002e-07
step= 126

nparam= 1004
	dense amplitude time= 0.01537179946899414
	total non-zero amplitudes= 4900
	nsamples per process= 50
	sample time= 1.6394944190979004
	self.n= 0.5908013345685525
	collect g,h time= 2.9416537284851074
E=-14.0034323979508,dE=-9.216902014941297e-07,std=0
L=-14.0034323979508,dL=-9.216902014941297e-07,std=0
	gnorm= 3.27609033217577e-05
	symmetric= True
	solver time=0.0035614967346191406,exit status=0
	SR solver time= 0.003596067428588867
	symmetric= False
	niter= 30
	niter= 374
	solver time=0.07173323631286621,exit status=0
	RGN solver time= 0.07176828384399414
	xnorm=4.621909409148452,dnorm=0.020655783507752403
	dense amplitude time= 0.01654338836669922
	total non-zero amplitudes= 4900
	nsamples per process= 50
	sample time= 0.38873910903930664
	self.n= 0.5898593512708598
	RGN updated loss=-14.003433288668075,dloss=-8.907172759364812e-07
step= 127

nparam= 1004
	dense amplitude time= 0.023406267166137695
	total non-zero amplitudes= 4900
	nsamples per process= 50
	sample time= 1.6327393054962158
	self.n= 0.5898593512708584
	collect g,h time= 2.902805805206299
E=-14.003433288668074,dE=-8.907172741601244e-07,std=0
L=-14.003433288668074,dL=-8.907172741601244e-07,std=0
	gnorm= 3.181693936259436e-05
	symmetric= True
	solver time=0.003471851348876953,exit status=0
	SR solver time= 0.0035097599029541016
	symmetric= False
	niter= 30
	niter= 374
	solver time=0.07320141792297363,exit status=0
	RGN solver time= 0.07323741912841797
	xnorm=4.627621042640414,dnorm=0.020319010419141626
	dense amplitude time= 0.014124393463134766
	total non-zero amplitudes= 4900
	nsamples per process= 50
	sample time= 0.4013540744781494
	self.n= 0.5889346731443529
	RGN updated loss=-14.003434149915515,dloss=-8.612474413638438e-07
step= 128

nparam= 1004
	dense amplitude time= 0.015949249267578125
	total non-zero amplitudes= 4900
	nsamples per process= 50
	sample time= 1.6929280757904053
	self.n= 0.5889346731443523
	collect g,h time= 2.9052679538726807
E=-14.003434149915517,dE=-8.612474431402006e-07,std=0
L=-14.003434149915517,dL=-8.612474431402006e-07,std=0
	gnorm= 3.0881950569320934e-05
	symmetric= True
	solver time=0.0034437179565429688,exit status=0
	SR solver time= 0.003482341766357422
	symmetric= False
	niter= 30
	niter= 374
	solver time=0.07022857666015625,exit status=0
	RGN solver time= 0.07026386260986328
	xnorm=4.633248810147669,dnorm=0.019999136642240376
	dense amplitude time= 0.014994621276855469
	total non-zero amplitudes= 4900
	nsamples per process= 50
	sample time= 0.3786933422088623
	self.n= 0.5880261210326083
	RGN updated loss=-14.003434983688363,dloss=-8.337728463203575e-07
step= 129

nparam= 1004
	dense amplitude time= 0.017763853073120117
	total non-zero amplitudes= 4900
	nsamples per process= 50
	sample time= 1.6413078308105469
	self.n= 0.5880261210326077
	collect g,h time= 2.950561761856079
E=-14.003434983688367,dE=-8.337728498730712e-07,std=0
L=-14.003434983688367,dL=-8.337728498730712e-07,std=0
	gnorm= 3.0143208217077253e-05
	symmetric= True
	solver time=0.003502368927001953,exit status=0
	SR solver time= 0.0035409927368164062
	symmetric= False
	niter= 30
	niter= 374
	solver time=0.07108664512634277,exit status=0
	RGN solver time= 0.07112336158752441
	xnorm=4.638795660826519,dnorm=0.019688493157891757
	dense amplitude time= 0.015396595001220703
	total non-zero amplitudes= 4900
	nsamples per process= 50
	sample time= 0.3818225860595703
	self.n= 0.587133157767308
	RGN updated loss=-14.003435791346691,dloss=-8.076583242200286e-07
step= 130

nparam= 1004
	dense amplitude time= 0.026816606521606445
	total non-zero amplitudes= 4900
	nsamples per process= 50
	sample time= 1.6437501907348633
	self.n= 0.5871331577673073
	collect g,h time= 2.895240306854248
E=-14.00343579134669,dE=-8.076583224436718e-07,std=0
L=-14.00343579134669,dL=-8.076583224436718e-07,std=0
	gnorm= 2.9387564695533706e-05
	symmetric= True
	solver time=0.003396272659301758,exit status=0
	SR solver time= 0.0034346580505371094
	symmetric= False
	niter= 30
	niter= 374
	solver time=0.07367873191833496,exit status=0
	RGN solver time= 0.07371401786804199
	xnorm=4.644263375195783,dnorm=0.01939162041393524
	dense amplitude time= 0.01530766487121582
	total non-zero amplitudes= 4900
	nsamples per process= 50
	sample time= 0.3752751350402832
	self.n= 0.5862548416085667
	RGN updated loss=-14.003436574378915,dloss=-7.830322257262878e-07
step= 131

nparam= 1004
	dense amplitude time= 0.06664419174194336
	total non-zero amplitudes= 4900
	nsamples per process= 50
	sample time= 1.659017562866211
	self.n= 0.5862548416085666
	collect g,h time= 2.8955154418945312
E=-14.003436574378915,dE=-7.830322257262878e-07,std=0
L=-14.003436574378915,dL=-7.830322257262878e-07,std=0
	gnorm= 2.8701269566111466e-05
	symmetric= True
	solver time=0.0035810470581054688,exit status=0
	SR solver time= 0.003619670867919922
	symmetric= False
	niter= 30
	niter= 374
	solver time=0.07333564758300781,exit status=0
	RGN solver time= 0.07337284088134766
	xnorm=4.649655592511559,dnorm=0.019108167687907268
	dense amplitude time= 0.014184236526489258
	total non-zero amplitudes= 4900
	nsamples per process= 50
	sample time= 0.37989139556884766
	self.n= 0.5853904055463952
	RGN updated loss=-14.003437334282427,dloss=-7.5990351255939e-07
step= 132

nparam= 1004
	dense amplitude time= 0.0176541805267334
	total non-zero amplitudes= 4900
	nsamples per process= 50
	sample time= 1.6528682708740234
	self.n= 0.5853904055463949
	collect g,h time= 2.892094850540161
E=-14.003437334282427,dE=-7.5990351255939e-07,std=0
L=-14.003437334282427,dL=-7.5990351255939e-07,std=0
	gnorm= 2.8128552855813517e-05
	symmetric= True
	solver time=0.003592967987060547,exit status=0
	SR solver time= 0.003628969192504883
	symmetric= False
	niter= 30
	niter= 374
	solver time=0.07268357276916504,exit status=0
	RGN solver time= 0.07271885871887207
	xnorm=4.654975267259362,dnorm=0.01883576201915973
	dense amplitude time= 0.016820430755615234
	total non-zero amplitudes= 4900
	nsamples per process= 50
	sample time= 0.3777024745941162
	self.n= 0.5845394824834746
	RGN updated loss=-14.00343807248161,dloss=-7.381991817823064e-07
step= 133

nparam= 1004
	dense amplitude time= 0.015899181365966797
	total non-zero amplitudes= 4900
	nsamples per process= 50
	sample time= 1.6401002407073975
	self.n= 0.5845394824834733
	collect g,h time= 2.8850300312042236
E=-14.003438072481607,dE=-7.381991800059495e-07,std=0
L=-14.003438072481607,dL=-7.381991800059495e-07,std=0
	gnorm= 2.7425372769623758e-05
	symmetric= True
	solver time=0.0034437179565429688,exit status=0
	SR solver time= 0.0034821033477783203
	symmetric= False
	niter= 30
	niter= 374
	solver time=0.07056379318237305,exit status=0
	RGN solver time= 0.07059788703918457
	xnorm=4.660224811753096,dnorm=0.01857844929200979
	dense amplitude time= 0.014270544052124023
	total non-zero amplitudes= 4900
	nsamples per process= 50
	sample time= 0.376903772354126
	self.n= 0.5837007941343443
	RGN updated loss=-14.003438790363315,dloss=-7.178817078568045e-07
step= 134

nparam= 1004
	dense amplitude time= 0.015345096588134766
	total non-zero amplitudes= 4900
	nsamples per process= 50
	sample time= 1.6716663837432861
	self.n= 0.5837007941343437
	collect g,h time= 2.9364209175109863
E=-14.00343879036332,dE=-7.17881713185875e-07,std=0
L=-14.00343879036332,dL=-7.17881713185875e-07,std=0
	gnorm= 2.686144515035311e-05
	symmetric= True
	solver time=0.0035064220428466797,exit status=0
	SR solver time= 0.0035440921783447266
	symmetric= False
	niter= 30
	niter= 374
	solver time=0.07190656661987305,exit status=0
	RGN solver time= 0.07194280624389648
	xnorm=4.665408004575864,dnorm=0.01833381229779046
	dense amplitude time= 0.014332771301269531
	total non-zero amplitudes= 4900
	nsamples per process= 50
	sample time= 0.3835585117340088
	self.n= 0.5828733374616633
	RGN updated loss=-14.003439489226771,dloss=-6.988634506654989e-07
step= 135

nparam= 1004
	dense amplitude time= 0.025987625122070312
	total non-zero amplitudes= 4900
	nsamples per process= 50
	sample time= 1.6531782150268555
	self.n= 0.5828733374616625
	collect g,h time= 2.8965578079223633
E=-14.00343948922677,dE=-6.988634488891421e-07,std=0
L=-14.00343948922677,dL=-6.988634488891421e-07,std=0
	gnorm= 2.634047099402092e-05
	symmetric= True
	solver time=0.0034296512603759766,exit status=0
	SR solver time= 0.0034723281860351562
	symmetric= False
	niter= 30
	niter= 374
	solver time=0.07020783424377441,exit status=0
	RGN solver time= 0.07024407386779785
	xnorm=4.670527030042116,dnorm=0.01810138194846067
	dense amplitude time= 0.014312505722045898
	total non-zero amplitudes= 4900
	nsamples per process= 50
	sample time= 0.37287259101867676
	self.n= 0.582056317906834
	RGN updated loss=-14.003440170321515,dloss=-6.810947450475169e-07
step= 136

nparam= 1004
	dense amplitude time= 0.017965316772460938
	total non-zero amplitudes= 4900
	nsamples per process= 50
	sample time= 1.6283633708953857
	self.n= 0.582056317906833
	collect g,h time= 2.897752285003662
E=-14.003440170321515,dE=-6.810947450475169e-07,std=0
L=-14.003440170321515,dL=-6.810947450475169e-07,std=0
	gnorm= 2.586040415943703e-05
	symmetric= True
	solver time=0.0034265518188476562,exit status=0
	SR solver time= 0.003461599349975586
	symmetric= False
	niter= 30
	niter= 374
	solver time=0.07679128646850586,exit status=0
	RGN solver time= 0.07684612274169922
	xnorm=4.675584085236646,dnorm=0.0178817174328895
	dense amplitude time= 0.015521049499511719
	total non-zero amplitudes= 4900
	nsamples per process= 50
	sample time= 0.37725353240966797
	self.n= 0.5812489202619798
	RGN updated loss=-14.003440834853626,dloss=-6.645321111165003e-07
step= 137

nparam= 1004
	dense amplitude time= 0.017764806747436523
	total non-zero amplitudes= 4900
	nsamples per process= 50
	sample time= 1.625715732574463
	self.n= 0.5812489202619795
	collect g,h time= 2.8962082862854004
E=-14.003440834853627,dE=-6.645321128928572e-07,std=0
L=-14.003440834853627,dL=-6.645321128928572e-07,std=0
	gnorm= 2.5420123421784288e-05
	symmetric= True
	solver time=0.003475189208984375,exit status=0
	SR solver time= 0.0035114288330078125
	symmetric= False
	niter= 30
	niter= 374
	solver time=0.07045197486877441,exit status=0
	RGN solver time= 0.07048773765563965
	xnorm=4.680581558291007,dnorm=0.01767435911372897
	dense amplitude time= 0.014091014862060547
	total non-zero amplitudes= 4900
	nsamples per process= 50
	sample time= 0.38375258445739746
	self.n= 0.580450345490638
	RGN updated loss=-14.003441483961378,dloss=-6.491077506609599e-07
step= 138

nparam= 1004
	dense amplitude time= 0.015960693359375
	total non-zero amplitudes= 4900
	nsamples per process= 50
	sample time= 1.629850149154663
	self.n= 0.5804503454906378
	collect g,h time= 2.8894412517547607
E=-14.003441483961373,dE=-6.491077453318894e-07,std=0
L=-14.003441483961373,dL=-6.491077453318894e-07,std=0
	gnorm= 2.5033856942164035e-05
	symmetric= True
	solver time=0.0035657882690429688,exit status=0
	SR solver time= 0.0036025047302246094
	symmetric= False
	niter= 30
	niter= 374
	solver time=0.07319068908691406,exit status=0
	RGN solver time= 0.0732259750366211
	xnorm=4.6855216458458635,dnorm=0.017480603637817012
	dense amplitude time= 0.014090299606323242
	total non-zero amplitudes= 4900
	nsamples per process= 50
	sample time= 0.37801623344421387
	self.n= 0.5796596726107939
	RGN updated loss=-14.003442119047707,dloss=-6.350863337445389e-07
step= 139

nparam= 1004
	dense amplitude time= 0.014101982116699219
	total non-zero amplitudes= 4900
	nsamples per process= 50
	sample time= 1.645888328552246
	self.n= 0.5796596726107934
	collect g,h time= 2.9185352325439453
E=-14.003442119047708,dE=-6.350863355208958e-07,std=0
L=-14.003442119047708,dL=-6.350863355208958e-07,std=0
	gnorm= 2.5673292927121967e-05
	symmetric= True
	solver time=0.0035533905029296875,exit status=0
	SR solver time= 0.003591775894165039
	symmetric= False
	niter= 30
	niter= 377
	solver time=0.07636547088623047,exit status=0
	RGN solver time= 0.0764009952545166
	xnorm=4.6904063710889305,dnorm=0.017292972202703823
	dense amplitude time= 0.015720129013061523
	total non-zero amplitudes= 4900
	nsamples per process= 50
	sample time= 0.37627601623535156
	self.n= 0.5788791944411639
	RGN updated loss=-14.003442740447221,dloss=-6.213995131787442e-07
step= 140

nparam= 1004
	dense amplitude time= 0.025487899780273438
	total non-zero amplitudes= 4900
	nsamples per process= 50
	sample time= 1.6288280487060547
	self.n= 0.5788791944411633
	collect g,h time= 2.886984348297119
E=-14.00344274044722,dE=-6.213995114023874e-07,std=0
L=-14.00344274044722,dL=-6.213995114023874e-07,std=0
	gnorm= 2.428931145712518e-05
	symmetric= True
	solver time=0.003560781478881836,exit status=0
	SR solver time= 0.003602266311645508
	symmetric= False
	niter= 30
	niter= 376
	solver time=0.07461261749267578,exit status=0
	RGN solver time= 0.07464861869812012
	xnorm=4.695238052648267,dnorm=0.017122069870309776
	dense amplitude time= 0.014245986938476562
	total non-zero amplitudes= 4900
	nsamples per process= 50
	sample time= 0.3783533573150635
	self.n= 0.5781025876828655
	RGN updated loss=-14.003443349714631,dloss=-6.092674116331409e-07
step= 141

nparam= 1004
	dense amplitude time= 0.035556793212890625
	total non-zero amplitudes= 4900
	nsamples per process= 50
	sample time= 1.6211824417114258
	self.n= 0.5781025876828652
	collect g,h time= 2.8912620544433594
E=-14.003443349714633,dE=-6.092674134094977e-07,std=0
L=-14.003443349714633,dL=-6.092674134094977e-07,std=0
	gnorm= 2.399346545672442e-05
	symmetric= True
	solver time=0.0034270286560058594,exit status=0
	SR solver time= 0.0034618377685546875
	symmetric= False
	niter= 30
	niter= 376
	solver time=0.07346343994140625,exit status=0
	RGN solver time= 0.07350039482116699
	xnorm=4.700018781344117,dnorm=0.016964214189563172
	dense amplitude time= 0.015260696411132812
	total non-zero amplitudes= 4900
	nsamples per process= 50
	sample time= 0.3725402355194092
	self.n= 0.5773310840010928
	RGN updated loss=-14.003443947897232,dloss=-5.981825985656997e-07
step= 142

nparam= 1004
	dense amplitude time= 0.025715112686157227
	total non-zero amplitudes= 4900
	nsamples per process= 50
	sample time= 1.6179540157318115
	self.n= 0.5773310840010926
	collect g,h time= 2.9024994373321533
E=-14.003443947897232,dE=-5.981825985656997e-07,std=0
L=-14.003443947897232,dL=-5.981825985656997e-07,std=0
	gnorm= 2.373430437436566e-05
	symmetric= True
	solver time=0.0034906864166259766,exit status=0
	SR solver time= 0.0035254955291748047
	symmetric= False
	niter= 30
	niter= 377
	solver time=0.07082009315490723,exit status=0
	RGN solver time= 0.07085418701171875
	xnorm=4.704750183320623,dnorm=0.016818823594628926
	dense amplitude time= 0.01424098014831543
	total non-zero amplitudes= 4900
	nsamples per process= 50
	sample time= 0.3726825714111328
	self.n= 0.5765641852091055
	RGN updated loss=-14.003444536004208,dloss=-5.881069764512858e-07
step= 143

nparam= 1004
	dense amplitude time= 0.026006460189819336
	total non-zero amplitudes= 4900
	nsamples per process= 50
	sample time= 1.6191370487213135
	self.n= 0.5765641852091048
	collect g,h time= 2.8806724548339844
E=-14.003444536004212,dE=-5.881069800039995e-07,std=0
L=-14.003444536004212,dL=-5.881069800039995e-07,std=0
	gnorm= 2.350791536172077e-05
	symmetric= True
	solver time=0.0035316944122314453,exit status=0
	SR solver time= 0.0035691261291503906
	symmetric= False
	niter= 30
	niter= 378
	solver time=0.07138228416442871,exit status=0
	RGN solver time= 0.07141923904418945
	xnorm=4.709433914808454,dnorm=0.016685834888195118
	dense amplitude time= 0.014149188995361328
	total non-zero amplitudes= 4900
	nsamples per process= 50
	sample time= 0.37749695777893066
	self.n= 0.5758012451127311
	RGN updated loss=-14.003445115026127,dloss=-5.790219148593678e-07
step= 144

nparam= 1004
	dense amplitude time= 0.02826237678527832
	total non-zero amplitudes= 4900
	nsamples per process= 50
	sample time= 1.6181640625
	self.n= 0.5758012451127308
	collect g,h time= 2.887190818786621
E=-14.003445115026123,dE=-5.790219113066541e-07,std=0
L=-14.003445115026123,dL=-5.790219113066541e-07,std=0
	gnorm= 2.3314046858644336e-05
	symmetric= True
	solver time=0.003586292266845703,exit status=0
	SR solver time= 0.0036492347717285156
	symmetric= False
	niter= 29
	niter= 378
	solver time=0.0780324935913086,exit status=0
	RGN solver time= 0.07807087898254395
	xnorm=4.7140717063106665,dnorm=0.016565265231487925
	dense amplitude time= 0.016701936721801758
	total non-zero amplitudes= 4900
	nsamples per process= 50
	sample time= 0.38013648986816406
	self.n= 0.57504151316521
	RGN updated loss=-14.003445686207845,dloss=-5.711817223641447e-07
step= 145

nparam= 1004
	dense amplitude time= 0.01833820343017578
	total non-zero amplitudes= 4900
	nsamples per process= 50
	sample time= 1.620941400527954
	self.n= 0.5750415131652092
	collect g,h time= 2.88484263420105
E=-14.003445686207849,dE=-5.711817259168583e-07,std=0
L=-14.003445686207849,dL=-5.711817259168583e-07,std=0
	gnorm= 5.9900585645606465e-05
	symmetric= True
	solver time=0.0042345523834228516,exit status=0
	SR solver time= 0.0042722225189208984
	symmetric= False
	niter= 38
	niter= 346
	solver time=0.06676292419433594,exit status=0
	RGN solver time= 0.0668025016784668
	xnorm=4.718665239772788,dnorm=0.016445985199214894
	dense amplitude time= 0.014470815658569336
	total non-zero amplitudes= 4900
	nsamples per process= 50
	sample time= 0.3887629508972168
	self.n= 0.5742933569531239
	RGN updated loss=-14.003446240104228,dloss=-5.53896379429375e-07
step= 146

nparam= 1004
	dense amplitude time= 0.015813827514648438
	total non-zero amplitudes= 4900
	nsamples per process= 50
	sample time= 1.6933581829071045
	self.n= 0.5742933569531228
	collect g,h time= 2.911029815673828
E=-14.003446240104228,dE=-5.53896379429375e-07,std=0
L=-14.003446240104228,dL=-5.53896379429375e-07,std=0
	gnorm= 5.4372929916526195e-05
	symmetric= True
	solver time=0.004145145416259766,exit status=0
	SR solver time= 0.004184246063232422
	symmetric= False
	niter= 38
	niter= 351
	solver time=0.06594109535217285,exit status=0
	RGN solver time= 0.06597757339477539
	xnorm=4.723166621702748,dnorm=0.016369546578153583
	dense amplitude time= 0.014097929000854492
	total non-zero amplitudes= 4900
	nsamples per process= 50
	sample time= 0.37889885902404785
	self.n= 0.5735350596931919
	RGN updated loss=-14.003446805414066,dloss=-5.653098380520305e-07
step= 147

nparam= 1004
	dense amplitude time= 0.01555943489074707
	total non-zero amplitudes= 4900
	nsamples per process= 50
	sample time= 1.6215736865997314
	self.n= 0.5735350596931917
	collect g,h time= 2.893697738647461
E=-14.003446805414065,dE=-5.653098362756737e-07,std=0
L=-14.003446805414065,dL=-5.653098362756737e-07,std=0
	gnorm= 5.927423718721225e-05
	symmetric= True
	solver time=0.004361867904663086,exit status=0
	SR solver time= 0.004396915435791016
	symmetric= False
	niter= 38
	niter= 346
	solver time=0.06696701049804688,exit status=0
	RGN solver time= 0.06700420379638672
	xnorm=4.727709982376146,dnorm=0.016264979164070603
	dense amplitude time= 0.014447927474975586
	total non-zero amplitudes= 4900
	nsamples per process= 50
	sample time= 0.39426755905151367
	self.n= 0.5727832367955008
	RGN updated loss=-14.003447348312907,dloss=-5.428988423261671e-07
step= 148

nparam= 1004
	dense amplitude time= 0.015339374542236328
	total non-zero amplitudes= 4900
	nsamples per process= 50
	sample time= 1.6423616409301758
	self.n= 0.5727832367955008
	collect g,h time= 2.8862128257751465
E=-14.003447348312907,dE=-5.428988423261671e-07,std=0
L=-14.003447348312907,dL=-5.428988423261671e-07,std=0
	gnorm= 5.503276863689834e-05
	symmetric= True
	solver time=0.004347562789916992,exit status=0
	SR solver time= 0.004383563995361328
	symmetric= False
	niter= 38
	niter= 350
	solver time=0.06577062606811523,exit status=0
	RGN solver time= 0.06580615043640137
	xnorm=4.732142382778934,dnorm=0.016221113992487875
	dense amplitude time= 0.01749277114868164
	total non-zero amplitudes= 4900
	nsamples per process= 50
	sample time= 0.37842631340026855
	self.n= 0.5720277139836069
	RGN updated loss=-14.003447905195303,dloss=-5.568823961965563e-07
step= 149

nparam= 1004
	dense amplitude time= 0.02016592025756836
	total non-zero amplitudes= 4900
	nsamples per process= 50
	sample time= 1.6381304264068604
	self.n= 0.5720277139836065
	collect g,h time= 2.8891141414642334
E=-14.003447905195305,dE=-5.568823979729132e-07,std=0
L=-14.003447905195305,dL=-5.568823979729132e-07,std=0
	gnorm= 2.312870971568855e-05
	symmetric= True
	solver time=0.003498077392578125,exit status=0
	SR solver time= 0.0035352706909179688
	symmetric= False
	niter= 30
	niter= 381
	solver time=0.07372832298278809,exit status=0
	RGN solver time= 0.07376289367675781
	xnorm=4.7366125029377875,dnorm=0.01615295917643376
	dense amplitude time= 0.014107942581176758
	total non-zero amplitudes= 4900
	nsamples per process= 50
	sample time= 0.37943553924560547
	self.n= 0.5712696199243203
	RGN updated loss=-14.003448449944134,dloss=-5.447488291565605e-07
step= 150

nparam= 1004
	dense amplitude time= 0.01780080795288086
	total non-zero amplitudes= 4900
	nsamples per process= 50
	sample time= 1.654526710510254
	self.n= 0.5712696199243199
	collect g,h time= 2.8897852897644043
E=-14.003448449944136,dE=-5.447488309329174e-07,std=0
L=-14.003448449944136,dL=-5.447488309329174e-07,std=0
	gnorm= 2.285247238135425e-05
	symmetric= True
	solver time=0.0036046504974365234,exit status=0
	SR solver time= 0.0036416053771972656
	symmetric= False
	niter= 30
	niter= 378
	solver time=0.07326006889343262,exit status=0
	RGN solver time= 0.07329511642456055
	xnorm=4.7410222961492,dnorm=0.01610556473655532
	dense amplitude time= 0.014539718627929688
	total non-zero amplitudes= 4900
	nsamples per process= 50
	sample time= 0.3869924545288086
	self.n= 0.5705131722727202
	RGN updated loss=-14.00344899218774,dloss=-5.422436046842449e-07
step= 151

nparam= 1004
	dense amplitude time= 0.04951214790344238
	total non-zero amplitudes= 4900
	nsamples per process= 50
	sample time= 1.6557719707489014
	self.n= 0.5705131722727198
	collect g,h time= 2.883591413497925
E=-14.003448992187739,dE=-5.422436029078881e-07,std=0
L=-14.003448992187739,dL=-5.422436029078881e-07,std=0
	gnorm= 2.3386181515924002e-05
	symmetric= True
	solver time=0.0033867359161376953,exit status=0
	SR solver time= 0.003426074981689453
	symmetric= False
	niter= 30
	niter= 378
	solver time=0.0732262134552002,exit status=0
	RGN solver time= 0.07326030731201172
	xnorm=4.745389799935232,dnorm=0.016080443060923526
	dense amplitude time= 0.01412343978881836
	total non-zero amplitudes= 4900
	nsamples per process= 50
	sample time= 0.3772590160369873
	self.n= 0.5697524859788052
	RGN updated loss=-14.003449533000014,dloss=-5.408122749628319e-07
step= 152

nparam= 1004
	dense amplitude time= 0.01408696174621582
	total non-zero amplitudes= 4900
	nsamples per process= 50
	sample time= 1.6499683856964111
	self.n= 0.5697524859788048
	collect g,h time= 2.8891658782958984
E=-14.003449533000015,dE=-5.408122767391887e-07,std=0
L=-14.003449533000015,dL=-5.408122767391887e-07,std=0
	gnorm= 2.297281217078672e-05
	symmetric= True
	solver time=0.0036776065826416016,exit status=0
	SR solver time= 0.0037446022033691406
	symmetric= False
	niter= 29
	niter= 380
	solver time=0.08062481880187988,exit status=0
	RGN solver time= 0.08066391944885254
	xnorm=4.749718566345502,dnorm=0.01606080259407932
	dense amplitude time= 0.016616344451904297
	total non-zero amplitudes= 4900
	nsamples per process= 50
	sample time= 0.3800992965698242
	self.n= 0.5689897634073
	RGN updated loss=-14.00345007300915,dloss=-5.400091342977476e-07
step= 153

nparam= 1004
	dense amplitude time= 0.022831439971923828
	total non-zero amplitudes= 4900
	nsamples per process= 50
	sample time= 1.646094799041748
	self.n= 0.5689897634072996
	collect g,h time= 2.8810129165649414
E=-14.003450073009148,dE=-5.400091325213907e-07,std=0
L=-14.003450073009148,dL=-5.400091325213907e-07,std=0
	gnorm= 2.307361690103791e-05
	symmetric= True
	solver time=0.003420114517211914,exit status=0
	SR solver time= 0.003455638885498047
	symmetric= False
	niter= 30
	niter= 381
	solver time=0.07143115997314453,exit status=0
	RGN solver time= 0.07146668434143066
	xnorm=4.7540121874882795,dnorm=0.01605330055898742
	dense amplitude time= 0.016007661819458008
	total non-zero amplitudes= 4900
	nsamples per process= 50
	sample time= 0.38875699043273926
	self.n= 0.5682235690902633
	RGN updated loss=-14.00345061312382,dloss=-5.4011467121029e-07
step= 154

nparam= 1004
	dense amplitude time= 0.0296328067779541
	total non-zero amplitudes= 4900
	nsamples per process= 50
	sample time= 1.6458590030670166
	self.n= 0.5682235690902626
	collect g,h time= 2.880775213241577
E=-14.00345061312382,dE=-5.4011467121029e-07,std=0
L=-14.00345061312382,dL=-5.4011467121029e-07,std=0
	gnorm= 2.3206531848748708e-05
	symmetric= True
	solver time=0.0035431385040283203,exit status=0
	SR solver time= 0.003582477569580078
	symmetric= False
	niter= 30
	niter= 381
	solver time=0.07649350166320801,exit status=0
	RGN solver time= 0.07652997970581055
	xnorm=4.75827309320883,dnorm=0.01605756099105465
	dense amplitude time= 0.014040231704711914
	total non-zero amplitudes= 4900
	nsamples per process= 50
	sample time= 0.3800771236419678
	self.n= 0.5674527418984148
	RGN updated loss=-14.003451154178808,dloss=-5.410549892559402e-07
step= 155

nparam= 1004
	dense amplitude time= 0.016596555709838867
	total non-zero amplitudes= 4900
	nsamples per process= 50
	sample time= 1.659987211227417
	self.n= 0.5674527418984144
	collect g,h time= 2.897582530975342
E=-14.003451154178805,dE=-5.410549857032265e-07,std=0
L=-14.003451154178805,dL=-5.410549857032265e-07,std=0
	gnorm= 2.337235518722029e-05
	symmetric= True
	solver time=0.0033655166625976562,exit status=0
	SR solver time= 0.0034029483795166016
	symmetric= False
	niter= 30
	niter= 383
	solver time=0.07213521003723145,exit status=0
	RGN solver time= 0.07217192649841309
	xnorm=4.762502850050376,dnorm=0.016073125436593835
	dense amplitude time= 0.014472484588623047
	total non-zero amplitudes= 4900
	nsamples per process= 50
	sample time= 0.38580894470214844
	self.n= 0.5666763410215911
	RGN updated loss=-14.003451696618349,dloss=-5.424395439490581e-07
step= 156

nparam= 1004
	dense amplitude time= 0.02667856216430664
	total non-zero amplitudes= 4900
	nsamples per process= 50
	sample time= 1.637500524520874
	self.n= 0.5666763410215901
	collect g,h time= 2.899477243423462
E=-14.003451696618347,dE=-5.424395421727013e-07,std=0
L=-14.003451696618347,dL=-5.424395421727013e-07,std=0
	gnorm= 2.3478734378123445e-05
	symmetric= True
	solver time=0.003407001495361328,exit status=0
	SR solver time= 0.003443479537963867
	symmetric= False
	niter= 30
	niter= 381
	solver time=0.07134079933166504,exit status=0
	RGN solver time= 0.07137513160705566
	xnorm=4.766702716844239,dnorm=0.016108415728325012
	dense amplitude time= 0.014271259307861328
	total non-zero amplitudes= 4900
	nsamples per process= 50
	sample time= 0.3858950138092041
	self.n= 0.5658947040582849
	RGN updated loss=-14.003452243315813,dloss=-5.4669746596403e-07
step= 157

nparam= 1004
	dense amplitude time= 0.024823904037475586
	total non-zero amplitudes= 4900
	nsamples per process= 50
	sample time= 1.6392719745635986
	self.n= 0.5658947040582851
	collect g,h time= 2.8841235637664795
E=-14.003452243315813,dE=-5.4669746596403e-07,std=0
L=-14.003452243315813,dL=-5.4669746596403e-07,std=0
	gnorm= 4.102575578598054e-05
	symmetric= True
	solver time=0.004128217697143555,exit status=0
	SR solver time= 0.0041620731353759766
	symmetric= False
	niter= 37
	niter= 373
	solver time=0.0699911117553711,exit status=0
	RGN solver time= 0.07002472877502441
	xnorm=4.770861402648627,dnorm=0.016140884156533364
	dense amplitude time= 0.01417231559753418
	total non-zero amplitudes= 4900
	nsamples per process= 50
	sample time= 0.38157057762145996
	self.n= 0.5650971589335874
	RGN updated loss=-14.00345278776582,dloss=-5.444500068563229e-07
step= 158

nparam= 1004
	dense amplitude time= 0.014699697494506836
	total non-zero amplitudes= 4900
	nsamples per process= 50
	sample time= 1.6588943004608154
	self.n= 0.5650971589335876
	collect g,h time= 2.9247095584869385
E=-14.003452787765818,dE=-5.444500050799661e-07,std=0
L=-14.003452787765818,dL=-5.444500050799661e-07,std=0
	gnorm= 3.313392771094726e-05
	symmetric= True
	solver time=0.004166603088378906,exit status=0
	SR solver time= 0.004204511642456055
	symmetric= False
	niter= 37
	niter= 376
	solver time=0.07258987426757812,exit status=0
	RGN solver time= 0.07263612747192383
	xnorm=4.774995129323452,dnorm=0.01618663619765595
	dense amplitude time= 0.014251708984375
	total non-zero amplitudes= 4900
	nsamples per process= 50
	sample time= 0.3825654983520508
	self.n= 0.5643023114053332
	RGN updated loss=-14.003453343221956,dloss=-5.554561379739198e-07
step= 159

nparam= 1004
	dense amplitude time= 0.021498441696166992
	total non-zero amplitudes= 4900
	nsamples per process= 50
	sample time= 1.646538496017456
	self.n= 0.5643023114053329
	collect g,h time= 2.885341167449951
E=-14.003453343221954,dE=-5.55456136197563e-07,std=0
L=-14.003453343221954,dL=-5.55456136197563e-07,std=0
	gnorm= 4.018624566375437e-05
	symmetric= True
	solver time=0.004230976104736328,exit status=0
	SR solver time= 0.004268169403076172
	symmetric= False
	niter= 37
	niter= 374
	solver time=0.0718233585357666,exit status=0
	RGN solver time= 0.07185888290405273
	xnorm=4.779097667796275,dnorm=0.01622940203684645
	dense amplitude time= 0.014245986938476562
	total non-zero amplitudes= 4900
	nsamples per process= 50
	sample time= 0.38780665397644043
	self.n= 0.5634909959060064
	RGN updated loss=-14.003453896030194,dloss=-5.528082400729772e-07
step= 160

nparam= 1004
	dense amplitude time= 0.01635265350341797
	total non-zero amplitudes= 4900
	nsamples per process= 50
	sample time= 1.6363308429718018
	self.n= 0.5634909959060055
	collect g,h time= 2.8860161304473877
E=-14.003453896030198,dE=-5.528082436256909e-07,std=0
L=-14.003453896030198,dL=-5.528082436256909e-07,std=0
	gnorm= 3.383776659933926e-05
	symmetric= True
	solver time=0.0044231414794921875,exit status=0
	SR solver time= 0.004487276077270508
	symmetric= False
	niter= 37
	niter= 374
	solver time=0.07135462760925293,exit status=0
	RGN solver time= 0.07139039039611816
	xnorm=4.783194516364898,dnorm=0.016299133766030677
	dense amplitude time= 0.017005205154418945
	total non-zero amplitudes= 4900
	nsamples per process= 50
	sample time= 0.3800046443939209
	self.n= 0.5626829312342173
	RGN updated loss=-14.003454460204336,dloss=-5.641741385176147e-07
step= 161

nparam= 1004
	dense amplitude time= 0.034520864486694336
	total non-zero amplitudes= 4900
	nsamples per process= 50
	sample time= 1.6367108821868896
	self.n= 0.5626829312342172
	collect g,h time= 2.89237904548645
E=-14.003454460204336,dE=-5.641741385176147e-07,std=0
L=-14.003454460204336,dL=-5.641741385176147e-07,std=0
	gnorm= 4.119523716797079e-05
	symmetric= True
	solver time=0.004334688186645508,exit status=0
	SR solver time= 0.004374265670776367
	symmetric= False
	niter= 37
	niter= 374
	solver time=0.07291126251220703,exit status=0
	RGN solver time= 0.07294487953186035
	xnorm=4.787250544367409,dnorm=0.016350805896878
	dense amplitude time= 0.014635324478149414
	total non-zero amplitudes= 4900
	nsamples per process= 50
	sample time= 0.39006590843200684
	self.n= 0.5618539186159355
	RGN updated loss=-14.003455023404827,dloss=-5.632004906885868e-07
step= 162

nparam= 1004
	dense amplitude time= 0.016213178634643555
	total non-zero amplitudes= 4900
	nsamples per process= 50
	sample time= 1.6397066116333008
	self.n= 0.5618539186159355
	collect g,h time= 2.8994088172912598
E=-14.003455023404824,dE=-5.632004871358731e-07,std=0
L=-14.003455023404824,dL=-5.632004871358731e-07,std=0
	gnorm= 3.484488152236805e-05
	symmetric= True
	solver time=0.004204511642456055,exit status=0
	SR solver time= 0.004242420196533203
	symmetric= False
	niter= 37
	niter= 374
	solver time=0.07063746452331543,exit status=0
	RGN solver time= 0.07067561149597168
	xnorm=4.791299702550958,dnorm=0.01642033569956958
	dense amplitude time= 0.014325380325317383
	total non-zero amplitudes= 4900
	nsamples per process= 50
	sample time= 0.38615894317626953
	self.n= 0.5610268118302812
	RGN updated loss=-14.003455598731641,dloss=-5.753268172981052e-07
step= 163

nparam= 1004
	dense amplitude time= 0.02456974983215332
	total non-zero amplitudes= 4900
	nsamples per process= 50
	sample time= 1.636580467224121
	self.n= 0.5610268118302804
	collect g,h time= 2.8930258750915527
E=-14.00345559873164,dE=-5.753268155217484e-07,std=0
L=-14.00345559873164,dL=-5.753268155217484e-07,std=0
	gnorm= 2.558972573000188e-05
	symmetric= True
	solver time=0.0033016204833984375,exit status=0
	SR solver time= 0.0033397674560546875
	symmetric= False
	niter= 30
	niter= 383
	solver time=0.0717623233795166,exit status=0
	RGN solver time= 0.07179856300354004
	xnorm=4.795322103121915,dnorm=0.016488315381454635
	dense amplitude time= 0.014193296432495117
	total non-zero amplitudes= 4900
	nsamples per process= 50
	sample time= 0.37834739685058594
	self.n= 0.5601856066407415
	RGN updated loss=-14.003456176348386,dloss=-5.776167473214855e-07
step= 164

nparam= 1004
	dense amplitude time= 0.020171403884887695
	total non-zero amplitudes= 4900
	nsamples per process= 50
	sample time= 1.6361324787139893
	self.n= 0.5601856066407407
	collect g,h time= 2.883415460586548
E=-14.003456176348392,dE=-5.77616752650556e-07,std=0
L=-14.003456176348392,dL=-5.77616752650556e-07,std=0
	gnorm= 2.6058895112929e-05
	symmetric= True
	solver time=0.003440380096435547,exit status=0
	SR solver time= 0.0034766197204589844
	symmetric= False
	niter= 30
	niter= 385
	solver time=0.07237911224365234,exit status=0
	RGN solver time= 0.0724186897277832
	xnorm=4.79932543282702,dnorm=0.016558915441025286
	dense amplitude time= 0.014271020889282227
	total non-zero amplitudes= 4900
	nsamples per process= 50
	sample time= 0.380281925201416
	self.n= 0.5593340696242994
	RGN updated loss=-14.003456759521937,dloss=-5.831735450101405e-07
step= 165

nparam= 1004
	dense amplitude time= 0.015040397644042969
	total non-zero amplitudes= 4900
	nsamples per process= 50
	sample time= 1.648834466934204
	self.n= 0.5593340696242985
	collect g,h time= 2.925818920135498
E=-14.00345675952194,dE=-5.831735485628542e-07,std=0
L=-14.00345675952194,dL=-5.831735485628542e-07,std=0
	gnorm= 2.6402074677960463e-05
	symmetric= True
	solver time=0.0034437179565429688,exit status=0
	SR solver time= 0.003586292266845703
	symmetric= False
	niter= 30
	niter= 386
	solver time=0.07513761520385742,exit status=0
	RGN solver time= 0.07517266273498535
	xnorm=4.803307724062276,dnorm=0.016627816804237593
	dense amplitude time= 0.014476299285888672
	total non-zero amplitudes= 4900
	nsamples per process= 50
	sample time= 0.3992326259613037
	self.n= 0.5584729148944758
	RGN updated loss=-14.003457348162625,dloss=-5.886406846400405e-07
step= 166

nparam= 1004
	dense amplitude time= 0.01595759391784668
	total non-zero amplitudes= 4900
	nsamples per process= 50
	sample time= 1.644347906112671
	self.n= 0.5584729148944754
	collect g,h time= 2.8824355602264404
E=-14.003457348162625,dE=-5.886406846400405e-07,std=0
L=-14.003457348162625,dL=-5.886406846400405e-07,std=0
	gnorm= 2.6745144649806973e-05
	symmetric= True
	solver time=0.0034775733947753906,exit status=0
	SR solver time= 0.0035130977630615234
	symmetric= False
	niter= 30
	niter= 384
	solver time=0.07503485679626465,exit status=0
	RGN solver time= 0.07506799697875977
	xnorm=4.807269891118911,dnorm=0.016693376281944207
	dense amplitude time= 0.015493631362915039
	total non-zero amplitudes= 4900
	nsamples per process= 50
	sample time= 0.38870692253112793
	self.n= 0.5576025008662944
	RGN updated loss=-14.003457941958256,dloss=-5.937956313317727e-07
step= 167

nparam= 1004
	dense amplitude time= 0.014291048049926758
	total non-zero amplitudes= 4900
	nsamples per process= 50
	sample time= 1.676030158996582
	self.n= 0.5576025008662941
	collect g,h time= 2.936945676803589
E=-14.003457941958255,dE=-5.937956295554159e-07,std=0
L=-14.003457941958255,dL=-5.937956295554159e-07,std=0
	gnorm= 2.708557717812485e-05
	symmetric= True
	solver time=0.0034973621368408203,exit status=0
	SR solver time= 0.0035352706909179688
	symmetric= False
	niter= 30
	niter= 385
	solver time=0.07381224632263184,exit status=0
	RGN solver time= 0.07385921478271484
	xnorm=4.8112132027424845,dnorm=0.016754084240817174
	dense amplitude time= 0.014331817626953125
	total non-zero amplitudes= 4900
	nsamples per process= 50
	sample time= 0.37419748306274414
	self.n= 0.5567232495036571
	RGN updated loss=-14.00345854034709,dloss=-5.983888353711109e-07
step= 168

nparam= 1004
	dense amplitude time= 0.023157119750976562
	total non-zero amplitudes= 4900
	nsamples per process= 50
	sample time= 1.6262340545654297
	self.n= 0.5567232495036578
	collect g,h time= 2.9071714878082275
E=-14.003458540347092,dE=-5.983888371474677e-07,std=0
L=-14.003458540347092,dL=-5.983888371474677e-07,std=0
	gnorm= 2.7912038242858173e-05
	symmetric= True
	solver time=0.006783008575439453,exit status=0
	SR solver time= 0.006848812103271484
	symmetric= False
	niter= 30
	niter= 385
	solver time=0.0746464729309082,exit status=0
	RGN solver time= 0.07468080520629883
	xnorm=4.815138978582499,dnorm=0.01681877102621994
	dense amplitude time= 0.016874074935913086
	total non-zero amplitudes= 4900
	nsamples per process= 50
	sample time= 0.3902468681335449
	self.n= 0.5558416084810454
	RGN updated loss=-14.003459143944273,dloss=-6.035971811257923e-07
step= 169

nparam= 1004
	dense amplitude time= 0.024512767791748047
	total non-zero amplitudes= 4900
	nsamples per process= 50
	sample time= 1.6608009338378906
	self.n= 0.5558416084810454
	collect g,h time= 2.897679567337036
E=-14.003459143944276,dE=-6.03597184678506e-07,std=0
L=-14.003459143944276,dL=-6.03597184678506e-07,std=0
	gnorm= 2.7701297641451302e-05
	symmetric= True
	solver time=0.003361940383911133,exit status=0
	SR solver time= 0.0033991336822509766
	symmetric= False
	niter= 30
	niter= 380
	solver time=0.07115578651428223,exit status=0
	RGN solver time= 0.07119536399841309
	xnorm=4.819048501288573,dnorm=0.016862337703271783
	dense amplitude time= 0.014300107955932617
	total non-zero amplitudes= 4900
	nsamples per process= 50
	sample time= 0.37215280532836914
	self.n= 0.554946491865304
	RGN updated loss=-14.003459751201394,dloss=-6.072571174797758e-07
step= 170

nparam= 1004
	dense amplitude time= 0.01773214340209961
	total non-zero amplitudes= 4900
	nsamples per process= 50
	sample time= 1.629368543624878
	self.n= 0.5549464918653035
	collect g,h time= 2.9347503185272217
E=-14.003459751201396,dE=-6.072571192561327e-07,std=0
L=-14.003459751201396,dL=-6.072571192561327e-07,std=0
	gnorm= 2.8009741243681536e-05
	symmetric= True
	solver time=0.003414630889892578,exit status=0
	SR solver time= 0.0034525394439697266
	symmetric= False
	niter= 30
	niter= 383
	solver time=0.07314062118530273,exit status=0
	RGN solver time= 0.0731801986694336
	xnorm=4.822947006586689,dnorm=0.016899327819719343
	dense amplitude time= 0.014283895492553711
	total non-zero amplitudes= 4900
	nsamples per process= 50
	sample time= 0.3825089931488037
	self.n= 0.5540425242654237
	RGN updated loss=-14.003460361515698,dloss=-6.103143022073709e-07
step= 171

nparam= 1004
	dense amplitude time= 0.03186678886413574
	total non-zero amplitudes= 4900
	nsamples per process= 50
	sample time= 1.632326602935791
	self.n= 0.5540425242654232
	collect g,h time= 2.895568370819092
E=-14.003460361515696,dE=-6.103143004310141e-07,std=0
L=-14.003460361515696,dL=-6.103143004310141e-07,std=0
	gnorm= 2.8282323962584533e-05
	symmetric= True
	solver time=0.003444194793701172,exit status=0
	SR solver time= 0.0034799575805664062
	symmetric= False
	niter= 30
	niter= 388
	solver time=0.07454228401184082,exit status=0
	RGN solver time= 0.07458114624023438
	xnorm=4.8268310623291,dnorm=0.016926983737771212
	dense amplitude time= 0.014241218566894531
	total non-zero amplitudes= 4900
	nsamples per process= 50
	sample time= 0.3889479637145996
	self.n= 0.5531316534998643
	RGN updated loss=-14.003460974150181,dloss=-6.12634485364083e-07
step= 172

nparam= 1004
	dense amplitude time= 0.015221595764160156
	total non-zero amplitudes= 4900
	nsamples per process= 50
	sample time= 1.667233943939209
	self.n= 0.5531316534998632
	collect g,h time= 2.897508382797241
E=-14.003460974150183,dE=-6.126344871404399e-07,std=0
L=-14.003460974150183,dL=-6.126344871404399e-07,std=0
	gnorm= 2.8512869661844346e-05
	symmetric= True
	solver time=0.003470897674560547,exit status=0
	SR solver time= 0.0035097599029541016
	symmetric= False
	niter= 30
	niter= 389
	solver time=0.0736081600189209,exit status=0
	RGN solver time= 0.07364583015441895
	xnorm=4.830700689335468,dnorm=0.016944932241837095
	dense amplitude time= 0.015243291854858398
	total non-zero amplitudes= 4900
	nsamples per process= 50
	sample time= 0.38161683082580566
	self.n= 0.5522150003882778
	RGN updated loss=-14.003461588335595,dloss=-6.141854118624224e-07
step= 173

nparam= 1004
	dense amplitude time= 0.027425527572631836
	total non-zero amplitudes= 4900
	nsamples per process= 50
	sample time= 1.620818853378296
	self.n= 0.5522150003882779
	collect g,h time= 2.8955283164978027
E=-14.003461588335593,dE=-6.141854100860655e-07,std=0
L=-14.003461588335593,dL=-6.141854100860655e-07,std=0
	gnorm= 2.8706422799509598e-05
	symmetric= True
	solver time=0.003461599349975586,exit status=0
	SR solver time= 0.0034973621368408203
	symmetric= False
	niter= 30
	niter= 387
	solver time=0.07428598403930664,exit status=0
	RGN solver time= 0.07431936264038086
	xnorm=4.834556353222728,dnorm=0.016952855859840514
	dense amplitude time= 0.014513969421386719
	total non-zero amplitudes= 4900
	nsamples per process= 50
	sample time= 0.38727879524230957
	self.n= 0.551293538070706
	RGN updated loss=-14.003462203284117,dloss=-6.149485241024877e-07
step= 174

nparam= 1004
	dense amplitude time= 0.02234935760498047
	total non-zero amplitudes= 4900
	nsamples per process= 50
	sample time= 1.6370508670806885
	self.n= 0.5512935380707051
	collect g,h time= 2.8763558864593506
E=-14.00346220328411,dE=-6.149485169970603e-07,std=0
L=-14.00346220328411,dL=-6.149485169970603e-07,std=0
	gnorm= 2.886321698531245e-05
	symmetric= True
	solver time=0.003359079360961914,exit status=0
	SR solver time= 0.0033948421478271484
	symmetric= False
	niter= 30
	niter= 390
	solver time=0.07359981536865234,exit status=0
	RGN solver time= 0.07363247871398926
	xnorm=4.838398611243497,dnorm=0.01695063305716671
	dense amplitude time= 0.015354156494140625
	total non-zero amplitudes= 4900
	nsamples per process= 50
	sample time= 0.3801710605621338
	self.n= 0.5503682038833304
	RGN updated loss=-14.003462817697397,dloss=-6.144132864704943e-07
step= 175

nparam= 1004
	dense amplitude time= 0.022991418838500977
	total non-zero amplitudes= 4900
	nsamples per process= 50
	sample time= 1.69535493850708
	self.n= 0.55036820388333
	collect g,h time= 2.928025007247925
E=-14.003462817697395,dE=-6.144132846941375e-07,std=0
L=-14.003462817697395,dL=-6.144132846941375e-07,std=0
	gnorm= 0.0001251194008327859
	symmetric= True
	solver time=0.004681110382080078,exit status=0
	SR solver time= 0.00471949577331543
	symmetric= False
	niter= 43
	niter= 340
	solver time=0.06386756896972656,exit status=0
	RGN solver time= 0.06390523910522461
	xnorm=4.842227962828105,dnorm=0.017078217627950646
	dense amplitude time= 0.014291763305664062
	total non-zero amplitudes= 4900
	nsamples per process= 50
	sample time= 0.38283610343933105
	self.n= 0.5494548955764037
	RGN updated loss=-14.003463417494602,dloss=-5.997972074567315e-07
step= 176

nparam= 1004
	dense amplitude time= 0.023440122604370117
	total non-zero amplitudes= 4900
	nsamples per process= 50
	sample time= 1.6245887279510498
	self.n= 0.5494548955764027
	collect g,h time= 2.8846983909606934
E=-14.003463417494602,dE=-5.997972074567315e-07,std=0
L=-14.003463417494602,dL=-5.997972074567315e-07,std=0
	gnorm= 0.00010592844896554064
	symmetric= True
	solver time=0.004892826080322266,exit status=0
	SR solver time= 0.004958629608154297
	symmetric= False
	niter= 42
	niter= 343
	solver time=0.0646061897277832,exit status=0
	RGN solver time= 0.06464052200317383
	xnorm=4.846105177775994,dnorm=0.016932625168933468
	dense amplitude time= 0.01643967628479004
	total non-zero amplitudes= 4900
	nsamples per process= 50
	sample time= 0.3863646984100342
	self.n= 0.5484975736148159
	RGN updated loss=-14.003464047406158,dloss=-6.299115558050516e-07
step= 177

nparam= 1004
	dense amplitude time= 0.024370908737182617
	total non-zero amplitudes= 4900
	nsamples per process= 50
	sample time= 1.668656587600708
	self.n= 0.5484975736148153
	collect g,h time= 2.915422201156616
E=-14.003464047406155,dE=-6.29911552252338e-07,std=0
L=-14.003464047406155,dL=-6.29911552252338e-07,std=0
	gnorm= 2.964733983495295e-05
	symmetric= True
	solver time=0.003508329391479492,exit status=0
	SR solver time= 0.003551006317138672
	symmetric= False
	niter= 31
	niter= 384
	solver time=0.0721731185913086,exit status=0
	RGN solver time= 0.07220935821533203
	xnorm=4.849890391857634,dnorm=0.01688617011399575
	dense amplitude time= 0.014193296432495117
	total non-zero amplitudes= 4900
	nsamples per process= 50
	sample time= 0.37552404403686523
	self.n= 0.5475630233988129
	RGN updated loss=-14.003464657702924,dloss=-6.10296769565366e-07
step= 178

nparam= 1004
	dense amplitude time= 0.019008636474609375
	total non-zero amplitudes= 4900
	nsamples per process= 50
	sample time= 1.686591386795044
	self.n= 0.5475630233988125
	collect g,h time= 2.9492499828338623
E=-14.003464657702926,dE=-6.102967713417229e-07,std=0
L=-14.003464657702926,dL=-6.102967713417229e-07,std=0
	gnorm= 3.840077942382088e-05
	symmetric= True
	solver time=0.004091501235961914,exit status=0
	SR solver time= 0.004128932952880859
	symmetric= False
	niter= 35
	niter= 374
	solver time=0.07186746597290039,exit status=0
	RGN solver time= 0.07190346717834473
	xnorm=4.85367749818266,dnorm=0.016865680479040874
	dense amplitude time= 0.014562606811523438
	total non-zero amplitudes= 4900
	nsamples per process= 50
	sample time= 0.3857581615447998
	self.n= 0.5466242100019192
	RGN updated loss=-14.003465263823637,dloss=-6.061207109553379e-07
step= 179

nparam= 1004
	dense amplitude time= 0.021974802017211914
	total non-zero amplitudes= 4900
	nsamples per process= 50
	sample time= 1.6207444667816162
	self.n= 0.5466242100019187
	collect g,h time= 2.8943021297454834
E=-14.003465263823639,dE=-6.061207127316948e-07,std=0
L=-14.003465263823639,dL=-6.061207127316948e-07,std=0
	gnorm= 4.733702554454183e-05
	symmetric= True
	solver time=0.004037618637084961,exit status=0
	SR solver time= 0.004075765609741211
	symmetric= False
	niter= 36
	niter= 374
	solver time=0.07030081748962402,exit status=0
	RGN solver time= 0.07033944129943848
	xnorm=4.85746469233756,dnorm=0.01682671891575166
	dense amplitude time= 0.014239311218261719
	total non-zero amplitudes= 4900
	nsamples per process= 50
	sample time= 0.37604522705078125
	self.n= 0.5456929181886565
	RGN updated loss=-14.003465867397816,dloss=-6.035741773047221e-07
step= 180

nparam= 1004
	dense amplitude time= 0.026903867721557617
	total non-zero amplitudes= 4900
	nsamples per process= 50
	sample time= 1.6775023937225342
	self.n= 0.5456929181886563
	collect g,h time= 2.9285662174224854
E=-14.003465867397814,dE=-6.035741755283652e-07,std=0
L=-14.003465867397814,dL=-6.035741755283652e-07,std=0
	gnorm= 4.4068022274486724e-05
	symmetric= True
	solver time=0.004044532775878906,exit status=0
	SR solver time= 0.004083395004272461
	symmetric= False
	niter= 36
	niter= 374
	solver time=0.07103490829467773,exit status=0
	RGN solver time= 0.07106924057006836
	xnorm=4.86123277310649,dnorm=0.0167493638300556
	dense amplitude time= 0.014190435409545898
	total non-zero amplitudes= 4900
	nsamples per process= 50
	sample time= 0.3778378963470459
	self.n= 0.5447691232579757
	RGN updated loss=-14.003466469983012,dloss=-6.025851977398133e-07
step= 181

nparam= 1004
	dense amplitude time= 0.04419255256652832
	total non-zero amplitudes= 4900
	nsamples per process= 50
	sample time= 1.6567773818969727
	self.n= 0.5447691232579751
	collect g,h time= 2.9061622619628906
E=-14.003466469983014,dE=-6.025851995161702e-07,std=0
L=-14.003466469983014,dL=-6.025851995161702e-07,std=0
	gnorm= 4.180747856297339e-05
	symmetric= True
	solver time=0.004076957702636719,exit status=0
	SR solver time= 0.00411224365234375
	symmetric= False
	niter= 35
	niter= 374
	solver time=0.07480311393737793,exit status=0
	RGN solver time= 0.07484197616577148
	xnorm=4.864981520111809,dnorm=0.016704077965212477
	dense amplitude time= 0.014349222183227539
	total non-zero amplitudes= 4900
	nsamples per process= 50
	sample time= 0.3810760974884033
	self.n= 0.543835938560943
	RGN updated loss=-14.003467063416933,dloss=-5.93433918893993e-07
step= 182

nparam= 1004
	dense amplitude time= 0.014991998672485352
	total non-zero amplitudes= 4900
	nsamples per process= 50
	sample time= 1.6220619678497314
	self.n= 0.5438359385609424
	collect g,h time= 2.8766772747039795
E=-14.003467063416931,dE=-5.934339171176362e-07,std=0
L=-14.003467063416931,dL=-5.934339171176362e-07,std=0
	gnorm= 4.3981618066785426e-05
	symmetric= True
	solver time=0.004128456115722656,exit status=0
	SR solver time= 0.004168033599853516
	symmetric= False
	niter= 36
	niter= 374
	solver time=0.0706028938293457,exit status=0
	RGN solver time= 0.07064175605773926
	xnorm=4.868726771173283,dnorm=0.01662786462893937
	dense amplitude time= 0.015906572341918945
	total non-zero amplitudes= 4900
	nsamples per process= 50
	sample time= 0.3825380802154541
	self.n= 0.5429178018351367
	RGN updated loss=-14.003467656280781,dloss=-5.928638504570927e-07
step= 183

nparam= 1004
	dense amplitude time= 0.014019489288330078
	total non-zero amplitudes= 4900
	nsamples per process= 50
	sample time= 1.6563684940338135
	self.n= 0.5429178018351362
	collect g,h time= 2.939422369003296
E=-14.00346765628078,dE=-5.928638486807358e-07,std=0
L=-14.00346765628078,dL=-5.928638486807358e-07,std=0
	gnorm= 4.2350653136248196e-05
	symmetric= True
	solver time=0.003989696502685547,exit status=0
	SR solver time= 0.0040283203125
	symmetric= False
	niter= 36
	niter= 374
	solver time=0.071197509765625,exit status=0
	RGN solver time= 0.07123398780822754
	xnorm=4.872452537562323,dnorm=0.01657237322737964
	dense amplitude time= 0.01424551010131836
	total non-zero amplitudes= 4900
	nsamples per process= 50
	sample time= 0.37432408332824707
	self.n= 0.541984659307998
	RGN updated loss=-14.003468240975323,dloss=-5.846945434484496e-07
step= 184

nparam= 1004
	dense amplitude time= 0.015347003936767578
	total non-zero amplitudes= 4900
	nsamples per process= 50
	sample time= 1.6259486675262451
	self.n= 0.5419846593079973
	collect g,h time= 2.882896900177002
E=-14.003468240975327,dE=-5.846945470011633e-07,std=0
L=-14.003468240975327,dL=-5.846945470011633e-07,std=0
	gnorm= 4.42561125582359e-05
	symmetric= True
	solver time=0.004290342330932617,exit status=0
	SR solver time= 0.004353761672973633
	symmetric= False
	niter= 36
	niter= 374
	solver time=0.0749506950378418,exit status=0
	RGN solver time= 0.07498764991760254
	xnorm=4.876174587436284,dnorm=0.016494309864800754
	dense amplitude time= 0.014139413833618164
	total non-zero amplitudes= 4900
	nsamples per process= 50
	sample time= 0.3787972927093506
	self.n= 0.5410790633353082
	RGN updated loss=-14.003468824750671,dloss=-5.83775344509263e-07
step= 185

nparam= 1004
	dense amplitude time= 0.024910449981689453
	total non-zero amplitudes= 4900
	nsamples per process= 50
	sample time= 1.6619129180908203
	self.n= 0.5410790633353075
	collect g,h time= 2.8950939178466797
E=-14.003468824750671,dE=-5.83775344509263e-07,std=0
L=-14.003468824750671,dL=-5.83775344509263e-07,std=0
	gnorm= 4.1534095428602675e-05
	symmetric= True
	solver time=0.003980875015258789,exit status=0
	SR solver time= 0.0040187835693359375
	symmetric= False
	niter= 36
	niter= 374
	solver time=0.0696098804473877,exit status=0
	RGN solver time= 0.06964421272277832
	xnorm=4.879875526460576,dnorm=0.016426235530701452
	dense amplitude time= 0.014251470565795898
	total non-zero amplitudes= 4900
	nsamples per process= 50
	sample time= 0.3763763904571533
	self.n= 0.5401615795077621
	RGN updated loss=-14.00346939756921,dloss=-5.728185392683827e-07
step= 186

nparam= 1004
	dense amplitude time= 0.014902353286743164
	total non-zero amplitudes= 4900
	nsamples per process= 50
	sample time= 1.620377779006958
	self.n= 0.5401615795077614
	collect g,h time= 2.91838002204895
E=-14.003469397569207,dE=-5.72818535715669e-07,std=0
L=-14.003469397569207,dL=-5.72818535715669e-07,std=0
	gnorm= 4.458761527861377e-05
	symmetric= True
	solver time=0.004114389419555664,exit status=0
	SR solver time= 0.004150390625
	symmetric= False
	niter= 36
	niter= 374
	solver time=0.0724020004272461,exit status=0
	RGN solver time= 0.07244014739990234
	xnorm=4.883578074720101,dnorm=0.01634296132195475
	dense amplitude time= 0.014427900314331055
	total non-zero amplitudes= 4900
	nsamples per process= 50
	sample time= 0.38010692596435547
	self.n= 0.5392533818783111
	RGN updated loss=-14.003469970976312,dloss=-5.734071049090517e-07
step= 187

nparam= 1004
	dense amplitude time= 0.022437334060668945
	total non-zero amplitudes= 4900
	nsamples per process= 50
	sample time= 1.6298091411590576
	self.n= 0.5392533818783105
	collect g,h time= 2.8808393478393555
E=-14.003469970976314,dE=-5.734071066854085e-07,std=0
L=-14.003469970976314,dL=-5.734071066854085e-07,std=0
	gnorm= 4.196997720249928e-05
	symmetric= True
	solver time=0.003942728042602539,exit status=0
	SR solver time= 0.003981590270996094
	symmetric= False
	niter= 36
	niter= 374
	solver time=0.06987857818603516,exit status=0
	RGN solver time= 0.06991910934448242
	xnorm=4.887258795817195,dnorm=0.016271369066048258
	dense amplitude time= 0.014111995697021484
	total non-zero amplitudes= 4900
	nsamples per process= 50
	sample time= 0.375685453414917
	self.n= 0.5383499376746403
	RGN updated loss=-14.003470532923266,dloss=-5.619469529705157e-07
step= 188

nparam= 1004
	dense amplitude time= 0.014804363250732422
	total non-zero amplitudes= 4900
	nsamples per process= 50
	sample time= 1.6476025581359863
	self.n= 0.5383499376746396
	collect g,h time= 2.888827085494995
E=-14.00347053292327,dE=-5.619469565232293e-07,std=0
L=-14.00347053292327,dL=-5.619469565232293e-07,std=0
	gnorm= 4.4461432813821e-05
	symmetric= True
	solver time=0.0042154788970947266,exit status=0
	SR solver time= 0.004254341125488281
	symmetric= False
	niter= 36
	niter= 374
	solver time=0.07336616516113281,exit status=0
	RGN solver time= 0.07340288162231445
	xnorm=4.89093708640921,dnorm=0.01618565400077344
	dense amplitude time= 0.014251232147216797
	total non-zero amplitudes= 4900
	nsamples per process= 50
	sample time= 0.3854103088378906
	self.n= 0.5374538642723512
	RGN updated loss=-14.003471096139899,dloss=-5.632166288904727e-07
step= 189

nparam= 1004
	dense amplitude time= 0.014963150024414062
	total non-zero amplitudes= 4900
	nsamples per process= 50
	sample time= 1.6620688438415527
	self.n= 0.5374538642723502
	collect g,h time= 2.889446973800659
E=-14.003471096139902,dE=-5.632166324431864e-07,std=0
L=-14.003471096139902,dL=-5.632166324431864e-07,std=0
	gnorm= 2.8385147654481452e-05
	symmetric= True
	solver time=0.0035703182220458984,exit status=0
	SR solver time= 0.003609895706176758
	symmetric= False
	niter= 31
	niter= 398
	solver time=0.07658648490905762,exit status=0
	RGN solver time= 0.07662057876586914
	xnorm=4.894596390995328,dnorm=0.016107071134411285
	dense amplitude time= 0.014176368713378906
	total non-zero amplitudes= 4900
	nsamples per process= 50
	sample time= 0.3724038600921631
	self.n= 0.5365685467881778
	RGN updated loss=-14.003471649509276,dloss=-5.533693734349754e-07
step= 190

nparam= 1004
	dense amplitude time= 0.017778635025024414
	total non-zero amplitudes= 4900
	nsamples per process= 50
	sample time= 1.6333260536193848
	self.n= 0.5365685467881774
	collect g,h time= 2.885453224182129
E=-14.003471649509274,dE=-5.533693716586185e-07,std=0
L=-14.003471649509274,dL=-5.533693716586185e-07,std=0
	gnorm= 2.8809310645097663e-05
	symmetric= True
	solver time=0.0035636425018310547,exit status=0
	SR solver time= 0.003603219985961914
	symmetric= False
	niter= 31
	niter= 396
	solver time=0.07477784156799316,exit status=0
	RGN solver time= 0.0748131275177002
	xnorm=4.898250247615958,dnorm=0.016023999786338634
	dense amplitude time= 0.01426076889038086
	total non-zero amplitudes= 4900
	nsamples per process= 50
	sample time= 0.37320971488952637
	self.n= 0.5356777846811692
	RGN updated loss=-14.003472198462319,dloss=-5.4895304479885e-07
step= 191

nparam= 1004
	dense amplitude time= 0.043129682540893555
	total non-zero amplitudes= 4900
	nsamples per process= 50
	sample time= 1.630565881729126
	self.n= 0.5356777846811686
	collect g,h time= 2.898022413253784
E=-14.003472198462319,dE=-5.4895304479885e-07,std=0
L=-14.003472198462319,dL=-5.4895304479885e-07,std=0
	gnorm= 2.794648731829057e-05
	symmetric= True
	solver time=0.0037355422973632812,exit status=0
	SR solver time= 0.003773212432861328
	symmetric= False
	niter= 31
	niter= 398
	solver time=0.08416175842285156,exit status=0
	RGN solver time= 0.08420443534851074
	xnorm=4.901898170410072,dnorm=0.015943585033343807
	dense amplitude time= 0.01690983772277832
	total non-zero amplitudes= 4900
	nsamples per process= 50
	sample time= 0.3851466178894043
	self.n= 0.5348046172341145
	RGN updated loss=-14.003472739922369,dloss=-5.414600501296718e-07
step= 192

nparam= 1004
	dense amplitude time= 0.023017406463623047
	total non-zero amplitudes= 4900
	nsamples per process= 50
	sample time= 1.629551649093628
	self.n= 0.5348046172341134
	collect g,h time= 2.8883752822875977
E=-14.003472739922367,dE=-5.41460048353315e-07,std=0
L=-14.003472739922367,dL=-5.41460048353315e-07,std=0
	gnorm= 2.8981850533653953e-05
	symmetric= True
	solver time=0.003843069076538086,exit status=0
	SR solver time= 0.0039098262786865234
	symmetric= False
	niter= 32
	niter= 394
	solver time=0.07473087310791016,exit status=0
	RGN solver time= 0.07476663589477539
	xnorm=4.9055380183243065,dnorm=0.015857230796007114
	dense amplitude time= 0.014376401901245117
	total non-zero amplitudes= 4900
	nsamples per process= 50
	sample time= 0.37210988998413086
	self.n= 0.5339257049818977
	RGN updated loss=-14.00347327727811,dloss=-5.373557421251007e-07
step= 193

nparam= 1004
	dense amplitude time= 0.020128250122070312
	total non-zero amplitudes= 4900
	nsamples per process= 50
	sample time= 1.6162025928497314
	self.n= 0.5339257049818973
	collect g,h time= 2.886593818664551
E=-14.003473277278111,dE=-5.373557439014576e-07,std=0
L=-14.003473277278111,dL=-5.373557439014576e-07,std=0
	gnorm= 2.787825165222432e-05
	symmetric= True
	solver time=0.003615140914916992,exit status=0
	SR solver time= 0.0036547183990478516
	symmetric= False
	niter= 31
	niter= 396
	solver time=0.07399868965148926,exit status=0
	RGN solver time= 0.07403898239135742
	xnorm=4.909169753054141,dnorm=0.015777273568364
	dense amplitude time= 0.01430654525756836
	total non-zero amplitudes= 4900
	nsamples per process= 50
	sample time= 0.3725316524505615
	self.n= 0.5330663978516389
	RGN updated loss=-14.003473807719644,dloss=-5.304415324758338e-07
step= 194

nparam= 1004
	dense amplitude time= 0.02272820472717285
	total non-zero amplitudes= 4900
	nsamples per process= 50
	sample time= 1.6116869449615479
	self.n= 0.5330663978516386
	collect g,h time= 2.8843636512756348
E=-14.003473807719644,dE=-5.304415324758338e-07,std=0
L=-14.003473807719644,dL=-5.304415324758338e-07,std=0
	gnorm= 2.7292820782791843e-05
	symmetric= True
	solver time=0.00354766845703125,exit status=0
	SR solver time= 0.003583669662475586
	symmetric= False
	niter= 31
	niter= 394
	solver time=0.0740973949432373,exit status=0
	RGN solver time= 0.07413697242736816
	xnorm=4.912792797068841,dnorm=0.0156891064655238
	dense amplitude time= 0.014203310012817383
	total non-zero amplitudes= 4900
	nsamples per process= 50
	sample time= 0.3795919418334961
	self.n= 0.5322085652751527
	RGN updated loss=-14.003474332439138,dloss=-5.247194945212641e-07
step= 195

nparam= 1004
	dense amplitude time= 0.014367818832397461
	total non-zero amplitudes= 4900
	nsamples per process= 50
	sample time= 1.617555856704712
	self.n= 0.5322085652751527
	collect g,h time= 2.875948667526245
E=-14.003474332439135,dE=-5.247194909685504e-07,std=0
L=-14.003474332439135,dL=-5.247194909685504e-07,std=0
	gnorm= 2.6617709944056196e-05
	symmetric= True
	solver time=0.0035400390625,exit status=0
	SR solver time= 0.0035779476165771484
	symmetric= False
	niter= 31
	niter= 397
	solver time=0.07465434074401855,exit status=0
	RGN solver time= 0.07469582557678223
	xnorm=4.916410148643548,dnorm=0.015602489549003186
	dense amplitude time= 0.014129638671875
	total non-zero amplitudes= 4900
	nsamples per process= 50
	sample time= 0.37126588821411133
	self.n= 0.5313574327408391
	RGN updated loss=-14.003474850954131,dloss=-5.185149962727564e-07
step= 196

nparam= 1004
	dense amplitude time= 0.019619464874267578
	total non-zero amplitudes= 4900
	nsamples per process= 50
	sample time= 1.642223834991455
	self.n= 0.5313574327408388
	collect g,h time= 2.8973395824432373
E=-14.003474850954127,dE=-5.185149927200428e-07,std=0
L=-14.003474850954127,dL=-5.185149927200428e-07,std=0
	gnorm= 2.6344320154167236e-05
	symmetric= True
	solver time=0.0037403106689453125,exit status=0
	SR solver time= 0.0037856101989746094
	symmetric= False
	niter= 31
	niter= 400
	solver time=0.0846090316772461,exit status=0
	RGN solver time= 0.08464431762695312
	xnorm=4.920018876189447,dnorm=0.01551610087970238
	dense amplitude time= 0.016475915908813477
	total non-zero amplitudes= 4900
	nsamples per process= 50
	sample time= 0.37822818756103516
	self.n= 0.530516084873528
	RGN updated loss=-14.003475363802476,dloss=-5.128483486771529e-07
step= 197

nparam= 1004
	dense amplitude time= 0.02148604393005371
	total non-zero amplitudes= 4900
	nsamples per process= 50
	sample time= 1.635087490081787
	self.n= 0.530516084873527
	collect g,h time= 2.885747194290161
E=-14.003475363802478,dE=-5.128483504535097e-07,std=0
L=-14.003475363802478,dL=-5.128483504535097e-07,std=0
	gnorm= 2.6169484827365713e-05
	symmetric= True
	solver time=0.0035669803619384766,exit status=0
	SR solver time= 0.003602743148803711
	symmetric= False
	niter= 31
	niter= 400
	solver time=0.07630681991577148,exit status=0
	RGN solver time= 0.07634782791137695
	xnorm=4.9236189492892235,dnorm=0.015428124297838934
	dense amplitude time= 0.014075279235839844
	total non-zero amplitudes= 4900
	nsamples per process= 50
	sample time= 0.3760242462158203
	self.n= 0.5296811021427665
	RGN updated loss=-14.003475870708824,dloss=-5.069063462315171e-07
step= 198

nparam= 1004
	dense amplitude time= 0.016595840454101562
	total non-zero amplitudes= 4900
	nsamples per process= 50
	sample time= 1.6270689964294434
	self.n= 0.5296811021427668
	collect g,h time= 2.8784875869750977
E=-14.00347587070882,dE=-5.069063426788034e-07,std=0
L=-14.00347587070882,dL=-5.069063426788034e-07,std=0
	gnorm= 2.597073158060155e-05
	symmetric= True
	solver time=0.0035746097564697266,exit status=0
	SR solver time= 0.0036106109619140625
	symmetric= False
	niter= 31
	niter= 401
	solver time=0.07702827453613281,exit status=0
	RGN solver time= 0.07707047462463379
	xnorm=4.927210243769724,dnorm=0.015340894174106605
	dense amplitude time= 0.01451253890991211
	total non-zero amplitudes= 4900
	nsamples per process= 50
	sample time= 0.37752342224121094
	self.n= 0.5288534098354646
	RGN updated loss=-14.00347637163815,dloss=-5.009293300162199e-07
step= 199

nparam= 1004
	dense amplitude time= 0.01397705078125
	total non-zero amplitudes= 4900
	nsamples per process= 50
	sample time= 1.6237421035766602
	self.n= 0.5288534098354647
	collect g,h time= 2.8857271671295166
E=-14.003476371638154,dE=-5.009293335689335e-07,std=0
L=-14.003476371638154,dL=-5.009293335689335e-07,std=0
	gnorm= 2.5704198237386494e-05
	symmetric= True
	solver time=0.0035545825958251953,exit status=0
	SR solver time= 0.003589153289794922
	symmetric= False
	niter= 31
	niter= 400
	solver time=0.07463788986206055,exit status=0
	RGN solver time= 0.07467770576477051
	xnorm=4.930792972203771,dnorm=0.015248055083455437
	dense amplitude time= 0.014195680618286133
	total non-zero amplitudes= 4900
	nsamples per process= 50
	sample time= 0.38305044174194336
	self.n= 0.5280340313267188
	RGN updated loss=-14.003476866363107,dloss=-4.947249525599773e-07
step= 200

nparam= 1004
	dense amplitude time= 0.020136594772338867
	total non-zero amplitudes= 4900
	nsamples per process= 50
	sample time= 1.6230707168579102
	self.n= 0.5280340313267182
	collect g,h time= 2.88454532623291
E=-14.003476866363108,dE=-4.947249543363341e-07,std=0
L=-14.003476866363108,dL=-4.947249543363341e-07,std=0
	gnorm= 2.5504277639335023e-05
	symmetric= True
	solver time=0.0036232471466064453,exit status=0
	SR solver time= 0.003688335418701172
	symmetric= False
	niter= 31
	niter= 401
	solver time=0.07617664337158203,exit status=0
	RGN solver time= 0.07621479034423828
	xnorm=4.934368126608812,dnorm=0.015157212689721943
	dense amplitude time= 0.014233589172363281
	total non-zero amplitudes= 4900
	nsamples per process= 50
	sample time= 0.3709380626678467
	self.n= 0.5272230865335438
	RGN updated loss=-14.003477355142653,dloss=-4.887795448382803e-07
step= 201

nparam= 1004
	dense amplitude time= 0.03813743591308594
	total non-zero amplitudes= 4900
	nsamples per process= 50
	sample time= 1.6177120208740234
	self.n= 0.5272230865335436
	collect g,h time= 2.8816847801208496
E=-14.003477355142653,dE=-4.887795448382803e-07,std=0
L=-14.003477355142653,dL=-4.887795448382803e-07,std=0
	gnorm= 2.53432193417426e-05
	symmetric= True
	solver time=0.003524303436279297,exit status=0
	SR solver time= 0.0035619735717773438
	symmetric= False
	niter= 31
	niter= 401
	solver time=0.07491230964660645,exit status=0
	RGN solver time= 0.07495331764221191
	xnorm=4.93793464134938,dnorm=0.015071481819386638
	dense amplitude time= 0.014083147048950195
	total non-zero amplitudes= 4900
	nsamples per process= 50
	sample time= 0.382427453994751
	self.n= 0.5264201375276376
	RGN updated loss=-14.003477838432772,dloss=-4.832901190354733e-07
step= 202

nparam= 1004
	dense amplitude time= 0.015174627304077148
	total non-zero amplitudes= 4900
	nsamples per process= 50
	sample time= 1.6218101978302002
	self.n= 0.5264201375276365
	collect g,h time= 2.8822638988494873
E=-14.00347783843277,dE=-4.832901172591164e-07,std=0
L=-14.00347783843277,dL=-4.832901172591164e-07,std=0
	gnorm= 5.652953897794714e-05
	symmetric= True
	solver time=0.0043468475341796875,exit status=0
	SR solver time= 0.0043849945068359375
	symmetric= False
	niter= 39
	niter= 374
	solver time=0.07076549530029297,exit status=0
	RGN solver time= 0.07080078125
	xnorm=4.941491144482315,dnorm=0.014965581980295599
	dense amplitude time= 0.014313459396362305
	total non-zero amplitudes= 4900
	nsamples per process= 50
	sample time= 0.37744808197021484
	self.n= 0.5256084536972356
	RGN updated loss=-14.003478308786915,dloss=-4.7035414496576777e-07
step= 203

nparam= 1004
	dense amplitude time= 0.01506662368774414
	total non-zero amplitudes= 4900
	nsamples per process= 50
	sample time= 1.624528408050537
	self.n= 0.5256084536972353
	collect g,h time= 2.907456159591675
E=-14.003478308786912,dE=-4.703541414130541e-07,std=0
L=-14.003478308786912,dL=-4.703541414130541e-07,std=0
	gnorm= 4.963867840532209e-05
	symmetric= True
	solver time=0.004103422164916992,exit status=0
	SR solver time= 0.004142284393310547
	symmetric= False
	niter= 37
	niter= 374
	solver time=0.07207632064819336,exit status=0
	RGN solver time= 0.07210993766784668
	xnorm=4.945050068149483,dnorm=0.014912251817392532
	dense amplitude time= 0.014423847198486328
	total non-zero amplitudes= 4900
	nsamples per process= 50
	sample time= 0.38908863067626953
	self.n= 0.5248303271528987
	RGN updated loss=-14.003478784629754,dloss=-4.758428424622707e-07
step= 204

nparam= 1004
	dense amplitude time= 0.016653776168823242
	total non-zero amplitudes= 4900
	nsamples per process= 50
	sample time= 1.6412405967712402
	self.n= 0.524830327152898
	collect g,h time= 2.889463424682617
E=-14.003478784629754,dE=-4.758428424622707e-07,std=0
L=-14.003478784629754,dL=-4.758428424622707e-07,std=0
	gnorm= 5.571903592838602e-05
	symmetric= True
	solver time=0.004302501678466797,exit status=0
	SR solver time= 0.004338502883911133
	symmetric= False
	niter= 39
	niter= 374
	solver time=0.07069849967956543,exit status=0
	RGN solver time= 0.07073497772216797
	xnorm=4.948587167329031,dnorm=0.014764202107188542
	dense amplitude time= 0.014171361923217773
	total non-zero amplitudes= 4900
	nsamples per process= 50
	sample time= 0.3834853172302246
	self.n= 0.5240394298595814
	RGN updated loss=-14.003479242400605,dloss=-4.5777085055931366e-07
step= 205

nparam= 1004
	dense amplitude time= 0.02628946304321289
	total non-zero amplitudes= 4900
	nsamples per process= 50
	sample time= 1.6216857433319092
	self.n= 0.5240394298595811
	collect g,h time= 2.926088571548462
E=-14.003479242400607,dE=-4.577708523356705e-07,std=0
L=-14.003479242400607,dL=-4.577708523356705e-07,std=0
	gnorm= 5.022635888441973e-05
	symmetric= True
	solver time=0.004433393478393555,exit status=0
	SR solver time= 0.004469394683837891
	symmetric= False
	niter= 38
	niter= 372
	solver time=0.07097840309143066,exit status=0
	RGN solver time= 0.07101774215698242
	xnorm=4.952131016383496,dnorm=0.014712513819013392
	dense amplitude time= 0.014252424240112305
	total non-zero amplitudes= 4900
	nsamples per process= 50
	sample time= 0.3834514617919922
	self.n= 0.5232827486741806
	RGN updated loss=-14.003479707101226,dloss=-4.647006193181369e-07
step= 206

nparam= 1004
	dense amplitude time= 0.016736507415771484
	total non-zero amplitudes= 4900
	nsamples per process= 50
	sample time= 1.632021427154541
	self.n= 0.5232827486741802
	collect g,h time= 2.8875792026519775
E=-14.003479707101226,dE=-4.647006193181369e-07,std=0
L=-14.003479707101226,dL=-4.647006193181369e-07,std=0
	gnorm= 6.56541415598891e-05
	symmetric= True
	solver time=0.0045413970947265625,exit status=0
	SR solver time= 0.004580497741699219
	symmetric= False
	niter= 40
	niter= 366
	solver time=0.06940555572509766,exit status=0
	RGN solver time= 0.06944680213928223
	xnorm=4.955649156952404,dnorm=0.014596970923186244
	dense amplitude time= 0.014149904251098633
	total non-zero amplitudes= 4900
	nsamples per process= 50
	sample time= 0.3825721740722656
	self.n= 0.5225402622662455
	RGN updated loss=-14.003480147562362,dloss=-4.404611360087074e-07
step= 207

nparam= 1004
	dense amplitude time= 0.029781103134155273
	total non-zero amplitudes= 4900
	nsamples per process= 50
	sample time= 1.6518113613128662
	self.n= 0.5225402622662453
	collect g,h time= 2.893216371536255
E=-14.00348014756236,dE=-4.4046113423235056e-07,std=0
L=-14.00348014756236,dL=-4.4046113423235056e-07,std=0
	gnorm= 5.812027902962637e-05
	symmetric= True
	solver time=0.0045623779296875,exit status=0
	SR solver time= 0.004603385925292969
	symmetric= False
	niter= 40
	niter= 371
	solver time=0.07236266136169434,exit status=0
	RGN solver time= 0.07239937782287598
	xnorm=4.95916578588679,dnorm=0.014514362765715966
	dense amplitude time= 0.014121294021606445
	total non-zero amplitudes= 4900
	nsamples per process= 50
	sample time= 0.37955713272094727
	self.n= 0.521804790247886
	RGN updated loss=-14.003480602501654,dloss=-4.549392933483887e-07
step= 208

nparam= 1004
	dense amplitude time= 0.01644158363342285
	total non-zero amplitudes= 4900
	nsamples per process= 50
	sample time= 1.6673543453216553
	self.n= 0.5218047902478854
	collect g,h time= 2.890979766845703
E=-14.003480602501652,dE=-4.5493929157203183e-07,std=0
L=-14.003480602501652,dL=-4.5493929157203183e-07,std=0
	gnorm= 6.460741709931991e-05
	symmetric= True
	solver time=0.004712581634521484,exit status=0
	SR solver time= 0.004780292510986328
	symmetric= False
	niter= 40
	niter= 364
	solver time=0.07108449935913086,exit status=0
	RGN solver time= 0.07112503051757812
	xnorm=4.962686778747962,dnorm=0.014390924355625065
	dense amplitude time= 0.014169931411743164
	total non-zero amplitudes= 4900
	nsamples per process= 50
	sample time= 0.3810439109802246
	self.n= 0.521070940369321
	RGN updated loss=-14.00348103062981,dloss=-4.281281587026342e-07
step= 209

nparam= 1004
	dense amplitude time= 0.02422189712524414
	total non-zero amplitudes= 4900
	nsamples per process= 50
	sample time= 1.6494007110595703
	self.n= 0.5210709403693203
	collect g,h time= 2.8862600326538086
E=-14.003481030629816,dE=-4.2812816403170473e-07,std=0
L=-14.003481030629816,dL=-4.2812816403170473e-07,std=0
	gnorm= 5.893850104710436e-05
	symmetric= True
	solver time=0.004791259765625,exit status=0
	SR solver time= 0.004827976226806641
	symmetric= False
	niter= 41
	niter= 369
	solver time=0.07151293754577637,exit status=0
	RGN solver time= 0.07155513763427734
	xnorm=4.9661903844510995,dnorm=0.014324331216344076
	dense amplitude time= 0.014005661010742188
	total non-zero amplitudes= 4900
	nsamples per process= 50
	sample time= 0.3782308101654053
	self.n= 0.5203502386756229
	RGN updated loss=-14.003481473858555,dloss=-4.4322873904434346e-07
step= 210

nparam= 1004
	dense amplitude time= 0.016680240631103516
	total non-zero amplitudes= 4900
	nsamples per process= 50
	sample time= 1.643878698348999
	self.n= 0.5203502386756224
	collect g,h time= 2.8802525997161865
E=-14.003481473858555,dE=-4.4322873904434346e-07,std=0
L=-14.003481473858555,dL=-4.4322873904434346e-07,std=0
	gnorm= 2.346696144424797e-05
	symmetric= True
	solver time=0.0035562515258789062,exit status=0
	SR solver time= 0.003595113754272461
	symmetric= False
	niter= 31
	niter= 403
	solver time=0.07785201072692871,exit status=0
	RGN solver time= 0.07789397239685059
	xnorm=4.969696274221583,dnorm=0.014218650473933198
	dense amplitude time= 0.01404881477355957
	total non-zero amplitudes= 4900
	nsamples per process= 50
	sample time= 0.38532567024230957
	self.n= 0.519624596632853
	RGN updated loss=-14.003481901525397,dloss=-4.2766684238415564e-07
step= 211

nparam= 1004
	dense amplitude time= 0.03530430793762207
	total non-zero amplitudes= 4900
	nsamples per process= 50
	sample time= 1.6334078311920166
	self.n= 0.5196245966328523
	collect g,h time= 2.8801932334899902
E=-14.003481901525399,dE=-4.276668441605125e-07,std=0
L=-14.003481901525399,dL=-4.276668441605125e-07,std=0
	gnorm= 2.495932777915132e-05
	symmetric= True
	solver time=0.00372314453125,exit status=0
	SR solver time= 0.003756999969482422
	symmetric= False
	niter= 33
	niter= 404
	solver time=0.0756371021270752,exit status=0
	RGN solver time= 0.07567262649536133
	xnorm=4.973182308653272,dnorm=0.014124395432673086
	dense amplitude time= 0.014183282852172852
	total non-zero amplitudes= 4900
	nsamples per process= 50
	sample time= 0.3767261505126953
	self.n= 0.5189126374462952
	RGN updated loss=-14.00348232345139,dloss=-4.2192599103429984e-07
step= 212

nparam= 1004
	dense amplitude time= 0.014753341674804688
	total non-zero amplitudes= 4900
	nsamples per process= 50
	sample time= 1.6363601684570312
	self.n= 0.5189126374462949
	collect g,h time= 2.8787713050842285
E=-14.00348232345139,dE=-4.2192599103429984e-07,std=0
L=-14.00348232345139,dL=-4.2192599103429984e-07,std=0
	gnorm= 2.276405211656564e-05
	symmetric= True
	solver time=0.003571748733520508,exit status=0
	SR solver time= 0.003609895706176758
	symmetric= False
	niter= 30
	niter= 405
	solver time=0.08141064643859863,exit status=0
	RGN solver time= 0.08144593238830566
	xnorm=4.976663393064884,dnorm=0.014025266887528375
	dense amplitude time= 0.014265060424804688
	total non-zero amplitudes= 4900
	nsamples per process= 50
	sample time= 0.3851931095123291
	self.n= 0.5182121985833485
	RGN updated loss=-14.00348273909836,dloss=-4.156469692873088e-07
step= 213

nparam= 1004
	dense amplitude time= 0.016351699829101562
	total non-zero amplitudes= 4900
	nsamples per process= 50
	sample time= 1.6452291011810303
	self.n= 0.5182121985833485
	collect g,h time= 2.88012957572937
E=-14.003482739098363,dE=-4.156469728400225e-07,std=0
L=-14.003482739098363,dL=-4.156469728400225e-07,std=0
	gnorm= 2.251529267347614e-05
	symmetric= True
	solver time=0.0033752918243408203,exit status=0
	SR solver time= 0.0034132003784179688
	symmetric= False
	niter= 30
	niter= 404
	solver time=0.07550644874572754,exit status=0
	RGN solver time= 0.07554817199707031
	xnorm=4.98013871132441,dnorm=0.013925607320315782
	dense amplitude time= 0.014187097549438477
	total non-zero amplitudes= 4900
	nsamples per process= 50
	sample time= 0.3767085075378418
	self.n= 0.5175222848118655
	RGN updated loss=-14.003483148245428,dloss=-4.0914706467276574e-07
step= 214

nparam= 1004
	dense amplitude time= 0.01590895652770996
	total non-zero amplitudes= 4900
	nsamples per process= 50
	sample time= 1.6187806129455566
	self.n= 0.5175222848118654
	collect g,h time= 2.8814127445220947
E=-14.003483148245426,dE=-4.091470628964089e-07,std=0
L=-14.003483148245426,dL=-4.091470628964089e-07,std=0
	gnorm= 2.3188159996224852e-05
	symmetric= True
	solver time=0.003719806671142578,exit status=0
	SR solver time= 0.0037581920623779297
	symmetric= False
	niter= 32
	niter= 405
	solver time=0.07697296142578125,exit status=0
	RGN solver time= 0.07702112197875977
	xnorm=4.983607783041235,dnorm=0.01382258219350014
	dense amplitude time= 0.014147758483886719
	total non-zero amplitudes= 4900
	nsamples per process= 50
	sample time= 0.38004207611083984
	self.n= 0.5168423151266196
	RGN updated loss=-14.003483552659963,dloss=-4.0441453741379974e-07
step= 215

nparam= 1004
	dense amplitude time= 0.013980388641357422
	total non-zero amplitudes= 4900
	nsamples per process= 50
	sample time= 1.6206226348876953
	self.n= 0.516842315126619
	collect g,h time= 2.88350248336792
E=-14.003483552659961,dE=-4.044145356374429e-07,std=0
L=-14.003483552659961,dL=-4.044145356374429e-07,std=0
	gnorm= 2.5386787551283117e-05
	symmetric= True
	solver time=0.0037271976470947266,exit status=0
	SR solver time= 0.0037648677825927734
	symmetric= False
	niter= 33
	niter= 403
	solver time=0.07586050033569336,exit status=0
	RGN solver time= 0.07589507102966309
	xnorm=4.987068775860158,dnorm=0.013735364874065141
	dense amplitude time= 0.014170646667480469
	total non-zero amplitudes= 4900
	nsamples per process= 50
	sample time= 0.3748817443847656
	self.n= 0.5161620371674643
	RGN updated loss=-14.003483950364007,dloss=-3.9770404569594575e-07
step= 216

nparam= 1004
	dense amplitude time= 0.016676664352416992
	total non-zero amplitudes= 4900
	nsamples per process= 50
	sample time= 1.6385891437530518
	self.n= 0.516162037167464
	collect g,h time= 2.8849096298217773
E=-14.003483950364009,dE=-3.977040474723026e-07,std=0
L=-14.003483950364009,dL=-3.977040474723026e-07,std=0
	gnorm= 2.2705978462067954e-05
	symmetric= True
	solver time=0.003807544708251953,exit status=0
	SR solver time= 0.0038754940032958984
	symmetric= False
	niter= 32
	niter= 405
	solver time=0.07815980911254883,exit status=0
	RGN solver time= 0.0782017707824707
	xnorm=4.990521369125969,dnorm=0.01363449169262745
	dense amplitude time= 0.0141143798828125
	total non-zero amplitudes= 4900
	nsamples per process= 50
	sample time= 0.3852047920227051
	self.n= 0.5154982299419861
	RGN updated loss=-14.003484342342613,dloss=-3.9197860424167175e-07
step= 217

nparam= 1004
	dense amplitude time= 0.022524595260620117
	total non-zero amplitudes= 4900
	nsamples per process= 50
	sample time= 1.6347990036010742
	self.n= 0.5154982299419855
	collect g,h time= 2.8809895515441895
E=-14.00348434234261,dE=-3.9197860068895807e-07,std=0
L=-14.00348434234261,dL=-3.9197860068895807e-07,std=0
	gnorm= 2.1601634276126286e-05
	symmetric= True
	solver time=0.0034401416778564453,exit status=0
	SR solver time= 0.00347900390625
	symmetric= False
	niter= 30
	niter= 405
	solver time=0.07665061950683594,exit status=0
	RGN solver time= 0.07668519020080566
	xnorm=4.993962960228621,dnorm=0.013534765724954734
	dense amplitude time= 0.014322280883789062
	total non-zero amplitudes= 4900
	nsamples per process= 50
	sample time= 0.3788149356842041
	self.n= 0.5148464175397642
	RGN updated loss=-14.003484728131411,dloss=-3.8578880179329644e-07
step= 218

nparam= 1004
	dense amplitude time= 0.02484726905822754
	total non-zero amplitudes= 4900
	nsamples per process= 50
	sample time= 1.629096508026123
	self.n= 0.5148464175397643
	collect g,h time= 2.8748321533203125
E=-14.00348472813141,dE=-3.857888000169396e-07,std=0
L=-14.00348472813141,dL=-3.857888000169396e-07,std=0
	gnorm= 2.1323014869770544e-05
	symmetric= True
	solver time=0.003374814987182617,exit status=0
	SR solver time= 0.003414630889892578
	symmetric= False
	niter= 30
	niter= 405
	solver time=0.0765523910522461,exit status=0
	RGN solver time= 0.07658958435058594
	xnorm=4.997398617743091,dnorm=0.013436600092060913
	dense amplitude time= 0.01414799690246582
	total non-zero amplitudes= 4900
	nsamples per process= 50
	sample time= 0.3856053352355957
	self.n= 0.5142054317166624
	RGN updated loss=-14.003485108240595,dloss=-3.8010918501640845e-07
step= 219

nparam= 1004
	dense amplitude time= 0.017426729202270508
	total non-zero amplitudes= 4900
	nsamples per process= 50
	sample time= 1.6395151615142822
	self.n= 0.5142054317166623
	collect g,h time= 2.8756160736083984
E=-14.003485108240593,dE=-3.801091832400516e-07,std=0
L=-14.003485108240593,dL=-3.801091832400516e-07,std=0
	gnorm= 2.1102715693607848e-05
	symmetric= True
	solver time=0.003505229949951172,exit status=0
	SR solver time= 0.0035414695739746094
	symmetric= False
	niter= 30
	niter= 404
	solver time=0.08021402359008789,exit status=0
	RGN solver time= 0.08025288581848145
	xnorm=5.000830571366628,dnorm=0.013339655564943088
	dense amplitude time= 0.014242410659790039
	total non-zero amplitudes= 4900
	nsamples per process= 50
	sample time= 0.3813469409942627
	self.n= 0.5135745928617774
	RGN updated loss=-14.003485482679208,dloss=-3.744386152249035e-07
step= 220

nparam= 1004
	dense amplitude time= 0.017705202102661133
	total non-zero amplitudes= 4900
	nsamples per process= 50
	sample time= 1.6307740211486816
	self.n= 0.5135745928617772
	collect g,h time= 2.8790299892425537
E=-14.003485482679206,dE=-3.744386134485467e-07,std=0
L=-14.003485482679206,dL=-3.744386134485467e-07,std=0
	gnorm= 2.087750312186098e-05
	symmetric= True
	solver time=0.0036468505859375,exit status=0
	SR solver time= 0.0036864280700683594
	symmetric= False
	niter= 30
	niter= 404
	solver time=0.0756833553314209,exit status=0
	RGN solver time= 0.07571983337402344
	xnorm=5.004258375456926,dnorm=0.013243664692115752
	dense amplitude time= 0.01613140106201172
	total non-zero amplitudes= 4900
	nsamples per process= 50
	sample time= 0.383852481842041
	self.n= 0.5129535600384159
	RGN updated loss=-14.003485851543267,dloss=-3.6886406107328185e-07
step= 221

nparam= 1004
	dense amplitude time= 0.0527493953704834
	total non-zero amplitudes= 4900
	nsamples per process= 50
	sample time= 1.628610610961914
	self.n= 0.5129535600384154
	collect g,h time= 2.8882577419281006
E=-14.003485851543266,dE=-3.68864059296925e-07,std=0
L=-14.003485851543266,dL=-3.68864059296925e-07,std=0
	gnorm= 2.0656033830858928e-05
	symmetric= True
	solver time=0.0033004283905029297,exit status=0
	SR solver time= 0.0033376216888427734
	symmetric= False
	niter= 30
	niter= 405
	solver time=0.07907915115356445,exit status=0
	RGN solver time= 0.07912063598632812
	xnorm=5.00768199144195,dnorm=0.013148704195090536
	dense amplitude time= 0.016037940979003906
	total non-zero amplitudes= 4900
	nsamples per process= 50
	sample time= 0.379749059677124
	self.n= 0.5123421504096849
	RGN updated loss=-14.003486214946616,dloss=-3.6340335007878366e-07
step= 222

nparam= 1004
	dense amplitude time= 0.025571107864379883
	total non-zero amplitudes= 4900
	nsamples per process= 50
	sample time= 1.6328518390655518
	self.n= 0.5123421504096848
	collect g,h time= 2.874619483947754
E=-14.003486214946616,dE=-3.6340335007878366e-07,std=0
L=-14.003486214946616,dL=-3.6340335007878366e-07,std=0
	gnorm= 2.0434185358115756e-05
	symmetric= True
	solver time=0.0033500194549560547,exit status=0
	SR solver time= 0.0033855438232421875
	symmetric= False
	niter= 30
	niter= 405
	solver time=0.07630014419555664,exit status=0
	RGN solver time= 0.07633662223815918
	xnorm=5.0111016545392335,dnorm=0.01305429285788702
	dense amplitude time= 0.014261484146118164
	total non-zero amplitudes= 4900
	nsamples per process= 50
	sample time= 0.38329577445983887
	self.n= 0.5117401703488997
	RGN updated loss=-14.003486572978687,dloss=-3.580320715457219e-07
step= 223

nparam= 1004
	dense amplitude time= 0.022145748138427734
	total non-zero amplitudes= 4900
	nsamples per process= 50
	sample time= 1.6192302703857422
	self.n= 0.5117401703489
	collect g,h time= 2.887458086013794
E=-14.003486572978687,dE=-3.580320715457219e-07,std=0
L=-14.003486572978687,dL=-3.580320715457219e-07,std=0
	gnorm= 2.0215764077611354e-05
	symmetric= True
	solver time=0.0034265518188476562,exit status=0
	SR solver time= 0.003461122512817383
	symmetric= False
	niter= 30
	niter= 405
	solver time=0.07807469367980957,exit status=0
	RGN solver time= 0.07811260223388672
	xnorm=5.014517501018829,dnorm=0.012960902019146504
	dense amplitude time= 0.014367103576660156
	total non-zero amplitudes= 4900
	nsamples per process= 50
	sample time= 0.387984037399292
	self.n= 0.5111474787294625
	RGN updated loss=-14.003486925724076,dloss=-3.5274538845442294e-07
step= 224

nparam= 1004
	dense amplitude time= 0.02505207061767578
	total non-zero amplitudes= 4900
	nsamples per process= 50
	sample time= 1.6485073566436768
	self.n= 0.5111474787294615
	collect g,h time= 2.8815715312957764
E=-14.00348692572408,dE=-3.527453920071366e-07,std=0
L=-14.00348692572408,dL=-3.527453920071366e-07,std=0
	gnorm= 2.0004795479123365e-05
	symmetric= True
	solver time=0.0035796165466308594,exit status=0
	SR solver time= 0.003643035888671875
	symmetric= False
	niter= 30
	niter= 405
	solver time=0.07632589340209961,exit status=0
	RGN solver time= 0.07636499404907227
	xnorm=5.01792958407273,dnorm=0.0128688594322444
	dense amplitude time= 0.014155864715576172
	total non-zero amplitudes= 4900
	nsamples per process= 50
	sample time= 0.376934289932251
	self.n= 0.5105638838588625
	RGN updated loss=-14.003487273290602,dloss=-3.475665231178482e-07
step= 225

nparam= 1004
	dense amplitude time= 0.016129255294799805
	total non-zero amplitudes= 4900
	nsamples per process= 50
	sample time= 1.622065782546997
	self.n= 0.5105638838588625
	collect g,h time= 2.8734326362609863
E=-14.003487273290602,dE=-3.475665231178482e-07,std=0
L=-14.003487273290602,dL=-3.475665231178482e-07,std=0
	gnorm= 1.9795450810195685e-05
	symmetric= True
	solver time=0.0035600662231445312,exit status=0
	SR solver time= 0.0036003589630126953
	symmetric= False
	niter= 30
	niter= 405
	solver time=0.07718706130981445,exit status=0
	RGN solver time= 0.07722306251525879
	xnorm=5.02133788674324,dnorm=0.012778094485486986
	dense amplitude time= 0.014235496520996094
	total non-zero amplitudes= 4900
	nsamples per process= 50
	sample time= 0.3883378505706787
	self.n= 0.5099892278829745
	RGN updated loss=-14.003487616458992,dloss=-3.4316838970482877e-07
step= 226

nparam= 1004
	dense amplitude time= 0.017819881439208984
	total non-zero amplitudes= 4900
	nsamples per process= 50
	sample time= 1.6315600872039795
	self.n= 0.509989227882974
	collect g,h time= 2.8794808387756348
E=-14.003487616458992,dE=-3.4316838970482877e-07,std=0
L=-14.003487616458992,dL=-3.4316838970482877e-07,std=0
	gnorm= 2.9762697691020867e-05
	symmetric= True
	solver time=0.003926277160644531,exit status=0
	SR solver time= 0.003962993621826172
	symmetric= False
	niter= 35
	niter= 380
	solver time=0.07796883583068848,exit status=0
	RGN solver time= 0.07800436019897461
	xnorm=5.024742826733085,dnorm=0.012682768555338439
	dense amplitude time= 0.01648426055908203
	total non-zero amplitudes= 4900
	nsamples per process= 50
	sample time= 0.37937474250793457
	self.n= 0.5094194038103613
	RGN updated loss=-14.003487951990877,dloss=-3.355318849429523e-07
step= 227

nparam= 1004
	dense amplitude time= 0.02689981460571289
	total non-zero amplitudes= 4900
	nsamples per process= 50
	sample time= 1.6921961307525635
	self.n= 0.5094194038103611
	collect g,h time= 2.926051378250122
E=-14.003487951990877,dE=-3.355318849429523e-07,std=0
L=-14.003487951990877,dL=-3.355318849429523e-07,std=0
	gnorm= 2.6652878027830152e-05
	symmetric= True
	solver time=0.003819704055786133,exit status=0
	SR solver time= 0.003857135772705078
	symmetric= False
	niter= 35
	niter= 399
	solver time=0.0746924877166748,exit status=0
	RGN solver time= 0.07472562789916992
	xnorm=5.028146670224856,dnorm=0.01260644089200045
	dense amplitude time= 0.014154672622680664
	total non-zero amplitudes= 4900
	nsamples per process= 50
	sample time= 0.37386178970336914
	self.n= 0.5088687213975975
	RGN updated loss=-14.003488286644707,dloss=-3.346538299808799e-07
step= 228

nparam= 1004
	dense amplitude time= 0.025893211364746094
	total non-zero amplitudes= 4900
	nsamples per process= 50
	sample time= 1.6191809177398682
	self.n= 0.5088687213975975
	collect g,h time= 2.8737237453460693
E=-14.003488286644703,dE=-3.346538264281662e-07,std=0
L=-14.003488286644703,dL=-3.346538264281662e-07,std=0
	gnorm= 2.905581972588383e-05
	symmetric= True
	solver time=0.0038983821868896484,exit status=0
	SR solver time= 0.003936052322387695
	symmetric= False
	niter= 35
	niter= 380
	solver time=0.07916927337646484,exit status=0
	RGN solver time= 0.07920575141906738
	xnorm=5.031542890230608,dnorm=0.012506714961385036
	dense amplitude time= 0.014156103134155273
	total non-zero amplitudes= 4900
	nsamples per process= 50
	sample time= 0.37632179260253906
	self.n= 0.5083159871541333
	RGN updated loss=-14.003488612647072,dloss=-3.260023682116753e-07
step= 229

nparam= 1004
	dense amplitude time= 0.016643285751342773
	total non-zero amplitudes= 4900
	nsamples per process= 50
	sample time= 1.6491124629974365
	self.n= 0.5083159871541334
	collect g,h time= 2.8815438747406006
E=-14.00348861264707,dE=-3.2600236643531844e-07,std=0
L=-14.00348861264707,dL=-3.2600236643531844e-07,std=0
	gnorm= 2.6535672970081207e-05
	symmetric= True
	solver time=0.003979682922363281,exit status=0
	SR solver time= 0.004016399383544922
	symmetric= False
	niter= 35
	niter= 398
	solver time=0.07549500465393066,exit status=0
	RGN solver time= 0.07553362846374512
	xnorm=5.034941183221823,dnorm=0.012435721160274643
	dense amplitude time= 0.014194488525390625
	total non-zero amplitudes= 4900
	nsamples per process= 50
	sample time= 0.3814828395843506
	self.n= 0.507781859432012
	RGN updated loss=-14.003488937893911,dloss=-3.252468410153142e-07
step= 230

nparam= 1004
	dense amplitude time= 0.01805400848388672
	total non-zero amplitudes= 4900
	nsamples per process= 50
	sample time= 1.6320350170135498
	self.n= 0.5077818594320117
	collect g,h time= 2.906815767288208
E=-14.003488937893913,dE=-3.2524684279167104e-07,std=0
L=-14.003488937893913,dL=-3.2524684279167104e-07,std=0
	gnorm= 2.891488090241619e-05
	symmetric= True
	niter= 36
	solver time=0.004120826721191406,exit status=0
	SR solver time= 0.004159450531005859
	symmetric= False
	niter= 382
	solver time=0.0738070011138916,exit status=0
	RGN solver time= 0.07384395599365234
	xnorm=5.038332210593274,dnorm=0.012337869665498847
	dense amplitude time= 0.014180660247802734
	total non-zero amplitudes= 4900
	nsamples per process= 50
	sample time= 0.3887360095977783
	self.n= 0.5072453437812292
	RGN updated loss=-14.003489255073388,dloss=-3.1717947557297066e-07
step= 231

nparam= 1004
	dense amplitude time= 0.07516026496887207
	total non-zero amplitudes= 4900
	nsamples per process= 50
	sample time= 1.6237013339996338
	self.n= 0.5072453437812291
	collect g,h time= 2.8881146907806396
E=-14.00348925507339,dE=-3.171794773493275e-07,std=0
L=-14.00348925507339,dL=-3.171794773493275e-07,std=0
	gnorm= 2.6459113932664662e-05
	symmetric= True
	solver time=0.003990888595581055,exit status=0
	SR solver time= 0.004025936126708984
	symmetric= False
	niter= 35
	niter= 397
	solver time=0.07493734359741211,exit status=0
	RGN solver time= 0.07497501373291016
	xnorm=5.041725339252183,dnorm=0.012270646957666555
	dense amplitude time= 0.014246940612792969
	total non-zero amplitudes= 4900
	nsamples per process= 50
	sample time= 0.37378525733947754
	self.n= 0.5067272413023066
	RGN updated loss=-14.00348957131638,dloss=-3.1624298912902304e-07
step= 232

nparam= 1004
	dense amplitude time= 0.018904447555541992
	total non-zero amplitudes= 4900
	nsamples per process= 50
	sample time= 1.6160812377929688
	self.n= 0.5067272413023061
	collect g,h time= 2.880288600921631
E=-14.003489571316383,dE=-3.162429926817367e-07,std=0
L=-14.003489571316383,dL=-3.162429926817367e-07,std=0
	gnorm= 2.881344129215223e-05
	symmetric= True
	solver time=0.004294633865356445,exit status=0
	SR solver time= 0.004363536834716797
	symmetric= False
	niter= 36
	niter= 384
	solver time=0.07406830787658691,exit status=0
	RGN solver time= 0.07410287857055664
	xnorm=5.045111587318465,dnorm=0.012175214905498074
	dense amplitude time= 0.014431238174438477
	total non-zero amplitudes= 4900
	nsamples per process= 50
	sample time= 0.3841824531555176
	self.n= 0.5062063389086007
	RGN updated loss=-14.003489880160828,dloss=-3.088444451293526e-07
step= 233

nparam= 1004
	dense amplitude time= 0.0159604549407959
	total non-zero amplitudes= 4900
	nsamples per process= 50
	sample time= 1.6250338554382324
	self.n= 0.5062063389086001
	collect g,h time= 2.879378318786621
E=-14.003489880160828,dE=-3.088444451293526e-07,std=0
L=-14.003489880160828,dL=-3.088444451293526e-07,std=0
	gnorm= 2.6409183546733955e-05
	symmetric= True
	solver time=0.004004478454589844,exit status=0
	SR solver time= 0.004041433334350586
	symmetric= False
	niter= 35
	niter= 397
	solver time=0.07627344131469727,exit status=0
	RGN solver time= 0.07630777359008789
	xnorm=5.048499927166613,dnorm=0.012111411518541844
	dense amplitude time= 0.014297962188720703
	total non-zero amplitudes= 4900
	nsamples per process= 50
	sample time= 0.391237735748291
	self.n= 0.5057035925015562
	RGN updated loss=-14.003490187944523,dloss=-3.077836954190616e-07
step= 234

nparam= 1004
	dense amplitude time= 0.017323732376098633
	total non-zero amplitudes= 4900
	nsamples per process= 50
	sample time= 1.6929550170898438
	self.n= 0.505703592501556
	collect g,h time= 2.898951530456543
E=-14.003490187944523,dE=-3.077836954190616e-07,std=0
L=-14.003490187944523,dL=-3.077836954190616e-07,std=0
	gnorm= 2.895820939972822e-05
	symmetric= True
	solver time=0.00404047966003418,exit status=0
	SR solver time= 0.004079580307006836
	symmetric= False
	niter= 36
	niter= 382
	solver time=0.07247471809387207,exit status=0
	RGN solver time= 0.0725095272064209
	xnorm=5.051881789951646,dnorm=0.012019424693896373
	dense amplitude time= 0.014212608337402344
	total non-zero amplitudes= 4900
	nsamples per process= 50
	sample time= 0.38230347633361816
	self.n= 0.50519780498112
	RGN updated loss=-14.003490488958606,dloss=-3.010140829928787e-07
step= 235

nparam= 1004
	dense amplitude time= 0.017021656036376953
	total non-zero amplitudes= 4900
	nsamples per process= 50
	sample time= 1.6309406757354736
	self.n= 0.5051978049811199
	collect g,h time= 2.881492853164673
E=-14.003490488958604,dE=-3.0101408121652184e-07,std=0
L=-14.003490488958604,dL=-3.0101408121652184e-07,std=0
	gnorm= 2.6369984498263902e-05
	symmetric= True
	solver time=0.003971099853515625,exit status=0
	SR solver time= 0.004008054733276367
	symmetric= False
	niter= 36
	niter= 396
	solver time=0.07462787628173828,exit status=0
	RGN solver time= 0.07466411590576172
	xnorm=5.0552649603853235,dnorm=0.011958871184148324
	dense amplitude time= 0.014191865921020508
	total non-zero amplitudes= 4900
	nsamples per process= 50
	sample time= 0.3822758197784424
	self.n= 0.5047097775705247
	RGN updated loss=-14.003490788507877,dloss=-2.9954927249775665e-07
step= 236

nparam= 1004
	dense amplitude time= 0.01888418197631836
	total non-zero amplitudes= 4900
	nsamples per process= 50
	sample time= 1.647601842880249
	self.n= 0.5047097775705248
	collect g,h time= 2.888702154159546
E=-14.003490788507879,dE=-2.995492742741135e-07,std=0
L=-14.003490788507879,dL=-2.995492742741135e-07,std=0
	gnorm= 2.8681514795162376e-05
	symmetric= True
	solver time=0.0040056705474853516,exit status=0
	SR solver time= 0.004042625427246094
	symmetric= False
	niter= 36
	niter= 377
	solver time=0.0715022087097168,exit status=0
	RGN solver time= 0.07153558731079102
	xnorm=5.058642228068526,dnorm=0.011868872503009891
	dense amplitude time= 0.014677047729492188
	total non-zero amplitudes= 4900
	nsamples per process= 50
	sample time= 0.3782508373260498
	self.n= 0.5042179885163258
	RGN updated loss=-14.003491082078522,dloss=-2.9357064335044925e-07
step= 237

nparam= 1004
	dense amplitude time= 0.02109551429748535
	total non-zero amplitudes= 4900
	nsamples per process= 50
	sample time= 1.6714038848876953
	self.n= 0.5042179885163247
	collect g,h time= 2.921194553375244
E=-14.003491082078526,dE=-2.935706469031629e-07,std=0
L=-14.003491082078526,dL=-2.935706469031629e-07,std=0
	gnorm= 2.6369404476173747e-05
	symmetric= True
	solver time=0.0040929317474365234,exit status=0
	SR solver time= 0.004128694534301758
	symmetric= False
	niter= 36
	niter= 397
	solver time=0.07616448402404785,exit status=0
	RGN solver time= 0.07620549201965332
	xnorm=5.062021703769773,dnorm=0.011811458216341802
	dense amplitude time= 0.014390945434570312
	total non-zero amplitudes= 4900
	nsamples per process= 50
	sample time= 0.38709235191345215
	self.n= 0.5037438246103306
	RGN updated loss=-14.003491374696365,dloss=-2.926178392925749e-07
step= 238

nparam= 1004
	dense amplitude time= 0.016108036041259766
	total non-zero amplitudes= 4900
	nsamples per process= 50
	sample time= 1.6272847652435303
	self.n= 0.5037438246103301
	collect g,h time= 2.881831169128418
E=-14.003491374696365,dE=-2.926178392925749e-07,std=0
L=-14.003491374696365,dL=-2.926178392925749e-07,std=0
	gnorm= 1.7501483441695077e-05
	symmetric= True
	solver time=0.0034279823303222656,exit status=0
	SR solver time= 0.0034651756286621094
	symmetric= False
	niter= 29
	niter= 405
	solver time=0.07577705383300781,exit status=0
	RGN solver time= 0.07581210136413574
	xnorm=5.065395517761804,dnorm=0.011735155784279434
	dense amplitude time= 0.014185667037963867
	total non-zero amplitudes= 4900
	nsamples per process= 50
	sample time= 0.3853127956390381
	self.n= 0.5032695354838943
	RGN updated loss=-14.00349166225708,dloss=-2.875607147956316e-07
step= 239

nparam= 1004
	dense amplitude time= 0.022356033325195312
	total non-zero amplitudes= 4900
	nsamples per process= 50
	sample time= 1.635512113571167
	self.n= 0.5032695354838943
	collect g,h time= 2.878230333328247
E=-14.003491662257083,dE=-2.875607183483453e-07,std=0
L=-14.003491662257083,dL=-2.875607183483453e-07,std=0
	gnorm= 1.757924979398271e-05
	symmetric= True
	solver time=0.0033724308013916016,exit status=0
	SR solver time= 0.003407716751098633
	symmetric= False
	niter= 30
	niter= 405
	solver time=0.07695531845092773,exit status=0
	RGN solver time= 0.07699751853942871
	xnorm=5.068770748427838,dnorm=0.011665407969403158
	dense amplitude time= 0.014119625091552734
	total non-zero amplitudes= 4900
	nsamples per process= 50
	sample time= 0.3796210289001465
	self.n= 0.5028016674249138
	RGN updated loss=-14.003491946971536,dloss=-2.8471445290279007e-07
step= 240

nparam= 1004
	dense amplitude time= 0.02503204345703125
	total non-zero amplitudes= 4900
	nsamples per process= 50
	sample time= 1.628861427307129
	self.n= 0.5028016674249136
	collect g,h time= 2.8979151248931885
E=-14.003491946971538,dE=-2.847144546791469e-07,std=0
L=-14.003491946971538,dL=-2.847144546791469e-07,std=0
	gnorm= 0.00013008878165498376
	symmetric= True
	solver time=0.005341053009033203,exit status=0
	SR solver time= 0.005407810211181641
	symmetric= False
	niter= 46
	niter= 332
	solver time=0.06417107582092285,exit status=0
	RGN solver time= 0.06420660018920898
	xnorm=5.072145356933537,dnorm=0.01159860212631613
	dense amplitude time= 0.014315605163574219
	total non-zero amplitudes= 4900
	nsamples per process= 50
	sample time= 0.38863110542297363
	self.n= 0.5023445306686714
	RGN updated loss=-14.003492205810618,dloss=-2.5883907994739275e-07
step= 241

nparam= 1004
	dense amplitude time= 0.04018115997314453
	total non-zero amplitudes= 4900
	nsamples per process= 50
	sample time= 1.6417515277862549
	self.n= 0.5023445306686711
	collect g,h time= 2.8879895210266113
E=-14.003492205810616,dE=-2.588390781710359e-07,std=0
L=-14.003492205810616,dL=-2.588390781710359e-07,std=0
	gnorm= 0.00010682479849581613
	symmetric= True
	solver time=0.004927158355712891,exit status=0
	SR solver time= 0.0049669742584228516
	symmetric= False
	niter= 45
	niter= 340
	solver time=0.06342577934265137,exit status=0
	RGN solver time= 0.06345939636230469
	xnorm=5.075585631243548,dnorm=0.011556484399011028
	dense amplitude time= 0.01429891586303711
	total non-zero amplitudes= 4900
	nsamples per process= 50
	sample time= 0.3748793601989746
	self.n= 0.5018645932494561
	RGN updated loss=-14.003492502628879,dloss=-2.9681826241301223e-07
step= 242

nparam= 1004
	dense amplitude time= 0.03139615058898926
	total non-zero amplitudes= 4900
	nsamples per process= 50
	sample time= 1.6133954524993896
	self.n= 0.5018645932494555
	collect g,h time= 2.9231348037719727
E=-14.00349250262888,dE=-2.968182641893691e-07,std=0
L=-14.00349250262888,dL=-2.968182641893691e-07,std=0
	gnorm= 0.0001267074653440652
	symmetric= True
	solver time=0.005187273025512695,exit status=0
	SR solver time= 0.0052242279052734375
	symmetric= False
	niter= 46
	niter= 329
	solver time=0.06372213363647461,exit status=0
	RGN solver time= 0.06375527381896973
	xnorm=5.078930036855676,dnorm=0.011437683433627286
	dense amplitude time= 0.01457834243774414
	total non-zero amplitudes= 4900
	nsamples per process= 50
	sample time= 0.394895076751709
	self.n= 0.5014185954355761
	RGN updated loss=-14.003492753759582,dloss=-2.511307020114373e-07
step= 243

nparam= 1004
	dense amplitude time= 0.02528238296508789
	total non-zero amplitudes= 4900
	nsamples per process= 50
	sample time= 1.6498451232910156
	self.n= 0.5014185954355758
	collect g,h time= 2.8804235458374023
E=-14.003492753759582,dE=-2.511307020114373e-07,std=0
L=-14.003492753759582,dL=-2.511307020114373e-07,std=0
	gnorm= 0.00010766409196935014
	symmetric= True
	solver time=0.0048716068267822266,exit status=0
	SR solver time= 0.004907131195068359
	symmetric= False
	niter= 45
	niter= 339
	solver time=0.0635824203491211,exit status=0
	RGN solver time= 0.06361532211303711
	xnorm=5.08235355125432,dnorm=0.011431828339220325
	dense amplitude time= 0.014272451400756836
	total non-zero amplitudes= 4900
	nsamples per process= 50
	sample time= 0.3906865119934082
	self.n= 0.5009516991593554
	RGN updated loss=-14.003493043141907,dloss=-2.893823243255156e-07
step= 244

nparam= 1004
	dense amplitude time= 0.016618728637695312
	total non-zero amplitudes= 4900
	nsamples per process= 50
	sample time= 1.6947190761566162
	self.n= 0.5009516991593551
	collect g,h time= 2.924541473388672
E=-14.003493043141905,dE=-2.8938232254915874e-07,std=0
L=-14.003493043141905,dL=-2.8938232254915874e-07,std=0
	gnorm= 0.00012821770974502972
	symmetric= True
	solver time=0.005059242248535156,exit status=0
	SR solver time= 0.005095005035400391
	symmetric= False
	niter= 46
	niter= 326
	solver time=0.06110739707946777,exit status=0
	RGN solver time= 0.06114768981933594
	xnorm=5.085683394721179,dnorm=0.011301790672769643
	dense amplitude time= 0.01431894302368164
	total non-zero amplitudes= 4900
	nsamples per process= 50
	sample time= 0.3791227340698242
	self.n= 0.5005195350150939
	RGN updated loss=-14.003493289404668,dloss=-2.462627630706038e-07
step= 245

nparam= 1004
	dense amplitude time= 0.026256561279296875
	total non-zero amplitudes= 4900
	nsamples per process= 50
	sample time= 1.626363754272461
	self.n= 0.5005195350150934
	collect g,h time= 2.873203992843628
E=-14.00349328940467,dE=-2.4626276484696064e-07,std=0
L=-14.00349328940467,dL=-2.4626276484696064e-07,std=0
	gnorm= 0.00010891641794722476
	symmetric= True
	solver time=0.005007743835449219,exit status=0
	SR solver time= 0.0050466060638427734
	symmetric= False
	niter= 45
	niter= 340
	solver time=0.06575584411621094,exit status=0
	RGN solver time= 0.06578731536865234
	xnorm=5.089096475606059,dnorm=0.011309113860587168
	dense amplitude time= 0.014301538467407227
	total non-zero amplitudes= 4900
	nsamples per process= 50
	sample time= 0.39033937454223633
	self.n= 0.5000658251278476
	RGN updated loss=-14.003493574529669,dloss=-2.8512499916644174e-07
step= 246

nparam= 1004
	dense amplitude time= 0.01705622673034668
	total non-zero amplitudes= 4900
	nsamples per process= 50
	sample time= 1.6504168510437012
	self.n= 0.5000658251278468
	collect g,h time= 2.892291307449341
E=-14.003493574529669,dE=-2.8512499916644174e-07,std=0
L=-14.003493574529669,dL=-2.8512499916644174e-07,std=0
	gnorm= 1.7086922690621603e-05
	symmetric= True
	solver time=0.0034520626068115234,exit status=0
	SR solver time= 0.0034923553466796875
	symmetric= False
	niter= 30
	niter= 405
	solver time=0.07688283920288086,exit status=0
	RGN solver time= 0.07692217826843262
	xnorm=5.092417516613829,dnorm=0.01121267510973791
	dense amplitude time= 0.014208793640136719
	total non-zero amplitudes= 4900
	nsamples per process= 50
	sample time= 0.3765685558319092
	self.n= 0.49964287135192503
	RGN updated loss=-14.003493836904095,dloss=-2.6237442618537443e-07
step= 247

nparam= 1004
	dense amplitude time= 0.013832569122314453
	total non-zero amplitudes= 4900
	nsamples per process= 50
	sample time= 1.6236474514007568
	self.n= 0.4996428713519254
	collect g,h time= 2.889871597290039
E=-14.003493836904095,dE=-2.6237442618537443e-07,std=0
L=-14.003493836904095,dL=-2.6237442618537443e-07,std=0
	gnorm= 1.6298223023449256e-05
	symmetric= True
	solver time=0.003490924835205078,exit status=0
	SR solver time= 0.003532886505126953
	symmetric= False
	niter= 30
	niter= 405
	solver time=0.07913875579833984,exit status=0
	RGN solver time= 0.07917404174804688
	xnorm=5.095755368188422,dnorm=0.011147783207428806
	dense amplitude time= 0.014063835144042969
	total non-zero amplitudes= 4900
	nsamples per process= 50
	sample time= 0.38721537590026855
	self.n= 0.4992274541769717
	RGN updated loss=-14.003494096069534,dloss=-2.591654393313547e-07
step= 248

nparam= 1004
	dense amplitude time= 0.017833948135375977
	total non-zero amplitudes= 4900
	nsamples per process= 50
	sample time= 1.6547882556915283
	self.n= 0.49922745417697156
	collect g,h time= 2.8916537761688232
E=-14.003494096069536,dE=-2.5916544110771156e-07,std=0
L=-14.003494096069536,dL=-2.5916544110771156e-07,std=0
	gnorm= 1.6141431827436e-05
	symmetric= True
	solver time=0.0036203861236572266,exit status=0
	SR solver time= 0.0036878585815429688
	symmetric= False
	niter= 29
	niter= 405
	solver time=0.07901453971862793,exit status=0
	RGN solver time= 0.07905149459838867
	xnorm=5.099098376882028,dnorm=0.011087778889588968
	dense amplitude time= 0.014207601547241211
	total non-zero amplitudes= 4900
	nsamples per process= 50
	sample time= 0.3764777183532715
	self.n= 0.49881714617621387
	RGN updated loss=-14.00349435238731,dloss=-2.5631777411661005e-07
step= 249

nparam= 1004
	dense amplitude time= 0.024137020111083984
	total non-zero amplitudes= 4900
	nsamples per process= 50
	sample time= 1.6380748748779297
	self.n= 0.49881714617621337
	collect g,h time= 2.8900017738342285
E=-14.00349435238731,dE=-2.5631777411661005e-07,std=0
L=-14.00349435238731,dL=-2.5631777411661005e-07,std=0
	gnorm= 1.6007202229172354e-05
	symmetric= True
	solver time=0.0033617019653320312,exit status=0
	SR solver time= 0.003397226333618164
	symmetric= False
	niter= 29
	niter= 405
	solver time=0.07613182067871094,exit status=0
	RGN solver time= 0.07617402076721191
	xnorm=5.102446349473076,dnorm=0.011029789136210588
	dense amplitude time= 0.014110088348388672
	total non-zero amplitudes= 4900
	nsamples per process= 50
	sample time= 0.3755836486816406
	self.n= 0.4984111193219064
	RGN updated loss=-14.003494606097323,dloss=-2.5371001299845375e-07
step= 250

nparam= 1004
	dense amplitude time= 0.018161773681640625
	total non-zero amplitudes= 4900
	nsamples per process= 50
	sample time= 1.6269559860229492
	self.n= 0.4984111193219057
	collect g,h time= 2.8841392993927
E=-14.003494606097323,dE=-2.5371001299845375e-07,std=0
L=-14.003494606097323,dL=-2.5371001299845375e-07,std=0
	gnorm= 1.5938386599211332e-05
	symmetric= True
	solver time=0.0035986900329589844,exit status=0
	SR solver time= 0.0036339759826660156
	symmetric= False
	niter= 29
	niter= 405
	solver time=0.08123254776000977,exit status=0
	RGN solver time= 0.08127284049987793
	xnorm=5.105797757057731,dnorm=0.010974391400021904
	dense amplitude time= 0.01429605484008789
	total non-zero amplitudes= 4900
	nsamples per process= 50
	sample time= 0.3940420150756836
	self.n= 0.49800790455887833
	RGN updated loss=-14.003494857104696,dloss=-2.510073731087914e-07
step= 251

nparam= 1004
	dense amplitude time= 0.03538084030151367
	total non-zero amplitudes= 4900
	nsamples per process= 50
	sample time= 1.6528637409210205
	self.n= 0.4980079045588775
	collect g,h time= 2.891059398651123
E=-14.003494857104696,dE=-2.510073731087914e-07,std=0
L=-14.003494857104696,dL=-2.510073731087914e-07,std=0
	gnorm= 1.5768231324705954e-05
	symmetric= True
	solver time=0.003206491470336914,exit status=0
	SR solver time= 0.00324249267578125
	symmetric= False
	niter= 29
	niter= 404
	solver time=0.07658052444458008,exit status=0
	RGN solver time= 0.07662367820739746
	xnorm=5.109151317329299,dnorm=0.010919032624887755
	dense amplitude time= 0.01427149772644043
	total non-zero amplitudes= 4900
	nsamples per process= 50
	sample time= 0.3764169216156006
	self.n= 0.4976089172868705
	RGN updated loss=-14.003495105534691,dloss=-2.484299947980162e-07
step= 252

nparam= 1004
	dense amplitude time= 0.015236139297485352
	total non-zero amplitudes= 4900
	nsamples per process= 50
	sample time= 1.6233234405517578
	self.n= 0.49760891728687057
	collect g,h time= 2.8926897048950195
E=-14.003495105534691,dE=-2.484299947980162e-07,std=0
L=-14.003495105534691,dL=-2.484299947980162e-07,std=0
	gnorm= 1.5650375572845052e-05
	symmetric= True
	solver time=0.0033636093139648438,exit status=0
	SR solver time= 0.0034003257751464844
	symmetric= False
	niter= 29
	niter= 404
	solver time=0.07535958290100098,exit status=0
	RGN solver time= 0.07539653778076172
	xnorm=5.112506063496005,dnorm=0.010864439194482507
	dense amplitude time= 0.014303207397460938
	total non-zero amplitudes= 4900
	nsamples per process= 50
	sample time= 0.3766975402832031
	self.n= 0.4972138114303706
	RGN updated loss=-14.003495351449393,dloss=-2.4591470193513487e-07
step= 253

nparam= 1004
	dense amplitude time= 0.017071247100830078
	total non-zero amplitudes= 4900
	nsamples per process= 50
	sample time= 1.6267244815826416
	self.n= 0.49721381143037
	collect g,h time= 2.8873443603515625
E=-14.003495351449393,dE=-2.4591470193513487e-07,std=0
L=-14.003495351449393,dL=-2.4591470193513487e-07,std=0
	gnorm= 1.5537169570574274e-05
	symmetric= True
	solver time=0.003274202346801758,exit status=0
	SR solver time= 0.003309965133666992
	symmetric= False
	niter= 29
	niter= 405
	solver time=0.07530403137207031,exit status=0
	RGN solver time= 0.07534408569335938
	xnorm=5.115861727464083,dnorm=0.010810867434797278
	dense amplitude time= 0.014319658279418945
	total non-zero amplitudes= 4900
	nsamples per process= 50
	sample time= 0.37578630447387695
	self.n= 0.49682243366183054
	RGN updated loss=-14.003495594976318,dloss=-2.435269248479699e-07
step= 254

nparam= 1004
	dense amplitude time= 0.015263557434082031
	total non-zero amplitudes= 4900
	nsamples per process= 50
	sample time= 1.623647928237915
	self.n= 0.49682243366183004
	collect g,h time= 2.877939224243164
E=-14.003495594976316,dE=-2.4352692307161306e-07,std=0
L=-14.003495594976316,dL=-2.4352692307161306e-07,std=0
	gnorm= 1.5486452280808542e-05
	symmetric= True
	solver time=0.003255605697631836,exit status=0
	SR solver time= 0.003293752670288086
	symmetric= False
	niter= 29
	niter= 405
	solver time=0.07644462585449219,exit status=0
	RGN solver time= 0.0764780044555664
	xnorm=5.119217945134712,dnorm=0.010759749717151424
	dense amplitude time= 0.014178991317749023
	total non-zero amplitudes= 4900
	nsamples per process= 50
	sample time= 0.3759799003601074
	self.n= 0.49643475049172436
	RGN updated loss=-14.003495836555954,dloss=-2.4157963807169835e-07
step= 255

nparam= 1004
	dense amplitude time= 0.01839590072631836
	total non-zero amplitudes= 4900
	nsamples per process= 50
	sample time= 1.6543655395507812
	self.n= 0.49643475049172403
	collect g,h time= 2.906719923019409
E=-14.003495836555956,dE=-2.415796398480552e-07,std=0
L=-14.003495836555956,dL=-2.415796398480552e-07,std=0
	gnorm= 2.0749281453923997e-05
	symmetric= True
	solver time=0.003991365432739258,exit status=0
	SR solver time= 0.004026174545288086
	symmetric= False
	niter= 35
	niter= 405
	solver time=0.0795755386352539,exit status=0
	RGN solver time= 0.07961916923522949
	xnorm=5.122574433501147,dnorm=0.01070801220850361
	dense amplitude time= 0.014194726943969727
	total non-zero amplitudes= 4900
	nsamples per process= 50
	sample time= 0.3803293704986572
	self.n= 0.4960498733971874
	RGN updated loss=-14.003496074051363,dloss=-2.374954064521262e-07
step= 256

nparam= 1004
	dense amplitude time= 0.017651081085205078
	total non-zero amplitudes= 4900
	nsamples per process= 50
	sample time= 1.6455750465393066
	self.n= 0.49604987339718687
	collect g,h time= 2.8766846656799316
E=-14.003496074051359,dE=-2.374954028994125e-07,std=0
L=-14.003496074051359,dL=-2.374954028994125e-07,std=0
	gnorm= 2.1899025884855865e-05
	symmetric= True
	solver time=0.004215717315673828,exit status=0
	SR solver time= 0.004281759262084961
	symmetric= False
	niter= 34
	niter= 405
	solver time=0.07817816734313965,exit status=0
	RGN solver time= 0.07821393013000488
	xnorm=5.125934843313083,dnorm=0.010659276599153156
	dense amplitude time= 0.014894247055053711
	total non-zero amplitudes= 4900
	nsamples per process= 50
	sample time= 0.374051570892334
	self.n= 0.4956698737957207
	RGN updated loss=-14.003496311653045,dloss=-2.376016858818275e-07
step= 257

nparam= 1004
	dense amplitude time= 0.018341779708862305
	total non-zero amplitudes= 4900
	nsamples per process= 50
	sample time= 1.643960952758789
	self.n= 0.49566987379572025
	collect g,h time= 2.880047082901001
E=-14.003496311653041,dE=-2.3760168232911383e-07,std=0
L=-14.003496311653041,dL=-2.3760168232911383e-07,std=0
	gnorm= 2.032296508693988e-05
	symmetric= True
	solver time=0.0037994384765625,exit status=0
	SR solver time= 0.003838062286376953
	symmetric= False
	niter= 34
	niter= 405
	solver time=0.07589554786682129,exit status=0
	RGN solver time= 0.07592964172363281
	xnorm=5.129291378377349,dnorm=0.010606703386929544
	dense amplitude time= 0.014295339584350586
	total non-zero amplitudes= 4900
	nsamples per process= 50
	sample time= 0.38297343254089355
	self.n= 0.49529128190358085
	RGN updated loss=-14.003496544665973,dloss=-2.3301293161637204e-07
step= 258

nparam= 1004
	dense amplitude time= 0.02518177032470703
	total non-zero amplitudes= 4900
	nsamples per process= 50
	sample time= 1.6246771812438965
	self.n= 0.49529128190357985
	collect g,h time= 2.880246877670288
E=-14.00349654466597,dE=-2.3301292806365836e-07,std=0
L=-14.00349654466597,dL=-2.3301292806365836e-07,std=0
	gnorm= 2.1784683215435127e-05
	symmetric= True
	solver time=0.003912210464477539,exit status=0
	SR solver time= 0.003948211669921875
	symmetric= False
	niter= 34
	niter= 405
	solver time=0.07648587226867676,exit status=0
	RGN solver time= 0.07651972770690918
	xnorm=5.132652023335894,dnorm=0.010561786112215374
	dense amplitude time= 0.01610875129699707
	total non-zero amplitudes= 4900
	nsamples per process= 50
	sample time= 0.3764331340789795
	self.n= 0.4949178686164908
	RGN updated loss=-14.003496777805717,dloss=-2.3313974750749367e-07
step= 259

nparam= 1004
	dense amplitude time= 0.027588844299316406
	total non-zero amplitudes= 4900
	nsamples per process= 50
	sample time= 1.6257908344268799
	self.n= 0.4949178686164908
	collect g,h time= 2.884542942047119
E=-14.003496777805717,dE=-2.3313974750749367e-07,std=0
L=-14.003496777805717,dL=-2.3313974750749367e-07,std=0
	gnorm= 2.0248765621165116e-05
	symmetric= True
	niter= 34
	solver time=0.0038280487060546875,exit status=0
	SR solver time= 0.003865957260131836
	symmetric= False
	niter= 405
	solver time=0.07622838020324707,exit status=0
	RGN solver time= 0.07626485824584961
	xnorm=5.136008646951562,dnorm=0.010510733090778223
	dense amplitude time= 0.01421499252319336
	total non-zero amplitudes= 4900
	nsamples per process= 50
	sample time= 0.37589168548583984
	self.n= 0.4945458908326872
	RGN updated loss=-14.003497006655648,dloss=-2.2884993100547035e-07
step= 260

nparam= 1004
	dense amplitude time= 0.023917198181152344
	total non-zero amplitudes= 4900
	nsamples per process= 50
	sample time= 1.6257402896881104
	self.n= 0.494545890832687
	collect g,h time= 2.885309934616089
E=-14.003497006655648,dE=-2.2884993100547035e-07,std=0
L=-14.003497006655648,dL=-2.2884993100547035e-07,std=0
	gnorm= 2.1687665565391704e-05
	symmetric= True
	solver time=0.003725767135620117,exit status=0
	SR solver time= 0.003760814666748047
	symmetric= False
	niter= 34
	niter= 405
	solver time=0.0749058723449707,exit status=0
	RGN solver time= 0.07494425773620605
	xnorm=5.1393693490590655,dnorm=0.010468002335964037
	dense amplitude time= 0.014242410659790039
	total non-zero amplitudes= 4900
	nsamples per process= 50
	sample time= 0.3842461109161377
	self.n= 0.49417880333775943
	RGN updated loss=-14.00349723551178,dloss=-2.288561322671967e-07
step= 261

nparam= 1004
	dense amplitude time= 0.03212404251098633
	total non-zero amplitudes= 4900
	nsamples per process= 50
	sample time= 1.6207060813903809
	self.n= 0.4941788033377592
	collect g,h time= 2.8708040714263916
E=-14.00349723551178,dE=-2.288561322671967e-07,std=0
L=-14.00349723551178,dL=-2.288561322671967e-07,std=0
	gnorm= 2.01920103301743e-05
	symmetric= True
	solver time=0.003905057907104492,exit status=0
	SR solver time= 0.00393986701965332
	symmetric= False
	niter= 34
	niter= 405
	solver time=0.07605743408203125,exit status=0
	RGN solver time= 0.0760955810546875
	xnorm=5.142725782084868,dnorm=0.01041870486076371
	dense amplitude time= 0.014261960983276367
	total non-zero amplitudes= 4900
	nsamples per process= 50
	sample time= 0.3750605583190918
	self.n= 0.4938130196380894
	RGN updated loss=-14.003497460417675,dloss=-2.2490589479673417e-07
step= 262

nparam= 1004
	dense amplitude time= 0.02552008628845215
	total non-zero amplitudes= 4900
	nsamples per process= 50
	sample time= 1.6374447345733643
	self.n= 0.4938130196380885
	collect g,h time= 2.905280828475952
E=-14.003497460417675,dE=-2.2490589479673417e-07,std=0
L=-14.003497460417675,dL=-2.2490589479673417e-07,std=0
	gnorm= 2.1600718405383386e-05
	symmetric= True
	solver time=0.003934144973754883,exit status=0
	SR solver time= 0.003970146179199219
	symmetric= False
	niter= 34
	niter= 405
	solver time=0.07859086990356445,exit status=0
	RGN solver time= 0.07863163948059082
	xnorm=5.1460863384866125,dnorm=0.010377945112378124
	dense amplitude time= 0.014318466186523438
	total non-zero amplitudes= 4900
	nsamples per process= 50
	sample time= 0.3867018222808838
	self.n= 0.49345179416401663
	RGN updated loss=-14.003497685186195,dloss=-2.2476852024055916e-07
step= 263

nparam= 1004
	dense amplitude time= 0.014170169830322266
	total non-zero amplitudes= 4900
	nsamples per process= 50
	sample time= 1.6182870864868164
	self.n= 0.4934517941640164
	collect g,h time= 2.8740270137786865
E=-14.003497685186193,dE=-2.2476851846420232e-07,std=0
L=-14.003497685186193,dL=-2.2476851846420232e-07,std=0
	gnorm= 2.0143206352856525e-05
	symmetric= True
	solver time=0.0038900375366210938,exit status=0
	SR solver time= 0.003926753997802734
	symmetric= False
	niter= 35
	niter= 405
	solver time=0.07630515098571777,exit status=0
	RGN solver time= 0.07634639739990234
	xnorm=5.14944256646786,dnorm=0.010330548499897358
	dense amplitude time= 0.01420736312866211
	total non-zero amplitudes= 4900
	nsamples per process= 50
	sample time= 0.38489198684692383
	self.n= 0.49309174465216665
	RGN updated loss=-14.003497906374147,dloss=-2.2118795328651686e-07
step= 264

nparam= 1004
	dense amplitude time= 0.017382383346557617
	total non-zero amplitudes= 4900
	nsamples per process= 50
	sample time= 1.6352989673614502
	self.n= 0.4930917446521664
	collect g,h time= 2.9293859004974365
E=-14.003497906374147,dE=-2.2118795328651686e-07,std=0
L=-14.003497906374147,dL=-2.2118795328651686e-07,std=0
	gnorm= 2.151918662516475e-05
	symmetric= True
	solver time=0.004225254058837891,exit status=0
	SR solver time= 0.004399538040161133
	symmetric= False
	niter= 34
	niter= 405
	solver time=0.07840204238891602,exit status=0
	RGN solver time= 0.07844400405883789
	xnorm=5.152802822387035,dnorm=0.010291740642174025
	dense amplitude time= 0.016354799270629883
	total non-zero amplitudes= 4900
	nsamples per process= 50
	sample time= 0.3880157470703125
	self.n= 0.49273591254409055
	RGN updated loss=-14.003498127257098,dloss=-2.20882951040835e-07
step= 265

nparam= 1004
	dense amplitude time= 0.02495741844177246
	total non-zero amplitudes= 4900
	nsamples per process= 50
	sample time= 1.6390681266784668
	self.n= 0.49273591254409066
	collect g,h time= 2.8671798706054688
E=-14.003498127257098,dE=-2.20882951040835e-07,std=0
L=-14.003498127257098,dL=-2.20882951040835e-07,std=0
	gnorm= 2.009994989677998e-05
	symmetric= True
	solver time=0.003912210464477539,exit status=0
	SR solver time= 0.00394892692565918
	symmetric= False
	niter= 35
	niter= 405
	solver time=0.07559037208557129,exit status=0
	RGN solver time= 0.07562828063964844
	xnorm=5.156158698846592,dnorm=0.010246383817324862
	dense amplitude time= 0.014052391052246094
	total non-zero amplitudes= 4900
	nsamples per process= 50
	sample time= 0.3793776035308838
	self.n= 0.4923811448558253
	RGN updated loss=-14.003498344886635,dloss=-2.1762953750226188e-07
step= 266

nparam= 1004
	dense amplitude time= 0.014470338821411133
	total non-zero amplitudes= 4900
	nsamples per process= 50
	sample time= 1.6589558124542236
	self.n= 0.49238114485582496
	collect g,h time= 2.8867948055267334
E=-14.003498344886632,dE=-2.176295339495482e-07,std=0
L=-14.003498344886632,dL=-2.176295339495482e-07,std=0
	gnorm= 2.1444054786365782e-05
	symmetric= True
	solver time=0.004205465316772461,exit status=0
	SR solver time= 0.00424647331237793
	symmetric= False
	niter= 35
	niter= 405
	solver time=0.0794975757598877,exit status=0
	RGN solver time= 0.07953953742980957
	xnorm=5.159518573172296,dnorm=0.010209241420578373
	dense amplitude time= 0.014245033264160156
	total non-zero amplitudes= 4900
	nsamples per process= 50
	sample time= 0.3826179504394531
	self.n= 0.49203030045684176
	RGN updated loss=-14.003498562074554,dloss=-2.171879227574891e-07
step= 267

nparam= 1004
	dense amplitude time= 0.014640569686889648
	total non-zero amplitudes= 4900
	nsamples per process= 50
	sample time= 1.648815631866455
	self.n= 0.4920303004568408
	collect g,h time= 2.8775722980499268
E=-14.003498562074553,dE=-2.1718792098113227e-07,std=0
L=-14.003498562074553,dL=-2.1718792098113227e-07,std=0
	gnorm= 2.0060276472816765e-05
	symmetric= True
	solver time=0.004137277603149414,exit status=0
	SR solver time= 0.004174947738647461
	symmetric= False
	niter= 35
	niter= 405
	solver time=0.07914447784423828,exit status=0
	RGN solver time= 0.07918977737426758
	xnorm=5.162874034892289,dnorm=0.010165925865415735
	dense amplitude time= 0.014175176620483398
	total non-zero amplitudes= 4900
	nsamples per process= 50
	sample time= 0.38518428802490234
	self.n= 0.49168041673451424
	RGN updated loss=-14.003498776832796,dloss=-2.1475824318883951e-07
step= 268

nparam= 1004
	dense amplitude time= 0.014066457748413086
	total non-zero amplitudes= 4900
	nsamples per process= 50
	sample time= 1.6529760360717773
	self.n= 0.4916804167345139
	collect g,h time= 2.883894681930542
E=-14.003498776832796,dE=-2.1475824318883951e-07,std=0
L=-14.003498776832796,dL=-2.1475824318883951e-07,std=0
	gnorm= 1.4086016782590273e-05
	symmetric= True
	solver time=0.0035779476165771484,exit status=0
	SR solver time= 0.003614187240600586
	symmetric= False
	niter= 29
	niter= 405
	solver time=0.07872891426086426,exit status=0
	RGN solver time= 0.07877159118652344
	xnorm=5.166233409828816,dnorm=0.010123730031627346
	dense amplitude time= 0.014116764068603516
	total non-zero amplitudes= 4900
	nsamples per process= 50
	sample time= 0.38260626792907715
	self.n= 0.49133367776109504
	RGN updated loss=-14.003498989864905,dloss=-2.1303210928635963e-07
step= 269

nparam= 1004
	dense amplitude time= 0.024259567260742188
	total non-zero amplitudes= 4900
	nsamples per process= 50
	sample time= 1.649223804473877
	self.n= 0.49133367776109466
	collect g,h time= 2.8822507858276367
E=-14.003498989864905,dE=-2.1303210928635963e-07,std=0
L=-14.003498989864905,dL=-2.1303210928635963e-07,std=0
	gnorm= 1.4032633099069994e-05
	symmetric= True
	solver time=0.003472566604614258,exit status=0
	SR solver time= 0.0035119056701660156
	symmetric= False
	niter= 29
	niter= 405
	solver time=0.07754397392272949,exit status=0
	RGN solver time= 0.07758474349975586
	xnorm=5.169591586478289,dnorm=0.010085442538202273
	dense amplitude time= 0.014079093933105469
	total non-zero amplitudes= 4900
	nsamples per process= 50
	sample time= 0.38029050827026367
	self.n= 0.4909885534241287
	RGN updated loss=-14.003499201200338,dloss=-2.1133543270934751e-07
step= 270

nparam= 1004
	dense amplitude time= 0.01653575897216797
	total non-zero amplitudes= 4900
	nsamples per process= 50
	sample time= 1.6290276050567627
	self.n= 0.4909885534241277
	collect g,h time= 2.8727152347564697
E=-14.003499201200334,dE=-2.1133542915663384e-07,std=0
L=-14.003499201200334,dL=-2.1133542915663384e-07,std=0
	gnorm= 1.4045616347085154e-05
	symmetric= True
	solver time=0.003432035446166992,exit status=0
	SR solver time= 0.003470182418823242
	symmetric= False
	niter= 30
	niter= 405
	solver time=0.0763404369354248,exit status=0
	RGN solver time= 0.07638359069824219
	xnorm=5.172949358677938,dnorm=0.010049959456500753
	dense amplitude time= 0.01421499252319336
	total non-zero amplitudes= 4900
	nsamples per process= 50
	sample time= 0.383331298828125
	self.n= 0.4906445857659627
	RGN updated loss=-14.003499411157255,dloss=-2.0995692118219722e-07
step= 271

nparam= 1004
	dense amplitude time= 0.046605587005615234
	total non-zero amplitudes= 4900
	nsamples per process= 50
	sample time= 1.669403314590454
	self.n= 0.4906445857659631
	collect g,h time= 2.9027390480041504
E=-14.003499411157252,dE=-2.0995691762948354e-07,std=0
L=-14.003499411157252,dL=-2.0995691762948354e-07,std=0
	gnorm= 1.3862769254472862e-05
	symmetric= True
	solver time=0.0033261775970458984,exit status=0
	SR solver time= 0.0033621788024902344
	symmetric= False
	niter= 29
	niter= 405
	solver time=0.0763394832611084,exit status=0
	RGN solver time= 0.07638049125671387
	xnorm=5.176307631956392,dnorm=0.01001416793975638
	dense amplitude time= 0.014337778091430664
	total non-zero amplitudes= 4900
	nsamples per process= 50
	sample time= 0.38025403022766113
	self.n= 0.490302829731854
	RGN updated loss=-14.003499619506696,dloss=-2.083494443638756e-07
step= 272

nparam= 1004
	dense amplitude time= 0.01759624481201172
	total non-zero amplitudes= 4900
	nsamples per process= 50
	sample time= 1.635697841644287
	self.n= 0.49030282973185324
	collect g,h time= 2.8738770484924316
E=-14.003499619506693,dE=-2.083494408111619e-07,std=0
L=-14.003499619506693,dL=-2.083494408111619e-07,std=0
	gnorm= 1.3894544619653648e-05
	symmetric= True
	solver time=0.003549814224243164,exit status=0
	SR solver time= 0.0036139488220214844
	symmetric= False
	niter= 29
	niter= 405
	solver time=0.07740521430969238,exit status=0
	RGN solver time= 0.07744073867797852
	xnorm=5.1796642492526335,dnorm=0.009980552617736496
	dense amplitude time= 0.014206409454345703
	total non-zero amplitudes= 4900
	nsamples per process= 50
	sample time= 0.37902402877807617
	self.n= 0.4899639068605955
	RGN updated loss=-14.003499826520999,dloss=-2.0701430614167293e-07
step= 273

nparam= 1004
	dense amplitude time= 0.01999497413635254
	total non-zero amplitudes= 4900
	nsamples per process= 50
	sample time= 1.6227023601531982
	self.n= 0.48996390686059543
	collect g,h time= 2.871018648147583
E=-14.003499826520997,dE=-2.070143043653161e-07,std=0
L=-14.003499826520997,dL=-2.070143043653161e-07,std=0
	gnorm= 1.3727067564428896e-05
	symmetric= True
	solver time=0.0034024715423583984,exit status=0
	SR solver time= 0.003437042236328125
	symmetric= False
	niter= 29
	niter= 405
	solver time=0.07617807388305664,exit status=0
	RGN solver time= 0.0762176513671875
	xnorm=5.18301880020212,dnorm=0.009946287211018734
	dense amplitude time= 0.014107704162597656
	total non-zero amplitudes= 4900
	nsamples per process= 50
	sample time= 0.38571858406066895
	self.n= 0.4896267085005424
	RGN updated loss=-14.003500032096955,dloss=-2.0557595803438744e-07
step= 274

nparam= 1004
	dense amplitude time= 0.01552891731262207
	total non-zero amplitudes= 4900
	nsamples per process= 50
	sample time= 1.6276285648345947
	self.n= 0.489626708500542
	collect g,h time= 2.878101348876953
E=-14.003500032096955,dE=-2.0557595803438744e-07,std=0
L=-14.003500032096955,dL=-2.0557595803438744e-07,std=0
	gnorm= 1.365197821563152e-05
	symmetric= True
	solver time=0.0033578872680664062,exit status=0
	SR solver time= 0.003394603729248047
	symmetric= False
	niter= 29
	niter= 405
	solver time=0.07892704010009766,exit status=0
	RGN solver time= 0.0789642333984375
	xnorm=5.186373672113461,dnorm=0.009913408832122139
	dense amplitude time= 0.014155864715576172
	total non-zero amplitudes= 4900
	nsamples per process= 50
	sample time= 0.39217710494995117
	self.n= 0.48929118863382315
	RGN updated loss=-14.003500236291833,dloss=-2.0419487789524737e-07
step= 275

nparam= 1004
	dense amplitude time= 0.016726970672607422
	total non-zero amplitudes= 4900
	nsamples per process= 50
	sample time= 1.6431622505187988
	self.n= 0.4892911886338229
	collect g,h time= 2.8761234283447266
E=-14.003500236291835,dE=-2.041948796716042e-07,std=0
L=-14.003500236291835,dL=-2.041948796716042e-07,std=0
	gnorm= 1.3583872322197041e-05
	symmetric= True
	solver time=0.003358602523803711,exit status=0
	SR solver time= 0.0033960342407226562
	symmetric= False
	niter= 29
	niter= 405
	solver time=0.07827162742614746,exit status=0
	RGN solver time= 0.07831358909606934
	xnorm=5.189728602772586,dnorm=0.009881410982238213
	dense amplitude time= 0.0141754150390625
	total non-zero amplitudes= 4900
	nsamples per process= 50
	sample time= 0.38836073875427246
	self.n= 0.48895730149041694
	RGN updated loss=-14.003500439148722,dloss=-2.0285688684396064e-07
step= 276

nparam= 1004
	dense amplitude time= 0.01612710952758789
	total non-zero amplitudes= 4900
	nsamples per process= 50
	sample time= 1.6398496627807617
	self.n= 0.4889573014904168
	collect g,h time= 2.8762598037719727
E=-14.003500439148727,dE=-2.0285689217303116e-07,std=0
L=-14.003500439148727,dL=-2.0285689217303116e-07,std=0
	gnorm= 1.3518250306755219e-05
	symmetric= True
	solver time=0.003354310989379883,exit status=0
	SR solver time= 0.0033919811248779297
	symmetric= False
	niter= 29
	niter= 405
	solver time=0.07703900337219238,exit status=0
	RGN solver time= 0.07707858085632324
	xnorm=5.193083396009144,dnorm=0.009850469803208237
	dense amplitude time= 0.01439976692199707
	total non-zero amplitudes= 4900
	nsamples per process= 50
	sample time= 0.38662099838256836
	self.n= 0.4886249601047076
	RGN updated loss=-14.003500640714602,dloss=-2.0156587510200552e-07
step= 277

nparam= 1004
	dense amplitude time= 0.023138046264648438
	total non-zero amplitudes= 4900
	nsamples per process= 50
	sample time= 1.626448631286621
	self.n= 0.48862496010470724
	collect g,h time= 2.867934226989746
E=-14.003500640714602,dE=-2.0156587510200552e-07,std=0
L=-14.003500640714602,dL=-2.0156587510200552e-07,std=0
	gnorm= 1.3455041812081992e-05
	symmetric= True
	solver time=0.003303050994873047,exit status=0
	SR solver time= 0.003340482711791992
	symmetric= False
	niter= 29
	niter= 405
	solver time=0.07595944404602051,exit status=0
	RGN solver time= 0.07600092887878418
	xnorm=5.196437984214518,dnorm=0.009820447628989716
	dense amplitude time= 0.014139652252197266
	total non-zero amplitudes= 4900
	nsamples per process= 50
	sample time= 0.3788580894470215
	self.n= 0.48829407880063536
	RGN updated loss=-14.00350084103363,dloss=-2.0031902714379157e-07
step= 278

nparam= 1004
	dense amplitude time= 0.02431797981262207
	total non-zero amplitudes= 4900
	nsamples per process= 50
	sample time= 1.6405572891235352
	self.n= 0.48829407880063475
	collect g,h time= 2.8796980381011963
E=-14.003500841033633,dE=-2.0031903069650525e-07,std=0
L=-14.003500841033633,dL=-2.0031903069650525e-07,std=0
	gnorm= 1.3394142361990178e-05
	symmetric= True
	solver time=0.0033016204833984375,exit status=0
	SR solver time= 0.0034356117248535156
	symmetric= False
	niter= 29
	niter= 405
	solver time=0.07597851753234863,exit status=0
	RGN solver time= 0.07602143287658691
	xnorm=5.199792249293371,dnorm=0.009791576326218738
	dense amplitude time= 0.014159202575683594
	total non-zero amplitudes= 4900
	nsamples per process= 50
	sample time= 0.3864707946777344
	self.n= 0.48796456362800267
	RGN updated loss=-14.003501040154482,dloss=-1.9912084958662035e-07
step= 279

nparam= 1004
	dense amplitude time= 0.013956546783447266
	total non-zero amplitudes= 4900
	nsamples per process= 50
	sample time= 1.6246249675750732
	self.n= 0.4879645636280024
	collect g,h time= 2.8760576248168945
E=-14.00350104015448,dE=-1.991208478102635e-07,std=0
L=-14.00350104015448,dL=-1.991208478102635e-07,std=0
	gnorm= 1.3335578177076149e-05
	symmetric= True
	solver time=0.0033478736877441406,exit status=0
	SR solver time= 0.0033850669860839844
	symmetric= False
	niter= 29
	niter= 405
	solver time=0.07619500160217285,exit status=0
	RGN solver time= 0.07623839378356934
	xnorm=5.203146183389113,dnorm=0.009763752150260211
	dense amplitude time= 0.014137983322143555
	total non-zero amplitudes= 4900
	nsamples per process= 50
	sample time= 0.38043951988220215
	self.n= 0.48763632864782813
	RGN updated loss=-14.003501238177213,dloss=-1.980227324338557e-07
step= 280

nparam= 1004
	dense amplitude time= 0.02093338966369629
	total non-zero amplitudes= 4900
	nsamples per process= 50
	sample time= 1.6218578815460205
	self.n= 0.4876363286478282
	collect g,h time= 2.878080368041992
E=-14.003501238177213,dE=-1.980227324338557e-07,std=0
L=-14.003501238177213,dL=-1.980227324338557e-07,std=0
	gnorm= 1.3278228484962235e-05
	symmetric= True
	solver time=0.0034461021423339844,exit status=0
	SR solver time= 0.003510713577270508
	symmetric= False
	niter= 29
	niter= 405
	solver time=0.07691836357116699,exit status=0
	RGN solver time= 0.07695460319519043
	xnorm=5.206499734916802,dnorm=0.009737027968154734
	dense amplitude time= 0.014400005340576172
	total non-zero amplitudes= 4900
	nsamples per process= 50
	sample time= 0.37889719009399414
	self.n= 0.48730929059638967
	RGN updated loss=-14.0035014349495,dloss=-1.9677228735304197e-07
step= 281

nparam= 1004
	dense amplitude time= 0.025923728942871094
	total non-zero amplitudes= 4900
	nsamples per process= 50
	sample time= 1.6223132610321045
	self.n= 0.4873092905963895
	collect g,h time= 2.881342887878418
E=-14.003501434949504,dE=-1.9677229090575565e-07,std=0
L=-14.003501434949504,dL=-1.9677229090575565e-07,std=0
	gnorm= 1.3356780614316355e-05
	symmetric= True
	solver time=0.0034492015838623047,exit status=0
	SR solver time= 0.003488302230834961
	symmetric= False
	niter= 29
	niter= 405
	solver time=0.07739830017089844,exit status=0
	RGN solver time= 0.07743954658508301
	xnorm=5.209852783869378,dnorm=0.009710304161522838
	dense amplitude time= 0.014077901840209961
	total non-zero amplitudes= 4900
	nsamples per process= 50
	sample time= 0.39035725593566895
	self.n= 0.4869840079904647
	RGN updated loss=-14.003501631079484,dloss=-1.9612997981255376e-07
step= 282

nparam= 1004
	dense amplitude time= 0.01634383201599121
	total non-zero amplitudes= 4900
	nsamples per process= 50
	sample time= 1.704089641571045
	self.n= 0.4869840079904645
	collect g,h time= 2.9093942642211914
E=-14.003501631079482,dE=-1.9612997803619692e-07,std=0
L=-14.003501631079482,dL=-1.9612997803619692e-07,std=0
	gnorm= 1.3830577606016283e-05
	symmetric= True
	solver time=0.0034101009368896484,exit status=0
	SR solver time= 0.0034470558166503906
	symmetric= False
	niter= 30
	niter= 405
	solver time=0.07594037055969238,exit status=0
	RGN solver time= 0.07598066329956055
	xnorm=5.213204699791401,dnorm=0.00967765115577371
	dense amplitude time= 0.01441502571105957
	total non-zero amplitudes= 4900
	nsamples per process= 50
	sample time= 0.377058744430542
	self.n= 0.48666551042125406
	RGN updated loss=-14.003501824669577,dloss=-1.9359009506558778e-07
step= 283

nparam= 1004
	dense amplitude time= 0.01462554931640625
	total non-zero amplitudes= 4900
	nsamples per process= 50
	sample time= 1.6226811408996582
	self.n= 0.4866655104212536
	collect g,h time= 2.871563196182251
E=-14.003501824669575,dE=-1.9359009328923094e-07,std=0
L=-14.003501824669575,dL=-1.9359009328923094e-07,std=0
	gnorm= 1.4067919516274037e-05
	symmetric= True
	solver time=0.003531932830810547,exit status=0
	SR solver time= 0.0035686492919921875
	symmetric= False
	niter= 30
	niter= 405
	solver time=0.0784149169921875,exit status=0
	RGN solver time= 0.07845473289489746
	xnorm=5.216562399810205,dnorm=0.009672795850135005
	dense amplitude time= 0.01446676254272461
	total non-zero amplitudes= 4900
	nsamples per process= 50
	sample time= 0.39438533782958984
	self.n= 0.486345561578689
	RGN updated loss=-14.003502018568122,dloss=-1.9389854699625175e-07
step= 284

nparam= 1004
	dense amplitude time= 0.014644622802734375
	total non-zero amplitudes= 4900
	nsamples per process= 50
	sample time= 1.6615257263183594
	self.n= 0.486345561578689
	collect g,h time= 2.8898253440856934
E=-14.003502018568122,dE=-1.9389854699625175e-07,std=0
L=-14.003502018568122,dL=-1.9389854699625175e-07,std=0
	gnorm= 1.307723237698762e-05
	symmetric= True
	solver time=0.0033309459686279297,exit status=0
	SR solver time= 0.003368377685546875
	symmetric= False
	niter= 29
	niter= 405
	solver time=0.07577753067016602,exit status=0
	RGN solver time= 0.07581782341003418
	xnorm=5.219927192660395,dnorm=0.009642405743774788
	dense amplitude time= 0.014206886291503906
	total non-zero amplitudes= 4900
	nsamples per process= 50
	sample time= 0.3798396587371826
	self.n= 0.48602405135017035
	RGN updated loss=-14.003502211340434,dloss=-1.9277231189107624e-07
step= 285

nparam= 1004
	dense amplitude time= 0.01587677001953125
	total non-zero amplitudes= 4900
	nsamples per process= 50
	sample time= 1.7081754207611084
	self.n= 0.4860240513501688
	collect g,h time= 2.9310390949249268
E=-14.003502211340436,dE=-1.9277231366743308e-07,std=0
L=-14.003502211340436,dL=-1.9277231366743308e-07,std=0
	gnorm= 1.3014343099099827e-05
	symmetric= True
	solver time=0.0032875537872314453,exit status=0
	SR solver time= 0.0033233165740966797
	symmetric= False
	niter= 29
	niter= 405
	solver time=0.0751652717590332,exit status=0
	RGN solver time= 0.07520627975463867
	xnorm=5.223295208368207,dnorm=0.009617592727465277
	dense amplitude time= 0.014158964157104492
	total non-zero amplitudes= 4900
	nsamples per process= 50
	sample time= 0.37781715393066406
	self.n= 0.4857029280048791
	RGN updated loss=-14.003502403148875,dloss=-1.918084393537356e-07
step= 286

nparam= 1004
	dense amplitude time= 0.0143890380859375
	total non-zero amplitudes= 4900
	nsamples per process= 50
	sample time= 1.6260333061218262
	self.n= 0.4857029280048788
	collect g,h time= 2.874187469482422
E=-14.003502403148874,dE=-1.9180843757737875e-07,std=0
L=-14.003502403148874,dL=-1.9180843757737875e-07,std=0
	gnorm= 1.2970865110955067e-05
	symmetric= True
	solver time=0.003378629684448242,exit status=0
	SR solver time= 0.0034143924713134766
	symmetric= False
	niter= 29
	niter= 405
	solver time=0.07987856864929199,exit status=0
	RGN solver time= 0.07992792129516602
	xnorm=5.226665307645659,dnorm=0.00959477063855308
	dense amplitude time= 0.016466140747070312
	total non-zero amplitudes= 4900
	nsamples per process= 50
	sample time= 0.3740553855895996
	self.n= 0.4853828435067581
	RGN updated loss=-14.003502594080695,dloss=-1.9093182146434629e-07
step= 287

nparam= 1004
	dense amplitude time= 0.02262425422668457
	total non-zero amplitudes= 4900
	nsamples per process= 50
	sample time= 1.6837620735168457
	self.n= 0.48538284350675864
	collect g,h time= 2.9349703788757324
E=-14.003502594080691,dE=-1.909318179116326e-07,std=0
L=-14.003502594080691,dL=-1.909318179116326e-07,std=0
	gnorm= 1.2929647660204018e-05
	symmetric= True
	solver time=0.0033414363861083984,exit status=0
	SR solver time= 0.0033767223358154297
	symmetric= False
	niter= 29
	niter= 405
	solver time=0.07667684555053711,exit status=0
	RGN solver time= 0.07671689987182617
	xnorm=5.230035992262518,dnorm=0.009573698411071245
	dense amplitude time= 0.014166831970214844
	total non-zero amplitudes= 4900
	nsamples per process= 50
	sample time= 0.37791872024536133
	self.n= 0.48506380858415965
	RGN updated loss=-14.003502784296085,dloss=-1.9021539365837725e-07
step= 288

nparam= 1004
	dense amplitude time= 0.02437424659729004
	total non-zero amplitudes= 4900
	nsamples per process= 50
	sample time= 1.66945481300354
	self.n= 0.485063808584159
	collect g,h time= 2.8897652626037598
E=-14.003502784296085,dE=-1.9021539365837725e-07,std=0
L=-14.003502784296085,dL=-1.9021539365837725e-07,std=0
	gnorm= 1.2835199554382143e-05
	symmetric= True
	solver time=0.003567934036254883,exit status=0
	SR solver time= 0.003630399703979492
	symmetric= False
	niter= 29
	niter= 405
	solver time=0.08130049705505371,exit status=0
	RGN solver time= 0.08133959770202637
	xnorm=5.233406536172193,dnorm=0.009554513955906408
	dense amplitude time= 0.014233827590942383
	total non-zero amplitudes= 4900
	nsamples per process= 50
	sample time= 0.3873438835144043
	self.n= 0.4847455465563457
	RGN updated loss=-14.00350297364492,dloss=-1.8934883527776947e-07
step= 289

nparam= 1004
	dense amplitude time= 0.01803421974182129
	total non-zero amplitudes= 4900
	nsamples per process= 50
	sample time= 1.6259629726409912
	self.n= 0.48474554655634494
	collect g,h time= 2.8757402896881104
E=-14.003502973644917,dE=-1.893488317250558e-07,std=0
L=-14.003502973644917,dL=-1.893488317250558e-07,std=0
	gnorm= 1.2852741783099822e-05
	symmetric= True
	solver time=0.003271341323852539,exit status=0
	SR solver time= 0.0033059120178222656
	symmetric= False
	niter= 29
	niter= 405
	solver time=0.07641315460205078,exit status=0
	RGN solver time= 0.07645392417907715
	xnorm=5.2367762461694145,dnorm=0.009536005476948006
	dense amplitude time= 0.014268159866333008
	total non-zero amplitudes= 4900
	nsamples per process= 50
	sample time= 0.3870224952697754
	self.n= 0.4844280934614966
	RGN updated loss=-14.0035031614721,dloss=-1.8782718314014346e-07
step= 290

nparam= 1004
	dense amplitude time= 0.014391183853149414
	total non-zero amplitudes= 4900
	nsamples per process= 50
	sample time= 1.6847593784332275
	self.n= 0.4844280934614955
	collect g,h time= 2.946115493774414
E=-14.003503161472096,dE=-1.8782717958742978e-07,std=0
L=-14.003503161472096,dL=-1.8782717958742978e-07,std=0
	gnorm= 1.3265683187141153e-05
	symmetric= True
	solver time=0.0035390853881835938,exit status=0
	SR solver time= 0.003582000732421875
	symmetric= False
	niter= 30
	niter= 407
	solver time=0.07784390449523926,exit status=0
	RGN solver time= 0.07788443565368652
	xnorm=5.240144957573504,dnorm=0.00951832960375207
	dense amplitude time= 0.015996932983398438
	total non-zero amplitudes= 4900
	nsamples per process= 50
	sample time= 0.37401700019836426
	self.n= 0.4841108932004435
	RGN updated loss=-14.003503350371064,dloss=-1.8889896757912084e-07
step= 291

nparam= 1004
	dense amplitude time= 0.05904054641723633
	total non-zero amplitudes= 4900
	nsamples per process= 50
	sample time= 1.6781809329986572
	self.n= 0.48411089320044304
	collect g,h time= 2.9441850185394287
E=-14.003503350371062,dE=-1.88898965802764e-07,std=0
L=-14.003503350371062,dL=-1.88898965802764e-07,std=0
	gnorm= 1.3774458131084723e-05
	symmetric= True
	solver time=0.0034837722778320312,exit status=0
	SR solver time= 0.003521442413330078
	symmetric= False
	niter= 30
	niter= 405
	solver time=0.07925724983215332,exit status=0
	RGN solver time= 0.07929825782775879
	xnorm=5.243506105519912,dnorm=0.00950616751479055
	dense amplitude time= 0.014163494110107422
	total non-zero amplitudes= 4900
	nsamples per process= 50
	sample time= 0.39590001106262207
	self.n= 0.48379584591023594
	RGN updated loss=-14.003503536841821,dloss=-1.8647075883393427e-07
step= 292

nparam= 1004
	dense amplitude time= 0.023009538650512695
	total non-zero amplitudes= 4900
	nsamples per process= 50
	sample time= 1.629516363143921
	self.n= 0.4837958459102357
	collect g,h time= 2.8760643005371094
E=-14.003503536841816,dE=-1.8647075350486375e-07,std=0
L=-14.003503536841816,dL=-1.8647075350486375e-07,std=0
	gnorm= 1.3214321328948205e-05
	symmetric= True
	solver time=0.0033059120178222656,exit status=0
	SR solver time= 0.0033423900604248047
	symmetric= False
	niter= 30
	niter= 407
	solver time=0.07648396492004395,exit status=0
	RGN solver time= 0.07651925086975098
	xnorm=5.246867415979854,dnorm=0.009486909301339419
	dense amplitude time= 0.014097213745117188
	total non-zero amplitudes= 4900
	nsamples per process= 50
	sample time= 0.38543009757995605
	self.n= 0.4834796660244454
	RGN updated loss=-14.003503725044377,dloss=-1.8820256109108868e-07
step= 293

nparam= 1004
	dense amplitude time= 0.021756887435913086
	total non-zero amplitudes= 4900
	nsamples per process= 50
	sample time= 1.691171646118164
	self.n= 0.48347966602444536
	collect g,h time= 2.9390218257904053
E=-14.003503725044379,dE=-1.8820256286744552e-07,std=0
L=-14.003503725044379,dL=-1.8820256286744552e-07,std=0
	gnorm= 1.4339742378707974e-05
	symmetric= True
	solver time=0.0035223960876464844,exit status=0
	SR solver time= 0.0035588741302490234
	symmetric= False
	niter= 31
	niter= 405
	solver time=0.07689452171325684,exit status=0
	RGN solver time= 0.07693076133728027
	xnorm=5.250222313837378,dnorm=0.009490224264852295
	dense amplitude time= 0.014201641082763672
	total non-zero amplitudes= 4900
	nsamples per process= 50
	sample time= 0.37990283966064453
	self.n= 0.48315803858830964
	RGN updated loss=-14.003503911287291,dloss=-1.8624291264757176e-07
step= 294

nparam= 1004
	dense amplitude time= 0.020503759384155273
	total non-zero amplitudes= 4900
	nsamples per process= 50
	sample time= 1.662879467010498
	self.n= 0.48315803858830864
	collect g,h time= 2.9305882453918457
E=-14.003503911287288,dE=-1.8624290909485808e-07,std=0
L=-14.003503911287288,dL=-1.8624290909485808e-07,std=0
	gnorm= 1.5544106919534497e-05
	symmetric= True
	solver time=0.0038690567016601562,exit status=0
	SR solver time= 0.003908395767211914
	symmetric= False
	niter= 32
	niter= 405
	solver time=0.07889723777770996,exit status=0
	RGN solver time= 0.07893681526184082
	xnorm=5.253573644711982,dnorm=0.009451281391785736
	dense amplitude time= 0.014316082000732422
	total non-zero amplitudes= 4900
	nsamples per process= 50
	sample time= 0.3952789306640625
	self.n= 0.4828519008728289
	RGN updated loss=-14.003504097535767,dloss=-1.8624847974990644e-07
step= 295

nparam= 1004
	dense amplitude time= 0.015750646591186523
	total non-zero amplitudes= 4900
	nsamples per process= 50
	sample time= 1.6273140907287598
	self.n= 0.48285190087282776
	collect g,h time= 2.876976490020752
E=-14.003504097535771,dE=-1.8624848330262012e-07,std=0
L=-14.003504097535771,dL=-1.8624848330262012e-07,std=0
	gnorm= 1.368320632164395e-05
	symmetric= True
	solver time=0.003370523452758789,exit status=0
	SR solver time= 0.0034074783325195312
	symmetric= False
	niter= 30
	niter= 405
	solver time=0.07615804672241211,exit status=0
	RGN solver time= 0.07619571685791016
	xnorm=5.2569284230724715,dnorm=0.009445260532036611
	dense amplitude time= 0.014281749725341797
	total non-zero amplitudes= 4900
	nsamples per process= 50
	sample time= 0.3797423839569092
	self.n= 0.48254320920673843
	RGN updated loss=-14.003504281414923,dloss=-1.8387915190487547e-07
step= 296

nparam= 1004
	dense amplitude time= 0.014346122741699219
	total non-zero amplitudes= 4900
	nsamples per process= 50
	sample time= 1.6807518005371094
	self.n= 0.4825432092067385
	collect g,h time= 2.927488088607788
E=-14.003504281414923,dE=-1.8387915190487547e-07,std=0
L=-14.003504281414923,dL=-1.8387915190487547e-07,std=0
	gnorm= 1.308799192696211e-05
	symmetric= True
	solver time=0.0036118030548095703,exit status=0
	SR solver time= 0.0036764144897460938
	symmetric= False
	niter= 30
	niter= 407
	solver time=0.07865238189697266,exit status=0
	RGN solver time= 0.07868623733520508
	xnorm=5.260286235396835,dnorm=0.009426843902880238
	dense amplitude time= 0.01421499252319336
	total non-zero amplitudes= 4900
	nsamples per process= 50
	sample time= 0.38397645950317383
	self.n= 0.4822309416196211
	RGN updated loss=-14.003504466890949,dloss=-1.8547602564922272e-07
step= 297

nparam= 1004
	dense amplitude time= 0.01615738868713379
	total non-zero amplitudes= 4900
	nsamples per process= 50
	sample time= 1.6417901515960693
	self.n= 0.4822309416196205
	collect g,h time= 2.917302370071411
E=-14.003504466890949,dE=-1.8547602564922272e-07,std=0
L=-14.003504466890949,dL=-1.8547602564922272e-07,std=0
	gnorm= 1.3658396733113669e-05
	symmetric= True
	solver time=0.0035207271575927734,exit status=0
	SR solver time= 0.003559589385986328
	symmetric= False
	niter= 30
	niter= 405
	solver time=0.07868361473083496,exit status=0
	RGN solver time= 0.07871890068054199
	xnorm=5.2636381921094335,dnorm=0.009424245339605593
	dense amplitude time= 0.014365196228027344
	total non-zero amplitudes= 4900
	nsamples per process= 50
	sample time= 0.3994870185852051
	self.n= 0.48191881841271395
	RGN updated loss=-14.003504649896554,dloss=-1.8300560533646149e-07
step= 298

nparam= 1004
	dense amplitude time= 0.01496577262878418
	total non-zero amplitudes= 4900
	nsamples per process= 50
	sample time= 1.6309728622436523
	self.n= 0.48191881841271256
	collect g,h time= 2.8770246505737305
E=-14.003504649896554,dE=-1.8300560533646149e-07,std=0
L=-14.003504649896554,dL=-1.8300560533646149e-07,std=0
	gnorm= 1.306612727663271e-05
	symmetric= True
	solver time=0.0033800601959228516,exit status=0
	SR solver time= 0.003414630889892578
	symmetric= False
	niter= 30
	niter= 407
	solver time=0.07655930519104004,exit status=0
	RGN solver time= 0.07659482955932617
	xnorm=5.266991668121146,dnorm=0.009409058592014323
	dense amplitude time= 0.014193296432495117
	total non-zero amplitudes= 4900
	nsamples per process= 50
	sample time= 0.3780519962310791
	self.n= 0.48160465131610747
	RGN updated loss=-14.003504834465701,dloss=-1.8456914752107423e-07
step= 299

nparam= 1004
	dense amplitude time= 0.016083478927612305
	total non-zero amplitudes= 4900
	nsamples per process= 50
	sample time= 1.630378246307373
	self.n= 0.4816046513161078
	collect g,h time= 2.8836779594421387
E=-14.003504834465703,dE=-1.8456914929743107e-07,std=0
L=-14.003504834465703,dL=-1.8456914929743107e-07,std=0
	gnorm= 2.085226056258864e-05
	symmetric= True
	solver time=0.0041158199310302734,exit status=0
	SR solver time= 0.004155158996582031
	symmetric= False
	niter= 36
	niter= 400
	solver time=0.07667398452758789,exit status=0
	RGN solver time= 0.07670712471008301
	xnorm=5.270339660379366,dnorm=0.00941110514790198
	dense amplitude time= 0.014185905456542969
	total non-zero amplitudes= 4900
	nsamples per process= 50
	sample time= 0.37825465202331543
	self.n= 0.481290423314369
	RGN updated loss=-14.003505020027374,dloss=-1.8556167091787756e-07
step= 300

nparam= 1004
	dense amplitude time= 0.017002344131469727
	total non-zero amplitudes= 4900
	nsamples per process= 50
	sample time= 1.6322088241577148
	self.n= 0.4812904233143687
	collect g,h time= 2.8731772899627686
E=-14.003505020027374,dE=-1.8556167091787756e-07,std=0
L=-14.003505020027374,dL=-1.8556167091787756e-07,std=0
	gnorm= 1.3726000184352025e-05
	symmetric= True
	solver time=0.003450632095336914,exit status=0
	SR solver time= 0.003487110137939453
	symmetric= False
	niter= 30
	niter= 405
	solver time=0.07611942291259766,exit status=0
	RGN solver time= 0.07615828514099121
	xnorm=5.273679898503349,dnorm=0.009408503496076295
	dense amplitude time= 0.014178752899169922
	total non-zero amplitudes= 4900
	nsamples per process= 50
	sample time= 0.38808107376098633
	self.n= 0.48097666595094035
	RGN updated loss=-14.003505203372564,dloss=-1.833451896970928e-07
step= 301

nparam= 1004
	dense amplitude time= 0.039516448974609375
	total non-zero amplitudes= 4900
	nsamples per process= 50
	sample time= 1.6923058032989502
	self.n= 0.48097666595093963
	collect g,h time= 2.899001359939575
E=-14.003505203372562,dE=-1.8334518792073595e-07,std=0
L=-14.003505203372562,dL=-1.8334518792073595e-07,std=0
	gnorm= 1.5183473626835676e-05
	symmetric= True
	solver time=0.003607034683227539,exit status=0
	SR solver time= 0.0036478042602539062
	symmetric= False
	niter= 32
	niter= 407
	solver time=0.07654309272766113,exit status=0
	RGN solver time= 0.07658195495605469
	xnorm=5.277023922215922,dnorm=0.009426178297876514
	dense amplitude time= 0.014153718948364258
	total non-zero amplitudes= 4900
	nsamples per process= 50
	sample time= 0.378842830657959
	self.n= 0.4806464143684521
	RGN updated loss=-14.003505388126023,dloss=-1.8475346053037356e-07
step= 302

nparam= 1004
	dense amplitude time= 0.0160214900970459
	total non-zero amplitudes= 4900
	nsamples per process= 50
	sample time= 1.6243600845336914
	self.n= 0.4806464143684513
	collect g,h time= 2.873723268508911
E=-14.003505388126023,dE=-1.8475346053037356e-07,std=0
L=-14.003505388126023,dL=-1.8475346053037356e-07,std=0
	gnorm= 1.2685001028586158e-05
	symmetric= True
	solver time=0.003331422805786133,exit status=0
	SR solver time= 0.0033707618713378906
	symmetric= False
	niter= 29
	niter= 405
	solver time=0.0766303539276123,exit status=0
	RGN solver time= 0.07666754722595215
	xnorm=5.280354117808508,dnorm=0.009419092712267405
	dense amplitude time= 0.014136075973510742
	total non-zero amplitudes= 4900
	nsamples per process= 50
	sample time= 0.3880910873413086
	self.n= 0.480322295697203
	RGN updated loss=-14.00350557289059,dloss=-1.8476456808969033e-07
step= 303

nparam= 1004
	dense amplitude time= 0.02324223518371582
	total non-zero amplitudes= 4900
	nsamples per process= 50
	sample time= 1.6386158466339111
	self.n= 0.480322295697202
	collect g,h time= 2.8683040142059326
E=-14.00350557289059,dE=-1.8476456808969033e-07,std=0
L=-14.00350557289059,dL=-1.8476456808969033e-07,std=0
	gnorm= 1.3837336293057844e-05
	symmetric= True
	solver time=0.003442525863647461,exit status=0
	SR solver time= 0.003475666046142578
	symmetric= False
	niter= 30
	niter= 405
	solver time=0.0797269344329834,exit status=0
	RGN solver time= 0.07975959777832031
	xnorm=5.283680199867848,dnorm=0.00942158269237494
	dense amplitude time= 0.015595436096191406
	total non-zero amplitudes= 4900
	nsamples per process= 50
	sample time= 0.38588976860046387
	self.n= 0.480001218712134
	RGN updated loss=-14.003505755733967,dloss=-1.8284337599538958e-07
step= 304

nparam= 1004
	dense amplitude time= 0.02457118034362793
	total non-zero amplitudes= 4900
	nsamples per process= 50
	sample time= 1.6229503154754639
	self.n= 0.4800012187121341
	collect g,h time= 2.876750946044922
E=-14.003505755733967,dE=-1.8284337599538958e-07,std=0
L=-14.003505755733967,dL=-1.8284337599538958e-07,std=0
	gnorm= 1.3120418666074112e-05
	symmetric= True
	solver time=0.0036880970001220703,exit status=0
	SR solver time= 0.0037539005279541016
	symmetric= False
	niter= 30
	niter= 408
	solver time=0.08085155487060547,exit status=0
	RGN solver time= 0.08089089393615723
	xnorm=5.287010383387532,dnorm=0.009413970191494833
	dense amplitude time= 0.014052391052246094
	total non-zero amplitudes= 4900
	nsamples per process= 50
	sample time= 0.3831765651702881
	self.n= 0.47967932316257655
	RGN updated loss=-14.0035059404431,dloss=-1.8470913332180317e-07
step= 305

nparam= 1004
	dense amplitude time= 0.021524429321289062
	total non-zero amplitudes= 4900
	nsamples per process= 50
	sample time= 1.6522631645202637
	self.n= 0.47967932316257633
	collect g,h time= 2.8786678314208984
E=-14.003505940443096,dE=-1.8470912976908949e-07,std=0
L=-14.003505940443096,dL=-1.8470912976908949e-07,std=0
	gnorm= 1.3792065109225534e-05
	symmetric= True
	niter= 30
	solver time=0.0035593509674072266,exit status=0
	SR solver time= 0.003597259521484375
	symmetric= False
	niter= 405
	solver time=0.07872462272644043,exit status=0
	RGN solver time= 0.07875895500183105
	xnorm=5.290337917522292,dnorm=0.009417631630431304
	dense amplitude time= 0.014206171035766602
	total non-zero amplitudes= 4900
	nsamples per process= 50
	sample time= 0.3811991214752197
	self.n= 0.47935904487780745
	RGN updated loss=-14.003506123204664,dloss=-1.8276156765750784e-07
step= 306

nparam= 1004
	dense amplitude time= 0.01470637321472168
	total non-zero amplitudes= 4900
	nsamples per process= 50
	sample time= 1.6450433731079102
	self.n= 0.4793590448778069
	collect g,h time= 2.875032901763916
E=-14.003506123204668,dE=-1.8276157121022152e-07,std=0
L=-14.003506123204668,dL=-1.8276157121022152e-07,std=0
	gnorm= 1.333053842304552e-05
	symmetric= True
	solver time=0.0035157203674316406,exit status=0
	SR solver time= 0.0035533905029296875
	symmetric= False
	niter= 30
	niter= 407
	solver time=0.07804250717163086,exit status=0
	RGN solver time= 0.07808589935302734
	xnorm=5.293669096759683,dnorm=0.00941065453793268
	dense amplitude time= 0.014037132263183594
	total non-zero amplitudes= 4900
	nsamples per process= 50
	sample time= 0.3866405487060547
	self.n= 0.47903718400189177
	RGN updated loss=-14.003506308262738,dloss=-1.8505807020119391e-07
step= 307

nparam= 1004
	dense amplitude time= 0.01413106918334961
	total non-zero amplitudes= 4900
	nsamples per process= 50
	sample time= 1.629694938659668
	self.n= 0.4790371840018913
	collect g,h time= 2.869119167327881
E=-14.00350630826274,dE=-1.8505807197755075e-07,std=0
L=-14.00350630826274,dL=-1.8505807197755075e-07,std=0
	gnorm= 1.4463314366555184e-05
	symmetric= True
	solver time=0.0035681724548339844,exit status=0
	SR solver time= 0.0036046504974365234
	symmetric= False
	niter= 32
	niter= 408
	solver time=0.07787537574768066,exit status=0
	RGN solver time= 0.07790946960449219
	xnorm=5.296996258206791,dnorm=0.009414797907526029
	dense amplitude time= 0.014339447021484375
	total non-zero amplitudes= 4900
	nsamples per process= 50
	sample time= 0.37988972663879395
	self.n= 0.4787210729548097
	RGN updated loss=-14.00350649069574,dloss=-1.824330002619945e-07
step= 308

nparam= 1004
	dense amplitude time= 0.016617536544799805
	total non-zero amplitudes= 4900
	nsamples per process= 50
	sample time= 1.6711537837982178
	self.n= 0.47872107295480937
	collect g,h time= 2.8821158409118652
E=-14.003506490695738,dE=-1.8243299848563765e-07,std=0
L=-14.003506490695738,dL=-1.8243299848563765e-07,std=0
	gnorm= 3.2664341132013375e-05
	symmetric= True
	solver time=0.0045969486236572266,exit status=0
	SR solver time= 0.004635810852050781
	symmetric= False
	niter= 40
	niter= 374
	solver time=0.07426261901855469,exit status=0
	RGN solver time= 0.07430219650268555
	xnorm=5.300320452930895,dnorm=0.009405808731982107
	dense amplitude time= 0.01447916030883789
	total non-zero amplitudes= 4900
	nsamples per process= 50
	sample time= 0.38141798973083496
	self.n= 0.47839789758694284
	RGN updated loss=-14.00350667111766,dloss=-1.8042192273526325e-07
step= 309

nparam= 1004
	dense amplitude time= 0.015401363372802734
	total non-zero amplitudes= 4900
	nsamples per process= 50
	sample time= 1.6317870616912842
	self.n= 0.4783978975869428
	collect g,h time= 2.8711185455322266
E=-14.003506671117663,dE=-1.804219245116201e-07,std=0
L=-14.003506671117663,dL=-1.804219245116201e-07,std=0
	gnorm= 3.093292807934855e-05
	symmetric= True
	solver time=0.004273653030395508,exit status=0
	SR solver time= 0.00431060791015625
	symmetric= False
	niter= 39
	niter= 374
	solver time=0.07060790061950684,exit status=0
	RGN solver time= 0.0706479549407959
	xnorm=5.303617759991863,dnorm=0.009413873839256424
	dense amplitude time= 0.014091730117797852
	total non-zero amplitudes= 4900
	nsamples per process= 50
	sample time= 0.37833237648010254
	self.n= 0.47807730925942016
	RGN updated loss=-14.003506858135193,dloss=-1.8701753035088586e-07
step= 310

nparam= 1004
	dense amplitude time= 0.02534341812133789
	total non-zero amplitudes= 4900
	nsamples per process= 50
	sample time= 1.621885061264038
	self.n= 0.47807730925941994
	collect g,h time= 2.8736143112182617
E=-14.00350685813519,dE=-1.8701752679817218e-07,std=0
L=-14.00350685813519,dL=-1.8701752679817218e-07,std=0
	gnorm= 3.2318807433793455e-05
	symmetric= True
	solver time=0.004430532455444336,exit status=0
	SR solver time= 0.004466056823730469
	symmetric= False
	niter= 40
	niter= 374
	solver time=0.07083368301391602,exit status=0
	RGN solver time= 0.07087206840515137
	xnorm=5.306953612583793,dnorm=0.00941339758001229
	dense amplitude time= 0.014165878295898438
	total non-zero amplitudes= 4900
	nsamples per process= 50
	sample time= 0.38641834259033203
	self.n= 0.47775392037505804
	RGN updated loss=-14.003507037500285,dloss=-1.7936509522087363e-07
step= 311

nparam= 1004
	dense amplitude time= 0.03998279571533203
	total non-zero amplitudes= 4900
	nsamples per process= 50
	sample time= 1.6219449043273926
	self.n= 0.4777539203750576
	collect g,h time= 2.8736019134521484
E=-14.003507037500281,dE=-1.7936509166815995e-07,std=0
L=-14.003507037500281,dL=-1.7936509166815995e-07,std=0
	gnorm= 3.1503888297113885e-05
	symmetric= True
	solver time=0.004392385482788086,exit status=0
	SR solver time= 0.0044286251068115234
	symmetric= False
	niter= 39
	niter= 374
	solver time=0.07117128372192383,exit status=0
	RGN solver time= 0.07121038436889648
	xnorm=5.3102569023473265,dnorm=0.009424101070046728
	dense amplitude time= 0.014369487762451172
	total non-zero amplitudes= 4900
	nsamples per process= 50
	sample time= 0.3745460510253906
	self.n= 0.47743075151439607
	RGN updated loss=-14.003507224350745,dloss=-1.8685046399014027e-07
step= 312

nparam= 1004
	dense amplitude time= 0.01474618911743164
	total non-zero amplitudes= 4900
	nsamples per process= 50
	sample time= 1.6257164478302002
	self.n= 0.4774307515143953
	collect g,h time= 2.8787686824798584
E=-14.003507224350749,dE=-1.8685046754285395e-07,std=0
L=-14.003507224350749,dL=-1.8685046754285395e-07,std=0
	gnorm= 3.225526603988844e-05
	symmetric= True
	solver time=0.004759550094604492,exit status=0
	SR solver time= 0.00482177734375
	symmetric= False
	niter= 40
	niter= 374
	solver time=0.07366609573364258,exit status=0
	RGN solver time= 0.07370758056640625
	xnorm=5.313596239664974,dnorm=0.00940562220499359
	dense amplitude time= 0.014091968536376953
	total non-zero amplitudes= 4900
	nsamples per process= 50
	sample time= 0.385286808013916
	self.n= 0.47710909792771816
	RGN updated loss=-14.003507404965209,dloss=-1.80614460276729e-07
step= 313

nparam= 1004
	dense amplitude time= 0.021872520446777344
	total non-zero amplitudes= 4900
	nsamples per process= 50
	sample time= 1.6501479148864746
	self.n= 0.4771090979277177
	collect g,h time= 2.87656569480896
E=-14.003507404965207,dE=-1.8061445850037217e-07,std=0
L=-14.003507404965207,dL=-1.8061445850037217e-07,std=0
	gnorm= 3.170973452335961e-05
	symmetric= True
	solver time=0.0044400691986083984,exit status=0
	SR solver time= 0.0044782161712646484
	symmetric= False
	niter= 39
	niter= 374
	solver time=0.07132554054260254,exit status=0
	RGN solver time= 0.07135915756225586
	xnorm=5.3168887572471535,dnorm=0.00943629823494769
	dense amplitude time= 0.014105081558227539
	total non-zero amplitudes= 4900
	nsamples per process= 50
	sample time= 0.3797619342803955
	self.n= 0.4767822283039701
	RGN updated loss=-14.003507593208067,dloss=-1.8824285952234732e-07
step= 314

nparam= 1004
	dense amplitude time= 0.0158998966217041
	total non-zero amplitudes= 4900
	nsamples per process= 50
	sample time= 1.631479263305664
	self.n= 0.47678222830396944
	collect g,h time= 2.8653998374938965
E=-14.003507593208063,dE=-1.8824285596963364e-07,std=0
L=-14.003507593208063,dL=-1.8824285596963364e-07,std=0
	gnorm= 1.4064893519736398e-05
	symmetric= True
	solver time=0.0034630298614501953,exit status=0
	SR solver time= 0.003603696823120117
	symmetric= False
	niter= 30
	niter= 405
	solver time=0.07661652565002441,exit status=0
	RGN solver time= 0.07665252685546875
	xnorm=5.320226039282255,dnorm=0.009447768118688025
	dense amplitude time= 0.015455961227416992
	total non-zero amplitudes= 4900
	nsamples per process= 50
	sample time= 0.3816542625427246
	self.n= 0.47645696552593164
	RGN updated loss=-14.003507777010753,dloss=-1.8380269040108033e-07
step= 315

nparam= 1004
	dense amplitude time= 0.017966508865356445
	total non-zero amplitudes= 4900
	nsamples per process= 50
	sample time= 1.637458086013794
	self.n= 0.476456965525931
	collect g,h time= 2.8868606090545654
E=-14.00350777701075,dE=-1.8380268684836665e-07,std=0
L=-14.00350777701075,dL=-1.8380268684836665e-07,std=0
	gnorm= 1.3245708917265107e-05
	symmetric= True
	solver time=0.0034465789794921875,exit status=0
	SR solver time= 0.003480672836303711
	symmetric= False
	niter= 30
	niter= 409
	solver time=0.07743072509765625,exit status=0
	RGN solver time= 0.07746744155883789
	xnorm=5.323554912710366,dnorm=0.009446944589487092
	dense amplitude time= 0.014158964157104492
	total non-zero amplitudes= 4900
	nsamples per process= 50
	sample time= 0.38028812408447266
	self.n= 0.4761290837183898
	RGN updated loss=-14.003507962595014,dloss=-1.855842644005179e-07
step= 316

nparam= 1004
	dense amplitude time= 0.01567387580871582
	total non-zero amplitudes= 4900
	nsamples per process= 50
	sample time= 1.6258769035339355
	self.n= 0.4761290837183892
	collect g,h time= 2.8778207302093506
E=-14.003507962595014,dE=-1.855842644005179e-07,std=0
L=-14.003507962595014,dL=-1.855842644005179e-07,std=0
	gnorm= 1.322912710691389e-05
	symmetric= True
	solver time=0.003343343734741211,exit status=0
	SR solver time= 0.0033795833587646484
	symmetric= False
	niter= 29
	niter= 405
	solver time=0.07592415809631348,exit status=0
	RGN solver time= 0.07597088813781738
	xnorm=5.326879197785033,dnorm=0.009454546879420931
	dense amplitude time= 0.016567230224609375
	total non-zero amplitudes= 4900
	nsamples per process= 50
	sample time= 0.3798666000366211
	self.n= 0.4758002749939588
	RGN updated loss=-14.003508147892235,dloss=-1.8529722112248237e-07
step= 317

nparam= 1004
	dense amplitude time= 0.02707815170288086
	total non-zero amplitudes= 4900
	nsamples per process= 50
	sample time= 1.625370979309082
	self.n= 0.47580027499395805
	collect g,h time= 2.8738315105438232
E=-14.003508147892234,dE=-1.8529721934612553e-07,std=0
L=-14.003508147892234,dL=-1.8529721934612553e-07,std=0
	gnorm= 1.2911104886744815e-05
	symmetric= True
	solver time=0.003435850143432617,exit status=0
	SR solver time= 0.003473997116088867
	symmetric= False
	niter= 30
	niter= 405
	solver time=0.0763392448425293,exit status=0
	RGN solver time= 0.07637643814086914
	xnorm=5.330198998075271,dnorm=0.009464942700255144
	dense amplitude time= 0.014208555221557617
	total non-zero amplitudes= 4900
	nsamples per process= 50
	sample time= 0.3781607151031494
	self.n= 0.47547188497635245
	RGN updated loss=-14.003508334846059,dloss=-1.8695382486555445e-07
step= 318

nparam= 1004
	dense amplitude time= 0.023777484893798828
	total non-zero amplitudes= 4900
	nsamples per process= 50
	sample time= 1.627152919769287
	self.n= 0.4754718849763523
	collect g,h time= 2.8705246448516846
E=-14.003508334846057,dE=-1.869538230891976e-07,std=0
L=-14.003508334846057,dL=-1.869538230891976e-07,std=0
	gnorm= 1.4515455760807946e-05
	symmetric= True
	solver time=0.0035512447357177734,exit status=0
	SR solver time= 0.0035877227783203125
	symmetric= False
	niter= 31
	niter= 405
	solver time=0.07665467262268066,exit status=0
	RGN solver time= 0.07668852806091309
	xnorm=5.333518826298673,dnorm=0.009484145396863661
	dense amplitude time= 0.014262914657592773
	total non-zero amplitudes= 4900
	nsamples per process= 50
	sample time= 0.3865692615509033
	self.n= 0.4751417440625285
	RGN updated loss=-14.003508519960548,dloss=-1.8511449084712694e-07
step= 319

nparam= 1004
	dense amplitude time= 0.02040863037109375
	total non-zero amplitudes= 4900
	nsamples per process= 50
	sample time= 1.6290411949157715
	self.n= 0.47514174406252796
	collect g,h time= 2.8700404167175293
E=-14.003508519960548,dE=-1.8511449084712694e-07,std=0
L=-14.003508519960548,dL=-1.8511449084712694e-07,std=0
	gnorm= 1.4010203955376847e-05
	symmetric= True
	solver time=0.0036771297454833984,exit status=0
	SR solver time= 0.003713369369506836
	symmetric= False
	niter= 32
	niter= 409
	solver time=0.07930231094360352,exit status=0
	RGN solver time= 0.07934236526489258
	xnorm=5.336840017472369,dnorm=0.009491869442815656
	dense amplitude time= 0.014266014099121094
	total non-zero amplitudes= 4900
	nsamples per process= 50
	sample time= 0.3924064636230469
	self.n= 0.47480951702107943
	RGN updated loss=-14.00350870738101,dloss=-1.8742046314912386e-07
step= 320

nparam= 1004
	dense amplitude time= 0.015593528747558594
	total non-zero amplitudes= 4900
	nsamples per process= 50
	sample time= 1.7011373043060303
	self.n= 0.4748095170210782
	collect g,h time= 2.9037110805511475
E=-14.00350870738101,dE=-1.8742046314912386e-07,std=0
L=-14.00350870738101,dL=-1.8742046314912386e-07,std=0
	gnorm= 1.3364332699111697e-05
	symmetric= True
	solver time=0.0033850669860839844,exit status=0
	SR solver time= 0.0034487247467041016
	symmetric= False
	niter= 29
	niter= 405
	solver time=0.07678985595703125,exit status=0
	RGN solver time= 0.07682490348815918
	xnorm=5.340162564651303,dnorm=0.009502948067822745
	dense amplitude time= 0.014189720153808594
	total non-zero amplitudes= 4900
	nsamples per process= 50
	sample time= 0.3820333480834961
	self.n= 0.4744754917904207
	RGN updated loss=-14.003508895009839,dloss=-1.8762882803002867e-07
step= 321

nparam= 1004
	dense amplitude time= 0.040815114974975586
	total non-zero amplitudes= 4900
	nsamples per process= 50
	sample time= 1.6286132335662842
	self.n= 0.47447549179042003
	collect g,h time= 2.899038553237915
E=-14.003508895009837,dE=-1.8762882625367183e-07,std=0
L=-14.003508895009837,dL=-1.8762882625367183e-07,std=0
	gnorm= 1.3976461237198484e-05
	symmetric= True
	solver time=0.0036809444427490234,exit status=0
	SR solver time= 0.003717184066772461
	symmetric= False
	niter= 31
	solver time=0.07844853401184082,exit status=0
	RGN solver time= 0.07848429679870605
	xnorm=5.343480020604456,dnorm=0.009514920068622023
	niter= 405
	dense amplitude time= 0.014559507369995117
	total non-zero amplitudes= 4900
	nsamples per process= 50
	sample time= 0.39794158935546875
	self.n= 0.47414277976335717
	RGN updated loss=-14.003509083399436,dloss=-1.8838959903177965e-07
step= 322

nparam= 1004
	dense amplitude time= 0.015555143356323242
	total non-zero amplitudes= 4900
	nsamples per process= 50
	sample time= 1.6490705013275146
	self.n= 0.47414277976335645
	collect g,h time= 2.86613392829895
E=-14.003509083399436,dE=-1.8838959903177965e-07,std=0
L=-14.003509083399436,dL=-1.8838959903177965e-07,std=0
	gnorm= 1.4950138984532078e-05
	symmetric= True
	solver time=0.0034928321838378906,exit status=0
	SR solver time= 0.0035295486450195312
	symmetric= False
	niter= 31
	niter= 405
	solver time=0.07661223411560059,exit status=0
	RGN solver time= 0.07665038108825684
	xnorm=5.346795996886091,dnorm=0.00953957003055886
	dense amplitude time= 0.014455080032348633
	total non-zero amplitudes= 4900
	nsamples per process= 50
	sample time= 0.37786865234375
	self.n= 0.47380629050875667
	RGN updated loss=-14.003509271105257,dloss=-1.877058206645188e-07
step= 323

nparam= 1004
	dense amplitude time= 0.027584552764892578
	total non-zero amplitudes= 4900
	nsamples per process= 50
	sample time= 1.642016887664795
	self.n= 0.47380629050875633
	collect g,h time= 2.8786449432373047
E=-14.003509271105255,dE=-1.8770581888816196e-07,std=0
L=-14.003509271105255,dL=-1.8770581888816196e-07,std=0
	gnorm= 1.4343746791010422e-05
	symmetric= True
	solver time=0.003580808639526367,exit status=0
	SR solver time= 0.003627777099609375
	symmetric= False
	niter= 31
	niter= 407
	solver time=0.07950997352600098,exit status=0
	RGN solver time= 0.07955336570739746
	xnorm=5.350116236954974,dnorm=0.009545659619805993
	dense amplitude time= 0.014202356338500977
	total non-zero amplitudes= 4900
	nsamples per process= 50
	sample time= 0.3895692825317383
	self.n= 0.47346918838421315
	RGN updated loss=-14.003509460128095,dloss=-1.8902284004695957e-07
step= 324

nparam= 1004
	dense amplitude time= 0.016037940979003906
	total non-zero amplitudes= 4900
	nsamples per process= 50
	sample time= 1.654331922531128
	self.n= 0.4734691883842128
	collect g,h time= 2.877934694290161
E=-14.003509460128095,dE=-1.8902284004695957e-07,std=0
L=-14.003509460128095,dL=-1.8902284004695957e-07,std=0
	gnorm= 1.3842225407883152e-05
	symmetric= True
	solver time=0.0035703182220458984,exit status=0
	SR solver time= 0.003612518310546875
	symmetric= False
	niter= 31
	niter= 407
	solver time=0.0794365406036377,exit status=0
	RGN solver time= 0.07947087287902832
	xnorm=5.353433618436199,dnorm=0.0095633662504437
	dense amplitude time= 0.014031171798706055
	total non-zero amplitudes= 4900
	nsamples per process= 50
	sample time= 0.3828697204589844
	self.n= 0.4731289267714045
	RGN updated loss=-14.003509650245766,dloss=-1.9011767093957133e-07
step= 325

nparam= 1004
	dense amplitude time= 0.017487287521362305
	total non-zero amplitudes= 4900
	nsamples per process= 50
	sample time= 1.6570823192596436
	self.n= 0.4731289267714043
	collect g,h time= 2.882713556289673
E=-14.003509650245768,dE=-1.9011767271592817e-07,std=0
L=-14.003509650245768,dL=-1.9011767271592817e-07,std=0
	gnorm= 1.4093495985098484e-05
	symmetric= True
	solver time=0.003652334213256836,exit status=0
	SR solver time= 0.0036907196044921875
	symmetric= False
	niter= 31
	niter= 407
	solver time=0.07945108413696289,exit status=0
	RGN solver time= 0.07949447631835938
	xnorm=5.356749087744987,dnorm=0.00957918794536981
	dense amplitude time= 0.014257192611694336
	total non-zero amplitudes= 4900
	nsamples per process= 50
	sample time= 0.3820068836212158
	self.n= 0.47279053428383133
	RGN updated loss=-14.00350984148858,dloss=-1.9124281180893377e-07
step= 326

nparam= 1004
	dense amplitude time= 0.015395879745483398
	total non-zero amplitudes= 4900
	nsamples per process= 50
	sample time= 1.6476242542266846
	self.n= 0.4727905342838309
	collect g,h time= 2.882629632949829
E=-14.003509841488578,dE=-1.9124281003257693e-07,std=0
L=-14.003509841488578,dL=-1.9124281003257693e-07,std=0
	gnorm= 1.4570957815031479e-05
	symmetric= True
	solver time=0.003488302230834961,exit status=0
	SR solver time= 0.0035257339477539062
	symmetric= False
	niter= 30
	niter= 405
	solver time=0.07917094230651855,exit status=0
	RGN solver time= 0.07920956611633301
	xnorm=5.360061649787832,dnorm=0.00960554726252446
	dense amplitude time= 0.014050722122192383
	total non-zero amplitudes= 4900
	nsamples per process= 50
	sample time= 0.38166379928588867
	self.n= 0.47245042681177496
	RGN updated loss=-14.003510031624447,dloss=-1.9013586971539098e-07
step= 327

nparam= 1004
	dense amplitude time= 0.014187097549438477
	total non-zero amplitudes= 4900
	nsamples per process= 50
	sample time= 1.6396152973175049
	self.n= 0.4724504268117742
	collect g,h time= 2.8769919872283936
E=-14.003510031624444,dE=-1.901358661626773e-07,std=0
L=-14.003510031624444,dL=-1.901358661626773e-07,std=0
	gnorm= 1.3699661919837847e-05
	symmetric= True
	solver time=0.0034897327423095703,exit status=0
	SR solver time= 0.003527402877807617
	symmetric= False
	niter= 30
	niter= 408
	solver time=0.07647395133972168,exit status=0
	RGN solver time= 0.07650923728942871
	xnorm=5.363378119977981,dnorm=0.009617288182175962
	dense amplitude time= 0.01679253578186035
	total non-zero amplitudes= 4900
	nsamples per process= 50
	sample time= 0.3803369998931885
	self.n= 0.47210625213941476
	RGN updated loss=-14.003510223821921,dloss=-1.921974774887758e-07
step= 328

nparam= 1004
	dense amplitude time= 0.016570568084716797
	total non-zero amplitudes= 4900
	nsamples per process= 50
	sample time= 1.642019271850586
	self.n= 0.47210625213941426
	collect g,h time= 2.877465009689331
E=-14.003510223821925,dE=-1.9219748104148948e-07,std=0
L=-14.003510223821925,dL=-1.9219748104148948e-07,std=0
	gnorm= 1.3315971249270507e-05
	symmetric= True
	solver time=0.003565549850463867,exit status=0
	SR solver time= 0.003626108169555664
	symmetric= False
	niter= 29
	niter= 405
	solver time=0.07824587821960449,exit status=0
	RGN solver time= 0.07828235626220703
	xnorm=5.366692673803473,dnorm=0.009636843009161036
	dense amplitude time= 0.014277458190917969
	total non-zero amplitudes= 4900
	nsamples per process= 50
	sample time= 0.39240193367004395
	self.n= 0.47176127961799075
	RGN updated loss=-14.003510417467698,dloss=-1.9364577319436194e-07
step= 329

nparam= 1004
	dense amplitude time= 0.024349451065063477
	total non-zero amplitudes= 4900
	nsamples per process= 50
	sample time= 1.633730173110962
	self.n= 0.47176127961799047
	collect g,h time= 2.874695301055908
E=-14.003510417467696,dE=-1.936457714180051e-07,std=0
L=-14.003510417467696,dL=-1.936457714180051e-07,std=0
	gnorm= 1.474366092171546e-05
	symmetric= True
	solver time=0.0034112930297851562,exit status=0
	SR solver time= 0.0034503936767578125
	symmetric= False
	niter= 30
	niter= 405
	solver time=0.07809829711914062,exit status=0
	RGN solver time= 0.07813572883605957
	xnorm=5.370004689668084,dnorm=0.009664983437695611
	dense amplitude time= 0.014364242553710938
	total non-zero amplitudes= 4900
	nsamples per process= 50
	sample time= 0.38015031814575195
	self.n= 0.471415674274469
	RGN updated loss=-14.003510610035576,dloss=-1.9256787986421386e-07
step= 330

nparam= 1004
	dense amplitude time= 0.014674901962280273
	total non-zero amplitudes= 4900
	nsamples per process= 50
	sample time= 1.6232130527496338
	self.n= 0.471415674274469
	collect g,h time= 2.8719987869262695
E=-14.003510610035574,dE=-1.9256787808785703e-07,std=0
L=-14.003510610035574,dL=-1.9256787808785703e-07,std=0
	gnorm= 1.3856164553000306e-05
	symmetric= True
	solver time=0.0034356117248535156,exit status=0
	SR solver time= 0.0034744739532470703
	symmetric= False
	niter= 30
	niter= 407
	solver time=0.07748866081237793,exit status=0
	RGN solver time= 0.07752466201782227
	xnorm=5.3733196482409555,dnorm=0.00968098907783927
	dense amplitude time= 0.014158487319946289
	total non-zero amplitudes= 4900
	nsamples per process= 50
	sample time= 0.3861696720123291
	self.n= 0.47106628754393287
	RGN updated loss=-14.003510804830748,dloss=-1.9479517376908007e-07
step= 331

nparam= 1004
	dense amplitude time= 0.04460620880126953
	total non-zero amplitudes= 4900
	nsamples per process= 50
	sample time= 1.6249220371246338
	self.n= 0.47106628754393287
	collect g,h time= 2.871735095977783
E=-14.00351080483075,dE=-1.947951755454369e-07,std=0
L=-14.00351080483075,dL=-1.947951755454369e-07,std=0
	gnorm= 1.348266093790593e-05
	symmetric= True
	solver time=0.003370523452758789,exit status=0
	SR solver time= 0.003408670425415039
	symmetric= False
	niter= 29
	niter= 405
	solver time=0.07621216773986816,exit status=0
	RGN solver time= 0.07625007629394531
	xnorm=5.376632300227558,dnorm=0.009703425521694335
	dense amplitude time= 0.014129161834716797
	total non-zero amplitudes= 4900
	nsamples per process= 50
	sample time= 0.37715888023376465
	self.n= 0.47071608265105236
	RGN updated loss=-14.0035110016809,dloss=-1.968501504023834e-07
step= 332

nparam= 1004
	dense amplitude time= 0.015031099319458008
	total non-zero amplitudes= 4900
	nsamples per process= 50
	sample time= 1.631559133529663
	self.n= 0.4707160826510525
	collect g,h time= 2.8715879917144775
E=-14.003511001680899,dE=-1.9685014862602657e-07,std=0
L=-14.003511001680899,dL=-1.9685014862602657e-07,std=0
	gnorm= 1.531363791770798e-05
	symmetric= True
	solver time=0.003589630126953125,exit status=0
	SR solver time= 0.0036258697509765625
	symmetric= False
	niter= 31
	niter= 407
	solver time=0.07906389236450195,exit status=0
	RGN solver time= 0.07911348342895508
	xnorm=5.379942251600802,dnorm=0.009743954081441597
	dense amplitude time= 0.014038324356079102
	total non-zero amplitudes= 4900
	nsamples per process= 50
	sample time= 0.381622314453125
	self.n= 0.4703604738627519
	RGN updated loss=-14.00351119770124,dloss=-1.9602034129206913e-07
step= 333

nparam= 1004
	dense amplitude time= 0.01672673225402832
	total non-zero amplitudes= 4900
	nsamples per process= 50
	sample time= 1.6430246829986572
	self.n= 0.4703604738627519
	collect g,h time= 2.877197027206421
E=-14.00351119770124,dE=-1.9602034129206913e-07,std=0
L=-14.00351119770124,dL=-1.9602034129206913e-07,std=0
	gnorm= 1.4065171811817428e-05
	symmetric= True
	solver time=0.003507852554321289,exit status=0
	SR solver time= 0.0035431385040283203
	symmetric= False
	niter= 30
	niter= 408
	solver time=0.07745552062988281,exit status=0
	RGN solver time= 0.07749152183532715
	xnorm=5.383261931881686,dnorm=0.009762065625864461
	dense amplitude time= 0.014104843139648438
	total non-zero amplitudes= 4900
	nsamples per process= 50
	sample time= 0.3788790702819824
	self.n= 0.47000439871655986
	RGN updated loss=-14.003511397120754,dloss=-1.9941951379109923e-07
step= 334

nparam= 1004
	dense amplitude time= 0.015909671783447266
	total non-zero amplitudes= 4900
	nsamples per process= 50
	sample time= 1.6250789165496826
	self.n= 0.4700043987165594
	collect g,h time= 2.8718531131744385
E=-14.003511397120752,dE=-1.994195120147424e-07,std=0
L=-14.003511397120752,dL=-1.994195120147424e-07,std=0
	gnorm= 1.5845590004782936e-05
	symmetric= True
	solver time=0.0036008358001708984,exit status=0
	SR solver time= 0.003636598587036133
	symmetric= False
	niter= 32
	niter= 405
	solver time=0.07633543014526367,exit status=0
	RGN solver time= 0.0763702392578125
	xnorm=5.3865770863279625,dnorm=0.009786276672486575
	dense amplitude time= 0.014191627502441406
	total non-zero amplitudes= 4900
	nsamples per process= 50
	sample time= 0.38123393058776855
	self.n= 0.4696512803510181
	RGN updated loss=-14.00351159407065,dloss=-1.9694989816798625e-07
step= 335

nparam= 1004
	dense amplitude time= 0.026180267333984375
	total non-zero amplitudes= 4900
	nsamples per process= 50
	sample time= 1.617957353591919
	self.n= 0.4696512803510177
	collect g,h time= 2.8650553226470947
E=-14.003511594070652,dE=-1.969498999443431e-07,std=0
L=-14.003511594070652,dL=-1.969498999443431e-07,std=0
	gnorm= 1.5100042632871316e-05
	symmetric= True
	solver time=0.003588438034057617,exit status=0
	SR solver time= 0.0036258697509765625
	symmetric= False
	niter= 32
	niter= 410
	solver time=0.07732868194580078,exit status=0
	RGN solver time= 0.07736492156982422
	xnorm=5.389897069247574,dnorm=0.009815183128541035
	dense amplitude time= 0.014318466186523438
	total non-zero amplitudes= 4900
	nsamples per process= 50
	sample time= 0.384169340133667
	self.n= 0.46928845225388854
	RGN updated loss=-14.003511795532331,dloss=-2.0146167933887682e-07
step= 336

nparam= 1004
	dense amplitude time= 0.015983104705810547
	total non-zero amplitudes= 4900
	nsamples per process= 50
	sample time= 1.6399390697479248
	self.n= 0.4692884522538882
	collect g,h time= 2.867090940475464
E=-14.003511795532335,dE=-2.014616828915905e-07,std=0
L=-14.003511795532335,dL=-2.014616828915905e-07,std=0
	gnorm= 1.5654905996764027e-05
	symmetric= True
	solver time=0.003777742385864258,exit status=0
	SR solver time= 0.0038433074951171875
	symmetric= False
	niter= 32
	niter= 405
	solver time=0.07679367065429688,exit status=0
	RGN solver time= 0.07683086395263672
	xnorm=5.3932107063198655,dnorm=0.009838040017175628
	dense amplitude time= 0.014129400253295898
	total non-zero amplitudes= 4900
	nsamples per process= 50
	sample time= 0.385814905166626
	self.n= 0.4689315777371951
	RGN updated loss=-14.003511995231992,dloss=-1.9969965769917053e-07
step= 337

nparam= 1004
	dense amplitude time= 0.016469478607177734
	total non-zero amplitudes= 4900
	nsamples per process= 50
	sample time= 1.6245076656341553
	self.n= 0.46893157773719496
	collect g,h time= 2.8739912509918213
E=-14.003511995231992,dE=-1.9969965769917053e-07,std=0
L=-14.003511995231992,dL=-1.9969965769917053e-07,std=0
	gnorm= 1.4268355901893691e-05
	symmetric= True
	solver time=0.0034067630767822266,exit status=0
	SR solver time= 0.003443002700805664
	symmetric= False
	niter= 30
	niter= 408
	solver time=0.07690644264221191,exit status=0
	RGN solver time= 0.07694363594055176
	xnorm=5.396526936245947,dnorm=0.00986278718569168
	dense amplitude time= 0.014172554016113281
	total non-zero amplitudes= 4900
	nsamples per process= 50
	sample time= 0.38462066650390625
	self.n= 0.46856815022587783
	RGN updated loss=-14.003512198237031,dloss=-2.030050385570803e-07
step= 338

nparam= 1004
	dense amplitude time= 0.016231775283813477
	total non-zero amplitudes= 4900
	nsamples per process= 50
	sample time= 1.617276668548584
	self.n= 0.46856815022587717
	collect g,h time= 2.86910343170166
E=-14.00351219823703,dE=-2.0300503678072346e-07,std=0
L=-14.00351219823703,dL=-2.0300503678072346e-07,std=0
	gnorm= 1.5262025560956645e-05
	symmetric= True
	solver time=0.003633260726928711,exit status=0
	SR solver time= 0.0036706924438476562
	symmetric= False
	niter= 31
	niter= 405
	solver time=0.07695746421813965,exit status=0
	RGN solver time= 0.07699275016784668
	xnorm=5.399841734063384,dnorm=0.009891302797718035
	dense amplitude time= 0.015194177627563477
	total non-zero amplitudes= 4900
	nsamples per process= 50
	sample time= 0.3846251964569092
	self.n= 0.4682034790321813
	RGN updated loss=-14.003512400323489,dloss=-2.0208645956643068e-07
step= 339

nparam= 1004
	dense amplitude time= 0.022966384887695312
	total non-zero amplitudes= 4900
	nsamples per process= 50
	sample time= 1.6567769050598145
	self.n= 0.46820347903218057
	collect g,h time= 2.921074151992798
E=-14.003512400323487,dE=-2.0208645779007384e-07,std=0
L=-14.003512400323487,dL=-2.0208645779007384e-07,std=0
	gnorm= 1.4412956902320067e-05
	symmetric= True
	solver time=0.0035262107849121094,exit status=0
	SR solver time= 0.003566265106201172
	symmetric= False
	niter= 31
	niter= 407
	solver time=0.0786442756652832,exit status=0
	RGN solver time= 0.07868289947509766
	xnorm=5.403157584175645,dnorm=0.009922286237491409
	dense amplitude time= 0.01424860954284668
	total non-zero amplitudes= 4900
	nsamples per process= 50
	sample time= 0.3925209045410156
	self.n= 0.4678350572613295
	RGN updated loss=-14.003512605758273,dloss=-2.0543478562728978e-07
step= 340

nparam= 1004
	dense amplitude time= 0.020050048828125
	total non-zero amplitudes= 4900
	nsamples per process= 50
	sample time= 1.6207561492919922
	self.n= 0.4678350572613297
	collect g,h time= 2.875818967819214
E=-14.00351260575827,dE=-2.0543478385093294e-07,std=0
L=-14.00351260575827,dL=-2.0543478385093294e-07,std=0
	gnorm= 1.54209261745537e-05
	symmetric= True
	solver time=0.003608226776123047,exit status=0
	SR solver time= 0.003644227981567383
	symmetric= False
	niter= 31
	niter= 405
	solver time=0.07640433311462402,exit status=0
	RGN solver time= 0.07644271850585938
	xnorm=5.406469933521091,dnorm=0.009953089828647017
	dense amplitude time= 0.01412057876586914
	total non-zero amplitudes= 4900
	nsamples per process= 50
	sample time= 0.37793612480163574
	self.n= 0.4674661622521882
	RGN updated loss=-14.00351281052107,dloss=-2.0476279871672887e-07
step= 341

nparam= 1004
	dense amplitude time= 0.04407167434692383
	total non-zero amplitudes= 4900
	nsamples per process= 50
	sample time= 1.6752116680145264
	self.n= 0.46746616225218784
	collect g,h time= 2.917757987976074
E=-14.003512810521073,dE=-2.0476280226944255e-07,std=0
L=-14.003512810521073,dL=-2.0476280226944255e-07,std=0
	gnorm= 1.4571517146656896e-05
	symmetric= True
	solver time=0.0035130977630615234,exit status=0
	SR solver time= 0.0035495758056640625
	symmetric= False
	niter= 31
	niter= 407
	solver time=0.07755851745605469,exit status=0
	RGN solver time= 0.07760190963745117
	xnorm=5.409783226466231,dnorm=0.009987394032944935
	dense amplitude time= 0.014119148254394531
	total non-zero amplitudes= 4900
	nsamples per process= 50
	sample time= 0.38104891777038574
	self.n= 0.46709330763810064
	RGN updated loss=-14.003513018644231,dloss=-2.0812315781881807e-07
step= 342

nparam= 1004
	dense amplitude time= 0.020313739776611328
	total non-zero amplitudes= 4900
	nsamples per process= 50
	sample time= 1.641369104385376
	self.n= 0.46709330763810064
	collect g,h time= 2.8989853858947754
E=-14.003513018644233,dE=-2.081231595951749e-07,std=0
L=-14.003513018644233,dL=-2.081231595951749e-07,std=0
	gnorm= 1.559084344667357e-05
	symmetric= True
	solver time=0.0035669803619384766,exit status=0
	SR solver time= 0.003603219985961914
	symmetric= False
	niter= 31
	niter= 405
	solver time=0.07868528366088867,exit status=0
	RGN solver time= 0.07872271537780762
	xnorm=5.4130932083411265,dnorm=0.010020036261957962
	dense amplitude time= 0.014331817626953125
	total non-zero amplitudes= 4900
	nsamples per process= 50
	sample time= 0.3971595764160156
	self.n= 0.46671979920367174
	RGN updated loss=-14.003513226313933,dloss=-2.07669700102997e-07
step= 343

nparam= 1004
	dense amplitude time= 0.013955116271972656
	total non-zero amplitudes= 4900
	nsamples per process= 50
	sample time= 1.6257987022399902
	self.n= 0.46671979920367135
	collect g,h time= 2.8652992248535156
E=-14.003513226313933,dE=-2.07669700102997e-07,std=0
L=-14.003513226313933,dL=-2.07669700102997e-07,std=0
	gnorm= 1.4739914571333004e-05
	symmetric= True
	solver time=0.0034949779510498047,exit status=0
	SR solver time= 0.0035288333892822266
	symmetric= False
	niter= 31
	niter= 408
	solver time=0.07721734046936035,exit status=0
	RGN solver time= 0.07725358009338379
	xnorm=5.416404145404911,dnorm=0.01005734344744129
	dense amplitude time= 0.014361858367919922
	total non-zero amplitudes= 4900
	nsamples per process= 50
	sample time= 0.38323521614074707
	self.n= 0.46634213087164983
	RGN updated loss=-14.003513437343807,dloss=-2.1102987446397492e-07
step= 344

nparam= 1004
	dense amplitude time= 0.015257596969604492
	total non-zero amplitudes= 4900
	nsamples per process= 50
	sample time= 1.6417067050933838
	self.n= 0.4663421308716492
	collect g,h time= 2.925328254699707
E=-14.003513437343809,dE=-2.1102987624033176e-07,std=0
L=-14.003513437343809,dL=-2.1102987624033176e-07,std=0
	gnorm= 1.576602435488284e-05
	symmetric= True
	solver time=0.0036160945892333984,exit status=0
	SR solver time= 0.0036840438842773438
	symmetric= False
	niter= 31
	niter= 405
	solver time=0.0775454044342041,exit status=0
	RGN solver time= 0.07758450508117676
	xnorm=5.419711893322178,dnorm=0.010092121122476795
	dense amplitude time= 0.014195442199707031
	total non-zero amplitudes= 4900
	nsamples per process= 50
	sample time= 0.39067625999450684
	self.n= 0.4659634992037919
	RGN updated loss=-14.003513648943398,dloss=-2.115995894058642e-07
step= 345

nparam= 1004
	dense amplitude time= 0.02464890480041504
	total non-zero amplitudes= 4900
	nsamples per process= 50
	sample time= 1.6286206245422363
	self.n= 0.46596349920379193
	collect g,h time= 2.901150703430176
E=-14.003513648943398,dE=-2.115995894058642e-07,std=0
L=-14.003513648943398,dL=-2.115995894058642e-07,std=0
	gnorm= 1.4490540497899835e-05
	symmetric= True
	solver time=0.003508329391479492,exit status=0
	SR solver time= 0.0035486221313476562
	symmetric= False
	niter= 29
	niter= 405
	solver time=0.0778350830078125,exit status=0
	RGN solver time= 0.07787466049194336
	xnorm=5.423020592973797,dnorm=0.010127708560723992
	dense amplitude time= 0.014229774475097656
	total non-zero amplitudes= 4900
	nsamples per process= 50
	sample time= 0.3933572769165039
	self.n= 0.4655812888975892
	RGN updated loss=-14.003513861839549,dloss=-2.128961504865856e-07
step= 346

nparam= 1004
	dense amplitude time= 0.02090311050415039
	total non-zero amplitudes= 4900
	nsamples per process= 50
	sample time= 1.6556396484375
	self.n= 0.46558128889758926
	collect g,h time= 2.86592173576355
E=-14.003513861839545,dE=-2.1289614693387193e-07,std=0
L=-14.003513861839545,dL=-2.1289614693387193e-07,std=0
	gnorm= 1.631854039565624e-05
	symmetric= True
	solver time=0.0067119598388671875,exit status=0
	SR solver time= 0.006750345230102539
	symmetric= False
	niter= 32
	niter= 409
	solver time=0.07909941673278809,exit status=0
	RGN solver time= 0.07913732528686523
	xnorm=5.426330898746951,dnorm=0.010190107043249874
	dense amplitude time= 0.01654219627380371
	total non-zero amplitudes= 4900
	nsamples per process= 50
	sample time= 0.38062286376953125
	self.n= 0.46519160495709655
	RGN updated loss=-14.003514078824777,dloss=-2.1698523156032934e-07
step= 347

nparam= 1004
	dense amplitude time= 0.025093793869018555
	total non-zero amplitudes= 4900
	nsamples per process= 50
	sample time= 1.640873908996582
	self.n= 0.4651916049570966
	collect g,h time= 2.908965826034546
E=-14.003514078824779,dE=-2.1698523333668618e-07,std=0
L=-14.003514078824779,dL=-2.1698523333668618e-07,std=0
	gnorm= 1.6164460236343078e-05
	symmetric= True
	solver time=0.0035123825073242188,exit status=0
	SR solver time= 0.003556966781616211
	symmetric= False
	niter= 31
	niter= 405
	solver time=0.0770728588104248,exit status=0
	RGN solver time= 0.07710838317871094
	xnorm=5.429633303390575,dnorm=0.010223707444139632
	dense amplitude time= 0.014260530471801758
	total non-zero amplitudes= 4900
	nsamples per process= 50
	sample time= 0.38074660301208496
	self.n= 0.46480545399559525
	RGN updated loss=-14.003514296033275,dloss=-2.1720849652240304e-07
step= 348

nparam= 1004
	dense amplitude time= 0.015500783920288086
	total non-zero amplitudes= 4900
	nsamples per process= 50
	sample time= 1.6260457038879395
	self.n= 0.46480545399559464
	collect g,h time= 2.8764588832855225
E=-14.003514296033277,dE=-2.1720849829875988e-07,std=0
L=-14.003514296033277,dL=-2.1720849829875988e-07,std=0
	gnorm= 1.4944268474590281e-05
	symmetric= True
	solver time=0.003432035446166992,exit status=0
	SR solver time= 0.0034706592559814453
	symmetric= False
	niter= 29
	niter= 405
	solver time=0.07807540893554688,exit status=0
	RGN solver time= 0.07811307907104492
	xnorm=5.432932991664381,dnorm=0.010264593944307855
	dense amplitude time= 0.014467239379882812
	total non-zero amplitudes= 4900
	nsamples per process= 50
	sample time= 0.39850664138793945
	self.n= 0.4644166280677951
	RGN updated loss=-14.003514515133665,dloss=-2.1910038761063788e-07
step= 349

nparam= 1004
	dense amplitude time= 0.016979455947875977
	total non-zero amplitudes= 4900
	nsamples per process= 50
	sample time= 1.6691091060638428
	self.n= 0.46441662806779516
	collect g,h time= 2.8778231143951416
E=-14.003514515133665,dE=-2.1910038761063788e-07,std=0
L=-14.003514515133665,dL=-2.1910038761063788e-07,std=0
	gnorm= 1.4930519728262857e-05
	symmetric= True
	solver time=0.003307342529296875,exit status=0
	SR solver time= 0.0033416748046875
	symmetric= False
	niter= 29
	niter= 405
	solver time=0.07556653022766113,exit status=0
	RGN solver time= 0.07560300827026367
	xnorm=5.436233664480541,dnorm=0.010308361318979692
	dense amplitude time= 0.014114618301391602
	total non-zero amplitudes= 4900
	nsamples per process= 50
	sample time= 0.38438844680786133
	self.n= 0.46402435194115244
	RGN updated loss=-14.00351473615919,dloss=-2.2102552499347894e-07
step= 350

nparam= 1004
	dense amplitude time= 0.01592397689819336
	total non-zero amplitudes= 4900
	nsamples per process= 50
	sample time= 1.6200575828552246
	self.n= 0.464024351941152
	collect g,h time= 2.9064276218414307
E=-14.003514736159191,dE=-2.2102552676983578e-07,std=0
L=-14.003514736159191,dL=-2.2102552676983578e-07,std=0
	gnorm= 1.5039572300880954e-05
	symmetric= True
	solver time=0.0034873485565185547,exit status=0
	SR solver time= 0.003523111343383789
	symmetric= False
	niter= 29
	niter= 405
	solver time=0.07931852340698242,exit status=0
	RGN solver time= 0.07935857772827148
	xnorm=5.439535471665075,dnorm=0.010354053917331319
	dense amplitude time= 0.014560222625732422
	total non-zero amplitudes= 4900
	nsamples per process= 50
	sample time= 0.39049792289733887
	self.n= 0.4636288762708066
	RGN updated loss=-14.00351495949186,dloss=-2.2333266791463302e-07
step= 351

nparam= 1004
	dense amplitude time= 0.050481319427490234
	total non-zero amplitudes= 4900
	nsamples per process= 50
	sample time= 1.6355950832366943
	self.n= 0.4636288762708056
	collect g,h time= 2.8637566566467285
E=-14.003514959491861,dE=-2.2333266969098986e-07,std=0
L=-14.003514959491861,dL=-2.2333266969098986e-07,std=0
	gnorm= 1.5262568190309656e-05
	symmetric= True
	solver time=0.0035333633422851562,exit status=0
	SR solver time= 0.003570079803466797
	symmetric= False
	niter= 30
	niter= 405
	solver time=0.07794308662414551,exit status=0
	RGN solver time= 0.07798075675964355
	xnorm=5.442838006149858,dnorm=0.010403667807470422
	dense amplitude time= 0.01582193374633789
	total non-zero amplitudes= 4900
	nsamples per process= 50
	sample time= 0.3931279182434082
	self.n= 0.46323092333107674
	RGN updated loss=-14.003515184770274,dloss=-2.2527841281316796e-07
step= 352

nparam= 1004
	dense amplitude time= 0.01682257652282715
	total non-zero amplitudes= 4900
	nsamples per process= 50
	sample time= 1.7001471519470215
	self.n= 0.4632309233310762
	collect g,h time= 2.8986663818359375
E=-14.00351518477027,dE=-2.2527840926045428e-07,std=0
L=-14.00351518477027,dL=-2.2527840926045428e-07,std=0
	gnorm= 1.5273701107076686e-05
	symmetric= True
	solver time=0.003431081771850586,exit status=0
	SR solver time= 0.0034935474395751953
	symmetric= False
	niter= 29
	niter= 405
	solver time=0.07700252532958984,exit status=0
	RGN solver time= 0.07704305648803711
	xnorm=5.446142649266466,dnorm=0.010452416142362206
	dense amplitude time= 0.014133930206298828
	total non-zero amplitudes= 4900
	nsamples per process= 50
	sample time= 0.37935829162597656
	self.n= 0.4628299737172623
	RGN updated loss=-14.00351541213302,dloss=-2.273627490723129e-07
step= 353

nparam= 1004
	dense amplitude time= 0.01882147789001465
	total non-zero amplitudes= 4900
	nsamples per process= 50
	sample time= 1.6177008152008057
	self.n= 0.462829973717262
	collect g,h time= 2.882693290710449
E=-14.003515412133018,dE=-2.2736274729595607e-07,std=0
L=-14.003515412133018,dL=-2.2736274729595607e-07,std=0
	gnorm= 1.539650859469036e-05
	symmetric= True
	solver time=0.0033693313598632812,exit status=0
	SR solver time= 0.0034055709838867188
	symmetric= False
	niter= 29
	niter= 405
	solver time=0.07839798927307129,exit status=0
	RGN solver time= 0.07843422889709473
	xnorm=5.449446143928439,dnorm=0.010502956713778856
	dense amplitude time= 0.014527082443237305
	total non-zero amplitudes= 4900
	nsamples per process= 50
	sample time= 0.4026367664337158
	self.n= 0.46242566742767005
	RGN updated loss=-14.003515641737447,dloss=-2.296044296912214e-07
step= 354

nparam= 1004
	dense amplitude time= 0.022502660751342773
	total non-zero amplitudes= 4900
	nsamples per process= 50
	sample time= 1.64005446434021
	self.n= 0.46242566742766944
	collect g,h time= 2.8646388053894043
E=-14.003515641737447,dE=-2.296044296912214e-07,std=0
L=-14.003515641737447,dL=-2.296044296912214e-07,std=0
	gnorm= 1.5523562691432423e-05
	symmetric= True
	solver time=0.0032792091369628906,exit status=0
	SR solver time= 0.0033142566680908203
	symmetric= False
	niter= 29
	niter= 405
	solver time=0.07698416709899902,exit status=0
	RGN solver time= 0.07702088356018066
	xnorm=5.452749773732974,dnorm=0.010555408582260239
	dense amplitude time= 0.01426386833190918
	total non-zero amplitudes= 4900
	nsamples per process= 50
	sample time= 0.3882138729095459
	self.n= 0.4620178336031499
	RGN updated loss=-14.003515873682922,dloss=-2.3194547438265545e-07
step= 355

nparam= 1004
	dense amplitude time= 0.029148340225219727
	total non-zero amplitudes= 4900
	nsamples per process= 50
	sample time= 1.7028295993804932
	self.n= 0.4620178336031494
	collect g,h time= 2.9109249114990234
E=-14.00351587368292,dE=-2.319454726062986e-07,std=0
L=-14.00351587368292,dL=-2.319454726062986e-07,std=0
	gnorm= 1.56552651479165e-05
	symmetric= True
	solver time=0.003402233123779297,exit status=0
	SR solver time= 0.003437519073486328
	symmetric= False
	niter= 30
	niter= 405
	solver time=0.07492399215698242,exit status=0
	RGN solver time= 0.07496023178100586
	xnorm=5.45605361830378,dnorm=0.010609777566661892
	dense amplitude time= 0.01410818099975586
	total non-zero amplitudes= 4900
	nsamples per process= 50
	sample time= 0.38163328170776367
	self.n= 0.4616063932823704
	RGN updated loss=-14.003516108350608,dloss=-2.3466768794833115e-07
step= 356

nparam= 1004
	dense amplitude time= 0.015413284301757812
	total non-zero amplitudes= 4900
	nsamples per process= 50
	sample time= 1.6157784461975098
	self.n= 0.4616063932823704
	collect g,h time= 2.8729207515716553
E=-14.003516108350608,dE=-2.3466768794833115e-07,std=0
L=-14.003516108350608,dL=-2.3466768794833115e-07,std=0
	gnorm= 1.6733080773951916e-05
	symmetric= True
	solver time=0.0036878585815429688,exit status=0
	SR solver time= 0.00372314453125
	symmetric= False
	niter= 31
	niter= 408
	solver time=0.07993793487548828,exit status=0
	RGN solver time= 0.07997679710388184
	xnorm=5.45935768328055,dnorm=0.01066826333107587
	dense amplitude time= 0.014548540115356445
	total non-zero amplitudes= 4900
	nsamples per process= 50
	sample time= 0.4060370922088623
	self.n= 0.46118856246190376
	RGN updated loss=-14.00351634545279,dloss=-2.3710218144401551e-07
step= 357

nparam= 1004
	dense amplitude time= 0.01543426513671875
	total non-zero amplitudes= 4900
	nsamples per process= 50
	sample time= 1.6475732326507568
	self.n= 0.4611885624619032
	collect g,h time= 2.866694450378418
E=-14.003516345452788,dE=-2.3710217966765867e-07,std=0
L=-14.003516345452788,dL=-2.3710217966765867e-07,std=0
	gnorm= 1.5955365443810323e-05
	symmetric= True
	solver time=0.0034279823303222656,exit status=0
	SR solver time= 0.0034651756286621094
	symmetric= False
	niter= 30
	niter= 405
	solver time=0.07627367973327637,exit status=0
	RGN solver time= 0.0763101577758789
	xnorm=5.462662503128426,dnorm=0.01072573555942046
	dense amplitude time= 0.015400171279907227
	total non-zero amplitudes= 4900
	nsamples per process= 50
	sample time= 0.3798387050628662
	self.n= 0.46076838271246434
	RGN updated loss=-14.003516585078458,dloss=-2.3962567041735383e-07
step= 358

nparam= 1004
	dense amplitude time= 0.017092466354370117
	total non-zero amplitudes= 4900
	nsamples per process= 50
	sample time= 1.7078166007995605
	self.n= 0.46076838271246423
	collect g,h time= 2.919358253479004
E=-14.00351658507846,dE=-2.3962567219371067e-07,std=0
L=-14.00351658507846,dL=-2.3962567219371067e-07,std=0
	gnorm= 1.608419063014816e-05
	symmetric= True
	solver time=0.0035195350646972656,exit status=0
	SR solver time= 0.003557920455932617
	symmetric= False
	niter= 30
	niter= 405
	solver time=0.07837891578674316,exit status=0
	RGN solver time= 0.0784149169921875
	xnorm=5.465967005869867,dnorm=0.010785838613929746
	dense amplitude time= 0.013993263244628906
	total non-zero amplitudes= 4900
	nsamples per process= 50
	sample time= 0.3876917362213135
	self.n= 0.46034507197973185
	RGN updated loss=-14.003516827443967,dloss=-2.423655072192332e-07
step= 359

nparam= 1004
	dense amplitude time= 0.013900995254516602
	total non-zero amplitudes= 4900
	nsamples per process= 50
	sample time= 1.6228923797607422
	self.n= 0.4603450719797313
	collect g,h time= 2.8706586360931396
E=-14.003516827443967,dE=-2.423655072192332e-07,std=0
L=-14.003516827443967,dL=-2.423655072192332e-07,std=0
	gnorm= 1.6234481496784654e-05
	symmetric= True
	solver time=0.0034155845642089844,exit status=0
	SR solver time= 0.003454923629760742
	symmetric= False
	niter= 30
	niter= 405
	solver time=0.07658624649047852,exit status=0
	RGN solver time= 0.07662320137023926
	xnorm=5.469271892383913,dnorm=0.010848012349903022
	dense amplitude time= 0.014335155487060547
	total non-zero amplitudes= 4900
	nsamples per process= 50
	sample time= 0.38765716552734375
	self.n= 0.45991810105100717
	RGN updated loss=-14.003517072661136,dloss=-2.4521716923686654e-07
step= 360

nparam= 1004
	dense amplitude time= 0.01685810089111328
	total non-zero amplitudes= 4900
	nsamples per process= 50
	sample time= 1.6626875400543213
	self.n= 0.45991810105100683
	collect g,h time= 2.885124921798706
E=-14.003517072661133,dE=-2.4521716568415286e-07,std=0
L=-14.003517072661133,dL=-2.4521716568415286e-07,std=0
	gnorm= 1.639240124565129e-05
	symmetric= True
	solver time=0.003556966781616211,exit status=0
	SR solver time= 0.0036258697509765625
	symmetric= False
	niter= 30
	niter= 405
	solver time=0.07689166069030762,exit status=0
	RGN solver time= 0.0769343376159668
	xnorm=5.472577443747535,dnorm=0.010912276227626475
	dense amplitude time= 0.014213085174560547
	total non-zero amplitudes= 4900
	nsamples per process= 50
	sample time= 0.3800022602081299
	self.n= 0.45948719038781405
	RGN updated loss=-14.003517320843667,dloss=-2.48182534079433e-07
step= 361

nparam= 1004
	dense amplitude time= 0.04901242256164551
	total non-zero amplitudes= 4900
	nsamples per process= 50
	sample time= 1.6233267784118652
	self.n= 0.4594871903878138
	collect g,h time= 2.870553731918335
E=-14.003517320843667,dE=-2.48182534079433e-07,std=0
L=-14.003517320843667,dL=-2.48182534079433e-07,std=0
	gnorm= 1.655694582082719e-05
	symmetric= True
	solver time=0.0036516189575195312,exit status=0
	SR solver time= 0.0036895275115966797
	symmetric= False
	niter= 30
	niter= 405
	solver time=0.07933568954467773,exit status=0
	RGN solver time= 0.07938647270202637
	xnorm=5.475883839201124,dnorm=0.010978648402255892
	dense amplitude time= 0.014168977737426758
	total non-zero amplitudes= 4900
	nsamples per process= 50
	sample time= 0.3820812702178955
	self.n= 0.4590521435286429
	RGN updated loss=-14.003517572108237,dloss=-2.512645700392113e-07
step= 362

nparam= 1004
	dense amplitude time= 0.015095710754394531
	total non-zero amplitudes= 4900
	nsamples per process= 50
	sample time= 1.651956558227539
	self.n= 0.4590521435286431
	collect g,h time= 2.8804705142974854
E=-14.003517572108237,dE=-2.512645700392113e-07,std=0
L=-14.003517572108237,dL=-2.512645700392113e-07,std=0
	gnorm= 1.672783644264352e-05
	symmetric= True
	solver time=0.003506183624267578,exit status=0
	SR solver time= 0.003542661666870117
	symmetric= False
	niter= 30
	niter= 405
	solver time=0.07851862907409668,exit status=0
	RGN solver time= 0.07855606079101562
	xnorm=5.479191248848313,dnorm=0.01104715925045038
	dense amplitude time= 0.014079809188842773
	total non-zero amplitudes= 4900
	nsamples per process= 50
	sample time= 0.3817172050476074
	self.n= 0.45861280168993845
	RGN updated loss=-14.003517826574889,dloss=-2.544666521941963e-07
step= 363

nparam= 1004
	dense amplitude time= 0.017131328582763672
	total non-zero amplitudes= 4900
	nsamples per process= 50
	sample time= 1.6391565799713135
	self.n= 0.4586128016899378
	collect g,h time= 2.8729512691497803
E=-14.003517826574893,dE=-2.5446665574690996e-07,std=0
L=-14.003517826574893,dL=-2.5446665574690996e-07,std=0
	gnorm= 1.690532661499464e-05
	symmetric= True
	solver time=0.003453969955444336,exit status=0
	SR solver time= 0.0034906864166259766
	symmetric= False
	niter= 30
	niter= 405
	solver time=0.07838034629821777,exit status=0
	RGN solver time= 0.07842779159545898
	xnorm=5.482499843275358,dnorm=0.011117855226757492
	dense amplitude time= 0.014127492904663086
	total non-zero amplitudes= 4900
	nsamples per process= 50
	sample time= 0.3798375129699707
	self.n= 0.45816902394527564
	RGN updated loss=-14.003518084367489,dloss=-2.5779259615887895e-07
step= 364

nparam= 1004
	dense amplitude time= 0.02391219139099121
	total non-zero amplitudes= 4900
	nsamples per process= 50
	sample time= 1.6236660480499268
	self.n= 0.45816902394527514
	collect g,h time= 2.8706231117248535
E=-14.003518084367489,dE=-2.5779259615887895e-07,std=0
L=-14.003518084367489,dL=-2.5779259615887895e-07,std=0
	gnorm= 1.7089417527403607e-05
	symmetric= True
	solver time=0.003569364547729492,exit status=0
	SR solver time= 0.003606557846069336
	symmetric= False
	niter= 30
	niter= 405
	solver time=0.07988119125366211,exit status=0
	RGN solver time= 0.0799245834350586
	xnorm=5.485809823023166,dnorm=0.011190753919816632
	dense amplitude time= 0.014106512069702148
	total non-zero amplitudes= 4900
	nsamples per process= 50
	sample time= 0.38144874572753906
	self.n= 0.45772067966212543
	RGN updated loss=-14.003518345613182,dloss=-2.612456935224827e-07
step= 365

nparam= 1004
	dense amplitude time= 0.024106740951538086
	total non-zero amplitudes= 4900
	nsamples per process= 50
	sample time= 1.6514718532562256
	self.n= 0.4577206796621249
	collect g,h time= 2.870723009109497
E=-14.003518345613184,dE=-2.6124569529883956e-07,std=0
L=-14.003518345613184,dL=-2.6124569529883956e-07,std=0
	gnorm= 1.7280439310180912e-05
	symmetric= True
	solver time=0.0036041736602783203,exit status=0
	SR solver time= 0.003640413284301758
	symmetric= False
	niter= 30
	niter= 405
	solver time=0.07910394668579102,exit status=0
	RGN solver time= 0.0791475772857666
	xnorm=5.489121394890583,dnorm=0.011265928607890918
	dense amplitude time= 0.014311075210571289
	total non-zero amplitudes= 4900
	nsamples per process= 50
	sample time= 0.387481689453125
	self.n= 0.45726763836652906
	RGN updated loss=-14.003518610443441,dloss=-2.6483025727941367e-07
step= 366

nparam= 1004
	dense amplitude time= 0.024585962295532227
	total non-zero amplitudes= 4900
	nsamples per process= 50
	sample time= 1.62034010887146
	self.n= 0.4572676383665286
	collect g,h time= 2.861205577850342
E=-14.003518610443438,dE=-2.648302537267e-07,std=0
L=-14.003518610443438,dL=-2.648302537267e-07,std=0
	gnorm= 1.7478580592184675e-05
	symmetric= True
	solver time=0.0034568309783935547,exit status=0
	SR solver time= 0.0034914016723632812
	symmetric= False
	niter= 30
	niter= 405
	solver time=0.07634830474853516,exit status=0
	RGN solver time= 0.07639002799987793
	xnorm=5.492434802603146,dnorm=0.011343360430181389
	dense amplitude time= 0.014336109161376953
	total non-zero amplitudes= 4900
	nsamples per process= 50
	sample time= 0.3802495002746582
	self.n= 0.4568097767239264
	RGN updated loss=-14.003518878992166,dloss=-2.6854872814396913e-07
step= 367

nparam= 1004
	dense amplitude time= 0.016095876693725586
	total non-zero amplitudes= 4900
	nsamples per process= 50
	sample time= 1.6221356391906738
	self.n= 0.4568097767239261
	collect g,h time= 2.8603761196136475
E=-14.003518878992166,dE=-2.6854872814396913e-07,std=0
L=-14.003518878992166,dL=-2.6854872814396913e-07,std=0
	gnorm= 1.768399986210052e-05
	symmetric= True
	solver time=0.0034890174865722656,exit status=0
	SR solver time= 0.0035250186920166016
	symmetric= False
	niter= 30
	niter= 405
	solver time=0.0764610767364502,exit status=0
	RGN solver time= 0.07650518417358398
	xnorm=5.49575029135907,dnorm=0.011423095632322012
	dense amplitude time= 0.014180898666381836
	total non-zero amplitudes= 4900
	nsamples per process= 50
	sample time= 0.3784627914428711
	self.n= 0.456346969893763
	RGN updated loss=-14.003519152257825,dloss=-2.732656589898852e-07
step= 368

nparam= 1004
	dense amplitude time= 0.015743732452392578
	total non-zero amplitudes= 4900
	nsamples per process= 50
	sample time= 1.6198205947875977
	self.n= 0.45634696989376244
	collect g,h time= 2.8702712059020996
E=-14.003519152257825,dE=-2.732656589898852e-07,std=0
L=-14.003519152257825,dL=-2.732656589898852e-07,std=0
	gnorm= 1.844556333400778e-05
	symmetric= True
	solver time=0.003643512725830078,exit status=0
	SR solver time= 0.0037131309509277344
	symmetric= False
	niter= 31
	niter= 405
	solver time=0.076690673828125,exit status=0
	RGN solver time= 0.07672929763793945
	xnorm=5.499068131596148,dnorm=0.011526111803146694
	dense amplitude time= 0.014270544052124023
	total non-zero amplitudes= 4900
	nsamples per process= 50
	sample time= 0.37879395484924316
	self.n= 0.4558783649346754
	RGN updated loss=-14.003519429772542,dloss=-2.7751471698422847e-07
step= 369

nparam= 1004
	dense amplitude time= 0.019521713256835938
	total non-zero amplitudes= 4900
	nsamples per process= 50
	sample time= 1.6371595859527588
	self.n= 0.45587836493467515
	collect g,h time= 2.87811017036438
E=-14.003519429772538,dE=-2.775147134315148e-07,std=0
L=-14.003519429772538,dL=-2.775147134315148e-07,std=0
	gnorm= 1.8184496341498084e-05
	symmetric= True
	solver time=0.0034987926483154297,exit status=0
	SR solver time= 0.003537416458129883
	symmetric= False
	niter= 30
	niter= 405
	solver time=0.07870769500732422,exit status=0
	RGN solver time= 0.07874536514282227
	xnorm=5.502385397586165,dnorm=0.011608157186433841
	dense amplitude time= 0.014170646667480469
	total non-zero amplitudes= 4900
	nsamples per process= 50
	sample time= 0.3832263946533203
	self.n= 0.45540616018052443
	RGN updated loss=-14.00351971115041,dloss=-2.813778721133531e-07
step= 370

nparam= 1004
	dense amplitude time= 0.016569852828979492
	total non-zero amplitudes= 4900
	nsamples per process= 50
	sample time= 1.646996259689331
	self.n= 0.4554061601805244
	collect g,h time= 2.877610921859741
E=-14.003519711150409,dE=-2.8137787033699624e-07,std=0
L=-14.003519711150409,dL=-2.8137787033699624e-07,std=0
	gnorm= 1.8410233630239735e-05
	symmetric= True
	solver time=0.0036230087280273438,exit status=0
	SR solver time= 0.0036606788635253906
	symmetric= False
	niter= 30
	niter= 405
	solver time=0.07837104797363281,exit status=0
	RGN solver time= 0.07841372489929199
	xnorm=5.505701240517366,dnorm=0.011694379147644858
	dense amplitude time= 0.014204025268554688
	total non-zero amplitudes= 4900
	nsamples per process= 50
	sample time= 0.38263702392578125
	self.n= 0.4549292615662833
	RGN updated loss=-14.00351999677804,dloss=-2.856276317686479e-07
step= 371

nparam= 1004
	dense amplitude time= 0.04438900947570801
	total non-zero amplitudes= 4900
	nsamples per process= 50
	sample time= 1.6229593753814697
	self.n= 0.4549292615662829
	collect g,h time= 2.8695387840270996
E=-14.00351999677804,dE=-2.856276317686479e-07,std=0
L=-14.00351999677804,dL=-2.856276317686479e-07,std=0
	gnorm= 1.8637890529376357e-05
	symmetric= True
	solver time=0.003589153289794922,exit status=0
	SR solver time= 0.003623485565185547
	symmetric= False
	niter= 30
	niter= 405
	solver time=0.08145594596862793,exit status=0
	RGN solver time= 0.08150887489318848
	xnorm=5.5090168685561505,dnorm=0.011783474348356091
	dense amplitude time= 0.01428532600402832
	total non-zero amplitudes= 4900
	nsamples per process= 50
	sample time= 0.38403987884521484
	self.n= 0.45444659315292524
	RGN updated loss=-14.00352028680416,dloss=-2.900261204530352e-07
step= 372

nparam= 1004
	dense amplitude time= 0.015540599822998047
	total non-zero amplitudes= 4900
	nsamples per process= 50
	sample time= 1.6226739883422852
	self.n= 0.4544465931529248
	collect g,h time= 2.8703649044036865
E=-14.003520286804163,dE=-2.9002612222939206e-07,std=0
L=-14.003520286804163,dL=-2.9002612222939206e-07,std=0
	gnorm= 1.8851542764607594e-05
	symmetric= True
	solver time=0.003409862518310547,exit status=0
	SR solver time= 0.0034449100494384766
	symmetric= False
	niter= 30
	niter= 405
	solver time=0.07585620880126953,exit status=0
	RGN solver time= 0.07589578628540039
	xnorm=5.51233380784915,dnorm=0.01187503533830026
	dense amplitude time= 0.014266490936279297
	total non-zero amplitudes= 4900
	nsamples per process= 50
	sample time= 0.3853261470794678
	self.n= 0.45395780731735347
	RGN updated loss=-14.00352058147299,dloss=-2.946688280047738e-07
step= 373

nparam= 1004
	dense amplitude time= 0.02722644805908203
	total non-zero amplitudes= 4900
	nsamples per process= 50
	sample time= 1.6223113536834717
	self.n= 0.45395780731735336
	collect g,h time= 2.8593435287475586
E=-14.003520581472989,dE=-2.9466882622841695e-07,std=0
L=-14.003520581472989,dL=-2.9466882622841695e-07,std=0
	gnorm= 1.913159046023438e-05
	symmetric= True
	solver time=0.003545522689819336,exit status=0
	SR solver time= 0.003580808639526367
	symmetric= False
	niter= 30
	niter= 405
	solver time=0.07609677314758301,exit status=0
	RGN solver time= 0.07613730430603027
	xnorm=5.515653190287697,dnorm=0.011969122592748932
	dense amplitude time= 0.01532602310180664
	total non-zero amplitudes= 4900
	nsamples per process= 50
	sample time= 0.37848663330078125
	self.n= 0.45346262053086733
	RGN updated loss=-14.003520880924462,dloss=-2.9945147339560663e-07
step= 374

nparam= 1004
	dense amplitude time= 0.023238182067871094
	total non-zero amplitudes= 4900
	nsamples per process= 50
	sample time= 1.6148829460144043
	self.n= 0.4534626205308672
	collect g,h time= 2.866265296936035
E=-14.003520880924462,dE=-2.9945147339560663e-07,std=0
L=-14.003520880924462,dL=-2.9945147339560663e-07,std=0
	gnorm= 1.937476512304952e-05
	symmetric= True
	solver time=0.003393411636352539,exit status=0
	SR solver time= 0.003431558609008789
	symmetric= False
	niter= 30
	niter= 405
	solver time=0.07657146453857422,exit status=0
	RGN solver time= 0.07660531997680664
	xnorm=5.518975948967721,dnorm=0.012065263861803675
	dense amplitude time= 0.014155149459838867
	total non-zero amplitudes= 4900
	nsamples per process= 50
	sample time= 0.38543009757995605
	self.n= 0.4529610483401431
	RGN updated loss=-14.003521185271076,dloss=-3.0434661368872185e-07
step= 375

nparam= 1004
	dense amplitude time= 0.013967752456665039
	total non-zero amplitudes= 4900
	nsamples per process= 50
	sample time= 1.619243860244751
	self.n= 0.4529610483401433
	collect g,h time= 2.8595988750457764
E=-14.00352118527107,dE=-3.0434660835965133e-07,std=0
L=-14.00352118527107,dL=-3.0434660835965133e-07,std=0
	gnorm= 1.9664356356931455e-05
	symmetric= True
	solver time=0.0034868717193603516,exit status=0
	SR solver time= 0.003522634506225586
	symmetric= False
	niter= 30
	niter= 405
	solver time=0.07692551612854004,exit status=0
	RGN solver time= 0.07696938514709473
	xnorm=5.522302813686439,dnorm=0.012163693857852818
	dense amplitude time= 0.015840768814086914
	total non-zero amplitudes= 4900
	nsamples per process= 50
	sample time= 0.3777890205383301
	self.n= 0.4524531657473839
	RGN updated loss=-14.003521494687034,dloss=-3.094159630734339e-07
step= 376

nparam= 1004
	dense amplitude time= 0.023898839950561523
	total non-zero amplitudes= 4900
	nsamples per process= 50
	sample time= 1.6324710845947266
	self.n= 0.4524531657473839
	collect g,h time= 2.864569902420044
E=-14.003521494687035,dE=-3.094159648497907e-07,std=0
L=-14.003521494687035,dL=-3.094159648497907e-07,std=0
	gnorm= 1.9942990313918113e-05
	symmetric= True
	solver time=0.003662586212158203,exit status=0
	SR solver time= 0.0037271976470947266
	symmetric= False
	niter= 30
	niter= 405
	solver time=0.07869648933410645,exit status=0
	RGN solver time= 0.07873225212097168
	xnorm=5.525634633420876,dnorm=0.012264249634324034
	dense amplitude time= 0.014549970626831055
	total non-zero amplitudes= 4900
	nsamples per process= 50
	sample time= 0.3944587707519531
	self.n= 0.4519387773583211
	RGN updated loss=-14.003521809321168,dloss=-3.146341320814372e-07
step= 377

nparam= 1004
	dense amplitude time= 0.02133321762084961
	total non-zero amplitudes= 4900
	nsamples per process= 50
	sample time= 1.6969797611236572
	self.n= 0.45193877735832033
	collect g,h time= 2.9023101329803467
E=-14.003521809321171,dE=-3.146341356341509e-07,std=0
L=-14.003521809321171,dL=-3.146341356341509e-07,std=0
	gnorm= 2.0229157213940666e-05
	symmetric= True
	solver time=0.003448963165283203,exit status=0
	SR solver time= 0.0034837722778320312
	symmetric= False
	niter= 30
	niter= 405
	solver time=0.07648062705993652,exit status=0
	RGN solver time= 0.07651996612548828
	xnorm=5.528971982490548,dnorm=0.012366752797380632
	dense amplitude time= 0.014297723770141602
	total non-zero amplitudes= 4900
	nsamples per process= 50
	sample time= 0.3763260841369629
	self.n= 0.45141786183641613
	RGN updated loss=-14.00352212929942,dloss=-3.1997824834206767e-07
step= 378

nparam= 1004
	dense amplitude time= 0.015307426452636719
	total non-zero amplitudes= 4900
	nsamples per process= 50
	sample time= 1.608677864074707
	self.n= 0.45141786183641586
	collect g,h time= 2.884363889694214
E=-14.003522129299418,dE=-3.1997824656571083e-07,std=0
L=-14.003522129299418,dL=-3.1997824656571083e-07,std=0
	gnorm= 2.0518850409439932e-05
	symmetric= True
	niter= 30
	solver time=0.09589004516601562,exit status=0
	SR solver time= 0.09594607353210449
	symmetric= False
	niter= 405
	solver time=0.07947206497192383,exit status=0
	RGN solver time= 0.07951569557189941
	xnorm=5.532315372486209,dnorm=0.012471077419259841
	dense amplitude time= 0.014521598815917969
	total non-zero amplitudes= 4900
	nsamples per process= 50
	sample time= 0.3977992534637451
	self.n= 0.4508903913491016
	RGN updated loss=-14.003522454801624,dloss=-3.255022065218327e-07
step= 379

nparam= 1004
	dense amplitude time= 0.01629924774169922
	total non-zero amplitudes= 4900
	nsamples per process= 50
	sample time= 1.6363248825073242
	self.n= 0.4508903913491008
	collect g,h time= 2.861375331878662
E=-14.003522454801624,dE=-3.255022065218327e-07,std=0
L=-14.003522454801624,dL=-3.255022065218327e-07,std=0
	gnorm= 2.0822457004282644e-05
	symmetric= True
	solver time=0.0034911632537841797,exit status=0
	SR solver time= 0.003526926040649414
	symmetric= False
	niter= 30
	niter= 405
	solver time=0.07718396186828613,exit status=0
	RGN solver time= 0.0772254467010498
	xnorm=5.53566530561584,dnorm=0.012577078131434872
	dense amplitude time= 0.014689207077026367
	total non-zero amplitudes= 4900
	nsamples per process= 50
	sample time= 0.3849825859069824
	self.n= 0.450356306930364
	RGN updated loss=-14.003522785943733,dloss=-3.3114210928886223e-07
step= 380

nparam= 1004
	dense amplitude time= 0.016363143920898438
	total non-zero amplitudes= 4900
	nsamples per process= 50
	sample time= 1.6320974826812744
	self.n= 0.45035630693036377
	collect g,h time= 2.8717756271362305
E=-14.003522785943733,dE=-3.3114210928886223e-07,std=0
L=-14.003522785943733,dL=-3.3114210928886223e-07,std=0
	gnorm= 2.112905452443319e-05
	symmetric= True
	solver time=0.003534078598022461,exit status=0
	SR solver time= 0.0035729408264160156
	symmetric= False
	niter= 30
	niter= 405
	solver time=0.07782769203186035,exit status=0
	RGN solver time= 0.07786965370178223
	xnorm=5.539022210969611,dnorm=0.012684585527592456
	dense amplitude time= 0.01430058479309082
	total non-zero amplitudes= 4900
	nsamples per process= 50
	sample time= 0.376279354095459
	self.n= 0.4498156063703076
	RGN updated loss=-14.003523122924362,dloss=-3.3698062829046194e-07
step= 381

nparam= 1004
	dense amplitude time= 0.03772878646850586
	total non-zero amplitudes= 4900
	nsamples per process= 50
	sample time= 1.643883228302002
	self.n= 0.4498156063703068
	collect g,h time= 2.873018264770508
E=-14.00352312292436,dE=-3.369806265141051e-07,std=0
L=-14.00352312292436,dL=-3.369806265141051e-07,std=0
	gnorm= 2.1411458197128645e-05
	symmetric= True
	solver time=0.0035915374755859375,exit status=0
	SR solver time= 0.003631114959716797
	symmetric= False
	niter= 30
	niter= 405
	solver time=0.07851028442382812,exit status=0
	RGN solver time= 0.07854866981506348
	xnorm=5.542386489417759,dnorm=0.012792704026282232
	dense amplitude time= 0.014146804809570312
	total non-zero amplitudes= 4900
	nsamples per process= 50
	sample time= 0.38110995292663574
	self.n= 0.44926871000748836
	RGN updated loss=-14.003523465530536,dloss=-3.4260617631787227e-07
step= 382

nparam= 1004
	dense amplitude time= 0.017826557159423828
	total non-zero amplitudes= 4900
	nsamples per process= 50
	sample time= 1.6485965251922607
	self.n= 0.4492687100074877
	collect g,h time= 2.8939976692199707
E=-14.003523465530536,dE=-3.4260617631787227e-07,std=0
L=-14.003523465530536,dL=-3.4260617631787227e-07,std=0
	gnorm= 2.3810863636626156e-05
	symmetric= True
	solver time=0.003587007522583008,exit status=0
	SR solver time= 0.003623485565185547
	symmetric= False
	niter= 31
	niter= 405
	solver time=0.07876157760620117,exit status=0
	RGN solver time= 0.07880139350891113
	xnorm=5.545757364730643,dnorm=0.01291214965867999
	dense amplitude time= 0.014153480529785156
	total non-zero amplitudes= 4900
	nsamples per process= 50
	sample time= 0.3801109790802002
	self.n= 0.4487076434673371
	RGN updated loss=-14.003523814711802,dloss=-3.4918126523564297e-07
step= 383

nparam= 1004
	dense amplitude time= 0.024544954299926758
	total non-zero amplitudes= 4900
	nsamples per process= 50
	sample time= 1.6406641006469727
	self.n= 0.44870764346733705
	collect g,h time= 2.8821921348571777
E=-14.003523814711802,dE=-3.4918126523564297e-07,std=0
L=-14.003523814711802,dL=-3.4918126523564297e-07,std=0
	gnorm= 2.2103972466198132e-05
	symmetric= True
	solver time=0.0034036636352539062,exit status=0
	SR solver time= 0.0034406185150146484
	symmetric= False
	niter= 30
	niter= 405
	solver time=0.07875323295593262,exit status=0
	RGN solver time= 0.07880187034606934
	xnorm=5.549139455872538,dnorm=0.013022159171396269
	dense amplitude time= 0.014225244522094727
	total non-zero amplitudes= 4900
	nsamples per process= 50
	sample time= 0.378082275390625
	self.n= 0.44814323652616245
	RGN updated loss=-14.003524169839324,dloss=-3.5512752205590914e-07
step= 384

nparam= 1004
	dense amplitude time= 0.0160830020904541
	total non-zero amplitudes= 4900
	nsamples per process= 50
	sample time= 1.6254606246948242
	self.n= 0.4481432365261617
	collect g,h time= 2.87567400932312
E=-14.003524169839324,dE=-3.5512752205590914e-07,std=0
L=-14.003524169839324,dL=-3.5512752205590914e-07,std=0
	gnorm= 2.2444660369244057e-05
	symmetric= True
	solver time=0.003615856170654297,exit status=0
	SR solver time= 0.0036814212799072266
	symmetric= False
	niter= 30
	niter= 405
	solver time=0.07709717750549316,exit status=0
	RGN solver time= 0.07713699340820312
	xnorm=5.5525302412961475,dnorm=0.013134149628029407
	dense amplitude time= 0.014278888702392578
	total non-zero amplitudes= 4900
	nsamples per process= 50
	sample time= 0.3778266906738281
	self.n= 0.44757321705200315
	RGN updated loss=-14.003524530911093,dloss=-3.6107176981658995e-07
step= 385

nparam= 1004
	dense amplitude time= 0.021162033081054688
	total non-zero amplitudes= 4900
	nsamples per process= 50
	sample time= 1.6298696994781494
	self.n= 0.44757321705200315
	collect g,h time= 2.8729121685028076
E=-14.003524530911088,dE=-3.6107176448751943e-07,std=0
L=-14.003524530911088,dL=-3.6107176448751943e-07,std=0
	gnorm= 2.359684917553613e-05
	symmetric= True
	solver time=0.0037102699279785156,exit status=0
	SR solver time= 0.003748655319213867
	symmetric= False
	niter= 31
	niter= 405
	solver time=0.07839107513427734,exit status=0
	RGN solver time= 0.07842779159545898
	xnorm=5.555929971319161,dnorm=0.013240305037322707
	dense amplitude time= 0.014693260192871094
	total non-zero amplitudes= 4900
	nsamples per process= 50
	sample time= 0.38501930236816406
	self.n= 0.4470044308802038
	RGN updated loss=-14.003524898886187,dloss=-3.6797509928021555e-07
step= 386

nparam= 1004
	dense amplitude time= 0.025272369384765625
	total non-zero amplitudes= 4900
	nsamples per process= 50
	sample time= 1.6371700763702393
	self.n= 0.4470044308802036
	collect g,h time= 2.8730361461639404
E=-14.00352489888619,dE=-3.679751010565724e-07,std=0
L=-14.00352489888619,dL=-3.679751010565724e-07,std=0
	gnorm= 2.4766724500065047e-05
	symmetric= True
	solver time=0.0035839080810546875,exit status=0
	SR solver time= 0.0036225318908691406
	symmetric= False
	niter= 31
	niter= 405
	solver time=0.0778656005859375,exit status=0
	RGN solver time= 0.07790207862854004
	xnorm=5.5593362308229475,dnorm=0.013357927036822047
	dense amplitude time= 0.014447927474975586
	total non-zero amplitudes= 4900
	nsamples per process= 50
	sample time= 0.3859822750091553
	self.n= 0.4464189670749751
	RGN updated loss=-14.003525272358736,dloss=-3.7347254711050937e-07
step= 387

nparam= 1004
	dense amplitude time= 0.026327133178710938
	total non-zero amplitudes= 4900
	nsamples per process= 50
	sample time= 1.6089880466461182
	self.n= 0.44641896707497486
	collect g,h time= 2.877246379852295
E=-14.003525272358734,dE=-3.7347254533415253e-07,std=0
L=-14.003525272358734,dL=-3.7347254533415253e-07,std=0
	gnorm= 2.4078990363965233e-05
	symmetric= True
	solver time=0.0034868717193603516,exit status=0
	SR solver time= 0.0035223960876464844
	symmetric= False
	niter= 31
	niter= 405
	solver time=0.07603955268859863,exit status=0
	RGN solver time= 0.07607889175415039
	xnorm=5.5627552542387795,dnorm=0.013464015651773253
	dense amplitude time= 0.014097213745117188
	total non-zero amplitudes= 4900
	nsamples per process= 50
	sample time= 0.38413310050964355
	self.n= 0.4458364394396436
	RGN updated loss=-14.003525652784937,dloss=-3.80426202539752e-07
step= 388

nparam= 1004
	dense amplitude time= 0.025522232055664062
	total non-zero amplitudes= 4900
	nsamples per process= 50
	sample time= 1.6153526306152344
	self.n= 0.4458364394396433
	collect g,h time= 2.8733086585998535
E=-14.003525652784933,dE=-3.8042619898703833e-07,std=0
L=-14.003525652784933,dL=-3.8042619898703833e-07,std=0
	gnorm= 2.393370566864404e-05
	symmetric= True
	solver time=0.0034377574920654297,exit status=0
	SR solver time= 0.003474712371826172
	symmetric= False
	niter= 30
	niter= 405
	solver time=0.07623863220214844,exit status=0
	RGN solver time= 0.0762784481048584
	xnorm=5.566180805944148,dnorm=0.01357558397639269
	dense amplitude time= 0.014368772506713867
	total non-zero amplitudes= 4900
	nsamples per process= 50
	sample time= 0.3782641887664795
	self.n= 0.44524485147619725
	RGN updated loss=-14.003526039473046,dloss=-3.866881126413091e-07
step= 389

nparam= 1004
	dense amplitude time= 0.026088476181030273
	total non-zero amplitudes= 4900
	nsamples per process= 50
	sample time= 1.6152780055999756
	self.n= 0.44524485147619663
	collect g,h time= 2.875749349594116
E=-14.003526039473046,dE=-3.866881126413091e-07,std=0
L=-14.003526039473046,dL=-3.866881126413091e-07,std=0
	gnorm= 2.408915914619508e-05
	symmetric= True
	solver time=0.0036613941192626953,exit status=0
	SR solver time= 0.0036988258361816406
	symmetric= False
	niter= 30
	niter= 405
	solver time=0.07909655570983887,exit status=0
	RGN solver time= 0.07913923263549805
	xnorm=5.569616982376239,dnorm=0.013686359311496614
	dense amplitude time= 0.015296697616577148
	total non-zero amplitudes= 4900
	nsamples per process= 50
	sample time= 0.37831544876098633
	self.n= 0.44464556044946335
	RGN updated loss=-14.003526432399248,dloss=-3.929262017976498e-07
step= 390

nparam= 1004
	dense amplitude time= 0.025312423706054688
	total non-zero amplitudes= 4900
	nsamples per process= 50
	sample time= 1.6298274993896484
	self.n= 0.4446455604494626
	collect g,h time= 2.871685266494751
E=-14.003526432399248,dE=-3.929262017976498e-07,std=0
L=-14.003526432399248,dL=-3.929262017976498e-07,std=0
	gnorm= 2.446941391646768e-05
	symmetric= True
	solver time=0.0034759044647216797,exit status=0
	SR solver time= 0.0035104751586914062
	symmetric= False
	niter= 30
	niter= 405
	solver time=0.07804608345031738,exit status=0
	RGN solver time= 0.07808661460876465
	xnorm=5.573062493865133,dnorm=0.01379845797949062
	dense amplitude time= 0.014041900634765625
	total non-zero amplitudes= 4900
	nsamples per process= 50
	sample time= 0.3777294158935547
	self.n= 0.4440387305295225
	RGN updated loss=-14.003526831920212,dloss=-3.9952096386741687e-07
step= 391

nparam= 1004
	dense amplitude time= 0.03587818145751953
	total non-zero amplitudes= 4900
	nsamples per process= 50
	sample time= 1.6138019561767578
	self.n= 0.4440387305295218
	collect g,h time= 2.870190382003784
E=-14.003526831920214,dE=-3.995209656437737e-07,std=0
L=-14.003526831920214,dL=-3.995209656437737e-07,std=0
	gnorm= 2.4740269188410227e-05
	symmetric= True
	solver time=0.0035092830657958984,exit status=0
	SR solver time= 0.003545999526977539
	symmetric= False
	niter= 30
	niter= 405
	solver time=0.07684469223022461,exit status=0
	RGN solver time= 0.07688713073730469
	xnorm=5.5765197448747905,dnorm=0.013906777328764773
	dense amplitude time= 0.014200925827026367
	total non-zero amplitudes= 4900
	nsamples per process= 50
	sample time= 0.37767720222473145
	self.n= 0.4434261043621235
	RGN updated loss=-14.003527237749358,dloss=-4.0582914451192664e-07
step= 392

nparam= 1004
	dense amplitude time= 0.015678882598876953
	total non-zero amplitudes= 4900
	nsamples per process= 50
	sample time= 1.611750602722168
	self.n= 0.44342610436212276
	collect g,h time= 2.8749940395355225
E=-14.003527237749358,dE=-4.0582914451192664e-07,std=0
L=-14.003527237749358,dL=-4.0582914451192664e-07,std=0
	gnorm= 2.5033537834794607e-05
	symmetric= True
	solver time=0.003505229949951172,exit status=0
	SR solver time= 0.003567934036254883
	symmetric= False
	niter= 30
	niter= 405
	solver time=0.07745647430419922,exit status=0
	RGN solver time= 0.07749223709106445
	xnorm=5.57998673436147,dnorm=0.014012925316719814
	dense amplitude time= 0.01435232162475586
	total non-zero amplitudes= 4900
	nsamples per process= 50
	sample time= 0.38289833068847656
	self.n= 0.4428075087667004
	RGN updated loss=-14.00352764990447,dloss=-4.1215511181746933e-07
step= 393

nparam= 1004
	dense amplitude time= 0.024962663650512695
	total non-zero amplitudes= 4900
	nsamples per process= 50
	sample time= 1.6148548126220703
	self.n= 0.4428075087666995
	collect g,h time= 2.8705203533172607
E=-14.003527649904468,dE=-4.121551100411125e-07,std=0
L=-14.003527649904468,dL=-4.121551100411125e-07,std=0
	gnorm= 2.5364763743114487e-05
	symmetric= True
	solver time=0.0034351348876953125,exit status=0
	SR solver time= 0.0034711360931396484
	symmetric= False
	niter= 30
	niter= 405
	solver time=0.07631421089172363,exit status=0
	RGN solver time= 0.07635116577148438
	xnorm=5.583464205937234,dnorm=0.014117487609646194
	dense amplitude time= 0.014329910278320312
	total non-zero amplitudes= 4900
	nsamples per process= 50
	sample time= 0.37331295013427734
	self.n= 0.44218312726684567
	RGN updated loss=-14.003528068283112,dloss=-4.1837864372951117e-07
step= 394

nparam= 1004
	dense amplitude time= 0.014841794967651367
	total non-zero amplitudes= 4900
	nsamples per process= 50
	sample time= 1.6146471500396729
	self.n= 0.4421831272668445
	collect g,h time= 2.8719701766967773
E=-14.00352806828311,dE=-4.1837864195315433e-07,std=0
L=-14.00352806828311,dL=-4.1837864195315433e-07,std=0
	gnorm= 2.5668988407645812e-05
	symmetric= True
	solver time=0.0034470558166503906,exit status=0
	SR solver time= 0.003484487533569336
	symmetric= False
	niter= 30
	niter= 405
	solver time=0.07644438743591309,exit status=0
	RGN solver time= 0.07648491859436035
	xnorm=5.586952276311287,dnorm=0.014219550575202647
	dense amplitude time= 0.014101743698120117
	total non-zero amplitudes= 4900
	nsamples per process= 50
	sample time= 0.3752598762512207
	self.n= 0.4415531077294234
	RGN updated loss=-14.003528492776187,dloss=-4.2449307713354756e-07
step= 395

nparam= 1004
	dense amplitude time= 0.015231847763061523
	total non-zero amplitudes= 4900
	nsamples per process= 50
	sample time= 1.605501651763916
	self.n= 0.44155310772942347
	collect g,h time= 2.9443728923797607
E=-14.003528492776187,dE=-4.2449307713354756e-07,std=0
L=-14.003528492776187,dL=-4.2449307713354756e-07,std=0
	gnorm= 2.596486727062169e-05
	symmetric= True
	solver time=0.003444194793701172,exit status=0
	SR solver time= 0.003482341766357422
	symmetric= False
	niter= 30
	niter= 405
	solver time=0.07696676254272461,exit status=0
	RGN solver time= 0.07700920104980469
	xnorm=5.590451059271876,dnorm=0.014318762581112093
	dense amplitude time= 0.01433706283569336
	total non-zero amplitudes= 4900
	nsamples per process= 50
	sample time= 0.37639641761779785
	self.n= 0.4409176771118482
	RGN updated loss=-14.003528923248627,dloss=-4.3047243991622963e-07
step= 396

nparam= 1004
	dense amplitude time= 0.0169064998626709
	total non-zero amplitudes= 4900
	nsamples per process= 50
	sample time= 1.6531169414520264
	self.n= 0.44091767711184804
	collect g,h time= 2.916971445083618
E=-14.003528923248629,dE=-4.3047244169258647e-07,std=0
L=-14.003528923248629,dL=-4.3047244169258647e-07,std=0
	gnorm= 2.6250758970694216e-05
	symmetric= True
	solver time=0.0035719871520996094,exit status=0
	SR solver time= 0.0036096572875976562
	symmetric= False
	niter= 30
	niter= 405
	solver time=0.08092713356018066,exit status=0
	RGN solver time= 0.0809633731842041
	xnorm=5.593960631788881,dnorm=0.014414757006535075
	dense amplitude time= 0.014461994171142578
	total non-zero amplitudes= 4900
	nsamples per process= 50
	sample time= 0.387805700302124
	self.n= 0.44027709800180304
	RGN updated loss=-14.003529359682688,dloss=-4.3643405867044294e-07
step= 397

nparam= 1004
	dense amplitude time= 0.019003629684448242
	total non-zero amplitudes= 4900
	nsamples per process= 50
	sample time= 1.6101396083831787
	self.n= 0.44027709800180276
	collect g,h time= 2.8693485260009766
E=-14.003529359682691,dE=-4.364340622231566e-07,std=0
L=-14.003529359682691,dL=-4.364340622231566e-07,std=0
	gnorm= 2.6570017626945423e-05
	symmetric= True
	solver time=0.0035059452056884766,exit status=0
	SR solver time= 0.003543376922607422
	symmetric= False
	niter= 30
	niter= 405
	solver time=0.07561349868774414,exit status=0
	RGN solver time= 0.0756523609161377
	xnorm=5.597481016230687,dnorm=0.014507254535838014
	dense amplitude time= 0.014271020889282227
	total non-zero amplitudes= 4900
	nsamples per process= 50
	sample time= 0.3758523464202881
	self.n= 0.43963117326490503
	RGN updated loss=-14.003529801514949,dloss=-4.418322578914058e-07
step= 398

nparam= 1004
	dense amplitude time= 0.020848512649536133
	total non-zero amplitudes= 4900
	nsamples per process= 50
	sample time= 1.6715068817138672
	self.n= 0.4396311732649053
	collect g,h time= 2.9204821586608887
E=-14.003529801514949,dE=-4.418322578914058e-07,std=0
L=-14.003529801514949,dL=-4.418322578914058e-07,std=0
	gnorm= 2.6771368213506518e-05
	symmetric= True
	solver time=0.003418445587158203,exit status=0
	SR solver time= 0.0034558773040771484
	symmetric= False
	niter= 30
	niter= 405
	solver time=0.07712483406066895,exit status=0
	RGN solver time= 0.07716655731201172
	xnorm=5.60101383579805,dnorm=0.014594343841370948
	dense amplitude time= 0.014365434646606445
	total non-zero amplitudes= 4900
	nsamples per process= 50
	sample time= 0.3778696060180664
	self.n= 0.43898189104403407
	RGN updated loss=-14.003530248763509,dloss=-4.4724855996491897e-07
step= 399

nparam= 1004
	dense amplitude time= 0.01549673080444336
	total non-zero amplitudes= 4900
	nsamples per process= 50
	sample time= 1.656517505645752
	self.n= 0.4389818910440333
	collect g,h time= 2.904125213623047
E=-14.003530248763507,dE=-4.4724855818856213e-07,std=0
L=-14.003530248763507,dL=-4.4724855818856213e-07,std=0
	gnorm= 2.702223484671368e-05
	symmetric= True
	solver time=0.003602266311645508,exit status=0
	SR solver time= 0.003641366958618164
	symmetric= False
	niter= 30
	niter= 405
	solver time=0.08176088333129883,exit status=0
	RGN solver time= 0.0818028450012207
	xnorm=5.60455556565475,dnorm=0.014678290012826306
	dense amplitude time= 0.014020204544067383
	total non-zero amplitudes= 4900
	nsamples per process= 50
	sample time= 0.37624073028564453
	self.n= 0.4383280635813558
	RGN updated loss=-14.003530701266849,dloss=-4.5250334146373916e-07
step= 400

nparam= 1004
	dense amplitude time= 0.014058589935302734
	total non-zero amplitudes= 4900
	nsamples per process= 50
	sample time= 1.6029105186462402
	self.n= 0.43832806358135534
	collect g,h time= 2.8622262477874756
E=-14.003530701266849,dE=-4.5250334146373916e-07,std=0
L=-14.003530701266849,dL=-4.5250334146373916e-07,std=0
	gnorm= 2.7296914775365437e-05
	symmetric= True
	solver time=0.0034627914428710938,exit status=0
	SR solver time= 0.0035026073455810547
	symmetric= False
	niter= 30
	niter= 405
	solver time=0.07638835906982422,exit status=0
	RGN solver time= 0.07642650604248047
	xnorm=5.60810775886917,dnorm=0.014757547451112851
	dense amplitude time= 0.014118194580078125
	total non-zero amplitudes= 4900
	nsamples per process= 50
	sample time= 0.3751964569091797
	self.n= 0.4376705581985975
	RGN updated loss=-14.003531158577033,dloss=-4.573101843874383e-07
step= 401

nparam= 1004
	dense amplitude time= 0.045096397399902344
	total non-zero amplitudes= 4900
	nsamples per process= 50
	sample time= 1.675879955291748
	self.n= 0.43767055819859746
	collect g,h time= 2.925089120864868
E=-14.003531158577031,dE=-4.5731018261108147e-07,std=0
L=-14.003531158577031,dL=-4.5731018261108147e-07,std=0
	gnorm= 2.7471499161760118e-05
	symmetric= True
	solver time=0.0035033226013183594,exit status=0
	SR solver time= 0.003541231155395508
	symmetric= False
	niter= 30
	niter= 405
	solver time=0.07732653617858887,exit status=0
	RGN solver time= 0.07736825942993164
	xnorm=5.6116706339503075,dnorm=0.014831982335937351
	dense amplitude time= 0.014240264892578125
	total non-zero amplitudes= 4900
	nsamples per process= 50
	sample time= 0.374786376953125
	self.n= 0.43700968581092325
	RGN updated loss=-14.003531620602383,dloss=-4.6202535131101286e-07
step= 402

nparam= 1004
	dense amplitude time= 0.014828205108642578
	total non-zero amplitudes= 4900
	nsamples per process= 50
	sample time= 1.6360878944396973
	self.n= 0.43700968581092275
	collect g,h time= 2.902796745300293
E=-14.00353162060238,dE=-4.62025349534656e-07,std=0
L=-14.00353162060238,dL=-4.62025349534656e-07,std=0
	gnorm= 2.7851537763798503e-05
	symmetric= True
	solver time=0.0035495758056640625,exit status=0
	SR solver time= 0.0035858154296875
	symmetric= False
	niter= 30
	niter= 405
	solver time=0.07816386222839355,exit status=0
	RGN solver time= 0.07820844650268555
	xnorm=5.61524341933185,dnorm=0.01490331009489535
	dense amplitude time= 0.014639854431152344
	total non-zero amplitudes= 4900
	nsamples per process= 50
	sample time= 0.389556884765625
	self.n= 0.43634565350751775
	RGN updated loss=-14.003532086944137,dloss=-4.663417563222083e-07
step= 403

nparam= 1004
	dense amplitude time= 0.015861988067626953
	total non-zero amplitudes= 4900
	nsamples per process= 50
	sample time= 1.6085686683654785
	self.n= 0.4363456535075173
	collect g,h time= 2.8693199157714844
E=-14.003532086944139,dE=-4.6634175809856515e-07,std=0
L=-14.003532086944139,dL=-4.6634175809856515e-07,std=0
	gnorm= 2.7870433521661795e-05
	symmetric= True
	solver time=0.0034677982330322266,exit status=0
	SR solver time= 0.003503084182739258
	symmetric= False
	niter= 30
	niter= 405
	solver time=0.07630014419555664,exit status=0
	RGN solver time= 0.07634091377258301
	xnorm=5.6188263310804665,dnorm=0.01496792802600381
	dense amplitude time= 0.014262914657592773
	total non-zero amplitudes= 4900
	nsamples per process= 50
	sample time= 0.3752133846282959
	self.n= 0.435678340634597
	RGN updated loss=-14.003532557250796,dloss=-4.703066576183801e-07
step= 404

nparam= 1004
	dense amplitude time= 0.014333009719848633
	total non-zero amplitudes= 4900
	nsamples per process= 50
	sample time= 1.6402456760406494
	self.n= 0.4356783406345965
	collect g,h time= 2.905385971069336
E=-14.003532557250798,dE=-4.703066593947369e-07,std=0
L=-14.003532557250798,dL=-4.703066593947369e-07,std=0
	gnorm= 2.8024376529396846e-05
	symmetric= True
	solver time=0.0033295154571533203,exit status=0
	SR solver time= 0.003364086151123047
	symmetric= False
	niter= 30
	niter= 405
	solver time=0.07686829566955566,exit status=0
	RGN solver time= 0.07690787315368652
	xnorm=5.622418084025463,dnorm=0.015026531739448793
	dense amplitude time= 0.014098405838012695
	total non-zero amplitudes= 4900
	nsamples per process= 50
	sample time= 0.38208651542663574
	self.n= 0.4350090908911731
	RGN updated loss=-14.003533031177493,dloss=-4.7392669522139386e-07
step= 405

nparam= 1004
	dense amplitude time= 0.014384984970092773
	total non-zero amplitudes= 4900
	nsamples per process= 50
	sample time= 1.608121633529663
	self.n= 0.43500909089117334
	collect g,h time= 2.885190963745117
E=-14.003533031177492,dE=-4.73926693445037e-07,std=0
L=-14.003533031177492,dL=-4.73926693445037e-07,std=0
	gnorm= 2.816394077738596e-05
	symmetric= True
	solver time=0.0035245418548583984,exit status=0
	SR solver time= 0.003561735153198242
	symmetric= False
	niter= 30
	niter= 405
	solver time=0.07752799987792969,exit status=0
	RGN solver time= 0.07756352424621582
	xnorm=5.6260186984478295,dnorm=0.015079372727333444
	dense amplitude time= 0.015709400177001953
	total non-zero amplitudes= 4900
	nsamples per process= 50
	sample time= 0.3948538303375244
	self.n= 0.4343384415169951
	RGN updated loss=-14.003533508360304,dloss=-4.771828123750765e-07
step= 406

nparam= 1004
	dense amplitude time= 0.014269828796386719
	total non-zero amplitudes= 4900
	nsamples per process= 50
	sample time= 1.6322953701019287
	self.n= 0.43433844151699474
	collect g,h time= 2.8580665588378906
E=-14.003533508360308,dE=-4.771828159277902e-07,std=0
L=-14.003533508360308,dL=-4.771828159277902e-07,std=0
	gnorm= 2.828544074849329e-05
	symmetric= True
	solver time=0.006287336349487305,exit status=0
	SR solver time= 0.0063283443450927734
	symmetric= False
	niter= 30
	niter= 405
	solver time=0.07639861106872559,exit status=0
	RGN solver time= 0.07644104957580566
	xnorm=5.629627899548146,dnorm=0.015126586128685351
	dense amplitude time= 0.016065120697021484
	total non-zero amplitudes= 4900
	nsamples per process= 50
	sample time= 0.3768157958984375
	self.n= 0.43366692215555247
	RGN updated loss=-14.00353398843026,dloss=-4.800699517915064e-07
step= 407

nparam= 1004
	dense amplitude time= 0.02256035804748535
	total non-zero amplitudes= 4900
	nsamples per process= 50
	sample time= 1.6045639514923096
	self.n= 0.4336669221555528
	collect g,h time= 2.898498058319092
E=-14.00353398843026,dE=-4.800699517915064e-07,std=0
L=-14.00353398843026,dL=-4.800699517915064e-07,std=0
	gnorm= 2.838892425618856e-05
	symmetric= True
	solver time=0.003421306610107422,exit status=0
	SR solver time= 0.0034580230712890625
	symmetric= False
	niter= 30
	niter= 405
	solver time=0.07892489433288574,exit status=0
	RGN solver time= 0.07895970344543457
	xnorm=5.63324539304247,dnorm=0.015167190412418343
	dense amplitude time= 0.014496564865112305
	total non-zero amplitudes= 4900
	nsamples per process= 50
	sample time= 0.39519572257995605
	self.n= 0.4329951104780687
	RGN updated loss=-14.00353447105509,dloss=-4.826248307665537e-07
step= 408

nparam= 1004
	dense amplitude time= 0.014100313186645508
	total non-zero amplitudes= 4900
	nsamples per process= 50
	sample time= 1.6177845001220703
	self.n= 0.4329951104780685
	collect g,h time= 2.8587753772735596
E=-14.003534471055092,dE=-4.826248325429106e-07,std=0
L=-14.003534471055092,dL=-4.826248325429106e-07,std=0
	gnorm= 2.8462342112151914e-05
	symmetric= True
	solver time=0.003483295440673828,exit status=0
	SR solver time= 0.003519296646118164
	symmetric= False
	niter= 30
	niter= 405
	solver time=0.07825016975402832,exit status=0
	RGN solver time= 0.0782930850982666
	xnorm=5.636870627551765,dnorm=0.015203066996968755
	dense amplitude time= 0.014136791229248047
	total non-zero amplitudes= 4900
	nsamples per process= 50
	sample time= 0.38617849349975586
	self.n= 0.43232319372756106
	RGN updated loss=-14.00353495577391,dloss=-4.847188179724071e-07
step= 409

nparam= 1004
	dense amplitude time= 0.02513408660888672
	total non-zero amplitudes= 4900
	nsamples per process= 50
	sample time= 1.6767404079437256
	self.n= 0.43232319372756045
	collect g,h time= 2.886976718902588
E=-14.003534955773906,dE=-4.847188144196934e-07,std=0
L=-14.003534955773906,dL=-4.847188144196934e-07,std=0
	gnorm= 2.8539531414711846e-05
	symmetric= True
	solver time=0.0033762454986572266,exit status=0
	SR solver time= 0.003412485122680664
	symmetric= False
	niter= 30
	niter= 405
	solver time=0.07630276679992676,exit status=0
	RGN solver time= 0.07633805274963379
	xnorm=5.640502336008078,dnorm=0.015232186372498072
	dense amplitude time= 0.014154911041259766
	total non-zero amplitudes= 4900
	nsamples per process= 50
	sample time= 0.374924898147583
	self.n= 0.4316521141413502
	RGN updated loss=-14.003535442111536,dloss=-4.86337629723721e-07
step= 410

nparam= 1004
	dense amplitude time= 0.02275872230529785
	total non-zero amplitudes= 4900
	nsamples per process= 50
	sample time= 1.6060717105865479
	self.n= 0.43165211414134996
	collect g,h time= 2.8743879795074463
E=-14.003535442111538,dE=-4.863376315000778e-07,std=0
L=-14.003535442111538,dL=-4.863376315000778e-07,std=0
	gnorm= 2.8726741541733555e-05
	symmetric= True
	solver time=0.0035715103149414062,exit status=0
	SR solver time= 0.0036056041717529297
	symmetric= False
	niter= 30
	niter= 405
	solver time=0.0790565013885498,exit status=0
	RGN solver time= 0.07909750938415527
	xnorm=5.644141338106647,dnorm=0.01525649587311663
	dense amplitude time= 0.014525890350341797
	total non-zero amplitudes= 4900
	nsamples per process= 50
	sample time= 0.39273548126220703
	self.n= 0.4309827053153621
	RGN updated loss=-14.00353592974637,dloss=-4.876348320692614e-07
step= 411

nparam= 1004
	dense amplitude time= 0.03318476676940918
	total non-zero amplitudes= 4900
	nsamples per process= 50
	sample time= 1.6203505992889404
	self.n= 0.43098270531536215
	collect g,h time= 2.853581428527832
E=-14.003535929746374,dE=-4.876348356219751e-07,std=0
L=-14.003535929746374,dL=-4.876348356219751e-07,std=0
	gnorm= 2.9207318981719524e-05
	symmetric= True
	solver time=0.0035681724548339844,exit status=0
	SR solver time= 0.003604412078857422
	symmetric= False
	niter= 30
	niter= 405
	solver time=0.0787510871887207,exit status=0
	RGN solver time= 0.07879328727722168
	xnorm=5.647786844746768,dnorm=0.01528715588128547
	dense amplitude time= 0.016362905502319336
	total non-zero amplitudes= 4900
	nsamples per process= 50
	sample time= 0.3893117904663086
	self.n= 0.4303143632362847
	RGN updated loss=-14.003536419179715,dloss=-4.894333418548058e-07
step= 412

nparam= 1004
	dense amplitude time= 0.024845600128173828
	total non-zero amplitudes= 4900
	nsamples per process= 50
	sample time= 1.6840083599090576
	self.n= 0.43031436323628447
	collect g,h time= 2.9005448818206787
E=-14.003536419179712,dE=-4.894333383020921e-07,std=0
L=-14.003536419179712,dL=-4.894333383020921e-07,std=0
	gnorm= 2.8675876368652763e-05
	symmetric= True
	solver time=0.0036330223083496094,exit status=0
	SR solver time= 0.00366973876953125
	symmetric= False
	niter= 30
	niter= 405
	solver time=0.07506632804870605,exit status=0
	RGN solver time= 0.07510685920715332
	xnorm=5.651437910708989,dnorm=0.015295757755800119
	dense amplitude time= 0.015393495559692383
	total non-zero amplitudes= 4900
	nsamples per process= 50
	sample time= 0.37524890899658203
	self.n= 0.42964889907389203
	RGN updated loss=-14.003536908507048,dloss=-4.893273359840578e-07
step= 413

nparam= 1004
	dense amplitude time= 0.024633169174194336
	total non-zero amplitudes= 4900
	nsamples per process= 50
	sample time= 1.6094679832458496
	self.n= 0.42964889907389225
	collect g,h time= 2.88610577583313
E=-14.00353690850705,dE=-4.893273377604146e-07,std=0
L=-14.00353690850705,dL=-4.893273377604146e-07,std=0
	gnorm= 2.880671920014525e-05
	symmetric= True
	solver time=0.003442525863647461,exit status=0
	SR solver time= 0.00347900390625
	symmetric= False
	niter= 30
	niter= 405
	solver time=0.07813572883605957,exit status=0
	RGN solver time= 0.07817387580871582
	xnorm=5.65509498923859,dnorm=0.015290634208765006
	dense amplitude time= 0.014600515365600586
	total non-zero amplitudes= 4900
	nsamples per process= 50
	sample time= 0.3945040702819824
	self.n= 0.42898673473227394
	RGN updated loss=-14.003537398064276,dloss=-4.895572267571424e-07
step= 414

nparam= 1004
	dense amplitude time= 0.016184329986572266
	total non-zero amplitudes= 4900
	nsamples per process= 50
	sample time= 1.6300597190856934
	self.n= 0.42898673473227356
	collect g,h time= 2.8531482219696045
E=-14.003537398064273,dE=-4.895572232044287e-07,std=0
L=-14.003537398064273,dL=-4.895572232044287e-07,std=0
	gnorm= 2.864565011423602e-05
	symmetric= True
	solver time=0.003571033477783203,exit status=0
	SR solver time= 0.0036067962646484375
	symmetric= False
	niter= 30
	niter= 405
	solver time=0.07712697982788086,exit status=0
	RGN solver time= 0.07716584205627441
	xnorm=5.658758373919286,dnorm=0.015289653423779566
	dense amplitude time= 0.01419973373413086
	total non-zero amplitudes= 4900
	nsamples per process= 50
	sample time= 0.3764362335205078
	self.n= 0.42832769927911335
	RGN updated loss=-14.003537887258629,dloss=-4.891943561347034e-07
step= 415

nparam= 1004
	dense amplitude time= 0.015320062637329102
	total non-zero amplitudes= 4900
	nsamples per process= 50
	sample time= 1.690856695175171
	self.n= 0.42832769927911307
	collect g,h time= 2.9225716590881348
E=-14.003537887258627,dE=-4.891943543583466e-07,std=0
L=-14.003537887258627,dL=-4.891943543583466e-07,std=0
	gnorm= 2.8589447875573725e-05
	symmetric= True
	solver time=0.003526449203491211,exit status=0
	SR solver time= 0.0035669803619384766
	symmetric= False
	niter= 30
	niter= 405
	solver time=0.07636427879333496,exit status=0
	RGN solver time= 0.0764014720916748
	xnorm=5.662426388717313,dnorm=0.015283413018551571
	dense amplitude time= 0.01571202278137207
	total non-zero amplitudes= 4900
	nsamples per process= 50
	sample time= 0.3801584243774414
	self.n= 0.42767281912593275
	RGN updated loss=-14.003538375777943,dloss=-4.885193156667356e-07
step= 416

nparam= 1004
	dense amplitude time= 0.02025318145751953
	total non-zero amplitudes= 4900
	nsamples per process= 50
	sample time= 1.6180744171142578
	self.n= 0.42767281912593297
	collect g,h time= 2.8546574115753174
E=-14.003538375777943,dE=-4.885193156667356e-07,std=0
L=-14.003538375777943,dL=-4.885193156667356e-07,std=0
	gnorm= 2.8483577795975925e-05
	symmetric= True
	solver time=0.0034842491149902344,exit status=0
	SR solver time= 0.0035228729248046875
	symmetric= False
	niter= 30
	niter= 405
	solver time=0.07819366455078125,exit status=0
	RGN solver time= 0.07823657989501953
	xnorm=5.666097788349224,dnorm=0.015271472178013383
	dense amplitude time= 0.014590024948120117
	total non-zero amplitudes= 4900
	nsamples per process= 50
	sample time= 0.3942263126373291
	self.n= 0.4270224399409502
	RGN updated loss=-14.003538863416928,dloss=-4.876389851915519e-07
step= 417

nparam= 1004
	dense amplitude time= 0.02422952651977539
	total non-zero amplitudes= 4900
	nsamples per process= 50
	sample time= 1.6271793842315674
	self.n= 0.4270224399409501
	collect g,h time= 2.8520596027374268
E=-14.003538863416926,dE=-4.876389834151951e-07,std=0
L=-14.003538863416926,dL=-4.876389834151951e-07,std=0
	gnorm= 2.849172282817236e-05
	symmetric= True
	solver time=0.0035622119903564453,exit status=0
	SR solver time= 0.003597259521484375
	symmetric= False
	niter= 30
	niter= 405
	solver time=0.07658219337463379,exit status=0
	RGN solver time= 0.07662224769592285
	xnorm=5.669772176413167,dnorm=0.015255166715807657
	dense amplitude time= 0.01490163803100586
	total non-zero amplitudes= 4900
	nsamples per process= 50
	sample time= 0.3746767044067383
	self.n= 0.4263775645944953
	RGN updated loss=-14.003539349816288,dloss=-4.863993616766038e-07
step= 418

nparam= 1004
	dense amplitude time= 0.02885127067565918
	total non-zero amplitudes= 4900
	nsamples per process= 50
	sample time= 1.6127116680145264
	self.n= 0.42637756459449494
	collect g,h time= 2.86464786529541
E=-14.003539349816286,dE=-4.86399359900247e-07,std=0
L=-14.003539349816286,dL=-4.86399359900247e-07,std=0
	gnorm= 2.842794131527162e-05
	symmetric= True
	solver time=0.00359344482421875,exit status=0
	SR solver time= 0.0036308765411376953
	symmetric= False
	niter= 30
	niter= 405
	solver time=0.0865166187286377,exit status=0
	RGN solver time= 0.08656072616577148
	xnorm=5.673449105834179,dnorm=0.015234401209201737
	dense amplitude time= 0.01568150520324707
	total non-zero amplitudes= 4900
	nsamples per process= 50
	sample time= 0.37543225288391113
	self.n= 0.4257383561690304
	RGN updated loss=-14.003539834679355,dloss=-4.848630688059075e-07
step= 419

nparam= 1004
	dense amplitude time= 0.02447032928466797
	total non-zero amplitudes= 4900
	nsamples per process= 50
	sample time= 1.6376619338989258
	self.n= 0.42573835616903
	collect g,h time= 2.8681857585906982
E=-14.003539834679355,dE=-4.848630688059075e-07,std=0
L=-14.003539834679355,dL=-4.848630688059075e-07,std=0
	gnorm= 2.8356949360093195e-05
	symmetric= True
	solver time=0.0034873485565185547,exit status=0
	SR solver time= 0.003525257110595703
	symmetric= False
	niter= 30
	niter= 405
	solver time=0.07909107208251953,exit status=0
	RGN solver time= 0.07913494110107422
	xnorm=5.677128275388903,dnorm=0.015209058171616639
	dense amplitude time= 0.014143943786621094
	total non-zero amplitudes= 4900
	nsamples per process= 50
	sample time= 0.377392053604126
	self.n= 0.42510519247969786
	RGN updated loss=-14.003540317717878,dloss=-4.83038522958168e-07
step= 420

nparam= 1004
	dense amplitude time= 0.01584315299987793
	total non-zero amplitudes= 4900
	nsamples per process= 50
	sample time= 1.6239159107208252
	self.n= 0.42510519247969714
	collect g,h time= 2.8633639812469482
E=-14.003540317717878,dE=-4.83038522958168e-07,std=0
L=-14.003540317717878,dL=-4.83038522958168e-07,std=0
	gnorm= 2.827836316589115e-05
	symmetric= True
	solver time=0.0035583972930908203,exit status=0
	SR solver time= 0.0035943984985351562
	symmetric= False
	niter= 30
	niter= 405
	solver time=0.07655024528503418,exit status=0
	RGN solver time= 0.07659626007080078
	xnorm=5.680809262052808,dnorm=0.015179486634953929
	dense amplitude time= 0.014335155487060547
	total non-zero amplitudes= 4900
	nsamples per process= 50
	sample time= 0.37517476081848145
	self.n= 0.42447845176773114
	RGN updated loss=-14.003540798598268,dloss=-4.80880389730487e-07
step= 421

nparam= 1004
	dense amplitude time= 0.04200148582458496
	total non-zero amplitudes= 4900
	nsamples per process= 50
	sample time= 1.620908498764038
	self.n= 0.42447845176773075
	collect g,h time= 2.867035388946533
E=-14.003540798598266,dE=-4.808803879541301e-07,std=0
L=-14.003540798598266,dL=-4.808803879541301e-07,std=0
	gnorm= 2.8196837207731573e-05
	symmetric= True
	solver time=0.003553152084350586,exit status=0
	SR solver time= 0.0035905838012695312
	symmetric= False
	niter= 30
	niter= 405
	solver time=0.07706093788146973,exit status=0
	RGN solver time= 0.07710385322570801
	xnorm=5.6844916725679235,dnorm=0.015145867581088227
	dense amplitude time= 0.01572704315185547
	total non-zero amplitudes= 4900
	nsamples per process= 50
	sample time= 0.3843119144439697
	self.n= 0.4238585930730986
	RGN updated loss=-14.003541277206525,dloss=-4.786082588026375e-07
step= 422

nparam= 1004
	dense amplitude time= 0.01407313346862793
	total non-zero amplitudes= 4900
	nsamples per process= 50
	sample time= 1.6432435512542725
	self.n= 0.4238585930730983
	collect g,h time= 2.864668130874634
E=-14.003541277206525,dE=-4.786082588026375e-07,std=0
L=-14.003541277206525,dL=-4.786082588026375e-07,std=0
	gnorm= 2.8103754005914564e-05
	symmetric= True
	solver time=0.0035674571990966797,exit status=0
	SR solver time= 0.0036046504974365234
	symmetric= False
	niter= 30
	niter= 405
	solver time=0.07785916328430176,exit status=0
	RGN solver time= 0.07790088653564453
	xnorm=5.688175292563792,dnorm=0.01510854613897037
	dense amplitude time= 0.01649785041809082
	total non-zero amplitudes= 4900
	nsamples per process= 50
	sample time= 0.37612318992614746
	self.n= 0.42324576083809784
	RGN updated loss=-14.003541753140404,dloss=-4.7593387897393313e-07
step= 423

nparam= 1004
	dense amplitude time= 0.022447586059570312
	total non-zero amplitudes= 4900
	nsamples per process= 50
	sample time= 1.6042068004608154
	self.n= 0.42324576083809773
	collect g,h time= 2.863415002822876
E=-14.003541753140405,dE=-4.7593388075028997e-07,std=0
L=-14.003541753140405,dL=-4.7593388075028997e-07,std=0
	gnorm= 2.8221997990876818e-05
	symmetric= True
	solver time=0.0033342838287353516,exit status=0
	SR solver time= 0.0033693313598632812
	symmetric= False
	niter= 30
	niter= 405
	solver time=0.07660269737243652,exit status=0
	RGN solver time= 0.0766446590423584
	xnorm=5.691859583851331,dnorm=0.015068851615385655
	dense amplitude time= 0.014049530029296875
	total non-zero amplitudes= 4900
	nsamples per process= 50
	sample time= 0.3766765594482422
	self.n= 0.4226392682170364
	RGN updated loss=-14.003542226461748,dloss=-4.733213430085925e-07
step= 424

nparam= 1004
	dense amplitude time= 0.014103889465332031
	total non-zero amplitudes= 4900
	nsamples per process= 50
	sample time= 1.607116460800171
	self.n= 0.42263926821703635
	collect g,h time= 2.866884231567383
E=-14.00354222646175,dE=-4.7332134478494936e-07,std=0
L=-14.00354222646175,dL=-4.7332134478494936e-07,std=0
	gnorm= 2.7903319411541613e-05
	symmetric= True
	solver time=0.0035033226013183594,exit status=0
	SR solver time= 0.003538370132446289
	symmetric= False
	niter= 30
	niter= 405
	solver time=0.0766136646270752,exit status=0
	RGN solver time= 0.0766596794128418
	xnorm=5.69554439518296,dnorm=0.015024586545021808
	dense amplitude time= 0.014154672622680664
	total non-zero amplitudes= 4900
	nsamples per process= 50
	sample time= 0.3751866817474365
	self.n= 0.42204099977727205
	RGN updated loss=-14.003542696802725,dloss=-4.7034097505616046e-07
step= 425

nparam= 1004
	dense amplitude time= 0.02619457244873047
	total non-zero amplitudes= 4900
	nsamples per process= 50
	sample time= 1.5986063480377197
	self.n= 0.42204099977727166
	collect g,h time= 2.8659543991088867
E=-14.003542696802723,dE=-4.703409732798036e-07,std=0
L=-14.003542696802723,dL=-4.703409732798036e-07,std=0
	gnorm= 2.780058289170424e-05
	symmetric= True
	solver time=0.0033235549926757812,exit status=0
	SR solver time= 0.0034494400024414062
	symmetric= False
	niter= 30
	niter= 405
	solver time=0.07600903511047363,exit status=0
	RGN solver time= 0.07604432106018066
	xnorm=5.699228964446698,dnorm=0.01497707674538776
	dense amplitude time= 0.01424264907836914
	total non-zero amplitudes= 4900
	nsamples per process= 50
	sample time= 0.36608028411865234
	self.n= 0.4214508704548698
	RGN updated loss=-14.003543163927366,dloss=-4.6712464296660983e-07
step= 426

nparam= 1004
	dense amplitude time= 0.01666092872619629
	total non-zero amplitudes= 4900
	nsamples per process= 50
	sample time= 1.6094839572906494
	self.n= 0.42145087045486934
	collect g,h time= 2.872506856918335
E=-14.003543163927368,dE=-4.6712464474296667e-07,std=0
L=-14.003543163927368,dL=-4.6712464474296667e-07,std=0
	gnorm= 2.7704530746548423e-05
	symmetric= True
	solver time=0.003450155258178711,exit status=0
	SR solver time= 0.0034859180450439453
	symmetric= False
	niter= 30
	niter= 405
	solver time=0.07950568199157715,exit status=0
	RGN solver time= 0.07955241203308105
	xnorm=5.702913071892356,dnorm=0.014926903676471258
	dense amplitude time= 0.014284133911132812
	total non-zero amplitudes= 4900
	nsamples per process= 50
	sample time= 0.37656664848327637
	self.n= 0.42086906720715833
	RGN updated loss=-14.003543627754043,dloss=-4.638266748457909e-07
step= 427

nparam= 1004
	dense amplitude time= 0.017068862915039062
	total non-zero amplitudes= 4900
	nsamples per process= 50
	sample time= 1.6221330165863037
	self.n= 0.4208690672071579
	collect g,h time= 2.8727455139160156
E=-14.003543627754043,dE=-4.638266748457909e-07,std=0
L=-14.003543627754043,dL=-4.638266748457909e-07,std=0
	gnorm= 2.759461063310748e-05
	symmetric= True
	solver time=0.0034532546997070312,exit status=0
	SR solver time= 0.003491640090942383
	symmetric= False
	niter= 30
	niter= 405
	solver time=0.07797908782958984,exit status=0
	RGN solver time= 0.07802224159240723
	xnorm=5.706596449012568,dnorm=0.014873800312473194
	dense amplitude time= 0.014116525650024414
	total non-zero amplitudes= 4900
	nsamples per process= 50
	sample time= 0.3736274242401123
	self.n= 0.4202956914706536
	RGN updated loss=-14.003544088100844,dloss=-4.6034680067919e-07
step= 428

nparam= 1004
	dense amplitude time= 0.015338420867919922
	total non-zero amplitudes= 4900
	nsamples per process= 50
	sample time= 1.603700876235962
	self.n= 0.4202956914706536
	collect g,h time= 2.8481972217559814
E=-14.003544088100845,dE=-4.603468024555468e-07,std=0
L=-14.003544088100845,dL=-4.603468024555468e-07,std=0
	gnorm= 2.7483940660909047e-05
	symmetric= True
	solver time=0.0035822391510009766,exit status=0
	SR solver time= 0.003621339797973633
	symmetric= False
	niter= 30
	niter= 405
	solver time=0.08072590827941895,exit status=0
	RGN solver time= 0.08077025413513184
	xnorm=5.710278640509843,dnorm=0.014818459651278058
	dense amplitude time= 0.014238595962524414
	total non-zero amplitudes= 4900
	nsamples per process= 50
	sample time= 0.3847982883453369
	self.n= 0.41973087516622987
	RGN updated loss=-14.003544544823788,dloss=-4.5672294213261466e-07
step= 429

nparam= 1004
	dense amplitude time= 0.025792360305786133
	total non-zero amplitudes= 4900
	nsamples per process= 50
	sample time= 1.6022729873657227
	self.n= 0.41973087516622976
	collect g,h time= 2.8610384464263916
E=-14.003544544823788,dE=-4.5672294213261466e-07,std=0
L=-14.003544544823788,dL=-4.5672294213261466e-07,std=0
	gnorm= 2.7375380293087126e-05
	symmetric= True
	solver time=0.0035212039947509766,exit status=0
	SR solver time= 0.0035600662231445312
	symmetric= False
	niter= 30
	niter= 405
	solver time=0.07588696479797363,exit status=0
	RGN solver time= 0.075927734375
	xnorm=5.71395947980026,dnorm=0.0147606735667169
	dense amplitude time= 0.01421213150024414
	total non-zero amplitudes= 4900
	nsamples per process= 50
	sample time= 0.37014007568359375
	self.n= 0.41917473139409217
	RGN updated loss=-14.003544997499748,dloss=-4.526759607159647e-07
step= 430

nparam= 1004
	dense amplitude time= 0.02221846580505371
	total non-zero amplitudes= 4900
	nsamples per process= 50
	sample time= 1.594529628753662
	self.n= 0.419174731394092
	collect g,h time= 2.870432138442993
E=-14.00354499749975,dE=-4.5267596249232156e-07,std=0
L=-14.00354499749975,dL=-4.5267596249232156e-07,std=0
	gnorm= 2.8014638317476638e-05
	symmetric= True
	solver time=0.003398418426513672,exit status=0
	SR solver time= 0.0034322738647460938
	symmetric= False
	niter= 30
	niter= 405
	solver time=0.07622647285461426,exit status=0
	RGN solver time= 0.07626605033874512
	xnorm=5.71763862628425,dnorm=0.014704928051598712
	dense amplitude time= 0.014207124710083008
	total non-zero amplitudes= 4900
	nsamples per process= 50
	sample time= 0.3690755367279053
	self.n= 0.4186254687071626
	RGN updated loss=-14.003545446856634,dloss=-4.493568841468232e-07
step= 431

nparam= 1004
	dense amplitude time= 0.043500661849975586
	total non-zero amplitudes= 4900
	nsamples per process= 50
	sample time= 1.5931143760681152
	self.n= 0.4186254687071625
	collect g,h time= 2.859853506088257
E=-14.003545446856632,dE=-4.4935688237046634e-07,std=0
L=-14.003545446856632,dL=-4.4935688237046634e-07,std=0
	gnorm= 2.715527344909359e-05
	symmetric= True
	solver time=0.003332376480102539,exit status=0
	SR solver time= 0.003367900848388672
	symmetric= False
	niter= 30
	niter= 405
	solver time=0.07654809951782227,exit status=0
	RGN solver time= 0.0765845775604248
	xnorm=5.721317803387498,dnorm=0.014642906916849536
	dense amplitude time= 0.014235734939575195
	total non-zero amplitudes= 4900
	nsamples per process= 50
	sample time= 0.37709760665893555
	self.n= 0.41808606611323207
	RGN updated loss=-14.003545892218904,dloss=-4.453622715061556e-07
step= 432

nparam= 1004
	dense amplitude time= 0.013991117477416992
	total non-zero amplitudes= 4900
	nsamples per process= 50
	sample time= 1.5928411483764648
	self.n= 0.4180860661132314
	collect g,h time= 2.8576104640960693
E=-14.003545892218904,dE=-4.453622715061556e-07,std=0
L=-14.003545892218904,dL=-4.453622715061556e-07,std=0
	gnorm= 2.7051068473282002e-05
	symmetric= True
	solver time=0.0034520626068115234,exit status=0
	SR solver time= 0.003489255905151367
	symmetric= False
	niter= 30
	niter= 405
	solver time=0.07648897171020508,exit status=0
	RGN solver time= 0.07653307914733887
	xnorm=5.724994942108142,dnorm=0.014578813232789048
	dense amplitude time= 0.014057636260986328
	total non-zero amplitudes= 4900
	nsamples per process= 50
	sample time= 0.37607359886169434
	self.n= 0.41755571606698155
	RGN updated loss=-14.003546333518354,dloss=-4.412994503155687e-07
step= 433

nparam= 1004
	dense amplitude time= 0.025373458862304688
	total non-zero amplitudes= 4900
	nsamples per process= 50
	sample time= 1.5932068824768066
	self.n= 0.417555716066981
	collect g,h time= 2.8567147254943848
E=-14.003546333518354,dE=-4.412994503155687e-07,std=0
L=-14.003546333518354,dL=-4.412994503155687e-07,std=0
	gnorm= 2.694106857646194e-05
	symmetric= True
	solver time=0.003499269485473633,exit status=0
	SR solver time= 0.003537893295288086
	symmetric= False
	niter= 30
	niter= 405
	solver time=0.07829952239990234,exit status=0
	RGN solver time= 0.0783395767211914
	xnorm=5.728669717786461,dnorm=0.014512787385124511
	dense amplitude time= 0.014372825622558594
	total non-zero amplitudes= 4900
	nsamples per process= 50
	sample time= 0.3839709758758545
	self.n= 0.4170343632031076
	RGN updated loss=-14.003546770568798,dloss=-4.370504438355738e-07
step= 434

nparam= 1004
	dense amplitude time= 0.015303850173950195
	total non-zero amplitudes= 4900
	nsamples per process= 50
	sample time= 1.6659574508666992
	self.n= 0.4170343632031076
	collect g,h time= 2.905350685119629
E=-14.003546770568798,dE=-4.370504438355738e-07,std=0
L=-14.003546770568798,dL=-4.370504438355738e-07,std=0
	gnorm= 2.6746668016458526e-05
	symmetric= True
	solver time=0.003518819808959961,exit status=0
	SR solver time= 0.0035550594329833984
	symmetric= False
	niter= 30
	niter= 405
	solver time=0.07623481750488281,exit status=0
	RGN solver time= 0.07627654075622559
	xnorm=5.732341681582063,dnorm=0.01444450955980941
	dense amplitude time= 0.014238119125366211
	total non-zero amplitudes= 4900
	nsamples per process= 50
	sample time= 0.3691718578338623
	self.n= 0.4165227486924796
	RGN updated loss=-14.003547203251355,dloss=-4.3268255645045883e-07
step= 435

nparam= 1004
	dense amplitude time= 0.019163131713867188
	total non-zero amplitudes= 4900
	nsamples per process= 50
	sample time= 1.585925817489624
	self.n= 0.41652274869247885
	collect g,h time= 2.8804681301116943
E=-14.003547203251351,dE=-4.3268255289774515e-07,std=0
L=-14.003547203251351,dL=-4.3268255289774515e-07,std=0
	gnorm= 2.6687682068745342e-05
	symmetric= True
	solver time=0.0036568641662597656,exit status=0
	SR solver time= 0.0036928653717041016
	symmetric= False
	niter= 30
	niter= 405
	solver time=0.07912540435791016,exit status=0
	RGN solver time= 0.07916688919067383
	xnorm=5.736010276119384,dnorm=0.014372799234943763
	dense amplitude time= 0.01683831214904785
	total non-zero amplitudes= 4900
	nsamples per process= 50
	sample time= 0.3870079517364502
	self.n= 0.4160212237546935
	RGN updated loss=-14.00354763177733,dloss=-4.285259791458884e-07
step= 436

nparam= 1004
	dense amplitude time= 0.02462005615234375
	total non-zero amplitudes= 4900
	nsamples per process= 50
	sample time= 1.6109850406646729
	self.n= 0.4160212237546934
	collect g,h time= 2.8556582927703857
E=-14.003547631777328,dE=-4.285259773695316e-07,std=0
L=-14.003547631777328,dL=-4.285259773695316e-07,std=0
	gnorm= 2.6600640512909705e-05
	symmetric= True
	solver time=0.0034644603729248047,exit status=0
	SR solver time= 0.0035009384155273438
	symmetric= False
	niter= 30
	niter= 405
	solver time=0.07979989051818848,exit status=0
	RGN solver time= 0.07984328269958496
	xnorm=5.739673255146232,dnorm=0.014301972381378371
	dense amplitude time= 0.015655040740966797
	total non-zero amplitudes= 4900
	nsamples per process= 50
	sample time= 0.3675820827484131
	self.n= 0.4155275519928546
	RGN updated loss=-14.003548055914454,dloss=-4.24137125420998e-07
step= 437

nparam= 1004
	dense amplitude time= 0.024241209030151367
	total non-zero amplitudes= 4900
	nsamples per process= 50
	sample time= 1.6005678176879883
	self.n= 0.41552755199285396
	collect g,h time= 2.861207962036133
E=-14.003548055914457,dE=-4.241371289737117e-07,std=0
L=-14.003548055914457,dL=-4.241371289737117e-07,std=0
	gnorm= 2.647295746387309e-05
	symmetric= True
	solver time=0.003534555435180664,exit status=0
	SR solver time= 0.0035724639892578125
	symmetric= False
	niter= 30
	niter= 405
	solver time=0.07878851890563965,exit status=0
	RGN solver time= 0.07883024215698242
	xnorm=5.743332548407449,dnorm=0.014230287440779924
	dense amplitude time= 0.015769243240356445
	total non-zero amplitudes= 4900
	nsamples per process= 50
	sample time= 0.3727843761444092
	self.n= 0.41504236506894027
	RGN updated loss=-14.003548475662063,dloss=-4.1974760556229285e-07
step= 438

nparam= 1004
	dense amplitude time= 0.014023780822753906
	total non-zero amplitudes= 4900
	nsamples per process= 50
	sample time= 1.6212897300720215
	self.n= 0.4150423650689401
	collect g,h time= 2.8647844791412354
E=-14.003548475662061,dE=-4.19747603785936e-07,std=0
L=-14.003548475662061,dL=-4.19747603785936e-07,std=0
	gnorm= 2.635236032237028e-05
	symmetric= True
	solver time=0.0036077499389648438,exit status=0
	SR solver time= 0.003645181655883789
	symmetric= False
	niter= 30
	niter= 405
	solver time=0.0825185775756836,exit status=0
	RGN solver time= 0.08257102966308594
	xnorm=5.746987979169627,dnorm=0.014157433892565106
	dense amplitude time= 0.015959501266479492
	total non-zero amplitudes= 4900
	nsamples per process= 50
	sample time= 0.37928152084350586
	self.n= 0.41456564860957423
	RGN updated loss=-14.003548890979824,dloss=-4.153177624033333e-07
step= 439

nparam= 1004
	dense amplitude time= 0.014460563659667969
	total non-zero amplitudes= 4900
	nsamples per process= 50
	sample time= 1.6197786331176758
	self.n= 0.4145656486095738
	collect g,h time= 2.865245819091797
E=-14.003548890979822,dE=-4.1531776062697645e-07,std=0
L=-14.003548890979822,dL=-4.1531776062697645e-07,std=0
	gnorm= 2.623352627028715e-05
	symmetric= True
	solver time=0.0034842491149902344,exit status=0
	SR solver time= 0.003519296646118164
	symmetric= False
	niter= 29
	niter= 405
	solver time=0.07969927787780762,exit status=0
	RGN solver time= 0.07974791526794434
	xnorm=5.750639400406447,dnorm=0.014083486329481636
	dense amplitude time= 0.014156341552734375
	total non-zero amplitudes= 4900
	nsamples per process= 50
	sample time= 0.365645170211792
	self.n= 0.41409735667428127
	RGN updated loss=-14.003549302135337,dloss=-4.111555149677315e-07
step= 440

nparam= 1004
	dense amplitude time= 0.015441179275512695
	total non-zero amplitudes= 4900
	nsamples per process= 50
	sample time= 1.6039609909057617
	self.n= 0.41409735667428127
	collect g,h time= 2.8593685626983643
E=-14.00354930213534,dE=-4.111555185204452e-07,std=0
L=-14.00354930213534,dL=-4.111555185204452e-07,std=0
	gnorm= 2.6022701585269124e-05
	symmetric= True
	solver time=0.003683805465698242,exit status=0
	SR solver time= 0.0037229061126708984
	symmetric= False
	niter= 32
	niter= 405
	solver time=0.07909750938415527,exit status=0
	RGN solver time= 0.07914090156555176
	xnorm=5.754286633858098,dnorm=0.014004921679076444
	dense amplitude time= 0.014064550399780273
	total non-zero amplitudes= 4900
	nsamples per process= 50
	sample time= 0.3773345947265625
	self.n= 0.4136362374118052
	RGN updated loss=-14.003549707887636,dloss=-4.057522957623405e-07
step= 441

nparam= 1004
	dense amplitude time= 0.03346896171569824
	total non-zero amplitudes= 4900
	nsamples per process= 50
	sample time= 1.6030950546264648
	self.n= 0.4136362374118053
	collect g,h time= 2.8558878898620605
E=-14.003549707887636,dE=-4.057522957623405e-07,std=0
L=-14.003549707887636,dL=-4.057522957623405e-07,std=0
	gnorm= 2.774288683378838e-05
	symmetric= True
	solver time=0.0035657882690429688,exit status=0
	SR solver time= 0.003706216812133789
	symmetric= False
	niter= 32
	niter= 405
	solver time=0.07576155662536621,exit status=0
	RGN solver time= 0.07579874992370605
	xnorm=5.757932052559687,dnorm=0.013931943533805967
	dense amplitude time= 0.014245271682739258
	total non-zero amplitudes= 4900
	nsamples per process= 50
	sample time= 0.37140560150146484
	self.n= 0.41318546129301326
	RGN updated loss=-14.003550110022706,dloss=-4.021350701322035e-07
step= 442

nparam= 1004
	dense amplitude time= 0.01617574691772461
	total non-zero amplitudes= 4900
	nsamples per process= 50
	sample time= 1.603074312210083
	self.n= 0.4131854612930128
	collect g,h time= 2.8597631454467773
E=-14.003550110022703,dE=-4.0213506657948983e-07,std=0
L=-14.003550110022703,dL=-4.0213506657948983e-07,std=0
	gnorm= 2.5771069610983913e-05
	symmetric= True
	solver time=0.0037212371826171875,exit status=0
	SR solver time= 0.0037567615509033203
	symmetric= False
	niter= 31
	niter= 405
	solver time=0.07880640029907227,exit status=0
	RGN solver time= 0.07884907722473145
	xnorm=5.761570683616744,dnorm=0.013851706544385355
	dense amplitude time= 0.014202356338500977
	total non-zero amplitudes= 4900
	nsamples per process= 50
	sample time= 0.376697301864624
	self.n= 0.4127409368254408
	RGN updated loss=-14.003550507066198,dloss=-3.970434949707169e-07
step= 443

nparam= 1004
	dense amplitude time= 0.015850067138671875
	total non-zero amplitudes= 4900
	nsamples per process= 50
	sample time= 1.6270384788513184
	self.n= 0.4127409368254403
	collect g,h time= 2.8649466037750244
E=-14.0035505070662,dE=-3.9704349674707373e-07,std=0
L=-14.0035505070662,dL=-3.9704349674707373e-07,std=0
	gnorm= 2.567229409319536e-05
	symmetric= True
	solver time=0.0034401416778564453,exit status=0
	SR solver time= 0.0034770965576171875
	symmetric= False
	niter= 29
	niter= 405
	solver time=0.07900691032409668,exit status=0
	RGN solver time= 0.0790407657623291
	xnorm=5.76520672371754,dnorm=0.013773195826458967
	dense amplitude time= 0.014543533325195312
	total non-zero amplitudes= 4900
	nsamples per process= 50
	sample time= 0.3703465461730957
	self.n= 0.4123050033932951
	RGN updated loss=-14.003550899537949,dloss=-3.924717493219987e-07
step= 444

nparam= 1004
	dense amplitude time= 0.01556253433227539
	total non-zero amplitudes= 4900
	nsamples per process= 50
	sample time= 1.5916061401367188
	self.n= 0.4123050033932947
	collect g,h time= 2.857877254486084
E=-14.003550899537947,dE=-3.9247174754564185e-07,std=0
L=-14.003550899537947,dL=-3.9247174754564185e-07,std=0
	gnorm= 2.5588203323709916e-05
	symmetric= True
	solver time=0.003295421600341797,exit status=0
	SR solver time= 0.0033316612243652344
	symmetric= False
	niter= 29
	niter= 405
	solver time=0.07624006271362305,exit status=0
	RGN solver time= 0.07627391815185547
	xnorm=5.768838321324137,dnorm=0.013694547242718645
	dense amplitude time= 0.014174938201904297
	total non-zero amplitudes= 4900
	nsamples per process= 50
	sample time= 0.36931896209716797
	self.n= 0.41187710846964465
	RGN updated loss=-14.003551287151042,dloss=-3.8761309539836475e-07
step= 445

nparam= 1004
	dense amplitude time= 0.01544499397277832
	total non-zero amplitudes= 4900
	nsamples per process= 50
	sample time= 1.588477373123169
	self.n= 0.4118771084696443
	collect g,h time= 2.858024835586548
E=-14.003551287151042,dE=-3.8761309539836475e-07,std=0
L=-14.003551287151042,dL=-3.8761309539836475e-07,std=0
	gnorm= 2.6845977258274285e-05
	symmetric= True
	solver time=0.0035915374755859375,exit status=0
	SR solver time= 0.0036268234252929688
	symmetric= False
	niter= 31
	niter= 405
	solver time=0.07620954513549805,exit status=0
	RGN solver time= 0.07628083229064941
	xnorm=5.772464582812002,dnorm=0.013617070182266234
	dense amplitude time= 0.014150857925415039
	total non-zero amplitudes= 4900
	nsamples per process= 50
	sample time= 0.37557554244995117
	self.n= 0.41145620379573955
	RGN updated loss=-14.003551670593534,dloss=-3.834424919801904e-07
step= 446

nparam= 1004
	dense amplitude time= 0.022006988525390625
	total non-zero amplitudes= 4900
	nsamples per process= 50
	sample time= 1.6038641929626465
	self.n= 0.41145620379573933
	collect g,h time= 2.867340564727783
E=-14.003551670593534,dE=-3.834424919801904e-07,std=0
L=-14.003551670593534,dL=-3.834424919801904e-07,std=0
	gnorm= 2.5355023405429325e-05
	symmetric= True
	solver time=0.0034050941467285156,exit status=0
	SR solver time= 0.0034389495849609375
	symmetric= False
	niter= 29
	niter= 405
	solver time=0.07871389389038086,exit status=0
	RGN solver time= 0.07875561714172363
	xnorm=5.776085652856875,dnorm=0.013537651633832994
	dense amplitude time= 0.014207601547241211
	total non-zero amplitudes= 4900
	nsamples per process= 50
	sample time= 0.3748281002044678
	self.n= 0.4110433011603018
	RGN updated loss=-14.003552049388734,dloss=-3.7879519965144937e-07
step= 447

nparam= 1004
	dense amplitude time= 0.01595282554626465
	total non-zero amplitudes= 4900
	nsamples per process= 50
	sample time= 1.6034085750579834
	self.n= 0.411043301160301
	collect g,h time= 2.8570992946624756
E=-14.003552049388732,dE=-3.787951978750925e-07,std=0
L=-14.003552049388732,dL=-3.787951978750925e-07,std=0
	gnorm= 2.5224715988804308e-05
	symmetric= True
	solver time=0.003451108932495117,exit status=0
	SR solver time= 0.003488302230834961
	symmetric= False
	niter= 29
	niter= 405
	solver time=0.07860231399536133,exit status=0
	RGN solver time= 0.07863664627075195
	xnorm=5.779702753966246,dnorm=0.013457083744869622
	dense amplitude time= 0.014040708541870117
	total non-zero amplitudes= 4900
	nsamples per process= 50
	sample time= 0.37451910972595215
	self.n= 0.41063756209736024
	RGN updated loss=-14.003552423566637,dloss=-3.7417790466065526e-07
step= 448

nparam= 1004
	dense amplitude time= 0.0151824951171875
	total non-zero amplitudes= 4900
	nsamples per process= 50
	sample time= 1.596571683883667
	self.n= 0.4106375620973599
	collect g,h time= 2.860309362411499
E=-14.003552423566635,dE=-3.741779028842984e-07,std=0
L=-14.003552423566635,dL=-3.741779028842984e-07,std=0
	gnorm= 2.5094755111813312e-05
	symmetric= True
	solver time=0.0033233165740966797,exit status=0
	SR solver time= 0.003358602523803711
	symmetric= False
	niter= 29
	niter= 405
	solver time=0.0762636661529541,exit status=0
	RGN solver time= 0.07630515098571777
	xnorm=5.783314267221722,dnorm=0.013375931813919436
	dense amplitude time= 0.014137983322143555
	total non-zero amplitudes= 4900
	nsamples per process= 50
	sample time= 0.37236690521240234
	self.n= 0.4102389480894455
	RGN updated loss=-14.00355279314847,dloss=-3.6958183535773514e-07
step= 449

nparam= 1004
	dense amplitude time= 0.02632927894592285
	total non-zero amplitudes= 4900
	nsamples per process= 50
	sample time= 1.5985779762268066
	self.n= 0.4102389480894457
	collect g,h time= 2.868537187576294
E=-14.003552793148472,dE=-3.69581837134092e-07,std=0
L=-14.003552793148472,dL=-3.69581837134092e-07,std=0
	gnorm= 2.4949061763313198e-05
	symmetric= True
	solver time=0.0035974979400634766,exit status=0
	SR solver time= 0.0036377906799316406
	symmetric= False
	niter= 29
	niter= 405
	solver time=0.08038854598999023,exit status=0
	RGN solver time= 0.08042788505554199
	xnorm=5.7869194655247815,dnorm=0.013294425990096243
	dense amplitude time= 0.014833927154541016
	total non-zero amplitudes= 4900
	nsamples per process= 50
	sample time= 0.3735649585723877
	self.n= 0.409847328915717
	RGN updated loss=-14.00355315813042,dloss=-3.649819468876103e-07
step= 450

nparam= 1004
	dense amplitude time= 0.02590489387512207
	total non-zero amplitudes= 4900
	nsamples per process= 50
	sample time= 1.603369951248169
	self.n= 0.4098473289157168
	collect g,h time= 2.8591549396514893
E=-14.003553158130421,dE=-3.6498194866396716e-07,std=0
L=-14.003553158130421,dL=-3.6498194866396716e-07,std=0
	gnorm= 2.4804022040769734e-05
	symmetric= True
	solver time=0.0034058094024658203,exit status=0
	SR solver time= 0.0034422874450683594
	symmetric= False
	niter= 29
	niter= 405
	solver time=0.07727456092834473,exit status=0
	RGN solver time= 0.07731437683105469
	xnorm=5.790517999364388,dnorm=0.013212218128225118
	dense amplitude time= 0.014255285263061523
	total non-zero amplitudes= 4900
	nsamples per process= 50
	sample time= 0.37233948707580566
	self.n= 0.4094625871137664
	RGN updated loss=-14.003553518512607,dloss=-3.6038218631517793e-07
step= 451

nparam= 1004
	dense amplitude time= 0.0442507266998291
	total non-zero amplitudes= 4900
	nsamples per process= 50
	sample time= 1.595796823501587
	self.n= 0.40946258711376643
	collect g,h time= 2.8625218868255615
E=-14.003553518512605,dE=-3.603821845388211e-07,std=0
L=-14.003553518512605,dL=-3.603821845388211e-07,std=0
	gnorm= 2.4654617641511986e-05
	symmetric= True
	solver time=0.0034394264221191406,exit status=0
	SR solver time= 0.003474712371826172
	symmetric= False
	niter= 29
	niter= 405
	solver time=0.07553768157958984,exit status=0
	RGN solver time= 0.07558131217956543
	xnorm=5.794109494415189,dnorm=0.013129731534292862
	dense amplitude time= 0.014397144317626953
	total non-zero amplitudes= 4900
	nsamples per process= 50
	sample time= 0.3720574378967285
	self.n= 0.4090845675549861
	RGN updated loss=-14.003553874673077,dloss=-3.5616047178166355e-07
step= 452

nparam= 1004
	dense amplitude time= 0.015007495880126953
	total non-zero amplitudes= 4900
	nsamples per process= 50
	sample time= 1.596562147140503
	self.n= 0.409084567554986
	collect g,h time= 2.8517415523529053
E=-14.003553874673079,dE=-3.561604735580204e-07,std=0
L=-14.003553874673079,dL=-3.561604735580204e-07,std=0
	gnorm= 2.664467480001573e-05
	symmetric= True
	solver time=0.003526926040649414,exit status=0
	SR solver time= 0.0035614967346191406
	symmetric= False
	niter= 32
	niter= 405
	solver time=0.07538962364196777,exit status=0
	RGN solver time= 0.07542276382446289
	xnorm=5.797693736221703,dnorm=0.013052213149206293
	dense amplitude time= 0.014469146728515625
	total non-zero amplitudes= 4900
	nsamples per process= 50
	sample time= 0.37367939949035645
	self.n= 0.4087142904016432
	RGN updated loss=-14.003554226327939,dloss=-3.516548598980762e-07
step= 453

nparam= 1004
	dense amplitude time= 0.01630401611328125
	total non-zero amplitudes= 4900
	nsamples per process= 50
	sample time= 1.6211230754852295
	self.n= 0.4087142904016431
	collect g,h time= 2.885756015777588
E=-14.003554226327935,dE=-3.5165485634536253e-07,std=0
L=-14.003554226327935,dL=-3.5165485634536253e-07,std=0
	gnorm= 2.4435648414087145e-05
	symmetric= True
	solver time=0.0035049915313720703,exit status=0
	SR solver time= 0.003545045852661133
	symmetric= False
	niter= 29
	niter= 405
	solver time=0.08028602600097656,exit status=0
	RGN solver time= 0.08032727241516113
	xnorm=5.801267312643178,dnorm=0.01296944038925523
	dense amplitude time= 0.01688361167907715
	total non-zero amplitudes= 4900
	nsamples per process= 50
	sample time= 0.37663841247558594
	self.n= 0.4083495681223276
	RGN updated loss=-14.003554573249533,dloss=-3.469215972273787e-07
step= 454

nparam= 1004
	dense amplitude time= 0.023090839385986328
	total non-zero amplitudes= 4900
	nsamples per process= 50
	sample time= 1.6088857650756836
	self.n= 0.40834956812232714
	collect g,h time= 2.8665215969085693
E=-14.003554573249533,dE=-3.469215972273787e-07,std=0
L=-14.003554573249533,dL=-3.469215972273787e-07,std=0
	gnorm= 2.4219605262508346e-05
	symmetric= True
	solver time=0.0033435821533203125,exit status=0
	SR solver time= 0.0033791065216064453
	symmetric= False
	niter= 29
	niter= 405
	solver time=0.07692289352416992,exit status=0
	RGN solver time= 0.07696080207824707
	xnorm=5.8048327668346955,dnorm=0.01288603118799275
	dense amplitude time= 0.014327049255371094
	total non-zero amplitudes= 4900
	nsamples per process= 50
	sample time= 0.37896299362182617
	self.n= 0.4079908229514634
	RGN updated loss=-14.003554915598025,dloss=-3.4234849266567835e-07
step= 455

nparam= 1004
	dense amplitude time= 0.013956069946289062
	total non-zero amplitudes= 4900
	nsamples per process= 50
	sample time= 1.6381714344024658
	self.n= 0.4079908229514627
	collect g,h time= 2.910115957260132
E=-14.003554915598027,dE=-3.423484944420352e-07,std=0
L=-14.003554915598027,dL=-3.423484944420352e-07,std=0
	gnorm= 2.4047954596249885e-05
	symmetric= True
	solver time=0.0034067630767822266,exit status=0
	SR solver time= 0.003444671630859375
	symmetric= False
	niter= 29
	niter= 405
	solver time=0.07706594467163086,exit status=0
	RGN solver time= 0.0771019458770752
	xnorm=5.808390285599695,dnorm=0.012802297070807269
	dense amplitude time= 0.01567864418029785
	total non-zero amplitudes= 4900
	nsamples per process= 50
	sample time= 0.3724348545074463
	self.n= 0.4076381638893908
	RGN updated loss=-14.003555253173225,dloss=-3.375751980172481e-07
step= 456

nparam= 1004
	dense amplitude time= 0.01980447769165039
	total non-zero amplitudes= 4900
	nsamples per process= 50
	sample time= 1.6162409782409668
	self.n= 0.4076381638893903
	collect g,h time= 2.8959786891937256
E=-14.003555253173225,dE=-3.375751980172481e-07,std=0
L=-14.003555253173225,dL=-3.375751980172481e-07,std=0
	gnorm= 2.424155401612673e-05
	symmetric= True
	solver time=0.003664255142211914,exit status=0
	SR solver time= 0.0037050247192382812
	symmetric= False
	niter= 31
	niter= 405
	solver time=0.07889056205749512,exit status=0
	RGN solver time= 0.07893109321594238
	xnorm=5.811939548652476,dnorm=0.012718498491335627
	dense amplitude time= 0.014341354370117188
	total non-zero amplitudes= 4900
	nsamples per process= 50
	sample time= 0.38321900367736816
	self.n= 0.407292067832439
	RGN updated loss=-14.003555586771583,dloss=-3.3359835782675873e-07
step= 457

nparam= 1004
	dense amplitude time= 0.025867462158203125
	total non-zero amplitudes= 4900
	nsamples per process= 50
	sample time= 1.6081008911132812
	self.n= 0.40729206783243843
	collect g,h time= 2.867868661880493
E=-14.003555586771585,dE=-3.3359835960311557e-07,std=0
L=-14.003555586771585,dL=-3.3359835960311557e-07,std=0
	gnorm= 2.4871512770691782e-05
	symmetric= True
	solver time=0.003587007522583008,exit status=0
	SR solver time= 0.003626585006713867
	symmetric= False
	niter= 31
	niter= 405
	solver time=0.07626748085021973,exit status=0
	RGN solver time= 0.07630753517150879
	xnorm=5.815480024627001,dnorm=0.012633391923081118
	dense amplitude time= 0.01417231559753418
	total non-zero amplitudes= 4900
	nsamples per process= 50
	sample time= 0.37708163261413574
	self.n= 0.4069506181918672
	RGN updated loss=-14.003555915265444,dloss=-3.284938596692655e-07
step= 458

nparam= 1004
	dense amplitude time= 0.016496658325195312
	total non-zero amplitudes= 4900
	nsamples per process= 50
	sample time= 1.6221518516540527
	self.n= 0.40695061819186695
	collect g,h time= 2.917745351791382
E=-14.003555915265446,dE=-3.284938614456223e-07,std=0
L=-14.003555915265446,dL=-3.284938614456223e-07,std=0
	gnorm= 2.385459348196622e-05
	symmetric= True
	solver time=0.003456592559814453,exit status=0
	SR solver time= 0.0034933090209960938
	symmetric= False
	niter= 30
	niter= 405
	solver time=0.07716846466064453,exit status=0
	RGN solver time= 0.07720828056335449
	xnorm=5.8190106244539175,dnorm=0.012550101541254138
	dense amplitude time= 0.014266490936279297
	total non-zero amplitudes= 4900
	nsamples per process= 50
	sample time= 0.37736010551452637
	self.n= 0.40661609391700254
	RGN updated loss=-14.003556239948601,dloss=-3.2468315502853784e-07
step= 459

nparam= 1004
	dense amplitude time= 0.016616106033325195
	total non-zero amplitudes= 4900
	nsamples per process= 50
	sample time= 1.596766471862793
	self.n= 0.40661609391700204
	collect g,h time= 2.881206512451172
E=-14.003556239948601,dE=-3.2468315502853784e-07,std=0
L=-14.003556239948601,dL=-3.2468315502853784e-07,std=0
	gnorm= 2.450795345323864e-05
	symmetric= True
	solver time=0.0037381649017333984,exit status=0
	SR solver time= 0.003779172897338867
	symmetric= False
	niter= 31
	niter= 405
	solver time=0.07860970497131348,exit status=0
	RGN solver time= 0.07864594459533691
	xnorm=5.822533594607719,dnorm=0.012465097171884848
	dense amplitude time= 0.01652979850769043
	total non-zero amplitudes= 4900
	nsamples per process= 50
	sample time= 0.3821558952331543
	self.n= 0.4062857355698708
	RGN updated loss=-14.003556559606665,dloss=-3.1965806357447946e-07
step= 460

nparam= 1004
	dense amplitude time= 0.024507999420166016
	total non-zero amplitudes= 4900
	nsamples per process= 50
	sample time= 1.6256675720214844
	self.n= 0.40628573556987
	collect g,h time= 2.870004177093506
E=-14.003556559606665,dE=-3.1965806357447946e-07,std=0
L=-14.003556559606665,dL=-3.1965806357447946e-07,std=0
	gnorm= 2.3490638257453522e-05
	symmetric= True
	solver time=0.0036034584045410156,exit status=0
	SR solver time= 0.003640413284301758
	symmetric= False
	niter= 31
	niter= 405
	solver time=0.07641315460205078,exit status=0
	RGN solver time= 0.07645535469055176
	xnorm=5.826046752047745,dnorm=0.01238166043664202
	dense amplitude time= 0.014138936996459961
	total non-zero amplitudes= 4900
	nsamples per process= 50
	sample time= 0.3701624870300293
	self.n= 0.4059618638846443
	RGN updated loss=-14.003556875513336,dloss=-3.159066714886194e-07
step= 461

nparam= 1004
	dense amplitude time= 0.04583001136779785
	total non-zero amplitudes= 4900
	nsamples per process= 50
	sample time= 1.6038963794708252
	self.n= 0.4059618638846444
	collect g,h time= 2.9061710834503174
E=-14.003556875513334,dE=-3.1590666971226256e-07,std=0
L=-14.003556875513334,dL=-3.1590666971226256e-07,std=0
	gnorm= 2.4124293737041294e-05
	symmetric= True
	solver time=0.003551006317138672,exit status=0
	SR solver time= 0.0035924911499023438
	symmetric= False
	niter= 31
	niter= 405
	solver time=0.07698512077331543,exit status=0
	RGN solver time= 0.0770266056060791
	xnorm=5.829551904925707,dnorm=0.012296447601315512
	dense amplitude time= 0.014110326766967773
	total non-zero amplitudes= 4900
	nsamples per process= 50
	sample time= 0.38019704818725586
	self.n= 0.40564179006284207
	RGN updated loss=-14.003557186390037,dloss=-3.1087670215868e-07
step= 462

nparam= 1004
	dense amplitude time= 0.01665353775024414
	total non-zero amplitudes= 4900
	nsamples per process= 50
	sample time= 1.598120927810669
	self.n= 0.4056417900628416
	collect g,h time= 2.8677785396575928
E=-14.003557186390035,dE=-3.108767003823232e-07,std=0
L=-14.003557186390035,dL=-3.108767003823232e-07,std=0
	gnorm= 2.311106829148334e-05
	symmetric= True
	solver time=0.003623485565185547,exit status=0
	SR solver time= 0.003662109375
	symmetric= False
	niter= 30
	niter= 405
	solver time=0.08122920989990234,exit status=0
	RGN solver time= 0.08126401901245117
	xnorm=5.833046934968189,dnorm=0.012212884889692905
	dense amplitude time= 0.014275550842285156
	total non-zero amplitudes= 4900
	nsamples per process= 50
	sample time= 0.37206268310546875
	self.n= 0.40532783923796745
	RGN updated loss=-14.003557493371032,dloss=-3.0698099706683024e-07
step= 463

nparam= 1004
	dense amplitude time= 0.016635656356811523
	total non-zero amplitudes= 4900
	nsamples per process= 50
	sample time= 1.6488525867462158
	self.n= 0.40532783923796756
	collect g,h time= 2.8872592449188232
E=-14.00355749337103,dE=-3.069809952904734e-07,std=0
L=-14.00355749337103,dL=-3.069809952904734e-07,std=0
	gnorm= 2.2536092847022126e-05
	symmetric= True
	solver time=0.0033235549926757812,exit status=0
	SR solver time= 0.003361225128173828
	symmetric= False
	niter= 29
	niter= 405
	solver time=0.07667279243469238,exit status=0
	RGN solver time= 0.07671093940734863
	xnorm=5.836533574216979,dnorm=0.01212767553244795
	dense amplitude time= 0.014134883880615234
	total non-zero amplitudes= 4900
	nsamples per process= 50
	sample time= 0.3693110942840576
	self.n= 0.40501793313207035
	RGN updated loss=-14.003557795965223,dloss=-3.025941932577325e-07
step= 464

nparam= 1004
	dense amplitude time= 0.01400446891784668
	total non-zero amplitudes= 4900
	nsamples per process= 50
	sample time= 1.596121072769165
	self.n= 0.40501793313207035
	collect g,h time= 2.913665533065796
E=-14.003557795965222,dE=-3.025941914813757e-07,std=0
L=-14.003557795965222,dL=-3.025941914813757e-07,std=0
	gnorm= 2.2331424267739356e-05
	symmetric= True
	solver time=0.0033080577850341797,exit status=0
	SR solver time= 0.0033452510833740234
	symmetric= False
	niter= 29
	niter= 405
	solver time=0.07783389091491699,exit status=0
	RGN solver time= 0.07787489891052246
	xnorm=5.840009627258335,dnorm=0.012043788017353169
	dense amplitude time= 0.01418614387512207
	total non-zero amplitudes= 4900
	nsamples per process= 50
	sample time= 0.37987327575683594
	self.n= 0.4047126450565339
	RGN updated loss=-14.003558094211542,dloss=-2.982463200851271e-07
step= 465

nparam= 1004
	dense amplitude time= 0.02507495880126953
	total non-zero amplitudes= 4900
	nsamples per process= 50
	sample time= 1.5951945781707764
	self.n= 0.40471264505653404
	collect g,h time= 2.8625190258026123
E=-14.003558094211543,dE=-2.982463218614839e-07,std=0
L=-14.003558094211543,dL=-2.982463218614839e-07,std=0
	gnorm= 2.2096922131537788e-05
	symmetric= True
	solver time=0.0035452842712402344,exit status=0
	SR solver time= 0.003581523895263672
	symmetric= False
	niter= 29
	niter= 405
	solver time=0.08041954040527344,exit status=0
	RGN solver time= 0.08045792579650879
	xnorm=5.843475842735139,dnorm=0.011959586619376072
	dense amplitude time= 0.014394044876098633
	total non-zero amplitudes= 4900
	nsamples per process= 50
	sample time= 0.36998414993286133
	self.n= 0.40441167494680047
	RGN updated loss=-14.003558388346208,dloss=-2.9413466506866826e-07
step= 466

nparam= 1004
	dense amplitude time= 0.016604185104370117
	total non-zero amplitudes= 4900
	nsamples per process= 50
	sample time= 1.6407289505004883
	self.n= 0.40441167494680047
	collect g,h time= 2.883153200149536
E=-14.003558388346208,dE=-2.9413466506866826e-07,std=0
L=-14.003558388346208,dL=-2.9413466506866826e-07,std=0
	gnorm= 2.191098985578828e-05
	symmetric= True
	solver time=0.0033578872680664062,exit status=0
	SR solver time= 0.003394603729248047
	symmetric= False
	niter= 29
	niter= 405
	solver time=0.0767674446105957,exit status=0
	RGN solver time= 0.07680654525756836
	xnorm=5.846932581555104,dnorm=0.011875857450843153
	dense amplitude time= 0.014221906661987305
	total non-zero amplitudes= 4900
	nsamples per process= 50
	sample time= 0.36723875999450684
	self.n= 0.4041150144895154
	RGN updated loss=-14.00355867831248,dloss=-2.8996627143840215e-07
step= 467

nparam= 1004
	dense amplitude time= 0.015546798706054688
	total non-zero amplitudes= 4900
	nsamples per process= 50
	sample time= 1.5870904922485352
	self.n= 0.40411501448951526
	collect g,h time= 2.9006032943725586
E=-14.003558678312482,dE=-2.89966273214759e-07,std=0
L=-14.003558678312482,dL=-2.89966273214759e-07,std=0
	gnorm= 2.1694538483881155e-05
	symmetric= True
	solver time=0.0033905506134033203,exit status=0
	SR solver time= 0.0034332275390625
	symmetric= False
	niter= 29
	niter= 405
	solver time=0.0784904956817627,exit status=0
	RGN solver time= 0.07852792739868164
	xnorm=5.850379396818349,dnorm=0.011792142560463799
	dense amplitude time= 0.014249324798583984
	total non-zero amplitudes= 4900
	nsamples per process= 50
	sample time= 0.37238264083862305
	self.n= 0.40382245465588074
	RGN updated loss=-14.003558964106594,dloss=-2.857941119316365e-07
step= 468

nparam= 1004
	dense amplitude time= 0.015838146209716797
	total non-zero amplitudes= 4900
	nsamples per process= 50
	sample time= 1.5982189178466797
	self.n= 0.4038224546558804
	collect g,h time= 2.85963773727417
E=-14.003558964106594,dE=-2.857941119316365e-07,std=0
L=-14.003558964106594,dL=-2.857941119316365e-07,std=0
	gnorm= 2.1450100372901484e-05
	symmetric= True
	solver time=0.0033774375915527344,exit status=0
	SR solver time= 0.0034155845642089844
	symmetric= False
	niter= 29
	niter= 405
	solver time=0.07820892333984375,exit status=0
	RGN solver time= 0.07824921607971191
	xnorm=5.853816091332971,dnorm=0.011708631712408086
	dense amplitude time= 0.01419210433959961
	total non-zero amplitudes= 4900
	nsamples per process= 50
	sample time= 0.38869237899780273
	self.n= 0.40353392090862406
	RGN updated loss=-14.003559245847585,dloss=-2.817409914257496e-07
step= 469

nparam= 1004
	dense amplitude time= 0.01523447036743164
	total non-zero amplitudes= 4900
	nsamples per process= 50
	sample time= 1.6614980697631836
	self.n= 0.40353392090862317
	collect g,h time= 2.887009859085083
E=-14.003559245847585,dE=-2.817409914257496e-07,std=0
L=-14.003559245847585,dL=-2.817409914257496e-07,std=0
	gnorm= 2.1252707283522253e-05
	symmetric= True
	solver time=0.0034477710723876953,exit status=0
	SR solver time= 0.003486156463623047
	symmetric= False
	niter= 29
	niter= 405
	solver time=0.07607126235961914,exit status=0
	RGN solver time= 0.0761101245880127
	xnorm=5.857242629940662,dnorm=0.011625466297522742
	dense amplitude time= 0.015737295150756836
	total non-zero amplitudes= 4900
	nsamples per process= 50
	sample time= 0.3694033622741699
	self.n= 0.4032490745927053
	RGN updated loss=-14.00355952354765,dloss=-2.7770006560956517e-07
step= 470

nparam= 1004
	dense amplitude time= 0.013962030410766602
	total non-zero amplitudes= 4900
	nsamples per process= 50
	sample time= 1.5871093273162842
	self.n= 0.4032490745927053
	collect g,h time= 2.892573595046997
E=-14.003559523547647,dE=-2.777000620568515e-07,std=0
L=-14.003559523547647,dL=-2.777000620568515e-07,std=0
	gnorm= 2.102849393077473e-05
	symmetric= True
	solver time=0.003531932830810547,exit status=0
	SR solver time= 0.003566265106201172
	symmetric= False
	niter= 29
	niter= 405
	solver time=0.08162975311279297,exit status=0
	RGN solver time= 0.08166861534118652
	xnorm=5.860658771049578,dnorm=0.011542330237824347
	dense amplitude time= 0.015956878662109375
	total non-zero amplitudes= 4900
	nsamples per process= 50
	sample time= 0.3851921558380127
	self.n= 0.4029678500288765
	RGN updated loss=-14.003559797087048,dloss=-2.735394009079073e-07
step= 471

nparam= 1004
	dense amplitude time= 0.04139900207519531
	total non-zero amplitudes= 4900
	nsamples per process= 50
	sample time= 1.604966163635254
	self.n= 0.40296785002887614
	collect g,h time= 2.858266830444336
E=-14.003559797087048,dE=-2.735394009079073e-07,std=0
L=-14.003559797087048,dL=-2.735394009079073e-07,std=0
	gnorm= 2.0921140705478876e-05
	symmetric= True
	solver time=0.0033326148986816406,exit status=0
	SR solver time= 0.003368854522705078
	symmetric= False
	niter= 29
	niter= 405
	solver time=0.07604146003723145,exit status=0
	RGN solver time= 0.07608461380004883
	xnorm=5.864064179084522,dnorm=0.011460221741075966
	dense amplitude time= 0.014144420623779297
	total non-zero amplitudes= 4900
	nsamples per process= 50
	sample time= 0.37696218490600586
	self.n= 0.4026907115992099
	RGN updated loss=-14.003560066870364,dloss=-2.6978331568727754e-07
step= 472

nparam= 1004
	dense amplitude time= 0.016913652420043945
	total non-zero amplitudes= 4900
	nsamples per process= 50
	sample time= 1.665712833404541
	self.n= 0.4026907115992098
	collect g,h time= 2.892791271209717
E=-14.003560066870362,dE=-2.697833139109207e-07,std=0
L=-14.003560066870362,dL=-2.697833139109207e-07,std=0
	gnorm= 2.057008225236012e-05
	symmetric= True
	solver time=0.0033295154571533203,exit status=0
	SR solver time= 0.003373384475708008
	symmetric= False
	niter= 29
	niter= 405
	solver time=0.07659578323364258,exit status=0
	RGN solver time= 0.07663536071777344
	xnorm=5.86745887088995,dnorm=0.011378346375784882
	dense amplitude time= 0.014169454574584961
	total non-zero amplitudes= 4900
	nsamples per process= 50
	sample time= 0.3720743656158447
	self.n= 0.40241650409801133
	RGN updated loss=-14.003560332743941,dloss=-2.6587357915275334e-07
step= 473

nparam= 1004
	dense amplitude time= 0.02627086639404297
	total non-zero amplitudes= 4900
	nsamples per process= 50
	sample time= 1.5865507125854492
	self.n= 0.4024165040980111
	collect g,h time= 2.856924533843994
E=-14.003560332743941,dE=-2.6587357915275334e-07,std=0
L=-14.003560332743941,dL=-2.6587357915275334e-07,std=0
	gnorm= 2.0340613692187588e-05
	symmetric= True
	solver time=0.003366708755493164,exit status=0
	SR solver time= 0.003404378890991211
	symmetric= False
	niter= 29
	niter= 405
	solver time=0.07620739936828613,exit status=0
	RGN solver time= 0.07624602317810059
	xnorm=5.870843349093809,dnorm=0.011296465518645722
	dense amplitude time= 0.014292478561401367
	total non-zero amplitudes= 4900
	nsamples per process= 50
	sample time= 0.3876333236694336
	self.n= 0.4021454911929605
	RGN updated loss=-14.003560594760948,dloss=-2.6201700720207555e-07
step= 474

nparam= 1004
	dense amplitude time= 0.019703149795532227
	total non-zero amplitudes= 4900
	nsamples per process= 50
	sample time= 1.6234276294708252
	self.n= 0.4021454911929604
	collect g,h time= 2.874025344848633
E=-14.003560594760948,dE=-2.6201700720207555e-07,std=0
L=-14.003560594760948,dL=-2.6201700720207555e-07,std=0
	gnorm= 2.0107354460190924e-05
	symmetric= True
	solver time=0.003358602523803711,exit status=0
	SR solver time= 0.0033969879150390625
	symmetric= False
	niter= 29
	niter= 405
	solver time=0.07680368423461914,exit status=0
	RGN solver time= 0.0768425464630127
	xnorm=5.874216841098042,dnorm=0.011215079591137983
	dense amplitude time= 0.014223337173461914
	total non-zero amplitudes= 4900
	nsamples per process= 50
	sample time= 0.3755507469177246
	self.n= 0.401877561130817
	RGN updated loss=-14.003560852991496,dloss=-2.582305480558489e-07
step= 475

nparam= 1004
	dense amplitude time= 0.024965286254882812
	total non-zero amplitudes= 4900
	nsamples per process= 50
	sample time= 1.592439889907837
	self.n= 0.40187756113081674
	collect g,h time= 2.873964309692383
E=-14.003560852991496,dE=-2.582305480558489e-07,std=0
L=-14.003560852991496,dL=-2.582305480558489e-07,std=0
	gnorm= 1.9877172805335006e-05
	symmetric= True
	solver time=0.0035486221313476562,exit status=0
	SR solver time= 0.0035872459411621094
	symmetric= False
	niter= 29
	niter= 405
	solver time=0.07939672470092773,exit status=0
	RGN solver time= 0.07944488525390625
	xnorm=5.877579187096794,dnorm=0.011133985661954084
	dense amplitude time= 0.014074325561523438
	total non-zero amplitudes= 4900
	nsamples per process= 50
	sample time= 0.3808720111846924
	self.n= 0.4016125689730577
	RGN updated loss=-14.003561107445536,dloss=-2.5445404006063654e-07
step= 476

nparam= 1004
	dense amplitude time= 0.01657700538635254
	total non-zero amplitudes= 4900
	nsamples per process= 50
	sample time= 1.6159186363220215
	self.n= 0.4016125689730575
	collect g,h time= 2.868274688720703
E=-14.003561107445536,dE=-2.5445404006063654e-07,std=0
L=-14.003561107445536,dL=-2.5445404006063654e-07,std=0
	gnorm= 1.963606639712688e-05
	symmetric= True
	solver time=0.003442049026489258,exit status=0
	SR solver time= 0.0034825801849365234
	symmetric= False
	niter= 29
	niter= 405
	solver time=0.07927250862121582,exit status=0
	RGN solver time= 0.07930707931518555
	xnorm=5.880930157736122,dnorm=0.01105334335199593
	dense amplitude time= 0.014298677444458008
	total non-zero amplitudes= 4900
	nsamples per process= 50
	sample time= 0.37288594245910645
	self.n= 0.40135047198009494
	RGN updated loss=-14.003561358489542,dloss=-2.510440051395335e-07
step= 477

nparam= 1004
	dense amplitude time= 0.015883445739746094
	total non-zero amplitudes= 4900
	nsamples per process= 50
	sample time= 1.609987735748291
	self.n= 0.40135047198009466
	collect g,h time= 2.8687736988067627
E=-14.003561358489542,dE=-2.510440051395335e-07,std=0
L=-14.003561358489542,dL=-2.510440051395335e-07,std=0
	gnorm= 1.9991590561625205e-05
	symmetric= True
	solver time=0.0035016536712646484,exit status=0
	SR solver time= 0.003541707992553711
	symmetric= False
	niter= 30
	niter= 405
	solver time=0.07758927345275879,exit status=0
	RGN solver time= 0.07762408256530762
	xnorm=5.884269668928713,dnorm=0.010971467411639287
	dense amplitude time= 0.01399540901184082
	total non-zero amplitudes= 4900
	nsamples per process= 50
	sample time= 0.3655729293823242
	self.n= 0.40108720686128496
	RGN updated loss=-14.003561605017849,dloss=-2.4652830710181206e-07
step= 478

nparam= 1004
	dense amplitude time= 0.025804996490478516
	total non-zero amplitudes= 4900
	nsamples per process= 50
	sample time= 1.6014838218688965
	self.n= 0.4010872068612845
	collect g,h time= 2.8755991458892822
E=-14.003561605017849,dE=-2.4652830710181206e-07,std=0
L=-14.003561605017849,dL=-2.4652830710181206e-07,std=0
	gnorm= 1.946237406910674e-05
	symmetric= True
	solver time=0.003597736358642578,exit status=0
	SR solver time= 0.0036330223083496094
	symmetric= False
	niter= 31
	niter= 405
	solver time=0.07852840423583984,exit status=0
	RGN solver time= 0.0785682201385498
	xnorm=5.887600005342362,dnorm=0.010893379833186294
	dense amplitude time= 0.014229774475097656
	total non-zero amplitudes= 4900
	nsamples per process= 50
	sample time= 0.3792901039123535
	self.n= 0.40083321956428813
	RGN updated loss=-14.003561848906564,dloss=-2.4388871544545054e-07
step= 479

nparam= 1004
	dense amplitude time= 0.02431035041809082
	total non-zero amplitudes= 4900
	nsamples per process= 50
	sample time= 1.6186227798461914
	self.n= 0.4008332195642882
	collect g,h time= 2.863208293914795
E=-14.003561848906564,dE=-2.4388871544545054e-07,std=0
L=-14.003561848906564,dL=-2.4388871544545054e-07,std=0
	gnorm= 1.9452239950272748e-05
	symmetric= True
	solver time=0.0035686492919921875,exit status=0
	SR solver time= 0.0036058425903320312
	symmetric= False
	niter= 30
	niter= 405
	solver time=0.07641935348510742,exit status=0
	RGN solver time= 0.07645249366760254
	xnorm=5.890917499020035,dnorm=0.01081194551495776
	dense amplitude time= 0.014396190643310547
	total non-zero amplitudes= 4900
	nsamples per process= 50
	sample time= 0.37203073501586914
	self.n= 0.4005757721806218
	RGN updated loss=-14.003562088298594,dloss=-2.393920297549812e-07
step= 480

nparam= 1004
	dense amplitude time= 0.014501571655273438
	total non-zero amplitudes= 4900
	nsamples per process= 50
	sample time= 1.5884428024291992
	self.n= 0.40057577218062135
	collect g,h time= 2.864450216293335
E=-14.003562088298596,dE=-2.3939203153133803e-07,std=0
L=-14.003562088298596,dL=-2.3939203153133803e-07,std=0
	gnorm= 1.9026054158296155e-05
	symmetric= True
	solver time=0.003460407257080078,exit status=0
	SR solver time= 0.0034973621368408203
	symmetric= False
	niter= 31
	niter= 405
	solver time=0.0765831470489502,exit status=0
	RGN solver time= 0.07662057876586914
	xnorm=5.894224449128129,dnorm=0.010736385028434705
	dense amplitude time= 0.014254331588745117
	total non-zero amplitudes= 4900
	nsamples per process= 50
	sample time= 0.36695170402526855
	self.n= 0.4003272284789039
	RGN updated loss=-14.003562325102461,dloss=-2.3680386540547715e-07
step= 481

nparam= 1004
	dense amplitude time= 0.040891170501708984
	total non-zero amplitudes= 4900
	nsamples per process= 50
	sample time= 1.5899744033813477
	self.n= 0.40032722847890345
	collect g,h time= 2.8740086555480957
E=-14.003562325102456,dE=-2.3680386007640664e-07,std=0
L=-14.003562325102456,dL=-2.3680386007640664e-07,std=0
	gnorm= 1.901012303302568e-05
	symmetric= True
	solver time=0.0036389827728271484,exit status=0
	SR solver time= 0.003676176071166992
	symmetric= False
	niter= 31
	niter= 405
	solver time=0.07659316062927246,exit status=0
	RGN solver time= 0.07662820816040039
	xnorm=5.897518233329139,dnorm=0.01065564037948279
	dense amplitude time= 0.01637864112854004
	total non-zero amplitudes= 4900
	nsamples per process= 50
	sample time= 0.37180638313293457
	self.n= 0.4000746659872392
	RGN updated loss=-14.003562557970197,dloss=-2.3286774109010366e-07
step= 482

nparam= 1004
	dense amplitude time= 0.024890661239624023
	total non-zero amplitudes= 4900
	nsamples per process= 50
	sample time= 1.594264268875122
	self.n= 0.4000746659872394
	collect g,h time= 2.878119468688965
E=-14.003562557970202,dE=-2.3286774641917418e-07,std=0
L=-14.003562557970202,dL=-2.3286774641917418e-07,std=0
	gnorm= 1.8232979284801353e-05
	symmetric= True
	solver time=0.003357410430908203,exit status=0
	SR solver time= 0.0033931732177734375
	symmetric= False
	niter= 29
	niter= 405
	solver time=0.07720303535461426,exit status=0
	RGN solver time= 0.0772404670715332
	xnorm=5.9008013847793155,dnorm=0.01057710948047528
	dense amplitude time= 0.015950679779052734
	total non-zero amplitudes= 4900
	nsamples per process= 50
	sample time= 0.3682703971862793
	self.n= 0.3998267494974645
	RGN updated loss=-14.003562787095053,dloss=-2.2912485064807697e-07
step= 483

nparam= 1004
	dense amplitude time= 0.02486729621887207
	total non-zero amplitudes= 4900
	nsamples per process= 50
	sample time= 1.5999863147735596
	self.n= 0.3998267494974641
	collect g,h time= 2.8730010986328125
E=-14.003562787095053,dE=-2.2912485064807697e-07,std=0
L=-14.003562787095053,dL=-2.2912485064807697e-07,std=0
	gnorm= 1.838392429495344e-05
	symmetric= True
	solver time=0.003628969192504883,exit status=0
	SR solver time= 0.0036687850952148438
	symmetric= False
	niter= 31
	niter= 405
	solver time=0.0805211067199707,exit status=0
	RGN solver time= 0.08055686950683594
	xnorm=5.904073956145024,dnorm=0.010506070478205098
	dense amplitude time= 0.014109373092651367
	total non-zero amplitudes= 4900
	nsamples per process= 50
	sample time= 0.3814718723297119
	self.n= 0.399585773992374
	RGN updated loss=-14.003563013724618,dloss=-2.266295648922778e-07
step= 484

nparam= 1004
	dense amplitude time= 0.023345232009887695
	total non-zero amplitudes= 4900
	nsamples per process= 50
	sample time= 1.6164920330047607
	self.n= 0.39958577399237327
	collect g,h time= 2.8731689453125
E=-14.003563013724616,dE=-2.2662956311592097e-07,std=0
L=-14.003563013724616,dL=-2.2662956311592097e-07,std=0
	gnorm= 1.8351230790835852e-05
	symmetric= True
	solver time=0.0036072731018066406,exit status=0
	SR solver time= 0.0036449432373046875
	symmetric= False
	niter= 30
	niter= 405
	solver time=0.07894206047058105,exit status=0
	RGN solver time= 0.07897830009460449
	xnorm=5.90733177811337,dnorm=0.010425939263195034
	dense amplitude time= 0.015374183654785156
	total non-zero amplitudes= 4900
	nsamples per process= 50
	sample time= 0.37290167808532715
	self.n= 0.39933995216503826
	RGN updated loss=-14.003563236536245,dloss=-2.2281162870285698e-07
step= 485

nparam= 1004
	dense amplitude time= 0.02295374870300293
	total non-zero amplitudes= 4900
	nsamples per process= 50
	sample time= 1.5918209552764893
	self.n= 0.399339952165038
	collect g,h time= 2.8673555850982666
E=-14.003563236536245,dE=-2.2281162870285698e-07,std=0
L=-14.003563236536245,dL=-2.2281162870285698e-07,std=0
	gnorm= 1.7497956123863834e-05
	symmetric= True
	solver time=0.0033338069915771484,exit status=0
	SR solver time= 0.0033676624298095703
	symmetric= False
	niter= 29
	niter= 405
	solver time=0.07622385025024414,exit status=0
	RGN solver time= 0.07626056671142578
	xnorm=5.910578628677227,dnorm=0.010350021968724421
	dense amplitude time= 0.015897750854492188
	total non-zero amplitudes= 4900
	nsamples per process= 50
	sample time= 0.37578630447387695
	self.n= 0.39909864409511664
	RGN updated loss=-14.003563456211435,dloss=-2.196751900385152e-07
step= 486

nparam= 1004
	dense amplitude time= 0.013898134231567383
	total non-zero amplitudes= 4900
	nsamples per process= 50
	sample time= 1.5975241661071777
	self.n= 0.399098644095116
	collect g,h time= 2.8748011589050293
E=-14.003563456211438,dE=-2.196751935912289e-07,std=0
L=-14.003563456211438,dL=-2.196751935912289e-07,std=0
	gnorm= 1.729391930404144e-05
	symmetric= True
	solver time=0.003419637680053711,exit status=0
	SR solver time= 0.00345611572265625
	symmetric= False
	niter= 29
	niter= 405
	solver time=0.07608270645141602,exit status=0
	RGN solver time= 0.07612299919128418
	xnorm=5.913814097481347,dnorm=0.010275689878087699
	dense amplitude time= 0.016003131866455078
	total non-zero amplitudes= 4900
	nsamples per process= 50
	sample time= 0.37702488899230957
	self.n= 0.3988599232688588
	RGN updated loss=-14.003563672738865,dloss=-2.1652742709932227e-07
step= 487

nparam= 1004
	dense amplitude time= 0.020971298217773438
	total non-zero amplitudes= 4900
	nsamples per process= 50
	sample time= 1.5969083309173584
	self.n= 0.39885992326885855
	collect g,h time= 2.8781495094299316
E=-14.003563672738869,dE=-2.1652743065203595e-07,std=0
L=-14.003563672738869,dL=-2.1652743065203595e-07,std=0
	gnorm= 1.7072114748787964e-05
	symmetric= True
	solver time=0.0032851696014404297,exit status=0
	SR solver time= 0.003320932388305664
	symmetric= False
	niter= 29
	niter= 405
	solver time=0.07617020606994629,exit status=0
	RGN solver time= 0.07620453834533691
	xnorm=5.91703813167932,dnorm=0.010201867074447129
	dense amplitude time= 0.014137744903564453
	total non-zero amplitudes= 4900
	nsamples per process= 50
	sample time= 0.36975932121276855
	self.n= 0.39862325635516355
	RGN updated loss=-14.003563886163136,dloss=-2.1342426670400982e-07
step= 488

nparam= 1004
	dense amplitude time= 0.014046430587768555
	total non-zero amplitudes= 4900
	nsamples per process= 50
	sample time= 1.5894443988800049
	self.n= 0.3986232563551634
	collect g,h time= 2.8848717212677
E=-14.003563886163134,dE=-2.1342426492765298e-07,std=0
L=-14.003563886163134,dL=-2.1342426492765298e-07,std=0
	gnorm= 1.685227983591731e-05
	symmetric= True
	solver time=0.003247976303100586,exit status=0
	SR solver time= 0.0032851696014404297
	symmetric= False
	niter= 29
	niter= 405
	solver time=0.07599806785583496,exit status=0
	RGN solver time= 0.0760354995727539
	xnorm=5.920249926490868,dnorm=0.010128909224012314
	dense amplitude time= 0.014345645904541016
	total non-zero amplitudes= 4900
	nsamples per process= 50
	sample time= 0.3770935535430908
	self.n= 0.398388479586233
	RGN updated loss=-14.003564096537621,dloss=-2.103744876080782e-07
step= 489

nparam= 1004
	dense amplitude time= 0.02610611915588379
	total non-zero amplitudes= 4900
	nsamples per process= 50
	sample time= 1.5964436531066895
	self.n= 0.39838847958623297
	collect g,h time= 2.8807027339935303
E=-14.003564096537621,dE=-2.103744876080782e-07,std=0
L=-14.003564096537621,dL=-2.103744876080782e-07,std=0
	gnorm= 1.6636129472851255e-05
	symmetric= True
	solver time=0.003266572952270508,exit status=0
	SR solver time= 0.0033011436462402344
	symmetric= False
	niter= 29
	niter= 405
	solver time=0.07621598243713379,exit status=0
	RGN solver time= 0.07625436782836914
	xnorm=5.923449357647595,dnorm=0.010056696690918793
	dense amplitude time= 0.01435708999633789
	total non-zero amplitudes= 4900
	nsamples per process= 50
	sample time= 0.3703279495239258
	self.n= 0.3981555007794006
	RGN updated loss=-14.003564303914382,dloss=-2.0737676109661152e-07
step= 490

nparam= 1004
	dense amplitude time= 0.01539301872253418
	total non-zero amplitudes= 4900
	nsamples per process= 50
	sample time= 1.5955173969268799
	self.n= 0.3981555007794005
	collect g,h time= 2.873506784439087
E=-14.003564303914382,dE=-2.0737676109661152e-07,std=0
L=-14.003564303914382,dL=-2.0737676109661152e-07,std=0
	gnorm= 1.642302252626046e-05
	symmetric= True
	solver time=0.003242969512939453,exit status=0
	SR solver time= 0.0032777786254882812
	symmetric= False
	niter= 29
	niter= 407
	solver time=0.07684969902038574,exit status=0
	RGN solver time= 0.07688450813293457
	xnorm=5.92663637100451,dnorm=0.009985153549309098
	dense amplitude time= 0.014115095138549805
	total non-zero amplitudes= 4900
	nsamples per process= 50
	sample time= 0.3731706142425537
	self.n= 0.39792425953005073
	RGN updated loss=-14.003564508344155,dloss=-2.0442977266554863e-07
step= 491

nparam= 1004
	dense amplitude time= 0.03701639175415039
	total non-zero amplitudes= 4900
	nsamples per process= 50
	sample time= 1.6614258289337158
	self.n= 0.39792425953005034
	collect g,h time= 2.906985282897949
E=-14.003564508344155,dE=-2.0442977266554863e-07,std=0
L=-14.003564508344155,dL=-2.0442977266554863e-07,std=0
	gnorm= 1.621295297557954e-05
	symmetric= True
	solver time=0.003263235092163086,exit status=0
	SR solver time= 0.0033049583435058594
	symmetric= False
	niter= 29
	niter= 407
	solver time=0.07664608955383301,exit status=0
	RGN solver time= 0.07667970657348633
	xnorm=5.92981088705945,dnorm=0.00991422163681628
	dense amplitude time= 0.01415562629699707
	total non-zero amplitudes= 4900
	nsamples per process= 50
	sample time= 0.3788268566131592
	self.n= 0.39769471049053595
	RGN updated loss=-14.003564709984285,dloss=-2.0164013037060613e-07
step= 492

nparam= 1004
	dense amplitude time= 0.014984130859375
	total non-zero amplitudes= 4900
	nsamples per process= 50
	sample time= 1.6006231307983398
	self.n= 0.3976947104905355
	collect g,h time= 2.8742926120758057
E=-14.003564709984285,dE=-2.0164013037060613e-07,std=0
L=-14.003564709984285,dL=-2.0164013037060613e-07,std=0
	gnorm= 1.602510554913421e-05
	symmetric= True
	solver time=0.003478527069091797,exit status=0
	SR solver time= 0.0035152435302734375
	symmetric= False
	niter= 29
	niter= 407
	solver time=0.07915568351745605,exit status=0
	RGN solver time= 0.07918882369995117
	xnorm=5.932972825666605,dnorm=0.009844366242476536
	dense amplitude time= 0.014488458633422852
	total non-zero amplitudes= 4900
	nsamples per process= 50
	sample time= 0.38553333282470703
	self.n= 0.3974669132844585
	RGN updated loss=-14.003564908680783,dloss=-1.9869649747761287e-07
step= 493

nparam= 1004
	dense amplitude time= 0.017052173614501953
	total non-zero amplitudes= 4900
	nsamples per process= 50
	sample time= 1.6348950862884521
	self.n= 0.39746691328445805
	collect g,h time= 2.8803470134735107
E=-14.003564908680781,dE=-1.9869649570125603e-07,std=0
L=-14.003564908680781,dL=-1.9869649570125603e-07,std=0
	gnorm= 1.5801484441177237e-05
	symmetric= True
	solver time=0.00330352783203125,exit status=0
	SR solver time= 0.0033397674560546875
	symmetric= False
	niter= 29
	niter= 409
	solver time=0.0768427848815918,exit status=0
	RGN solver time= 0.07688140869140625
	xnorm=5.936121759380141,dnorm=0.009774981831373914
	dense amplitude time= 0.014131307601928711
	total non-zero amplitudes= 4900
	nsamples per process= 50
	sample time= 0.37319231033325195
	self.n= 0.3972406584014304
	RGN updated loss=-14.003565104581781,dloss=-1.959010003105277e-07
step= 494

nparam= 1004
	dense amplitude time= 0.020917654037475586
	total non-zero amplitudes= 4900
	nsamples per process= 50
	sample time= 1.606921911239624
	self.n= 0.3972406584014304
	collect g,h time= 2.8824148178100586
E=-14.00356510458178,dE=-1.9590099853417087e-07,std=0
L=-14.00356510458178,dL=-1.9590099853417087e-07,std=0
	gnorm= 1.5602425678643746e-05
	symmetric= True
	solver time=0.003345489501953125,exit status=0
	SR solver time= 0.0033817291259765625
	symmetric= False
	niter= 29
	niter= 407
	solver time=0.07920265197753906,exit status=0
	RGN solver time= 0.0792379379272461
	xnorm=5.939258082900342,dnorm=0.009706446778053816
	dense amplitude time= 0.014144659042358398
	total non-zero amplitudes= 4900
	nsamples per process= 50
	sample time= 0.38341283798217773
	self.n= 0.39701595933893796
	RGN updated loss=-14.00356529774087,dloss=-1.9315909050021673e-07
step= 495

nparam= 1004
	dense amplitude time= 0.01635122299194336
	total non-zero amplitudes= 4900
	nsamples per process= 50
	sample time= 1.6306357383728027
	self.n= 0.3970159593389377
	collect g,h time= 2.879671335220337
E=-14.003565297740868,dE=-1.931590887238599e-07,std=0
L=-14.003565297740868,dL=-1.931590887238599e-07,std=0
	gnorm= 1.5406240572958623e-05
	symmetric= True
	solver time=0.0036759376525878906,exit status=0
	SR solver time= 0.003712892532348633
	symmetric= False
	niter= 29
	niter= 408
	solver time=0.08299708366394043,exit status=0
	RGN solver time= 0.08304643630981445
	xnorm=5.942381852432721,dnorm=0.009638489050292779
	dense amplitude time= 0.014750480651855469
	total non-zero amplitudes= 4900
	nsamples per process= 50
	sample time= 0.37755417823791504
	self.n= 0.39679280812088574
	RGN updated loss=-14.003565488204337,dloss=-1.9046346899642685e-07
step= 496

nparam= 1004
	dense amplitude time= 0.020339012145996094
	total non-zero amplitudes= 4900
	nsamples per process= 50
	sample time= 1.6392955780029297
	self.n= 0.39679280812088497
	collect g,h time= 2.8889734745025635
E=-14.003565488204334,dE=-1.9046346544371318e-07,std=0
L=-14.003565488204334,dL=-1.9046346544371318e-07,std=0
	gnorm= 1.521338880446568e-05
	symmetric= True
	solver time=0.0033195018768310547,exit status=0
	SR solver time= 0.0033578872680664062
	symmetric= False
	niter= 28
	niter= 415
	solver time=0.08144307136535645,exit status=0
	RGN solver time= 0.0814828872680664
	xnorm=5.94549297156853,dnorm=0.009571396026145856
	dense amplitude time= 0.01440119743347168
	total non-zero amplitudes= 4900
	nsamples per process= 50
	sample time= 0.3750321865081787
	self.n= 0.3965711856260993
	RGN updated loss=-14.003565676023175,dloss=-1.8781884136842564e-07
step= 497

nparam= 1004
	dense amplitude time= 0.02334141731262207
	total non-zero amplitudes= 4900
	nsamples per process= 50
	sample time= 1.619257926940918
	self.n= 0.3965711856260995
	collect g,h time= 2.873568058013916
E=-14.003565676023175,dE=-1.8781884136842564e-07,std=0
L=-14.003565676023175,dL=-1.8781884136842564e-07,std=0
	gnorm= 1.5024318926903899e-05
	symmetric= True
	solver time=0.0032491683959960938,exit status=0
	SR solver time= 0.003286600112915039
	symmetric= False
	niter= 28
	niter= 408
	solver time=0.07927346229553223,exit status=0
	RGN solver time= 0.07932615280151367
	xnorm=5.948591470926493,dnorm=0.009504781589880112
	dense amplitude time= 0.014245271682739258
	total non-zero amplitudes= 4900
	nsamples per process= 50
	sample time= 0.3747575283050537
	self.n= 0.396351087215548
	RGN updated loss=-14.003565861240181,dloss=-1.8521700617668557e-07
step= 498

nparam= 1004
	dense amplitude time= 0.016752004623413086
	total non-zero amplitudes= 4900
	nsamples per process= 50
	sample time= 1.6110649108886719
	self.n= 0.39635108721554796
	collect g,h time= 2.8731319904327393
E=-14.003565861240181,dE=-1.8521700617668557e-07,std=0
L=-14.003565861240181,dL=-1.8521700617668557e-07,std=0
	gnorm= 1.4838668809554855e-05
	symmetric= True
	solver time=0.0032196044921875,exit status=0
	SR solver time= 0.003255128860473633
	symmetric= False
	niter= 28
	niter= 411
	solver time=0.07790875434875488,exit status=0
	RGN solver time= 0.07795214653015137
	xnorm=5.951677240807064,dnorm=0.009438849877386888
	dense amplitude time= 0.014019966125488281
	total non-zero amplitudes= 4900
	nsamples per process= 50
	sample time= 0.3766903877258301
	self.n= 0.39613249322742117
	RGN updated loss=-14.003566043901206,dloss=-1.8266102408404095e-07
step= 499

nparam= 1004
	dense amplitude time= 0.015397787094116211
	total non-zero amplitudes= 4900
	nsamples per process= 50
	sample time= 1.5955348014831543
	self.n= 0.39613249322742106
	collect g,h time= 2.8629140853881836
E=-14.003566043901209,dE=-1.8266102763675462e-07,std=0
L=-14.003566043901209,dL=-1.8266102763675462e-07,std=0
	gnorm= 1.4656775784257123e-05
	symmetric= True
	solver time=0.003339052200317383,exit status=0
	SR solver time= 0.003374338150024414
	symmetric= False
	niter= 28
	niter= 410
	solver time=0.08015966415405273,exit status=0
	RGN solver time= 0.0801999568939209
	xnorm=5.954750249328338,dnorm=0.009373699169462997
	dense amplitude time= 0.014548301696777344
	total non-zero amplitudes= 4900
	nsamples per process= 50
	sample time= 0.3813600540161133
	self.n= 0.3959153939033939
	RGN updated loss=-14.00356622405335,dloss=-1.8015214031663618e-07
